model_path,variant,image,question,ground_truth,prediction,Yes_logit,No_logit,correct
/data/shared/Qwen/mydisk/output/SYNTHETIC/NVILA-Lite-2B-SYNTHETIC_MIX_5PCT_2M-20260226_023301/checkpoint-6250,obj2_farther,output/phasevar_5/0000_phA00_phB00.png,Is the green sphere farther from the camera than the cyan cube? Answer with yes or no.,No,No,20.109375,21.609375,True
/data/shared/Qwen/mydisk/output/SYNTHETIC/NVILA-Lite-2B-SYNTHETIC_MIX_5PCT_2M-20260226_023301/checkpoint-6250,obj2_farther,output/phasevar_5/0000_phA00_phB01.png,Is the green sphere farther from the camera than the cyan cube? Answer with yes or no.,No,No,20.5625,21.28125,True
/data/shared/Qwen/mydisk/output/SYNTHETIC/NVILA-Lite-2B-SYNTHETIC_MIX_5PCT_2M-20260226_023301/checkpoint-6250,obj2_farther,output/phasevar_5/0000_phA00_phB02.png,Is the green sphere farther from the camera than the cyan cube? Answer with yes or no.,No,Yes,21.15625,21.125,False
/data/shared/Qwen/mydisk/output/SYNTHETIC/NVILA-Lite-2B-SYNTHETIC_MIX_5PCT_2M-20260226_023301/checkpoint-6250,obj2_farther,output/phasevar_5/0000_phA00_phB03.png,Is the green sphere farther from the camera than the cyan cube? Answer with yes or no.,No,No,19.890625,20.34375,True
/data/shared/Qwen/mydisk/output/SYNTHETIC/NVILA-Lite-2B-SYNTHETIC_MIX_5PCT_2M-20260226_023301/checkpoint-6250,obj2_farther,output/phasevar_5/0000_phA00_phB04.png,Is the green sphere farther from the camera than the cyan cube? Answer with yes or no.,No,No,19.8125,20.34375,True
/data/shared/Qwen/mydisk/output/SYNTHETIC/NVILA-Lite-2B-SYNTHETIC_MIX_5PCT_2M-20260226_023301/checkpoint-6250,obj2_farther,output/phasevar_5/0000_phA00_phB05.png,Is the green sphere farther from the camera than the cyan cube? Answer with yes or no.,No,No,20.203125,20.625,True
/data/shared/Qwen/mydisk/output/SYNTHETIC/NVILA-Lite-2B-SYNTHETIC_MIX_5PCT_2M-20260226_023301/checkpoint-6250,obj2_farther,output/phasevar_5/0000_phA00_phB06.png,Is the green sphere farther from the camera than the cyan cube? Answer with yes or no.,No,No,20.34375,20.671875,True
/data/shared/Qwen/mydisk/output/SYNTHETIC/NVILA-Lite-2B-SYNTHETIC_MIX_5PCT_2M-20260226_023301/checkpoint-6250,obj2_farther,output/phasevar_5/0000_phA00_phB07.png,Is the green sphere farther from the camera than the cyan cube? Answer with yes or no.,No,No,20.140625,21.046875,True
/data/shared/Qwen/mydisk/output/SYNTHETIC/NVILA-Lite-2B-SYNTHETIC_MIX_5PCT_2M-20260226_023301/checkpoint-6250,obj2_farther,output/phasevar_5/0000_phA00_phB08.png,Is the green sphere farther from the camera than the cyan cube? Answer with yes or no.,No,No,20.234375,21.640625,True
/data/shared/Qwen/mydisk/output/SYNTHETIC/NVILA-Lite-2B-SYNTHETIC_MIX_5PCT_2M-20260226_023301/checkpoint-6250,obj2_farther,output/phasevar_5/0000_phA00_phB09.png,Is the green sphere farther from the camera than the cyan cube? Answer with yes or no.,No,No,20.46875,22.1875,True
/data/shared/Qwen/mydisk/output/SYNTHETIC/NVILA-Lite-2B-SYNTHETIC_MIX_5PCT_2M-20260226_023301/checkpoint-6250,obj2_farther,output/phasevar_5/0000_phA00_phB10.png,Is the green sphere farther from the camera than the cyan cube? Answer with yes or no.,No,No,20.8125,22.625,True
/data/shared/Qwen/mydisk/output/SYNTHETIC/NVILA-Lite-2B-SYNTHETIC_MIX_5PCT_2M-20260226_023301/checkpoint-6250,obj2_farther,output/phasevar_5/0000_phA00_phB11.png,Is the green sphere farther from the camera than the cyan cube? Answer with yes or no.,No,No,20.0,22.03125,True
/data/shared/Qwen/mydisk/output/SYNTHETIC/NVILA-Lite-2B-SYNTHETIC_MIX_5PCT_2M-20260226_023301/checkpoint-6250,obj2_farther,output/phasevar_5/0000_phA00_phB12.png,Is the green sphere farther from the camera than the cyan cube? Answer with yes or no.,No,No,19.890625,21.921875,True
/data/shared/Qwen/mydisk/output/SYNTHETIC/NVILA-Lite-2B-SYNTHETIC_MIX_5PCT_2M-20260226_023301/checkpoint-6250,obj2_farther,output/phasevar_5/0000_phA00_phB13.png,Is the green sphere farther from the camera than the cyan cube? Answer with yes or no.,No,No,20.046875,22.296875,True
/data/shared/Qwen/mydisk/output/SYNTHETIC/NVILA-Lite-2B-SYNTHETIC_MIX_5PCT_2M-20260226_023301/checkpoint-6250,obj2_farther,output/phasevar_5/0000_phA00_phB14.png,Is the green sphere farther from the camera than the cyan cube? Answer with yes or no.,No,No,20.125,22.46875,True
/data/shared/Qwen/mydisk/output/SYNTHETIC/NVILA-Lite-2B-SYNTHETIC_MIX_5PCT_2M-20260226_023301/checkpoint-6250,obj2_farther,output/phasevar_5/0000_phA00_phB15.png,Is the green sphere farther from the camera than the cyan cube? Answer with yes or no.,No,No,20.234375,22.53125,True
/data/shared/Qwen/mydisk/output/SYNTHETIC/NVILA-Lite-2B-SYNTHETIC_MIX_5PCT_2M-20260226_023301/checkpoint-6250,obj2_farther,output/phasevar_5/0000_phA01_phB00.png,Is the green sphere farther from the camera than the cyan cube? Answer with yes or no.,No,No,20.25,22.140625,True
/data/shared/Qwen/mydisk/output/SYNTHETIC/NVILA-Lite-2B-SYNTHETIC_MIX_5PCT_2M-20260226_023301/checkpoint-6250,obj2_farther,output/phasevar_5/0000_phA01_phB01.png,Is the green sphere farther from the camera than the cyan cube? Answer with yes or no.,No,No,20.453125,21.390625,True
/data/shared/Qwen/mydisk/output/SYNTHETIC/NVILA-Lite-2B-SYNTHETIC_MIX_5PCT_2M-20260226_023301/checkpoint-6250,obj2_farther,output/phasevar_5/0000_phA01_phB02.png,Is the green sphere farther from the camera than the cyan cube? Answer with yes or no.,No,No,20.84375,21.0,True
/data/shared/Qwen/mydisk/output/SYNTHETIC/NVILA-Lite-2B-SYNTHETIC_MIX_5PCT_2M-20260226_023301/checkpoint-6250,obj2_farther,output/phasevar_5/0000_phA01_phB03.png,Is the green sphere farther from the camera than the cyan cube? Answer with yes or no.,No,No,19.875,20.484375,True
/data/shared/Qwen/mydisk/output/SYNTHETIC/NVILA-Lite-2B-SYNTHETIC_MIX_5PCT_2M-20260226_023301/checkpoint-6250,obj2_farther,output/phasevar_5/0000_phA01_phB04.png,Is the green sphere farther from the camera than the cyan cube? Answer with yes or no.,No,No,19.859375,20.75,True
/data/shared/Qwen/mydisk/output/SYNTHETIC/NVILA-Lite-2B-SYNTHETIC_MIX_5PCT_2M-20260226_023301/checkpoint-6250,obj2_farther,output/phasevar_5/0000_phA01_phB05.png,Is the green sphere farther from the camera than the cyan cube? Answer with yes or no.,No,No,20.125,21.015625,True
/data/shared/Qwen/mydisk/output/SYNTHETIC/NVILA-Lite-2B-SYNTHETIC_MIX_5PCT_2M-20260226_023301/checkpoint-6250,obj2_farther,output/phasevar_5/0000_phA01_phB06.png,Is the green sphere farther from the camera than the cyan cube? Answer with yes or no.,No,No,20.15625,20.890625,True
/data/shared/Qwen/mydisk/output/SYNTHETIC/NVILA-Lite-2B-SYNTHETIC_MIX_5PCT_2M-20260226_023301/checkpoint-6250,obj2_farther,output/phasevar_5/0000_phA01_phB07.png,Is the green sphere farther from the camera than the cyan cube? Answer with yes or no.,No,No,20.15625,21.359375,True
/data/shared/Qwen/mydisk/output/SYNTHETIC/NVILA-Lite-2B-SYNTHETIC_MIX_5PCT_2M-20260226_023301/checkpoint-6250,obj2_farther,output/phasevar_5/0000_phA01_phB08.png,Is the green sphere farther from the camera than the cyan cube? Answer with yes or no.,No,No,20.34375,22.1875,True
/data/shared/Qwen/mydisk/output/SYNTHETIC/NVILA-Lite-2B-SYNTHETIC_MIX_5PCT_2M-20260226_023301/checkpoint-6250,obj2_farther,output/phasevar_5/0000_phA01_phB09.png,Is the green sphere farther from the camera than the cyan cube? Answer with yes or no.,No,No,20.609375,22.546875,True
/data/shared/Qwen/mydisk/output/SYNTHETIC/NVILA-Lite-2B-SYNTHETIC_MIX_5PCT_2M-20260226_023301/checkpoint-6250,obj2_farther,output/phasevar_5/0000_phA01_phB10.png,Is the green sphere farther from the camera than the cyan cube? Answer with yes or no.,No,No,20.625,22.703125,True
/data/shared/Qwen/mydisk/output/SYNTHETIC/NVILA-Lite-2B-SYNTHETIC_MIX_5PCT_2M-20260226_023301/checkpoint-6250,obj2_farther,output/phasevar_5/0000_phA01_phB11.png,Is the green sphere farther from the camera than the cyan cube? Answer with yes or no.,No,No,20.3125,22.546875,True
/data/shared/Qwen/mydisk/output/SYNTHETIC/NVILA-Lite-2B-SYNTHETIC_MIX_5PCT_2M-20260226_023301/checkpoint-6250,obj2_farther,output/phasevar_5/0000_phA01_phB12.png,Is the green sphere farther from the camera than the cyan cube? Answer with yes or no.,No,No,20.21875,22.34375,True
/data/shared/Qwen/mydisk/output/SYNTHETIC/NVILA-Lite-2B-SYNTHETIC_MIX_5PCT_2M-20260226_023301/checkpoint-6250,obj2_farther,output/phasevar_5/0000_phA01_phB13.png,Is the green sphere farther from the camera than the cyan cube? Answer with yes or no.,No,No,20.375,22.609375,True
/data/shared/Qwen/mydisk/output/SYNTHETIC/NVILA-Lite-2B-SYNTHETIC_MIX_5PCT_2M-20260226_023301/checkpoint-6250,obj2_farther,output/phasevar_5/0000_phA01_phB14.png,Is the green sphere farther from the camera than the cyan cube? Answer with yes or no.,No,No,20.296875,22.734375,True
/data/shared/Qwen/mydisk/output/SYNTHETIC/NVILA-Lite-2B-SYNTHETIC_MIX_5PCT_2M-20260226_023301/checkpoint-6250,obj2_farther,output/phasevar_5/0000_phA01_phB15.png,Is the green sphere farther from the camera than the cyan cube? Answer with yes or no.,No,No,20.515625,22.859375,True
/data/shared/Qwen/mydisk/output/SYNTHETIC/NVILA-Lite-2B-SYNTHETIC_MIX_5PCT_2M-20260226_023301/checkpoint-6250,obj2_farther,output/phasevar_5/0000_phA02_phB00.png,Is the green sphere farther from the camera than the cyan cube? Answer with yes or no.,No,No,20.703125,21.96875,True
/data/shared/Qwen/mydisk/output/SYNTHETIC/NVILA-Lite-2B-SYNTHETIC_MIX_5PCT_2M-20260226_023301/checkpoint-6250,obj2_farther,output/phasevar_5/0000_phA02_phB01.png,Is the green sphere farther from the camera than the cyan cube? Answer with yes or no.,No,No,20.609375,21.6875,True
/data/shared/Qwen/mydisk/output/SYNTHETIC/NVILA-Lite-2B-SYNTHETIC_MIX_5PCT_2M-20260226_023301/checkpoint-6250,obj2_farther,output/phasevar_5/0000_phA02_phB02.png,Is the green sphere farther from the camera than the cyan cube? Answer with yes or no.,No,Yes,21.0,20.609375,False
/data/shared/Qwen/mydisk/output/SYNTHETIC/NVILA-Lite-2B-SYNTHETIC_MIX_5PCT_2M-20260226_023301/checkpoint-6250,obj2_farther,output/phasevar_5/0000_phA02_phB03.png,Is the green sphere farther from the camera than the cyan cube? Answer with yes or no.,No,No,19.40625,20.3125,True
/data/shared/Qwen/mydisk/output/SYNTHETIC/NVILA-Lite-2B-SYNTHETIC_MIX_5PCT_2M-20260226_023301/checkpoint-6250,obj2_farther,output/phasevar_5/0000_phA02_phB04.png,Is the green sphere farther from the camera than the cyan cube? Answer with yes or no.,No,No,19.5625,20.546875,True
/data/shared/Qwen/mydisk/output/SYNTHETIC/NVILA-Lite-2B-SYNTHETIC_MIX_5PCT_2M-20260226_023301/checkpoint-6250,obj2_farther,output/phasevar_5/0000_phA02_phB05.png,Is the green sphere farther from the camera than the cyan cube? Answer with yes or no.,No,No,19.84375,20.703125,True
/data/shared/Qwen/mydisk/output/SYNTHETIC/NVILA-Lite-2B-SYNTHETIC_MIX_5PCT_2M-20260226_023301/checkpoint-6250,obj2_farther,output/phasevar_5/0000_phA02_phB06.png,Is the green sphere farther from the camera than the cyan cube? Answer with yes or no.,No,No,20.109375,20.71875,True
/data/shared/Qwen/mydisk/output/SYNTHETIC/NVILA-Lite-2B-SYNTHETIC_MIX_5PCT_2M-20260226_023301/checkpoint-6250,obj2_farther,output/phasevar_5/0000_phA02_phB07.png,Is the green sphere farther from the camera than the cyan cube? Answer with yes or no.,No,No,20.3125,21.140625,True
/data/shared/Qwen/mydisk/output/SYNTHETIC/NVILA-Lite-2B-SYNTHETIC_MIX_5PCT_2M-20260226_023301/checkpoint-6250,obj2_farther,output/phasevar_5/0000_phA02_phB08.png,Is the green sphere farther from the camera than the cyan cube? Answer with yes or no.,No,No,20.5,21.828125,True
/data/shared/Qwen/mydisk/output/SYNTHETIC/NVILA-Lite-2B-SYNTHETIC_MIX_5PCT_2M-20260226_023301/checkpoint-6250,obj2_farther,output/phasevar_5/0000_phA02_phB09.png,Is the green sphere farther from the camera than the cyan cube? Answer with yes or no.,No,No,20.75,22.203125,True
/data/shared/Qwen/mydisk/output/SYNTHETIC/NVILA-Lite-2B-SYNTHETIC_MIX_5PCT_2M-20260226_023301/checkpoint-6250,obj2_farther,output/phasevar_5/0000_phA02_phB10.png,Is the green sphere farther from the camera than the cyan cube? Answer with yes or no.,No,No,20.890625,22.59375,True
/data/shared/Qwen/mydisk/output/SYNTHETIC/NVILA-Lite-2B-SYNTHETIC_MIX_5PCT_2M-20260226_023301/checkpoint-6250,obj2_farther,output/phasevar_5/0000_phA02_phB11.png,Is the green sphere farther from the camera than the cyan cube? Answer with yes or no.,No,No,20.546875,22.40625,True
/data/shared/Qwen/mydisk/output/SYNTHETIC/NVILA-Lite-2B-SYNTHETIC_MIX_5PCT_2M-20260226_023301/checkpoint-6250,obj2_farther,output/phasevar_5/0000_phA02_phB12.png,Is the green sphere farther from the camera than the cyan cube? Answer with yes or no.,No,No,20.484375,22.40625,True
/data/shared/Qwen/mydisk/output/SYNTHETIC/NVILA-Lite-2B-SYNTHETIC_MIX_5PCT_2M-20260226_023301/checkpoint-6250,obj2_farther,output/phasevar_5/0000_phA02_phB13.png,Is the green sphere farther from the camera than the cyan cube? Answer with yes or no.,No,No,20.796875,22.578125,True
/data/shared/Qwen/mydisk/output/SYNTHETIC/NVILA-Lite-2B-SYNTHETIC_MIX_5PCT_2M-20260226_023301/checkpoint-6250,obj2_farther,output/phasevar_5/0000_phA02_phB14.png,Is the green sphere farther from the camera than the cyan cube? Answer with yes or no.,No,No,20.328125,22.375,True
/data/shared/Qwen/mydisk/output/SYNTHETIC/NVILA-Lite-2B-SYNTHETIC_MIX_5PCT_2M-20260226_023301/checkpoint-6250,obj2_farther,output/phasevar_5/0000_phA02_phB15.png,Is the green sphere farther from the camera than the cyan cube? Answer with yes or no.,No,No,20.671875,22.625,True
/data/shared/Qwen/mydisk/output/SYNTHETIC/NVILA-Lite-2B-SYNTHETIC_MIX_5PCT_2M-20260226_023301/checkpoint-6250,obj2_farther,output/phasevar_5/0000_phA03_phB00.png,Is the green sphere farther from the camera than the cyan cube? Answer with yes or no.,No,No,20.921875,22.28125,True
/data/shared/Qwen/mydisk/output/SYNTHETIC/NVILA-Lite-2B-SYNTHETIC_MIX_5PCT_2M-20260226_023301/checkpoint-6250,obj2_farther,output/phasevar_5/0000_phA03_phB01.png,Is the green sphere farther from the camera than the cyan cube? Answer with yes or no.,No,No,20.53125,21.875,True
/data/shared/Qwen/mydisk/output/SYNTHETIC/NVILA-Lite-2B-SYNTHETIC_MIX_5PCT_2M-20260226_023301/checkpoint-6250,obj2_farther,output/phasevar_5/0000_phA03_phB02.png,Is the green sphere farther from the camera than the cyan cube? Answer with yes or no.,No,Yes,21.140625,20.953125,False
/data/shared/Qwen/mydisk/output/SYNTHETIC/NVILA-Lite-2B-SYNTHETIC_MIX_5PCT_2M-20260226_023301/checkpoint-6250,obj2_farther,output/phasevar_5/0000_phA03_phB03.png,Is the green sphere farther from the camera than the cyan cube? Answer with yes or no.,No,No,19.78125,20.53125,True
/data/shared/Qwen/mydisk/output/SYNTHETIC/NVILA-Lite-2B-SYNTHETIC_MIX_5PCT_2M-20260226_023301/checkpoint-6250,obj2_farther,output/phasevar_5/0000_phA03_phB04.png,Is the green sphere farther from the camera than the cyan cube? Answer with yes or no.,No,No,19.203125,20.328125,True
/data/shared/Qwen/mydisk/output/SYNTHETIC/NVILA-Lite-2B-SYNTHETIC_MIX_5PCT_2M-20260226_023301/checkpoint-6250,obj2_farther,output/phasevar_5/0000_phA03_phB05.png,Is the green sphere farther from the camera than the cyan cube? Answer with yes or no.,No,No,20.015625,20.71875,True
/data/shared/Qwen/mydisk/output/SYNTHETIC/NVILA-Lite-2B-SYNTHETIC_MIX_5PCT_2M-20260226_023301/checkpoint-6250,obj2_farther,output/phasevar_5/0000_phA03_phB06.png,Is the green sphere farther from the camera than the cyan cube? Answer with yes or no.,No,No,19.953125,20.46875,True
/data/shared/Qwen/mydisk/output/SYNTHETIC/NVILA-Lite-2B-SYNTHETIC_MIX_5PCT_2M-20260226_023301/checkpoint-6250,obj2_farther,output/phasevar_5/0000_phA03_phB07.png,Is the green sphere farther from the camera than the cyan cube? Answer with yes or no.,No,No,19.71875,20.671875,True
/data/shared/Qwen/mydisk/output/SYNTHETIC/NVILA-Lite-2B-SYNTHETIC_MIX_5PCT_2M-20260226_023301/checkpoint-6250,obj2_farther,output/phasevar_5/0000_phA03_phB08.png,Is the green sphere farther from the camera than the cyan cube? Answer with yes or no.,No,No,20.140625,21.4375,True
/data/shared/Qwen/mydisk/output/SYNTHETIC/NVILA-Lite-2B-SYNTHETIC_MIX_5PCT_2M-20260226_023301/checkpoint-6250,obj2_farther,output/phasevar_5/0000_phA03_phB09.png,Is the green sphere farther from the camera than the cyan cube? Answer with yes or no.,No,No,20.390625,21.90625,True
/data/shared/Qwen/mydisk/output/SYNTHETIC/NVILA-Lite-2B-SYNTHETIC_MIX_5PCT_2M-20260226_023301/checkpoint-6250,obj2_farther,output/phasevar_5/0000_phA03_phB10.png,Is the green sphere farther from the camera than the cyan cube? Answer with yes or no.,No,No,20.671875,22.546875,True
/data/shared/Qwen/mydisk/output/SYNTHETIC/NVILA-Lite-2B-SYNTHETIC_MIX_5PCT_2M-20260226_023301/checkpoint-6250,obj2_farther,output/phasevar_5/0000_phA03_phB11.png,Is the green sphere farther from the camera than the cyan cube? Answer with yes or no.,No,No,20.265625,22.46875,True
/data/shared/Qwen/mydisk/output/SYNTHETIC/NVILA-Lite-2B-SYNTHETIC_MIX_5PCT_2M-20260226_023301/checkpoint-6250,obj2_farther,output/phasevar_5/0000_phA03_phB12.png,Is the green sphere farther from the camera than the cyan cube? Answer with yes or no.,No,No,20.28125,22.453125,True
/data/shared/Qwen/mydisk/output/SYNTHETIC/NVILA-Lite-2B-SYNTHETIC_MIX_5PCT_2M-20260226_023301/checkpoint-6250,obj2_farther,output/phasevar_5/0000_phA03_phB13.png,Is the green sphere farther from the camera than the cyan cube? Answer with yes or no.,No,No,20.34375,22.375,True
/data/shared/Qwen/mydisk/output/SYNTHETIC/NVILA-Lite-2B-SYNTHETIC_MIX_5PCT_2M-20260226_023301/checkpoint-6250,obj2_farther,output/phasevar_5/0000_phA03_phB14.png,Is the green sphere farther from the camera than the cyan cube? Answer with yes or no.,No,No,20.46875,22.625,True
/data/shared/Qwen/mydisk/output/SYNTHETIC/NVILA-Lite-2B-SYNTHETIC_MIX_5PCT_2M-20260226_023301/checkpoint-6250,obj2_farther,output/phasevar_5/0000_phA03_phB15.png,Is the green sphere farther from the camera than the cyan cube? Answer with yes or no.,No,No,20.84375,22.890625,True
/data/shared/Qwen/mydisk/output/SYNTHETIC/NVILA-Lite-2B-SYNTHETIC_MIX_5PCT_2M-20260226_023301/checkpoint-6250,obj2_farther,output/phasevar_5/0000_phA04_phB00.png,Is the green sphere farther from the camera than the cyan cube? Answer with yes or no.,No,No,20.375,21.625,True
/data/shared/Qwen/mydisk/output/SYNTHETIC/NVILA-Lite-2B-SYNTHETIC_MIX_5PCT_2M-20260226_023301/checkpoint-6250,obj2_farther,output/phasevar_5/0000_phA04_phB01.png,Is the green sphere farther from the camera than the cyan cube? Answer with yes or no.,No,No,20.0625,21.328125,True
/data/shared/Qwen/mydisk/output/SYNTHETIC/NVILA-Lite-2B-SYNTHETIC_MIX_5PCT_2M-20260226_023301/checkpoint-6250,obj2_farther,output/phasevar_5/0000_phA04_phB02.png,Is the green sphere farther from the camera than the cyan cube? Answer with yes or no.,No,Yes,21.296875,21.03125,False
/data/shared/Qwen/mydisk/output/SYNTHETIC/NVILA-Lite-2B-SYNTHETIC_MIX_5PCT_2M-20260226_023301/checkpoint-6250,obj2_farther,output/phasevar_5/0000_phA04_phB03.png,Is the green sphere farther from the camera than the cyan cube? Answer with yes or no.,No,No,19.8125,20.484375,True
/data/shared/Qwen/mydisk/output/SYNTHETIC/NVILA-Lite-2B-SYNTHETIC_MIX_5PCT_2M-20260226_023301/checkpoint-6250,obj2_farther,output/phasevar_5/0000_phA04_phB04.png,Is the green sphere farther from the camera than the cyan cube? Answer with yes or no.,No,No,19.0625,20.078125,True
/data/shared/Qwen/mydisk/output/SYNTHETIC/NVILA-Lite-2B-SYNTHETIC_MIX_5PCT_2M-20260226_023301/checkpoint-6250,obj2_farther,output/phasevar_5/0000_phA04_phB05.png,Is the green sphere farther from the camera than the cyan cube? Answer with yes or no.,No,No,19.921875,20.453125,True
/data/shared/Qwen/mydisk/output/SYNTHETIC/NVILA-Lite-2B-SYNTHETIC_MIX_5PCT_2M-20260226_023301/checkpoint-6250,obj2_farther,output/phasevar_5/0000_phA04_phB06.png,Is the green sphere farther from the camera than the cyan cube? Answer with yes or no.,No,No,19.90625,20.296875,True
/data/shared/Qwen/mydisk/output/SYNTHETIC/NVILA-Lite-2B-SYNTHETIC_MIX_5PCT_2M-20260226_023301/checkpoint-6250,obj2_farther,output/phasevar_5/0000_phA04_phB07.png,Is the green sphere farther from the camera than the cyan cube? Answer with yes or no.,No,No,19.5625,20.34375,True
/data/shared/Qwen/mydisk/output/SYNTHETIC/NVILA-Lite-2B-SYNTHETIC_MIX_5PCT_2M-20260226_023301/checkpoint-6250,obj2_farther,output/phasevar_5/0000_phA04_phB08.png,Is the green sphere farther from the camera than the cyan cube? Answer with yes or no.,No,No,19.953125,21.015625,True
/data/shared/Qwen/mydisk/output/SYNTHETIC/NVILA-Lite-2B-SYNTHETIC_MIX_5PCT_2M-20260226_023301/checkpoint-6250,obj2_farther,output/phasevar_5/0000_phA04_phB09.png,Is the green sphere farther from the camera than the cyan cube? Answer with yes or no.,No,No,20.21875,21.59375,True
/data/shared/Qwen/mydisk/output/SYNTHETIC/NVILA-Lite-2B-SYNTHETIC_MIX_5PCT_2M-20260226_023301/checkpoint-6250,obj2_farther,output/phasevar_5/0000_phA04_phB10.png,Is the green sphere farther from the camera than the cyan cube? Answer with yes or no.,No,No,20.40625,22.0625,True
/data/shared/Qwen/mydisk/output/SYNTHETIC/NVILA-Lite-2B-SYNTHETIC_MIX_5PCT_2M-20260226_023301/checkpoint-6250,obj2_farther,output/phasevar_5/0000_phA04_phB11.png,Is the green sphere farther from the camera than the cyan cube? Answer with yes or no.,No,No,20.1875,22.234375,True
/data/shared/Qwen/mydisk/output/SYNTHETIC/NVILA-Lite-2B-SYNTHETIC_MIX_5PCT_2M-20260226_023301/checkpoint-6250,obj2_farther,output/phasevar_5/0000_phA04_phB12.png,Is the green sphere farther from the camera than the cyan cube? Answer with yes or no.,No,No,20.171875,22.21875,True
/data/shared/Qwen/mydisk/output/SYNTHETIC/NVILA-Lite-2B-SYNTHETIC_MIX_5PCT_2M-20260226_023301/checkpoint-6250,obj2_farther,output/phasevar_5/0000_phA04_phB13.png,Is the green sphere farther from the camera than the cyan cube? Answer with yes or no.,No,No,20.125,22.015625,True
/data/shared/Qwen/mydisk/output/SYNTHETIC/NVILA-Lite-2B-SYNTHETIC_MIX_5PCT_2M-20260226_023301/checkpoint-6250,obj2_farther,output/phasevar_5/0000_phA04_phB14.png,Is the green sphere farther from the camera than the cyan cube? Answer with yes or no.,No,No,20.34375,22.171875,True
/data/shared/Qwen/mydisk/output/SYNTHETIC/NVILA-Lite-2B-SYNTHETIC_MIX_5PCT_2M-20260226_023301/checkpoint-6250,obj2_farther,output/phasevar_5/0000_phA04_phB15.png,Is the green sphere farther from the camera than the cyan cube? Answer with yes or no.,No,No,20.609375,22.421875,True
/data/shared/Qwen/mydisk/output/SYNTHETIC/NVILA-Lite-2B-SYNTHETIC_MIX_5PCT_2M-20260226_023301/checkpoint-6250,obj2_farther,output/phasevar_5/0000_phA05_phB00.png,Is the green sphere farther from the camera than the cyan cube? Answer with yes or no.,No,No,20.15625,21.78125,True
/data/shared/Qwen/mydisk/output/SYNTHETIC/NVILA-Lite-2B-SYNTHETIC_MIX_5PCT_2M-20260226_023301/checkpoint-6250,obj2_farther,output/phasevar_5/0000_phA05_phB01.png,Is the green sphere farther from the camera than the cyan cube? Answer with yes or no.,No,No,19.828125,21.53125,True
/data/shared/Qwen/mydisk/output/SYNTHETIC/NVILA-Lite-2B-SYNTHETIC_MIX_5PCT_2M-20260226_023301/checkpoint-6250,obj2_farther,output/phasevar_5/0000_phA05_phB02.png,Is the green sphere farther from the camera than the cyan cube? Answer with yes or no.,No,No,20.859375,21.234375,True
/data/shared/Qwen/mydisk/output/SYNTHETIC/NVILA-Lite-2B-SYNTHETIC_MIX_5PCT_2M-20260226_023301/checkpoint-6250,obj2_farther,output/phasevar_5/0000_phA05_phB03.png,Is the green sphere farther from the camera than the cyan cube? Answer with yes or no.,No,No,19.03125,20.4375,True
/data/shared/Qwen/mydisk/output/SYNTHETIC/NVILA-Lite-2B-SYNTHETIC_MIX_5PCT_2M-20260226_023301/checkpoint-6250,obj2_farther,output/phasevar_5/0000_phA05_phB04.png,Is the green sphere farther from the camera than the cyan cube? Answer with yes or no.,No,No,18.46875,20.125,True
/data/shared/Qwen/mydisk/output/SYNTHETIC/NVILA-Lite-2B-SYNTHETIC_MIX_5PCT_2M-20260226_023301/checkpoint-6250,obj2_farther,output/phasevar_5/0000_phA05_phB05.png,Is the green sphere farther from the camera than the cyan cube? Answer with yes or no.,No,No,19.078125,20.28125,True
/data/shared/Qwen/mydisk/output/SYNTHETIC/NVILA-Lite-2B-SYNTHETIC_MIX_5PCT_2M-20260226_023301/checkpoint-6250,obj2_farther,output/phasevar_5/0000_phA05_phB06.png,Is the green sphere farther from the camera than the cyan cube? Answer with yes or no.,No,No,19.515625,20.375,True
/data/shared/Qwen/mydisk/output/SYNTHETIC/NVILA-Lite-2B-SYNTHETIC_MIX_5PCT_2M-20260226_023301/checkpoint-6250,obj2_farther,output/phasevar_5/0000_phA05_phB07.png,Is the green sphere farther from the camera than the cyan cube? Answer with yes or no.,No,No,19.453125,20.578125,True
/data/shared/Qwen/mydisk/output/SYNTHETIC/NVILA-Lite-2B-SYNTHETIC_MIX_5PCT_2M-20260226_023301/checkpoint-6250,obj2_farther,output/phasevar_5/0000_phA05_phB08.png,Is the green sphere farther from the camera than the cyan cube? Answer with yes or no.,No,No,19.765625,21.109375,True
/data/shared/Qwen/mydisk/output/SYNTHETIC/NVILA-Lite-2B-SYNTHETIC_MIX_5PCT_2M-20260226_023301/checkpoint-6250,obj2_farther,output/phasevar_5/0000_phA05_phB09.png,Is the green sphere farther from the camera than the cyan cube? Answer with yes or no.,No,No,20.125,21.71875,True
/data/shared/Qwen/mydisk/output/SYNTHETIC/NVILA-Lite-2B-SYNTHETIC_MIX_5PCT_2M-20260226_023301/checkpoint-6250,obj2_farther,output/phasevar_5/0000_phA05_phB10.png,Is the green sphere farther from the camera than the cyan cube? Answer with yes or no.,No,No,20.1875,22.125,True
/data/shared/Qwen/mydisk/output/SYNTHETIC/NVILA-Lite-2B-SYNTHETIC_MIX_5PCT_2M-20260226_023301/checkpoint-6250,obj2_farther,output/phasevar_5/0000_phA05_phB11.png,Is the green sphere farther from the camera than the cyan cube? Answer with yes or no.,No,No,19.921875,22.328125,True
/data/shared/Qwen/mydisk/output/SYNTHETIC/NVILA-Lite-2B-SYNTHETIC_MIX_5PCT_2M-20260226_023301/checkpoint-6250,obj2_farther,output/phasevar_5/0000_phA05_phB12.png,Is the green sphere farther from the camera than the cyan cube? Answer with yes or no.,No,No,19.90625,22.265625,True
/data/shared/Qwen/mydisk/output/SYNTHETIC/NVILA-Lite-2B-SYNTHETIC_MIX_5PCT_2M-20260226_023301/checkpoint-6250,obj2_farther,output/phasevar_5/0000_phA05_phB13.png,Is the green sphere farther from the camera than the cyan cube? Answer with yes or no.,No,No,19.859375,22.09375,True
/data/shared/Qwen/mydisk/output/SYNTHETIC/NVILA-Lite-2B-SYNTHETIC_MIX_5PCT_2M-20260226_023301/checkpoint-6250,obj2_farther,output/phasevar_5/0000_phA05_phB14.png,Is the green sphere farther from the camera than the cyan cube? Answer with yes or no.,No,No,20.203125,22.375,True
/data/shared/Qwen/mydisk/output/SYNTHETIC/NVILA-Lite-2B-SYNTHETIC_MIX_5PCT_2M-20260226_023301/checkpoint-6250,obj2_farther,output/phasevar_5/0000_phA05_phB15.png,Is the green sphere farther from the camera than the cyan cube? Answer with yes or no.,No,No,20.40625,22.59375,True
/data/shared/Qwen/mydisk/output/SYNTHETIC/NVILA-Lite-2B-SYNTHETIC_MIX_5PCT_2M-20260226_023301/checkpoint-6250,obj2_farther,output/phasevar_5/0000_phA06_phB00.png,Is the green sphere farther from the camera than the cyan cube? Answer with yes or no.,No,No,20.28125,20.96875,True
/data/shared/Qwen/mydisk/output/SYNTHETIC/NVILA-Lite-2B-SYNTHETIC_MIX_5PCT_2M-20260226_023301/checkpoint-6250,obj2_farther,output/phasevar_5/0000_phA06_phB01.png,Is the green sphere farther from the camera than the cyan cube? Answer with yes or no.,No,No,19.6875,20.5625,True
/data/shared/Qwen/mydisk/output/SYNTHETIC/NVILA-Lite-2B-SYNTHETIC_MIX_5PCT_2M-20260226_023301/checkpoint-6250,obj2_farther,output/phasevar_5/0000_phA06_phB02.png,Is the green sphere farther from the camera than the cyan cube? Answer with yes or no.,No,Yes,20.78125,20.484375,False
/data/shared/Qwen/mydisk/output/SYNTHETIC/NVILA-Lite-2B-SYNTHETIC_MIX_5PCT_2M-20260226_023301/checkpoint-6250,obj2_farther,output/phasevar_5/0000_phA06_phB03.png,Is the green sphere farther from the camera than the cyan cube? Answer with yes or no.,No,No,19.296875,19.59375,True
/data/shared/Qwen/mydisk/output/SYNTHETIC/NVILA-Lite-2B-SYNTHETIC_MIX_5PCT_2M-20260226_023301/checkpoint-6250,obj2_farther,output/phasevar_5/0000_phA06_phB04.png,Is the green sphere farther from the camera than the cyan cube? Answer with yes or no.,No,No,18.578125,19.15625,True
/data/shared/Qwen/mydisk/output/SYNTHETIC/NVILA-Lite-2B-SYNTHETIC_MIX_5PCT_2M-20260226_023301/checkpoint-6250,obj2_farther,output/phasevar_5/0000_phA06_phB05.png,Is the green sphere farther from the camera than the cyan cube? Answer with yes or no.,No,No,18.6875,19.34375,True
/data/shared/Qwen/mydisk/output/SYNTHETIC/NVILA-Lite-2B-SYNTHETIC_MIX_5PCT_2M-20260226_023301/checkpoint-6250,obj2_farther,output/phasevar_5/0000_phA06_phB06.png,Is the green sphere farther from the camera than the cyan cube? Answer with yes or no.,No,No,19.203125,19.6875,True
/data/shared/Qwen/mydisk/output/SYNTHETIC/NVILA-Lite-2B-SYNTHETIC_MIX_5PCT_2M-20260226_023301/checkpoint-6250,obj2_farther,output/phasevar_5/0000_phA06_phB07.png,Is the green sphere farther from the camera than the cyan cube? Answer with yes or no.,No,No,19.015625,19.953125,True
/data/shared/Qwen/mydisk/output/SYNTHETIC/NVILA-Lite-2B-SYNTHETIC_MIX_5PCT_2M-20260226_023301/checkpoint-6250,obj2_farther,output/phasevar_5/0000_phA06_phB08.png,Is the green sphere farther from the camera than the cyan cube? Answer with yes or no.,No,No,19.421875,20.609375,True
/data/shared/Qwen/mydisk/output/SYNTHETIC/NVILA-Lite-2B-SYNTHETIC_MIX_5PCT_2M-20260226_023301/checkpoint-6250,obj2_farther,output/phasevar_5/0000_phA06_phB09.png,Is the green sphere farther from the camera than the cyan cube? Answer with yes or no.,No,No,19.703125,20.984375,True
/data/shared/Qwen/mydisk/output/SYNTHETIC/NVILA-Lite-2B-SYNTHETIC_MIX_5PCT_2M-20260226_023301/checkpoint-6250,obj2_farther,output/phasevar_5/0000_phA06_phB10.png,Is the green sphere farther from the camera than the cyan cube? Answer with yes or no.,No,No,19.96875,21.5,True
/data/shared/Qwen/mydisk/output/SYNTHETIC/NVILA-Lite-2B-SYNTHETIC_MIX_5PCT_2M-20260226_023301/checkpoint-6250,obj2_farther,output/phasevar_5/0000_phA06_phB11.png,Is the green sphere farther from the camera than the cyan cube? Answer with yes or no.,No,No,20.234375,21.8125,True
/data/shared/Qwen/mydisk/output/SYNTHETIC/NVILA-Lite-2B-SYNTHETIC_MIX_5PCT_2M-20260226_023301/checkpoint-6250,obj2_farther,output/phasevar_5/0000_phA06_phB12.png,Is the green sphere farther from the camera than the cyan cube? Answer with yes or no.,No,No,20.265625,21.75,True
/data/shared/Qwen/mydisk/output/SYNTHETIC/NVILA-Lite-2B-SYNTHETIC_MIX_5PCT_2M-20260226_023301/checkpoint-6250,obj2_farther,output/phasevar_5/0000_phA06_phB13.png,Is the green sphere farther from the camera than the cyan cube? Answer with yes or no.,No,No,20.296875,21.625,True
/data/shared/Qwen/mydisk/output/SYNTHETIC/NVILA-Lite-2B-SYNTHETIC_MIX_5PCT_2M-20260226_023301/checkpoint-6250,obj2_farther,output/phasevar_5/0000_phA06_phB14.png,Is the green sphere farther from the camera than the cyan cube? Answer with yes or no.,No,No,20.53125,21.65625,True
/data/shared/Qwen/mydisk/output/SYNTHETIC/NVILA-Lite-2B-SYNTHETIC_MIX_5PCT_2M-20260226_023301/checkpoint-6250,obj2_farther,output/phasevar_5/0000_phA06_phB15.png,Is the green sphere farther from the camera than the cyan cube? Answer with yes or no.,No,No,20.59375,21.71875,True
/data/shared/Qwen/mydisk/output/SYNTHETIC/NVILA-Lite-2B-SYNTHETIC_MIX_5PCT_2M-20260226_023301/checkpoint-6250,obj2_farther,output/phasevar_5/0000_phA07_phB00.png,Is the green sphere farther from the camera than the cyan cube? Answer with yes or no.,No,No,19.484375,21.125,True
/data/shared/Qwen/mydisk/output/SYNTHETIC/NVILA-Lite-2B-SYNTHETIC_MIX_5PCT_2M-20260226_023301/checkpoint-6250,obj2_farther,output/phasevar_5/0000_phA07_phB01.png,Is the green sphere farther from the camera than the cyan cube? Answer with yes or no.,No,No,19.0625,20.546875,True
/data/shared/Qwen/mydisk/output/SYNTHETIC/NVILA-Lite-2B-SYNTHETIC_MIX_5PCT_2M-20260226_023301/checkpoint-6250,obj2_farther,output/phasevar_5/0000_phA07_phB02.png,Is the green sphere farther from the camera than the cyan cube? Answer with yes or no.,No,Yes,20.96875,20.765625,False
/data/shared/Qwen/mydisk/output/SYNTHETIC/NVILA-Lite-2B-SYNTHETIC_MIX_5PCT_2M-20260226_023301/checkpoint-6250,obj2_farther,output/phasevar_5/0000_phA07_phB03.png,Is the green sphere farther from the camera than the cyan cube? Answer with yes or no.,No,No,19.3125,19.78125,True
/data/shared/Qwen/mydisk/output/SYNTHETIC/NVILA-Lite-2B-SYNTHETIC_MIX_5PCT_2M-20260226_023301/checkpoint-6250,obj2_farther,output/phasevar_5/0000_phA07_phB04.png,Is the green sphere farther from the camera than the cyan cube? Answer with yes or no.,No,No,18.84375,19.546875,True
/data/shared/Qwen/mydisk/output/SYNTHETIC/NVILA-Lite-2B-SYNTHETIC_MIX_5PCT_2M-20260226_023301/checkpoint-6250,obj2_farther,output/phasevar_5/0000_phA07_phB05.png,Is the green sphere farther from the camera than the cyan cube? Answer with yes or no.,No,No,18.828125,19.578125,True
/data/shared/Qwen/mydisk/output/SYNTHETIC/NVILA-Lite-2B-SYNTHETIC_MIX_5PCT_2M-20260226_023301/checkpoint-6250,obj2_farther,output/phasevar_5/0000_phA07_phB06.png,Is the green sphere farther from the camera than the cyan cube? Answer with yes or no.,No,No,19.34375,20.078125,True
/data/shared/Qwen/mydisk/output/SYNTHETIC/NVILA-Lite-2B-SYNTHETIC_MIX_5PCT_2M-20260226_023301/checkpoint-6250,obj2_farther,output/phasevar_5/0000_phA07_phB07.png,Is the green sphere farther from the camera than the cyan cube? Answer with yes or no.,No,No,19.03125,19.96875,True
/data/shared/Qwen/mydisk/output/SYNTHETIC/NVILA-Lite-2B-SYNTHETIC_MIX_5PCT_2M-20260226_023301/checkpoint-6250,obj2_farther,output/phasevar_5/0000_phA07_phB08.png,Is the green sphere farther from the camera than the cyan cube? Answer with yes or no.,No,No,19.25,21.0625,True
/data/shared/Qwen/mydisk/output/SYNTHETIC/NVILA-Lite-2B-SYNTHETIC_MIX_5PCT_2M-20260226_023301/checkpoint-6250,obj2_farther,output/phasevar_5/0000_phA07_phB09.png,Is the green sphere farther from the camera than the cyan cube? Answer with yes or no.,No,No,19.46875,21.40625,True
/data/shared/Qwen/mydisk/output/SYNTHETIC/NVILA-Lite-2B-SYNTHETIC_MIX_5PCT_2M-20260226_023301/checkpoint-6250,obj2_farther,output/phasevar_5/0000_phA07_phB10.png,Is the green sphere farther from the camera than the cyan cube? Answer with yes or no.,No,No,19.78125,21.890625,True
/data/shared/Qwen/mydisk/output/SYNTHETIC/NVILA-Lite-2B-SYNTHETIC_MIX_5PCT_2M-20260226_023301/checkpoint-6250,obj2_farther,output/phasevar_5/0000_phA07_phB11.png,Is the green sphere farther from the camera than the cyan cube? Answer with yes or no.,No,No,19.875,21.875,True
/data/shared/Qwen/mydisk/output/SYNTHETIC/NVILA-Lite-2B-SYNTHETIC_MIX_5PCT_2M-20260226_023301/checkpoint-6250,obj2_farther,output/phasevar_5/0000_phA07_phB12.png,Is the green sphere farther from the camera than the cyan cube? Answer with yes or no.,No,No,19.78125,21.84375,True
/data/shared/Qwen/mydisk/output/SYNTHETIC/NVILA-Lite-2B-SYNTHETIC_MIX_5PCT_2M-20260226_023301/checkpoint-6250,obj2_farther,output/phasevar_5/0000_phA07_phB13.png,Is the green sphere farther from the camera than the cyan cube? Answer with yes or no.,No,No,19.625,21.609375,True
/data/shared/Qwen/mydisk/output/SYNTHETIC/NVILA-Lite-2B-SYNTHETIC_MIX_5PCT_2M-20260226_023301/checkpoint-6250,obj2_farther,output/phasevar_5/0000_phA07_phB14.png,Is the green sphere farther from the camera than the cyan cube? Answer with yes or no.,No,No,19.90625,21.78125,True
/data/shared/Qwen/mydisk/output/SYNTHETIC/NVILA-Lite-2B-SYNTHETIC_MIX_5PCT_2M-20260226_023301/checkpoint-6250,obj2_farther,output/phasevar_5/0000_phA07_phB15.png,Is the green sphere farther from the camera than the cyan cube? Answer with yes or no.,No,No,20.015625,22.078125,True
/data/shared/Qwen/mydisk/output/SYNTHETIC/NVILA-Lite-2B-SYNTHETIC_MIX_5PCT_2M-20260226_023301/checkpoint-6250,obj2_farther,output/phasevar_5/0000_phA08_phB00.png,Is the green sphere farther from the camera than the cyan cube? Answer with yes or no.,No,No,19.3125,20.765625,True
/data/shared/Qwen/mydisk/output/SYNTHETIC/NVILA-Lite-2B-SYNTHETIC_MIX_5PCT_2M-20260226_023301/checkpoint-6250,obj2_farther,output/phasevar_5/0000_phA08_phB01.png,Is the green sphere farther from the camera than the cyan cube? Answer with yes or no.,No,No,18.984375,20.125,True
/data/shared/Qwen/mydisk/output/SYNTHETIC/NVILA-Lite-2B-SYNTHETIC_MIX_5PCT_2M-20260226_023301/checkpoint-6250,obj2_farther,output/phasevar_5/0000_phA08_phB02.png,Is the green sphere farther from the camera than the cyan cube? Answer with yes or no.,No,Yes,21.234375,20.734375,False
/data/shared/Qwen/mydisk/output/SYNTHETIC/NVILA-Lite-2B-SYNTHETIC_MIX_5PCT_2M-20260226_023301/checkpoint-6250,obj2_farther,output/phasevar_5/0000_phA08_phB03.png,Is the green sphere farther from the camera than the cyan cube? Answer with yes or no.,No,No,19.78125,19.9375,True
/data/shared/Qwen/mydisk/output/SYNTHETIC/NVILA-Lite-2B-SYNTHETIC_MIX_5PCT_2M-20260226_023301/checkpoint-6250,obj2_farther,output/phasevar_5/0000_phA08_phB04.png,Is the green sphere farther from the camera than the cyan cube? Answer with yes or no.,No,No,19.234375,19.65625,True
/data/shared/Qwen/mydisk/output/SYNTHETIC/NVILA-Lite-2B-SYNTHETIC_MIX_5PCT_2M-20260226_023301/checkpoint-6250,obj2_farther,output/phasevar_5/0000_phA08_phB05.png,Is the green sphere farther from the camera than the cyan cube? Answer with yes or no.,No,No,19.078125,19.546875,True
/data/shared/Qwen/mydisk/output/SYNTHETIC/NVILA-Lite-2B-SYNTHETIC_MIX_5PCT_2M-20260226_023301/checkpoint-6250,obj2_farther,output/phasevar_5/0000_phA08_phB06.png,Is the green sphere farther from the camera than the cyan cube? Answer with yes or no.,No,No,19.609375,20.09375,True
/data/shared/Qwen/mydisk/output/SYNTHETIC/NVILA-Lite-2B-SYNTHETIC_MIX_5PCT_2M-20260226_023301/checkpoint-6250,obj2_farther,output/phasevar_5/0000_phA08_phB07.png,Is the green sphere farther from the camera than the cyan cube? Answer with yes or no.,No,No,19.046875,19.734375,True
/data/shared/Qwen/mydisk/output/SYNTHETIC/NVILA-Lite-2B-SYNTHETIC_MIX_5PCT_2M-20260226_023301/checkpoint-6250,obj2_farther,output/phasevar_5/0000_phA08_phB08.png,Is the green sphere farther from the camera than the cyan cube? Answer with yes or no.,No,No,19.21875,20.921875,True
/data/shared/Qwen/mydisk/output/SYNTHETIC/NVILA-Lite-2B-SYNTHETIC_MIX_5PCT_2M-20260226_023301/checkpoint-6250,obj2_farther,output/phasevar_5/0000_phA08_phB09.png,Is the green sphere farther from the camera than the cyan cube? Answer with yes or no.,No,No,19.484375,21.65625,True
/data/shared/Qwen/mydisk/output/SYNTHETIC/NVILA-Lite-2B-SYNTHETIC_MIX_5PCT_2M-20260226_023301/checkpoint-6250,obj2_farther,output/phasevar_5/0000_phA08_phB10.png,Is the green sphere farther from the camera than the cyan cube? Answer with yes or no.,No,No,19.78125,22.015625,True
/data/shared/Qwen/mydisk/output/SYNTHETIC/NVILA-Lite-2B-SYNTHETIC_MIX_5PCT_2M-20260226_023301/checkpoint-6250,obj2_farther,output/phasevar_5/0000_phA08_phB11.png,Is the green sphere farther from the camera than the cyan cube? Answer with yes or no.,No,No,19.796875,22.0625,True
/data/shared/Qwen/mydisk/output/SYNTHETIC/NVILA-Lite-2B-SYNTHETIC_MIX_5PCT_2M-20260226_023301/checkpoint-6250,obj2_farther,output/phasevar_5/0000_phA08_phB12.png,Is the green sphere farther from the camera than the cyan cube? Answer with yes or no.,No,No,19.578125,21.75,True
/data/shared/Qwen/mydisk/output/SYNTHETIC/NVILA-Lite-2B-SYNTHETIC_MIX_5PCT_2M-20260226_023301/checkpoint-6250,obj2_farther,output/phasevar_5/0000_phA08_phB13.png,Is the green sphere farther from the camera than the cyan cube? Answer with yes or no.,No,No,19.40625,21.515625,True
/data/shared/Qwen/mydisk/output/SYNTHETIC/NVILA-Lite-2B-SYNTHETIC_MIX_5PCT_2M-20260226_023301/checkpoint-6250,obj2_farther,output/phasevar_5/0000_phA08_phB14.png,Is the green sphere farther from the camera than the cyan cube? Answer with yes or no.,No,No,19.78125,21.71875,True
/data/shared/Qwen/mydisk/output/SYNTHETIC/NVILA-Lite-2B-SYNTHETIC_MIX_5PCT_2M-20260226_023301/checkpoint-6250,obj2_farther,output/phasevar_5/0000_phA08_phB15.png,Is the green sphere farther from the camera than the cyan cube? Answer with yes or no.,No,No,19.875,22.0,True
/data/shared/Qwen/mydisk/output/SYNTHETIC/NVILA-Lite-2B-SYNTHETIC_MIX_5PCT_2M-20260226_023301/checkpoint-6250,obj2_farther,output/phasevar_5/0000_phA09_phB00.png,Is the green sphere farther from the camera than the cyan cube? Answer with yes or no.,No,No,19.125,20.296875,True
/data/shared/Qwen/mydisk/output/SYNTHETIC/NVILA-Lite-2B-SYNTHETIC_MIX_5PCT_2M-20260226_023301/checkpoint-6250,obj2_farther,output/phasevar_5/0000_phA09_phB01.png,Is the green sphere farther from the camera than the cyan cube? Answer with yes or no.,No,No,19.296875,20.15625,True
/data/shared/Qwen/mydisk/output/SYNTHETIC/NVILA-Lite-2B-SYNTHETIC_MIX_5PCT_2M-20260226_023301/checkpoint-6250,obj2_farther,output/phasevar_5/0000_phA09_phB02.png,Is the green sphere farther from the camera than the cyan cube? Answer with yes or no.,No,Yes,21.359375,20.703125,False
/data/shared/Qwen/mydisk/output/SYNTHETIC/NVILA-Lite-2B-SYNTHETIC_MIX_5PCT_2M-20260226_023301/checkpoint-6250,obj2_farther,output/phasevar_5/0000_phA09_phB03.png,Is the green sphere farther from the camera than the cyan cube? Answer with yes or no.,No,No,19.953125,20.015625,True
/data/shared/Qwen/mydisk/output/SYNTHETIC/NVILA-Lite-2B-SYNTHETIC_MIX_5PCT_2M-20260226_023301/checkpoint-6250,obj2_farther,output/phasevar_5/0000_phA09_phB04.png,Is the green sphere farther from the camera than the cyan cube? Answer with yes or no.,No,No,19.515625,19.78125,True
/data/shared/Qwen/mydisk/output/SYNTHETIC/NVILA-Lite-2B-SYNTHETIC_MIX_5PCT_2M-20260226_023301/checkpoint-6250,obj2_farther,output/phasevar_5/0000_phA09_phB05.png,Is the green sphere farther from the camera than the cyan cube? Answer with yes or no.,No,No,19.515625,19.65625,True
/data/shared/Qwen/mydisk/output/SYNTHETIC/NVILA-Lite-2B-SYNTHETIC_MIX_5PCT_2M-20260226_023301/checkpoint-6250,obj2_farther,output/phasevar_5/0000_phA09_phB06.png,Is the green sphere farther from the camera than the cyan cube? Answer with yes or no.,No,No,19.921875,20.015625,True
/data/shared/Qwen/mydisk/output/SYNTHETIC/NVILA-Lite-2B-SYNTHETIC_MIX_5PCT_2M-20260226_023301/checkpoint-6250,obj2_farther,output/phasevar_5/0000_phA09_phB07.png,Is the green sphere farther from the camera than the cyan cube? Answer with yes or no.,No,No,19.171875,19.515625,True
/data/shared/Qwen/mydisk/output/SYNTHETIC/NVILA-Lite-2B-SYNTHETIC_MIX_5PCT_2M-20260226_023301/checkpoint-6250,obj2_farther,output/phasevar_5/0000_phA09_phB08.png,Is the green sphere farther from the camera than the cyan cube? Answer with yes or no.,No,No,19.265625,20.171875,True
/data/shared/Qwen/mydisk/output/SYNTHETIC/NVILA-Lite-2B-SYNTHETIC_MIX_5PCT_2M-20260226_023301/checkpoint-6250,obj2_farther,output/phasevar_5/0000_phA09_phB09.png,Is the green sphere farther from the camera than the cyan cube? Answer with yes or no.,No,No,19.328125,21.078125,True
/data/shared/Qwen/mydisk/output/SYNTHETIC/NVILA-Lite-2B-SYNTHETIC_MIX_5PCT_2M-20260226_023301/checkpoint-6250,obj2_farther,output/phasevar_5/0000_phA09_phB10.png,Is the green sphere farther from the camera than the cyan cube? Answer with yes or no.,No,No,19.515625,21.53125,True
/data/shared/Qwen/mydisk/output/SYNTHETIC/NVILA-Lite-2B-SYNTHETIC_MIX_5PCT_2M-20260226_023301/checkpoint-6250,obj2_farther,output/phasevar_5/0000_phA09_phB11.png,Is the green sphere farther from the camera than the cyan cube? Answer with yes or no.,No,No,19.3125,21.515625,True
/data/shared/Qwen/mydisk/output/SYNTHETIC/NVILA-Lite-2B-SYNTHETIC_MIX_5PCT_2M-20260226_023301/checkpoint-6250,obj2_farther,output/phasevar_5/0000_phA09_phB12.png,Is the green sphere farther from the camera than the cyan cube? Answer with yes or no.,No,No,19.046875,21.25,True
/data/shared/Qwen/mydisk/output/SYNTHETIC/NVILA-Lite-2B-SYNTHETIC_MIX_5PCT_2M-20260226_023301/checkpoint-6250,obj2_farther,output/phasevar_5/0000_phA09_phB13.png,Is the green sphere farther from the camera than the cyan cube? Answer with yes or no.,No,No,18.765625,20.875,True
/data/shared/Qwen/mydisk/output/SYNTHETIC/NVILA-Lite-2B-SYNTHETIC_MIX_5PCT_2M-20260226_023301/checkpoint-6250,obj2_farther,output/phasevar_5/0000_phA09_phB14.png,Is the green sphere farther from the camera than the cyan cube? Answer with yes or no.,No,No,19.328125,21.1875,True
/data/shared/Qwen/mydisk/output/SYNTHETIC/NVILA-Lite-2B-SYNTHETIC_MIX_5PCT_2M-20260226_023301/checkpoint-6250,obj2_farther,output/phasevar_5/0000_phA09_phB15.png,Is the green sphere farther from the camera than the cyan cube? Answer with yes or no.,No,No,19.328125,21.421875,True
/data/shared/Qwen/mydisk/output/SYNTHETIC/NVILA-Lite-2B-SYNTHETIC_MIX_5PCT_2M-20260226_023301/checkpoint-6250,obj2_farther,output/phasevar_5/0000_phA10_phB00.png,Is the green sphere farther from the camera than the cyan cube? Answer with yes or no.,No,No,20.046875,20.71875,True
/data/shared/Qwen/mydisk/output/SYNTHETIC/NVILA-Lite-2B-SYNTHETIC_MIX_5PCT_2M-20260226_023301/checkpoint-6250,obj2_farther,output/phasevar_5/0000_phA10_phB01.png,Is the green sphere farther from the camera than the cyan cube? Answer with yes or no.,No,No,20.4375,20.515625,True
/data/shared/Qwen/mydisk/output/SYNTHETIC/NVILA-Lite-2B-SYNTHETIC_MIX_5PCT_2M-20260226_023301/checkpoint-6250,obj2_farther,output/phasevar_5/0000_phA10_phB02.png,Is the green sphere farther from the camera than the cyan cube? Answer with yes or no.,No,Yes,21.953125,20.796875,False
/data/shared/Qwen/mydisk/output/SYNTHETIC/NVILA-Lite-2B-SYNTHETIC_MIX_5PCT_2M-20260226_023301/checkpoint-6250,obj2_farther,output/phasevar_5/0000_phA10_phB03.png,Is the green sphere farther from the camera than the cyan cube? Answer with yes or no.,No,Yes,20.421875,20.1875,False
/data/shared/Qwen/mydisk/output/SYNTHETIC/NVILA-Lite-2B-SYNTHETIC_MIX_5PCT_2M-20260226_023301/checkpoint-6250,obj2_farther,output/phasevar_5/0000_phA10_phB04.png,Is the green sphere farther from the camera than the cyan cube? Answer with yes or no.,No,No,19.890625,19.921875,True
/data/shared/Qwen/mydisk/output/SYNTHETIC/NVILA-Lite-2B-SYNTHETIC_MIX_5PCT_2M-20260226_023301/checkpoint-6250,obj2_farther,output/phasevar_5/0000_phA10_phB05.png,Is the green sphere farther from the camera than the cyan cube? Answer with yes or no.,No,Yes,19.984375,19.78125,False
/data/shared/Qwen/mydisk/output/SYNTHETIC/NVILA-Lite-2B-SYNTHETIC_MIX_5PCT_2M-20260226_023301/checkpoint-6250,obj2_farther,output/phasevar_5/0000_phA10_phB06.png,Is the green sphere farther from the camera than the cyan cube? Answer with yes or no.,No,Yes,20.375,20.03125,False
/data/shared/Qwen/mydisk/output/SYNTHETIC/NVILA-Lite-2B-SYNTHETIC_MIX_5PCT_2M-20260226_023301/checkpoint-6250,obj2_farther,output/phasevar_5/0000_phA10_phB07.png,Is the green sphere farther from the camera than the cyan cube? Answer with yes or no.,No,Yes,20.015625,19.609375,False
/data/shared/Qwen/mydisk/output/SYNTHETIC/NVILA-Lite-2B-SYNTHETIC_MIX_5PCT_2M-20260226_023301/checkpoint-6250,obj2_farther,output/phasevar_5/0000_phA10_phB08.png,Is the green sphere farther from the camera than the cyan cube? Answer with yes or no.,No,No,19.890625,20.171875,True
/data/shared/Qwen/mydisk/output/SYNTHETIC/NVILA-Lite-2B-SYNTHETIC_MIX_5PCT_2M-20260226_023301/checkpoint-6250,obj2_farther,output/phasevar_5/0000_phA10_phB09.png,Is the green sphere farther from the camera than the cyan cube? Answer with yes or no.,No,No,19.484375,20.59375,True
/data/shared/Qwen/mydisk/output/SYNTHETIC/NVILA-Lite-2B-SYNTHETIC_MIX_5PCT_2M-20260226_023301/checkpoint-6250,obj2_farther,output/phasevar_5/0000_phA10_phB10.png,Is the green sphere farther from the camera than the cyan cube? Answer with yes or no.,No,No,19.625,21.28125,True
/data/shared/Qwen/mydisk/output/SYNTHETIC/NVILA-Lite-2B-SYNTHETIC_MIX_5PCT_2M-20260226_023301/checkpoint-6250,obj2_farther,output/phasevar_5/0000_phA10_phB11.png,Is the green sphere farther from the camera than the cyan cube? Answer with yes or no.,No,No,18.765625,20.875,True
/data/shared/Qwen/mydisk/output/SYNTHETIC/NVILA-Lite-2B-SYNTHETIC_MIX_5PCT_2M-20260226_023301/checkpoint-6250,obj2_farther,output/phasevar_5/0000_phA10_phB12.png,Is the green sphere farther from the camera than the cyan cube? Answer with yes or no.,No,No,18.75,20.765625,True
/data/shared/Qwen/mydisk/output/SYNTHETIC/NVILA-Lite-2B-SYNTHETIC_MIX_5PCT_2M-20260226_023301/checkpoint-6250,obj2_farther,output/phasevar_5/0000_phA10_phB13.png,Is the green sphere farther from the camera than the cyan cube? Answer with yes or no.,No,No,18.359375,20.296875,True
/data/shared/Qwen/mydisk/output/SYNTHETIC/NVILA-Lite-2B-SYNTHETIC_MIX_5PCT_2M-20260226_023301/checkpoint-6250,obj2_farther,output/phasevar_5/0000_phA10_phB14.png,Is the green sphere farther from the camera than the cyan cube? Answer with yes or no.,No,No,19.6875,21.109375,True
/data/shared/Qwen/mydisk/output/SYNTHETIC/NVILA-Lite-2B-SYNTHETIC_MIX_5PCT_2M-20260226_023301/checkpoint-6250,obj2_farther,output/phasevar_5/0000_phA10_phB15.png,Is the green sphere farther from the camera than the cyan cube? Answer with yes or no.,No,No,19.515625,20.9375,True
/data/shared/Qwen/mydisk/output/SYNTHETIC/NVILA-Lite-2B-SYNTHETIC_MIX_5PCT_2M-20260226_023301/checkpoint-6250,obj2_farther,output/phasevar_5/0000_phA11_phB00.png,Is the green sphere farther from the camera than the cyan cube? Answer with yes or no.,No,No,20.109375,21.046875,True
/data/shared/Qwen/mydisk/output/SYNTHETIC/NVILA-Lite-2B-SYNTHETIC_MIX_5PCT_2M-20260226_023301/checkpoint-6250,obj2_farther,output/phasevar_5/0000_phA11_phB01.png,Is the green sphere farther from the camera than the cyan cube? Answer with yes or no.,No,No,20.671875,20.796875,True
/data/shared/Qwen/mydisk/output/SYNTHETIC/NVILA-Lite-2B-SYNTHETIC_MIX_5PCT_2M-20260226_023301/checkpoint-6250,obj2_farther,output/phasevar_5/0000_phA11_phB02.png,Is the green sphere farther from the camera than the cyan cube? Answer with yes or no.,No,Yes,22.078125,20.84375,False
/data/shared/Qwen/mydisk/output/SYNTHETIC/NVILA-Lite-2B-SYNTHETIC_MIX_5PCT_2M-20260226_023301/checkpoint-6250,obj2_farther,output/phasevar_5/0000_phA11_phB03.png,Is the green sphere farther from the camera than the cyan cube? Answer with yes or no.,No,Yes,20.53125,20.34375,False
/data/shared/Qwen/mydisk/output/SYNTHETIC/NVILA-Lite-2B-SYNTHETIC_MIX_5PCT_2M-20260226_023301/checkpoint-6250,obj2_farther,output/phasevar_5/0000_phA11_phB04.png,Is the green sphere farther from the camera than the cyan cube? Answer with yes or no.,No,Yes,20.03125,19.953125,False
/data/shared/Qwen/mydisk/output/SYNTHETIC/NVILA-Lite-2B-SYNTHETIC_MIX_5PCT_2M-20260226_023301/checkpoint-6250,obj2_farther,output/phasevar_5/0000_phA11_phB05.png,Is the green sphere farther from the camera than the cyan cube? Answer with yes or no.,No,Yes,20.453125,20.015625,False
/data/shared/Qwen/mydisk/output/SYNTHETIC/NVILA-Lite-2B-SYNTHETIC_MIX_5PCT_2M-20260226_023301/checkpoint-6250,obj2_farther,output/phasevar_5/0000_phA11_phB06.png,Is the green sphere farther from the camera than the cyan cube? Answer with yes or no.,No,Yes,20.9375,20.15625,False
/data/shared/Qwen/mydisk/output/SYNTHETIC/NVILA-Lite-2B-SYNTHETIC_MIX_5PCT_2M-20260226_023301/checkpoint-6250,obj2_farther,output/phasevar_5/0000_phA11_phB07.png,Is the green sphere farther from the camera than the cyan cube? Answer with yes or no.,No,Yes,20.40625,19.703125,False
/data/shared/Qwen/mydisk/output/SYNTHETIC/NVILA-Lite-2B-SYNTHETIC_MIX_5PCT_2M-20260226_023301/checkpoint-6250,obj2_farther,output/phasevar_5/0000_phA11_phB08.png,Is the green sphere farther from the camera than the cyan cube? Answer with yes or no.,No,No,20.28125,20.390625,True
/data/shared/Qwen/mydisk/output/SYNTHETIC/NVILA-Lite-2B-SYNTHETIC_MIX_5PCT_2M-20260226_023301/checkpoint-6250,obj2_farther,output/phasevar_5/0000_phA11_phB09.png,Is the green sphere farther from the camera than the cyan cube? Answer with yes or no.,No,No,19.78125,21.0,True
/data/shared/Qwen/mydisk/output/SYNTHETIC/NVILA-Lite-2B-SYNTHETIC_MIX_5PCT_2M-20260226_023301/checkpoint-6250,obj2_farther,output/phasevar_5/0000_phA11_phB10.png,Is the green sphere farther from the camera than the cyan cube? Answer with yes or no.,No,No,20.125,21.78125,True
/data/shared/Qwen/mydisk/output/SYNTHETIC/NVILA-Lite-2B-SYNTHETIC_MIX_5PCT_2M-20260226_023301/checkpoint-6250,obj2_farther,output/phasevar_5/0000_phA11_phB11.png,Is the green sphere farther from the camera than the cyan cube? Answer with yes or no.,No,No,18.734375,21.21875,True
/data/shared/Qwen/mydisk/output/SYNTHETIC/NVILA-Lite-2B-SYNTHETIC_MIX_5PCT_2M-20260226_023301/checkpoint-6250,obj2_farther,output/phasevar_5/0000_phA11_phB12.png,Is the green sphere farther from the camera than the cyan cube? Answer with yes or no.,No,No,18.875,21.4375,True
/data/shared/Qwen/mydisk/output/SYNTHETIC/NVILA-Lite-2B-SYNTHETIC_MIX_5PCT_2M-20260226_023301/checkpoint-6250,obj2_farther,output/phasevar_5/0000_phA11_phB13.png,Is the green sphere farther from the camera than the cyan cube? Answer with yes or no.,No,No,18.625,21.171875,True
/data/shared/Qwen/mydisk/output/SYNTHETIC/NVILA-Lite-2B-SYNTHETIC_MIX_5PCT_2M-20260226_023301/checkpoint-6250,obj2_farther,output/phasevar_5/0000_phA11_phB14.png,Is the green sphere farther from the camera than the cyan cube? Answer with yes or no.,No,No,19.5625,21.609375,True
/data/shared/Qwen/mydisk/output/SYNTHETIC/NVILA-Lite-2B-SYNTHETIC_MIX_5PCT_2M-20260226_023301/checkpoint-6250,obj2_farther,output/phasevar_5/0000_phA11_phB15.png,Is the green sphere farther from the camera than the cyan cube? Answer with yes or no.,No,No,19.390625,21.359375,True
/data/shared/Qwen/mydisk/output/SYNTHETIC/NVILA-Lite-2B-SYNTHETIC_MIX_5PCT_2M-20260226_023301/checkpoint-6250,obj2_farther,output/phasevar_5/0000_phA12_phB00.png,Is the green sphere farther from the camera than the cyan cube? Answer with yes or no.,No,No,20.359375,21.03125,True
/data/shared/Qwen/mydisk/output/SYNTHETIC/NVILA-Lite-2B-SYNTHETIC_MIX_5PCT_2M-20260226_023301/checkpoint-6250,obj2_farther,output/phasevar_5/0000_phA12_phB01.png,Is the green sphere farther from the camera than the cyan cube? Answer with yes or no.,No,Yes,20.84375,20.71875,False
/data/shared/Qwen/mydisk/output/SYNTHETIC/NVILA-Lite-2B-SYNTHETIC_MIX_5PCT_2M-20260226_023301/checkpoint-6250,obj2_farther,output/phasevar_5/0000_phA12_phB02.png,Is the green sphere farther from the camera than the cyan cube? Answer with yes or no.,No,Yes,22.0,20.84375,False
/data/shared/Qwen/mydisk/output/SYNTHETIC/NVILA-Lite-2B-SYNTHETIC_MIX_5PCT_2M-20260226_023301/checkpoint-6250,obj2_farther,output/phasevar_5/0000_phA12_phB03.png,Is the green sphere farther from the camera than the cyan cube? Answer with yes or no.,No,Yes,20.4375,20.203125,False
/data/shared/Qwen/mydisk/output/SYNTHETIC/NVILA-Lite-2B-SYNTHETIC_MIX_5PCT_2M-20260226_023301/checkpoint-6250,obj2_farther,output/phasevar_5/0000_phA12_phB04.png,Is the green sphere farther from the camera than the cyan cube? Answer with yes or no.,No,Yes,19.953125,19.921875,False
/data/shared/Qwen/mydisk/output/SYNTHETIC/NVILA-Lite-2B-SYNTHETIC_MIX_5PCT_2M-20260226_023301/checkpoint-6250,obj2_farther,output/phasevar_5/0000_phA12_phB05.png,Is the green sphere farther from the camera than the cyan cube? Answer with yes or no.,No,Yes,20.390625,20.03125,False
/data/shared/Qwen/mydisk/output/SYNTHETIC/NVILA-Lite-2B-SYNTHETIC_MIX_5PCT_2M-20260226_023301/checkpoint-6250,obj2_farther,output/phasevar_5/0000_phA12_phB06.png,Is the green sphere farther from the camera than the cyan cube? Answer with yes or no.,No,Yes,20.75,20.0,False
/data/shared/Qwen/mydisk/output/SYNTHETIC/NVILA-Lite-2B-SYNTHETIC_MIX_5PCT_2M-20260226_023301/checkpoint-6250,obj2_farther,output/phasevar_5/0000_phA12_phB07.png,Is the green sphere farther from the camera than the cyan cube? Answer with yes or no.,No,Yes,20.234375,19.734375,False
/data/shared/Qwen/mydisk/output/SYNTHETIC/NVILA-Lite-2B-SYNTHETIC_MIX_5PCT_2M-20260226_023301/checkpoint-6250,obj2_farther,output/phasevar_5/0000_phA12_phB08.png,Is the green sphere farther from the camera than the cyan cube? Answer with yes or no.,No,No,20.28125,20.46875,True
/data/shared/Qwen/mydisk/output/SYNTHETIC/NVILA-Lite-2B-SYNTHETIC_MIX_5PCT_2M-20260226_023301/checkpoint-6250,obj2_farther,output/phasevar_5/0000_phA12_phB09.png,Is the green sphere farther from the camera than the cyan cube? Answer with yes or no.,No,No,19.859375,21.03125,True
/data/shared/Qwen/mydisk/output/SYNTHETIC/NVILA-Lite-2B-SYNTHETIC_MIX_5PCT_2M-20260226_023301/checkpoint-6250,obj2_farther,output/phasevar_5/0000_phA12_phB10.png,Is the green sphere farther from the camera than the cyan cube? Answer with yes or no.,No,No,20.109375,21.546875,True
/data/shared/Qwen/mydisk/output/SYNTHETIC/NVILA-Lite-2B-SYNTHETIC_MIX_5PCT_2M-20260226_023301/checkpoint-6250,obj2_farther,output/phasevar_5/0000_phA12_phB11.png,Is the green sphere farther from the camera than the cyan cube? Answer with yes or no.,No,No,18.953125,21.0625,True
/data/shared/Qwen/mydisk/output/SYNTHETIC/NVILA-Lite-2B-SYNTHETIC_MIX_5PCT_2M-20260226_023301/checkpoint-6250,obj2_farther,output/phasevar_5/0000_phA12_phB12.png,Is the green sphere farther from the camera than the cyan cube? Answer with yes or no.,No,No,18.84375,21.21875,True
/data/shared/Qwen/mydisk/output/SYNTHETIC/NVILA-Lite-2B-SYNTHETIC_MIX_5PCT_2M-20260226_023301/checkpoint-6250,obj2_farther,output/phasevar_5/0000_phA12_phB13.png,Is the green sphere farther from the camera than the cyan cube? Answer with yes or no.,No,No,18.578125,20.984375,True
/data/shared/Qwen/mydisk/output/SYNTHETIC/NVILA-Lite-2B-SYNTHETIC_MIX_5PCT_2M-20260226_023301/checkpoint-6250,obj2_farther,output/phasevar_5/0000_phA12_phB14.png,Is the green sphere farther from the camera than the cyan cube? Answer with yes or no.,No,No,19.828125,21.65625,True
/data/shared/Qwen/mydisk/output/SYNTHETIC/NVILA-Lite-2B-SYNTHETIC_MIX_5PCT_2M-20260226_023301/checkpoint-6250,obj2_farther,output/phasevar_5/0000_phA12_phB15.png,Is the green sphere farther from the camera than the cyan cube? Answer with yes or no.,No,No,19.46875,21.25,True
/data/shared/Qwen/mydisk/output/SYNTHETIC/NVILA-Lite-2B-SYNTHETIC_MIX_5PCT_2M-20260226_023301/checkpoint-6250,obj2_farther,output/phasevar_5/0000_phA13_phB00.png,Is the green sphere farther from the camera than the cyan cube? Answer with yes or no.,No,No,21.21875,21.34375,True
/data/shared/Qwen/mydisk/output/SYNTHETIC/NVILA-Lite-2B-SYNTHETIC_MIX_5PCT_2M-20260226_023301/checkpoint-6250,obj2_farther,output/phasevar_5/0000_phA13_phB01.png,Is the green sphere farther from the camera than the cyan cube? Answer with yes or no.,No,Yes,21.125,20.8125,False
/data/shared/Qwen/mydisk/output/SYNTHETIC/NVILA-Lite-2B-SYNTHETIC_MIX_5PCT_2M-20260226_023301/checkpoint-6250,obj2_farther,output/phasevar_5/0000_phA13_phB02.png,Is the green sphere farther from the camera than the cyan cube? Answer with yes or no.,No,Yes,21.953125,20.84375,False
/data/shared/Qwen/mydisk/output/SYNTHETIC/NVILA-Lite-2B-SYNTHETIC_MIX_5PCT_2M-20260226_023301/checkpoint-6250,obj2_farther,output/phasevar_5/0000_phA13_phB03.png,Is the green sphere farther from the camera than the cyan cube? Answer with yes or no.,No,Yes,20.46875,20.265625,False
/data/shared/Qwen/mydisk/output/SYNTHETIC/NVILA-Lite-2B-SYNTHETIC_MIX_5PCT_2M-20260226_023301/checkpoint-6250,obj2_farther,output/phasevar_5/0000_phA13_phB04.png,Is the green sphere farther from the camera than the cyan cube? Answer with yes or no.,No,No,20.0,20.078125,True
/data/shared/Qwen/mydisk/output/SYNTHETIC/NVILA-Lite-2B-SYNTHETIC_MIX_5PCT_2M-20260226_023301/checkpoint-6250,obj2_farther,output/phasevar_5/0000_phA13_phB05.png,Is the green sphere farther from the camera than the cyan cube? Answer with yes or no.,No,Yes,20.484375,20.203125,False
/data/shared/Qwen/mydisk/output/SYNTHETIC/NVILA-Lite-2B-SYNTHETIC_MIX_5PCT_2M-20260226_023301/checkpoint-6250,obj2_farther,output/phasevar_5/0000_phA13_phB06.png,Is the green sphere farther from the camera than the cyan cube? Answer with yes or no.,No,Yes,20.90625,20.234375,False
/data/shared/Qwen/mydisk/output/SYNTHETIC/NVILA-Lite-2B-SYNTHETIC_MIX_5PCT_2M-20260226_023301/checkpoint-6250,obj2_farther,output/phasevar_5/0000_phA13_phB07.png,Is the green sphere farther from the camera than the cyan cube? Answer with yes or no.,No,Yes,20.796875,20.265625,False
/data/shared/Qwen/mydisk/output/SYNTHETIC/NVILA-Lite-2B-SYNTHETIC_MIX_5PCT_2M-20260226_023301/checkpoint-6250,obj2_farther,output/phasevar_5/0000_phA13_phB08.png,Is the green sphere farther from the camera than the cyan cube? Answer with yes or no.,No,No,20.796875,20.921875,True
/data/shared/Qwen/mydisk/output/SYNTHETIC/NVILA-Lite-2B-SYNTHETIC_MIX_5PCT_2M-20260226_023301/checkpoint-6250,obj2_farther,output/phasevar_5/0000_phA13_phB09.png,Is the green sphere farther from the camera than the cyan cube? Answer with yes or no.,No,No,20.625,21.53125,True
/data/shared/Qwen/mydisk/output/SYNTHETIC/NVILA-Lite-2B-SYNTHETIC_MIX_5PCT_2M-20260226_023301/checkpoint-6250,obj2_farther,output/phasevar_5/0000_phA13_phB10.png,Is the green sphere farther from the camera than the cyan cube? Answer with yes or no.,No,No,20.859375,22.09375,True
/data/shared/Qwen/mydisk/output/SYNTHETIC/NVILA-Lite-2B-SYNTHETIC_MIX_5PCT_2M-20260226_023301/checkpoint-6250,obj2_farther,output/phasevar_5/0000_phA13_phB11.png,Is the green sphere farther from the camera than the cyan cube? Answer with yes or no.,No,No,19.296875,21.171875,True
/data/shared/Qwen/mydisk/output/SYNTHETIC/NVILA-Lite-2B-SYNTHETIC_MIX_5PCT_2M-20260226_023301/checkpoint-6250,obj2_farther,output/phasevar_5/0000_phA13_phB12.png,Is the green sphere farther from the camera than the cyan cube? Answer with yes or no.,No,No,19.0,21.140625,True
/data/shared/Qwen/mydisk/output/SYNTHETIC/NVILA-Lite-2B-SYNTHETIC_MIX_5PCT_2M-20260226_023301/checkpoint-6250,obj2_farther,output/phasevar_5/0000_phA13_phB13.png,Is the green sphere farther from the camera than the cyan cube? Answer with yes or no.,No,No,18.90625,21.21875,True
/data/shared/Qwen/mydisk/output/SYNTHETIC/NVILA-Lite-2B-SYNTHETIC_MIX_5PCT_2M-20260226_023301/checkpoint-6250,obj2_farther,output/phasevar_5/0000_phA13_phB14.png,Is the green sphere farther from the camera than the cyan cube? Answer with yes or no.,No,No,20.375,22.0,True
/data/shared/Qwen/mydisk/output/SYNTHETIC/NVILA-Lite-2B-SYNTHETIC_MIX_5PCT_2M-20260226_023301/checkpoint-6250,obj2_farther,output/phasevar_5/0000_phA13_phB15.png,Is the green sphere farther from the camera than the cyan cube? Answer with yes or no.,No,No,19.890625,21.53125,True
/data/shared/Qwen/mydisk/output/SYNTHETIC/NVILA-Lite-2B-SYNTHETIC_MIX_5PCT_2M-20260226_023301/checkpoint-6250,obj2_farther,output/phasevar_5/0000_phA14_phB00.png,Is the green sphere farther from the camera than the cyan cube? Answer with yes or no.,No,Yes,21.25,20.875,False
/data/shared/Qwen/mydisk/output/SYNTHETIC/NVILA-Lite-2B-SYNTHETIC_MIX_5PCT_2M-20260226_023301/checkpoint-6250,obj2_farther,output/phasevar_5/0000_phA14_phB01.png,Is the green sphere farther from the camera than the cyan cube? Answer with yes or no.,No,Yes,21.421875,20.703125,False
/data/shared/Qwen/mydisk/output/SYNTHETIC/NVILA-Lite-2B-SYNTHETIC_MIX_5PCT_2M-20260226_023301/checkpoint-6250,obj2_farther,output/phasevar_5/0000_phA14_phB02.png,Is the green sphere farther from the camera than the cyan cube? Answer with yes or no.,No,Yes,21.640625,20.765625,False
/data/shared/Qwen/mydisk/output/SYNTHETIC/NVILA-Lite-2B-SYNTHETIC_MIX_5PCT_2M-20260226_023301/checkpoint-6250,obj2_farther,output/phasevar_5/0000_phA14_phB03.png,Is the green sphere farther from the camera than the cyan cube? Answer with yes or no.,No,Yes,20.375,20.109375,False
/data/shared/Qwen/mydisk/output/SYNTHETIC/NVILA-Lite-2B-SYNTHETIC_MIX_5PCT_2M-20260226_023301/checkpoint-6250,obj2_farther,output/phasevar_5/0000_phA14_phB04.png,Is the green sphere farther from the camera than the cyan cube? Answer with yes or no.,No,Yes,20.375,20.109375,False
/data/shared/Qwen/mydisk/output/SYNTHETIC/NVILA-Lite-2B-SYNTHETIC_MIX_5PCT_2M-20260226_023301/checkpoint-6250,obj2_farther,output/phasevar_5/0000_phA14_phB05.png,Is the green sphere farther from the camera than the cyan cube? Answer with yes or no.,No,Yes,20.875,20.28125,False
/data/shared/Qwen/mydisk/output/SYNTHETIC/NVILA-Lite-2B-SYNTHETIC_MIX_5PCT_2M-20260226_023301/checkpoint-6250,obj2_farther,output/phasevar_5/0000_phA14_phB06.png,Is the green sphere farther from the camera than the cyan cube? Answer with yes or no.,No,Yes,21.09375,20.59375,False
/data/shared/Qwen/mydisk/output/SYNTHETIC/NVILA-Lite-2B-SYNTHETIC_MIX_5PCT_2M-20260226_023301/checkpoint-6250,obj2_farther,output/phasevar_5/0000_phA14_phB07.png,Is the green sphere farther from the camera than the cyan cube? Answer with yes or no.,No,Yes,21.296875,21.0,False
/data/shared/Qwen/mydisk/output/SYNTHETIC/NVILA-Lite-2B-SYNTHETIC_MIX_5PCT_2M-20260226_023301/checkpoint-6250,obj2_farther,output/phasevar_5/0000_phA14_phB08.png,Is the green sphere farther from the camera than the cyan cube? Answer with yes or no.,No,No,21.109375,21.328125,True
/data/shared/Qwen/mydisk/output/SYNTHETIC/NVILA-Lite-2B-SYNTHETIC_MIX_5PCT_2M-20260226_023301/checkpoint-6250,obj2_farther,output/phasevar_5/0000_phA14_phB09.png,Is the green sphere farther from the camera than the cyan cube? Answer with yes or no.,No,No,21.140625,21.6875,True
/data/shared/Qwen/mydisk/output/SYNTHETIC/NVILA-Lite-2B-SYNTHETIC_MIX_5PCT_2M-20260226_023301/checkpoint-6250,obj2_farther,output/phasevar_5/0000_phA14_phB10.png,Is the green sphere farther from the camera than the cyan cube? Answer with yes or no.,No,No,21.4375,22.484375,True
/data/shared/Qwen/mydisk/output/SYNTHETIC/NVILA-Lite-2B-SYNTHETIC_MIX_5PCT_2M-20260226_023301/checkpoint-6250,obj2_farther,output/phasevar_5/0000_phA14_phB11.png,Is the green sphere farther from the camera than the cyan cube? Answer with yes or no.,No,No,20.1875,21.625,True
/data/shared/Qwen/mydisk/output/SYNTHETIC/NVILA-Lite-2B-SYNTHETIC_MIX_5PCT_2M-20260226_023301/checkpoint-6250,obj2_farther,output/phasevar_5/0000_phA14_phB12.png,Is the green sphere farther from the camera than the cyan cube? Answer with yes or no.,No,No,19.59375,21.21875,True
/data/shared/Qwen/mydisk/output/SYNTHETIC/NVILA-Lite-2B-SYNTHETIC_MIX_5PCT_2M-20260226_023301/checkpoint-6250,obj2_farther,output/phasevar_5/0000_phA14_phB13.png,Is the green sphere farther from the camera than the cyan cube? Answer with yes or no.,No,No,19.21875,21.390625,True
/data/shared/Qwen/mydisk/output/SYNTHETIC/NVILA-Lite-2B-SYNTHETIC_MIX_5PCT_2M-20260226_023301/checkpoint-6250,obj2_farther,output/phasevar_5/0000_phA14_phB14.png,Is the green sphere farther from the camera than the cyan cube? Answer with yes or no.,No,No,20.0625,21.78125,True
/data/shared/Qwen/mydisk/output/SYNTHETIC/NVILA-Lite-2B-SYNTHETIC_MIX_5PCT_2M-20260226_023301/checkpoint-6250,obj2_farther,output/phasevar_5/0000_phA14_phB15.png,Is the green sphere farther from the camera than the cyan cube? Answer with yes or no.,No,No,20.125,21.578125,True
/data/shared/Qwen/mydisk/output/SYNTHETIC/NVILA-Lite-2B-SYNTHETIC_MIX_5PCT_2M-20260226_023301/checkpoint-6250,obj2_farther,output/phasevar_5/0000_phA15_phB00.png,Is the green sphere farther from the camera than the cyan cube? Answer with yes or no.,No,No,20.4375,21.265625,True
/data/shared/Qwen/mydisk/output/SYNTHETIC/NVILA-Lite-2B-SYNTHETIC_MIX_5PCT_2M-20260226_023301/checkpoint-6250,obj2_farther,output/phasevar_5/0000_phA15_phB01.png,Is the green sphere farther from the camera than the cyan cube? Answer with yes or no.,No,Yes,20.90625,20.828125,False
/data/shared/Qwen/mydisk/output/SYNTHETIC/NVILA-Lite-2B-SYNTHETIC_MIX_5PCT_2M-20260226_023301/checkpoint-6250,obj2_farther,output/phasevar_5/0000_phA15_phB02.png,Is the green sphere farther from the camera than the cyan cube? Answer with yes or no.,No,Yes,21.390625,20.84375,False
/data/shared/Qwen/mydisk/output/SYNTHETIC/NVILA-Lite-2B-SYNTHETIC_MIX_5PCT_2M-20260226_023301/checkpoint-6250,obj2_farther,output/phasevar_5/0000_phA15_phB03.png,Is the green sphere farther from the camera than the cyan cube? Answer with yes or no.,No,No,20.234375,20.28125,True
/data/shared/Qwen/mydisk/output/SYNTHETIC/NVILA-Lite-2B-SYNTHETIC_MIX_5PCT_2M-20260226_023301/checkpoint-6250,obj2_farther,output/phasevar_5/0000_phA15_phB04.png,Is the green sphere farther from the camera than the cyan cube? Answer with yes or no.,No,No,20.078125,20.34375,True
/data/shared/Qwen/mydisk/output/SYNTHETIC/NVILA-Lite-2B-SYNTHETIC_MIX_5PCT_2M-20260226_023301/checkpoint-6250,obj2_farther,output/phasevar_5/0000_phA15_phB05.png,Is the green sphere farther from the camera than the cyan cube? Answer with yes or no.,No,No,20.5,20.59375,True
/data/shared/Qwen/mydisk/output/SYNTHETIC/NVILA-Lite-2B-SYNTHETIC_MIX_5PCT_2M-20260226_023301/checkpoint-6250,obj2_farther,output/phasevar_5/0000_phA15_phB06.png,Is the green sphere farther from the camera than the cyan cube? Answer with yes or no.,No,No,20.6875,20.703125,True
/data/shared/Qwen/mydisk/output/SYNTHETIC/NVILA-Lite-2B-SYNTHETIC_MIX_5PCT_2M-20260226_023301/checkpoint-6250,obj2_farther,output/phasevar_5/0000_phA15_phB07.png,Is the green sphere farther from the camera than the cyan cube? Answer with yes or no.,No,No,20.640625,21.109375,True
/data/shared/Qwen/mydisk/output/SYNTHETIC/NVILA-Lite-2B-SYNTHETIC_MIX_5PCT_2M-20260226_023301/checkpoint-6250,obj2_farther,output/phasevar_5/0000_phA15_phB08.png,Is the green sphere farther from the camera than the cyan cube? Answer with yes or no.,No,No,20.546875,21.515625,True
/data/shared/Qwen/mydisk/output/SYNTHETIC/NVILA-Lite-2B-SYNTHETIC_MIX_5PCT_2M-20260226_023301/checkpoint-6250,obj2_farther,output/phasevar_5/0000_phA15_phB09.png,Is the green sphere farther from the camera than the cyan cube? Answer with yes or no.,No,No,20.546875,22.0,True
/data/shared/Qwen/mydisk/output/SYNTHETIC/NVILA-Lite-2B-SYNTHETIC_MIX_5PCT_2M-20260226_023301/checkpoint-6250,obj2_farther,output/phasevar_5/0000_phA15_phB10.png,Is the green sphere farther from the camera than the cyan cube? Answer with yes or no.,No,No,21.015625,22.59375,True
/data/shared/Qwen/mydisk/output/SYNTHETIC/NVILA-Lite-2B-SYNTHETIC_MIX_5PCT_2M-20260226_023301/checkpoint-6250,obj2_farther,output/phasevar_5/0000_phA15_phB11.png,Is the green sphere farther from the camera than the cyan cube? Answer with yes or no.,No,No,19.9375,21.8125,True
/data/shared/Qwen/mydisk/output/SYNTHETIC/NVILA-Lite-2B-SYNTHETIC_MIX_5PCT_2M-20260226_023301/checkpoint-6250,obj2_farther,output/phasevar_5/0000_phA15_phB12.png,Is the green sphere farther from the camera than the cyan cube? Answer with yes or no.,No,No,19.5625,21.453125,True
/data/shared/Qwen/mydisk/output/SYNTHETIC/NVILA-Lite-2B-SYNTHETIC_MIX_5PCT_2M-20260226_023301/checkpoint-6250,obj2_farther,output/phasevar_5/0000_phA15_phB13.png,Is the green sphere farther from the camera than the cyan cube? Answer with yes or no.,No,No,19.65625,21.921875,True
/data/shared/Qwen/mydisk/output/SYNTHETIC/NVILA-Lite-2B-SYNTHETIC_MIX_5PCT_2M-20260226_023301/checkpoint-6250,obj2_farther,output/phasevar_5/0000_phA15_phB14.png,Is the green sphere farther from the camera than the cyan cube? Answer with yes or no.,No,No,20.0,22.109375,True
/data/shared/Qwen/mydisk/output/SYNTHETIC/NVILA-Lite-2B-SYNTHETIC_MIX_5PCT_2M-20260226_023301/checkpoint-6250,obj2_farther,output/phasevar_5/0000_phA15_phB15.png,Is the green sphere farther from the camera than the cyan cube? Answer with yes or no.,No,No,20.046875,22.234375,True
/data/shared/Qwen/mydisk/output/SYNTHETIC/NVILA-Lite-2B-SYNTHETIC_MIX_5PCT_2M-20260226_023301/checkpoint-6250,obj2_farther,output/phasevar_5/0001_phA00_phB00.png,Is the blue cube farther from the camera than the green sphere? Answer with yes or no.,No,No,19.828125,20.4375,True
/data/shared/Qwen/mydisk/output/SYNTHETIC/NVILA-Lite-2B-SYNTHETIC_MIX_5PCT_2M-20260226_023301/checkpoint-6250,obj2_farther,output/phasevar_5/0001_phA00_phB01.png,Is the blue cube farther from the camera than the green sphere? Answer with yes or no.,No,No,20.40625,20.625,True
/data/shared/Qwen/mydisk/output/SYNTHETIC/NVILA-Lite-2B-SYNTHETIC_MIX_5PCT_2M-20260226_023301/checkpoint-6250,obj2_farther,output/phasevar_5/0001_phA00_phB02.png,Is the blue cube farther from the camera than the green sphere? Answer with yes or no.,No,No,20.796875,21.0625,True
/data/shared/Qwen/mydisk/output/SYNTHETIC/NVILA-Lite-2B-SYNTHETIC_MIX_5PCT_2M-20260226_023301/checkpoint-6250,obj2_farther,output/phasevar_5/0001_phA00_phB03.png,Is the blue cube farther from the camera than the green sphere? Answer with yes or no.,No,Yes,20.609375,20.53125,False
/data/shared/Qwen/mydisk/output/SYNTHETIC/NVILA-Lite-2B-SYNTHETIC_MIX_5PCT_2M-20260226_023301/checkpoint-6250,obj2_farther,output/phasevar_5/0001_phA00_phB04.png,Is the blue cube farther from the camera than the green sphere? Answer with yes or no.,No,No,19.921875,20.640625,True
/data/shared/Qwen/mydisk/output/SYNTHETIC/NVILA-Lite-2B-SYNTHETIC_MIX_5PCT_2M-20260226_023301/checkpoint-6250,obj2_farther,output/phasevar_5/0001_phA00_phB05.png,Is the blue cube farther from the camera than the green sphere? Answer with yes or no.,No,No,20.296875,20.859375,True
/data/shared/Qwen/mydisk/output/SYNTHETIC/NVILA-Lite-2B-SYNTHETIC_MIX_5PCT_2M-20260226_023301/checkpoint-6250,obj2_farther,output/phasevar_5/0001_phA00_phB06.png,Is the blue cube farther from the camera than the green sphere? Answer with yes or no.,No,No,20.796875,21.546875,True
/data/shared/Qwen/mydisk/output/SYNTHETIC/NVILA-Lite-2B-SYNTHETIC_MIX_5PCT_2M-20260226_023301/checkpoint-6250,obj2_farther,output/phasevar_5/0001_phA00_phB07.png,Is the blue cube farther from the camera than the green sphere? Answer with yes or no.,No,No,20.25,21.390625,True
/data/shared/Qwen/mydisk/output/SYNTHETIC/NVILA-Lite-2B-SYNTHETIC_MIX_5PCT_2M-20260226_023301/checkpoint-6250,obj2_farther,output/phasevar_5/0001_phA00_phB08.png,Is the blue cube farther from the camera than the green sphere? Answer with yes or no.,No,No,20.234375,21.078125,True
/data/shared/Qwen/mydisk/output/SYNTHETIC/NVILA-Lite-2B-SYNTHETIC_MIX_5PCT_2M-20260226_023301/checkpoint-6250,obj2_farther,output/phasevar_5/0001_phA00_phB09.png,Is the blue cube farther from the camera than the green sphere? Answer with yes or no.,No,No,20.53125,21.671875,True
/data/shared/Qwen/mydisk/output/SYNTHETIC/NVILA-Lite-2B-SYNTHETIC_MIX_5PCT_2M-20260226_023301/checkpoint-6250,obj2_farther,output/phasevar_5/0001_phA00_phB10.png,Is the blue cube farther from the camera than the green sphere? Answer with yes or no.,No,No,21.21875,22.09375,True
/data/shared/Qwen/mydisk/output/SYNTHETIC/NVILA-Lite-2B-SYNTHETIC_MIX_5PCT_2M-20260226_023301/checkpoint-6250,obj2_farther,output/phasevar_5/0001_phA00_phB11.png,Is the blue cube farther from the camera than the green sphere? Answer with yes or no.,No,No,20.203125,21.25,True
/data/shared/Qwen/mydisk/output/SYNTHETIC/NVILA-Lite-2B-SYNTHETIC_MIX_5PCT_2M-20260226_023301/checkpoint-6250,obj2_farther,output/phasevar_5/0001_phA00_phB12.png,Is the blue cube farther from the camera than the green sphere? Answer with yes or no.,No,No,19.953125,20.9375,True
/data/shared/Qwen/mydisk/output/SYNTHETIC/NVILA-Lite-2B-SYNTHETIC_MIX_5PCT_2M-20260226_023301/checkpoint-6250,obj2_farther,output/phasevar_5/0001_phA00_phB13.png,Is the blue cube farther from the camera than the green sphere? Answer with yes or no.,No,No,19.640625,20.859375,True
/data/shared/Qwen/mydisk/output/SYNTHETIC/NVILA-Lite-2B-SYNTHETIC_MIX_5PCT_2M-20260226_023301/checkpoint-6250,obj2_farther,output/phasevar_5/0001_phA00_phB14.png,Is the blue cube farther from the camera than the green sphere? Answer with yes or no.,No,No,20.296875,21.359375,True
/data/shared/Qwen/mydisk/output/SYNTHETIC/NVILA-Lite-2B-SYNTHETIC_MIX_5PCT_2M-20260226_023301/checkpoint-6250,obj2_farther,output/phasevar_5/0001_phA00_phB15.png,Is the blue cube farther from the camera than the green sphere? Answer with yes or no.,No,No,20.09375,20.734375,True
/data/shared/Qwen/mydisk/output/SYNTHETIC/NVILA-Lite-2B-SYNTHETIC_MIX_5PCT_2M-20260226_023301/checkpoint-6250,obj2_farther,output/phasevar_5/0001_phA01_phB00.png,Is the blue cube farther from the camera than the green sphere? Answer with yes or no.,No,No,19.84375,20.484375,True
/data/shared/Qwen/mydisk/output/SYNTHETIC/NVILA-Lite-2B-SYNTHETIC_MIX_5PCT_2M-20260226_023301/checkpoint-6250,obj2_farther,output/phasevar_5/0001_phA01_phB01.png,Is the blue cube farther from the camera than the green sphere? Answer with yes or no.,No,No,20.328125,20.671875,True
/data/shared/Qwen/mydisk/output/SYNTHETIC/NVILA-Lite-2B-SYNTHETIC_MIX_5PCT_2M-20260226_023301/checkpoint-6250,obj2_farther,output/phasevar_5/0001_phA01_phB02.png,Is the blue cube farther from the camera than the green sphere? Answer with yes or no.,No,No,20.640625,20.953125,True
/data/shared/Qwen/mydisk/output/SYNTHETIC/NVILA-Lite-2B-SYNTHETIC_MIX_5PCT_2M-20260226_023301/checkpoint-6250,obj2_farther,output/phasevar_5/0001_phA01_phB03.png,Is the blue cube farther from the camera than the green sphere? Answer with yes or no.,No,No,20.515625,20.578125,True
/data/shared/Qwen/mydisk/output/SYNTHETIC/NVILA-Lite-2B-SYNTHETIC_MIX_5PCT_2M-20260226_023301/checkpoint-6250,obj2_farther,output/phasevar_5/0001_phA01_phB04.png,Is the blue cube farther from the camera than the green sphere? Answer with yes or no.,No,No,19.921875,20.734375,True
/data/shared/Qwen/mydisk/output/SYNTHETIC/NVILA-Lite-2B-SYNTHETIC_MIX_5PCT_2M-20260226_023301/checkpoint-6250,obj2_farther,output/phasevar_5/0001_phA01_phB05.png,Is the blue cube farther from the camera than the green sphere? Answer with yes or no.,No,No,20.359375,20.953125,True
/data/shared/Qwen/mydisk/output/SYNTHETIC/NVILA-Lite-2B-SYNTHETIC_MIX_5PCT_2M-20260226_023301/checkpoint-6250,obj2_farther,output/phasevar_5/0001_phA01_phB06.png,Is the blue cube farther from the camera than the green sphere? Answer with yes or no.,No,No,20.65625,21.515625,True
/data/shared/Qwen/mydisk/output/SYNTHETIC/NVILA-Lite-2B-SYNTHETIC_MIX_5PCT_2M-20260226_023301/checkpoint-6250,obj2_farther,output/phasevar_5/0001_phA01_phB07.png,Is the blue cube farther from the camera than the green sphere? Answer with yes or no.,No,No,20.109375,21.328125,True
/data/shared/Qwen/mydisk/output/SYNTHETIC/NVILA-Lite-2B-SYNTHETIC_MIX_5PCT_2M-20260226_023301/checkpoint-6250,obj2_farther,output/phasevar_5/0001_phA01_phB08.png,Is the blue cube farther from the camera than the green sphere? Answer with yes or no.,No,No,20.21875,21.125,True
/data/shared/Qwen/mydisk/output/SYNTHETIC/NVILA-Lite-2B-SYNTHETIC_MIX_5PCT_2M-20260226_023301/checkpoint-6250,obj2_farther,output/phasevar_5/0001_phA01_phB09.png,Is the blue cube farther from the camera than the green sphere? Answer with yes or no.,No,No,20.546875,21.640625,True
/data/shared/Qwen/mydisk/output/SYNTHETIC/NVILA-Lite-2B-SYNTHETIC_MIX_5PCT_2M-20260226_023301/checkpoint-6250,obj2_farther,output/phasevar_5/0001_phA01_phB10.png,Is the blue cube farther from the camera than the green sphere? Answer with yes or no.,No,No,21.28125,22.25,True
/data/shared/Qwen/mydisk/output/SYNTHETIC/NVILA-Lite-2B-SYNTHETIC_MIX_5PCT_2M-20260226_023301/checkpoint-6250,obj2_farther,output/phasevar_5/0001_phA01_phB11.png,Is the blue cube farther from the camera than the green sphere? Answer with yes or no.,No,No,20.28125,21.375,True
/data/shared/Qwen/mydisk/output/SYNTHETIC/NVILA-Lite-2B-SYNTHETIC_MIX_5PCT_2M-20260226_023301/checkpoint-6250,obj2_farther,output/phasevar_5/0001_phA01_phB12.png,Is the blue cube farther from the camera than the green sphere? Answer with yes or no.,No,No,20.140625,21.1875,True
/data/shared/Qwen/mydisk/output/SYNTHETIC/NVILA-Lite-2B-SYNTHETIC_MIX_5PCT_2M-20260226_023301/checkpoint-6250,obj2_farther,output/phasevar_5/0001_phA01_phB13.png,Is the blue cube farther from the camera than the green sphere? Answer with yes or no.,No,No,19.765625,20.953125,True
/data/shared/Qwen/mydisk/output/SYNTHETIC/NVILA-Lite-2B-SYNTHETIC_MIX_5PCT_2M-20260226_023301/checkpoint-6250,obj2_farther,output/phasevar_5/0001_phA01_phB14.png,Is the blue cube farther from the camera than the green sphere? Answer with yes or no.,No,No,20.3125,21.46875,True
/data/shared/Qwen/mydisk/output/SYNTHETIC/NVILA-Lite-2B-SYNTHETIC_MIX_5PCT_2M-20260226_023301/checkpoint-6250,obj2_farther,output/phasevar_5/0001_phA01_phB15.png,Is the blue cube farther from the camera than the green sphere? Answer with yes or no.,No,No,20.171875,20.75,True
/data/shared/Qwen/mydisk/output/SYNTHETIC/NVILA-Lite-2B-SYNTHETIC_MIX_5PCT_2M-20260226_023301/checkpoint-6250,obj2_farther,output/phasevar_5/0001_phA02_phB00.png,Is the blue cube farther from the camera than the green sphere? Answer with yes or no.,No,No,20.0,20.25,True
/data/shared/Qwen/mydisk/output/SYNTHETIC/NVILA-Lite-2B-SYNTHETIC_MIX_5PCT_2M-20260226_023301/checkpoint-6250,obj2_farther,output/phasevar_5/0001_phA02_phB01.png,Is the blue cube farther from the camera than the green sphere? Answer with yes or no.,No,No,19.984375,20.34375,True
/data/shared/Qwen/mydisk/output/SYNTHETIC/NVILA-Lite-2B-SYNTHETIC_MIX_5PCT_2M-20260226_023301/checkpoint-6250,obj2_farther,output/phasevar_5/0001_phA02_phB02.png,Is the blue cube farther from the camera than the green sphere? Answer with yes or no.,No,No,20.546875,20.796875,True
/data/shared/Qwen/mydisk/output/SYNTHETIC/NVILA-Lite-2B-SYNTHETIC_MIX_5PCT_2M-20260226_023301/checkpoint-6250,obj2_farther,output/phasevar_5/0001_phA02_phB03.png,Is the blue cube farther from the camera than the green sphere? Answer with yes or no.,No,Yes,20.296875,20.265625,False
/data/shared/Qwen/mydisk/output/SYNTHETIC/NVILA-Lite-2B-SYNTHETIC_MIX_5PCT_2M-20260226_023301/checkpoint-6250,obj2_farther,output/phasevar_5/0001_phA02_phB04.png,Is the blue cube farther from the camera than the green sphere? Answer with yes or no.,No,No,19.71875,20.546875,True
/data/shared/Qwen/mydisk/output/SYNTHETIC/NVILA-Lite-2B-SYNTHETIC_MIX_5PCT_2M-20260226_023301/checkpoint-6250,obj2_farther,output/phasevar_5/0001_phA02_phB05.png,Is the blue cube farther from the camera than the green sphere? Answer with yes or no.,No,No,20.09375,20.765625,True
/data/shared/Qwen/mydisk/output/SYNTHETIC/NVILA-Lite-2B-SYNTHETIC_MIX_5PCT_2M-20260226_023301/checkpoint-6250,obj2_farther,output/phasevar_5/0001_phA02_phB06.png,Is the blue cube farther from the camera than the green sphere? Answer with yes or no.,No,No,20.453125,21.40625,True
/data/shared/Qwen/mydisk/output/SYNTHETIC/NVILA-Lite-2B-SYNTHETIC_MIX_5PCT_2M-20260226_023301/checkpoint-6250,obj2_farther,output/phasevar_5/0001_phA02_phB07.png,Is the blue cube farther from the camera than the green sphere? Answer with yes or no.,No,No,20.09375,21.171875,True
/data/shared/Qwen/mydisk/output/SYNTHETIC/NVILA-Lite-2B-SYNTHETIC_MIX_5PCT_2M-20260226_023301/checkpoint-6250,obj2_farther,output/phasevar_5/0001_phA02_phB08.png,Is the blue cube farther from the camera than the green sphere? Answer with yes or no.,No,No,20.234375,21.0625,True
/data/shared/Qwen/mydisk/output/SYNTHETIC/NVILA-Lite-2B-SYNTHETIC_MIX_5PCT_2M-20260226_023301/checkpoint-6250,obj2_farther,output/phasevar_5/0001_phA02_phB09.png,Is the blue cube farther from the camera than the green sphere? Answer with yes or no.,No,No,20.671875,21.640625,True
/data/shared/Qwen/mydisk/output/SYNTHETIC/NVILA-Lite-2B-SYNTHETIC_MIX_5PCT_2M-20260226_023301/checkpoint-6250,obj2_farther,output/phasevar_5/0001_phA02_phB10.png,Is the blue cube farther from the camera than the green sphere? Answer with yes or no.,No,No,21.359375,22.21875,True
/data/shared/Qwen/mydisk/output/SYNTHETIC/NVILA-Lite-2B-SYNTHETIC_MIX_5PCT_2M-20260226_023301/checkpoint-6250,obj2_farther,output/phasevar_5/0001_phA02_phB11.png,Is the blue cube farther from the camera than the green sphere? Answer with yes or no.,No,No,20.40625,21.375,True
/data/shared/Qwen/mydisk/output/SYNTHETIC/NVILA-Lite-2B-SYNTHETIC_MIX_5PCT_2M-20260226_023301/checkpoint-6250,obj2_farther,output/phasevar_5/0001_phA02_phB12.png,Is the blue cube farther from the camera than the green sphere? Answer with yes or no.,No,No,20.34375,21.28125,True
/data/shared/Qwen/mydisk/output/SYNTHETIC/NVILA-Lite-2B-SYNTHETIC_MIX_5PCT_2M-20260226_023301/checkpoint-6250,obj2_farther,output/phasevar_5/0001_phA02_phB13.png,Is the blue cube farther from the camera than the green sphere? Answer with yes or no.,No,No,20.046875,21.09375,True
/data/shared/Qwen/mydisk/output/SYNTHETIC/NVILA-Lite-2B-SYNTHETIC_MIX_5PCT_2M-20260226_023301/checkpoint-6250,obj2_farther,output/phasevar_5/0001_phA02_phB14.png,Is the blue cube farther from the camera than the green sphere? Answer with yes or no.,No,No,20.28125,21.375,True
/data/shared/Qwen/mydisk/output/SYNTHETIC/NVILA-Lite-2B-SYNTHETIC_MIX_5PCT_2M-20260226_023301/checkpoint-6250,obj2_farther,output/phasevar_5/0001_phA02_phB15.png,Is the blue cube farther from the camera than the green sphere? Answer with yes or no.,No,No,20.265625,20.671875,True
/data/shared/Qwen/mydisk/output/SYNTHETIC/NVILA-Lite-2B-SYNTHETIC_MIX_5PCT_2M-20260226_023301/checkpoint-6250,obj2_farther,output/phasevar_5/0001_phA03_phB00.png,Is the blue cube farther from the camera than the green sphere? Answer with yes or no.,No,No,20.03125,20.046875,True
/data/shared/Qwen/mydisk/output/SYNTHETIC/NVILA-Lite-2B-SYNTHETIC_MIX_5PCT_2M-20260226_023301/checkpoint-6250,obj2_farther,output/phasevar_5/0001_phA03_phB01.png,Is the blue cube farther from the camera than the green sphere? Answer with yes or no.,No,No,19.984375,20.09375,True
/data/shared/Qwen/mydisk/output/SYNTHETIC/NVILA-Lite-2B-SYNTHETIC_MIX_5PCT_2M-20260226_023301/checkpoint-6250,obj2_farther,output/phasevar_5/0001_phA03_phB02.png,Is the blue cube farther from the camera than the green sphere? Answer with yes or no.,No,Yes,20.703125,20.671875,False
/data/shared/Qwen/mydisk/output/SYNTHETIC/NVILA-Lite-2B-SYNTHETIC_MIX_5PCT_2M-20260226_023301/checkpoint-6250,obj2_farther,output/phasevar_5/0001_phA03_phB03.png,Is the blue cube farther from the camera than the green sphere? Answer with yes or no.,No,Yes,20.484375,20.15625,False
/data/shared/Qwen/mydisk/output/SYNTHETIC/NVILA-Lite-2B-SYNTHETIC_MIX_5PCT_2M-20260226_023301/checkpoint-6250,obj2_farther,output/phasevar_5/0001_phA03_phB04.png,Is the blue cube farther from the camera than the green sphere? Answer with yes or no.,No,No,19.640625,20.265625,True
/data/shared/Qwen/mydisk/output/SYNTHETIC/NVILA-Lite-2B-SYNTHETIC_MIX_5PCT_2M-20260226_023301/checkpoint-6250,obj2_farther,output/phasevar_5/0001_phA03_phB05.png,Is the blue cube farther from the camera than the green sphere? Answer with yes or no.,No,No,20.15625,20.546875,True
/data/shared/Qwen/mydisk/output/SYNTHETIC/NVILA-Lite-2B-SYNTHETIC_MIX_5PCT_2M-20260226_023301/checkpoint-6250,obj2_farther,output/phasevar_5/0001_phA03_phB06.png,Is the blue cube farther from the camera than the green sphere? Answer with yes or no.,No,No,20.28125,21.03125,True
/data/shared/Qwen/mydisk/output/SYNTHETIC/NVILA-Lite-2B-SYNTHETIC_MIX_5PCT_2M-20260226_023301/checkpoint-6250,obj2_farther,output/phasevar_5/0001_phA03_phB07.png,Is the blue cube farther from the camera than the green sphere? Answer with yes or no.,No,No,19.625,20.59375,True
/data/shared/Qwen/mydisk/output/SYNTHETIC/NVILA-Lite-2B-SYNTHETIC_MIX_5PCT_2M-20260226_023301/checkpoint-6250,obj2_farther,output/phasevar_5/0001_phA03_phB08.png,Is the blue cube farther from the camera than the green sphere? Answer with yes or no.,No,No,19.828125,20.4375,True
/data/shared/Qwen/mydisk/output/SYNTHETIC/NVILA-Lite-2B-SYNTHETIC_MIX_5PCT_2M-20260226_023301/checkpoint-6250,obj2_farther,output/phasevar_5/0001_phA03_phB09.png,Is the blue cube farther from the camera than the green sphere? Answer with yes or no.,No,No,20.671875,21.234375,True
/data/shared/Qwen/mydisk/output/SYNTHETIC/NVILA-Lite-2B-SYNTHETIC_MIX_5PCT_2M-20260226_023301/checkpoint-6250,obj2_farther,output/phasevar_5/0001_phA03_phB10.png,Is the blue cube farther from the camera than the green sphere? Answer with yes or no.,No,No,21.5625,22.203125,True
/data/shared/Qwen/mydisk/output/SYNTHETIC/NVILA-Lite-2B-SYNTHETIC_MIX_5PCT_2M-20260226_023301/checkpoint-6250,obj2_farther,output/phasevar_5/0001_phA03_phB11.png,Is the blue cube farther from the camera than the green sphere? Answer with yes or no.,No,No,20.515625,21.3125,True
/data/shared/Qwen/mydisk/output/SYNTHETIC/NVILA-Lite-2B-SYNTHETIC_MIX_5PCT_2M-20260226_023301/checkpoint-6250,obj2_farther,output/phasevar_5/0001_phA03_phB12.png,Is the blue cube farther from the camera than the green sphere? Answer with yes or no.,No,No,20.234375,21.03125,True
/data/shared/Qwen/mydisk/output/SYNTHETIC/NVILA-Lite-2B-SYNTHETIC_MIX_5PCT_2M-20260226_023301/checkpoint-6250,obj2_farther,output/phasevar_5/0001_phA03_phB13.png,Is the blue cube farther from the camera than the green sphere? Answer with yes or no.,No,No,20.171875,20.921875,True
/data/shared/Qwen/mydisk/output/SYNTHETIC/NVILA-Lite-2B-SYNTHETIC_MIX_5PCT_2M-20260226_023301/checkpoint-6250,obj2_farther,output/phasevar_5/0001_phA03_phB14.png,Is the blue cube farther from the camera than the green sphere? Answer with yes or no.,No,No,20.46875,21.3125,True
/data/shared/Qwen/mydisk/output/SYNTHETIC/NVILA-Lite-2B-SYNTHETIC_MIX_5PCT_2M-20260226_023301/checkpoint-6250,obj2_farther,output/phasevar_5/0001_phA03_phB15.png,Is the blue cube farther from the camera than the green sphere? Answer with yes or no.,No,No,20.515625,20.578125,True
/data/shared/Qwen/mydisk/output/SYNTHETIC/NVILA-Lite-2B-SYNTHETIC_MIX_5PCT_2M-20260226_023301/checkpoint-6250,obj2_farther,output/phasevar_5/0001_phA04_phB00.png,Is the blue cube farther from the camera than the green sphere? Answer with yes or no.,No,Yes,19.953125,19.90625,False
/data/shared/Qwen/mydisk/output/SYNTHETIC/NVILA-Lite-2B-SYNTHETIC_MIX_5PCT_2M-20260226_023301/checkpoint-6250,obj2_farther,output/phasevar_5/0001_phA04_phB01.png,Is the blue cube farther from the camera than the green sphere? Answer with yes or no.,No,No,20.015625,20.140625,True
/data/shared/Qwen/mydisk/output/SYNTHETIC/NVILA-Lite-2B-SYNTHETIC_MIX_5PCT_2M-20260226_023301/checkpoint-6250,obj2_farther,output/phasevar_5/0001_phA04_phB02.png,Is the blue cube farther from the camera than the green sphere? Answer with yes or no.,No,Yes,20.890625,20.65625,False
/data/shared/Qwen/mydisk/output/SYNTHETIC/NVILA-Lite-2B-SYNTHETIC_MIX_5PCT_2M-20260226_023301/checkpoint-6250,obj2_farther,output/phasevar_5/0001_phA04_phB03.png,Is the blue cube farther from the camera than the green sphere? Answer with yes or no.,No,Yes,20.578125,19.96875,False
/data/shared/Qwen/mydisk/output/SYNTHETIC/NVILA-Lite-2B-SYNTHETIC_MIX_5PCT_2M-20260226_023301/checkpoint-6250,obj2_farther,output/phasevar_5/0001_phA04_phB04.png,Is the blue cube farther from the camera than the green sphere? Answer with yes or no.,No,No,19.578125,20.046875,True
/data/shared/Qwen/mydisk/output/SYNTHETIC/NVILA-Lite-2B-SYNTHETIC_MIX_5PCT_2M-20260226_023301/checkpoint-6250,obj2_farther,output/phasevar_5/0001_phA04_phB05.png,Is the blue cube farther from the camera than the green sphere? Answer with yes or no.,No,No,20.125,20.390625,True
/data/shared/Qwen/mydisk/output/SYNTHETIC/NVILA-Lite-2B-SYNTHETIC_MIX_5PCT_2M-20260226_023301/checkpoint-6250,obj2_farther,output/phasevar_5/0001_phA04_phB06.png,Is the blue cube farther from the camera than the green sphere? Answer with yes or no.,No,No,20.234375,20.796875,True
/data/shared/Qwen/mydisk/output/SYNTHETIC/NVILA-Lite-2B-SYNTHETIC_MIX_5PCT_2M-20260226_023301/checkpoint-6250,obj2_farther,output/phasevar_5/0001_phA04_phB07.png,Is the blue cube farther from the camera than the green sphere? Answer with yes or no.,No,No,19.46875,20.25,True
/data/shared/Qwen/mydisk/output/SYNTHETIC/NVILA-Lite-2B-SYNTHETIC_MIX_5PCT_2M-20260226_023301/checkpoint-6250,obj2_farther,output/phasevar_5/0001_phA04_phB08.png,Is the blue cube farther from the camera than the green sphere? Answer with yes or no.,No,No,19.640625,20.046875,True
/data/shared/Qwen/mydisk/output/SYNTHETIC/NVILA-Lite-2B-SYNTHETIC_MIX_5PCT_2M-20260226_023301/checkpoint-6250,obj2_farther,output/phasevar_5/0001_phA04_phB09.png,Is the blue cube farther from the camera than the green sphere? Answer with yes or no.,No,No,20.53125,20.84375,True
/data/shared/Qwen/mydisk/output/SYNTHETIC/NVILA-Lite-2B-SYNTHETIC_MIX_5PCT_2M-20260226_023301/checkpoint-6250,obj2_farther,output/phasevar_5/0001_phA04_phB10.png,Is the blue cube farther from the camera than the green sphere? Answer with yes or no.,No,No,21.453125,21.859375,True
/data/shared/Qwen/mydisk/output/SYNTHETIC/NVILA-Lite-2B-SYNTHETIC_MIX_5PCT_2M-20260226_023301/checkpoint-6250,obj2_farther,output/phasevar_5/0001_phA04_phB11.png,Is the blue cube farther from the camera than the green sphere? Answer with yes or no.,No,No,20.53125,21.1875,True
/data/shared/Qwen/mydisk/output/SYNTHETIC/NVILA-Lite-2B-SYNTHETIC_MIX_5PCT_2M-20260226_023301/checkpoint-6250,obj2_farther,output/phasevar_5/0001_phA04_phB12.png,Is the blue cube farther from the camera than the green sphere? Answer with yes or no.,No,No,20.09375,20.78125,True
/data/shared/Qwen/mydisk/output/SYNTHETIC/NVILA-Lite-2B-SYNTHETIC_MIX_5PCT_2M-20260226_023301/checkpoint-6250,obj2_farther,output/phasevar_5/0001_phA04_phB13.png,Is the blue cube farther from the camera than the green sphere? Answer with yes or no.,No,No,20.109375,20.71875,True
/data/shared/Qwen/mydisk/output/SYNTHETIC/NVILA-Lite-2B-SYNTHETIC_MIX_5PCT_2M-20260226_023301/checkpoint-6250,obj2_farther,output/phasevar_5/0001_phA04_phB14.png,Is the blue cube farther from the camera than the green sphere? Answer with yes or no.,No,No,20.453125,21.0625,True
/data/shared/Qwen/mydisk/output/SYNTHETIC/NVILA-Lite-2B-SYNTHETIC_MIX_5PCT_2M-20260226_023301/checkpoint-6250,obj2_farther,output/phasevar_5/0001_phA04_phB15.png,Is the blue cube farther from the camera than the green sphere? Answer with yes or no.,No,Yes,20.546875,20.484375,False
/data/shared/Qwen/mydisk/output/SYNTHETIC/NVILA-Lite-2B-SYNTHETIC_MIX_5PCT_2M-20260226_023301/checkpoint-6250,obj2_farther,output/phasevar_5/0001_phA05_phB00.png,Is the blue cube farther from the camera than the green sphere? Answer with yes or no.,No,No,20.0,20.078125,True
/data/shared/Qwen/mydisk/output/SYNTHETIC/NVILA-Lite-2B-SYNTHETIC_MIX_5PCT_2M-20260226_023301/checkpoint-6250,obj2_farther,output/phasevar_5/0001_phA05_phB01.png,Is the blue cube farther from the camera than the green sphere? Answer with yes or no.,No,No,19.890625,20.3125,True
/data/shared/Qwen/mydisk/output/SYNTHETIC/NVILA-Lite-2B-SYNTHETIC_MIX_5PCT_2M-20260226_023301/checkpoint-6250,obj2_farther,output/phasevar_5/0001_phA05_phB02.png,Is the blue cube farther from the camera than the green sphere? Answer with yes or no.,No,No,20.921875,20.9375,True
/data/shared/Qwen/mydisk/output/SYNTHETIC/NVILA-Lite-2B-SYNTHETIC_MIX_5PCT_2M-20260226_023301/checkpoint-6250,obj2_farther,output/phasevar_5/0001_phA05_phB03.png,Is the blue cube farther from the camera than the green sphere? Answer with yes or no.,No,Yes,20.703125,20.25,False
/data/shared/Qwen/mydisk/output/SYNTHETIC/NVILA-Lite-2B-SYNTHETIC_MIX_5PCT_2M-20260226_023301/checkpoint-6250,obj2_farther,output/phasevar_5/0001_phA05_phB04.png,Is the blue cube farther from the camera than the green sphere? Answer with yes or no.,No,No,19.71875,20.234375,True
/data/shared/Qwen/mydisk/output/SYNTHETIC/NVILA-Lite-2B-SYNTHETIC_MIX_5PCT_2M-20260226_023301/checkpoint-6250,obj2_farther,output/phasevar_5/0001_phA05_phB05.png,Is the blue cube farther from the camera than the green sphere? Answer with yes or no.,No,No,20.21875,20.609375,True
/data/shared/Qwen/mydisk/output/SYNTHETIC/NVILA-Lite-2B-SYNTHETIC_MIX_5PCT_2M-20260226_023301/checkpoint-6250,obj2_farther,output/phasevar_5/0001_phA05_phB06.png,Is the blue cube farther from the camera than the green sphere? Answer with yes or no.,No,No,20.203125,21.03125,True
/data/shared/Qwen/mydisk/output/SYNTHETIC/NVILA-Lite-2B-SYNTHETIC_MIX_5PCT_2M-20260226_023301/checkpoint-6250,obj2_farther,output/phasevar_5/0001_phA05_phB07.png,Is the blue cube farther from the camera than the green sphere? Answer with yes or no.,No,No,19.546875,20.421875,True
/data/shared/Qwen/mydisk/output/SYNTHETIC/NVILA-Lite-2B-SYNTHETIC_MIX_5PCT_2M-20260226_023301/checkpoint-6250,obj2_farther,output/phasevar_5/0001_phA05_phB08.png,Is the blue cube farther from the camera than the green sphere? Answer with yes or no.,No,No,19.671875,20.171875,True
/data/shared/Qwen/mydisk/output/SYNTHETIC/NVILA-Lite-2B-SYNTHETIC_MIX_5PCT_2M-20260226_023301/checkpoint-6250,obj2_farther,output/phasevar_5/0001_phA05_phB09.png,Is the blue cube farther from the camera than the green sphere? Answer with yes or no.,No,No,20.53125,20.90625,True
/data/shared/Qwen/mydisk/output/SYNTHETIC/NVILA-Lite-2B-SYNTHETIC_MIX_5PCT_2M-20260226_023301/checkpoint-6250,obj2_farther,output/phasevar_5/0001_phA05_phB10.png,Is the blue cube farther from the camera than the green sphere? Answer with yes or no.,No,No,21.4375,21.9375,True
/data/shared/Qwen/mydisk/output/SYNTHETIC/NVILA-Lite-2B-SYNTHETIC_MIX_5PCT_2M-20260226_023301/checkpoint-6250,obj2_farther,output/phasevar_5/0001_phA05_phB11.png,Is the blue cube farther from the camera than the green sphere? Answer with yes or no.,No,No,20.390625,21.109375,True
/data/shared/Qwen/mydisk/output/SYNTHETIC/NVILA-Lite-2B-SYNTHETIC_MIX_5PCT_2M-20260226_023301/checkpoint-6250,obj2_farther,output/phasevar_5/0001_phA05_phB12.png,Is the blue cube farther from the camera than the green sphere? Answer with yes or no.,No,No,19.9375,20.65625,True
/data/shared/Qwen/mydisk/output/SYNTHETIC/NVILA-Lite-2B-SYNTHETIC_MIX_5PCT_2M-20260226_023301/checkpoint-6250,obj2_farther,output/phasevar_5/0001_phA05_phB13.png,Is the blue cube farther from the camera than the green sphere? Answer with yes or no.,No,No,19.96875,20.765625,True
/data/shared/Qwen/mydisk/output/SYNTHETIC/NVILA-Lite-2B-SYNTHETIC_MIX_5PCT_2M-20260226_023301/checkpoint-6250,obj2_farther,output/phasevar_5/0001_phA05_phB14.png,Is the blue cube farther from the camera than the green sphere? Answer with yes or no.,No,No,20.4375,21.203125,True
/data/shared/Qwen/mydisk/output/SYNTHETIC/NVILA-Lite-2B-SYNTHETIC_MIX_5PCT_2M-20260226_023301/checkpoint-6250,obj2_farther,output/phasevar_5/0001_phA05_phB15.png,Is the blue cube farther from the camera than the green sphere? Answer with yes or no.,No,No,20.640625,20.703125,True
/data/shared/Qwen/mydisk/output/SYNTHETIC/NVILA-Lite-2B-SYNTHETIC_MIX_5PCT_2M-20260226_023301/checkpoint-6250,obj2_farther,output/phasevar_5/0001_phA06_phB00.png,Is the blue cube farther from the camera than the green sphere? Answer with yes or no.,No,No,19.703125,19.859375,True
/data/shared/Qwen/mydisk/output/SYNTHETIC/NVILA-Lite-2B-SYNTHETIC_MIX_5PCT_2M-20260226_023301/checkpoint-6250,obj2_farther,output/phasevar_5/0001_phA06_phB01.png,Is the blue cube farther from the camera than the green sphere? Answer with yes or no.,No,No,19.6875,20.078125,True
/data/shared/Qwen/mydisk/output/SYNTHETIC/NVILA-Lite-2B-SYNTHETIC_MIX_5PCT_2M-20260226_023301/checkpoint-6250,obj2_farther,output/phasevar_5/0001_phA06_phB02.png,Is the blue cube farther from the camera than the green sphere? Answer with yes or no.,No,No,20.65625,20.78125,True
/data/shared/Qwen/mydisk/output/SYNTHETIC/NVILA-Lite-2B-SYNTHETIC_MIX_5PCT_2M-20260226_023301/checkpoint-6250,obj2_farther,output/phasevar_5/0001_phA06_phB03.png,Is the blue cube farther from the camera than the green sphere? Answer with yes or no.,No,Yes,20.34375,19.984375,False
/data/shared/Qwen/mydisk/output/SYNTHETIC/NVILA-Lite-2B-SYNTHETIC_MIX_5PCT_2M-20260226_023301/checkpoint-6250,obj2_farther,output/phasevar_5/0001_phA06_phB04.png,Is the blue cube farther from the camera than the green sphere? Answer with yes or no.,No,No,19.296875,19.765625,True
/data/shared/Qwen/mydisk/output/SYNTHETIC/NVILA-Lite-2B-SYNTHETIC_MIX_5PCT_2M-20260226_023301/checkpoint-6250,obj2_farther,output/phasevar_5/0001_phA06_phB05.png,Is the blue cube farther from the camera than the green sphere? Answer with yes or no.,No,No,19.5,20.125,True
/data/shared/Qwen/mydisk/output/SYNTHETIC/NVILA-Lite-2B-SYNTHETIC_MIX_5PCT_2M-20260226_023301/checkpoint-6250,obj2_farther,output/phasevar_5/0001_phA06_phB06.png,Is the blue cube farther from the camera than the green sphere? Answer with yes or no.,No,No,19.765625,20.890625,True
/data/shared/Qwen/mydisk/output/SYNTHETIC/NVILA-Lite-2B-SYNTHETIC_MIX_5PCT_2M-20260226_023301/checkpoint-6250,obj2_farther,output/phasevar_5/0001_phA06_phB07.png,Is the blue cube farther from the camera than the green sphere? Answer with yes or no.,No,No,19.40625,20.46875,True
/data/shared/Qwen/mydisk/output/SYNTHETIC/NVILA-Lite-2B-SYNTHETIC_MIX_5PCT_2M-20260226_023301/checkpoint-6250,obj2_farther,output/phasevar_5/0001_phA06_phB08.png,Is the blue cube farther from the camera than the green sphere? Answer with yes or no.,No,No,19.578125,20.328125,True
/data/shared/Qwen/mydisk/output/SYNTHETIC/NVILA-Lite-2B-SYNTHETIC_MIX_5PCT_2M-20260226_023301/checkpoint-6250,obj2_farther,output/phasevar_5/0001_phA06_phB09.png,Is the blue cube farther from the camera than the green sphere? Answer with yes or no.,No,No,20.203125,20.921875,True
/data/shared/Qwen/mydisk/output/SYNTHETIC/NVILA-Lite-2B-SYNTHETIC_MIX_5PCT_2M-20260226_023301/checkpoint-6250,obj2_farther,output/phasevar_5/0001_phA06_phB10.png,Is the blue cube farther from the camera than the green sphere? Answer with yes or no.,No,No,20.84375,21.5,True
/data/shared/Qwen/mydisk/output/SYNTHETIC/NVILA-Lite-2B-SYNTHETIC_MIX_5PCT_2M-20260226_023301/checkpoint-6250,obj2_farther,output/phasevar_5/0001_phA06_phB11.png,Is the blue cube farther from the camera than the green sphere? Answer with yes or no.,No,No,19.953125,20.734375,True
/data/shared/Qwen/mydisk/output/SYNTHETIC/NVILA-Lite-2B-SYNTHETIC_MIX_5PCT_2M-20260226_023301/checkpoint-6250,obj2_farther,output/phasevar_5/0001_phA06_phB12.png,Is the blue cube farther from the camera than the green sphere? Answer with yes or no.,No,No,19.9375,20.75,True
/data/shared/Qwen/mydisk/output/SYNTHETIC/NVILA-Lite-2B-SYNTHETIC_MIX_5PCT_2M-20260226_023301/checkpoint-6250,obj2_farther,output/phasevar_5/0001_phA06_phB13.png,Is the blue cube farther from the camera than the green sphere? Answer with yes or no.,No,No,19.875,20.71875,True
/data/shared/Qwen/mydisk/output/SYNTHETIC/NVILA-Lite-2B-SYNTHETIC_MIX_5PCT_2M-20260226_023301/checkpoint-6250,obj2_farther,output/phasevar_5/0001_phA06_phB14.png,Is the blue cube farther from the camera than the green sphere? Answer with yes or no.,No,No,20.03125,20.921875,True
/data/shared/Qwen/mydisk/output/SYNTHETIC/NVILA-Lite-2B-SYNTHETIC_MIX_5PCT_2M-20260226_023301/checkpoint-6250,obj2_farther,output/phasevar_5/0001_phA06_phB15.png,Is the blue cube farther from the camera than the green sphere? Answer with yes or no.,No,No,20.203125,20.390625,True
/data/shared/Qwen/mydisk/output/SYNTHETIC/NVILA-Lite-2B-SYNTHETIC_MIX_5PCT_2M-20260226_023301/checkpoint-6250,obj2_farther,output/phasevar_5/0001_phA07_phB00.png,Is the blue cube farther from the camera than the green sphere? Answer with yes or no.,No,No,19.609375,19.875,True
/data/shared/Qwen/mydisk/output/SYNTHETIC/NVILA-Lite-2B-SYNTHETIC_MIX_5PCT_2M-20260226_023301/checkpoint-6250,obj2_farther,output/phasevar_5/0001_phA07_phB01.png,Is the blue cube farther from the camera than the green sphere? Answer with yes or no.,No,No,20.078125,20.296875,True
/data/shared/Qwen/mydisk/output/SYNTHETIC/NVILA-Lite-2B-SYNTHETIC_MIX_5PCT_2M-20260226_023301/checkpoint-6250,obj2_farther,output/phasevar_5/0001_phA07_phB02.png,Is the blue cube farther from the camera than the green sphere? Answer with yes or no.,No,Yes,20.765625,20.703125,False
/data/shared/Qwen/mydisk/output/SYNTHETIC/NVILA-Lite-2B-SYNTHETIC_MIX_5PCT_2M-20260226_023301/checkpoint-6250,obj2_farther,output/phasevar_5/0001_phA07_phB03.png,Is the blue cube farther from the camera than the green sphere? Answer with yes or no.,No,Yes,20.59375,19.96875,False
/data/shared/Qwen/mydisk/output/SYNTHETIC/NVILA-Lite-2B-SYNTHETIC_MIX_5PCT_2M-20260226_023301/checkpoint-6250,obj2_farther,output/phasevar_5/0001_phA07_phB04.png,Is the blue cube farther from the camera than the green sphere? Answer with yes or no.,No,No,19.5,19.671875,True
/data/shared/Qwen/mydisk/output/SYNTHETIC/NVILA-Lite-2B-SYNTHETIC_MIX_5PCT_2M-20260226_023301/checkpoint-6250,obj2_farther,output/phasevar_5/0001_phA07_phB05.png,Is the blue cube farther from the camera than the green sphere? Answer with yes or no.,No,No,19.625,19.96875,True
/data/shared/Qwen/mydisk/output/SYNTHETIC/NVILA-Lite-2B-SYNTHETIC_MIX_5PCT_2M-20260226_023301/checkpoint-6250,obj2_farther,output/phasevar_5/0001_phA07_phB06.png,Is the blue cube farther from the camera than the green sphere? Answer with yes or no.,No,No,19.640625,20.53125,True
/data/shared/Qwen/mydisk/output/SYNTHETIC/NVILA-Lite-2B-SYNTHETIC_MIX_5PCT_2M-20260226_023301/checkpoint-6250,obj2_farther,output/phasevar_5/0001_phA07_phB07.png,Is the blue cube farther from the camera than the green sphere? Answer with yes or no.,No,No,19.359375,20.40625,True
/data/shared/Qwen/mydisk/output/SYNTHETIC/NVILA-Lite-2B-SYNTHETIC_MIX_5PCT_2M-20260226_023301/checkpoint-6250,obj2_farther,output/phasevar_5/0001_phA07_phB08.png,Is the blue cube farther from the camera than the green sphere? Answer with yes or no.,No,No,19.453125,20.421875,True
/data/shared/Qwen/mydisk/output/SYNTHETIC/NVILA-Lite-2B-SYNTHETIC_MIX_5PCT_2M-20260226_023301/checkpoint-6250,obj2_farther,output/phasevar_5/0001_phA07_phB09.png,Is the blue cube farther from the camera than the green sphere? Answer with yes or no.,No,No,19.734375,20.75,True
/data/shared/Qwen/mydisk/output/SYNTHETIC/NVILA-Lite-2B-SYNTHETIC_MIX_5PCT_2M-20260226_023301/checkpoint-6250,obj2_farther,output/phasevar_5/0001_phA07_phB10.png,Is the blue cube farther from the camera than the green sphere? Answer with yes or no.,No,No,20.4375,21.125,True
/data/shared/Qwen/mydisk/output/SYNTHETIC/NVILA-Lite-2B-SYNTHETIC_MIX_5PCT_2M-20260226_023301/checkpoint-6250,obj2_farther,output/phasevar_5/0001_phA07_phB11.png,Is the blue cube farther from the camera than the green sphere? Answer with yes or no.,No,No,19.734375,20.5625,True
/data/shared/Qwen/mydisk/output/SYNTHETIC/NVILA-Lite-2B-SYNTHETIC_MIX_5PCT_2M-20260226_023301/checkpoint-6250,obj2_farther,output/phasevar_5/0001_phA07_phB12.png,Is the blue cube farther from the camera than the green sphere? Answer with yes or no.,No,No,19.671875,20.515625,True
/data/shared/Qwen/mydisk/output/SYNTHETIC/NVILA-Lite-2B-SYNTHETIC_MIX_5PCT_2M-20260226_023301/checkpoint-6250,obj2_farther,output/phasevar_5/0001_phA07_phB13.png,Is the blue cube farther from the camera than the green sphere? Answer with yes or no.,No,No,19.53125,20.34375,True
/data/shared/Qwen/mydisk/output/SYNTHETIC/NVILA-Lite-2B-SYNTHETIC_MIX_5PCT_2M-20260226_023301/checkpoint-6250,obj2_farther,output/phasevar_5/0001_phA07_phB14.png,Is the blue cube farther from the camera than the green sphere? Answer with yes or no.,No,No,19.90625,20.703125,True
/data/shared/Qwen/mydisk/output/SYNTHETIC/NVILA-Lite-2B-SYNTHETIC_MIX_5PCT_2M-20260226_023301/checkpoint-6250,obj2_farther,output/phasevar_5/0001_phA07_phB15.png,Is the blue cube farther from the camera than the green sphere? Answer with yes or no.,No,No,20.109375,20.328125,True
/data/shared/Qwen/mydisk/output/SYNTHETIC/NVILA-Lite-2B-SYNTHETIC_MIX_5PCT_2M-20260226_023301/checkpoint-6250,obj2_farther,output/phasevar_5/0001_phA08_phB00.png,Is the blue cube farther from the camera than the green sphere? Answer with yes or no.,No,No,19.65625,19.953125,True
/data/shared/Qwen/mydisk/output/SYNTHETIC/NVILA-Lite-2B-SYNTHETIC_MIX_5PCT_2M-20260226_023301/checkpoint-6250,obj2_farther,output/phasevar_5/0001_phA08_phB01.png,Is the blue cube farther from the camera than the green sphere? Answer with yes or no.,No,No,20.34375,20.421875,True
/data/shared/Qwen/mydisk/output/SYNTHETIC/NVILA-Lite-2B-SYNTHETIC_MIX_5PCT_2M-20260226_023301/checkpoint-6250,obj2_farther,output/phasevar_5/0001_phA08_phB02.png,Is the blue cube farther from the camera than the green sphere? Answer with yes or no.,No,Yes,20.953125,20.796875,False
/data/shared/Qwen/mydisk/output/SYNTHETIC/NVILA-Lite-2B-SYNTHETIC_MIX_5PCT_2M-20260226_023301/checkpoint-6250,obj2_farther,output/phasevar_5/0001_phA08_phB03.png,Is the blue cube farther from the camera than the green sphere? Answer with yes or no.,No,Yes,20.890625,20.1875,False
/data/shared/Qwen/mydisk/output/SYNTHETIC/NVILA-Lite-2B-SYNTHETIC_MIX_5PCT_2M-20260226_023301/checkpoint-6250,obj2_farther,output/phasevar_5/0001_phA08_phB04.png,Is the blue cube farther from the camera than the green sphere? Answer with yes or no.,No,No,19.71875,19.8125,True
/data/shared/Qwen/mydisk/output/SYNTHETIC/NVILA-Lite-2B-SYNTHETIC_MIX_5PCT_2M-20260226_023301/checkpoint-6250,obj2_farther,output/phasevar_5/0001_phA08_phB05.png,Is the blue cube farther from the camera than the green sphere? Answer with yes or no.,No,No,20.015625,20.21875,True
/data/shared/Qwen/mydisk/output/SYNTHETIC/NVILA-Lite-2B-SYNTHETIC_MIX_5PCT_2M-20260226_023301/checkpoint-6250,obj2_farther,output/phasevar_5/0001_phA08_phB06.png,Is the blue cube farther from the camera than the green sphere? Answer with yes or no.,No,No,19.921875,20.703125,True
/data/shared/Qwen/mydisk/output/SYNTHETIC/NVILA-Lite-2B-SYNTHETIC_MIX_5PCT_2M-20260226_023301/checkpoint-6250,obj2_farther,output/phasevar_5/0001_phA08_phB07.png,Is the blue cube farther from the camera than the green sphere? Answer with yes or no.,No,No,19.5,20.46875,True
/data/shared/Qwen/mydisk/output/SYNTHETIC/NVILA-Lite-2B-SYNTHETIC_MIX_5PCT_2M-20260226_023301/checkpoint-6250,obj2_farther,output/phasevar_5/0001_phA08_phB08.png,Is the blue cube farther from the camera than the green sphere? Answer with yes or no.,No,No,19.46875,20.390625,True
/data/shared/Qwen/mydisk/output/SYNTHETIC/NVILA-Lite-2B-SYNTHETIC_MIX_5PCT_2M-20260226_023301/checkpoint-6250,obj2_farther,output/phasevar_5/0001_phA08_phB09.png,Is the blue cube farther from the camera than the green sphere? Answer with yes or no.,No,No,19.6875,20.765625,True
/data/shared/Qwen/mydisk/output/SYNTHETIC/NVILA-Lite-2B-SYNTHETIC_MIX_5PCT_2M-20260226_023301/checkpoint-6250,obj2_farther,output/phasevar_5/0001_phA08_phB10.png,Is the blue cube farther from the camera than the green sphere? Answer with yes or no.,No,No,20.359375,21.015625,True
/data/shared/Qwen/mydisk/output/SYNTHETIC/NVILA-Lite-2B-SYNTHETIC_MIX_5PCT_2M-20260226_023301/checkpoint-6250,obj2_farther,output/phasevar_5/0001_phA08_phB11.png,Is the blue cube farther from the camera than the green sphere? Answer with yes or no.,No,No,19.484375,20.5,True
/data/shared/Qwen/mydisk/output/SYNTHETIC/NVILA-Lite-2B-SYNTHETIC_MIX_5PCT_2M-20260226_023301/checkpoint-6250,obj2_farther,output/phasevar_5/0001_phA08_phB12.png,Is the blue cube farther from the camera than the green sphere? Answer with yes or no.,No,No,19.53125,20.390625,True
/data/shared/Qwen/mydisk/output/SYNTHETIC/NVILA-Lite-2B-SYNTHETIC_MIX_5PCT_2M-20260226_023301/checkpoint-6250,obj2_farther,output/phasevar_5/0001_phA08_phB13.png,Is the blue cube farther from the camera than the green sphere? Answer with yes or no.,No,No,19.40625,20.234375,True
/data/shared/Qwen/mydisk/output/SYNTHETIC/NVILA-Lite-2B-SYNTHETIC_MIX_5PCT_2M-20260226_023301/checkpoint-6250,obj2_farther,output/phasevar_5/0001_phA08_phB14.png,Is the blue cube farther from the camera than the green sphere? Answer with yes or no.,No,No,20.015625,20.765625,True
/data/shared/Qwen/mydisk/output/SYNTHETIC/NVILA-Lite-2B-SYNTHETIC_MIX_5PCT_2M-20260226_023301/checkpoint-6250,obj2_farther,output/phasevar_5/0001_phA08_phB15.png,Is the blue cube farther from the camera than the green sphere? Answer with yes or no.,No,No,20.09375,20.375,True
/data/shared/Qwen/mydisk/output/SYNTHETIC/NVILA-Lite-2B-SYNTHETIC_MIX_5PCT_2M-20260226_023301/checkpoint-6250,obj2_farther,output/phasevar_5/0001_phA09_phB00.png,Is the blue cube farther from the camera than the green sphere? Answer with yes or no.,No,Yes,19.859375,19.828125,False
/data/shared/Qwen/mydisk/output/SYNTHETIC/NVILA-Lite-2B-SYNTHETIC_MIX_5PCT_2M-20260226_023301/checkpoint-6250,obj2_farther,output/phasevar_5/0001_phA09_phB01.png,Is the blue cube farther from the camera than the green sphere? Answer with yes or no.,No,Yes,20.578125,20.34375,False
/data/shared/Qwen/mydisk/output/SYNTHETIC/NVILA-Lite-2B-SYNTHETIC_MIX_5PCT_2M-20260226_023301/checkpoint-6250,obj2_farther,output/phasevar_5/0001_phA09_phB02.png,Is the blue cube farther from the camera than the green sphere? Answer with yes or no.,No,Yes,21.28125,20.75,False
/data/shared/Qwen/mydisk/output/SYNTHETIC/NVILA-Lite-2B-SYNTHETIC_MIX_5PCT_2M-20260226_023301/checkpoint-6250,obj2_farther,output/phasevar_5/0001_phA09_phB03.png,Is the blue cube farther from the camera than the green sphere? Answer with yes or no.,No,Yes,21.03125,20.1875,False
/data/shared/Qwen/mydisk/output/SYNTHETIC/NVILA-Lite-2B-SYNTHETIC_MIX_5PCT_2M-20260226_023301/checkpoint-6250,obj2_farther,output/phasevar_5/0001_phA09_phB04.png,Is the blue cube farther from the camera than the green sphere? Answer with yes or no.,No,Yes,19.890625,19.765625,False
/data/shared/Qwen/mydisk/output/SYNTHETIC/NVILA-Lite-2B-SYNTHETIC_MIX_5PCT_2M-20260226_023301/checkpoint-6250,obj2_farther,output/phasevar_5/0001_phA09_phB05.png,Is the blue cube farther from the camera than the green sphere? Answer with yes or no.,No,Yes,20.140625,19.984375,False
/data/shared/Qwen/mydisk/output/SYNTHETIC/NVILA-Lite-2B-SYNTHETIC_MIX_5PCT_2M-20260226_023301/checkpoint-6250,obj2_farther,output/phasevar_5/0001_phA09_phB06.png,Is the blue cube farther from the camera than the green sphere? Answer with yes or no.,No,No,20.109375,20.59375,True
/data/shared/Qwen/mydisk/output/SYNTHETIC/NVILA-Lite-2B-SYNTHETIC_MIX_5PCT_2M-20260226_023301/checkpoint-6250,obj2_farther,output/phasevar_5/0001_phA09_phB07.png,Is the blue cube farther from the camera than the green sphere? Answer with yes or no.,No,No,19.65625,20.375,True
/data/shared/Qwen/mydisk/output/SYNTHETIC/NVILA-Lite-2B-SYNTHETIC_MIX_5PCT_2M-20260226_023301/checkpoint-6250,obj2_farther,output/phasevar_5/0001_phA09_phB08.png,Is the blue cube farther from the camera than the green sphere? Answer with yes or no.,No,No,19.53125,20.25,True
/data/shared/Qwen/mydisk/output/SYNTHETIC/NVILA-Lite-2B-SYNTHETIC_MIX_5PCT_2M-20260226_023301/checkpoint-6250,obj2_farther,output/phasevar_5/0001_phA09_phB09.png,Is the blue cube farther from the camera than the green sphere? Answer with yes or no.,No,No,19.6875,20.8125,True
/data/shared/Qwen/mydisk/output/SYNTHETIC/NVILA-Lite-2B-SYNTHETIC_MIX_5PCT_2M-20260226_023301/checkpoint-6250,obj2_farther,output/phasevar_5/0001_phA09_phB10.png,Is the blue cube farther from the camera than the green sphere? Answer with yes or no.,No,No,20.109375,20.8125,True
/data/shared/Qwen/mydisk/output/SYNTHETIC/NVILA-Lite-2B-SYNTHETIC_MIX_5PCT_2M-20260226_023301/checkpoint-6250,obj2_farther,output/phasevar_5/0001_phA09_phB11.png,Is the blue cube farther from the camera than the green sphere? Answer with yes or no.,No,No,19.296875,20.28125,True
/data/shared/Qwen/mydisk/output/SYNTHETIC/NVILA-Lite-2B-SYNTHETIC_MIX_5PCT_2M-20260226_023301/checkpoint-6250,obj2_farther,output/phasevar_5/0001_phA09_phB12.png,Is the blue cube farther from the camera than the green sphere? Answer with yes or no.,No,No,19.25,19.984375,True
/data/shared/Qwen/mydisk/output/SYNTHETIC/NVILA-Lite-2B-SYNTHETIC_MIX_5PCT_2M-20260226_023301/checkpoint-6250,obj2_farther,output/phasevar_5/0001_phA09_phB13.png,Is the blue cube farther from the camera than the green sphere? Answer with yes or no.,No,No,19.171875,19.765625,True
/data/shared/Qwen/mydisk/output/SYNTHETIC/NVILA-Lite-2B-SYNTHETIC_MIX_5PCT_2M-20260226_023301/checkpoint-6250,obj2_farther,output/phasevar_5/0001_phA09_phB14.png,Is the blue cube farther from the camera than the green sphere? Answer with yes or no.,No,No,20.078125,20.625,True
/data/shared/Qwen/mydisk/output/SYNTHETIC/NVILA-Lite-2B-SYNTHETIC_MIX_5PCT_2M-20260226_023301/checkpoint-6250,obj2_farther,output/phasevar_5/0001_phA09_phB15.png,Is the blue cube farther from the camera than the green sphere? Answer with yes or no.,No,No,20.109375,20.21875,True
/data/shared/Qwen/mydisk/output/SYNTHETIC/NVILA-Lite-2B-SYNTHETIC_MIX_5PCT_2M-20260226_023301/checkpoint-6250,obj2_farther,output/phasevar_5/0001_phA10_phB00.png,Is the blue cube farther from the camera than the green sphere? Answer with yes or no.,No,Yes,20.359375,20.046875,False
/data/shared/Qwen/mydisk/output/SYNTHETIC/NVILA-Lite-2B-SYNTHETIC_MIX_5PCT_2M-20260226_023301/checkpoint-6250,obj2_farther,output/phasevar_5/0001_phA10_phB01.png,Is the blue cube farther from the camera than the green sphere? Answer with yes or no.,No,Yes,20.984375,20.40625,False
/data/shared/Qwen/mydisk/output/SYNTHETIC/NVILA-Lite-2B-SYNTHETIC_MIX_5PCT_2M-20260226_023301/checkpoint-6250,obj2_farther,output/phasevar_5/0001_phA10_phB02.png,Is the blue cube farther from the camera than the green sphere? Answer with yes or no.,No,Yes,21.625,20.703125,False
/data/shared/Qwen/mydisk/output/SYNTHETIC/NVILA-Lite-2B-SYNTHETIC_MIX_5PCT_2M-20260226_023301/checkpoint-6250,obj2_farther,output/phasevar_5/0001_phA10_phB03.png,Is the blue cube farther from the camera than the green sphere? Answer with yes or no.,No,Yes,21.234375,20.109375,False
/data/shared/Qwen/mydisk/output/SYNTHETIC/NVILA-Lite-2B-SYNTHETIC_MIX_5PCT_2M-20260226_023301/checkpoint-6250,obj2_farther,output/phasevar_5/0001_phA10_phB04.png,Is the blue cube farther from the camera than the green sphere? Answer with yes or no.,No,Yes,20.140625,19.734375,False
/data/shared/Qwen/mydisk/output/SYNTHETIC/NVILA-Lite-2B-SYNTHETIC_MIX_5PCT_2M-20260226_023301/checkpoint-6250,obj2_farther,output/phasevar_5/0001_phA10_phB05.png,Is the blue cube farther from the camera than the green sphere? Answer with yes or no.,No,Yes,20.40625,19.859375,False
/data/shared/Qwen/mydisk/output/SYNTHETIC/NVILA-Lite-2B-SYNTHETIC_MIX_5PCT_2M-20260226_023301/checkpoint-6250,obj2_farther,output/phasevar_5/0001_phA10_phB06.png,Is the blue cube farther from the camera than the green sphere? Answer with yes or no.,No,No,20.359375,20.421875,True
/data/shared/Qwen/mydisk/output/SYNTHETIC/NVILA-Lite-2B-SYNTHETIC_MIX_5PCT_2M-20260226_023301/checkpoint-6250,obj2_farther,output/phasevar_5/0001_phA10_phB07.png,Is the blue cube farther from the camera than the green sphere? Answer with yes or no.,No,No,19.921875,20.1875,True
/data/shared/Qwen/mydisk/output/SYNTHETIC/NVILA-Lite-2B-SYNTHETIC_MIX_5PCT_2M-20260226_023301/checkpoint-6250,obj2_farther,output/phasevar_5/0001_phA10_phB08.png,Is the blue cube farther from the camera than the green sphere? Answer with yes or no.,No,No,19.640625,19.984375,True
/data/shared/Qwen/mydisk/output/SYNTHETIC/NVILA-Lite-2B-SYNTHETIC_MIX_5PCT_2M-20260226_023301/checkpoint-6250,obj2_farther,output/phasevar_5/0001_phA10_phB09.png,Is the blue cube farther from the camera than the green sphere? Answer with yes or no.,No,No,20.046875,20.9375,True
/data/shared/Qwen/mydisk/output/SYNTHETIC/NVILA-Lite-2B-SYNTHETIC_MIX_5PCT_2M-20260226_023301/checkpoint-6250,obj2_farther,output/phasevar_5/0001_phA10_phB10.png,Is the blue cube farther from the camera than the green sphere? Answer with yes or no.,No,No,20.25,21.1875,True
/data/shared/Qwen/mydisk/output/SYNTHETIC/NVILA-Lite-2B-SYNTHETIC_MIX_5PCT_2M-20260226_023301/checkpoint-6250,obj2_farther,output/phasevar_5/0001_phA10_phB11.png,Is the blue cube farther from the camera than the green sphere? Answer with yes or no.,No,No,19.25,20.359375,True
/data/shared/Qwen/mydisk/output/SYNTHETIC/NVILA-Lite-2B-SYNTHETIC_MIX_5PCT_2M-20260226_023301/checkpoint-6250,obj2_farther,output/phasevar_5/0001_phA10_phB12.png,Is the blue cube farther from the camera than the green sphere? Answer with yes or no.,No,No,19.109375,20.09375,True
/data/shared/Qwen/mydisk/output/SYNTHETIC/NVILA-Lite-2B-SYNTHETIC_MIX_5PCT_2M-20260226_023301/checkpoint-6250,obj2_farther,output/phasevar_5/0001_phA10_phB13.png,Is the blue cube farther from the camera than the green sphere? Answer with yes or no.,No,No,19.140625,19.921875,True
/data/shared/Qwen/mydisk/output/SYNTHETIC/NVILA-Lite-2B-SYNTHETIC_MIX_5PCT_2M-20260226_023301/checkpoint-6250,obj2_farther,output/phasevar_5/0001_phA10_phB14.png,Is the blue cube farther from the camera than the green sphere? Answer with yes or no.,No,No,20.21875,20.90625,True
/data/shared/Qwen/mydisk/output/SYNTHETIC/NVILA-Lite-2B-SYNTHETIC_MIX_5PCT_2M-20260226_023301/checkpoint-6250,obj2_farther,output/phasevar_5/0001_phA10_phB15.png,Is the blue cube farther from the camera than the green sphere? Answer with yes or no.,No,No,20.46875,20.46875,True
/data/shared/Qwen/mydisk/output/SYNTHETIC/NVILA-Lite-2B-SYNTHETIC_MIX_5PCT_2M-20260226_023301/checkpoint-6250,obj2_farther,output/phasevar_5/0001_phA11_phB00.png,Is the blue cube farther from the camera than the green sphere? Answer with yes or no.,No,Yes,20.3125,20.0625,False
/data/shared/Qwen/mydisk/output/SYNTHETIC/NVILA-Lite-2B-SYNTHETIC_MIX_5PCT_2M-20260226_023301/checkpoint-6250,obj2_farther,output/phasevar_5/0001_phA11_phB01.png,Is the blue cube farther from the camera than the green sphere? Answer with yes or no.,No,Yes,20.84375,20.34375,False
/data/shared/Qwen/mydisk/output/SYNTHETIC/NVILA-Lite-2B-SYNTHETIC_MIX_5PCT_2M-20260226_023301/checkpoint-6250,obj2_farther,output/phasevar_5/0001_phA11_phB02.png,Is the blue cube farther from the camera than the green sphere? Answer with yes or no.,No,Yes,21.359375,20.75,False
/data/shared/Qwen/mydisk/output/SYNTHETIC/NVILA-Lite-2B-SYNTHETIC_MIX_5PCT_2M-20260226_023301/checkpoint-6250,obj2_farther,output/phasevar_5/0001_phA11_phB03.png,Is the blue cube farther from the camera than the green sphere? Answer with yes or no.,No,Yes,20.9375,20.078125,False
/data/shared/Qwen/mydisk/output/SYNTHETIC/NVILA-Lite-2B-SYNTHETIC_MIX_5PCT_2M-20260226_023301/checkpoint-6250,obj2_farther,output/phasevar_5/0001_phA11_phB04.png,Is the blue cube farther from the camera than the green sphere? Answer with yes or no.,No,Yes,20.109375,19.859375,False
/data/shared/Qwen/mydisk/output/SYNTHETIC/NVILA-Lite-2B-SYNTHETIC_MIX_5PCT_2M-20260226_023301/checkpoint-6250,obj2_farther,output/phasevar_5/0001_phA11_phB05.png,Is the blue cube farther from the camera than the green sphere? Answer with yes or no.,No,Yes,20.578125,20.125,False
/data/shared/Qwen/mydisk/output/SYNTHETIC/NVILA-Lite-2B-SYNTHETIC_MIX_5PCT_2M-20260226_023301/checkpoint-6250,obj2_farther,output/phasevar_5/0001_phA11_phB06.png,Is the blue cube farther from the camera than the green sphere? Answer with yes or no.,No,Yes,20.625,20.609375,False
/data/shared/Qwen/mydisk/output/SYNTHETIC/NVILA-Lite-2B-SYNTHETIC_MIX_5PCT_2M-20260226_023301/checkpoint-6250,obj2_farther,output/phasevar_5/0001_phA11_phB07.png,Is the blue cube farther from the camera than the green sphere? Answer with yes or no.,No,No,20.109375,20.140625,True
/data/shared/Qwen/mydisk/output/SYNTHETIC/NVILA-Lite-2B-SYNTHETIC_MIX_5PCT_2M-20260226_023301/checkpoint-6250,obj2_farther,output/phasevar_5/0001_phA11_phB08.png,Is the blue cube farther from the camera than the green sphere? Answer with yes or no.,No,No,19.796875,19.921875,True
/data/shared/Qwen/mydisk/output/SYNTHETIC/NVILA-Lite-2B-SYNTHETIC_MIX_5PCT_2M-20260226_023301/checkpoint-6250,obj2_farther,output/phasevar_5/0001_phA11_phB09.png,Is the blue cube farther from the camera than the green sphere? Answer with yes or no.,No,No,20.21875,20.796875,True
/data/shared/Qwen/mydisk/output/SYNTHETIC/NVILA-Lite-2B-SYNTHETIC_MIX_5PCT_2M-20260226_023301/checkpoint-6250,obj2_farther,output/phasevar_5/0001_phA11_phB10.png,Is the blue cube farther from the camera than the green sphere? Answer with yes or no.,No,No,20.359375,21.09375,True
/data/shared/Qwen/mydisk/output/SYNTHETIC/NVILA-Lite-2B-SYNTHETIC_MIX_5PCT_2M-20260226_023301/checkpoint-6250,obj2_farther,output/phasevar_5/0001_phA11_phB11.png,Is the blue cube farther from the camera than the green sphere? Answer with yes or no.,No,No,19.21875,20.34375,True
/data/shared/Qwen/mydisk/output/SYNTHETIC/NVILA-Lite-2B-SYNTHETIC_MIX_5PCT_2M-20260226_023301/checkpoint-6250,obj2_farther,output/phasevar_5/0001_phA11_phB12.png,Is the blue cube farther from the camera than the green sphere? Answer with yes or no.,No,No,19.0,20.171875,True
/data/shared/Qwen/mydisk/output/SYNTHETIC/NVILA-Lite-2B-SYNTHETIC_MIX_5PCT_2M-20260226_023301/checkpoint-6250,obj2_farther,output/phasevar_5/0001_phA11_phB13.png,Is the blue cube farther from the camera than the green sphere? Answer with yes or no.,No,No,19.0625,19.921875,True
/data/shared/Qwen/mydisk/output/SYNTHETIC/NVILA-Lite-2B-SYNTHETIC_MIX_5PCT_2M-20260226_023301/checkpoint-6250,obj2_farther,output/phasevar_5/0001_phA11_phB14.png,Is the blue cube farther from the camera than the green sphere? Answer with yes or no.,No,No,20.203125,20.90625,True
/data/shared/Qwen/mydisk/output/SYNTHETIC/NVILA-Lite-2B-SYNTHETIC_MIX_5PCT_2M-20260226_023301/checkpoint-6250,obj2_farther,output/phasevar_5/0001_phA11_phB15.png,Is the blue cube farther from the camera than the green sphere? Answer with yes or no.,No,No,20.359375,20.375,True
/data/shared/Qwen/mydisk/output/SYNTHETIC/NVILA-Lite-2B-SYNTHETIC_MIX_5PCT_2M-20260226_023301/checkpoint-6250,obj2_farther,output/phasevar_5/0001_phA12_phB00.png,Is the blue cube farther from the camera than the green sphere? Answer with yes or no.,No,Yes,20.421875,20.0,False
/data/shared/Qwen/mydisk/output/SYNTHETIC/NVILA-Lite-2B-SYNTHETIC_MIX_5PCT_2M-20260226_023301/checkpoint-6250,obj2_farther,output/phasevar_5/0001_phA12_phB01.png,Is the blue cube farther from the camera than the green sphere? Answer with yes or no.,No,Yes,20.953125,20.25,False
/data/shared/Qwen/mydisk/output/SYNTHETIC/NVILA-Lite-2B-SYNTHETIC_MIX_5PCT_2M-20260226_023301/checkpoint-6250,obj2_farther,output/phasevar_5/0001_phA12_phB02.png,Is the blue cube farther from the camera than the green sphere? Answer with yes or no.,No,Yes,21.40625,20.640625,False
/data/shared/Qwen/mydisk/output/SYNTHETIC/NVILA-Lite-2B-SYNTHETIC_MIX_5PCT_2M-20260226_023301/checkpoint-6250,obj2_farther,output/phasevar_5/0001_phA12_phB03.png,Is the blue cube farther from the camera than the green sphere? Answer with yes or no.,No,Yes,21.03125,19.984375,False
/data/shared/Qwen/mydisk/output/SYNTHETIC/NVILA-Lite-2B-SYNTHETIC_MIX_5PCT_2M-20260226_023301/checkpoint-6250,obj2_farther,output/phasevar_5/0001_phA12_phB04.png,Is the blue cube farther from the camera than the green sphere? Answer with yes or no.,No,Yes,20.21875,19.75,False
/data/shared/Qwen/mydisk/output/SYNTHETIC/NVILA-Lite-2B-SYNTHETIC_MIX_5PCT_2M-20260226_023301/checkpoint-6250,obj2_farther,output/phasevar_5/0001_phA12_phB05.png,Is the blue cube farther from the camera than the green sphere? Answer with yes or no.,No,Yes,20.640625,20.046875,False
/data/shared/Qwen/mydisk/output/SYNTHETIC/NVILA-Lite-2B-SYNTHETIC_MIX_5PCT_2M-20260226_023301/checkpoint-6250,obj2_farther,output/phasevar_5/0001_phA12_phB06.png,Is the blue cube farther from the camera than the green sphere? Answer with yes or no.,No,Yes,20.78125,20.546875,False
/data/shared/Qwen/mydisk/output/SYNTHETIC/NVILA-Lite-2B-SYNTHETIC_MIX_5PCT_2M-20260226_023301/checkpoint-6250,obj2_farther,output/phasevar_5/0001_phA12_phB07.png,Is the blue cube farther from the camera than the green sphere? Answer with yes or no.,No,Yes,20.296875,20.15625,False
/data/shared/Qwen/mydisk/output/SYNTHETIC/NVILA-Lite-2B-SYNTHETIC_MIX_5PCT_2M-20260226_023301/checkpoint-6250,obj2_farther,output/phasevar_5/0001_phA12_phB08.png,Is the blue cube farther from the camera than the green sphere? Answer with yes or no.,No,Yes,20.0,19.90625,False
/data/shared/Qwen/mydisk/output/SYNTHETIC/NVILA-Lite-2B-SYNTHETIC_MIX_5PCT_2M-20260226_023301/checkpoint-6250,obj2_farther,output/phasevar_5/0001_phA12_phB09.png,Is the blue cube farther from the camera than the green sphere? Answer with yes or no.,No,No,20.390625,20.734375,True
/data/shared/Qwen/mydisk/output/SYNTHETIC/NVILA-Lite-2B-SYNTHETIC_MIX_5PCT_2M-20260226_023301/checkpoint-6250,obj2_farther,output/phasevar_5/0001_phA12_phB10.png,Is the blue cube farther from the camera than the green sphere? Answer with yes or no.,No,No,20.515625,21.078125,True
/data/shared/Qwen/mydisk/output/SYNTHETIC/NVILA-Lite-2B-SYNTHETIC_MIX_5PCT_2M-20260226_023301/checkpoint-6250,obj2_farther,output/phasevar_5/0001_phA12_phB11.png,Is the blue cube farther from the camera than the green sphere? Answer with yes or no.,No,No,19.46875,20.359375,True
/data/shared/Qwen/mydisk/output/SYNTHETIC/NVILA-Lite-2B-SYNTHETIC_MIX_5PCT_2M-20260226_023301/checkpoint-6250,obj2_farther,output/phasevar_5/0001_phA12_phB12.png,Is the blue cube farther from the camera than the green sphere? Answer with yes or no.,No,No,18.90625,19.953125,True
/data/shared/Qwen/mydisk/output/SYNTHETIC/NVILA-Lite-2B-SYNTHETIC_MIX_5PCT_2M-20260226_023301/checkpoint-6250,obj2_farther,output/phasevar_5/0001_phA12_phB13.png,Is the blue cube farther from the camera than the green sphere? Answer with yes or no.,No,No,19.046875,19.734375,True
/data/shared/Qwen/mydisk/output/SYNTHETIC/NVILA-Lite-2B-SYNTHETIC_MIX_5PCT_2M-20260226_023301/checkpoint-6250,obj2_farther,output/phasevar_5/0001_phA12_phB14.png,Is the blue cube farther from the camera than the green sphere? Answer with yes or no.,No,No,20.296875,20.84375,True
/data/shared/Qwen/mydisk/output/SYNTHETIC/NVILA-Lite-2B-SYNTHETIC_MIX_5PCT_2M-20260226_023301/checkpoint-6250,obj2_farther,output/phasevar_5/0001_phA12_phB15.png,Is the blue cube farther from the camera than the green sphere? Answer with yes or no.,No,Yes,20.484375,20.25,False
/data/shared/Qwen/mydisk/output/SYNTHETIC/NVILA-Lite-2B-SYNTHETIC_MIX_5PCT_2M-20260226_023301/checkpoint-6250,obj2_farther,output/phasevar_5/0001_phA13_phB00.png,Is the blue cube farther from the camera than the green sphere? Answer with yes or no.,No,Yes,20.40625,20.203125,False
/data/shared/Qwen/mydisk/output/SYNTHETIC/NVILA-Lite-2B-SYNTHETIC_MIX_5PCT_2M-20260226_023301/checkpoint-6250,obj2_farther,output/phasevar_5/0001_phA13_phB01.png,Is the blue cube farther from the camera than the green sphere? Answer with yes or no.,No,Yes,20.9375,20.421875,False
/data/shared/Qwen/mydisk/output/SYNTHETIC/NVILA-Lite-2B-SYNTHETIC_MIX_5PCT_2M-20260226_023301/checkpoint-6250,obj2_farther,output/phasevar_5/0001_phA13_phB02.png,Is the blue cube farther from the camera than the green sphere? Answer with yes or no.,No,Yes,21.328125,20.796875,False
/data/shared/Qwen/mydisk/output/SYNTHETIC/NVILA-Lite-2B-SYNTHETIC_MIX_5PCT_2M-20260226_023301/checkpoint-6250,obj2_farther,output/phasevar_5/0001_phA13_phB03.png,Is the blue cube farther from the camera than the green sphere? Answer with yes or no.,No,Yes,21.109375,20.28125,False
/data/shared/Qwen/mydisk/output/SYNTHETIC/NVILA-Lite-2B-SYNTHETIC_MIX_5PCT_2M-20260226_023301/checkpoint-6250,obj2_farther,output/phasevar_5/0001_phA13_phB04.png,Is the blue cube farther from the camera than the green sphere? Answer with yes or no.,No,Yes,20.375,20.140625,False
/data/shared/Qwen/mydisk/output/SYNTHETIC/NVILA-Lite-2B-SYNTHETIC_MIX_5PCT_2M-20260226_023301/checkpoint-6250,obj2_farther,output/phasevar_5/0001_phA13_phB05.png,Is the blue cube farther from the camera than the green sphere? Answer with yes or no.,No,Yes,20.703125,20.375,False
/data/shared/Qwen/mydisk/output/SYNTHETIC/NVILA-Lite-2B-SYNTHETIC_MIX_5PCT_2M-20260226_023301/checkpoint-6250,obj2_farther,output/phasevar_5/0001_phA13_phB06.png,Is the blue cube farther from the camera than the green sphere? Answer with yes or no.,No,No,20.90625,20.953125,True
/data/shared/Qwen/mydisk/output/SYNTHETIC/NVILA-Lite-2B-SYNTHETIC_MIX_5PCT_2M-20260226_023301/checkpoint-6250,obj2_farther,output/phasevar_5/0001_phA13_phB07.png,Is the blue cube farther from the camera than the green sphere? Answer with yes or no.,No,No,20.390625,20.609375,True
/data/shared/Qwen/mydisk/output/SYNTHETIC/NVILA-Lite-2B-SYNTHETIC_MIX_5PCT_2M-20260226_023301/checkpoint-6250,obj2_farther,output/phasevar_5/0001_phA13_phB08.png,Is the blue cube farther from the camera than the green sphere? Answer with yes or no.,No,No,20.234375,20.390625,True
/data/shared/Qwen/mydisk/output/SYNTHETIC/NVILA-Lite-2B-SYNTHETIC_MIX_5PCT_2M-20260226_023301/checkpoint-6250,obj2_farther,output/phasevar_5/0001_phA13_phB09.png,Is the blue cube farther from the camera than the green sphere? Answer with yes or no.,No,No,20.640625,21.25,True
/data/shared/Qwen/mydisk/output/SYNTHETIC/NVILA-Lite-2B-SYNTHETIC_MIX_5PCT_2M-20260226_023301/checkpoint-6250,obj2_farther,output/phasevar_5/0001_phA13_phB10.png,Is the blue cube farther from the camera than the green sphere? Answer with yes or no.,No,No,20.796875,21.65625,True
/data/shared/Qwen/mydisk/output/SYNTHETIC/NVILA-Lite-2B-SYNTHETIC_MIX_5PCT_2M-20260226_023301/checkpoint-6250,obj2_farther,output/phasevar_5/0001_phA13_phB11.png,Is the blue cube farther from the camera than the green sphere? Answer with yes or no.,No,No,19.75,20.765625,True
/data/shared/Qwen/mydisk/output/SYNTHETIC/NVILA-Lite-2B-SYNTHETIC_MIX_5PCT_2M-20260226_023301/checkpoint-6250,obj2_farther,output/phasevar_5/0001_phA13_phB12.png,Is the blue cube farther from the camera than the green sphere? Answer with yes or no.,No,No,19.03125,20.421875,True
/data/shared/Qwen/mydisk/output/SYNTHETIC/NVILA-Lite-2B-SYNTHETIC_MIX_5PCT_2M-20260226_023301/checkpoint-6250,obj2_farther,output/phasevar_5/0001_phA13_phB13.png,Is the blue cube farther from the camera than the green sphere? Answer with yes or no.,No,No,19.09375,20.15625,True
/data/shared/Qwen/mydisk/output/SYNTHETIC/NVILA-Lite-2B-SYNTHETIC_MIX_5PCT_2M-20260226_023301/checkpoint-6250,obj2_farther,output/phasevar_5/0001_phA13_phB14.png,Is the blue cube farther from the camera than the green sphere? Answer with yes or no.,No,No,20.34375,21.203125,True
/data/shared/Qwen/mydisk/output/SYNTHETIC/NVILA-Lite-2B-SYNTHETIC_MIX_5PCT_2M-20260226_023301/checkpoint-6250,obj2_farther,output/phasevar_5/0001_phA13_phB15.png,Is the blue cube farther from the camera than the green sphere? Answer with yes or no.,No,No,20.234375,20.4375,True
/data/shared/Qwen/mydisk/output/SYNTHETIC/NVILA-Lite-2B-SYNTHETIC_MIX_5PCT_2M-20260226_023301/checkpoint-6250,obj2_farther,output/phasevar_5/0001_phA14_phB00.png,Is the blue cube farther from the camera than the green sphere? Answer with yes or no.,No,No,20.203125,20.234375,True
/data/shared/Qwen/mydisk/output/SYNTHETIC/NVILA-Lite-2B-SYNTHETIC_MIX_5PCT_2M-20260226_023301/checkpoint-6250,obj2_farther,output/phasevar_5/0001_phA14_phB01.png,Is the blue cube farther from the camera than the green sphere? Answer with yes or no.,No,Yes,20.796875,20.5,False
/data/shared/Qwen/mydisk/output/SYNTHETIC/NVILA-Lite-2B-SYNTHETIC_MIX_5PCT_2M-20260226_023301/checkpoint-6250,obj2_farther,output/phasevar_5/0001_phA14_phB02.png,Is the blue cube farther from the camera than the green sphere? Answer with yes or no.,No,Yes,21.078125,20.921875,False
/data/shared/Qwen/mydisk/output/SYNTHETIC/NVILA-Lite-2B-SYNTHETIC_MIX_5PCT_2M-20260226_023301/checkpoint-6250,obj2_farther,output/phasevar_5/0001_phA14_phB03.png,Is the blue cube farther from the camera than the green sphere? Answer with yes or no.,No,Yes,20.921875,20.390625,False
/data/shared/Qwen/mydisk/output/SYNTHETIC/NVILA-Lite-2B-SYNTHETIC_MIX_5PCT_2M-20260226_023301/checkpoint-6250,obj2_farther,output/phasevar_5/0001_phA14_phB04.png,Is the blue cube farther from the camera than the green sphere? Answer with yes or no.,No,No,20.296875,20.359375,True
/data/shared/Qwen/mydisk/output/SYNTHETIC/NVILA-Lite-2B-SYNTHETIC_MIX_5PCT_2M-20260226_023301/checkpoint-6250,obj2_farther,output/phasevar_5/0001_phA14_phB05.png,Is the blue cube farther from the camera than the green sphere? Answer with yes or no.,No,Yes,20.640625,20.609375,False
/data/shared/Qwen/mydisk/output/SYNTHETIC/NVILA-Lite-2B-SYNTHETIC_MIX_5PCT_2M-20260226_023301/checkpoint-6250,obj2_farther,output/phasevar_5/0001_phA14_phB06.png,Is the blue cube farther from the camera than the green sphere? Answer with yes or no.,No,No,21.0,21.3125,True
/data/shared/Qwen/mydisk/output/SYNTHETIC/NVILA-Lite-2B-SYNTHETIC_MIX_5PCT_2M-20260226_023301/checkpoint-6250,obj2_farther,output/phasevar_5/0001_phA14_phB07.png,Is the blue cube farther from the camera than the green sphere? Answer with yes or no.,No,No,20.765625,21.328125,True
/data/shared/Qwen/mydisk/output/SYNTHETIC/NVILA-Lite-2B-SYNTHETIC_MIX_5PCT_2M-20260226_023301/checkpoint-6250,obj2_farther,output/phasevar_5/0001_phA14_phB08.png,Is the blue cube farther from the camera than the green sphere? Answer with yes or no.,No,No,20.65625,21.109375,True
/data/shared/Qwen/mydisk/output/SYNTHETIC/NVILA-Lite-2B-SYNTHETIC_MIX_5PCT_2M-20260226_023301/checkpoint-6250,obj2_farther,output/phasevar_5/0001_phA14_phB09.png,Is the blue cube farther from the camera than the green sphere? Answer with yes or no.,No,No,20.828125,21.84375,True
/data/shared/Qwen/mydisk/output/SYNTHETIC/NVILA-Lite-2B-SYNTHETIC_MIX_5PCT_2M-20260226_023301/checkpoint-6250,obj2_farther,output/phasevar_5/0001_phA14_phB10.png,Is the blue cube farther from the camera than the green sphere? Answer with yes or no.,No,No,21.109375,22.171875,True
/data/shared/Qwen/mydisk/output/SYNTHETIC/NVILA-Lite-2B-SYNTHETIC_MIX_5PCT_2M-20260226_023301/checkpoint-6250,obj2_farther,output/phasevar_5/0001_phA14_phB11.png,Is the blue cube farther from the camera than the green sphere? Answer with yes or no.,No,No,20.109375,21.21875,True
/data/shared/Qwen/mydisk/output/SYNTHETIC/NVILA-Lite-2B-SYNTHETIC_MIX_5PCT_2M-20260226_023301/checkpoint-6250,obj2_farther,output/phasevar_5/0001_phA14_phB12.png,Is the blue cube farther from the camera than the green sphere? Answer with yes or no.,No,No,19.59375,20.96875,True
/data/shared/Qwen/mydisk/output/SYNTHETIC/NVILA-Lite-2B-SYNTHETIC_MIX_5PCT_2M-20260226_023301/checkpoint-6250,obj2_farther,output/phasevar_5/0001_phA14_phB13.png,Is the blue cube farther from the camera than the green sphere? Answer with yes or no.,No,No,19.28125,20.765625,True
/data/shared/Qwen/mydisk/output/SYNTHETIC/NVILA-Lite-2B-SYNTHETIC_MIX_5PCT_2M-20260226_023301/checkpoint-6250,obj2_farther,output/phasevar_5/0001_phA14_phB14.png,Is the blue cube farther from the camera than the green sphere? Answer with yes or no.,No,No,20.140625,21.4375,True
/data/shared/Qwen/mydisk/output/SYNTHETIC/NVILA-Lite-2B-SYNTHETIC_MIX_5PCT_2M-20260226_023301/checkpoint-6250,obj2_farther,output/phasevar_5/0001_phA14_phB15.png,Is the blue cube farther from the camera than the green sphere? Answer with yes or no.,No,No,19.859375,20.5625,True
/data/shared/Qwen/mydisk/output/SYNTHETIC/NVILA-Lite-2B-SYNTHETIC_MIX_5PCT_2M-20260226_023301/checkpoint-6250,obj2_farther,output/phasevar_5/0001_phA15_phB00.png,Is the blue cube farther from the camera than the green sphere? Answer with yes or no.,No,No,19.890625,20.359375,True
/data/shared/Qwen/mydisk/output/SYNTHETIC/NVILA-Lite-2B-SYNTHETIC_MIX_5PCT_2M-20260226_023301/checkpoint-6250,obj2_farther,output/phasevar_5/0001_phA15_phB01.png,Is the blue cube farther from the camera than the green sphere? Answer with yes or no.,No,No,20.4375,20.53125,True
/data/shared/Qwen/mydisk/output/SYNTHETIC/NVILA-Lite-2B-SYNTHETIC_MIX_5PCT_2M-20260226_023301/checkpoint-6250,obj2_farther,output/phasevar_5/0001_phA15_phB02.png,Is the blue cube farther from the camera than the green sphere? Answer with yes or no.,No,No,20.875,20.96875,True
/data/shared/Qwen/mydisk/output/SYNTHETIC/NVILA-Lite-2B-SYNTHETIC_MIX_5PCT_2M-20260226_023301/checkpoint-6250,obj2_farther,output/phasevar_5/0001_phA15_phB03.png,Is the blue cube farther from the camera than the green sphere? Answer with yes or no.,No,Yes,20.609375,20.390625,False
/data/shared/Qwen/mydisk/output/SYNTHETIC/NVILA-Lite-2B-SYNTHETIC_MIX_5PCT_2M-20260226_023301/checkpoint-6250,obj2_farther,output/phasevar_5/0001_phA15_phB04.png,Is the blue cube farther from the camera than the green sphere? Answer with yes or no.,No,No,20.0625,20.53125,True
/data/shared/Qwen/mydisk/output/SYNTHETIC/NVILA-Lite-2B-SYNTHETIC_MIX_5PCT_2M-20260226_023301/checkpoint-6250,obj2_farther,output/phasevar_5/0001_phA15_phB05.png,Is the blue cube farther from the camera than the green sphere? Answer with yes or no.,No,No,20.484375,20.859375,True
/data/shared/Qwen/mydisk/output/SYNTHETIC/NVILA-Lite-2B-SYNTHETIC_MIX_5PCT_2M-20260226_023301/checkpoint-6250,obj2_farther,output/phasevar_5/0001_phA15_phB06.png,Is the blue cube farther from the camera than the green sphere? Answer with yes or no.,No,No,20.875,21.390625,True
/data/shared/Qwen/mydisk/output/SYNTHETIC/NVILA-Lite-2B-SYNTHETIC_MIX_5PCT_2M-20260226_023301/checkpoint-6250,obj2_farther,output/phasevar_5/0001_phA15_phB07.png,Is the blue cube farther from the camera than the green sphere? Answer with yes or no.,No,No,20.34375,21.3125,True
/data/shared/Qwen/mydisk/output/SYNTHETIC/NVILA-Lite-2B-SYNTHETIC_MIX_5PCT_2M-20260226_023301/checkpoint-6250,obj2_farther,output/phasevar_5/0001_phA15_phB08.png,Is the blue cube farther from the camera than the green sphere? Answer with yes or no.,No,No,20.296875,21.0,True
/data/shared/Qwen/mydisk/output/SYNTHETIC/NVILA-Lite-2B-SYNTHETIC_MIX_5PCT_2M-20260226_023301/checkpoint-6250,obj2_farther,output/phasevar_5/0001_phA15_phB09.png,Is the blue cube farther from the camera than the green sphere? Answer with yes or no.,No,No,20.515625,21.609375,True
/data/shared/Qwen/mydisk/output/SYNTHETIC/NVILA-Lite-2B-SYNTHETIC_MIX_5PCT_2M-20260226_023301/checkpoint-6250,obj2_farther,output/phasevar_5/0001_phA15_phB10.png,Is the blue cube farther from the camera than the green sphere? Answer with yes or no.,No,No,21.015625,21.921875,True
/data/shared/Qwen/mydisk/output/SYNTHETIC/NVILA-Lite-2B-SYNTHETIC_MIX_5PCT_2M-20260226_023301/checkpoint-6250,obj2_farther,output/phasevar_5/0001_phA15_phB11.png,Is the blue cube farther from the camera than the green sphere? Answer with yes or no.,No,No,20.109375,21.15625,True
/data/shared/Qwen/mydisk/output/SYNTHETIC/NVILA-Lite-2B-SYNTHETIC_MIX_5PCT_2M-20260226_023301/checkpoint-6250,obj2_farther,output/phasevar_5/0001_phA15_phB12.png,Is the blue cube farther from the camera than the green sphere? Answer with yes or no.,No,No,19.6875,20.8125,True
/data/shared/Qwen/mydisk/output/SYNTHETIC/NVILA-Lite-2B-SYNTHETIC_MIX_5PCT_2M-20260226_023301/checkpoint-6250,obj2_farther,output/phasevar_5/0001_phA15_phB13.png,Is the blue cube farther from the camera than the green sphere? Answer with yes or no.,No,No,19.421875,20.640625,True
/data/shared/Qwen/mydisk/output/SYNTHETIC/NVILA-Lite-2B-SYNTHETIC_MIX_5PCT_2M-20260226_023301/checkpoint-6250,obj2_farther,output/phasevar_5/0001_phA15_phB14.png,Is the blue cube farther from the camera than the green sphere? Answer with yes or no.,No,No,20.28125,21.28125,True
/data/shared/Qwen/mydisk/output/SYNTHETIC/NVILA-Lite-2B-SYNTHETIC_MIX_5PCT_2M-20260226_023301/checkpoint-6250,obj2_farther,output/phasevar_5/0001_phA15_phB15.png,Is the blue cube farther from the camera than the green sphere? Answer with yes or no.,No,No,20.0,20.734375,True
/data/shared/Qwen/mydisk/output/SYNTHETIC/NVILA-Lite-2B-SYNTHETIC_MIX_5PCT_2M-20260226_023301/checkpoint-6250,obj2_farther,output/phasevar_5/0002_phA00_phB00.png,Is the black sphere farther from the camera than the magenta sphere? Answer with yes or no.,No,No,20.03125,21.203125,True
/data/shared/Qwen/mydisk/output/SYNTHETIC/NVILA-Lite-2B-SYNTHETIC_MIX_5PCT_2M-20260226_023301/checkpoint-6250,obj2_farther,output/phasevar_5/0002_phA00_phB01.png,Is the black sphere farther from the camera than the magenta sphere? Answer with yes or no.,No,No,20.546875,21.53125,True
/data/shared/Qwen/mydisk/output/SYNTHETIC/NVILA-Lite-2B-SYNTHETIC_MIX_5PCT_2M-20260226_023301/checkpoint-6250,obj2_farther,output/phasevar_5/0002_phA00_phB02.png,Is the black sphere farther from the camera than the magenta sphere? Answer with yes or no.,No,No,20.34375,20.640625,True
/data/shared/Qwen/mydisk/output/SYNTHETIC/NVILA-Lite-2B-SYNTHETIC_MIX_5PCT_2M-20260226_023301/checkpoint-6250,obj2_farther,output/phasevar_5/0002_phA00_phB03.png,Is the black sphere farther from the camera than the magenta sphere? Answer with yes or no.,No,No,19.765625,20.65625,True
/data/shared/Qwen/mydisk/output/SYNTHETIC/NVILA-Lite-2B-SYNTHETIC_MIX_5PCT_2M-20260226_023301/checkpoint-6250,obj2_farther,output/phasevar_5/0002_phA00_phB04.png,Is the black sphere farther from the camera than the magenta sphere? Answer with yes or no.,No,No,19.265625,20.296875,True
/data/shared/Qwen/mydisk/output/SYNTHETIC/NVILA-Lite-2B-SYNTHETIC_MIX_5PCT_2M-20260226_023301/checkpoint-6250,obj2_farther,output/phasevar_5/0002_phA00_phB05.png,Is the black sphere farther from the camera than the magenta sphere? Answer with yes or no.,No,No,19.71875,20.515625,True
/data/shared/Qwen/mydisk/output/SYNTHETIC/NVILA-Lite-2B-SYNTHETIC_MIX_5PCT_2M-20260226_023301/checkpoint-6250,obj2_farther,output/phasevar_5/0002_phA00_phB06.png,Is the black sphere farther from the camera than the magenta sphere? Answer with yes or no.,No,No,19.890625,20.875,True
/data/shared/Qwen/mydisk/output/SYNTHETIC/NVILA-Lite-2B-SYNTHETIC_MIX_5PCT_2M-20260226_023301/checkpoint-6250,obj2_farther,output/phasevar_5/0002_phA00_phB07.png,Is the black sphere farther from the camera than the magenta sphere? Answer with yes or no.,No,No,20.078125,21.453125,True
/data/shared/Qwen/mydisk/output/SYNTHETIC/NVILA-Lite-2B-SYNTHETIC_MIX_5PCT_2M-20260226_023301/checkpoint-6250,obj2_farther,output/phasevar_5/0002_phA00_phB08.png,Is the black sphere farther from the camera than the magenta sphere? Answer with yes or no.,No,No,19.984375,21.546875,True
/data/shared/Qwen/mydisk/output/SYNTHETIC/NVILA-Lite-2B-SYNTHETIC_MIX_5PCT_2M-20260226_023301/checkpoint-6250,obj2_farther,output/phasevar_5/0002_phA00_phB09.png,Is the black sphere farther from the camera than the magenta sphere? Answer with yes or no.,No,No,20.0625,21.546875,True
/data/shared/Qwen/mydisk/output/SYNTHETIC/NVILA-Lite-2B-SYNTHETIC_MIX_5PCT_2M-20260226_023301/checkpoint-6250,obj2_farther,output/phasevar_5/0002_phA00_phB10.png,Is the black sphere farther from the camera than the magenta sphere? Answer with yes or no.,No,No,20.359375,21.578125,True
/data/shared/Qwen/mydisk/output/SYNTHETIC/NVILA-Lite-2B-SYNTHETIC_MIX_5PCT_2M-20260226_023301/checkpoint-6250,obj2_farther,output/phasevar_5/0002_phA00_phB11.png,Is the black sphere farther from the camera than the magenta sphere? Answer with yes or no.,No,No,19.75,21.578125,True
/data/shared/Qwen/mydisk/output/SYNTHETIC/NVILA-Lite-2B-SYNTHETIC_MIX_5PCT_2M-20260226_023301/checkpoint-6250,obj2_farther,output/phasevar_5/0002_phA00_phB12.png,Is the black sphere farther from the camera than the magenta sphere? Answer with yes or no.,No,No,19.53125,21.65625,True
/data/shared/Qwen/mydisk/output/SYNTHETIC/NVILA-Lite-2B-SYNTHETIC_MIX_5PCT_2M-20260226_023301/checkpoint-6250,obj2_farther,output/phasevar_5/0002_phA00_phB13.png,Is the black sphere farther from the camera than the magenta sphere? Answer with yes or no.,No,No,19.5625,21.5,True
/data/shared/Qwen/mydisk/output/SYNTHETIC/NVILA-Lite-2B-SYNTHETIC_MIX_5PCT_2M-20260226_023301/checkpoint-6250,obj2_farther,output/phasevar_5/0002_phA00_phB14.png,Is the black sphere farther from the camera than the magenta sphere? Answer with yes or no.,No,No,20.203125,21.546875,True
/data/shared/Qwen/mydisk/output/SYNTHETIC/NVILA-Lite-2B-SYNTHETIC_MIX_5PCT_2M-20260226_023301/checkpoint-6250,obj2_farther,output/phasevar_5/0002_phA00_phB15.png,Is the black sphere farther from the camera than the magenta sphere? Answer with yes or no.,No,No,20.28125,21.640625,True
/data/shared/Qwen/mydisk/output/SYNTHETIC/NVILA-Lite-2B-SYNTHETIC_MIX_5PCT_2M-20260226_023301/checkpoint-6250,obj2_farther,output/phasevar_5/0002_phA01_phB00.png,Is the black sphere farther from the camera than the magenta sphere? Answer with yes or no.,No,No,19.953125,21.09375,True
/data/shared/Qwen/mydisk/output/SYNTHETIC/NVILA-Lite-2B-SYNTHETIC_MIX_5PCT_2M-20260226_023301/checkpoint-6250,obj2_farther,output/phasevar_5/0002_phA01_phB01.png,Is the black sphere farther from the camera than the magenta sphere? Answer with yes or no.,No,No,20.046875,21.140625,True
/data/shared/Qwen/mydisk/output/SYNTHETIC/NVILA-Lite-2B-SYNTHETIC_MIX_5PCT_2M-20260226_023301/checkpoint-6250,obj2_farther,output/phasevar_5/0002_phA01_phB02.png,Is the black sphere farther from the camera than the magenta sphere? Answer with yes or no.,No,No,19.90625,20.3125,True
/data/shared/Qwen/mydisk/output/SYNTHETIC/NVILA-Lite-2B-SYNTHETIC_MIX_5PCT_2M-20260226_023301/checkpoint-6250,obj2_farther,output/phasevar_5/0002_phA01_phB03.png,Is the black sphere farther from the camera than the magenta sphere? Answer with yes or no.,No,No,19.5,20.3125,True
/data/shared/Qwen/mydisk/output/SYNTHETIC/NVILA-Lite-2B-SYNTHETIC_MIX_5PCT_2M-20260226_023301/checkpoint-6250,obj2_farther,output/phasevar_5/0002_phA01_phB04.png,Is the black sphere farther from the camera than the magenta sphere? Answer with yes or no.,No,No,19.046875,20.21875,True
/data/shared/Qwen/mydisk/output/SYNTHETIC/NVILA-Lite-2B-SYNTHETIC_MIX_5PCT_2M-20260226_023301/checkpoint-6250,obj2_farther,output/phasevar_5/0002_phA01_phB05.png,Is the black sphere farther from the camera than the magenta sphere? Answer with yes or no.,No,No,19.4375,20.484375,True
/data/shared/Qwen/mydisk/output/SYNTHETIC/NVILA-Lite-2B-SYNTHETIC_MIX_5PCT_2M-20260226_023301/checkpoint-6250,obj2_farther,output/phasevar_5/0002_phA01_phB06.png,Is the black sphere farther from the camera than the magenta sphere? Answer with yes or no.,No,No,19.59375,20.625,True
/data/shared/Qwen/mydisk/output/SYNTHETIC/NVILA-Lite-2B-SYNTHETIC_MIX_5PCT_2M-20260226_023301/checkpoint-6250,obj2_farther,output/phasevar_5/0002_phA01_phB07.png,Is the black sphere farther from the camera than the magenta sphere? Answer with yes or no.,No,No,19.8125,21.265625,True
/data/shared/Qwen/mydisk/output/SYNTHETIC/NVILA-Lite-2B-SYNTHETIC_MIX_5PCT_2M-20260226_023301/checkpoint-6250,obj2_farther,output/phasevar_5/0002_phA01_phB08.png,Is the black sphere farther from the camera than the magenta sphere? Answer with yes or no.,No,No,19.875,21.4375,True
/data/shared/Qwen/mydisk/output/SYNTHETIC/NVILA-Lite-2B-SYNTHETIC_MIX_5PCT_2M-20260226_023301/checkpoint-6250,obj2_farther,output/phasevar_5/0002_phA01_phB09.png,Is the black sphere farther from the camera than the magenta sphere? Answer with yes or no.,No,No,20.046875,21.515625,True
/data/shared/Qwen/mydisk/output/SYNTHETIC/NVILA-Lite-2B-SYNTHETIC_MIX_5PCT_2M-20260226_023301/checkpoint-6250,obj2_farther,output/phasevar_5/0002_phA01_phB10.png,Is the black sphere farther from the camera than the magenta sphere? Answer with yes or no.,No,No,20.421875,21.625,True
/data/shared/Qwen/mydisk/output/SYNTHETIC/NVILA-Lite-2B-SYNTHETIC_MIX_5PCT_2M-20260226_023301/checkpoint-6250,obj2_farther,output/phasevar_5/0002_phA01_phB11.png,Is the black sphere farther from the camera than the magenta sphere? Answer with yes or no.,No,No,19.890625,21.640625,True
/data/shared/Qwen/mydisk/output/SYNTHETIC/NVILA-Lite-2B-SYNTHETIC_MIX_5PCT_2M-20260226_023301/checkpoint-6250,obj2_farther,output/phasevar_5/0002_phA01_phB12.png,Is the black sphere farther from the camera than the magenta sphere? Answer with yes or no.,No,No,19.6875,21.703125,True
/data/shared/Qwen/mydisk/output/SYNTHETIC/NVILA-Lite-2B-SYNTHETIC_MIX_5PCT_2M-20260226_023301/checkpoint-6250,obj2_farther,output/phasevar_5/0002_phA01_phB13.png,Is the black sphere farther from the camera than the magenta sphere? Answer with yes or no.,No,No,19.71875,21.515625,True
/data/shared/Qwen/mydisk/output/SYNTHETIC/NVILA-Lite-2B-SYNTHETIC_MIX_5PCT_2M-20260226_023301/checkpoint-6250,obj2_farther,output/phasevar_5/0002_phA01_phB14.png,Is the black sphere farther from the camera than the magenta sphere? Answer with yes or no.,No,No,20.125,21.421875,True
/data/shared/Qwen/mydisk/output/SYNTHETIC/NVILA-Lite-2B-SYNTHETIC_MIX_5PCT_2M-20260226_023301/checkpoint-6250,obj2_farther,output/phasevar_5/0002_phA01_phB15.png,Is the black sphere farther from the camera than the magenta sphere? Answer with yes or no.,No,No,20.296875,21.625,True
/data/shared/Qwen/mydisk/output/SYNTHETIC/NVILA-Lite-2B-SYNTHETIC_MIX_5PCT_2M-20260226_023301/checkpoint-6250,obj2_farther,output/phasevar_5/0002_phA02_phB00.png,Is the black sphere farther from the camera than the magenta sphere? Answer with yes or no.,No,No,20.34375,21.28125,True
/data/shared/Qwen/mydisk/output/SYNTHETIC/NVILA-Lite-2B-SYNTHETIC_MIX_5PCT_2M-20260226_023301/checkpoint-6250,obj2_farther,output/phasevar_5/0002_phA02_phB01.png,Is the black sphere farther from the camera than the magenta sphere? Answer with yes or no.,No,No,20.09375,21.09375,True
/data/shared/Qwen/mydisk/output/SYNTHETIC/NVILA-Lite-2B-SYNTHETIC_MIX_5PCT_2M-20260226_023301/checkpoint-6250,obj2_farther,output/phasevar_5/0002_phA02_phB02.png,Is the black sphere farther from the camera than the magenta sphere? Answer with yes or no.,No,No,19.921875,20.203125,True
/data/shared/Qwen/mydisk/output/SYNTHETIC/NVILA-Lite-2B-SYNTHETIC_MIX_5PCT_2M-20260226_023301/checkpoint-6250,obj2_farther,output/phasevar_5/0002_phA02_phB03.png,Is the black sphere farther from the camera than the magenta sphere? Answer with yes or no.,No,No,19.46875,20.109375,True
/data/shared/Qwen/mydisk/output/SYNTHETIC/NVILA-Lite-2B-SYNTHETIC_MIX_5PCT_2M-20260226_023301/checkpoint-6250,obj2_farther,output/phasevar_5/0002_phA02_phB04.png,Is the black sphere farther from the camera than the magenta sphere? Answer with yes or no.,No,No,19.046875,20.15625,True
/data/shared/Qwen/mydisk/output/SYNTHETIC/NVILA-Lite-2B-SYNTHETIC_MIX_5PCT_2M-20260226_023301/checkpoint-6250,obj2_farther,output/phasevar_5/0002_phA02_phB05.png,Is the black sphere farther from the camera than the magenta sphere? Answer with yes or no.,No,No,19.46875,20.390625,True
/data/shared/Qwen/mydisk/output/SYNTHETIC/NVILA-Lite-2B-SYNTHETIC_MIX_5PCT_2M-20260226_023301/checkpoint-6250,obj2_farther,output/phasevar_5/0002_phA02_phB06.png,Is the black sphere farther from the camera than the magenta sphere? Answer with yes or no.,No,No,19.59375,20.53125,True
/data/shared/Qwen/mydisk/output/SYNTHETIC/NVILA-Lite-2B-SYNTHETIC_MIX_5PCT_2M-20260226_023301/checkpoint-6250,obj2_farther,output/phasevar_5/0002_phA02_phB07.png,Is the black sphere farther from the camera than the magenta sphere? Answer with yes or no.,No,No,19.96875,21.359375,True
/data/shared/Qwen/mydisk/output/SYNTHETIC/NVILA-Lite-2B-SYNTHETIC_MIX_5PCT_2M-20260226_023301/checkpoint-6250,obj2_farther,output/phasevar_5/0002_phA02_phB08.png,Is the black sphere farther from the camera than the magenta sphere? Answer with yes or no.,No,No,20.078125,21.546875,True
/data/shared/Qwen/mydisk/output/SYNTHETIC/NVILA-Lite-2B-SYNTHETIC_MIX_5PCT_2M-20260226_023301/checkpoint-6250,obj2_farther,output/phasevar_5/0002_phA02_phB09.png,Is the black sphere farther from the camera than the magenta sphere? Answer with yes or no.,No,No,20.328125,21.6875,True
/data/shared/Qwen/mydisk/output/SYNTHETIC/NVILA-Lite-2B-SYNTHETIC_MIX_5PCT_2M-20260226_023301/checkpoint-6250,obj2_farther,output/phasevar_5/0002_phA02_phB10.png,Is the black sphere farther from the camera than the magenta sphere? Answer with yes or no.,No,No,20.84375,21.921875,True
/data/shared/Qwen/mydisk/output/SYNTHETIC/NVILA-Lite-2B-SYNTHETIC_MIX_5PCT_2M-20260226_023301/checkpoint-6250,obj2_farther,output/phasevar_5/0002_phA02_phB11.png,Is the black sphere farther from the camera than the magenta sphere? Answer with yes or no.,No,No,20.375,21.96875,True
/data/shared/Qwen/mydisk/output/SYNTHETIC/NVILA-Lite-2B-SYNTHETIC_MIX_5PCT_2M-20260226_023301/checkpoint-6250,obj2_farther,output/phasevar_5/0002_phA02_phB12.png,Is the black sphere farther from the camera than the magenta sphere? Answer with yes or no.,No,No,20.140625,22.078125,True
/data/shared/Qwen/mydisk/output/SYNTHETIC/NVILA-Lite-2B-SYNTHETIC_MIX_5PCT_2M-20260226_023301/checkpoint-6250,obj2_farther,output/phasevar_5/0002_phA02_phB13.png,Is the black sphere farther from the camera than the magenta sphere? Answer with yes or no.,No,No,20.15625,21.734375,True
/data/shared/Qwen/mydisk/output/SYNTHETIC/NVILA-Lite-2B-SYNTHETIC_MIX_5PCT_2M-20260226_023301/checkpoint-6250,obj2_farther,output/phasevar_5/0002_phA02_phB14.png,Is the black sphere farther from the camera than the magenta sphere? Answer with yes or no.,No,No,20.5625,21.65625,True
/data/shared/Qwen/mydisk/output/SYNTHETIC/NVILA-Lite-2B-SYNTHETIC_MIX_5PCT_2M-20260226_023301/checkpoint-6250,obj2_farther,output/phasevar_5/0002_phA02_phB15.png,Is the black sphere farther from the camera than the magenta sphere? Answer with yes or no.,No,No,20.6875,21.78125,True
/data/shared/Qwen/mydisk/output/SYNTHETIC/NVILA-Lite-2B-SYNTHETIC_MIX_5PCT_2M-20260226_023301/checkpoint-6250,obj2_farther,output/phasevar_5/0002_phA03_phB00.png,Is the black sphere farther from the camera than the magenta sphere? Answer with yes or no.,No,No,20.34375,20.875,True
/data/shared/Qwen/mydisk/output/SYNTHETIC/NVILA-Lite-2B-SYNTHETIC_MIX_5PCT_2M-20260226_023301/checkpoint-6250,obj2_farther,output/phasevar_5/0002_phA03_phB01.png,Is the black sphere farther from the camera than the magenta sphere? Answer with yes or no.,No,No,20.015625,20.578125,True
/data/shared/Qwen/mydisk/output/SYNTHETIC/NVILA-Lite-2B-SYNTHETIC_MIX_5PCT_2M-20260226_023301/checkpoint-6250,obj2_farther,output/phasevar_5/0002_phA03_phB02.png,Is the black sphere farther from the camera than the magenta sphere? Answer with yes or no.,No,No,19.859375,19.921875,True
/data/shared/Qwen/mydisk/output/SYNTHETIC/NVILA-Lite-2B-SYNTHETIC_MIX_5PCT_2M-20260226_023301/checkpoint-6250,obj2_farther,output/phasevar_5/0002_phA03_phB03.png,Is the black sphere farther from the camera than the magenta sphere? Answer with yes or no.,No,No,19.71875,20.0,True
/data/shared/Qwen/mydisk/output/SYNTHETIC/NVILA-Lite-2B-SYNTHETIC_MIX_5PCT_2M-20260226_023301/checkpoint-6250,obj2_farther,output/phasevar_5/0002_phA03_phB04.png,Is the black sphere farther from the camera than the magenta sphere? Answer with yes or no.,No,No,18.890625,19.78125,True
/data/shared/Qwen/mydisk/output/SYNTHETIC/NVILA-Lite-2B-SYNTHETIC_MIX_5PCT_2M-20260226_023301/checkpoint-6250,obj2_farther,output/phasevar_5/0002_phA03_phB05.png,Is the black sphere farther from the camera than the magenta sphere? Answer with yes or no.,No,No,19.40625,20.125,True
/data/shared/Qwen/mydisk/output/SYNTHETIC/NVILA-Lite-2B-SYNTHETIC_MIX_5PCT_2M-20260226_023301/checkpoint-6250,obj2_farther,output/phasevar_5/0002_phA03_phB06.png,Is the black sphere farther from the camera than the magenta sphere? Answer with yes or no.,No,No,19.46875,20.203125,True
/data/shared/Qwen/mydisk/output/SYNTHETIC/NVILA-Lite-2B-SYNTHETIC_MIX_5PCT_2M-20260226_023301/checkpoint-6250,obj2_farther,output/phasevar_5/0002_phA03_phB07.png,Is the black sphere farther from the camera than the magenta sphere? Answer with yes or no.,No,No,19.65625,20.84375,True
/data/shared/Qwen/mydisk/output/SYNTHETIC/NVILA-Lite-2B-SYNTHETIC_MIX_5PCT_2M-20260226_023301/checkpoint-6250,obj2_farther,output/phasevar_5/0002_phA03_phB08.png,Is the black sphere farther from the camera than the magenta sphere? Answer with yes or no.,No,No,19.828125,21.015625,True
/data/shared/Qwen/mydisk/output/SYNTHETIC/NVILA-Lite-2B-SYNTHETIC_MIX_5PCT_2M-20260226_023301/checkpoint-6250,obj2_farther,output/phasevar_5/0002_phA03_phB09.png,Is the black sphere farther from the camera than the magenta sphere? Answer with yes or no.,No,No,20.140625,21.1875,True
/data/shared/Qwen/mydisk/output/SYNTHETIC/NVILA-Lite-2B-SYNTHETIC_MIX_5PCT_2M-20260226_023301/checkpoint-6250,obj2_farther,output/phasevar_5/0002_phA03_phB10.png,Is the black sphere farther from the camera than the magenta sphere? Answer with yes or no.,No,No,20.859375,21.703125,True
/data/shared/Qwen/mydisk/output/SYNTHETIC/NVILA-Lite-2B-SYNTHETIC_MIX_5PCT_2M-20260226_023301/checkpoint-6250,obj2_farther,output/phasevar_5/0002_phA03_phB11.png,Is the black sphere farther from the camera than the magenta sphere? Answer with yes or no.,No,No,20.40625,21.734375,True
/data/shared/Qwen/mydisk/output/SYNTHETIC/NVILA-Lite-2B-SYNTHETIC_MIX_5PCT_2M-20260226_023301/checkpoint-6250,obj2_farther,output/phasevar_5/0002_phA03_phB12.png,Is the black sphere farther from the camera than the magenta sphere? Answer with yes or no.,No,No,20.140625,21.765625,True
/data/shared/Qwen/mydisk/output/SYNTHETIC/NVILA-Lite-2B-SYNTHETIC_MIX_5PCT_2M-20260226_023301/checkpoint-6250,obj2_farther,output/phasevar_5/0002_phA03_phB13.png,Is the black sphere farther from the camera than the magenta sphere? Answer with yes or no.,No,No,20.296875,21.5,True
/data/shared/Qwen/mydisk/output/SYNTHETIC/NVILA-Lite-2B-SYNTHETIC_MIX_5PCT_2M-20260226_023301/checkpoint-6250,obj2_farther,output/phasevar_5/0002_phA03_phB14.png,Is the black sphere farther from the camera than the magenta sphere? Answer with yes or no.,No,No,20.75,21.390625,True
/data/shared/Qwen/mydisk/output/SYNTHETIC/NVILA-Lite-2B-SYNTHETIC_MIX_5PCT_2M-20260226_023301/checkpoint-6250,obj2_farther,output/phasevar_5/0002_phA03_phB15.png,Is the black sphere farther from the camera than the magenta sphere? Answer with yes or no.,No,No,20.65625,21.328125,True
/data/shared/Qwen/mydisk/output/SYNTHETIC/NVILA-Lite-2B-SYNTHETIC_MIX_5PCT_2M-20260226_023301/checkpoint-6250,obj2_farther,output/phasevar_5/0002_phA04_phB00.png,Is the black sphere farther from the camera than the magenta sphere? Answer with yes or no.,No,No,20.15625,20.515625,True
/data/shared/Qwen/mydisk/output/SYNTHETIC/NVILA-Lite-2B-SYNTHETIC_MIX_5PCT_2M-20260226_023301/checkpoint-6250,obj2_farther,output/phasevar_5/0002_phA04_phB01.png,Is the black sphere farther from the camera than the magenta sphere? Answer with yes or no.,No,No,19.828125,20.1875,True
/data/shared/Qwen/mydisk/output/SYNTHETIC/NVILA-Lite-2B-SYNTHETIC_MIX_5PCT_2M-20260226_023301/checkpoint-6250,obj2_farther,output/phasevar_5/0002_phA04_phB02.png,Is the black sphere farther from the camera than the magenta sphere? Answer with yes or no.,No,No,19.734375,19.78125,True
/data/shared/Qwen/mydisk/output/SYNTHETIC/NVILA-Lite-2B-SYNTHETIC_MIX_5PCT_2M-20260226_023301/checkpoint-6250,obj2_farther,output/phasevar_5/0002_phA04_phB03.png,Is the black sphere farther from the camera than the magenta sphere? Answer with yes or no.,No,No,19.71875,20.03125,True
/data/shared/Qwen/mydisk/output/SYNTHETIC/NVILA-Lite-2B-SYNTHETIC_MIX_5PCT_2M-20260226_023301/checkpoint-6250,obj2_farther,output/phasevar_5/0002_phA04_phB04.png,Is the black sphere farther from the camera than the magenta sphere? Answer with yes or no.,No,No,18.84375,19.640625,True
/data/shared/Qwen/mydisk/output/SYNTHETIC/NVILA-Lite-2B-SYNTHETIC_MIX_5PCT_2M-20260226_023301/checkpoint-6250,obj2_farther,output/phasevar_5/0002_phA04_phB05.png,Is the black sphere farther from the camera than the magenta sphere? Answer with yes or no.,No,No,19.140625,19.9375,True
/data/shared/Qwen/mydisk/output/SYNTHETIC/NVILA-Lite-2B-SYNTHETIC_MIX_5PCT_2M-20260226_023301/checkpoint-6250,obj2_farther,output/phasevar_5/0002_phA04_phB06.png,Is the black sphere farther from the camera than the magenta sphere? Answer with yes or no.,No,No,19.265625,20.046875,True
/data/shared/Qwen/mydisk/output/SYNTHETIC/NVILA-Lite-2B-SYNTHETIC_MIX_5PCT_2M-20260226_023301/checkpoint-6250,obj2_farther,output/phasevar_5/0002_phA04_phB07.png,Is the black sphere farther from the camera than the magenta sphere? Answer with yes or no.,No,No,19.5,20.484375,True
/data/shared/Qwen/mydisk/output/SYNTHETIC/NVILA-Lite-2B-SYNTHETIC_MIX_5PCT_2M-20260226_023301/checkpoint-6250,obj2_farther,output/phasevar_5/0002_phA04_phB08.png,Is the black sphere farther from the camera than the magenta sphere? Answer with yes or no.,No,No,19.6875,20.65625,True
/data/shared/Qwen/mydisk/output/SYNTHETIC/NVILA-Lite-2B-SYNTHETIC_MIX_5PCT_2M-20260226_023301/checkpoint-6250,obj2_farther,output/phasevar_5/0002_phA04_phB09.png,Is the black sphere farther from the camera than the magenta sphere? Answer with yes or no.,No,No,19.921875,20.71875,True
/data/shared/Qwen/mydisk/output/SYNTHETIC/NVILA-Lite-2B-SYNTHETIC_MIX_5PCT_2M-20260226_023301/checkpoint-6250,obj2_farther,output/phasevar_5/0002_phA04_phB10.png,Is the black sphere farther from the camera than the magenta sphere? Answer with yes or no.,No,No,20.46875,21.03125,True
/data/shared/Qwen/mydisk/output/SYNTHETIC/NVILA-Lite-2B-SYNTHETIC_MIX_5PCT_2M-20260226_023301/checkpoint-6250,obj2_farther,output/phasevar_5/0002_phA04_phB11.png,Is the black sphere farther from the camera than the magenta sphere? Answer with yes or no.,No,No,20.296875,21.203125,True
/data/shared/Qwen/mydisk/output/SYNTHETIC/NVILA-Lite-2B-SYNTHETIC_MIX_5PCT_2M-20260226_023301/checkpoint-6250,obj2_farther,output/phasevar_5/0002_phA04_phB12.png,Is the black sphere farther from the camera than the magenta sphere? Answer with yes or no.,No,No,20.171875,21.3125,True
/data/shared/Qwen/mydisk/output/SYNTHETIC/NVILA-Lite-2B-SYNTHETIC_MIX_5PCT_2M-20260226_023301/checkpoint-6250,obj2_farther,output/phasevar_5/0002_phA04_phB13.png,Is the black sphere farther from the camera than the magenta sphere? Answer with yes or no.,No,No,20.1875,21.03125,True
/data/shared/Qwen/mydisk/output/SYNTHETIC/NVILA-Lite-2B-SYNTHETIC_MIX_5PCT_2M-20260226_023301/checkpoint-6250,obj2_farther,output/phasevar_5/0002_phA04_phB14.png,Is the black sphere farther from the camera than the magenta sphere? Answer with yes or no.,No,No,20.65625,21.125,True
/data/shared/Qwen/mydisk/output/SYNTHETIC/NVILA-Lite-2B-SYNTHETIC_MIX_5PCT_2M-20260226_023301/checkpoint-6250,obj2_farther,output/phasevar_5/0002_phA04_phB15.png,Is the black sphere farther from the camera than the magenta sphere? Answer with yes or no.,No,No,20.484375,20.890625,True
/data/shared/Qwen/mydisk/output/SYNTHETIC/NVILA-Lite-2B-SYNTHETIC_MIX_5PCT_2M-20260226_023301/checkpoint-6250,obj2_farther,output/phasevar_5/0002_phA05_phB00.png,Is the black sphere farther from the camera than the magenta sphere? Answer with yes or no.,No,No,20.09375,20.6875,True
/data/shared/Qwen/mydisk/output/SYNTHETIC/NVILA-Lite-2B-SYNTHETIC_MIX_5PCT_2M-20260226_023301/checkpoint-6250,obj2_farther,output/phasevar_5/0002_phA05_phB01.png,Is the black sphere farther from the camera than the magenta sphere? Answer with yes or no.,No,No,19.859375,20.609375,True
/data/shared/Qwen/mydisk/output/SYNTHETIC/NVILA-Lite-2B-SYNTHETIC_MIX_5PCT_2M-20260226_023301/checkpoint-6250,obj2_farther,output/phasevar_5/0002_phA05_phB02.png,Is the black sphere farther from the camera than the magenta sphere? Answer with yes or no.,No,No,19.78125,20.078125,True
/data/shared/Qwen/mydisk/output/SYNTHETIC/NVILA-Lite-2B-SYNTHETIC_MIX_5PCT_2M-20260226_023301/checkpoint-6250,obj2_farther,output/phasevar_5/0002_phA05_phB03.png,Is the black sphere farther from the camera than the magenta sphere? Answer with yes or no.,No,No,19.609375,20.3125,True
/data/shared/Qwen/mydisk/output/SYNTHETIC/NVILA-Lite-2B-SYNTHETIC_MIX_5PCT_2M-20260226_023301/checkpoint-6250,obj2_farther,output/phasevar_5/0002_phA05_phB04.png,Is the black sphere farther from the camera than the magenta sphere? Answer with yes or no.,No,No,18.78125,19.796875,True
/data/shared/Qwen/mydisk/output/SYNTHETIC/NVILA-Lite-2B-SYNTHETIC_MIX_5PCT_2M-20260226_023301/checkpoint-6250,obj2_farther,output/phasevar_5/0002_phA05_phB05.png,Is the black sphere farther from the camera than the magenta sphere? Answer with yes or no.,No,No,18.90625,19.9375,True
/data/shared/Qwen/mydisk/output/SYNTHETIC/NVILA-Lite-2B-SYNTHETIC_MIX_5PCT_2M-20260226_023301/checkpoint-6250,obj2_farther,output/phasevar_5/0002_phA05_phB06.png,Is the black sphere farther from the camera than the magenta sphere? Answer with yes or no.,No,No,19.25,20.28125,True
/data/shared/Qwen/mydisk/output/SYNTHETIC/NVILA-Lite-2B-SYNTHETIC_MIX_5PCT_2M-20260226_023301/checkpoint-6250,obj2_farther,output/phasevar_5/0002_phA05_phB07.png,Is the black sphere farther from the camera than the magenta sphere? Answer with yes or no.,No,No,19.40625,20.5625,True
/data/shared/Qwen/mydisk/output/SYNTHETIC/NVILA-Lite-2B-SYNTHETIC_MIX_5PCT_2M-20260226_023301/checkpoint-6250,obj2_farther,output/phasevar_5/0002_phA05_phB08.png,Is the black sphere farther from the camera than the magenta sphere? Answer with yes or no.,No,No,19.546875,20.671875,True
/data/shared/Qwen/mydisk/output/SYNTHETIC/NVILA-Lite-2B-SYNTHETIC_MIX_5PCT_2M-20260226_023301/checkpoint-6250,obj2_farther,output/phasevar_5/0002_phA05_phB09.png,Is the black sphere farther from the camera than the magenta sphere? Answer with yes or no.,No,No,19.828125,20.71875,True
/data/shared/Qwen/mydisk/output/SYNTHETIC/NVILA-Lite-2B-SYNTHETIC_MIX_5PCT_2M-20260226_023301/checkpoint-6250,obj2_farther,output/phasevar_5/0002_phA05_phB10.png,Is the black sphere farther from the camera than the magenta sphere? Answer with yes or no.,No,No,20.34375,20.90625,True
/data/shared/Qwen/mydisk/output/SYNTHETIC/NVILA-Lite-2B-SYNTHETIC_MIX_5PCT_2M-20260226_023301/checkpoint-6250,obj2_farther,output/phasevar_5/0002_phA05_phB11.png,Is the black sphere farther from the camera than the magenta sphere? Answer with yes or no.,No,No,20.109375,21.0625,True
/data/shared/Qwen/mydisk/output/SYNTHETIC/NVILA-Lite-2B-SYNTHETIC_MIX_5PCT_2M-20260226_023301/checkpoint-6250,obj2_farther,output/phasevar_5/0002_phA05_phB12.png,Is the black sphere farther from the camera than the magenta sphere? Answer with yes or no.,No,No,20.03125,21.328125,True
/data/shared/Qwen/mydisk/output/SYNTHETIC/NVILA-Lite-2B-SYNTHETIC_MIX_5PCT_2M-20260226_023301/checkpoint-6250,obj2_farther,output/phasevar_5/0002_phA05_phB13.png,Is the black sphere farther from the camera than the magenta sphere? Answer with yes or no.,No,No,20.125,21.3125,True
/data/shared/Qwen/mydisk/output/SYNTHETIC/NVILA-Lite-2B-SYNTHETIC_MIX_5PCT_2M-20260226_023301/checkpoint-6250,obj2_farther,output/phasevar_5/0002_phA05_phB14.png,Is the black sphere farther from the camera than the magenta sphere? Answer with yes or no.,No,No,20.65625,21.3125,True
/data/shared/Qwen/mydisk/output/SYNTHETIC/NVILA-Lite-2B-SYNTHETIC_MIX_5PCT_2M-20260226_023301/checkpoint-6250,obj2_farther,output/phasevar_5/0002_phA05_phB15.png,Is the black sphere farther from the camera than the magenta sphere? Answer with yes or no.,No,No,20.46875,21.15625,True
/data/shared/Qwen/mydisk/output/SYNTHETIC/NVILA-Lite-2B-SYNTHETIC_MIX_5PCT_2M-20260226_023301/checkpoint-6250,obj2_farther,output/phasevar_5/0002_phA06_phB00.png,Is the black sphere farther from the camera than the magenta sphere? Answer with yes or no.,No,No,20.125,20.75,True
/data/shared/Qwen/mydisk/output/SYNTHETIC/NVILA-Lite-2B-SYNTHETIC_MIX_5PCT_2M-20260226_023301/checkpoint-6250,obj2_farther,output/phasevar_5/0002_phA06_phB01.png,Is the black sphere farther from the camera than the magenta sphere? Answer with yes or no.,No,No,19.921875,20.765625,True
/data/shared/Qwen/mydisk/output/SYNTHETIC/NVILA-Lite-2B-SYNTHETIC_MIX_5PCT_2M-20260226_023301/checkpoint-6250,obj2_farther,output/phasevar_5/0002_phA06_phB02.png,Is the black sphere farther from the camera than the magenta sphere? Answer with yes or no.,No,No,19.96875,20.09375,True
/data/shared/Qwen/mydisk/output/SYNTHETIC/NVILA-Lite-2B-SYNTHETIC_MIX_5PCT_2M-20260226_023301/checkpoint-6250,obj2_farther,output/phasevar_5/0002_phA06_phB03.png,Is the black sphere farther from the camera than the magenta sphere? Answer with yes or no.,No,No,19.8125,20.265625,True
/data/shared/Qwen/mydisk/output/SYNTHETIC/NVILA-Lite-2B-SYNTHETIC_MIX_5PCT_2M-20260226_023301/checkpoint-6250,obj2_farther,output/phasevar_5/0002_phA06_phB04.png,Is the black sphere farther from the camera than the magenta sphere? Answer with yes or no.,No,No,18.953125,19.5,True
/data/shared/Qwen/mydisk/output/SYNTHETIC/NVILA-Lite-2B-SYNTHETIC_MIX_5PCT_2M-20260226_023301/checkpoint-6250,obj2_farther,output/phasevar_5/0002_phA06_phB05.png,Is the black sphere farther from the camera than the magenta sphere? Answer with yes or no.,No,No,18.75,19.625,True
/data/shared/Qwen/mydisk/output/SYNTHETIC/NVILA-Lite-2B-SYNTHETIC_MIX_5PCT_2M-20260226_023301/checkpoint-6250,obj2_farther,output/phasevar_5/0002_phA06_phB06.png,Is the black sphere farther from the camera than the magenta sphere? Answer with yes or no.,No,No,19.203125,20.15625,True
/data/shared/Qwen/mydisk/output/SYNTHETIC/NVILA-Lite-2B-SYNTHETIC_MIX_5PCT_2M-20260226_023301/checkpoint-6250,obj2_farther,output/phasevar_5/0002_phA06_phB07.png,Is the black sphere farther from the camera than the magenta sphere? Answer with yes or no.,No,No,19.390625,20.515625,True
/data/shared/Qwen/mydisk/output/SYNTHETIC/NVILA-Lite-2B-SYNTHETIC_MIX_5PCT_2M-20260226_023301/checkpoint-6250,obj2_farther,output/phasevar_5/0002_phA06_phB08.png,Is the black sphere farther from the camera than the magenta sphere? Answer with yes or no.,No,No,19.453125,20.515625,True
/data/shared/Qwen/mydisk/output/SYNTHETIC/NVILA-Lite-2B-SYNTHETIC_MIX_5PCT_2M-20260226_023301/checkpoint-6250,obj2_farther,output/phasevar_5/0002_phA06_phB09.png,Is the black sphere farther from the camera than the magenta sphere? Answer with yes or no.,No,No,19.65625,20.59375,True
/data/shared/Qwen/mydisk/output/SYNTHETIC/NVILA-Lite-2B-SYNTHETIC_MIX_5PCT_2M-20260226_023301/checkpoint-6250,obj2_farther,output/phasevar_5/0002_phA06_phB10.png,Is the black sphere farther from the camera than the magenta sphere? Answer with yes or no.,No,No,20.0625,20.65625,True
/data/shared/Qwen/mydisk/output/SYNTHETIC/NVILA-Lite-2B-SYNTHETIC_MIX_5PCT_2M-20260226_023301/checkpoint-6250,obj2_farther,output/phasevar_5/0002_phA06_phB11.png,Is the black sphere farther from the camera than the magenta sphere? Answer with yes or no.,No,No,19.96875,20.96875,True
/data/shared/Qwen/mydisk/output/SYNTHETIC/NVILA-Lite-2B-SYNTHETIC_MIX_5PCT_2M-20260226_023301/checkpoint-6250,obj2_farther,output/phasevar_5/0002_phA06_phB12.png,Is the black sphere farther from the camera than the magenta sphere? Answer with yes or no.,No,No,19.90625,21.25,True
/data/shared/Qwen/mydisk/output/SYNTHETIC/NVILA-Lite-2B-SYNTHETIC_MIX_5PCT_2M-20260226_023301/checkpoint-6250,obj2_farther,output/phasevar_5/0002_phA06_phB13.png,Is the black sphere farther from the camera than the magenta sphere? Answer with yes or no.,No,No,20.0625,21.40625,True
/data/shared/Qwen/mydisk/output/SYNTHETIC/NVILA-Lite-2B-SYNTHETIC_MIX_5PCT_2M-20260226_023301/checkpoint-6250,obj2_farther,output/phasevar_5/0002_phA06_phB14.png,Is the black sphere farther from the camera than the magenta sphere? Answer with yes or no.,No,No,20.4375,20.9375,True
/data/shared/Qwen/mydisk/output/SYNTHETIC/NVILA-Lite-2B-SYNTHETIC_MIX_5PCT_2M-20260226_023301/checkpoint-6250,obj2_farther,output/phasevar_5/0002_phA06_phB15.png,Is the black sphere farther from the camera than the magenta sphere? Answer with yes or no.,No,No,20.375,21.015625,True
/data/shared/Qwen/mydisk/output/SYNTHETIC/NVILA-Lite-2B-SYNTHETIC_MIX_5PCT_2M-20260226_023301/checkpoint-6250,obj2_farther,output/phasevar_5/0002_phA07_phB00.png,Is the black sphere farther from the camera than the magenta sphere? Answer with yes or no.,No,No,19.8125,21.203125,True
/data/shared/Qwen/mydisk/output/SYNTHETIC/NVILA-Lite-2B-SYNTHETIC_MIX_5PCT_2M-20260226_023301/checkpoint-6250,obj2_farther,output/phasevar_5/0002_phA07_phB01.png,Is the black sphere farther from the camera than the magenta sphere? Answer with yes or no.,No,No,19.640625,21.046875,True
/data/shared/Qwen/mydisk/output/SYNTHETIC/NVILA-Lite-2B-SYNTHETIC_MIX_5PCT_2M-20260226_023301/checkpoint-6250,obj2_farther,output/phasevar_5/0002_phA07_phB02.png,Is the black sphere farther from the camera than the magenta sphere? Answer with yes or no.,No,No,19.90625,20.40625,True
/data/shared/Qwen/mydisk/output/SYNTHETIC/NVILA-Lite-2B-SYNTHETIC_MIX_5PCT_2M-20260226_023301/checkpoint-6250,obj2_farther,output/phasevar_5/0002_phA07_phB03.png,Is the black sphere farther from the camera than the magenta sphere? Answer with yes or no.,No,No,19.484375,20.328125,True
/data/shared/Qwen/mydisk/output/SYNTHETIC/NVILA-Lite-2B-SYNTHETIC_MIX_5PCT_2M-20260226_023301/checkpoint-6250,obj2_farther,output/phasevar_5/0002_phA07_phB04.png,Is the black sphere farther from the camera than the magenta sphere? Answer with yes or no.,No,No,18.78125,19.6875,True
/data/shared/Qwen/mydisk/output/SYNTHETIC/NVILA-Lite-2B-SYNTHETIC_MIX_5PCT_2M-20260226_023301/checkpoint-6250,obj2_farther,output/phasevar_5/0002_phA07_phB05.png,Is the black sphere farther from the camera than the magenta sphere? Answer with yes or no.,No,No,18.609375,19.84375,True
/data/shared/Qwen/mydisk/output/SYNTHETIC/NVILA-Lite-2B-SYNTHETIC_MIX_5PCT_2M-20260226_023301/checkpoint-6250,obj2_farther,output/phasevar_5/0002_phA07_phB06.png,Is the black sphere farther from the camera than the magenta sphere? Answer with yes or no.,No,No,19.171875,20.328125,True
/data/shared/Qwen/mydisk/output/SYNTHETIC/NVILA-Lite-2B-SYNTHETIC_MIX_5PCT_2M-20260226_023301/checkpoint-6250,obj2_farther,output/phasevar_5/0002_phA07_phB07.png,Is the black sphere farther from the camera than the magenta sphere? Answer with yes or no.,No,No,19.15625,20.59375,True
/data/shared/Qwen/mydisk/output/SYNTHETIC/NVILA-Lite-2B-SYNTHETIC_MIX_5PCT_2M-20260226_023301/checkpoint-6250,obj2_farther,output/phasevar_5/0002_phA07_phB08.png,Is the black sphere farther from the camera than the magenta sphere? Answer with yes or no.,No,No,19.21875,20.75,True
/data/shared/Qwen/mydisk/output/SYNTHETIC/NVILA-Lite-2B-SYNTHETIC_MIX_5PCT_2M-20260226_023301/checkpoint-6250,obj2_farther,output/phasevar_5/0002_phA07_phB09.png,Is the black sphere farther from the camera than the magenta sphere? Answer with yes or no.,No,No,19.46875,20.84375,True
/data/shared/Qwen/mydisk/output/SYNTHETIC/NVILA-Lite-2B-SYNTHETIC_MIX_5PCT_2M-20260226_023301/checkpoint-6250,obj2_farther,output/phasevar_5/0002_phA07_phB10.png,Is the black sphere farther from the camera than the magenta sphere? Answer with yes or no.,No,No,19.734375,20.71875,True
/data/shared/Qwen/mydisk/output/SYNTHETIC/NVILA-Lite-2B-SYNTHETIC_MIX_5PCT_2M-20260226_023301/checkpoint-6250,obj2_farther,output/phasevar_5/0002_phA07_phB11.png,Is the black sphere farther from the camera than the magenta sphere? Answer with yes or no.,No,No,19.4375,20.96875,True
/data/shared/Qwen/mydisk/output/SYNTHETIC/NVILA-Lite-2B-SYNTHETIC_MIX_5PCT_2M-20260226_023301/checkpoint-6250,obj2_farther,output/phasevar_5/0002_phA07_phB12.png,Is the black sphere farther from the camera than the magenta sphere? Answer with yes or no.,No,No,19.328125,21.140625,True
/data/shared/Qwen/mydisk/output/SYNTHETIC/NVILA-Lite-2B-SYNTHETIC_MIX_5PCT_2M-20260226_023301/checkpoint-6250,obj2_farther,output/phasevar_5/0002_phA07_phB13.png,Is the black sphere farther from the camera than the magenta sphere? Answer with yes or no.,No,No,19.46875,21.125,True
/data/shared/Qwen/mydisk/output/SYNTHETIC/NVILA-Lite-2B-SYNTHETIC_MIX_5PCT_2M-20260226_023301/checkpoint-6250,obj2_farther,output/phasevar_5/0002_phA07_phB14.png,Is the black sphere farther from the camera than the magenta sphere? Answer with yes or no.,No,No,20.0625,21.0,True
/data/shared/Qwen/mydisk/output/SYNTHETIC/NVILA-Lite-2B-SYNTHETIC_MIX_5PCT_2M-20260226_023301/checkpoint-6250,obj2_farther,output/phasevar_5/0002_phA07_phB15.png,Is the black sphere farther from the camera than the magenta sphere? Answer with yes or no.,No,No,19.96875,21.28125,True
/data/shared/Qwen/mydisk/output/SYNTHETIC/NVILA-Lite-2B-SYNTHETIC_MIX_5PCT_2M-20260226_023301/checkpoint-6250,obj2_farther,output/phasevar_5/0002_phA08_phB00.png,Is the black sphere farther from the camera than the magenta sphere? Answer with yes or no.,No,No,19.890625,21.203125,True
/data/shared/Qwen/mydisk/output/SYNTHETIC/NVILA-Lite-2B-SYNTHETIC_MIX_5PCT_2M-20260226_023301/checkpoint-6250,obj2_farther,output/phasevar_5/0002_phA08_phB01.png,Is the black sphere farther from the camera than the magenta sphere? Answer with yes or no.,No,No,20.015625,21.0625,True
/data/shared/Qwen/mydisk/output/SYNTHETIC/NVILA-Lite-2B-SYNTHETIC_MIX_5PCT_2M-20260226_023301/checkpoint-6250,obj2_farther,output/phasevar_5/0002_phA08_phB02.png,Is the black sphere farther from the camera than the magenta sphere? Answer with yes or no.,No,No,20.390625,20.5625,True
/data/shared/Qwen/mydisk/output/SYNTHETIC/NVILA-Lite-2B-SYNTHETIC_MIX_5PCT_2M-20260226_023301/checkpoint-6250,obj2_farther,output/phasevar_5/0002_phA08_phB03.png,Is the black sphere farther from the camera than the magenta sphere? Answer with yes or no.,No,No,20.046875,20.46875,True
/data/shared/Qwen/mydisk/output/SYNTHETIC/NVILA-Lite-2B-SYNTHETIC_MIX_5PCT_2M-20260226_023301/checkpoint-6250,obj2_farther,output/phasevar_5/0002_phA08_phB04.png,Is the black sphere farther from the camera than the magenta sphere? Answer with yes or no.,No,No,19.140625,19.78125,True
/data/shared/Qwen/mydisk/output/SYNTHETIC/NVILA-Lite-2B-SYNTHETIC_MIX_5PCT_2M-20260226_023301/checkpoint-6250,obj2_farther,output/phasevar_5/0002_phA08_phB05.png,Is the black sphere farther from the camera than the magenta sphere? Answer with yes or no.,No,No,19.03125,19.953125,True
/data/shared/Qwen/mydisk/output/SYNTHETIC/NVILA-Lite-2B-SYNTHETIC_MIX_5PCT_2M-20260226_023301/checkpoint-6250,obj2_farther,output/phasevar_5/0002_phA08_phB06.png,Is the black sphere farther from the camera than the magenta sphere? Answer with yes or no.,No,No,19.46875,20.375,True
/data/shared/Qwen/mydisk/output/SYNTHETIC/NVILA-Lite-2B-SYNTHETIC_MIX_5PCT_2M-20260226_023301/checkpoint-6250,obj2_farther,output/phasevar_5/0002_phA08_phB07.png,Is the black sphere farther from the camera than the magenta sphere? Answer with yes or no.,No,No,19.390625,20.765625,True
/data/shared/Qwen/mydisk/output/SYNTHETIC/NVILA-Lite-2B-SYNTHETIC_MIX_5PCT_2M-20260226_023301/checkpoint-6250,obj2_farther,output/phasevar_5/0002_phA08_phB08.png,Is the black sphere farther from the camera than the magenta sphere? Answer with yes or no.,No,No,19.359375,20.828125,True
/data/shared/Qwen/mydisk/output/SYNTHETIC/NVILA-Lite-2B-SYNTHETIC_MIX_5PCT_2M-20260226_023301/checkpoint-6250,obj2_farther,output/phasevar_5/0002_phA08_phB09.png,Is the black sphere farther from the camera than the magenta sphere? Answer with yes or no.,No,No,19.65625,21.09375,True
/data/shared/Qwen/mydisk/output/SYNTHETIC/NVILA-Lite-2B-SYNTHETIC_MIX_5PCT_2M-20260226_023301/checkpoint-6250,obj2_farther,output/phasevar_5/0002_phA08_phB10.png,Is the black sphere farther from the camera than the magenta sphere? Answer with yes or no.,No,No,19.8125,20.84375,True
/data/shared/Qwen/mydisk/output/SYNTHETIC/NVILA-Lite-2B-SYNTHETIC_MIX_5PCT_2M-20260226_023301/checkpoint-6250,obj2_farther,output/phasevar_5/0002_phA08_phB11.png,Is the black sphere farther from the camera than the magenta sphere? Answer with yes or no.,No,No,19.359375,20.953125,True
/data/shared/Qwen/mydisk/output/SYNTHETIC/NVILA-Lite-2B-SYNTHETIC_MIX_5PCT_2M-20260226_023301/checkpoint-6250,obj2_farther,output/phasevar_5/0002_phA08_phB12.png,Is the black sphere farther from the camera than the magenta sphere? Answer with yes or no.,No,No,19.234375,21.28125,True
/data/shared/Qwen/mydisk/output/SYNTHETIC/NVILA-Lite-2B-SYNTHETIC_MIX_5PCT_2M-20260226_023301/checkpoint-6250,obj2_farther,output/phasevar_5/0002_phA08_phB13.png,Is the black sphere farther from the camera than the magenta sphere? Answer with yes or no.,No,No,19.28125,20.953125,True
/data/shared/Qwen/mydisk/output/SYNTHETIC/NVILA-Lite-2B-SYNTHETIC_MIX_5PCT_2M-20260226_023301/checkpoint-6250,obj2_farther,output/phasevar_5/0002_phA08_phB14.png,Is the black sphere farther from the camera than the magenta sphere? Answer with yes or no.,No,No,20.140625,21.03125,True
/data/shared/Qwen/mydisk/output/SYNTHETIC/NVILA-Lite-2B-SYNTHETIC_MIX_5PCT_2M-20260226_023301/checkpoint-6250,obj2_farther,output/phasevar_5/0002_phA08_phB15.png,Is the black sphere farther from the camera than the magenta sphere? Answer with yes or no.,No,No,20.0,21.28125,True
/data/shared/Qwen/mydisk/output/SYNTHETIC/NVILA-Lite-2B-SYNTHETIC_MIX_5PCT_2M-20260226_023301/checkpoint-6250,obj2_farther,output/phasevar_5/0002_phA09_phB00.png,Is the black sphere farther from the camera than the magenta sphere? Answer with yes or no.,No,No,19.859375,21.1875,True
/data/shared/Qwen/mydisk/output/SYNTHETIC/NVILA-Lite-2B-SYNTHETIC_MIX_5PCT_2M-20260226_023301/checkpoint-6250,obj2_farther,output/phasevar_5/0002_phA09_phB01.png,Is the black sphere farther from the camera than the magenta sphere? Answer with yes or no.,No,No,20.109375,21.0625,True
/data/shared/Qwen/mydisk/output/SYNTHETIC/NVILA-Lite-2B-SYNTHETIC_MIX_5PCT_2M-20260226_023301/checkpoint-6250,obj2_farther,output/phasevar_5/0002_phA09_phB02.png,Is the black sphere farther from the camera than the magenta sphere? Answer with yes or no.,No,No,20.453125,20.515625,True
/data/shared/Qwen/mydisk/output/SYNTHETIC/NVILA-Lite-2B-SYNTHETIC_MIX_5PCT_2M-20260226_023301/checkpoint-6250,obj2_farther,output/phasevar_5/0002_phA09_phB03.png,Is the black sphere farther from the camera than the magenta sphere? Answer with yes or no.,No,No,20.046875,20.328125,True
/data/shared/Qwen/mydisk/output/SYNTHETIC/NVILA-Lite-2B-SYNTHETIC_MIX_5PCT_2M-20260226_023301/checkpoint-6250,obj2_farther,output/phasevar_5/0002_phA09_phB04.png,Is the black sphere farther from the camera than the magenta sphere? Answer with yes or no.,No,No,19.171875,19.609375,True
/data/shared/Qwen/mydisk/output/SYNTHETIC/NVILA-Lite-2B-SYNTHETIC_MIX_5PCT_2M-20260226_023301/checkpoint-6250,obj2_farther,output/phasevar_5/0002_phA09_phB05.png,Is the black sphere farther from the camera than the magenta sphere? Answer with yes or no.,No,No,18.984375,19.78125,True
/data/shared/Qwen/mydisk/output/SYNTHETIC/NVILA-Lite-2B-SYNTHETIC_MIX_5PCT_2M-20260226_023301/checkpoint-6250,obj2_farther,output/phasevar_5/0002_phA09_phB06.png,Is the black sphere farther from the camera than the magenta sphere? Answer with yes or no.,No,No,19.40625,20.25,True
/data/shared/Qwen/mydisk/output/SYNTHETIC/NVILA-Lite-2B-SYNTHETIC_MIX_5PCT_2M-20260226_023301/checkpoint-6250,obj2_farther,output/phasevar_5/0002_phA09_phB07.png,Is the black sphere farther from the camera than the magenta sphere? Answer with yes or no.,No,No,19.359375,20.4375,True
/data/shared/Qwen/mydisk/output/SYNTHETIC/NVILA-Lite-2B-SYNTHETIC_MIX_5PCT_2M-20260226_023301/checkpoint-6250,obj2_farther,output/phasevar_5/0002_phA09_phB08.png,Is the black sphere farther from the camera than the magenta sphere? Answer with yes or no.,No,No,19.421875,20.703125,True
/data/shared/Qwen/mydisk/output/SYNTHETIC/NVILA-Lite-2B-SYNTHETIC_MIX_5PCT_2M-20260226_023301/checkpoint-6250,obj2_farther,output/phasevar_5/0002_phA09_phB09.png,Is the black sphere farther from the camera than the magenta sphere? Answer with yes or no.,No,No,19.484375,20.953125,True
/data/shared/Qwen/mydisk/output/SYNTHETIC/NVILA-Lite-2B-SYNTHETIC_MIX_5PCT_2M-20260226_023301/checkpoint-6250,obj2_farther,output/phasevar_5/0002_phA09_phB10.png,Is the black sphere farther from the camera than the magenta sphere? Answer with yes or no.,No,No,19.671875,20.75,True
/data/shared/Qwen/mydisk/output/SYNTHETIC/NVILA-Lite-2B-SYNTHETIC_MIX_5PCT_2M-20260226_023301/checkpoint-6250,obj2_farther,output/phasevar_5/0002_phA09_phB11.png,Is the black sphere farther from the camera than the magenta sphere? Answer with yes or no.,No,No,19.109375,21.078125,True
/data/shared/Qwen/mydisk/output/SYNTHETIC/NVILA-Lite-2B-SYNTHETIC_MIX_5PCT_2M-20260226_023301/checkpoint-6250,obj2_farther,output/phasevar_5/0002_phA09_phB12.png,Is the black sphere farther from the camera than the magenta sphere? Answer with yes or no.,No,No,19.078125,21.3125,True
/data/shared/Qwen/mydisk/output/SYNTHETIC/NVILA-Lite-2B-SYNTHETIC_MIX_5PCT_2M-20260226_023301/checkpoint-6250,obj2_farther,output/phasevar_5/0002_phA09_phB13.png,Is the black sphere farther from the camera than the magenta sphere? Answer with yes or no.,No,No,19.109375,20.953125,True
/data/shared/Qwen/mydisk/output/SYNTHETIC/NVILA-Lite-2B-SYNTHETIC_MIX_5PCT_2M-20260226_023301/checkpoint-6250,obj2_farther,output/phasevar_5/0002_phA09_phB14.png,Is the black sphere farther from the camera than the magenta sphere? Answer with yes or no.,No,No,20.03125,21.078125,True
/data/shared/Qwen/mydisk/output/SYNTHETIC/NVILA-Lite-2B-SYNTHETIC_MIX_5PCT_2M-20260226_023301/checkpoint-6250,obj2_farther,output/phasevar_5/0002_phA09_phB15.png,Is the black sphere farther from the camera than the magenta sphere? Answer with yes or no.,No,No,19.828125,21.203125,True
/data/shared/Qwen/mydisk/output/SYNTHETIC/NVILA-Lite-2B-SYNTHETIC_MIX_5PCT_2M-20260226_023301/checkpoint-6250,obj2_farther,output/phasevar_5/0002_phA10_phB00.png,Is the black sphere farther from the camera than the magenta sphere? Answer with yes or no.,No,No,20.578125,20.90625,True
/data/shared/Qwen/mydisk/output/SYNTHETIC/NVILA-Lite-2B-SYNTHETIC_MIX_5PCT_2M-20260226_023301/checkpoint-6250,obj2_farther,output/phasevar_5/0002_phA10_phB01.png,Is the black sphere farther from the camera than the magenta sphere? Answer with yes or no.,No,Yes,21.234375,20.984375,False
/data/shared/Qwen/mydisk/output/SYNTHETIC/NVILA-Lite-2B-SYNTHETIC_MIX_5PCT_2M-20260226_023301/checkpoint-6250,obj2_farther,output/phasevar_5/0002_phA10_phB02.png,Is the black sphere farther from the camera than the magenta sphere? Answer with yes or no.,No,Yes,21.21875,20.359375,False
/data/shared/Qwen/mydisk/output/SYNTHETIC/NVILA-Lite-2B-SYNTHETIC_MIX_5PCT_2M-20260226_023301/checkpoint-6250,obj2_farther,output/phasevar_5/0002_phA10_phB03.png,Is the black sphere farther from the camera than the magenta sphere? Answer with yes or no.,No,Yes,20.765625,20.34375,False
/data/shared/Qwen/mydisk/output/SYNTHETIC/NVILA-Lite-2B-SYNTHETIC_MIX_5PCT_2M-20260226_023301/checkpoint-6250,obj2_farther,output/phasevar_5/0002_phA10_phB04.png,Is the black sphere farther from the camera than the magenta sphere? Answer with yes or no.,No,Yes,19.953125,19.53125,False
/data/shared/Qwen/mydisk/output/SYNTHETIC/NVILA-Lite-2B-SYNTHETIC_MIX_5PCT_2M-20260226_023301/checkpoint-6250,obj2_farther,output/phasevar_5/0002_phA10_phB05.png,Is the black sphere farther from the camera than the magenta sphere? Answer with yes or no.,No,No,19.515625,19.53125,True
/data/shared/Qwen/mydisk/output/SYNTHETIC/NVILA-Lite-2B-SYNTHETIC_MIX_5PCT_2M-20260226_023301/checkpoint-6250,obj2_farther,output/phasevar_5/0002_phA10_phB06.png,Is the black sphere farther from the camera than the magenta sphere? Answer with yes or no.,No,No,20.015625,20.21875,True
/data/shared/Qwen/mydisk/output/SYNTHETIC/NVILA-Lite-2B-SYNTHETIC_MIX_5PCT_2M-20260226_023301/checkpoint-6250,obj2_farther,output/phasevar_5/0002_phA10_phB07.png,Is the black sphere farther from the camera than the magenta sphere? Answer with yes or no.,No,No,19.90625,20.265625,True
/data/shared/Qwen/mydisk/output/SYNTHETIC/NVILA-Lite-2B-SYNTHETIC_MIX_5PCT_2M-20260226_023301/checkpoint-6250,obj2_farther,output/phasevar_5/0002_phA10_phB08.png,Is the black sphere farther from the camera than the magenta sphere? Answer with yes or no.,No,No,20.0625,20.8125,True
/data/shared/Qwen/mydisk/output/SYNTHETIC/NVILA-Lite-2B-SYNTHETIC_MIX_5PCT_2M-20260226_023301/checkpoint-6250,obj2_farther,output/phasevar_5/0002_phA10_phB09.png,Is the black sphere farther from the camera than the magenta sphere? Answer with yes or no.,No,No,19.78125,20.859375,True
/data/shared/Qwen/mydisk/output/SYNTHETIC/NVILA-Lite-2B-SYNTHETIC_MIX_5PCT_2M-20260226_023301/checkpoint-6250,obj2_farther,output/phasevar_5/0002_phA10_phB10.png,Is the black sphere farther from the camera than the magenta sphere? Answer with yes or no.,No,No,19.640625,20.5625,True
/data/shared/Qwen/mydisk/output/SYNTHETIC/NVILA-Lite-2B-SYNTHETIC_MIX_5PCT_2M-20260226_023301/checkpoint-6250,obj2_farther,output/phasevar_5/0002_phA10_phB11.png,Is the black sphere farther from the camera than the magenta sphere? Answer with yes or no.,No,No,19.15625,20.75,True
/data/shared/Qwen/mydisk/output/SYNTHETIC/NVILA-Lite-2B-SYNTHETIC_MIX_5PCT_2M-20260226_023301/checkpoint-6250,obj2_farther,output/phasevar_5/0002_phA10_phB12.png,Is the black sphere farther from the camera than the magenta sphere? Answer with yes or no.,No,No,19.265625,21.1875,True
/data/shared/Qwen/mydisk/output/SYNTHETIC/NVILA-Lite-2B-SYNTHETIC_MIX_5PCT_2M-20260226_023301/checkpoint-6250,obj2_farther,output/phasevar_5/0002_phA10_phB13.png,Is the black sphere farther from the camera than the magenta sphere? Answer with yes or no.,No,No,19.234375,20.640625,True
/data/shared/Qwen/mydisk/output/SYNTHETIC/NVILA-Lite-2B-SYNTHETIC_MIX_5PCT_2M-20260226_023301/checkpoint-6250,obj2_farther,output/phasevar_5/0002_phA10_phB14.png,Is the black sphere farther from the camera than the magenta sphere? Answer with yes or no.,No,No,20.203125,20.6875,True
/data/shared/Qwen/mydisk/output/SYNTHETIC/NVILA-Lite-2B-SYNTHETIC_MIX_5PCT_2M-20260226_023301/checkpoint-6250,obj2_farther,output/phasevar_5/0002_phA10_phB15.png,Is the black sphere farther from the camera than the magenta sphere? Answer with yes or no.,No,No,20.4375,20.8125,True
/data/shared/Qwen/mydisk/output/SYNTHETIC/NVILA-Lite-2B-SYNTHETIC_MIX_5PCT_2M-20260226_023301/checkpoint-6250,obj2_farther,output/phasevar_5/0002_phA11_phB00.png,Is the black sphere farther from the camera than the magenta sphere? Answer with yes or no.,No,No,20.640625,20.890625,True
/data/shared/Qwen/mydisk/output/SYNTHETIC/NVILA-Lite-2B-SYNTHETIC_MIX_5PCT_2M-20260226_023301/checkpoint-6250,obj2_farther,output/phasevar_5/0002_phA11_phB01.png,Is the black sphere farther from the camera than the magenta sphere? Answer with yes or no.,No,Yes,21.453125,21.140625,False
/data/shared/Qwen/mydisk/output/SYNTHETIC/NVILA-Lite-2B-SYNTHETIC_MIX_5PCT_2M-20260226_023301/checkpoint-6250,obj2_farther,output/phasevar_5/0002_phA11_phB02.png,Is the black sphere farther from the camera than the magenta sphere? Answer with yes or no.,No,Yes,21.21875,20.46875,False
/data/shared/Qwen/mydisk/output/SYNTHETIC/NVILA-Lite-2B-SYNTHETIC_MIX_5PCT_2M-20260226_023301/checkpoint-6250,obj2_farther,output/phasevar_5/0002_phA11_phB03.png,Is the black sphere farther from the camera than the magenta sphere? Answer with yes or no.,No,Yes,20.84375,20.515625,False
/data/shared/Qwen/mydisk/output/SYNTHETIC/NVILA-Lite-2B-SYNTHETIC_MIX_5PCT_2M-20260226_023301/checkpoint-6250,obj2_farther,output/phasevar_5/0002_phA11_phB04.png,Is the black sphere farther from the camera than the magenta sphere? Answer with yes or no.,No,Yes,19.828125,19.640625,False
/data/shared/Qwen/mydisk/output/SYNTHETIC/NVILA-Lite-2B-SYNTHETIC_MIX_5PCT_2M-20260226_023301/checkpoint-6250,obj2_farther,output/phasevar_5/0002_phA11_phB05.png,Is the black sphere farther from the camera than the magenta sphere? Answer with yes or no.,No,Yes,19.796875,19.78125,False
/data/shared/Qwen/mydisk/output/SYNTHETIC/NVILA-Lite-2B-SYNTHETIC_MIX_5PCT_2M-20260226_023301/checkpoint-6250,obj2_farther,output/phasevar_5/0002_phA11_phB06.png,Is the black sphere farther from the camera than the magenta sphere? Answer with yes or no.,No,No,20.0625,20.265625,True
/data/shared/Qwen/mydisk/output/SYNTHETIC/NVILA-Lite-2B-SYNTHETIC_MIX_5PCT_2M-20260226_023301/checkpoint-6250,obj2_farther,output/phasevar_5/0002_phA11_phB07.png,Is the black sphere farther from the camera than the magenta sphere? Answer with yes or no.,No,No,20.03125,20.28125,True
/data/shared/Qwen/mydisk/output/SYNTHETIC/NVILA-Lite-2B-SYNTHETIC_MIX_5PCT_2M-20260226_023301/checkpoint-6250,obj2_farther,output/phasevar_5/0002_phA11_phB08.png,Is the black sphere farther from the camera than the magenta sphere? Answer with yes or no.,No,No,20.015625,20.671875,True
/data/shared/Qwen/mydisk/output/SYNTHETIC/NVILA-Lite-2B-SYNTHETIC_MIX_5PCT_2M-20260226_023301/checkpoint-6250,obj2_farther,output/phasevar_5/0002_phA11_phB09.png,Is the black sphere farther from the camera than the magenta sphere? Answer with yes or no.,No,No,19.828125,20.71875,True
/data/shared/Qwen/mydisk/output/SYNTHETIC/NVILA-Lite-2B-SYNTHETIC_MIX_5PCT_2M-20260226_023301/checkpoint-6250,obj2_farther,output/phasevar_5/0002_phA11_phB10.png,Is the black sphere farther from the camera than the magenta sphere? Answer with yes or no.,No,No,19.71875,20.484375,True
/data/shared/Qwen/mydisk/output/SYNTHETIC/NVILA-Lite-2B-SYNTHETIC_MIX_5PCT_2M-20260226_023301/checkpoint-6250,obj2_farther,output/phasevar_5/0002_phA11_phB11.png,Is the black sphere farther from the camera than the magenta sphere? Answer with yes or no.,No,No,19.03125,20.421875,True
/data/shared/Qwen/mydisk/output/SYNTHETIC/NVILA-Lite-2B-SYNTHETIC_MIX_5PCT_2M-20260226_023301/checkpoint-6250,obj2_farther,output/phasevar_5/0002_phA11_phB12.png,Is the black sphere farther from the camera than the magenta sphere? Answer with yes or no.,No,No,19.078125,20.984375,True
/data/shared/Qwen/mydisk/output/SYNTHETIC/NVILA-Lite-2B-SYNTHETIC_MIX_5PCT_2M-20260226_023301/checkpoint-6250,obj2_farther,output/phasevar_5/0002_phA11_phB13.png,Is the black sphere farther from the camera than the magenta sphere? Answer with yes or no.,No,No,19.265625,20.734375,True
/data/shared/Qwen/mydisk/output/SYNTHETIC/NVILA-Lite-2B-SYNTHETIC_MIX_5PCT_2M-20260226_023301/checkpoint-6250,obj2_farther,output/phasevar_5/0002_phA11_phB14.png,Is the black sphere farther from the camera than the magenta sphere? Answer with yes or no.,No,No,20.21875,20.859375,True
/data/shared/Qwen/mydisk/output/SYNTHETIC/NVILA-Lite-2B-SYNTHETIC_MIX_5PCT_2M-20260226_023301/checkpoint-6250,obj2_farther,output/phasevar_5/0002_phA11_phB15.png,Is the black sphere farther from the camera than the magenta sphere? Answer with yes or no.,No,No,20.484375,20.78125,True
/data/shared/Qwen/mydisk/output/SYNTHETIC/NVILA-Lite-2B-SYNTHETIC_MIX_5PCT_2M-20260226_023301/checkpoint-6250,obj2_farther,output/phasevar_5/0002_phA12_phB00.png,Is the black sphere farther from the camera than the magenta sphere? Answer with yes or no.,No,No,20.53125,20.828125,True
/data/shared/Qwen/mydisk/output/SYNTHETIC/NVILA-Lite-2B-SYNTHETIC_MIX_5PCT_2M-20260226_023301/checkpoint-6250,obj2_farther,output/phasevar_5/0002_phA12_phB01.png,Is the black sphere farther from the camera than the magenta sphere? Answer with yes or no.,No,Yes,21.40625,21.140625,False
/data/shared/Qwen/mydisk/output/SYNTHETIC/NVILA-Lite-2B-SYNTHETIC_MIX_5PCT_2M-20260226_023301/checkpoint-6250,obj2_farther,output/phasevar_5/0002_phA12_phB02.png,Is the black sphere farther from the camera than the magenta sphere? Answer with yes or no.,No,Yes,21.046875,20.359375,False
/data/shared/Qwen/mydisk/output/SYNTHETIC/NVILA-Lite-2B-SYNTHETIC_MIX_5PCT_2M-20260226_023301/checkpoint-6250,obj2_farther,output/phasevar_5/0002_phA12_phB03.png,Is the black sphere farther from the camera than the magenta sphere? Answer with yes or no.,No,Yes,20.875,20.296875,False
/data/shared/Qwen/mydisk/output/SYNTHETIC/NVILA-Lite-2B-SYNTHETIC_MIX_5PCT_2M-20260226_023301/checkpoint-6250,obj2_farther,output/phasevar_5/0002_phA12_phB04.png,Is the black sphere farther from the camera than the magenta sphere? Answer with yes or no.,No,Yes,19.828125,19.59375,False
/data/shared/Qwen/mydisk/output/SYNTHETIC/NVILA-Lite-2B-SYNTHETIC_MIX_5PCT_2M-20260226_023301/checkpoint-6250,obj2_farther,output/phasevar_5/0002_phA12_phB05.png,Is the black sphere farther from the camera than the magenta sphere? Answer with yes or no.,No,Yes,19.78125,19.71875,False
/data/shared/Qwen/mydisk/output/SYNTHETIC/NVILA-Lite-2B-SYNTHETIC_MIX_5PCT_2M-20260226_023301/checkpoint-6250,obj2_farther,output/phasevar_5/0002_phA12_phB06.png,Is the black sphere farther from the camera than the magenta sphere? Answer with yes or no.,No,No,20.09375,20.203125,True
/data/shared/Qwen/mydisk/output/SYNTHETIC/NVILA-Lite-2B-SYNTHETIC_MIX_5PCT_2M-20260226_023301/checkpoint-6250,obj2_farther,output/phasevar_5/0002_phA12_phB07.png,Is the black sphere farther from the camera than the magenta sphere? Answer with yes or no.,No,No,20.0625,20.265625,True
/data/shared/Qwen/mydisk/output/SYNTHETIC/NVILA-Lite-2B-SYNTHETIC_MIX_5PCT_2M-20260226_023301/checkpoint-6250,obj2_farther,output/phasevar_5/0002_phA12_phB08.png,Is the black sphere farther from the camera than the magenta sphere? Answer with yes or no.,No,No,20.015625,20.578125,True
/data/shared/Qwen/mydisk/output/SYNTHETIC/NVILA-Lite-2B-SYNTHETIC_MIX_5PCT_2M-20260226_023301/checkpoint-6250,obj2_farther,output/phasevar_5/0002_phA12_phB09.png,Is the black sphere farther from the camera than the magenta sphere? Answer with yes or no.,No,No,19.84375,20.625,True
/data/shared/Qwen/mydisk/output/SYNTHETIC/NVILA-Lite-2B-SYNTHETIC_MIX_5PCT_2M-20260226_023301/checkpoint-6250,obj2_farther,output/phasevar_5/0002_phA12_phB10.png,Is the black sphere farther from the camera than the magenta sphere? Answer with yes or no.,No,No,19.765625,20.578125,True
/data/shared/Qwen/mydisk/output/SYNTHETIC/NVILA-Lite-2B-SYNTHETIC_MIX_5PCT_2M-20260226_023301/checkpoint-6250,obj2_farther,output/phasevar_5/0002_phA12_phB11.png,Is the black sphere farther from the camera than the magenta sphere? Answer with yes or no.,No,No,19.15625,20.5,True
/data/shared/Qwen/mydisk/output/SYNTHETIC/NVILA-Lite-2B-SYNTHETIC_MIX_5PCT_2M-20260226_023301/checkpoint-6250,obj2_farther,output/phasevar_5/0002_phA12_phB12.png,Is the black sphere farther from the camera than the magenta sphere? Answer with yes or no.,No,No,19.078125,21.015625,True
/data/shared/Qwen/mydisk/output/SYNTHETIC/NVILA-Lite-2B-SYNTHETIC_MIX_5PCT_2M-20260226_023301/checkpoint-6250,obj2_farther,output/phasevar_5/0002_phA12_phB13.png,Is the black sphere farther from the camera than the magenta sphere? Answer with yes or no.,No,No,19.28125,20.609375,True
/data/shared/Qwen/mydisk/output/SYNTHETIC/NVILA-Lite-2B-SYNTHETIC_MIX_5PCT_2M-20260226_023301/checkpoint-6250,obj2_farther,output/phasevar_5/0002_phA12_phB14.png,Is the black sphere farther from the camera than the magenta sphere? Answer with yes or no.,No,No,20.15625,20.734375,True
/data/shared/Qwen/mydisk/output/SYNTHETIC/NVILA-Lite-2B-SYNTHETIC_MIX_5PCT_2M-20260226_023301/checkpoint-6250,obj2_farther,output/phasevar_5/0002_phA12_phB15.png,Is the black sphere farther from the camera than the magenta sphere? Answer with yes or no.,No,No,20.484375,20.734375,True
/data/shared/Qwen/mydisk/output/SYNTHETIC/NVILA-Lite-2B-SYNTHETIC_MIX_5PCT_2M-20260226_023301/checkpoint-6250,obj2_farther,output/phasevar_5/0002_phA13_phB00.png,Is the black sphere farther from the camera than the magenta sphere? Answer with yes or no.,No,No,20.53125,20.8125,True
/data/shared/Qwen/mydisk/output/SYNTHETIC/NVILA-Lite-2B-SYNTHETIC_MIX_5PCT_2M-20260226_023301/checkpoint-6250,obj2_farther,output/phasevar_5/0002_phA13_phB01.png,Is the black sphere farther from the camera than the magenta sphere? Answer with yes or no.,No,Yes,21.296875,21.09375,False
/data/shared/Qwen/mydisk/output/SYNTHETIC/NVILA-Lite-2B-SYNTHETIC_MIX_5PCT_2M-20260226_023301/checkpoint-6250,obj2_farther,output/phasevar_5/0002_phA13_phB02.png,Is the black sphere farther from the camera than the magenta sphere? Answer with yes or no.,No,Yes,21.046875,20.359375,False
/data/shared/Qwen/mydisk/output/SYNTHETIC/NVILA-Lite-2B-SYNTHETIC_MIX_5PCT_2M-20260226_023301/checkpoint-6250,obj2_farther,output/phasevar_5/0002_phA13_phB03.png,Is the black sphere farther from the camera than the magenta sphere? Answer with yes or no.,No,Yes,20.609375,20.1875,False
/data/shared/Qwen/mydisk/output/SYNTHETIC/NVILA-Lite-2B-SYNTHETIC_MIX_5PCT_2M-20260226_023301/checkpoint-6250,obj2_farther,output/phasevar_5/0002_phA13_phB04.png,Is the black sphere farther from the camera than the magenta sphere? Answer with yes or no.,No,Yes,19.78125,19.515625,False
/data/shared/Qwen/mydisk/output/SYNTHETIC/NVILA-Lite-2B-SYNTHETIC_MIX_5PCT_2M-20260226_023301/checkpoint-6250,obj2_farther,output/phasevar_5/0002_phA13_phB05.png,Is the black sphere farther from the camera than the magenta sphere? Answer with yes or no.,No,Yes,20.015625,19.875,False
/data/shared/Qwen/mydisk/output/SYNTHETIC/NVILA-Lite-2B-SYNTHETIC_MIX_5PCT_2M-20260226_023301/checkpoint-6250,obj2_farther,output/phasevar_5/0002_phA13_phB06.png,Is the black sphere farther from the camera than the magenta sphere? Answer with yes or no.,No,No,20.328125,20.375,True
/data/shared/Qwen/mydisk/output/SYNTHETIC/NVILA-Lite-2B-SYNTHETIC_MIX_5PCT_2M-20260226_023301/checkpoint-6250,obj2_farther,output/phasevar_5/0002_phA13_phB07.png,Is the black sphere farther from the camera than the magenta sphere? Answer with yes or no.,No,No,20.125,20.46875,True
/data/shared/Qwen/mydisk/output/SYNTHETIC/NVILA-Lite-2B-SYNTHETIC_MIX_5PCT_2M-20260226_023301/checkpoint-6250,obj2_farther,output/phasevar_5/0002_phA13_phB08.png,Is the black sphere farther from the camera than the magenta sphere? Answer with yes or no.,No,No,20.15625,20.828125,True
/data/shared/Qwen/mydisk/output/SYNTHETIC/NVILA-Lite-2B-SYNTHETIC_MIX_5PCT_2M-20260226_023301/checkpoint-6250,obj2_farther,output/phasevar_5/0002_phA13_phB09.png,Is the black sphere farther from the camera than the magenta sphere? Answer with yes or no.,No,No,20.078125,20.875,True
/data/shared/Qwen/mydisk/output/SYNTHETIC/NVILA-Lite-2B-SYNTHETIC_MIX_5PCT_2M-20260226_023301/checkpoint-6250,obj2_farther,output/phasevar_5/0002_phA13_phB10.png,Is the black sphere farther from the camera than the magenta sphere? Answer with yes or no.,No,No,19.875,20.765625,True
/data/shared/Qwen/mydisk/output/SYNTHETIC/NVILA-Lite-2B-SYNTHETIC_MIX_5PCT_2M-20260226_023301/checkpoint-6250,obj2_farther,output/phasevar_5/0002_phA13_phB11.png,Is the black sphere farther from the camera than the magenta sphere? Answer with yes or no.,No,No,19.421875,20.8125,True
/data/shared/Qwen/mydisk/output/SYNTHETIC/NVILA-Lite-2B-SYNTHETIC_MIX_5PCT_2M-20260226_023301/checkpoint-6250,obj2_farther,output/phasevar_5/0002_phA13_phB12.png,Is the black sphere farther from the camera than the magenta sphere? Answer with yes or no.,No,No,19.234375,21.21875,True
/data/shared/Qwen/mydisk/output/SYNTHETIC/NVILA-Lite-2B-SYNTHETIC_MIX_5PCT_2M-20260226_023301/checkpoint-6250,obj2_farther,output/phasevar_5/0002_phA13_phB13.png,Is the black sphere farther from the camera than the magenta sphere? Answer with yes or no.,No,No,19.296875,20.78125,True
/data/shared/Qwen/mydisk/output/SYNTHETIC/NVILA-Lite-2B-SYNTHETIC_MIX_5PCT_2M-20260226_023301/checkpoint-6250,obj2_farther,output/phasevar_5/0002_phA13_phB14.png,Is the black sphere farther from the camera than the magenta sphere? Answer with yes or no.,No,No,20.078125,20.734375,True
/data/shared/Qwen/mydisk/output/SYNTHETIC/NVILA-Lite-2B-SYNTHETIC_MIX_5PCT_2M-20260226_023301/checkpoint-6250,obj2_farther,output/phasevar_5/0002_phA13_phB15.png,Is the black sphere farther from the camera than the magenta sphere? Answer with yes or no.,No,No,20.21875,20.8125,True
/data/shared/Qwen/mydisk/output/SYNTHETIC/NVILA-Lite-2B-SYNTHETIC_MIX_5PCT_2M-20260226_023301/checkpoint-6250,obj2_farther,output/phasevar_5/0002_phA14_phB00.png,Is the black sphere farther from the camera than the magenta sphere? Answer with yes or no.,No,No,20.578125,20.703125,True
/data/shared/Qwen/mydisk/output/SYNTHETIC/NVILA-Lite-2B-SYNTHETIC_MIX_5PCT_2M-20260226_023301/checkpoint-6250,obj2_farther,output/phasevar_5/0002_phA14_phB01.png,Is the black sphere farther from the camera than the magenta sphere? Answer with yes or no.,No,Yes,21.296875,20.984375,False
/data/shared/Qwen/mydisk/output/SYNTHETIC/NVILA-Lite-2B-SYNTHETIC_MIX_5PCT_2M-20260226_023301/checkpoint-6250,obj2_farther,output/phasevar_5/0002_phA14_phB02.png,Is the black sphere farther from the camera than the magenta sphere? Answer with yes or no.,No,Yes,20.828125,20.3125,False
/data/shared/Qwen/mydisk/output/SYNTHETIC/NVILA-Lite-2B-SYNTHETIC_MIX_5PCT_2M-20260226_023301/checkpoint-6250,obj2_farther,output/phasevar_5/0002_phA14_phB03.png,Is the black sphere farther from the camera than the magenta sphere? Answer with yes or no.,No,Yes,20.21875,20.0625,False
/data/shared/Qwen/mydisk/output/SYNTHETIC/NVILA-Lite-2B-SYNTHETIC_MIX_5PCT_2M-20260226_023301/checkpoint-6250,obj2_farther,output/phasevar_5/0002_phA14_phB04.png,Is the black sphere farther from the camera than the magenta sphere? Answer with yes or no.,No,Yes,19.953125,19.703125,False
/data/shared/Qwen/mydisk/output/SYNTHETIC/NVILA-Lite-2B-SYNTHETIC_MIX_5PCT_2M-20260226_023301/checkpoint-6250,obj2_farther,output/phasevar_5/0002_phA14_phB05.png,Is the black sphere farther from the camera than the magenta sphere? Answer with yes or no.,No,Yes,20.25,19.953125,False
/data/shared/Qwen/mydisk/output/SYNTHETIC/NVILA-Lite-2B-SYNTHETIC_MIX_5PCT_2M-20260226_023301/checkpoint-6250,obj2_farther,output/phasevar_5/0002_phA14_phB06.png,Is the black sphere farther from the camera than the magenta sphere? Answer with yes or no.,No,Yes,20.484375,20.40625,False
/data/shared/Qwen/mydisk/output/SYNTHETIC/NVILA-Lite-2B-SYNTHETIC_MIX_5PCT_2M-20260226_023301/checkpoint-6250,obj2_farther,output/phasevar_5/0002_phA14_phB07.png,Is the black sphere farther from the camera than the magenta sphere? Answer with yes or no.,No,No,20.578125,20.984375,True
/data/shared/Qwen/mydisk/output/SYNTHETIC/NVILA-Lite-2B-SYNTHETIC_MIX_5PCT_2M-20260226_023301/checkpoint-6250,obj2_farther,output/phasevar_5/0002_phA14_phB08.png,Is the black sphere farther from the camera than the magenta sphere? Answer with yes or no.,No,No,20.46875,21.21875,True
/data/shared/Qwen/mydisk/output/SYNTHETIC/NVILA-Lite-2B-SYNTHETIC_MIX_5PCT_2M-20260226_023301/checkpoint-6250,obj2_farther,output/phasevar_5/0002_phA14_phB09.png,Is the black sphere farther from the camera than the magenta sphere? Answer with yes or no.,No,No,20.46875,21.296875,True
/data/shared/Qwen/mydisk/output/SYNTHETIC/NVILA-Lite-2B-SYNTHETIC_MIX_5PCT_2M-20260226_023301/checkpoint-6250,obj2_farther,output/phasevar_5/0002_phA14_phB10.png,Is the black sphere farther from the camera than the magenta sphere? Answer with yes or no.,No,No,20.125,20.984375,True
/data/shared/Qwen/mydisk/output/SYNTHETIC/NVILA-Lite-2B-SYNTHETIC_MIX_5PCT_2M-20260226_023301/checkpoint-6250,obj2_farther,output/phasevar_5/0002_phA14_phB11.png,Is the black sphere farther from the camera than the magenta sphere? Answer with yes or no.,No,No,19.625,21.140625,True
/data/shared/Qwen/mydisk/output/SYNTHETIC/NVILA-Lite-2B-SYNTHETIC_MIX_5PCT_2M-20260226_023301/checkpoint-6250,obj2_farther,output/phasevar_5/0002_phA14_phB12.png,Is the black sphere farther from the camera than the magenta sphere? Answer with yes or no.,No,No,19.5,21.65625,True
/data/shared/Qwen/mydisk/output/SYNTHETIC/NVILA-Lite-2B-SYNTHETIC_MIX_5PCT_2M-20260226_023301/checkpoint-6250,obj2_farther,output/phasevar_5/0002_phA14_phB13.png,Is the black sphere farther from the camera than the magenta sphere? Answer with yes or no.,No,No,19.34375,21.03125,True
/data/shared/Qwen/mydisk/output/SYNTHETIC/NVILA-Lite-2B-SYNTHETIC_MIX_5PCT_2M-20260226_023301/checkpoint-6250,obj2_farther,output/phasevar_5/0002_phA14_phB14.png,Is the black sphere farther from the camera than the magenta sphere? Answer with yes or no.,No,No,20.0,20.921875,True
/data/shared/Qwen/mydisk/output/SYNTHETIC/NVILA-Lite-2B-SYNTHETIC_MIX_5PCT_2M-20260226_023301/checkpoint-6250,obj2_farther,output/phasevar_5/0002_phA14_phB15.png,Is the black sphere farther from the camera than the magenta sphere? Answer with yes or no.,No,No,20.3125,20.8125,True
/data/shared/Qwen/mydisk/output/SYNTHETIC/NVILA-Lite-2B-SYNTHETIC_MIX_5PCT_2M-20260226_023301/checkpoint-6250,obj2_farther,output/phasevar_5/0002_phA15_phB00.png,Is the black sphere farther from the camera than the magenta sphere? Answer with yes or no.,No,No,20.0,21.078125,True
/data/shared/Qwen/mydisk/output/SYNTHETIC/NVILA-Lite-2B-SYNTHETIC_MIX_5PCT_2M-20260226_023301/checkpoint-6250,obj2_farther,output/phasevar_5/0002_phA15_phB01.png,Is the black sphere farther from the camera than the magenta sphere? Answer with yes or no.,No,No,20.390625,21.21875,True
/data/shared/Qwen/mydisk/output/SYNTHETIC/NVILA-Lite-2B-SYNTHETIC_MIX_5PCT_2M-20260226_023301/checkpoint-6250,obj2_farther,output/phasevar_5/0002_phA15_phB02.png,Is the black sphere farther from the camera than the magenta sphere? Answer with yes or no.,No,No,20.234375,20.46875,True
/data/shared/Qwen/mydisk/output/SYNTHETIC/NVILA-Lite-2B-SYNTHETIC_MIX_5PCT_2M-20260226_023301/checkpoint-6250,obj2_farther,output/phasevar_5/0002_phA15_phB03.png,Is the black sphere farther from the camera than the magenta sphere? Answer with yes or no.,No,No,19.640625,20.40625,True
/data/shared/Qwen/mydisk/output/SYNTHETIC/NVILA-Lite-2B-SYNTHETIC_MIX_5PCT_2M-20260226_023301/checkpoint-6250,obj2_farther,output/phasevar_5/0002_phA15_phB04.png,Is the black sphere farther from the camera than the magenta sphere? Answer with yes or no.,No,No,19.1875,19.953125,True
/data/shared/Qwen/mydisk/output/SYNTHETIC/NVILA-Lite-2B-SYNTHETIC_MIX_5PCT_2M-20260226_023301/checkpoint-6250,obj2_farther,output/phasevar_5/0002_phA15_phB05.png,Is the black sphere farther from the camera than the magenta sphere? Answer with yes or no.,No,No,19.625,20.125,True
/data/shared/Qwen/mydisk/output/SYNTHETIC/NVILA-Lite-2B-SYNTHETIC_MIX_5PCT_2M-20260226_023301/checkpoint-6250,obj2_farther,output/phasevar_5/0002_phA15_phB06.png,Is the black sphere farther from the camera than the magenta sphere? Answer with yes or no.,No,No,19.796875,20.5,True
/data/shared/Qwen/mydisk/output/SYNTHETIC/NVILA-Lite-2B-SYNTHETIC_MIX_5PCT_2M-20260226_023301/checkpoint-6250,obj2_farther,output/phasevar_5/0002_phA15_phB07.png,Is the black sphere farther from the camera than the magenta sphere? Answer with yes or no.,No,No,19.984375,21.078125,True
/data/shared/Qwen/mydisk/output/SYNTHETIC/NVILA-Lite-2B-SYNTHETIC_MIX_5PCT_2M-20260226_023301/checkpoint-6250,obj2_farther,output/phasevar_5/0002_phA15_phB08.png,Is the black sphere farther from the camera than the magenta sphere? Answer with yes or no.,No,No,19.890625,21.140625,True
/data/shared/Qwen/mydisk/output/SYNTHETIC/NVILA-Lite-2B-SYNTHETIC_MIX_5PCT_2M-20260226_023301/checkpoint-6250,obj2_farther,output/phasevar_5/0002_phA15_phB09.png,Is the black sphere farther from the camera than the magenta sphere? Answer with yes or no.,No,No,19.9375,21.171875,True
/data/shared/Qwen/mydisk/output/SYNTHETIC/NVILA-Lite-2B-SYNTHETIC_MIX_5PCT_2M-20260226_023301/checkpoint-6250,obj2_farther,output/phasevar_5/0002_phA15_phB10.png,Is the black sphere farther from the camera than the magenta sphere? Answer with yes or no.,No,No,20.046875,21.0625,True
/data/shared/Qwen/mydisk/output/SYNTHETIC/NVILA-Lite-2B-SYNTHETIC_MIX_5PCT_2M-20260226_023301/checkpoint-6250,obj2_farther,output/phasevar_5/0002_phA15_phB11.png,Is the black sphere farther from the camera than the magenta sphere? Answer with yes or no.,No,No,19.46875,21.03125,True
/data/shared/Qwen/mydisk/output/SYNTHETIC/NVILA-Lite-2B-SYNTHETIC_MIX_5PCT_2M-20260226_023301/checkpoint-6250,obj2_farther,output/phasevar_5/0002_phA15_phB12.png,Is the black sphere farther from the camera than the magenta sphere? Answer with yes or no.,No,No,19.359375,21.25,True
/data/shared/Qwen/mydisk/output/SYNTHETIC/NVILA-Lite-2B-SYNTHETIC_MIX_5PCT_2M-20260226_023301/checkpoint-6250,obj2_farther,output/phasevar_5/0002_phA15_phB13.png,Is the black sphere farther from the camera than the magenta sphere? Answer with yes or no.,No,No,19.328125,21.03125,True
/data/shared/Qwen/mydisk/output/SYNTHETIC/NVILA-Lite-2B-SYNTHETIC_MIX_5PCT_2M-20260226_023301/checkpoint-6250,obj2_farther,output/phasevar_5/0002_phA15_phB14.png,Is the black sphere farther from the camera than the magenta sphere? Answer with yes or no.,No,No,20.03125,21.21875,True
/data/shared/Qwen/mydisk/output/SYNTHETIC/NVILA-Lite-2B-SYNTHETIC_MIX_5PCT_2M-20260226_023301/checkpoint-6250,obj2_farther,output/phasevar_5/0002_phA15_phB15.png,Is the black sphere farther from the camera than the magenta sphere? Answer with yes or no.,No,No,19.984375,21.328125,True
/data/shared/Qwen/mydisk/output/SYNTHETIC/NVILA-Lite-2B-SYNTHETIC_MIX_5PCT_2M-20260226_023301/checkpoint-6250,obj2_farther,output/phasevar_5/0003_phA00_phB00.png,Is the blue sphere farther from the camera than the black sphere? Answer with yes or no.,No,No,19.984375,21.0,True
/data/shared/Qwen/mydisk/output/SYNTHETIC/NVILA-Lite-2B-SYNTHETIC_MIX_5PCT_2M-20260226_023301/checkpoint-6250,obj2_farther,output/phasevar_5/0003_phA00_phB01.png,Is the blue sphere farther from the camera than the black sphere? Answer with yes or no.,No,No,20.671875,21.1875,True
/data/shared/Qwen/mydisk/output/SYNTHETIC/NVILA-Lite-2B-SYNTHETIC_MIX_5PCT_2M-20260226_023301/checkpoint-6250,obj2_farther,output/phasevar_5/0003_phA00_phB02.png,Is the blue sphere farther from the camera than the black sphere? Answer with yes or no.,No,No,20.828125,20.96875,True
/data/shared/Qwen/mydisk/output/SYNTHETIC/NVILA-Lite-2B-SYNTHETIC_MIX_5PCT_2M-20260226_023301/checkpoint-6250,obj2_farther,output/phasevar_5/0003_phA00_phB03.png,Is the blue sphere farther from the camera than the black sphere? Answer with yes or no.,No,No,19.875,20.53125,True
/data/shared/Qwen/mydisk/output/SYNTHETIC/NVILA-Lite-2B-SYNTHETIC_MIX_5PCT_2M-20260226_023301/checkpoint-6250,obj2_farther,output/phasevar_5/0003_phA00_phB04.png,Is the blue sphere farther from the camera than the black sphere? Answer with yes or no.,No,No,19.5,20.5,True
/data/shared/Qwen/mydisk/output/SYNTHETIC/NVILA-Lite-2B-SYNTHETIC_MIX_5PCT_2M-20260226_023301/checkpoint-6250,obj2_farther,output/phasevar_5/0003_phA00_phB05.png,Is the blue sphere farther from the camera than the black sphere? Answer with yes or no.,No,No,19.75,20.3125,True
/data/shared/Qwen/mydisk/output/SYNTHETIC/NVILA-Lite-2B-SYNTHETIC_MIX_5PCT_2M-20260226_023301/checkpoint-6250,obj2_farther,output/phasevar_5/0003_phA00_phB06.png,Is the blue sphere farther from the camera than the black sphere? Answer with yes or no.,No,No,19.890625,20.484375,True
/data/shared/Qwen/mydisk/output/SYNTHETIC/NVILA-Lite-2B-SYNTHETIC_MIX_5PCT_2M-20260226_023301/checkpoint-6250,obj2_farther,output/phasevar_5/0003_phA00_phB07.png,Is the blue sphere farther from the camera than the black sphere? Answer with yes or no.,No,No,19.90625,20.796875,True
/data/shared/Qwen/mydisk/output/SYNTHETIC/NVILA-Lite-2B-SYNTHETIC_MIX_5PCT_2M-20260226_023301/checkpoint-6250,obj2_farther,output/phasevar_5/0003_phA00_phB08.png,Is the blue sphere farther from the camera than the black sphere? Answer with yes or no.,No,No,19.984375,21.234375,True
/data/shared/Qwen/mydisk/output/SYNTHETIC/NVILA-Lite-2B-SYNTHETIC_MIX_5PCT_2M-20260226_023301/checkpoint-6250,obj2_farther,output/phasevar_5/0003_phA00_phB09.png,Is the blue sphere farther from the camera than the black sphere? Answer with yes or no.,No,No,20.203125,21.53125,True
/data/shared/Qwen/mydisk/output/SYNTHETIC/NVILA-Lite-2B-SYNTHETIC_MIX_5PCT_2M-20260226_023301/checkpoint-6250,obj2_farther,output/phasevar_5/0003_phA00_phB10.png,Is the blue sphere farther from the camera than the black sphere? Answer with yes or no.,No,No,20.140625,21.28125,True
/data/shared/Qwen/mydisk/output/SYNTHETIC/NVILA-Lite-2B-SYNTHETIC_MIX_5PCT_2M-20260226_023301/checkpoint-6250,obj2_farther,output/phasevar_5/0003_phA00_phB11.png,Is the blue sphere farther from the camera than the black sphere? Answer with yes or no.,No,No,19.59375,21.328125,True
/data/shared/Qwen/mydisk/output/SYNTHETIC/NVILA-Lite-2B-SYNTHETIC_MIX_5PCT_2M-20260226_023301/checkpoint-6250,obj2_farther,output/phasevar_5/0003_phA00_phB12.png,Is the blue sphere farther from the camera than the black sphere? Answer with yes or no.,No,No,19.90625,21.59375,True
/data/shared/Qwen/mydisk/output/SYNTHETIC/NVILA-Lite-2B-SYNTHETIC_MIX_5PCT_2M-20260226_023301/checkpoint-6250,obj2_farther,output/phasevar_5/0003_phA00_phB13.png,Is the blue sphere farther from the camera than the black sphere? Answer with yes or no.,No,No,20.078125,21.640625,True
/data/shared/Qwen/mydisk/output/SYNTHETIC/NVILA-Lite-2B-SYNTHETIC_MIX_5PCT_2M-20260226_023301/checkpoint-6250,obj2_farther,output/phasevar_5/0003_phA00_phB14.png,Is the blue sphere farther from the camera than the black sphere? Answer with yes or no.,No,No,19.984375,21.484375,True
/data/shared/Qwen/mydisk/output/SYNTHETIC/NVILA-Lite-2B-SYNTHETIC_MIX_5PCT_2M-20260226_023301/checkpoint-6250,obj2_farther,output/phasevar_5/0003_phA00_phB15.png,Is the blue sphere farther from the camera than the black sphere? Answer with yes or no.,No,No,20.234375,21.8125,True
/data/shared/Qwen/mydisk/output/SYNTHETIC/NVILA-Lite-2B-SYNTHETIC_MIX_5PCT_2M-20260226_023301/checkpoint-6250,obj2_farther,output/phasevar_5/0003_phA01_phB00.png,Is the blue sphere farther from the camera than the black sphere? Answer with yes or no.,No,No,20.234375,21.25,True
/data/shared/Qwen/mydisk/output/SYNTHETIC/NVILA-Lite-2B-SYNTHETIC_MIX_5PCT_2M-20260226_023301/checkpoint-6250,obj2_farther,output/phasevar_5/0003_phA01_phB01.png,Is the blue sphere farther from the camera than the black sphere? Answer with yes or no.,No,No,20.515625,21.140625,True
/data/shared/Qwen/mydisk/output/SYNTHETIC/NVILA-Lite-2B-SYNTHETIC_MIX_5PCT_2M-20260226_023301/checkpoint-6250,obj2_farther,output/phasevar_5/0003_phA01_phB02.png,Is the blue sphere farther from the camera than the black sphere? Answer with yes or no.,No,No,20.65625,20.890625,True
/data/shared/Qwen/mydisk/output/SYNTHETIC/NVILA-Lite-2B-SYNTHETIC_MIX_5PCT_2M-20260226_023301/checkpoint-6250,obj2_farther,output/phasevar_5/0003_phA01_phB03.png,Is the blue sphere farther from the camera than the black sphere? Answer with yes or no.,No,No,19.921875,20.65625,True
/data/shared/Qwen/mydisk/output/SYNTHETIC/NVILA-Lite-2B-SYNTHETIC_MIX_5PCT_2M-20260226_023301/checkpoint-6250,obj2_farther,output/phasevar_5/0003_phA01_phB04.png,Is the blue sphere farther from the camera than the black sphere? Answer with yes or no.,No,No,19.53125,20.59375,True
/data/shared/Qwen/mydisk/output/SYNTHETIC/NVILA-Lite-2B-SYNTHETIC_MIX_5PCT_2M-20260226_023301/checkpoint-6250,obj2_farther,output/phasevar_5/0003_phA01_phB05.png,Is the blue sphere farther from the camera than the black sphere? Answer with yes or no.,No,No,19.6875,20.453125,True
/data/shared/Qwen/mydisk/output/SYNTHETIC/NVILA-Lite-2B-SYNTHETIC_MIX_5PCT_2M-20260226_023301/checkpoint-6250,obj2_farther,output/phasevar_5/0003_phA01_phB06.png,Is the blue sphere farther from the camera than the black sphere? Answer with yes or no.,No,No,19.796875,20.484375,True
/data/shared/Qwen/mydisk/output/SYNTHETIC/NVILA-Lite-2B-SYNTHETIC_MIX_5PCT_2M-20260226_023301/checkpoint-6250,obj2_farther,output/phasevar_5/0003_phA01_phB07.png,Is the blue sphere farther from the camera than the black sphere? Answer with yes or no.,No,No,19.96875,20.96875,True
/data/shared/Qwen/mydisk/output/SYNTHETIC/NVILA-Lite-2B-SYNTHETIC_MIX_5PCT_2M-20260226_023301/checkpoint-6250,obj2_farther,output/phasevar_5/0003_phA01_phB08.png,Is the blue sphere farther from the camera than the black sphere? Answer with yes or no.,No,No,20.0625,21.421875,True
/data/shared/Qwen/mydisk/output/SYNTHETIC/NVILA-Lite-2B-SYNTHETIC_MIX_5PCT_2M-20260226_023301/checkpoint-6250,obj2_farther,output/phasevar_5/0003_phA01_phB09.png,Is the blue sphere farther from the camera than the black sphere? Answer with yes or no.,No,No,20.40625,21.921875,True
/data/shared/Qwen/mydisk/output/SYNTHETIC/NVILA-Lite-2B-SYNTHETIC_MIX_5PCT_2M-20260226_023301/checkpoint-6250,obj2_farther,output/phasevar_5/0003_phA01_phB10.png,Is the blue sphere farther from the camera than the black sphere? Answer with yes or no.,No,No,20.21875,21.375,True
/data/shared/Qwen/mydisk/output/SYNTHETIC/NVILA-Lite-2B-SYNTHETIC_MIX_5PCT_2M-20260226_023301/checkpoint-6250,obj2_farther,output/phasevar_5/0003_phA01_phB11.png,Is the blue sphere farther from the camera than the black sphere? Answer with yes or no.,No,No,19.8125,21.65625,True
/data/shared/Qwen/mydisk/output/SYNTHETIC/NVILA-Lite-2B-SYNTHETIC_MIX_5PCT_2M-20260226_023301/checkpoint-6250,obj2_farther,output/phasevar_5/0003_phA01_phB12.png,Is the blue sphere farther from the camera than the black sphere? Answer with yes or no.,No,No,20.0625,21.84375,True
/data/shared/Qwen/mydisk/output/SYNTHETIC/NVILA-Lite-2B-SYNTHETIC_MIX_5PCT_2M-20260226_023301/checkpoint-6250,obj2_farther,output/phasevar_5/0003_phA01_phB13.png,Is the blue sphere farther from the camera than the black sphere? Answer with yes or no.,No,No,20.21875,21.734375,True
/data/shared/Qwen/mydisk/output/SYNTHETIC/NVILA-Lite-2B-SYNTHETIC_MIX_5PCT_2M-20260226_023301/checkpoint-6250,obj2_farther,output/phasevar_5/0003_phA01_phB14.png,Is the blue sphere farther from the camera than the black sphere? Answer with yes or no.,No,No,20.140625,21.65625,True
/data/shared/Qwen/mydisk/output/SYNTHETIC/NVILA-Lite-2B-SYNTHETIC_MIX_5PCT_2M-20260226_023301/checkpoint-6250,obj2_farther,output/phasevar_5/0003_phA01_phB15.png,Is the blue sphere farther from the camera than the black sphere? Answer with yes or no.,No,No,20.421875,21.953125,True
/data/shared/Qwen/mydisk/output/SYNTHETIC/NVILA-Lite-2B-SYNTHETIC_MIX_5PCT_2M-20260226_023301/checkpoint-6250,obj2_farther,output/phasevar_5/0003_phA02_phB00.png,Is the blue sphere farther from the camera than the black sphere? Answer with yes or no.,No,No,20.40625,21.484375,True
/data/shared/Qwen/mydisk/output/SYNTHETIC/NVILA-Lite-2B-SYNTHETIC_MIX_5PCT_2M-20260226_023301/checkpoint-6250,obj2_farther,output/phasevar_5/0003_phA02_phB01.png,Is the blue sphere farther from the camera than the black sphere? Answer with yes or no.,No,No,20.296875,21.046875,True
/data/shared/Qwen/mydisk/output/SYNTHETIC/NVILA-Lite-2B-SYNTHETIC_MIX_5PCT_2M-20260226_023301/checkpoint-6250,obj2_farther,output/phasevar_5/0003_phA02_phB02.png,Is the blue sphere farther from the camera than the black sphere? Answer with yes or no.,No,Yes,20.9375,20.8125,False
/data/shared/Qwen/mydisk/output/SYNTHETIC/NVILA-Lite-2B-SYNTHETIC_MIX_5PCT_2M-20260226_023301/checkpoint-6250,obj2_farther,output/phasevar_5/0003_phA02_phB03.png,Is the blue sphere farther from the camera than the black sphere? Answer with yes or no.,No,No,20.015625,20.5625,True
/data/shared/Qwen/mydisk/output/SYNTHETIC/NVILA-Lite-2B-SYNTHETIC_MIX_5PCT_2M-20260226_023301/checkpoint-6250,obj2_farther,output/phasevar_5/0003_phA02_phB04.png,Is the blue sphere farther from the camera than the black sphere? Answer with yes or no.,No,No,19.5,20.625,True
/data/shared/Qwen/mydisk/output/SYNTHETIC/NVILA-Lite-2B-SYNTHETIC_MIX_5PCT_2M-20260226_023301/checkpoint-6250,obj2_farther,output/phasevar_5/0003_phA02_phB05.png,Is the blue sphere farther from the camera than the black sphere? Answer with yes or no.,No,No,19.734375,20.4375,True
/data/shared/Qwen/mydisk/output/SYNTHETIC/NVILA-Lite-2B-SYNTHETIC_MIX_5PCT_2M-20260226_023301/checkpoint-6250,obj2_farther,output/phasevar_5/0003_phA02_phB06.png,Is the blue sphere farther from the camera than the black sphere? Answer with yes or no.,No,No,20.03125,20.640625,True
/data/shared/Qwen/mydisk/output/SYNTHETIC/NVILA-Lite-2B-SYNTHETIC_MIX_5PCT_2M-20260226_023301/checkpoint-6250,obj2_farther,output/phasevar_5/0003_phA02_phB07.png,Is the blue sphere farther from the camera than the black sphere? Answer with yes or no.,No,No,20.078125,21.015625,True
/data/shared/Qwen/mydisk/output/SYNTHETIC/NVILA-Lite-2B-SYNTHETIC_MIX_5PCT_2M-20260226_023301/checkpoint-6250,obj2_farther,output/phasevar_5/0003_phA02_phB08.png,Is the blue sphere farther from the camera than the black sphere? Answer with yes or no.,No,No,20.125,21.4375,True
/data/shared/Qwen/mydisk/output/SYNTHETIC/NVILA-Lite-2B-SYNTHETIC_MIX_5PCT_2M-20260226_023301/checkpoint-6250,obj2_farther,output/phasevar_5/0003_phA02_phB09.png,Is the blue sphere farther from the camera than the black sphere? Answer with yes or no.,No,No,20.359375,21.75,True
/data/shared/Qwen/mydisk/output/SYNTHETIC/NVILA-Lite-2B-SYNTHETIC_MIX_5PCT_2M-20260226_023301/checkpoint-6250,obj2_farther,output/phasevar_5/0003_phA02_phB10.png,Is the blue sphere farther from the camera than the black sphere? Answer with yes or no.,No,No,20.328125,21.5,True
/data/shared/Qwen/mydisk/output/SYNTHETIC/NVILA-Lite-2B-SYNTHETIC_MIX_5PCT_2M-20260226_023301/checkpoint-6250,obj2_farther,output/phasevar_5/0003_phA02_phB11.png,Is the blue sphere farther from the camera than the black sphere? Answer with yes or no.,No,No,19.921875,21.703125,True
/data/shared/Qwen/mydisk/output/SYNTHETIC/NVILA-Lite-2B-SYNTHETIC_MIX_5PCT_2M-20260226_023301/checkpoint-6250,obj2_farther,output/phasevar_5/0003_phA02_phB12.png,Is the blue sphere farther from the camera than the black sphere? Answer with yes or no.,No,No,20.078125,21.890625,True
/data/shared/Qwen/mydisk/output/SYNTHETIC/NVILA-Lite-2B-SYNTHETIC_MIX_5PCT_2M-20260226_023301/checkpoint-6250,obj2_farther,output/phasevar_5/0003_phA02_phB13.png,Is the blue sphere farther from the camera than the black sphere? Answer with yes or no.,No,No,20.328125,21.890625,True
/data/shared/Qwen/mydisk/output/SYNTHETIC/NVILA-Lite-2B-SYNTHETIC_MIX_5PCT_2M-20260226_023301/checkpoint-6250,obj2_farther,output/phasevar_5/0003_phA02_phB14.png,Is the blue sphere farther from the camera than the black sphere? Answer with yes or no.,No,No,20.21875,21.6875,True
/data/shared/Qwen/mydisk/output/SYNTHETIC/NVILA-Lite-2B-SYNTHETIC_MIX_5PCT_2M-20260226_023301/checkpoint-6250,obj2_farther,output/phasevar_5/0003_phA02_phB15.png,Is the blue sphere farther from the camera than the black sphere? Answer with yes or no.,No,No,20.296875,21.875,True
/data/shared/Qwen/mydisk/output/SYNTHETIC/NVILA-Lite-2B-SYNTHETIC_MIX_5PCT_2M-20260226_023301/checkpoint-6250,obj2_farther,output/phasevar_5/0003_phA03_phB00.png,Is the blue sphere farther from the camera than the black sphere? Answer with yes or no.,No,No,20.625,21.390625,True
/data/shared/Qwen/mydisk/output/SYNTHETIC/NVILA-Lite-2B-SYNTHETIC_MIX_5PCT_2M-20260226_023301/checkpoint-6250,obj2_farther,output/phasevar_5/0003_phA03_phB01.png,Is the blue sphere farther from the camera than the black sphere? Answer with yes or no.,No,No,20.59375,21.203125,True
/data/shared/Qwen/mydisk/output/SYNTHETIC/NVILA-Lite-2B-SYNTHETIC_MIX_5PCT_2M-20260226_023301/checkpoint-6250,obj2_farther,output/phasevar_5/0003_phA03_phB02.png,Is the blue sphere farther from the camera than the black sphere? Answer with yes or no.,No,Yes,21.21875,20.796875,False
/data/shared/Qwen/mydisk/output/SYNTHETIC/NVILA-Lite-2B-SYNTHETIC_MIX_5PCT_2M-20260226_023301/checkpoint-6250,obj2_farther,output/phasevar_5/0003_phA03_phB03.png,Is the blue sphere farther from the camera than the black sphere? Answer with yes or no.,No,No,20.46875,20.703125,True
/data/shared/Qwen/mydisk/output/SYNTHETIC/NVILA-Lite-2B-SYNTHETIC_MIX_5PCT_2M-20260226_023301/checkpoint-6250,obj2_farther,output/phasevar_5/0003_phA03_phB04.png,Is the blue sphere farther from the camera than the black sphere? Answer with yes or no.,No,No,19.59375,20.5,True
/data/shared/Qwen/mydisk/output/SYNTHETIC/NVILA-Lite-2B-SYNTHETIC_MIX_5PCT_2M-20260226_023301/checkpoint-6250,obj2_farther,output/phasevar_5/0003_phA03_phB05.png,Is the blue sphere farther from the camera than the black sphere? Answer with yes or no.,No,No,19.765625,20.125,True
/data/shared/Qwen/mydisk/output/SYNTHETIC/NVILA-Lite-2B-SYNTHETIC_MIX_5PCT_2M-20260226_023301/checkpoint-6250,obj2_farther,output/phasevar_5/0003_phA03_phB06.png,Is the blue sphere farther from the camera than the black sphere? Answer with yes or no.,No,No,20.03125,20.25,True
/data/shared/Qwen/mydisk/output/SYNTHETIC/NVILA-Lite-2B-SYNTHETIC_MIX_5PCT_2M-20260226_023301/checkpoint-6250,obj2_farther,output/phasevar_5/0003_phA03_phB07.png,Is the blue sphere farther from the camera than the black sphere? Answer with yes or no.,No,No,19.6875,20.4375,True
/data/shared/Qwen/mydisk/output/SYNTHETIC/NVILA-Lite-2B-SYNTHETIC_MIX_5PCT_2M-20260226_023301/checkpoint-6250,obj2_farther,output/phasevar_5/0003_phA03_phB08.png,Is the blue sphere farther from the camera than the black sphere? Answer with yes or no.,No,No,19.875,21.125,True
/data/shared/Qwen/mydisk/output/SYNTHETIC/NVILA-Lite-2B-SYNTHETIC_MIX_5PCT_2M-20260226_023301/checkpoint-6250,obj2_farther,output/phasevar_5/0003_phA03_phB09.png,Is the blue sphere farther from the camera than the black sphere? Answer with yes or no.,No,No,20.1875,21.546875,True
/data/shared/Qwen/mydisk/output/SYNTHETIC/NVILA-Lite-2B-SYNTHETIC_MIX_5PCT_2M-20260226_023301/checkpoint-6250,obj2_farther,output/phasevar_5/0003_phA03_phB10.png,Is the blue sphere farther from the camera than the black sphere? Answer with yes or no.,No,No,20.234375,21.359375,True
/data/shared/Qwen/mydisk/output/SYNTHETIC/NVILA-Lite-2B-SYNTHETIC_MIX_5PCT_2M-20260226_023301/checkpoint-6250,obj2_farther,output/phasevar_5/0003_phA03_phB11.png,Is the blue sphere farther from the camera than the black sphere? Answer with yes or no.,No,No,19.78125,21.5,True
/data/shared/Qwen/mydisk/output/SYNTHETIC/NVILA-Lite-2B-SYNTHETIC_MIX_5PCT_2M-20260226_023301/checkpoint-6250,obj2_farther,output/phasevar_5/0003_phA03_phB12.png,Is the blue sphere farther from the camera than the black sphere? Answer with yes or no.,No,No,20.03125,21.6875,True
/data/shared/Qwen/mydisk/output/SYNTHETIC/NVILA-Lite-2B-SYNTHETIC_MIX_5PCT_2M-20260226_023301/checkpoint-6250,obj2_farther,output/phasevar_5/0003_phA03_phB13.png,Is the blue sphere farther from the camera than the black sphere? Answer with yes or no.,No,No,20.109375,21.53125,True
/data/shared/Qwen/mydisk/output/SYNTHETIC/NVILA-Lite-2B-SYNTHETIC_MIX_5PCT_2M-20260226_023301/checkpoint-6250,obj2_farther,output/phasevar_5/0003_phA03_phB14.png,Is the blue sphere farther from the camera than the black sphere? Answer with yes or no.,No,No,20.4375,21.609375,True
/data/shared/Qwen/mydisk/output/SYNTHETIC/NVILA-Lite-2B-SYNTHETIC_MIX_5PCT_2M-20260226_023301/checkpoint-6250,obj2_farther,output/phasevar_5/0003_phA03_phB15.png,Is the blue sphere farther from the camera than the black sphere? Answer with yes or no.,No,No,20.625,21.796875,True
/data/shared/Qwen/mydisk/output/SYNTHETIC/NVILA-Lite-2B-SYNTHETIC_MIX_5PCT_2M-20260226_023301/checkpoint-6250,obj2_farther,output/phasevar_5/0003_phA04_phB00.png,Is the blue sphere farther from the camera than the black sphere? Answer with yes or no.,No,No,20.421875,21.078125,True
/data/shared/Qwen/mydisk/output/SYNTHETIC/NVILA-Lite-2B-SYNTHETIC_MIX_5PCT_2M-20260226_023301/checkpoint-6250,obj2_farther,output/phasevar_5/0003_phA04_phB01.png,Is the blue sphere farther from the camera than the black sphere? Answer with yes or no.,No,No,20.34375,20.921875,True
/data/shared/Qwen/mydisk/output/SYNTHETIC/NVILA-Lite-2B-SYNTHETIC_MIX_5PCT_2M-20260226_023301/checkpoint-6250,obj2_farther,output/phasevar_5/0003_phA04_phB02.png,Is the blue sphere farther from the camera than the black sphere? Answer with yes or no.,No,Yes,21.046875,20.484375,False
/data/shared/Qwen/mydisk/output/SYNTHETIC/NVILA-Lite-2B-SYNTHETIC_MIX_5PCT_2M-20260226_023301/checkpoint-6250,obj2_farther,output/phasevar_5/0003_phA04_phB03.png,Is the blue sphere farther from the camera than the black sphere? Answer with yes or no.,No,Yes,20.46875,20.4375,False
/data/shared/Qwen/mydisk/output/SYNTHETIC/NVILA-Lite-2B-SYNTHETIC_MIX_5PCT_2M-20260226_023301/checkpoint-6250,obj2_farther,output/phasevar_5/0003_phA04_phB04.png,Is the blue sphere farther from the camera than the black sphere? Answer with yes or no.,No,No,19.53125,20.3125,True
/data/shared/Qwen/mydisk/output/SYNTHETIC/NVILA-Lite-2B-SYNTHETIC_MIX_5PCT_2M-20260226_023301/checkpoint-6250,obj2_farther,output/phasevar_5/0003_phA04_phB05.png,Is the blue sphere farther from the camera than the black sphere? Answer with yes or no.,No,No,19.84375,20.015625,True
/data/shared/Qwen/mydisk/output/SYNTHETIC/NVILA-Lite-2B-SYNTHETIC_MIX_5PCT_2M-20260226_023301/checkpoint-6250,obj2_farther,output/phasevar_5/0003_phA04_phB06.png,Is the blue sphere farther from the camera than the black sphere? Answer with yes or no.,No,Yes,20.09375,20.078125,False
/data/shared/Qwen/mydisk/output/SYNTHETIC/NVILA-Lite-2B-SYNTHETIC_MIX_5PCT_2M-20260226_023301/checkpoint-6250,obj2_farther,output/phasevar_5/0003_phA04_phB07.png,Is the blue sphere farther from the camera than the black sphere? Answer with yes or no.,No,No,19.65625,20.234375,True
/data/shared/Qwen/mydisk/output/SYNTHETIC/NVILA-Lite-2B-SYNTHETIC_MIX_5PCT_2M-20260226_023301/checkpoint-6250,obj2_farther,output/phasevar_5/0003_phA04_phB08.png,Is the blue sphere farther from the camera than the black sphere? Answer with yes or no.,No,No,19.859375,20.734375,True
/data/shared/Qwen/mydisk/output/SYNTHETIC/NVILA-Lite-2B-SYNTHETIC_MIX_5PCT_2M-20260226_023301/checkpoint-6250,obj2_farther,output/phasevar_5/0003_phA04_phB09.png,Is the blue sphere farther from the camera than the black sphere? Answer with yes or no.,No,No,20.25,21.25,True
/data/shared/Qwen/mydisk/output/SYNTHETIC/NVILA-Lite-2B-SYNTHETIC_MIX_5PCT_2M-20260226_023301/checkpoint-6250,obj2_farther,output/phasevar_5/0003_phA04_phB10.png,Is the blue sphere farther from the camera than the black sphere? Answer with yes or no.,No,No,20.1875,21.140625,True
/data/shared/Qwen/mydisk/output/SYNTHETIC/NVILA-Lite-2B-SYNTHETIC_MIX_5PCT_2M-20260226_023301/checkpoint-6250,obj2_farther,output/phasevar_5/0003_phA04_phB11.png,Is the blue sphere farther from the camera than the black sphere? Answer with yes or no.,No,No,19.75,21.28125,True
/data/shared/Qwen/mydisk/output/SYNTHETIC/NVILA-Lite-2B-SYNTHETIC_MIX_5PCT_2M-20260226_023301/checkpoint-6250,obj2_farther,output/phasevar_5/0003_phA04_phB12.png,Is the blue sphere farther from the camera than the black sphere? Answer with yes or no.,No,No,19.90625,21.390625,True
/data/shared/Qwen/mydisk/output/SYNTHETIC/NVILA-Lite-2B-SYNTHETIC_MIX_5PCT_2M-20260226_023301/checkpoint-6250,obj2_farther,output/phasevar_5/0003_phA04_phB13.png,Is the blue sphere farther from the camera than the black sphere? Answer with yes or no.,No,No,19.9375,21.140625,True
/data/shared/Qwen/mydisk/output/SYNTHETIC/NVILA-Lite-2B-SYNTHETIC_MIX_5PCT_2M-20260226_023301/checkpoint-6250,obj2_farther,output/phasevar_5/0003_phA04_phB14.png,Is the blue sphere farther from the camera than the black sphere? Answer with yes or no.,No,No,20.4375,21.390625,True
/data/shared/Qwen/mydisk/output/SYNTHETIC/NVILA-Lite-2B-SYNTHETIC_MIX_5PCT_2M-20260226_023301/checkpoint-6250,obj2_farther,output/phasevar_5/0003_phA04_phB15.png,Is the blue sphere farther from the camera than the black sphere? Answer with yes or no.,No,No,20.484375,21.40625,True
/data/shared/Qwen/mydisk/output/SYNTHETIC/NVILA-Lite-2B-SYNTHETIC_MIX_5PCT_2M-20260226_023301/checkpoint-6250,obj2_farther,output/phasevar_5/0003_phA05_phB00.png,Is the blue sphere farther from the camera than the black sphere? Answer with yes or no.,No,No,20.34375,21.125,True
/data/shared/Qwen/mydisk/output/SYNTHETIC/NVILA-Lite-2B-SYNTHETIC_MIX_5PCT_2M-20260226_023301/checkpoint-6250,obj2_farther,output/phasevar_5/0003_phA05_phB01.png,Is the blue sphere farther from the camera than the black sphere? Answer with yes or no.,No,No,20.1875,20.84375,True
/data/shared/Qwen/mydisk/output/SYNTHETIC/NVILA-Lite-2B-SYNTHETIC_MIX_5PCT_2M-20260226_023301/checkpoint-6250,obj2_farther,output/phasevar_5/0003_phA05_phB02.png,Is the blue sphere farther from the camera than the black sphere? Answer with yes or no.,No,Yes,20.9375,20.578125,False
/data/shared/Qwen/mydisk/output/SYNTHETIC/NVILA-Lite-2B-SYNTHETIC_MIX_5PCT_2M-20260226_023301/checkpoint-6250,obj2_farther,output/phasevar_5/0003_phA05_phB03.png,Is the blue sphere farther from the camera than the black sphere? Answer with yes or no.,No,No,20.328125,20.640625,True
/data/shared/Qwen/mydisk/output/SYNTHETIC/NVILA-Lite-2B-SYNTHETIC_MIX_5PCT_2M-20260226_023301/checkpoint-6250,obj2_farther,output/phasevar_5/0003_phA05_phB04.png,Is the blue sphere farther from the camera than the black sphere? Answer with yes or no.,No,No,19.421875,20.21875,True
/data/shared/Qwen/mydisk/output/SYNTHETIC/NVILA-Lite-2B-SYNTHETIC_MIX_5PCT_2M-20260226_023301/checkpoint-6250,obj2_farther,output/phasevar_5/0003_phA05_phB05.png,Is the blue sphere farther from the camera than the black sphere? Answer with yes or no.,No,No,19.796875,20.171875,True
/data/shared/Qwen/mydisk/output/SYNTHETIC/NVILA-Lite-2B-SYNTHETIC_MIX_5PCT_2M-20260226_023301/checkpoint-6250,obj2_farther,output/phasevar_5/0003_phA05_phB06.png,Is the blue sphere farther from the camera than the black sphere? Answer with yes or no.,No,No,20.015625,20.328125,True
/data/shared/Qwen/mydisk/output/SYNTHETIC/NVILA-Lite-2B-SYNTHETIC_MIX_5PCT_2M-20260226_023301/checkpoint-6250,obj2_farther,output/phasevar_5/0003_phA05_phB07.png,Is the blue sphere farther from the camera than the black sphere? Answer with yes or no.,No,No,19.734375,20.359375,True
/data/shared/Qwen/mydisk/output/SYNTHETIC/NVILA-Lite-2B-SYNTHETIC_MIX_5PCT_2M-20260226_023301/checkpoint-6250,obj2_farther,output/phasevar_5/0003_phA05_phB08.png,Is the blue sphere farther from the camera than the black sphere? Answer with yes or no.,No,No,19.953125,20.765625,True
/data/shared/Qwen/mydisk/output/SYNTHETIC/NVILA-Lite-2B-SYNTHETIC_MIX_5PCT_2M-20260226_023301/checkpoint-6250,obj2_farther,output/phasevar_5/0003_phA05_phB09.png,Is the blue sphere farther from the camera than the black sphere? Answer with yes or no.,No,No,20.4375,21.421875,True
/data/shared/Qwen/mydisk/output/SYNTHETIC/NVILA-Lite-2B-SYNTHETIC_MIX_5PCT_2M-20260226_023301/checkpoint-6250,obj2_farther,output/phasevar_5/0003_phA05_phB10.png,Is the blue sphere farther from the camera than the black sphere? Answer with yes or no.,No,No,20.234375,21.15625,True
/data/shared/Qwen/mydisk/output/SYNTHETIC/NVILA-Lite-2B-SYNTHETIC_MIX_5PCT_2M-20260226_023301/checkpoint-6250,obj2_farther,output/phasevar_5/0003_phA05_phB11.png,Is the blue sphere farther from the camera than the black sphere? Answer with yes or no.,No,No,19.984375,21.546875,True
/data/shared/Qwen/mydisk/output/SYNTHETIC/NVILA-Lite-2B-SYNTHETIC_MIX_5PCT_2M-20260226_023301/checkpoint-6250,obj2_farther,output/phasevar_5/0003_phA05_phB12.png,Is the blue sphere farther from the camera than the black sphere? Answer with yes or no.,No,No,20.09375,21.8125,True
/data/shared/Qwen/mydisk/output/SYNTHETIC/NVILA-Lite-2B-SYNTHETIC_MIX_5PCT_2M-20260226_023301/checkpoint-6250,obj2_farther,output/phasevar_5/0003_phA05_phB13.png,Is the blue sphere farther from the camera than the black sphere? Answer with yes or no.,No,No,20.109375,21.578125,True
/data/shared/Qwen/mydisk/output/SYNTHETIC/NVILA-Lite-2B-SYNTHETIC_MIX_5PCT_2M-20260226_023301/checkpoint-6250,obj2_farther,output/phasevar_5/0003_phA05_phB14.png,Is the blue sphere farther from the camera than the black sphere? Answer with yes or no.,No,No,20.5625,21.46875,True
/data/shared/Qwen/mydisk/output/SYNTHETIC/NVILA-Lite-2B-SYNTHETIC_MIX_5PCT_2M-20260226_023301/checkpoint-6250,obj2_farther,output/phasevar_5/0003_phA05_phB15.png,Is the blue sphere farther from the camera than the black sphere? Answer with yes or no.,No,No,20.59375,21.546875,True
/data/shared/Qwen/mydisk/output/SYNTHETIC/NVILA-Lite-2B-SYNTHETIC_MIX_5PCT_2M-20260226_023301/checkpoint-6250,obj2_farther,output/phasevar_5/0003_phA06_phB00.png,Is the blue sphere farther from the camera than the black sphere? Answer with yes or no.,No,No,19.921875,20.828125,True
/data/shared/Qwen/mydisk/output/SYNTHETIC/NVILA-Lite-2B-SYNTHETIC_MIX_5PCT_2M-20260226_023301/checkpoint-6250,obj2_farther,output/phasevar_5/0003_phA06_phB01.png,Is the blue sphere farther from the camera than the black sphere? Answer with yes or no.,No,No,19.8125,20.609375,True
/data/shared/Qwen/mydisk/output/SYNTHETIC/NVILA-Lite-2B-SYNTHETIC_MIX_5PCT_2M-20260226_023301/checkpoint-6250,obj2_farther,output/phasevar_5/0003_phA06_phB02.png,Is the blue sphere farther from the camera than the black sphere? Answer with yes or no.,No,Yes,20.34375,20.265625,False
/data/shared/Qwen/mydisk/output/SYNTHETIC/NVILA-Lite-2B-SYNTHETIC_MIX_5PCT_2M-20260226_023301/checkpoint-6250,obj2_farther,output/phasevar_5/0003_phA06_phB03.png,Is the blue sphere farther from the camera than the black sphere? Answer with yes or no.,No,No,19.640625,20.09375,True
/data/shared/Qwen/mydisk/output/SYNTHETIC/NVILA-Lite-2B-SYNTHETIC_MIX_5PCT_2M-20260226_023301/checkpoint-6250,obj2_farther,output/phasevar_5/0003_phA06_phB04.png,Is the blue sphere farther from the camera than the black sphere? Answer with yes or no.,No,No,18.96875,19.78125,True
/data/shared/Qwen/mydisk/output/SYNTHETIC/NVILA-Lite-2B-SYNTHETIC_MIX_5PCT_2M-20260226_023301/checkpoint-6250,obj2_farther,output/phasevar_5/0003_phA06_phB05.png,Is the blue sphere farther from the camera than the black sphere? Answer with yes or no.,No,No,19.421875,19.828125,True
/data/shared/Qwen/mydisk/output/SYNTHETIC/NVILA-Lite-2B-SYNTHETIC_MIX_5PCT_2M-20260226_023301/checkpoint-6250,obj2_farther,output/phasevar_5/0003_phA06_phB06.png,Is the blue sphere farther from the camera than the black sphere? Answer with yes or no.,No,No,19.703125,20.03125,True
/data/shared/Qwen/mydisk/output/SYNTHETIC/NVILA-Lite-2B-SYNTHETIC_MIX_5PCT_2M-20260226_023301/checkpoint-6250,obj2_farther,output/phasevar_5/0003_phA06_phB07.png,Is the blue sphere farther from the camera than the black sphere? Answer with yes or no.,No,No,19.5625,19.890625,True
/data/shared/Qwen/mydisk/output/SYNTHETIC/NVILA-Lite-2B-SYNTHETIC_MIX_5PCT_2M-20260226_023301/checkpoint-6250,obj2_farther,output/phasevar_5/0003_phA06_phB08.png,Is the blue sphere farther from the camera than the black sphere? Answer with yes or no.,No,No,19.609375,20.296875,True
/data/shared/Qwen/mydisk/output/SYNTHETIC/NVILA-Lite-2B-SYNTHETIC_MIX_5PCT_2M-20260226_023301/checkpoint-6250,obj2_farther,output/phasevar_5/0003_phA06_phB09.png,Is the blue sphere farther from the camera than the black sphere? Answer with yes or no.,No,No,19.71875,20.71875,True
/data/shared/Qwen/mydisk/output/SYNTHETIC/NVILA-Lite-2B-SYNTHETIC_MIX_5PCT_2M-20260226_023301/checkpoint-6250,obj2_farther,output/phasevar_5/0003_phA06_phB10.png,Is the blue sphere farther from the camera than the black sphere? Answer with yes or no.,No,No,19.828125,20.640625,True
/data/shared/Qwen/mydisk/output/SYNTHETIC/NVILA-Lite-2B-SYNTHETIC_MIX_5PCT_2M-20260226_023301/checkpoint-6250,obj2_farther,output/phasevar_5/0003_phA06_phB11.png,Is the blue sphere farther from the camera than the black sphere? Answer with yes or no.,No,No,19.921875,21.15625,True
/data/shared/Qwen/mydisk/output/SYNTHETIC/NVILA-Lite-2B-SYNTHETIC_MIX_5PCT_2M-20260226_023301/checkpoint-6250,obj2_farther,output/phasevar_5/0003_phA06_phB12.png,Is the blue sphere farther from the camera than the black sphere? Answer with yes or no.,No,No,19.953125,21.390625,True
/data/shared/Qwen/mydisk/output/SYNTHETIC/NVILA-Lite-2B-SYNTHETIC_MIX_5PCT_2M-20260226_023301/checkpoint-6250,obj2_farther,output/phasevar_5/0003_phA06_phB13.png,Is the blue sphere farther from the camera than the black sphere? Answer with yes or no.,No,No,19.84375,21.109375,True
/data/shared/Qwen/mydisk/output/SYNTHETIC/NVILA-Lite-2B-SYNTHETIC_MIX_5PCT_2M-20260226_023301/checkpoint-6250,obj2_farther,output/phasevar_5/0003_phA06_phB14.png,Is the blue sphere farther from the camera than the black sphere? Answer with yes or no.,No,No,20.234375,21.046875,True
/data/shared/Qwen/mydisk/output/SYNTHETIC/NVILA-Lite-2B-SYNTHETIC_MIX_5PCT_2M-20260226_023301/checkpoint-6250,obj2_farther,output/phasevar_5/0003_phA06_phB15.png,Is the blue sphere farther from the camera than the black sphere? Answer with yes or no.,No,No,20.171875,21.203125,True
/data/shared/Qwen/mydisk/output/SYNTHETIC/NVILA-Lite-2B-SYNTHETIC_MIX_5PCT_2M-20260226_023301/checkpoint-6250,obj2_farther,output/phasevar_5/0003_phA07_phB00.png,Is the blue sphere farther from the camera than the black sphere? Answer with yes or no.,No,No,19.890625,20.734375,True
/data/shared/Qwen/mydisk/output/SYNTHETIC/NVILA-Lite-2B-SYNTHETIC_MIX_5PCT_2M-20260226_023301/checkpoint-6250,obj2_farther,output/phasevar_5/0003_phA07_phB01.png,Is the blue sphere farther from the camera than the black sphere? Answer with yes or no.,No,No,20.53125,20.90625,True
/data/shared/Qwen/mydisk/output/SYNTHETIC/NVILA-Lite-2B-SYNTHETIC_MIX_5PCT_2M-20260226_023301/checkpoint-6250,obj2_farther,output/phasevar_5/0003_phA07_phB02.png,Is the blue sphere farther from the camera than the black sphere? Answer with yes or no.,No,Yes,21.265625,20.703125,False
/data/shared/Qwen/mydisk/output/SYNTHETIC/NVILA-Lite-2B-SYNTHETIC_MIX_5PCT_2M-20260226_023301/checkpoint-6250,obj2_farther,output/phasevar_5/0003_phA07_phB03.png,Is the blue sphere farther from the camera than the black sphere? Answer with yes or no.,No,No,20.171875,20.390625,True
/data/shared/Qwen/mydisk/output/SYNTHETIC/NVILA-Lite-2B-SYNTHETIC_MIX_5PCT_2M-20260226_023301/checkpoint-6250,obj2_farther,output/phasevar_5/0003_phA07_phB04.png,Is the blue sphere farther from the camera than the black sphere? Answer with yes or no.,No,No,19.390625,19.890625,True
/data/shared/Qwen/mydisk/output/SYNTHETIC/NVILA-Lite-2B-SYNTHETIC_MIX_5PCT_2M-20260226_023301/checkpoint-6250,obj2_farther,output/phasevar_5/0003_phA07_phB05.png,Is the blue sphere farther from the camera than the black sphere? Answer with yes or no.,No,No,19.3125,19.734375,True
/data/shared/Qwen/mydisk/output/SYNTHETIC/NVILA-Lite-2B-SYNTHETIC_MIX_5PCT_2M-20260226_023301/checkpoint-6250,obj2_farther,output/phasevar_5/0003_phA07_phB06.png,Is the blue sphere farther from the camera than the black sphere? Answer with yes or no.,No,No,19.71875,20.03125,True
/data/shared/Qwen/mydisk/output/SYNTHETIC/NVILA-Lite-2B-SYNTHETIC_MIX_5PCT_2M-20260226_023301/checkpoint-6250,obj2_farther,output/phasevar_5/0003_phA07_phB07.png,Is the blue sphere farther from the camera than the black sphere? Answer with yes or no.,No,No,19.640625,19.953125,True
/data/shared/Qwen/mydisk/output/SYNTHETIC/NVILA-Lite-2B-SYNTHETIC_MIX_5PCT_2M-20260226_023301/checkpoint-6250,obj2_farther,output/phasevar_5/0003_phA07_phB08.png,Is the blue sphere farther from the camera than the black sphere? Answer with yes or no.,No,No,19.578125,20.265625,True
/data/shared/Qwen/mydisk/output/SYNTHETIC/NVILA-Lite-2B-SYNTHETIC_MIX_5PCT_2M-20260226_023301/checkpoint-6250,obj2_farther,output/phasevar_5/0003_phA07_phB09.png,Is the blue sphere farther from the camera than the black sphere? Answer with yes or no.,No,No,19.609375,20.640625,True
/data/shared/Qwen/mydisk/output/SYNTHETIC/NVILA-Lite-2B-SYNTHETIC_MIX_5PCT_2M-20260226_023301/checkpoint-6250,obj2_farther,output/phasevar_5/0003_phA07_phB10.png,Is the blue sphere farther from the camera than the black sphere? Answer with yes or no.,No,No,19.71875,20.515625,True
/data/shared/Qwen/mydisk/output/SYNTHETIC/NVILA-Lite-2B-SYNTHETIC_MIX_5PCT_2M-20260226_023301/checkpoint-6250,obj2_farther,output/phasevar_5/0003_phA07_phB11.png,Is the blue sphere farther from the camera than the black sphere? Answer with yes or no.,No,No,19.859375,21.21875,True
/data/shared/Qwen/mydisk/output/SYNTHETIC/NVILA-Lite-2B-SYNTHETIC_MIX_5PCT_2M-20260226_023301/checkpoint-6250,obj2_farther,output/phasevar_5/0003_phA07_phB12.png,Is the blue sphere farther from the camera than the black sphere? Answer with yes or no.,No,No,19.8125,21.484375,True
/data/shared/Qwen/mydisk/output/SYNTHETIC/NVILA-Lite-2B-SYNTHETIC_MIX_5PCT_2M-20260226_023301/checkpoint-6250,obj2_farther,output/phasevar_5/0003_phA07_phB13.png,Is the blue sphere farther from the camera than the black sphere? Answer with yes or no.,No,No,19.6875,21.0625,True
/data/shared/Qwen/mydisk/output/SYNTHETIC/NVILA-Lite-2B-SYNTHETIC_MIX_5PCT_2M-20260226_023301/checkpoint-6250,obj2_farther,output/phasevar_5/0003_phA07_phB14.png,Is the blue sphere farther from the camera than the black sphere? Answer with yes or no.,No,No,20.140625,20.890625,True
/data/shared/Qwen/mydisk/output/SYNTHETIC/NVILA-Lite-2B-SYNTHETIC_MIX_5PCT_2M-20260226_023301/checkpoint-6250,obj2_farther,output/phasevar_5/0003_phA07_phB15.png,Is the blue sphere farther from the camera than the black sphere? Answer with yes or no.,No,No,20.203125,21.171875,True
/data/shared/Qwen/mydisk/output/SYNTHETIC/NVILA-Lite-2B-SYNTHETIC_MIX_5PCT_2M-20260226_023301/checkpoint-6250,obj2_farther,output/phasevar_5/0003_phA08_phB00.png,Is the blue sphere farther from the camera than the black sphere? Answer with yes or no.,No,No,20.0,20.765625,True
/data/shared/Qwen/mydisk/output/SYNTHETIC/NVILA-Lite-2B-SYNTHETIC_MIX_5PCT_2M-20260226_023301/checkpoint-6250,obj2_farther,output/phasevar_5/0003_phA08_phB01.png,Is the blue sphere farther from the camera than the black sphere? Answer with yes or no.,No,No,20.8125,21.015625,True
/data/shared/Qwen/mydisk/output/SYNTHETIC/NVILA-Lite-2B-SYNTHETIC_MIX_5PCT_2M-20260226_023301/checkpoint-6250,obj2_farther,output/phasevar_5/0003_phA08_phB02.png,Is the blue sphere farther from the camera than the black sphere? Answer with yes or no.,No,Yes,21.484375,20.78125,False
/data/shared/Qwen/mydisk/output/SYNTHETIC/NVILA-Lite-2B-SYNTHETIC_MIX_5PCT_2M-20260226_023301/checkpoint-6250,obj2_farther,output/phasevar_5/0003_phA08_phB03.png,Is the blue sphere farther from the camera than the black sphere? Answer with yes or no.,No,No,20.21875,20.359375,True
/data/shared/Qwen/mydisk/output/SYNTHETIC/NVILA-Lite-2B-SYNTHETIC_MIX_5PCT_2M-20260226_023301/checkpoint-6250,obj2_farther,output/phasevar_5/0003_phA08_phB04.png,Is the blue sphere farther from the camera than the black sphere? Answer with yes or no.,No,No,19.6875,19.875,True
/data/shared/Qwen/mydisk/output/SYNTHETIC/NVILA-Lite-2B-SYNTHETIC_MIX_5PCT_2M-20260226_023301/checkpoint-6250,obj2_farther,output/phasevar_5/0003_phA08_phB05.png,Is the blue sphere farther from the camera than the black sphere? Answer with yes or no.,No,No,19.609375,19.796875,True
/data/shared/Qwen/mydisk/output/SYNTHETIC/NVILA-Lite-2B-SYNTHETIC_MIX_5PCT_2M-20260226_023301/checkpoint-6250,obj2_farther,output/phasevar_5/0003_phA08_phB06.png,Is the blue sphere farther from the camera than the black sphere? Answer with yes or no.,No,No,19.953125,20.1875,True
/data/shared/Qwen/mydisk/output/SYNTHETIC/NVILA-Lite-2B-SYNTHETIC_MIX_5PCT_2M-20260226_023301/checkpoint-6250,obj2_farther,output/phasevar_5/0003_phA08_phB07.png,Is the blue sphere farther from the camera than the black sphere? Answer with yes or no.,No,No,19.71875,20.125,True
/data/shared/Qwen/mydisk/output/SYNTHETIC/NVILA-Lite-2B-SYNTHETIC_MIX_5PCT_2M-20260226_023301/checkpoint-6250,obj2_farther,output/phasevar_5/0003_phA08_phB08.png,Is the blue sphere farther from the camera than the black sphere? Answer with yes or no.,No,No,19.71875,20.375,True
/data/shared/Qwen/mydisk/output/SYNTHETIC/NVILA-Lite-2B-SYNTHETIC_MIX_5PCT_2M-20260226_023301/checkpoint-6250,obj2_farther,output/phasevar_5/0003_phA08_phB09.png,Is the blue sphere farther from the camera than the black sphere? Answer with yes or no.,No,No,19.578125,20.546875,True
/data/shared/Qwen/mydisk/output/SYNTHETIC/NVILA-Lite-2B-SYNTHETIC_MIX_5PCT_2M-20260226_023301/checkpoint-6250,obj2_farther,output/phasevar_5/0003_phA08_phB10.png,Is the blue sphere farther from the camera than the black sphere? Answer with yes or no.,No,No,19.640625,20.484375,True
/data/shared/Qwen/mydisk/output/SYNTHETIC/NVILA-Lite-2B-SYNTHETIC_MIX_5PCT_2M-20260226_023301/checkpoint-6250,obj2_farther,output/phasevar_5/0003_phA08_phB11.png,Is the blue sphere farther from the camera than the black sphere? Answer with yes or no.,No,No,19.671875,21.046875,True
/data/shared/Qwen/mydisk/output/SYNTHETIC/NVILA-Lite-2B-SYNTHETIC_MIX_5PCT_2M-20260226_023301/checkpoint-6250,obj2_farther,output/phasevar_5/0003_phA08_phB12.png,Is the blue sphere farther from the camera than the black sphere? Answer with yes or no.,No,No,19.59375,21.171875,True
/data/shared/Qwen/mydisk/output/SYNTHETIC/NVILA-Lite-2B-SYNTHETIC_MIX_5PCT_2M-20260226_023301/checkpoint-6250,obj2_farther,output/phasevar_5/0003_phA08_phB13.png,Is the blue sphere farther from the camera than the black sphere? Answer with yes or no.,No,No,19.515625,20.8125,True
/data/shared/Qwen/mydisk/output/SYNTHETIC/NVILA-Lite-2B-SYNTHETIC_MIX_5PCT_2M-20260226_023301/checkpoint-6250,obj2_farther,output/phasevar_5/0003_phA08_phB14.png,Is the blue sphere farther from the camera than the black sphere? Answer with yes or no.,No,No,20.296875,21.015625,True
/data/shared/Qwen/mydisk/output/SYNTHETIC/NVILA-Lite-2B-SYNTHETIC_MIX_5PCT_2M-20260226_023301/checkpoint-6250,obj2_farther,output/phasevar_5/0003_phA08_phB15.png,Is the blue sphere farther from the camera than the black sphere? Answer with yes or no.,No,No,20.125,21.09375,True
/data/shared/Qwen/mydisk/output/SYNTHETIC/NVILA-Lite-2B-SYNTHETIC_MIX_5PCT_2M-20260226_023301/checkpoint-6250,obj2_farther,output/phasevar_5/0003_phA09_phB00.png,Is the blue sphere farther from the camera than the black sphere? Answer with yes or no.,No,No,20.375,20.78125,True
/data/shared/Qwen/mydisk/output/SYNTHETIC/NVILA-Lite-2B-SYNTHETIC_MIX_5PCT_2M-20260226_023301/checkpoint-6250,obj2_farther,output/phasevar_5/0003_phA09_phB01.png,Is the blue sphere farther from the camera than the black sphere? Answer with yes or no.,No,Yes,21.25,21.109375,False
/data/shared/Qwen/mydisk/output/SYNTHETIC/NVILA-Lite-2B-SYNTHETIC_MIX_5PCT_2M-20260226_023301/checkpoint-6250,obj2_farther,output/phasevar_5/0003_phA09_phB02.png,Is the blue sphere farther from the camera than the black sphere? Answer with yes or no.,No,Yes,21.765625,20.71875,False
/data/shared/Qwen/mydisk/output/SYNTHETIC/NVILA-Lite-2B-SYNTHETIC_MIX_5PCT_2M-20260226_023301/checkpoint-6250,obj2_farther,output/phasevar_5/0003_phA09_phB03.png,Is the blue sphere farther from the camera than the black sphere? Answer with yes or no.,No,Yes,20.640625,20.421875,False
/data/shared/Qwen/mydisk/output/SYNTHETIC/NVILA-Lite-2B-SYNTHETIC_MIX_5PCT_2M-20260226_023301/checkpoint-6250,obj2_farther,output/phasevar_5/0003_phA09_phB04.png,Is the blue sphere farther from the camera than the black sphere? Answer with yes or no.,No,Yes,19.953125,19.890625,False
/data/shared/Qwen/mydisk/output/SYNTHETIC/NVILA-Lite-2B-SYNTHETIC_MIX_5PCT_2M-20260226_023301/checkpoint-6250,obj2_farther,output/phasevar_5/0003_phA09_phB05.png,Is the blue sphere farther from the camera than the black sphere? Answer with yes or no.,No,Yes,19.65625,19.59375,False
/data/shared/Qwen/mydisk/output/SYNTHETIC/NVILA-Lite-2B-SYNTHETIC_MIX_5PCT_2M-20260226_023301/checkpoint-6250,obj2_farther,output/phasevar_5/0003_phA09_phB06.png,Is the blue sphere farther from the camera than the black sphere? Answer with yes or no.,No,No,19.875,19.953125,True
/data/shared/Qwen/mydisk/output/SYNTHETIC/NVILA-Lite-2B-SYNTHETIC_MIX_5PCT_2M-20260226_023301/checkpoint-6250,obj2_farther,output/phasevar_5/0003_phA09_phB07.png,Is the blue sphere farther from the camera than the black sphere? Answer with yes or no.,No,No,19.75,19.859375,True
/data/shared/Qwen/mydisk/output/SYNTHETIC/NVILA-Lite-2B-SYNTHETIC_MIX_5PCT_2M-20260226_023301/checkpoint-6250,obj2_farther,output/phasevar_5/0003_phA09_phB08.png,Is the blue sphere farther from the camera than the black sphere? Answer with yes or no.,No,No,19.90625,20.328125,True
/data/shared/Qwen/mydisk/output/SYNTHETIC/NVILA-Lite-2B-SYNTHETIC_MIX_5PCT_2M-20260226_023301/checkpoint-6250,obj2_farther,output/phasevar_5/0003_phA09_phB09.png,Is the blue sphere farther from the camera than the black sphere? Answer with yes or no.,No,No,19.484375,20.34375,True
/data/shared/Qwen/mydisk/output/SYNTHETIC/NVILA-Lite-2B-SYNTHETIC_MIX_5PCT_2M-20260226_023301/checkpoint-6250,obj2_farther,output/phasevar_5/0003_phA09_phB10.png,Is the blue sphere farther from the camera than the black sphere? Answer with yes or no.,No,No,19.390625,20.140625,True
/data/shared/Qwen/mydisk/output/SYNTHETIC/NVILA-Lite-2B-SYNTHETIC_MIX_5PCT_2M-20260226_023301/checkpoint-6250,obj2_farther,output/phasevar_5/0003_phA09_phB11.png,Is the blue sphere farther from the camera than the black sphere? Answer with yes or no.,No,No,19.484375,20.765625,True
/data/shared/Qwen/mydisk/output/SYNTHETIC/NVILA-Lite-2B-SYNTHETIC_MIX_5PCT_2M-20260226_023301/checkpoint-6250,obj2_farther,output/phasevar_5/0003_phA09_phB12.png,Is the blue sphere farther from the camera than the black sphere? Answer with yes or no.,No,No,19.359375,20.8125,True
/data/shared/Qwen/mydisk/output/SYNTHETIC/NVILA-Lite-2B-SYNTHETIC_MIX_5PCT_2M-20260226_023301/checkpoint-6250,obj2_farther,output/phasevar_5/0003_phA09_phB13.png,Is the blue sphere farther from the camera than the black sphere? Answer with yes or no.,No,No,19.203125,20.40625,True
/data/shared/Qwen/mydisk/output/SYNTHETIC/NVILA-Lite-2B-SYNTHETIC_MIX_5PCT_2M-20260226_023301/checkpoint-6250,obj2_farther,output/phasevar_5/0003_phA09_phB14.png,Is the blue sphere farther from the camera than the black sphere? Answer with yes or no.,No,No,20.265625,20.796875,True
/data/shared/Qwen/mydisk/output/SYNTHETIC/NVILA-Lite-2B-SYNTHETIC_MIX_5PCT_2M-20260226_023301/checkpoint-6250,obj2_farther,output/phasevar_5/0003_phA09_phB15.png,Is the blue sphere farther from the camera than the black sphere? Answer with yes or no.,No,No,20.125,20.9375,True
/data/shared/Qwen/mydisk/output/SYNTHETIC/NVILA-Lite-2B-SYNTHETIC_MIX_5PCT_2M-20260226_023301/checkpoint-6250,obj2_farther,output/phasevar_5/0003_phA10_phB00.png,Is the blue sphere farther from the camera than the black sphere? Answer with yes or no.,No,No,21.265625,21.28125,True
/data/shared/Qwen/mydisk/output/SYNTHETIC/NVILA-Lite-2B-SYNTHETIC_MIX_5PCT_2M-20260226_023301/checkpoint-6250,obj2_farther,output/phasevar_5/0003_phA10_phB01.png,Is the blue sphere farther from the camera than the black sphere? Answer with yes or no.,No,Yes,21.515625,21.0625,False
/data/shared/Qwen/mydisk/output/SYNTHETIC/NVILA-Lite-2B-SYNTHETIC_MIX_5PCT_2M-20260226_023301/checkpoint-6250,obj2_farther,output/phasevar_5/0003_phA10_phB02.png,Is the blue sphere farther from the camera than the black sphere? Answer with yes or no.,No,Yes,22.109375,20.890625,False
/data/shared/Qwen/mydisk/output/SYNTHETIC/NVILA-Lite-2B-SYNTHETIC_MIX_5PCT_2M-20260226_023301/checkpoint-6250,obj2_farther,output/phasevar_5/0003_phA10_phB03.png,Is the blue sphere farther from the camera than the black sphere? Answer with yes or no.,No,Yes,20.875,20.328125,False
/data/shared/Qwen/mydisk/output/SYNTHETIC/NVILA-Lite-2B-SYNTHETIC_MIX_5PCT_2M-20260226_023301/checkpoint-6250,obj2_farther,output/phasevar_5/0003_phA10_phB04.png,Is the blue sphere farther from the camera than the black sphere? Answer with yes or no.,No,Yes,20.484375,19.953125,False
/data/shared/Qwen/mydisk/output/SYNTHETIC/NVILA-Lite-2B-SYNTHETIC_MIX_5PCT_2M-20260226_023301/checkpoint-6250,obj2_farther,output/phasevar_5/0003_phA10_phB05.png,Is the blue sphere farther from the camera than the black sphere? Answer with yes or no.,No,Yes,20.078125,19.578125,False
/data/shared/Qwen/mydisk/output/SYNTHETIC/NVILA-Lite-2B-SYNTHETIC_MIX_5PCT_2M-20260226_023301/checkpoint-6250,obj2_farther,output/phasevar_5/0003_phA10_phB06.png,Is the blue sphere farther from the camera than the black sphere? Answer with yes or no.,No,Yes,20.40625,20.15625,False
/data/shared/Qwen/mydisk/output/SYNTHETIC/NVILA-Lite-2B-SYNTHETIC_MIX_5PCT_2M-20260226_023301/checkpoint-6250,obj2_farther,output/phasevar_5/0003_phA10_phB07.png,Is the blue sphere farther from the camera than the black sphere? Answer with yes or no.,No,Yes,20.296875,19.9375,False
/data/shared/Qwen/mydisk/output/SYNTHETIC/NVILA-Lite-2B-SYNTHETIC_MIX_5PCT_2M-20260226_023301/checkpoint-6250,obj2_farther,output/phasevar_5/0003_phA10_phB08.png,Is the blue sphere farther from the camera than the black sphere? Answer with yes or no.,No,Yes,20.5625,20.34375,False
/data/shared/Qwen/mydisk/output/SYNTHETIC/NVILA-Lite-2B-SYNTHETIC_MIX_5PCT_2M-20260226_023301/checkpoint-6250,obj2_farther,output/phasevar_5/0003_phA10_phB09.png,Is the blue sphere farther from the camera than the black sphere? Answer with yes or no.,No,No,20.0625,20.59375,True
/data/shared/Qwen/mydisk/output/SYNTHETIC/NVILA-Lite-2B-SYNTHETIC_MIX_5PCT_2M-20260226_023301/checkpoint-6250,obj2_farther,output/phasevar_5/0003_phA10_phB10.png,Is the blue sphere farther from the camera than the black sphere? Answer with yes or no.,No,No,19.453125,20.203125,True
/data/shared/Qwen/mydisk/output/SYNTHETIC/NVILA-Lite-2B-SYNTHETIC_MIX_5PCT_2M-20260226_023301/checkpoint-6250,obj2_farther,output/phasevar_5/0003_phA10_phB11.png,Is the blue sphere farther from the camera than the black sphere? Answer with yes or no.,No,No,19.15625,20.4375,True
/data/shared/Qwen/mydisk/output/SYNTHETIC/NVILA-Lite-2B-SYNTHETIC_MIX_5PCT_2M-20260226_023301/checkpoint-6250,obj2_farther,output/phasevar_5/0003_phA10_phB12.png,Is the blue sphere farther from the camera than the black sphere? Answer with yes or no.,No,No,19.0625,20.609375,True
/data/shared/Qwen/mydisk/output/SYNTHETIC/NVILA-Lite-2B-SYNTHETIC_MIX_5PCT_2M-20260226_023301/checkpoint-6250,obj2_farther,output/phasevar_5/0003_phA10_phB13.png,Is the blue sphere farther from the camera than the black sphere? Answer with yes or no.,No,No,19.125,20.296875,True
/data/shared/Qwen/mydisk/output/SYNTHETIC/NVILA-Lite-2B-SYNTHETIC_MIX_5PCT_2M-20260226_023301/checkpoint-6250,obj2_farther,output/phasevar_5/0003_phA10_phB14.png,Is the blue sphere farther from the camera than the black sphere? Answer with yes or no.,No,No,20.40625,20.96875,True
/data/shared/Qwen/mydisk/output/SYNTHETIC/NVILA-Lite-2B-SYNTHETIC_MIX_5PCT_2M-20260226_023301/checkpoint-6250,obj2_farther,output/phasevar_5/0003_phA10_phB15.png,Is the blue sphere farther from the camera than the black sphere? Answer with yes or no.,No,No,20.375,21.03125,True
/data/shared/Qwen/mydisk/output/SYNTHETIC/NVILA-Lite-2B-SYNTHETIC_MIX_5PCT_2M-20260226_023301/checkpoint-6250,obj2_farther,output/phasevar_5/0003_phA11_phB00.png,Is the blue sphere farther from the camera than the black sphere? Answer with yes or no.,No,Yes,21.296875,21.125,False
/data/shared/Qwen/mydisk/output/SYNTHETIC/NVILA-Lite-2B-SYNTHETIC_MIX_5PCT_2M-20260226_023301/checkpoint-6250,obj2_farther,output/phasevar_5/0003_phA11_phB01.png,Is the blue sphere farther from the camera than the black sphere? Answer with yes or no.,No,Yes,21.546875,20.953125,False
/data/shared/Qwen/mydisk/output/SYNTHETIC/NVILA-Lite-2B-SYNTHETIC_MIX_5PCT_2M-20260226_023301/checkpoint-6250,obj2_farther,output/phasevar_5/0003_phA11_phB02.png,Is the blue sphere farther from the camera than the black sphere? Answer with yes or no.,No,Yes,22.0,20.84375,False
/data/shared/Qwen/mydisk/output/SYNTHETIC/NVILA-Lite-2B-SYNTHETIC_MIX_5PCT_2M-20260226_023301/checkpoint-6250,obj2_farther,output/phasevar_5/0003_phA11_phB03.png,Is the blue sphere farther from the camera than the black sphere? Answer with yes or no.,No,Yes,21.03125,20.640625,False
/data/shared/Qwen/mydisk/output/SYNTHETIC/NVILA-Lite-2B-SYNTHETIC_MIX_5PCT_2M-20260226_023301/checkpoint-6250,obj2_farther,output/phasevar_5/0003_phA11_phB04.png,Is the blue sphere farther from the camera than the black sphere? Answer with yes or no.,No,Yes,20.390625,20.078125,False
/data/shared/Qwen/mydisk/output/SYNTHETIC/NVILA-Lite-2B-SYNTHETIC_MIX_5PCT_2M-20260226_023301/checkpoint-6250,obj2_farther,output/phasevar_5/0003_phA11_phB05.png,Is the blue sphere farther from the camera than the black sphere? Answer with yes or no.,No,Yes,20.234375,19.8125,False
/data/shared/Qwen/mydisk/output/SYNTHETIC/NVILA-Lite-2B-SYNTHETIC_MIX_5PCT_2M-20260226_023301/checkpoint-6250,obj2_farther,output/phasevar_5/0003_phA11_phB06.png,Is the blue sphere farther from the camera than the black sphere? Answer with yes or no.,No,Yes,20.359375,19.984375,False
/data/shared/Qwen/mydisk/output/SYNTHETIC/NVILA-Lite-2B-SYNTHETIC_MIX_5PCT_2M-20260226_023301/checkpoint-6250,obj2_farther,output/phasevar_5/0003_phA11_phB07.png,Is the blue sphere farther from the camera than the black sphere? Answer with yes or no.,No,Yes,20.265625,19.859375,False
/data/shared/Qwen/mydisk/output/SYNTHETIC/NVILA-Lite-2B-SYNTHETIC_MIX_5PCT_2M-20260226_023301/checkpoint-6250,obj2_farther,output/phasevar_5/0003_phA11_phB08.png,Is the blue sphere farther from the camera than the black sphere? Answer with yes or no.,No,Yes,20.578125,20.5,False
/data/shared/Qwen/mydisk/output/SYNTHETIC/NVILA-Lite-2B-SYNTHETIC_MIX_5PCT_2M-20260226_023301/checkpoint-6250,obj2_farther,output/phasevar_5/0003_phA11_phB09.png,Is the blue sphere farther from the camera than the black sphere? Answer with yes or no.,No,No,20.03125,20.53125,True
/data/shared/Qwen/mydisk/output/SYNTHETIC/NVILA-Lite-2B-SYNTHETIC_MIX_5PCT_2M-20260226_023301/checkpoint-6250,obj2_farther,output/phasevar_5/0003_phA11_phB10.png,Is the blue sphere farther from the camera than the black sphere? Answer with yes or no.,No,No,19.59375,20.3125,True
/data/shared/Qwen/mydisk/output/SYNTHETIC/NVILA-Lite-2B-SYNTHETIC_MIX_5PCT_2M-20260226_023301/checkpoint-6250,obj2_farther,output/phasevar_5/0003_phA11_phB11.png,Is the blue sphere farther from the camera than the black sphere? Answer with yes or no.,No,No,19.09375,20.46875,True
/data/shared/Qwen/mydisk/output/SYNTHETIC/NVILA-Lite-2B-SYNTHETIC_MIX_5PCT_2M-20260226_023301/checkpoint-6250,obj2_farther,output/phasevar_5/0003_phA11_phB12.png,Is the blue sphere farther from the camera than the black sphere? Answer with yes or no.,No,No,19.21875,20.859375,True
/data/shared/Qwen/mydisk/output/SYNTHETIC/NVILA-Lite-2B-SYNTHETIC_MIX_5PCT_2M-20260226_023301/checkpoint-6250,obj2_farther,output/phasevar_5/0003_phA11_phB13.png,Is the blue sphere farther from the camera than the black sphere? Answer with yes or no.,No,No,19.203125,20.4375,True
/data/shared/Qwen/mydisk/output/SYNTHETIC/NVILA-Lite-2B-SYNTHETIC_MIX_5PCT_2M-20260226_023301/checkpoint-6250,obj2_farther,output/phasevar_5/0003_phA11_phB14.png,Is the blue sphere farther from the camera than the black sphere? Answer with yes or no.,No,No,20.4375,21.09375,True
/data/shared/Qwen/mydisk/output/SYNTHETIC/NVILA-Lite-2B-SYNTHETIC_MIX_5PCT_2M-20260226_023301/checkpoint-6250,obj2_farther,output/phasevar_5/0003_phA11_phB15.png,Is the blue sphere farther from the camera than the black sphere? Answer with yes or no.,No,No,20.484375,21.0,True
/data/shared/Qwen/mydisk/output/SYNTHETIC/NVILA-Lite-2B-SYNTHETIC_MIX_5PCT_2M-20260226_023301/checkpoint-6250,obj2_farther,output/phasevar_5/0003_phA12_phB00.png,Is the blue sphere farther from the camera than the black sphere? Answer with yes or no.,No,Yes,20.859375,20.609375,False
/data/shared/Qwen/mydisk/output/SYNTHETIC/NVILA-Lite-2B-SYNTHETIC_MIX_5PCT_2M-20260226_023301/checkpoint-6250,obj2_farther,output/phasevar_5/0003_phA12_phB01.png,Is the blue sphere farther from the camera than the black sphere? Answer with yes or no.,No,Yes,21.40625,20.625,False
/data/shared/Qwen/mydisk/output/SYNTHETIC/NVILA-Lite-2B-SYNTHETIC_MIX_5PCT_2M-20260226_023301/checkpoint-6250,obj2_farther,output/phasevar_5/0003_phA12_phB02.png,Is the blue sphere farther from the camera than the black sphere? Answer with yes or no.,No,Yes,21.875,20.625,False
/data/shared/Qwen/mydisk/output/SYNTHETIC/NVILA-Lite-2B-SYNTHETIC_MIX_5PCT_2M-20260226_023301/checkpoint-6250,obj2_farther,output/phasevar_5/0003_phA12_phB03.png,Is the blue sphere farther from the camera than the black sphere? Answer with yes or no.,No,Yes,21.015625,20.453125,False
/data/shared/Qwen/mydisk/output/SYNTHETIC/NVILA-Lite-2B-SYNTHETIC_MIX_5PCT_2M-20260226_023301/checkpoint-6250,obj2_farther,output/phasevar_5/0003_phA12_phB04.png,Is the blue sphere farther from the camera than the black sphere? Answer with yes or no.,No,Yes,20.359375,19.96875,False
/data/shared/Qwen/mydisk/output/SYNTHETIC/NVILA-Lite-2B-SYNTHETIC_MIX_5PCT_2M-20260226_023301/checkpoint-6250,obj2_farther,output/phasevar_5/0003_phA12_phB05.png,Is the blue sphere farther from the camera than the black sphere? Answer with yes or no.,No,Yes,20.140625,19.59375,False
/data/shared/Qwen/mydisk/output/SYNTHETIC/NVILA-Lite-2B-SYNTHETIC_MIX_5PCT_2M-20260226_023301/checkpoint-6250,obj2_farther,output/phasevar_5/0003_phA12_phB06.png,Is the blue sphere farther from the camera than the black sphere? Answer with yes or no.,No,Yes,20.28125,19.71875,False
/data/shared/Qwen/mydisk/output/SYNTHETIC/NVILA-Lite-2B-SYNTHETIC_MIX_5PCT_2M-20260226_023301/checkpoint-6250,obj2_farther,output/phasevar_5/0003_phA12_phB07.png,Is the blue sphere farther from the camera than the black sphere? Answer with yes or no.,No,Yes,20.046875,19.6875,False
/data/shared/Qwen/mydisk/output/SYNTHETIC/NVILA-Lite-2B-SYNTHETIC_MIX_5PCT_2M-20260226_023301/checkpoint-6250,obj2_farther,output/phasevar_5/0003_phA12_phB08.png,Is the blue sphere farther from the camera than the black sphere? Answer with yes or no.,No,No,20.171875,20.171875,True
/data/shared/Qwen/mydisk/output/SYNTHETIC/NVILA-Lite-2B-SYNTHETIC_MIX_5PCT_2M-20260226_023301/checkpoint-6250,obj2_farther,output/phasevar_5/0003_phA12_phB09.png,Is the blue sphere farther from the camera than the black sphere? Answer with yes or no.,No,No,19.796875,20.21875,True
/data/shared/Qwen/mydisk/output/SYNTHETIC/NVILA-Lite-2B-SYNTHETIC_MIX_5PCT_2M-20260226_023301/checkpoint-6250,obj2_farther,output/phasevar_5/0003_phA12_phB10.png,Is the blue sphere farther from the camera than the black sphere? Answer with yes or no.,No,No,19.5,20.140625,True
/data/shared/Qwen/mydisk/output/SYNTHETIC/NVILA-Lite-2B-SYNTHETIC_MIX_5PCT_2M-20260226_023301/checkpoint-6250,obj2_farther,output/phasevar_5/0003_phA12_phB11.png,Is the blue sphere farther from the camera than the black sphere? Answer with yes or no.,No,No,19.03125,20.265625,True
/data/shared/Qwen/mydisk/output/SYNTHETIC/NVILA-Lite-2B-SYNTHETIC_MIX_5PCT_2M-20260226_023301/checkpoint-6250,obj2_farther,output/phasevar_5/0003_phA12_phB12.png,Is the blue sphere farther from the camera than the black sphere? Answer with yes or no.,No,No,19.21875,20.65625,True
/data/shared/Qwen/mydisk/output/SYNTHETIC/NVILA-Lite-2B-SYNTHETIC_MIX_5PCT_2M-20260226_023301/checkpoint-6250,obj2_farther,output/phasevar_5/0003_phA12_phB13.png,Is the blue sphere farther from the camera than the black sphere? Answer with yes or no.,No,No,19.15625,20.21875,True
/data/shared/Qwen/mydisk/output/SYNTHETIC/NVILA-Lite-2B-SYNTHETIC_MIX_5PCT_2M-20260226_023301/checkpoint-6250,obj2_farther,output/phasevar_5/0003_phA12_phB14.png,Is the blue sphere farther from the camera than the black sphere? Answer with yes or no.,No,No,20.265625,20.796875,True
/data/shared/Qwen/mydisk/output/SYNTHETIC/NVILA-Lite-2B-SYNTHETIC_MIX_5PCT_2M-20260226_023301/checkpoint-6250,obj2_farther,output/phasevar_5/0003_phA12_phB15.png,Is the blue sphere farther from the camera than the black sphere? Answer with yes or no.,No,No,20.359375,20.71875,True
/data/shared/Qwen/mydisk/output/SYNTHETIC/NVILA-Lite-2B-SYNTHETIC_MIX_5PCT_2M-20260226_023301/checkpoint-6250,obj2_farther,output/phasevar_5/0003_phA13_phB00.png,Is the blue sphere farther from the camera than the black sphere? Answer with yes or no.,No,No,20.8125,20.84375,True
/data/shared/Qwen/mydisk/output/SYNTHETIC/NVILA-Lite-2B-SYNTHETIC_MIX_5PCT_2M-20260226_023301/checkpoint-6250,obj2_farther,output/phasevar_5/0003_phA13_phB01.png,Is the blue sphere farther from the camera than the black sphere? Answer with yes or no.,No,Yes,21.40625,20.890625,False
/data/shared/Qwen/mydisk/output/SYNTHETIC/NVILA-Lite-2B-SYNTHETIC_MIX_5PCT_2M-20260226_023301/checkpoint-6250,obj2_farther,output/phasevar_5/0003_phA13_phB02.png,Is the blue sphere farther from the camera than the black sphere? Answer with yes or no.,No,Yes,21.515625,20.78125,False
/data/shared/Qwen/mydisk/output/SYNTHETIC/NVILA-Lite-2B-SYNTHETIC_MIX_5PCT_2M-20260226_023301/checkpoint-6250,obj2_farther,output/phasevar_5/0003_phA13_phB03.png,Is the blue sphere farther from the camera than the black sphere? Answer with yes or no.,No,Yes,20.734375,20.53125,False
/data/shared/Qwen/mydisk/output/SYNTHETIC/NVILA-Lite-2B-SYNTHETIC_MIX_5PCT_2M-20260226_023301/checkpoint-6250,obj2_farther,output/phasevar_5/0003_phA13_phB04.png,Is the blue sphere farther from the camera than the black sphere? Answer with yes or no.,No,Yes,20.328125,20.21875,False
/data/shared/Qwen/mydisk/output/SYNTHETIC/NVILA-Lite-2B-SYNTHETIC_MIX_5PCT_2M-20260226_023301/checkpoint-6250,obj2_farther,output/phasevar_5/0003_phA13_phB05.png,Is the blue sphere farther from the camera than the black sphere? Answer with yes or no.,No,Yes,20.09375,19.90625,False
/data/shared/Qwen/mydisk/output/SYNTHETIC/NVILA-Lite-2B-SYNTHETIC_MIX_5PCT_2M-20260226_023301/checkpoint-6250,obj2_farther,output/phasevar_5/0003_phA13_phB06.png,Is the blue sphere farther from the camera than the black sphere? Answer with yes or no.,No,Yes,20.03125,19.828125,False
/data/shared/Qwen/mydisk/output/SYNTHETIC/NVILA-Lite-2B-SYNTHETIC_MIX_5PCT_2M-20260226_023301/checkpoint-6250,obj2_farther,output/phasevar_5/0003_phA13_phB07.png,Is the blue sphere farther from the camera than the black sphere? Answer with yes or no.,No,Yes,20.0625,20.03125,False
/data/shared/Qwen/mydisk/output/SYNTHETIC/NVILA-Lite-2B-SYNTHETIC_MIX_5PCT_2M-20260226_023301/checkpoint-6250,obj2_farther,output/phasevar_5/0003_phA13_phB08.png,Is the blue sphere farther from the camera than the black sphere? Answer with yes or no.,No,No,20.203125,20.5625,True
/data/shared/Qwen/mydisk/output/SYNTHETIC/NVILA-Lite-2B-SYNTHETIC_MIX_5PCT_2M-20260226_023301/checkpoint-6250,obj2_farther,output/phasevar_5/0003_phA13_phB09.png,Is the blue sphere farther from the camera than the black sphere? Answer with yes or no.,No,No,19.8125,20.484375,True
/data/shared/Qwen/mydisk/output/SYNTHETIC/NVILA-Lite-2B-SYNTHETIC_MIX_5PCT_2M-20260226_023301/checkpoint-6250,obj2_farther,output/phasevar_5/0003_phA13_phB10.png,Is the blue sphere farther from the camera than the black sphere? Answer with yes or no.,No,No,19.703125,20.59375,True
/data/shared/Qwen/mydisk/output/SYNTHETIC/NVILA-Lite-2B-SYNTHETIC_MIX_5PCT_2M-20260226_023301/checkpoint-6250,obj2_farther,output/phasevar_5/0003_phA13_phB11.png,Is the blue sphere farther from the camera than the black sphere? Answer with yes or no.,No,No,19.25,20.78125,True
/data/shared/Qwen/mydisk/output/SYNTHETIC/NVILA-Lite-2B-SYNTHETIC_MIX_5PCT_2M-20260226_023301/checkpoint-6250,obj2_farther,output/phasevar_5/0003_phA13_phB12.png,Is the blue sphere farther from the camera than the black sphere? Answer with yes or no.,No,No,19.390625,21.109375,True
/data/shared/Qwen/mydisk/output/SYNTHETIC/NVILA-Lite-2B-SYNTHETIC_MIX_5PCT_2M-20260226_023301/checkpoint-6250,obj2_farther,output/phasevar_5/0003_phA13_phB13.png,Is the blue sphere farther from the camera than the black sphere? Answer with yes or no.,No,No,19.234375,20.578125,True
/data/shared/Qwen/mydisk/output/SYNTHETIC/NVILA-Lite-2B-SYNTHETIC_MIX_5PCT_2M-20260226_023301/checkpoint-6250,obj2_farther,output/phasevar_5/0003_phA13_phB14.png,Is the blue sphere farther from the camera than the black sphere? Answer with yes or no.,No,No,20.203125,21.078125,True
/data/shared/Qwen/mydisk/output/SYNTHETIC/NVILA-Lite-2B-SYNTHETIC_MIX_5PCT_2M-20260226_023301/checkpoint-6250,obj2_farther,output/phasevar_5/0003_phA13_phB15.png,Is the blue sphere farther from the camera than the black sphere? Answer with yes or no.,No,No,20.3125,20.953125,True
/data/shared/Qwen/mydisk/output/SYNTHETIC/NVILA-Lite-2B-SYNTHETIC_MIX_5PCT_2M-20260226_023301/checkpoint-6250,obj2_farther,output/phasevar_5/0003_phA14_phB00.png,Is the blue sphere farther from the camera than the black sphere? Answer with yes or no.,No,No,20.890625,21.109375,True
/data/shared/Qwen/mydisk/output/SYNTHETIC/NVILA-Lite-2B-SYNTHETIC_MIX_5PCT_2M-20260226_023301/checkpoint-6250,obj2_farther,output/phasevar_5/0003_phA14_phB01.png,Is the blue sphere farther from the camera than the black sphere? Answer with yes or no.,No,Yes,21.34375,21.3125,False
/data/shared/Qwen/mydisk/output/SYNTHETIC/NVILA-Lite-2B-SYNTHETIC_MIX_5PCT_2M-20260226_023301/checkpoint-6250,obj2_farther,output/phasevar_5/0003_phA14_phB02.png,Is the blue sphere farther from the camera than the black sphere? Answer with yes or no.,No,Yes,21.21875,20.984375,False
/data/shared/Qwen/mydisk/output/SYNTHETIC/NVILA-Lite-2B-SYNTHETIC_MIX_5PCT_2M-20260226_023301/checkpoint-6250,obj2_farther,output/phasevar_5/0003_phA14_phB03.png,Is the blue sphere farther from the camera than the black sphere? Answer with yes or no.,No,No,20.34375,20.6875,True
/data/shared/Qwen/mydisk/output/SYNTHETIC/NVILA-Lite-2B-SYNTHETIC_MIX_5PCT_2M-20260226_023301/checkpoint-6250,obj2_farther,output/phasevar_5/0003_phA14_phB04.png,Is the blue sphere farther from the camera than the black sphere? Answer with yes or no.,No,No,20.109375,20.5,True
/data/shared/Qwen/mydisk/output/SYNTHETIC/NVILA-Lite-2B-SYNTHETIC_MIX_5PCT_2M-20260226_023301/checkpoint-6250,obj2_farther,output/phasevar_5/0003_phA14_phB05.png,Is the blue sphere farther from the camera than the black sphere? Answer with yes or no.,No,No,20.15625,20.28125,True
/data/shared/Qwen/mydisk/output/SYNTHETIC/NVILA-Lite-2B-SYNTHETIC_MIX_5PCT_2M-20260226_023301/checkpoint-6250,obj2_farther,output/phasevar_5/0003_phA14_phB06.png,Is the blue sphere farther from the camera than the black sphere? Answer with yes or no.,No,No,20.125,20.4375,True
/data/shared/Qwen/mydisk/output/SYNTHETIC/NVILA-Lite-2B-SYNTHETIC_MIX_5PCT_2M-20260226_023301/checkpoint-6250,obj2_farther,output/phasevar_5/0003_phA14_phB07.png,Is the blue sphere farther from the camera than the black sphere? Answer with yes or no.,No,No,20.4375,20.890625,True
/data/shared/Qwen/mydisk/output/SYNTHETIC/NVILA-Lite-2B-SYNTHETIC_MIX_5PCT_2M-20260226_023301/checkpoint-6250,obj2_farther,output/phasevar_5/0003_phA14_phB08.png,Is the blue sphere farther from the camera than the black sphere? Answer with yes or no.,No,No,20.578125,21.34375,True
/data/shared/Qwen/mydisk/output/SYNTHETIC/NVILA-Lite-2B-SYNTHETIC_MIX_5PCT_2M-20260226_023301/checkpoint-6250,obj2_farther,output/phasevar_5/0003_phA14_phB09.png,Is the blue sphere farther from the camera than the black sphere? Answer with yes or no.,No,No,20.3125,21.28125,True
/data/shared/Qwen/mydisk/output/SYNTHETIC/NVILA-Lite-2B-SYNTHETIC_MIX_5PCT_2M-20260226_023301/checkpoint-6250,obj2_farther,output/phasevar_5/0003_phA14_phB10.png,Is the blue sphere farther from the camera than the black sphere? Answer with yes or no.,No,No,20.03125,21.0,True
/data/shared/Qwen/mydisk/output/SYNTHETIC/NVILA-Lite-2B-SYNTHETIC_MIX_5PCT_2M-20260226_023301/checkpoint-6250,obj2_farther,output/phasevar_5/0003_phA14_phB11.png,Is the blue sphere farther from the camera than the black sphere? Answer with yes or no.,No,No,19.59375,21.265625,True
/data/shared/Qwen/mydisk/output/SYNTHETIC/NVILA-Lite-2B-SYNTHETIC_MIX_5PCT_2M-20260226_023301/checkpoint-6250,obj2_farther,output/phasevar_5/0003_phA14_phB12.png,Is the blue sphere farther from the camera than the black sphere? Answer with yes or no.,No,No,19.515625,21.328125,True
/data/shared/Qwen/mydisk/output/SYNTHETIC/NVILA-Lite-2B-SYNTHETIC_MIX_5PCT_2M-20260226_023301/checkpoint-6250,obj2_farther,output/phasevar_5/0003_phA14_phB13.png,Is the blue sphere farther from the camera than the black sphere? Answer with yes or no.,No,No,19.484375,21.109375,True
/data/shared/Qwen/mydisk/output/SYNTHETIC/NVILA-Lite-2B-SYNTHETIC_MIX_5PCT_2M-20260226_023301/checkpoint-6250,obj2_farther,output/phasevar_5/0003_phA14_phB14.png,Is the blue sphere farther from the camera than the black sphere? Answer with yes or no.,No,No,19.984375,21.140625,True
/data/shared/Qwen/mydisk/output/SYNTHETIC/NVILA-Lite-2B-SYNTHETIC_MIX_5PCT_2M-20260226_023301/checkpoint-6250,obj2_farther,output/phasevar_5/0003_phA14_phB15.png,Is the blue sphere farther from the camera than the black sphere? Answer with yes or no.,No,No,20.1875,21.171875,True
/data/shared/Qwen/mydisk/output/SYNTHETIC/NVILA-Lite-2B-SYNTHETIC_MIX_5PCT_2M-20260226_023301/checkpoint-6250,obj2_farther,output/phasevar_5/0003_phA15_phB00.png,Is the blue sphere farther from the camera than the black sphere? Answer with yes or no.,No,No,20.171875,20.828125,True
/data/shared/Qwen/mydisk/output/SYNTHETIC/NVILA-Lite-2B-SYNTHETIC_MIX_5PCT_2M-20260226_023301/checkpoint-6250,obj2_farther,output/phasevar_5/0003_phA15_phB01.png,Is the blue sphere farther from the camera than the black sphere? Answer with yes or no.,No,No,21.046875,21.1875,True
/data/shared/Qwen/mydisk/output/SYNTHETIC/NVILA-Lite-2B-SYNTHETIC_MIX_5PCT_2M-20260226_023301/checkpoint-6250,obj2_farther,output/phasevar_5/0003_phA15_phB02.png,Is the blue sphere farther from the camera than the black sphere? Answer with yes or no.,No,Yes,21.046875,20.875,False
/data/shared/Qwen/mydisk/output/SYNTHETIC/NVILA-Lite-2B-SYNTHETIC_MIX_5PCT_2M-20260226_023301/checkpoint-6250,obj2_farther,output/phasevar_5/0003_phA15_phB03.png,Is the blue sphere farther from the camera than the black sphere? Answer with yes or no.,No,No,20.109375,20.515625,True
/data/shared/Qwen/mydisk/output/SYNTHETIC/NVILA-Lite-2B-SYNTHETIC_MIX_5PCT_2M-20260226_023301/checkpoint-6250,obj2_farther,output/phasevar_5/0003_phA15_phB04.png,Is the blue sphere farther from the camera than the black sphere? Answer with yes or no.,No,No,19.765625,20.390625,True
/data/shared/Qwen/mydisk/output/SYNTHETIC/NVILA-Lite-2B-SYNTHETIC_MIX_5PCT_2M-20260226_023301/checkpoint-6250,obj2_farther,output/phasevar_5/0003_phA15_phB05.png,Is the blue sphere farther from the camera than the black sphere? Answer with yes or no.,No,No,19.90625,20.234375,True
/data/shared/Qwen/mydisk/output/SYNTHETIC/NVILA-Lite-2B-SYNTHETIC_MIX_5PCT_2M-20260226_023301/checkpoint-6250,obj2_farther,output/phasevar_5/0003_phA15_phB06.png,Is the blue sphere farther from the camera than the black sphere? Answer with yes or no.,No,No,19.953125,20.25,True
/data/shared/Qwen/mydisk/output/SYNTHETIC/NVILA-Lite-2B-SYNTHETIC_MIX_5PCT_2M-20260226_023301/checkpoint-6250,obj2_farther,output/phasevar_5/0003_phA15_phB07.png,Is the blue sphere farther from the camera than the black sphere? Answer with yes or no.,No,No,20.0625,20.640625,True
/data/shared/Qwen/mydisk/output/SYNTHETIC/NVILA-Lite-2B-SYNTHETIC_MIX_5PCT_2M-20260226_023301/checkpoint-6250,obj2_farther,output/phasevar_5/0003_phA15_phB08.png,Is the blue sphere farther from the camera than the black sphere? Answer with yes or no.,No,No,20.15625,21.09375,True
/data/shared/Qwen/mydisk/output/SYNTHETIC/NVILA-Lite-2B-SYNTHETIC_MIX_5PCT_2M-20260226_023301/checkpoint-6250,obj2_farther,output/phasevar_5/0003_phA15_phB09.png,Is the blue sphere farther from the camera than the black sphere? Answer with yes or no.,No,No,20.15625,21.40625,True
/data/shared/Qwen/mydisk/output/SYNTHETIC/NVILA-Lite-2B-SYNTHETIC_MIX_5PCT_2M-20260226_023301/checkpoint-6250,obj2_farther,output/phasevar_5/0003_phA15_phB10.png,Is the blue sphere farther from the camera than the black sphere? Answer with yes or no.,No,No,20.0625,21.046875,True
/data/shared/Qwen/mydisk/output/SYNTHETIC/NVILA-Lite-2B-SYNTHETIC_MIX_5PCT_2M-20260226_023301/checkpoint-6250,obj2_farther,output/phasevar_5/0003_phA15_phB11.png,Is the blue sphere farther from the camera than the black sphere? Answer with yes or no.,No,No,19.59375,21.25,True
/data/shared/Qwen/mydisk/output/SYNTHETIC/NVILA-Lite-2B-SYNTHETIC_MIX_5PCT_2M-20260226_023301/checkpoint-6250,obj2_farther,output/phasevar_5/0003_phA15_phB12.png,Is the blue sphere farther from the camera than the black sphere? Answer with yes or no.,No,No,19.765625,21.5625,True
/data/shared/Qwen/mydisk/output/SYNTHETIC/NVILA-Lite-2B-SYNTHETIC_MIX_5PCT_2M-20260226_023301/checkpoint-6250,obj2_farther,output/phasevar_5/0003_phA15_phB13.png,Is the blue sphere farther from the camera than the black sphere? Answer with yes or no.,No,No,19.96875,21.625,True
/data/shared/Qwen/mydisk/output/SYNTHETIC/NVILA-Lite-2B-SYNTHETIC_MIX_5PCT_2M-20260226_023301/checkpoint-6250,obj2_farther,output/phasevar_5/0003_phA15_phB14.png,Is the blue sphere farther from the camera than the black sphere? Answer with yes or no.,No,No,19.9375,21.34375,True
/data/shared/Qwen/mydisk/output/SYNTHETIC/NVILA-Lite-2B-SYNTHETIC_MIX_5PCT_2M-20260226_023301/checkpoint-6250,obj2_farther,output/phasevar_5/0003_phA15_phB15.png,Is the blue sphere farther from the camera than the black sphere? Answer with yes or no.,No,No,20.046875,21.421875,True
/data/shared/Qwen/mydisk/output/SYNTHETIC/NVILA-Lite-2B-SYNTHETIC_MIX_5PCT_2M-20260226_023301/checkpoint-6250,obj2_farther,output/phasevar_5/0004_phA00_phB00.png,Is the magenta sphere farther from the camera than the red cube? Answer with yes or no.,No,No,20.609375,21.90625,True
/data/shared/Qwen/mydisk/output/SYNTHETIC/NVILA-Lite-2B-SYNTHETIC_MIX_5PCT_2M-20260226_023301/checkpoint-6250,obj2_farther,output/phasevar_5/0004_phA00_phB01.png,Is the magenta sphere farther from the camera than the red cube? Answer with yes or no.,No,No,21.328125,21.921875,True
/data/shared/Qwen/mydisk/output/SYNTHETIC/NVILA-Lite-2B-SYNTHETIC_MIX_5PCT_2M-20260226_023301/checkpoint-6250,obj2_farther,output/phasevar_5/0004_phA00_phB02.png,Is the magenta sphere farther from the camera than the red cube? Answer with yes or no.,No,Yes,21.8125,21.421875,False
/data/shared/Qwen/mydisk/output/SYNTHETIC/NVILA-Lite-2B-SYNTHETIC_MIX_5PCT_2M-20260226_023301/checkpoint-6250,obj2_farther,output/phasevar_5/0004_phA00_phB03.png,Is the magenta sphere farther from the camera than the red cube? Answer with yes or no.,No,No,20.265625,20.734375,True
/data/shared/Qwen/mydisk/output/SYNTHETIC/NVILA-Lite-2B-SYNTHETIC_MIX_5PCT_2M-20260226_023301/checkpoint-6250,obj2_farther,output/phasevar_5/0004_phA00_phB04.png,Is the magenta sphere farther from the camera than the red cube? Answer with yes or no.,No,No,19.765625,20.71875,True
/data/shared/Qwen/mydisk/output/SYNTHETIC/NVILA-Lite-2B-SYNTHETIC_MIX_5PCT_2M-20260226_023301/checkpoint-6250,obj2_farther,output/phasevar_5/0004_phA00_phB05.png,Is the magenta sphere farther from the camera than the red cube? Answer with yes or no.,No,No,20.21875,20.78125,True
/data/shared/Qwen/mydisk/output/SYNTHETIC/NVILA-Lite-2B-SYNTHETIC_MIX_5PCT_2M-20260226_023301/checkpoint-6250,obj2_farther,output/phasevar_5/0004_phA00_phB06.png,Is the magenta sphere farther from the camera than the red cube? Answer with yes or no.,No,Yes,21.09375,21.03125,False
/data/shared/Qwen/mydisk/output/SYNTHETIC/NVILA-Lite-2B-SYNTHETIC_MIX_5PCT_2M-20260226_023301/checkpoint-6250,obj2_farther,output/phasevar_5/0004_phA00_phB07.png,Is the magenta sphere farther from the camera than the red cube? Answer with yes or no.,No,No,21.0,21.671875,True
/data/shared/Qwen/mydisk/output/SYNTHETIC/NVILA-Lite-2B-SYNTHETIC_MIX_5PCT_2M-20260226_023301/checkpoint-6250,obj2_farther,output/phasevar_5/0004_phA00_phB08.png,Is the magenta sphere farther from the camera than the red cube? Answer with yes or no.,No,No,21.25,22.28125,True
/data/shared/Qwen/mydisk/output/SYNTHETIC/NVILA-Lite-2B-SYNTHETIC_MIX_5PCT_2M-20260226_023301/checkpoint-6250,obj2_farther,output/phasevar_5/0004_phA00_phB09.png,Is the magenta sphere farther from the camera than the red cube? Answer with yes or no.,No,No,21.375,22.5625,True
/data/shared/Qwen/mydisk/output/SYNTHETIC/NVILA-Lite-2B-SYNTHETIC_MIX_5PCT_2M-20260226_023301/checkpoint-6250,obj2_farther,output/phasevar_5/0004_phA00_phB10.png,Is the magenta sphere farther from the camera than the red cube? Answer with yes or no.,No,No,20.96875,22.609375,True
/data/shared/Qwen/mydisk/output/SYNTHETIC/NVILA-Lite-2B-SYNTHETIC_MIX_5PCT_2M-20260226_023301/checkpoint-6250,obj2_farther,output/phasevar_5/0004_phA00_phB11.png,Is the magenta sphere farther from the camera than the red cube? Answer with yes or no.,No,No,20.40625,22.375,True
/data/shared/Qwen/mydisk/output/SYNTHETIC/NVILA-Lite-2B-SYNTHETIC_MIX_5PCT_2M-20260226_023301/checkpoint-6250,obj2_farther,output/phasevar_5/0004_phA00_phB12.png,Is the magenta sphere farther from the camera than the red cube? Answer with yes or no.,No,No,19.921875,21.90625,True
/data/shared/Qwen/mydisk/output/SYNTHETIC/NVILA-Lite-2B-SYNTHETIC_MIX_5PCT_2M-20260226_023301/checkpoint-6250,obj2_farther,output/phasevar_5/0004_phA00_phB13.png,Is the magenta sphere farther from the camera than the red cube? Answer with yes or no.,No,No,20.125,22.09375,True
/data/shared/Qwen/mydisk/output/SYNTHETIC/NVILA-Lite-2B-SYNTHETIC_MIX_5PCT_2M-20260226_023301/checkpoint-6250,obj2_farther,output/phasevar_5/0004_phA00_phB14.png,Is the magenta sphere farther from the camera than the red cube? Answer with yes or no.,No,No,20.6875,22.859375,True
/data/shared/Qwen/mydisk/output/SYNTHETIC/NVILA-Lite-2B-SYNTHETIC_MIX_5PCT_2M-20260226_023301/checkpoint-6250,obj2_farther,output/phasevar_5/0004_phA00_phB15.png,Is the magenta sphere farther from the camera than the red cube? Answer with yes or no.,No,No,21.234375,22.890625,True
/data/shared/Qwen/mydisk/output/SYNTHETIC/NVILA-Lite-2B-SYNTHETIC_MIX_5PCT_2M-20260226_023301/checkpoint-6250,obj2_farther,output/phasevar_5/0004_phA01_phB00.png,Is the magenta sphere farther from the camera than the red cube? Answer with yes or no.,No,No,21.046875,22.21875,True
/data/shared/Qwen/mydisk/output/SYNTHETIC/NVILA-Lite-2B-SYNTHETIC_MIX_5PCT_2M-20260226_023301/checkpoint-6250,obj2_farther,output/phasevar_5/0004_phA01_phB01.png,Is the magenta sphere farther from the camera than the red cube? Answer with yes or no.,No,No,21.34375,21.765625,True
/data/shared/Qwen/mydisk/output/SYNTHETIC/NVILA-Lite-2B-SYNTHETIC_MIX_5PCT_2M-20260226_023301/checkpoint-6250,obj2_farther,output/phasevar_5/0004_phA01_phB02.png,Is the magenta sphere farther from the camera than the red cube? Answer with yes or no.,No,Yes,21.828125,21.359375,False
/data/shared/Qwen/mydisk/output/SYNTHETIC/NVILA-Lite-2B-SYNTHETIC_MIX_5PCT_2M-20260226_023301/checkpoint-6250,obj2_farther,output/phasevar_5/0004_phA01_phB03.png,Is the magenta sphere farther from the camera than the red cube? Answer with yes or no.,No,No,20.390625,20.765625,True
/data/shared/Qwen/mydisk/output/SYNTHETIC/NVILA-Lite-2B-SYNTHETIC_MIX_5PCT_2M-20260226_023301/checkpoint-6250,obj2_farther,output/phasevar_5/0004_phA01_phB04.png,Is the magenta sphere farther from the camera than the red cube? Answer with yes or no.,No,No,19.765625,20.8125,True
/data/shared/Qwen/mydisk/output/SYNTHETIC/NVILA-Lite-2B-SYNTHETIC_MIX_5PCT_2M-20260226_023301/checkpoint-6250,obj2_farther,output/phasevar_5/0004_phA01_phB05.png,Is the magenta sphere farther from the camera than the red cube? Answer with yes or no.,No,No,20.171875,20.859375,True
/data/shared/Qwen/mydisk/output/SYNTHETIC/NVILA-Lite-2B-SYNTHETIC_MIX_5PCT_2M-20260226_023301/checkpoint-6250,obj2_farther,output/phasevar_5/0004_phA01_phB06.png,Is the magenta sphere farther from the camera than the red cube? Answer with yes or no.,No,Yes,21.09375,20.984375,False
/data/shared/Qwen/mydisk/output/SYNTHETIC/NVILA-Lite-2B-SYNTHETIC_MIX_5PCT_2M-20260226_023301/checkpoint-6250,obj2_farther,output/phasevar_5/0004_phA01_phB07.png,Is the magenta sphere farther from the camera than the red cube? Answer with yes or no.,No,No,21.15625,21.84375,True
/data/shared/Qwen/mydisk/output/SYNTHETIC/NVILA-Lite-2B-SYNTHETIC_MIX_5PCT_2M-20260226_023301/checkpoint-6250,obj2_farther,output/phasevar_5/0004_phA01_phB08.png,Is the magenta sphere farther from the camera than the red cube? Answer with yes or no.,No,No,21.59375,22.609375,True
/data/shared/Qwen/mydisk/output/SYNTHETIC/NVILA-Lite-2B-SYNTHETIC_MIX_5PCT_2M-20260226_023301/checkpoint-6250,obj2_farther,output/phasevar_5/0004_phA01_phB09.png,Is the magenta sphere farther from the camera than the red cube? Answer with yes or no.,No,No,21.703125,22.765625,True
/data/shared/Qwen/mydisk/output/SYNTHETIC/NVILA-Lite-2B-SYNTHETIC_MIX_5PCT_2M-20260226_023301/checkpoint-6250,obj2_farther,output/phasevar_5/0004_phA01_phB10.png,Is the magenta sphere farther from the camera than the red cube? Answer with yes or no.,No,No,21.28125,22.765625,True
/data/shared/Qwen/mydisk/output/SYNTHETIC/NVILA-Lite-2B-SYNTHETIC_MIX_5PCT_2M-20260226_023301/checkpoint-6250,obj2_farther,output/phasevar_5/0004_phA01_phB11.png,Is the magenta sphere farther from the camera than the red cube? Answer with yes or no.,No,No,20.796875,22.640625,True
/data/shared/Qwen/mydisk/output/SYNTHETIC/NVILA-Lite-2B-SYNTHETIC_MIX_5PCT_2M-20260226_023301/checkpoint-6250,obj2_farther,output/phasevar_5/0004_phA01_phB12.png,Is the magenta sphere farther from the camera than the red cube? Answer with yes or no.,No,No,20.546875,22.171875,True
/data/shared/Qwen/mydisk/output/SYNTHETIC/NVILA-Lite-2B-SYNTHETIC_MIX_5PCT_2M-20260226_023301/checkpoint-6250,obj2_farther,output/phasevar_5/0004_phA01_phB13.png,Is the magenta sphere farther from the camera than the red cube? Answer with yes or no.,No,No,20.546875,22.25,True
/data/shared/Qwen/mydisk/output/SYNTHETIC/NVILA-Lite-2B-SYNTHETIC_MIX_5PCT_2M-20260226_023301/checkpoint-6250,obj2_farther,output/phasevar_5/0004_phA01_phB14.png,Is the magenta sphere farther from the camera than the red cube? Answer with yes or no.,No,No,21.046875,23.0,True
/data/shared/Qwen/mydisk/output/SYNTHETIC/NVILA-Lite-2B-SYNTHETIC_MIX_5PCT_2M-20260226_023301/checkpoint-6250,obj2_farther,output/phasevar_5/0004_phA01_phB15.png,Is the magenta sphere farther from the camera than the red cube? Answer with yes or no.,No,No,21.75,23.046875,True
/data/shared/Qwen/mydisk/output/SYNTHETIC/NVILA-Lite-2B-SYNTHETIC_MIX_5PCT_2M-20260226_023301/checkpoint-6250,obj2_farther,output/phasevar_5/0004_phA02_phB00.png,Is the magenta sphere farther from the camera than the red cube? Answer with yes or no.,No,No,21.578125,22.234375,True
/data/shared/Qwen/mydisk/output/SYNTHETIC/NVILA-Lite-2B-SYNTHETIC_MIX_5PCT_2M-20260226_023301/checkpoint-6250,obj2_farther,output/phasevar_5/0004_phA02_phB01.png,Is the magenta sphere farther from the camera than the red cube? Answer with yes or no.,No,No,21.1875,21.71875,True
/data/shared/Qwen/mydisk/output/SYNTHETIC/NVILA-Lite-2B-SYNTHETIC_MIX_5PCT_2M-20260226_023301/checkpoint-6250,obj2_farther,output/phasevar_5/0004_phA02_phB02.png,Is the magenta sphere farther from the camera than the red cube? Answer with yes or no.,No,Yes,21.96875,21.140625,False
/data/shared/Qwen/mydisk/output/SYNTHETIC/NVILA-Lite-2B-SYNTHETIC_MIX_5PCT_2M-20260226_023301/checkpoint-6250,obj2_farther,output/phasevar_5/0004_phA02_phB03.png,Is the magenta sphere farther from the camera than the red cube? Answer with yes or no.,No,No,20.40625,20.546875,True
/data/shared/Qwen/mydisk/output/SYNTHETIC/NVILA-Lite-2B-SYNTHETIC_MIX_5PCT_2M-20260226_023301/checkpoint-6250,obj2_farther,output/phasevar_5/0004_phA02_phB04.png,Is the magenta sphere farther from the camera than the red cube? Answer with yes or no.,No,No,19.421875,20.359375,True
/data/shared/Qwen/mydisk/output/SYNTHETIC/NVILA-Lite-2B-SYNTHETIC_MIX_5PCT_2M-20260226_023301/checkpoint-6250,obj2_farther,output/phasevar_5/0004_phA02_phB05.png,Is the magenta sphere farther from the camera than the red cube? Answer with yes or no.,No,No,20.0,20.515625,True
/data/shared/Qwen/mydisk/output/SYNTHETIC/NVILA-Lite-2B-SYNTHETIC_MIX_5PCT_2M-20260226_023301/checkpoint-6250,obj2_farther,output/phasevar_5/0004_phA02_phB06.png,Is the magenta sphere farther from the camera than the red cube? Answer with yes or no.,No,Yes,20.96875,20.578125,False
/data/shared/Qwen/mydisk/output/SYNTHETIC/NVILA-Lite-2B-SYNTHETIC_MIX_5PCT_2M-20260226_023301/checkpoint-6250,obj2_farther,output/phasevar_5/0004_phA02_phB07.png,Is the magenta sphere farther from the camera than the red cube? Answer with yes or no.,No,No,21.109375,21.359375,True
/data/shared/Qwen/mydisk/output/SYNTHETIC/NVILA-Lite-2B-SYNTHETIC_MIX_5PCT_2M-20260226_023301/checkpoint-6250,obj2_farther,output/phasevar_5/0004_phA02_phB08.png,Is the magenta sphere farther from the camera than the red cube? Answer with yes or no.,No,No,21.65625,22.09375,True
/data/shared/Qwen/mydisk/output/SYNTHETIC/NVILA-Lite-2B-SYNTHETIC_MIX_5PCT_2M-20260226_023301/checkpoint-6250,obj2_farther,output/phasevar_5/0004_phA02_phB09.png,Is the magenta sphere farther from the camera than the red cube? Answer with yes or no.,No,No,21.921875,22.53125,True
/data/shared/Qwen/mydisk/output/SYNTHETIC/NVILA-Lite-2B-SYNTHETIC_MIX_5PCT_2M-20260226_023301/checkpoint-6250,obj2_farther,output/phasevar_5/0004_phA02_phB10.png,Is the magenta sphere farther from the camera than the red cube? Answer with yes or no.,No,No,21.6875,22.859375,True
/data/shared/Qwen/mydisk/output/SYNTHETIC/NVILA-Lite-2B-SYNTHETIC_MIX_5PCT_2M-20260226_023301/checkpoint-6250,obj2_farther,output/phasevar_5/0004_phA02_phB11.png,Is the magenta sphere farther from the camera than the red cube? Answer with yes or no.,No,No,21.546875,23.03125,True
/data/shared/Qwen/mydisk/output/SYNTHETIC/NVILA-Lite-2B-SYNTHETIC_MIX_5PCT_2M-20260226_023301/checkpoint-6250,obj2_farther,output/phasevar_5/0004_phA02_phB12.png,Is the magenta sphere farther from the camera than the red cube? Answer with yes or no.,No,No,21.15625,22.65625,True
/data/shared/Qwen/mydisk/output/SYNTHETIC/NVILA-Lite-2B-SYNTHETIC_MIX_5PCT_2M-20260226_023301/checkpoint-6250,obj2_farther,output/phasevar_5/0004_phA02_phB13.png,Is the magenta sphere farther from the camera than the red cube? Answer with yes or no.,No,No,21.296875,22.71875,True
/data/shared/Qwen/mydisk/output/SYNTHETIC/NVILA-Lite-2B-SYNTHETIC_MIX_5PCT_2M-20260226_023301/checkpoint-6250,obj2_farther,output/phasevar_5/0004_phA02_phB14.png,Is the magenta sphere farther from the camera than the red cube? Answer with yes or no.,No,No,21.28125,22.9375,True
/data/shared/Qwen/mydisk/output/SYNTHETIC/NVILA-Lite-2B-SYNTHETIC_MIX_5PCT_2M-20260226_023301/checkpoint-6250,obj2_farther,output/phasevar_5/0004_phA02_phB15.png,Is the magenta sphere farther from the camera than the red cube? Answer with yes or no.,No,No,21.875,22.859375,True
/data/shared/Qwen/mydisk/output/SYNTHETIC/NVILA-Lite-2B-SYNTHETIC_MIX_5PCT_2M-20260226_023301/checkpoint-6250,obj2_farther,output/phasevar_5/0004_phA03_phB00.png,Is the magenta sphere farther from the camera than the red cube? Answer with yes or no.,No,No,21.421875,22.28125,True
/data/shared/Qwen/mydisk/output/SYNTHETIC/NVILA-Lite-2B-SYNTHETIC_MIX_5PCT_2M-20260226_023301/checkpoint-6250,obj2_farther,output/phasevar_5/0004_phA03_phB01.png,Is the magenta sphere farther from the camera than the red cube? Answer with yes or no.,No,No,21.078125,21.828125,True
/data/shared/Qwen/mydisk/output/SYNTHETIC/NVILA-Lite-2B-SYNTHETIC_MIX_5PCT_2M-20260226_023301/checkpoint-6250,obj2_farther,output/phasevar_5/0004_phA03_phB02.png,Is the magenta sphere farther from the camera than the red cube? Answer with yes or no.,No,Yes,22.09375,21.203125,False
/data/shared/Qwen/mydisk/output/SYNTHETIC/NVILA-Lite-2B-SYNTHETIC_MIX_5PCT_2M-20260226_023301/checkpoint-6250,obj2_farther,output/phasevar_5/0004_phA03_phB03.png,Is the magenta sphere farther from the camera than the red cube? Answer with yes or no.,No,No,20.609375,20.609375,True
/data/shared/Qwen/mydisk/output/SYNTHETIC/NVILA-Lite-2B-SYNTHETIC_MIX_5PCT_2M-20260226_023301/checkpoint-6250,obj2_farther,output/phasevar_5/0004_phA03_phB04.png,Is the magenta sphere farther from the camera than the red cube? Answer with yes or no.,No,No,19.40625,20.125,True
/data/shared/Qwen/mydisk/output/SYNTHETIC/NVILA-Lite-2B-SYNTHETIC_MIX_5PCT_2M-20260226_023301/checkpoint-6250,obj2_farther,output/phasevar_5/0004_phA03_phB05.png,Is the magenta sphere farther from the camera than the red cube? Answer with yes or no.,No,No,20.046875,20.40625,True
/data/shared/Qwen/mydisk/output/SYNTHETIC/NVILA-Lite-2B-SYNTHETIC_MIX_5PCT_2M-20260226_023301/checkpoint-6250,obj2_farther,output/phasevar_5/0004_phA03_phB06.png,Is the magenta sphere farther from the camera than the red cube? Answer with yes or no.,No,Yes,20.921875,20.375,False
/data/shared/Qwen/mydisk/output/SYNTHETIC/NVILA-Lite-2B-SYNTHETIC_MIX_5PCT_2M-20260226_023301/checkpoint-6250,obj2_farther,output/phasevar_5/0004_phA03_phB07.png,Is the magenta sphere farther from the camera than the red cube? Answer with yes or no.,No,No,20.796875,20.96875,True
/data/shared/Qwen/mydisk/output/SYNTHETIC/NVILA-Lite-2B-SYNTHETIC_MIX_5PCT_2M-20260226_023301/checkpoint-6250,obj2_farther,output/phasevar_5/0004_phA03_phB08.png,Is the magenta sphere farther from the camera than the red cube? Answer with yes or no.,No,No,21.546875,21.859375,True
/data/shared/Qwen/mydisk/output/SYNTHETIC/NVILA-Lite-2B-SYNTHETIC_MIX_5PCT_2M-20260226_023301/checkpoint-6250,obj2_farther,output/phasevar_5/0004_phA03_phB09.png,Is the magenta sphere farther from the camera than the red cube? Answer with yes or no.,No,No,21.84375,22.3125,True
/data/shared/Qwen/mydisk/output/SYNTHETIC/NVILA-Lite-2B-SYNTHETIC_MIX_5PCT_2M-20260226_023301/checkpoint-6250,obj2_farther,output/phasevar_5/0004_phA03_phB10.png,Is the magenta sphere farther from the camera than the red cube? Answer with yes or no.,No,No,21.609375,22.6875,True
/data/shared/Qwen/mydisk/output/SYNTHETIC/NVILA-Lite-2B-SYNTHETIC_MIX_5PCT_2M-20260226_023301/checkpoint-6250,obj2_farther,output/phasevar_5/0004_phA03_phB11.png,Is the magenta sphere farther from the camera than the red cube? Answer with yes or no.,No,No,21.09375,22.703125,True
/data/shared/Qwen/mydisk/output/SYNTHETIC/NVILA-Lite-2B-SYNTHETIC_MIX_5PCT_2M-20260226_023301/checkpoint-6250,obj2_farther,output/phasevar_5/0004_phA03_phB12.png,Is the magenta sphere farther from the camera than the red cube? Answer with yes or no.,No,No,20.703125,22.3125,True
/data/shared/Qwen/mydisk/output/SYNTHETIC/NVILA-Lite-2B-SYNTHETIC_MIX_5PCT_2M-20260226_023301/checkpoint-6250,obj2_farther,output/phasevar_5/0004_phA03_phB13.png,Is the magenta sphere farther from the camera than the red cube? Answer with yes or no.,No,No,20.734375,22.28125,True
/data/shared/Qwen/mydisk/output/SYNTHETIC/NVILA-Lite-2B-SYNTHETIC_MIX_5PCT_2M-20260226_023301/checkpoint-6250,obj2_farther,output/phasevar_5/0004_phA03_phB14.png,Is the magenta sphere farther from the camera than the red cube? Answer with yes or no.,No,No,21.375,23.078125,True
/data/shared/Qwen/mydisk/output/SYNTHETIC/NVILA-Lite-2B-SYNTHETIC_MIX_5PCT_2M-20260226_023301/checkpoint-6250,obj2_farther,output/phasevar_5/0004_phA03_phB15.png,Is the magenta sphere farther from the camera than the red cube? Answer with yes or no.,No,No,21.765625,22.984375,True
/data/shared/Qwen/mydisk/output/SYNTHETIC/NVILA-Lite-2B-SYNTHETIC_MIX_5PCT_2M-20260226_023301/checkpoint-6250,obj2_farther,output/phasevar_5/0004_phA04_phB00.png,Is the magenta sphere farther from the camera than the red cube? Answer with yes or no.,No,No,21.453125,22.328125,True
/data/shared/Qwen/mydisk/output/SYNTHETIC/NVILA-Lite-2B-SYNTHETIC_MIX_5PCT_2M-20260226_023301/checkpoint-6250,obj2_farther,output/phasevar_5/0004_phA04_phB01.png,Is the magenta sphere farther from the camera than the red cube? Answer with yes or no.,No,No,20.890625,21.703125,True
/data/shared/Qwen/mydisk/output/SYNTHETIC/NVILA-Lite-2B-SYNTHETIC_MIX_5PCT_2M-20260226_023301/checkpoint-6250,obj2_farther,output/phasevar_5/0004_phA04_phB02.png,Is the magenta sphere farther from the camera than the red cube? Answer with yes or no.,No,Yes,22.015625,20.96875,False
/data/shared/Qwen/mydisk/output/SYNTHETIC/NVILA-Lite-2B-SYNTHETIC_MIX_5PCT_2M-20260226_023301/checkpoint-6250,obj2_farther,output/phasevar_5/0004_phA04_phB03.png,Is the magenta sphere farther from the camera than the red cube? Answer with yes or no.,No,No,20.4375,20.453125,True
/data/shared/Qwen/mydisk/output/SYNTHETIC/NVILA-Lite-2B-SYNTHETIC_MIX_5PCT_2M-20260226_023301/checkpoint-6250,obj2_farther,output/phasevar_5/0004_phA04_phB04.png,Is the magenta sphere farther from the camera than the red cube? Answer with yes or no.,No,No,19.21875,20.015625,True
/data/shared/Qwen/mydisk/output/SYNTHETIC/NVILA-Lite-2B-SYNTHETIC_MIX_5PCT_2M-20260226_023301/checkpoint-6250,obj2_farther,output/phasevar_5/0004_phA04_phB05.png,Is the magenta sphere farther from the camera than the red cube? Answer with yes or no.,No,No,19.859375,20.203125,True
/data/shared/Qwen/mydisk/output/SYNTHETIC/NVILA-Lite-2B-SYNTHETIC_MIX_5PCT_2M-20260226_023301/checkpoint-6250,obj2_farther,output/phasevar_5/0004_phA04_phB06.png,Is the magenta sphere farther from the camera than the red cube? Answer with yes or no.,No,Yes,20.671875,20.1875,False
/data/shared/Qwen/mydisk/output/SYNTHETIC/NVILA-Lite-2B-SYNTHETIC_MIX_5PCT_2M-20260226_023301/checkpoint-6250,obj2_farther,output/phasevar_5/0004_phA04_phB07.png,Is the magenta sphere farther from the camera than the red cube? Answer with yes or no.,No,No,20.390625,20.578125,True
/data/shared/Qwen/mydisk/output/SYNTHETIC/NVILA-Lite-2B-SYNTHETIC_MIX_5PCT_2M-20260226_023301/checkpoint-6250,obj2_farther,output/phasevar_5/0004_phA04_phB08.png,Is the magenta sphere farther from the camera than the red cube? Answer with yes or no.,No,No,21.296875,21.59375,True
/data/shared/Qwen/mydisk/output/SYNTHETIC/NVILA-Lite-2B-SYNTHETIC_MIX_5PCT_2M-20260226_023301/checkpoint-6250,obj2_farther,output/phasevar_5/0004_phA04_phB09.png,Is the magenta sphere farther from the camera than the red cube? Answer with yes or no.,No,No,21.59375,22.203125,True
/data/shared/Qwen/mydisk/output/SYNTHETIC/NVILA-Lite-2B-SYNTHETIC_MIX_5PCT_2M-20260226_023301/checkpoint-6250,obj2_farther,output/phasevar_5/0004_phA04_phB10.png,Is the magenta sphere farther from the camera than the red cube? Answer with yes or no.,No,No,21.4375,22.578125,True
/data/shared/Qwen/mydisk/output/SYNTHETIC/NVILA-Lite-2B-SYNTHETIC_MIX_5PCT_2M-20260226_023301/checkpoint-6250,obj2_farther,output/phasevar_5/0004_phA04_phB11.png,Is the magenta sphere farther from the camera than the red cube? Answer with yes or no.,No,No,21.265625,22.921875,True
/data/shared/Qwen/mydisk/output/SYNTHETIC/NVILA-Lite-2B-SYNTHETIC_MIX_5PCT_2M-20260226_023301/checkpoint-6250,obj2_farther,output/phasevar_5/0004_phA04_phB12.png,Is the magenta sphere farther from the camera than the red cube? Answer with yes or no.,No,No,20.921875,22.578125,True
/data/shared/Qwen/mydisk/output/SYNTHETIC/NVILA-Lite-2B-SYNTHETIC_MIX_5PCT_2M-20260226_023301/checkpoint-6250,obj2_farther,output/phasevar_5/0004_phA04_phB13.png,Is the magenta sphere farther from the camera than the red cube? Answer with yes or no.,No,No,20.859375,22.484375,True
/data/shared/Qwen/mydisk/output/SYNTHETIC/NVILA-Lite-2B-SYNTHETIC_MIX_5PCT_2M-20260226_023301/checkpoint-6250,obj2_farther,output/phasevar_5/0004_phA04_phB14.png,Is the magenta sphere farther from the camera than the red cube? Answer with yes or no.,No,No,21.3125,22.921875,True
/data/shared/Qwen/mydisk/output/SYNTHETIC/NVILA-Lite-2B-SYNTHETIC_MIX_5PCT_2M-20260226_023301/checkpoint-6250,obj2_farther,output/phasevar_5/0004_phA04_phB15.png,Is the magenta sphere farther from the camera than the red cube? Answer with yes or no.,No,No,21.671875,22.875,True
/data/shared/Qwen/mydisk/output/SYNTHETIC/NVILA-Lite-2B-SYNTHETIC_MIX_5PCT_2M-20260226_023301/checkpoint-6250,obj2_farther,output/phasevar_5/0004_phA05_phB00.png,Is the magenta sphere farther from the camera than the red cube? Answer with yes or no.,No,No,20.96875,22.203125,True
/data/shared/Qwen/mydisk/output/SYNTHETIC/NVILA-Lite-2B-SYNTHETIC_MIX_5PCT_2M-20260226_023301/checkpoint-6250,obj2_farther,output/phasevar_5/0004_phA05_phB01.png,Is the magenta sphere farther from the camera than the red cube? Answer with yes or no.,No,No,20.40625,21.59375,True
/data/shared/Qwen/mydisk/output/SYNTHETIC/NVILA-Lite-2B-SYNTHETIC_MIX_5PCT_2M-20260226_023301/checkpoint-6250,obj2_farther,output/phasevar_5/0004_phA05_phB02.png,Is the magenta sphere farther from the camera than the red cube? Answer with yes or no.,No,Yes,21.796875,21.109375,False
/data/shared/Qwen/mydisk/output/SYNTHETIC/NVILA-Lite-2B-SYNTHETIC_MIX_5PCT_2M-20260226_023301/checkpoint-6250,obj2_farther,output/phasevar_5/0004_phA05_phB03.png,Is the magenta sphere farther from the camera than the red cube? Answer with yes or no.,No,No,20.015625,20.265625,True
/data/shared/Qwen/mydisk/output/SYNTHETIC/NVILA-Lite-2B-SYNTHETIC_MIX_5PCT_2M-20260226_023301/checkpoint-6250,obj2_farther,output/phasevar_5/0004_phA05_phB04.png,Is the magenta sphere farther from the camera than the red cube? Answer with yes or no.,No,No,18.859375,19.90625,True
/data/shared/Qwen/mydisk/output/SYNTHETIC/NVILA-Lite-2B-SYNTHETIC_MIX_5PCT_2M-20260226_023301/checkpoint-6250,obj2_farther,output/phasevar_5/0004_phA05_phB05.png,Is the magenta sphere farther from the camera than the red cube? Answer with yes or no.,No,No,19.515625,20.046875,True
/data/shared/Qwen/mydisk/output/SYNTHETIC/NVILA-Lite-2B-SYNTHETIC_MIX_5PCT_2M-20260226_023301/checkpoint-6250,obj2_farther,output/phasevar_5/0004_phA05_phB06.png,Is the magenta sphere farther from the camera than the red cube? Answer with yes or no.,No,Yes,20.578125,20.375,False
/data/shared/Qwen/mydisk/output/SYNTHETIC/NVILA-Lite-2B-SYNTHETIC_MIX_5PCT_2M-20260226_023301/checkpoint-6250,obj2_farther,output/phasevar_5/0004_phA05_phB07.png,Is the magenta sphere farther from the camera than the red cube? Answer with yes or no.,No,No,20.015625,20.453125,True
/data/shared/Qwen/mydisk/output/SYNTHETIC/NVILA-Lite-2B-SYNTHETIC_MIX_5PCT_2M-20260226_023301/checkpoint-6250,obj2_farther,output/phasevar_5/0004_phA05_phB08.png,Is the magenta sphere farther from the camera than the red cube? Answer with yes or no.,No,No,21.0625,21.546875,True
/data/shared/Qwen/mydisk/output/SYNTHETIC/NVILA-Lite-2B-SYNTHETIC_MIX_5PCT_2M-20260226_023301/checkpoint-6250,obj2_farther,output/phasevar_5/0004_phA05_phB09.png,Is the magenta sphere farther from the camera than the red cube? Answer with yes or no.,No,No,21.734375,22.296875,True
/data/shared/Qwen/mydisk/output/SYNTHETIC/NVILA-Lite-2B-SYNTHETIC_MIX_5PCT_2M-20260226_023301/checkpoint-6250,obj2_farther,output/phasevar_5/0004_phA05_phB10.png,Is the magenta sphere farther from the camera than the red cube? Answer with yes or no.,No,No,21.453125,22.609375,True
/data/shared/Qwen/mydisk/output/SYNTHETIC/NVILA-Lite-2B-SYNTHETIC_MIX_5PCT_2M-20260226_023301/checkpoint-6250,obj2_farther,output/phasevar_5/0004_phA05_phB11.png,Is the magenta sphere farther from the camera than the red cube? Answer with yes or no.,No,No,21.28125,22.9375,True
/data/shared/Qwen/mydisk/output/SYNTHETIC/NVILA-Lite-2B-SYNTHETIC_MIX_5PCT_2M-20260226_023301/checkpoint-6250,obj2_farther,output/phasevar_5/0004_phA05_phB12.png,Is the magenta sphere farther from the camera than the red cube? Answer with yes or no.,No,No,20.8125,22.671875,True
/data/shared/Qwen/mydisk/output/SYNTHETIC/NVILA-Lite-2B-SYNTHETIC_MIX_5PCT_2M-20260226_023301/checkpoint-6250,obj2_farther,output/phasevar_5/0004_phA05_phB13.png,Is the magenta sphere farther from the camera than the red cube? Answer with yes or no.,No,No,20.625,22.515625,True
/data/shared/Qwen/mydisk/output/SYNTHETIC/NVILA-Lite-2B-SYNTHETIC_MIX_5PCT_2M-20260226_023301/checkpoint-6250,obj2_farther,output/phasevar_5/0004_phA05_phB14.png,Is the magenta sphere farther from the camera than the red cube? Answer with yes or no.,No,No,21.078125,22.90625,True
/data/shared/Qwen/mydisk/output/SYNTHETIC/NVILA-Lite-2B-SYNTHETIC_MIX_5PCT_2M-20260226_023301/checkpoint-6250,obj2_farther,output/phasevar_5/0004_phA05_phB15.png,Is the magenta sphere farther from the camera than the red cube? Answer with yes or no.,No,No,21.265625,22.84375,True
/data/shared/Qwen/mydisk/output/SYNTHETIC/NVILA-Lite-2B-SYNTHETIC_MIX_5PCT_2M-20260226_023301/checkpoint-6250,obj2_farther,output/phasevar_5/0004_phA06_phB00.png,Is the magenta sphere farther from the camera than the red cube? Answer with yes or no.,No,No,20.578125,21.921875,True
/data/shared/Qwen/mydisk/output/SYNTHETIC/NVILA-Lite-2B-SYNTHETIC_MIX_5PCT_2M-20260226_023301/checkpoint-6250,obj2_farther,output/phasevar_5/0004_phA06_phB01.png,Is the magenta sphere farther from the camera than the red cube? Answer with yes or no.,No,No,20.03125,21.265625,True
/data/shared/Qwen/mydisk/output/SYNTHETIC/NVILA-Lite-2B-SYNTHETIC_MIX_5PCT_2M-20260226_023301/checkpoint-6250,obj2_farther,output/phasevar_5/0004_phA06_phB02.png,Is the magenta sphere farther from the camera than the red cube? Answer with yes or no.,No,Yes,21.515625,20.8125,False
/data/shared/Qwen/mydisk/output/SYNTHETIC/NVILA-Lite-2B-SYNTHETIC_MIX_5PCT_2M-20260226_023301/checkpoint-6250,obj2_farther,output/phasevar_5/0004_phA06_phB03.png,Is the magenta sphere farther from the camera than the red cube? Answer with yes or no.,No,No,19.78125,20.015625,True
/data/shared/Qwen/mydisk/output/SYNTHETIC/NVILA-Lite-2B-SYNTHETIC_MIX_5PCT_2M-20260226_023301/checkpoint-6250,obj2_farther,output/phasevar_5/0004_phA06_phB04.png,Is the magenta sphere farther from the camera than the red cube? Answer with yes or no.,No,No,18.921875,19.671875,True
/data/shared/Qwen/mydisk/output/SYNTHETIC/NVILA-Lite-2B-SYNTHETIC_MIX_5PCT_2M-20260226_023301/checkpoint-6250,obj2_farther,output/phasevar_5/0004_phA06_phB05.png,Is the magenta sphere farther from the camera than the red cube? Answer with yes or no.,No,No,18.75,19.5625,True
/data/shared/Qwen/mydisk/output/SYNTHETIC/NVILA-Lite-2B-SYNTHETIC_MIX_5PCT_2M-20260226_023301/checkpoint-6250,obj2_farther,output/phasevar_5/0004_phA06_phB06.png,Is the magenta sphere farther from the camera than the red cube? Answer with yes or no.,No,No,20.09375,20.140625,True
/data/shared/Qwen/mydisk/output/SYNTHETIC/NVILA-Lite-2B-SYNTHETIC_MIX_5PCT_2M-20260226_023301/checkpoint-6250,obj2_farther,output/phasevar_5/0004_phA06_phB07.png,Is the magenta sphere farther from the camera than the red cube? Answer with yes or no.,No,No,19.765625,20.1875,True
/data/shared/Qwen/mydisk/output/SYNTHETIC/NVILA-Lite-2B-SYNTHETIC_MIX_5PCT_2M-20260226_023301/checkpoint-6250,obj2_farther,output/phasevar_5/0004_phA06_phB08.png,Is the magenta sphere farther from the camera than the red cube? Answer with yes or no.,No,No,20.734375,21.484375,True
/data/shared/Qwen/mydisk/output/SYNTHETIC/NVILA-Lite-2B-SYNTHETIC_MIX_5PCT_2M-20260226_023301/checkpoint-6250,obj2_farther,output/phasevar_5/0004_phA06_phB09.png,Is the magenta sphere farther from the camera than the red cube? Answer with yes or no.,No,No,21.125,22.078125,True
/data/shared/Qwen/mydisk/output/SYNTHETIC/NVILA-Lite-2B-SYNTHETIC_MIX_5PCT_2M-20260226_023301/checkpoint-6250,obj2_farther,output/phasevar_5/0004_phA06_phB10.png,Is the magenta sphere farther from the camera than the red cube? Answer with yes or no.,No,No,20.75,22.1875,True
/data/shared/Qwen/mydisk/output/SYNTHETIC/NVILA-Lite-2B-SYNTHETIC_MIX_5PCT_2M-20260226_023301/checkpoint-6250,obj2_farther,output/phasevar_5/0004_phA06_phB11.png,Is the magenta sphere farther from the camera than the red cube? Answer with yes or no.,No,No,21.046875,22.921875,True
/data/shared/Qwen/mydisk/output/SYNTHETIC/NVILA-Lite-2B-SYNTHETIC_MIX_5PCT_2M-20260226_023301/checkpoint-6250,obj2_farther,output/phasevar_5/0004_phA06_phB12.png,Is the magenta sphere farther from the camera than the red cube? Answer with yes or no.,No,No,20.6875,22.546875,True
/data/shared/Qwen/mydisk/output/SYNTHETIC/NVILA-Lite-2B-SYNTHETIC_MIX_5PCT_2M-20260226_023301/checkpoint-6250,obj2_farther,output/phasevar_5/0004_phA06_phB13.png,Is the magenta sphere farther from the camera than the red cube? Answer with yes or no.,No,No,20.53125,22.515625,True
/data/shared/Qwen/mydisk/output/SYNTHETIC/NVILA-Lite-2B-SYNTHETIC_MIX_5PCT_2M-20260226_023301/checkpoint-6250,obj2_farther,output/phasevar_5/0004_phA06_phB14.png,Is the magenta sphere farther from the camera than the red cube? Answer with yes or no.,No,No,20.859375,22.640625,True
/data/shared/Qwen/mydisk/output/SYNTHETIC/NVILA-Lite-2B-SYNTHETIC_MIX_5PCT_2M-20260226_023301/checkpoint-6250,obj2_farther,output/phasevar_5/0004_phA06_phB15.png,Is the magenta sphere farther from the camera than the red cube? Answer with yes or no.,No,No,20.921875,22.640625,True
/data/shared/Qwen/mydisk/output/SYNTHETIC/NVILA-Lite-2B-SYNTHETIC_MIX_5PCT_2M-20260226_023301/checkpoint-6250,obj2_farther,output/phasevar_5/0004_phA07_phB00.png,Is the magenta sphere farther from the camera than the red cube? Answer with yes or no.,No,No,19.703125,21.765625,True
/data/shared/Qwen/mydisk/output/SYNTHETIC/NVILA-Lite-2B-SYNTHETIC_MIX_5PCT_2M-20260226_023301/checkpoint-6250,obj2_farther,output/phasevar_5/0004_phA07_phB01.png,Is the magenta sphere farther from the camera than the red cube? Answer with yes or no.,No,No,19.515625,21.078125,True
/data/shared/Qwen/mydisk/output/SYNTHETIC/NVILA-Lite-2B-SYNTHETIC_MIX_5PCT_2M-20260226_023301/checkpoint-6250,obj2_farther,output/phasevar_5/0004_phA07_phB02.png,Is the magenta sphere farther from the camera than the red cube? Answer with yes or no.,No,Yes,21.546875,20.953125,False
/data/shared/Qwen/mydisk/output/SYNTHETIC/NVILA-Lite-2B-SYNTHETIC_MIX_5PCT_2M-20260226_023301/checkpoint-6250,obj2_farther,output/phasevar_5/0004_phA07_phB03.png,Is the magenta sphere farther from the camera than the red cube? Answer with yes or no.,No,No,19.390625,20.0,True
/data/shared/Qwen/mydisk/output/SYNTHETIC/NVILA-Lite-2B-SYNTHETIC_MIX_5PCT_2M-20260226_023301/checkpoint-6250,obj2_farther,output/phasevar_5/0004_phA07_phB04.png,Is the magenta sphere farther from the camera than the red cube? Answer with yes or no.,No,No,18.765625,19.734375,True
/data/shared/Qwen/mydisk/output/SYNTHETIC/NVILA-Lite-2B-SYNTHETIC_MIX_5PCT_2M-20260226_023301/checkpoint-6250,obj2_farther,output/phasevar_5/0004_phA07_phB05.png,Is the magenta sphere farther from the camera than the red cube? Answer with yes or no.,No,No,18.859375,19.75,True
/data/shared/Qwen/mydisk/output/SYNTHETIC/NVILA-Lite-2B-SYNTHETIC_MIX_5PCT_2M-20260226_023301/checkpoint-6250,obj2_farther,output/phasevar_5/0004_phA07_phB06.png,Is the magenta sphere farther from the camera than the red cube? Answer with yes or no.,No,No,20.1875,20.3125,True
/data/shared/Qwen/mydisk/output/SYNTHETIC/NVILA-Lite-2B-SYNTHETIC_MIX_5PCT_2M-20260226_023301/checkpoint-6250,obj2_farther,output/phasevar_5/0004_phA07_phB07.png,Is the magenta sphere farther from the camera than the red cube? Answer with yes or no.,No,No,19.578125,20.234375,True
/data/shared/Qwen/mydisk/output/SYNTHETIC/NVILA-Lite-2B-SYNTHETIC_MIX_5PCT_2M-20260226_023301/checkpoint-6250,obj2_farther,output/phasevar_5/0004_phA07_phB08.png,Is the magenta sphere farther from the camera than the red cube? Answer with yes or no.,No,No,20.234375,21.5,True
/data/shared/Qwen/mydisk/output/SYNTHETIC/NVILA-Lite-2B-SYNTHETIC_MIX_5PCT_2M-20260226_023301/checkpoint-6250,obj2_farther,output/phasevar_5/0004_phA07_phB09.png,Is the magenta sphere farther from the camera than the red cube? Answer with yes or no.,No,No,20.453125,21.921875,True
/data/shared/Qwen/mydisk/output/SYNTHETIC/NVILA-Lite-2B-SYNTHETIC_MIX_5PCT_2M-20260226_023301/checkpoint-6250,obj2_farther,output/phasevar_5/0004_phA07_phB10.png,Is the magenta sphere farther from the camera than the red cube? Answer with yes or no.,No,No,20.171875,21.984375,True
/data/shared/Qwen/mydisk/output/SYNTHETIC/NVILA-Lite-2B-SYNTHETIC_MIX_5PCT_2M-20260226_023301/checkpoint-6250,obj2_farther,output/phasevar_5/0004_phA07_phB11.png,Is the magenta sphere farther from the camera than the red cube? Answer with yes or no.,No,No,20.34375,22.609375,True
/data/shared/Qwen/mydisk/output/SYNTHETIC/NVILA-Lite-2B-SYNTHETIC_MIX_5PCT_2M-20260226_023301/checkpoint-6250,obj2_farther,output/phasevar_5/0004_phA07_phB12.png,Is the magenta sphere farther from the camera than the red cube? Answer with yes or no.,No,No,19.890625,22.15625,True
/data/shared/Qwen/mydisk/output/SYNTHETIC/NVILA-Lite-2B-SYNTHETIC_MIX_5PCT_2M-20260226_023301/checkpoint-6250,obj2_farther,output/phasevar_5/0004_phA07_phB13.png,Is the magenta sphere farther from the camera than the red cube? Answer with yes or no.,No,No,19.734375,22.140625,True
/data/shared/Qwen/mydisk/output/SYNTHETIC/NVILA-Lite-2B-SYNTHETIC_MIX_5PCT_2M-20260226_023301/checkpoint-6250,obj2_farther,output/phasevar_5/0004_phA07_phB14.png,Is the magenta sphere farther from the camera than the red cube? Answer with yes or no.,No,No,20.09375,22.390625,True
/data/shared/Qwen/mydisk/output/SYNTHETIC/NVILA-Lite-2B-SYNTHETIC_MIX_5PCT_2M-20260226_023301/checkpoint-6250,obj2_farther,output/phasevar_5/0004_phA07_phB15.png,Is the magenta sphere farther from the camera than the red cube? Answer with yes or no.,No,No,20.171875,22.53125,True
/data/shared/Qwen/mydisk/output/SYNTHETIC/NVILA-Lite-2B-SYNTHETIC_MIX_5PCT_2M-20260226_023301/checkpoint-6250,obj2_farther,output/phasevar_5/0004_phA08_phB00.png,Is the magenta sphere farther from the camera than the red cube? Answer with yes or no.,No,No,19.578125,21.484375,True
/data/shared/Qwen/mydisk/output/SYNTHETIC/NVILA-Lite-2B-SYNTHETIC_MIX_5PCT_2M-20260226_023301/checkpoint-6250,obj2_farther,output/phasevar_5/0004_phA08_phB01.png,Is the magenta sphere farther from the camera than the red cube? Answer with yes or no.,No,No,19.765625,21.03125,True
/data/shared/Qwen/mydisk/output/SYNTHETIC/NVILA-Lite-2B-SYNTHETIC_MIX_5PCT_2M-20260226_023301/checkpoint-6250,obj2_farther,output/phasevar_5/0004_phA08_phB02.png,Is the magenta sphere farther from the camera than the red cube? Answer with yes or no.,No,Yes,21.84375,20.78125,False
/data/shared/Qwen/mydisk/output/SYNTHETIC/NVILA-Lite-2B-SYNTHETIC_MIX_5PCT_2M-20260226_023301/checkpoint-6250,obj2_farther,output/phasevar_5/0004_phA08_phB03.png,Is the magenta sphere farther from the camera than the red cube? Answer with yes or no.,No,No,20.0625,20.25,True
/data/shared/Qwen/mydisk/output/SYNTHETIC/NVILA-Lite-2B-SYNTHETIC_MIX_5PCT_2M-20260226_023301/checkpoint-6250,obj2_farther,output/phasevar_5/0004_phA08_phB04.png,Is the magenta sphere farther from the camera than the red cube? Answer with yes or no.,No,No,19.40625,19.984375,True
/data/shared/Qwen/mydisk/output/SYNTHETIC/NVILA-Lite-2B-SYNTHETIC_MIX_5PCT_2M-20260226_023301/checkpoint-6250,obj2_farther,output/phasevar_5/0004_phA08_phB05.png,Is the magenta sphere farther from the camera than the red cube? Answer with yes or no.,No,No,18.984375,19.828125,True
/data/shared/Qwen/mydisk/output/SYNTHETIC/NVILA-Lite-2B-SYNTHETIC_MIX_5PCT_2M-20260226_023301/checkpoint-6250,obj2_farther,output/phasevar_5/0004_phA08_phB06.png,Is the magenta sphere farther from the camera than the red cube? Answer with yes or no.,No,No,20.359375,20.40625,True
/data/shared/Qwen/mydisk/output/SYNTHETIC/NVILA-Lite-2B-SYNTHETIC_MIX_5PCT_2M-20260226_023301/checkpoint-6250,obj2_farther,output/phasevar_5/0004_phA08_phB07.png,Is the magenta sphere farther from the camera than the red cube? Answer with yes or no.,No,No,19.703125,20.296875,True
/data/shared/Qwen/mydisk/output/SYNTHETIC/NVILA-Lite-2B-SYNTHETIC_MIX_5PCT_2M-20260226_023301/checkpoint-6250,obj2_farther,output/phasevar_5/0004_phA08_phB08.png,Is the magenta sphere farther from the camera than the red cube? Answer with yes or no.,No,No,19.796875,20.953125,True
/data/shared/Qwen/mydisk/output/SYNTHETIC/NVILA-Lite-2B-SYNTHETIC_MIX_5PCT_2M-20260226_023301/checkpoint-6250,obj2_farther,output/phasevar_5/0004_phA08_phB09.png,Is the magenta sphere farther from the camera than the red cube? Answer with yes or no.,No,No,20.25,21.734375,True
/data/shared/Qwen/mydisk/output/SYNTHETIC/NVILA-Lite-2B-SYNTHETIC_MIX_5PCT_2M-20260226_023301/checkpoint-6250,obj2_farther,output/phasevar_5/0004_phA08_phB10.png,Is the magenta sphere farther from the camera than the red cube? Answer with yes or no.,No,No,20.0625,21.859375,True
/data/shared/Qwen/mydisk/output/SYNTHETIC/NVILA-Lite-2B-SYNTHETIC_MIX_5PCT_2M-20260226_023301/checkpoint-6250,obj2_farther,output/phasevar_5/0004_phA08_phB11.png,Is the magenta sphere farther from the camera than the red cube? Answer with yes or no.,No,No,20.046875,22.421875,True
/data/shared/Qwen/mydisk/output/SYNTHETIC/NVILA-Lite-2B-SYNTHETIC_MIX_5PCT_2M-20260226_023301/checkpoint-6250,obj2_farther,output/phasevar_5/0004_phA08_phB12.png,Is the magenta sphere farther from the camera than the red cube? Answer with yes or no.,No,No,19.625,21.953125,True
/data/shared/Qwen/mydisk/output/SYNTHETIC/NVILA-Lite-2B-SYNTHETIC_MIX_5PCT_2M-20260226_023301/checkpoint-6250,obj2_farther,output/phasevar_5/0004_phA08_phB13.png,Is the magenta sphere farther from the camera than the red cube? Answer with yes or no.,No,No,19.484375,21.953125,True
/data/shared/Qwen/mydisk/output/SYNTHETIC/NVILA-Lite-2B-SYNTHETIC_MIX_5PCT_2M-20260226_023301/checkpoint-6250,obj2_farther,output/phasevar_5/0004_phA08_phB14.png,Is the magenta sphere farther from the camera than the red cube? Answer with yes or no.,No,No,20.046875,22.265625,True
/data/shared/Qwen/mydisk/output/SYNTHETIC/NVILA-Lite-2B-SYNTHETIC_MIX_5PCT_2M-20260226_023301/checkpoint-6250,obj2_farther,output/phasevar_5/0004_phA08_phB15.png,Is the magenta sphere farther from the camera than the red cube? Answer with yes or no.,No,No,19.984375,22.34375,True
/data/shared/Qwen/mydisk/output/SYNTHETIC/NVILA-Lite-2B-SYNTHETIC_MIX_5PCT_2M-20260226_023301/checkpoint-6250,obj2_farther,output/phasevar_5/0004_phA09_phB00.png,Is the magenta sphere farther from the camera than the red cube? Answer with yes or no.,No,No,19.328125,21.125,True
/data/shared/Qwen/mydisk/output/SYNTHETIC/NVILA-Lite-2B-SYNTHETIC_MIX_5PCT_2M-20260226_023301/checkpoint-6250,obj2_farther,output/phasevar_5/0004_phA09_phB01.png,Is the magenta sphere farther from the camera than the red cube? Answer with yes or no.,No,No,19.96875,20.8125,True
/data/shared/Qwen/mydisk/output/SYNTHETIC/NVILA-Lite-2B-SYNTHETIC_MIX_5PCT_2M-20260226_023301/checkpoint-6250,obj2_farther,output/phasevar_5/0004_phA09_phB02.png,Is the magenta sphere farther from the camera than the red cube? Answer with yes or no.,No,Yes,21.890625,20.578125,False
/data/shared/Qwen/mydisk/output/SYNTHETIC/NVILA-Lite-2B-SYNTHETIC_MIX_5PCT_2M-20260226_023301/checkpoint-6250,obj2_farther,output/phasevar_5/0004_phA09_phB03.png,Is the magenta sphere farther from the camera than the red cube? Answer with yes or no.,No,No,20.0,20.015625,True
/data/shared/Qwen/mydisk/output/SYNTHETIC/NVILA-Lite-2B-SYNTHETIC_MIX_5PCT_2M-20260226_023301/checkpoint-6250,obj2_farther,output/phasevar_5/0004_phA09_phB04.png,Is the magenta sphere farther from the camera than the red cube? Answer with yes or no.,No,No,19.703125,20.0,True
/data/shared/Qwen/mydisk/output/SYNTHETIC/NVILA-Lite-2B-SYNTHETIC_MIX_5PCT_2M-20260226_023301/checkpoint-6250,obj2_farther,output/phasevar_5/0004_phA09_phB05.png,Is the magenta sphere farther from the camera than the red cube? Answer with yes or no.,No,No,19.375,19.671875,True
/data/shared/Qwen/mydisk/output/SYNTHETIC/NVILA-Lite-2B-SYNTHETIC_MIX_5PCT_2M-20260226_023301/checkpoint-6250,obj2_farther,output/phasevar_5/0004_phA09_phB06.png,Is the magenta sphere farther from the camera than the red cube? Answer with yes or no.,No,Yes,20.5,20.328125,False
/data/shared/Qwen/mydisk/output/SYNTHETIC/NVILA-Lite-2B-SYNTHETIC_MIX_5PCT_2M-20260226_023301/checkpoint-6250,obj2_farther,output/phasevar_5/0004_phA09_phB07.png,Is the magenta sphere farther from the camera than the red cube? Answer with yes or no.,No,No,19.8125,20.0,True
/data/shared/Qwen/mydisk/output/SYNTHETIC/NVILA-Lite-2B-SYNTHETIC_MIX_5PCT_2M-20260226_023301/checkpoint-6250,obj2_farther,output/phasevar_5/0004_phA09_phB08.png,Is the magenta sphere farther from the camera than the red cube? Answer with yes or no.,No,No,19.6875,20.640625,True
/data/shared/Qwen/mydisk/output/SYNTHETIC/NVILA-Lite-2B-SYNTHETIC_MIX_5PCT_2M-20260226_023301/checkpoint-6250,obj2_farther,output/phasevar_5/0004_phA09_phB09.png,Is the magenta sphere farther from the camera than the red cube? Answer with yes or no.,No,No,19.90625,21.28125,True
/data/shared/Qwen/mydisk/output/SYNTHETIC/NVILA-Lite-2B-SYNTHETIC_MIX_5PCT_2M-20260226_023301/checkpoint-6250,obj2_farther,output/phasevar_5/0004_phA09_phB10.png,Is the magenta sphere farther from the camera than the red cube? Answer with yes or no.,No,No,19.71875,21.46875,True
/data/shared/Qwen/mydisk/output/SYNTHETIC/NVILA-Lite-2B-SYNTHETIC_MIX_5PCT_2M-20260226_023301/checkpoint-6250,obj2_farther,output/phasevar_5/0004_phA09_phB11.png,Is the magenta sphere farther from the camera than the red cube? Answer with yes or no.,No,No,19.359375,21.828125,True
/data/shared/Qwen/mydisk/output/SYNTHETIC/NVILA-Lite-2B-SYNTHETIC_MIX_5PCT_2M-20260226_023301/checkpoint-6250,obj2_farther,output/phasevar_5/0004_phA09_phB12.png,Is the magenta sphere farther from the camera than the red cube? Answer with yes or no.,No,No,19.03125,21.390625,True
/data/shared/Qwen/mydisk/output/SYNTHETIC/NVILA-Lite-2B-SYNTHETIC_MIX_5PCT_2M-20260226_023301/checkpoint-6250,obj2_farther,output/phasevar_5/0004_phA09_phB13.png,Is the magenta sphere farther from the camera than the red cube? Answer with yes or no.,No,No,18.890625,21.359375,True
/data/shared/Qwen/mydisk/output/SYNTHETIC/NVILA-Lite-2B-SYNTHETIC_MIX_5PCT_2M-20260226_023301/checkpoint-6250,obj2_farther,output/phasevar_5/0004_phA09_phB14.png,Is the magenta sphere farther from the camera than the red cube? Answer with yes or no.,No,No,19.625,21.859375,True
/data/shared/Qwen/mydisk/output/SYNTHETIC/NVILA-Lite-2B-SYNTHETIC_MIX_5PCT_2M-20260226_023301/checkpoint-6250,obj2_farther,output/phasevar_5/0004_phA09_phB15.png,Is the magenta sphere farther from the camera than the red cube? Answer with yes or no.,No,No,19.53125,21.90625,True
/data/shared/Qwen/mydisk/output/SYNTHETIC/NVILA-Lite-2B-SYNTHETIC_MIX_5PCT_2M-20260226_023301/checkpoint-6250,obj2_farther,output/phasevar_5/0004_phA10_phB00.png,Is the magenta sphere farther from the camera than the red cube? Answer with yes or no.,No,No,20.5,21.234375,True
/data/shared/Qwen/mydisk/output/SYNTHETIC/NVILA-Lite-2B-SYNTHETIC_MIX_5PCT_2M-20260226_023301/checkpoint-6250,obj2_farther,output/phasevar_5/0004_phA10_phB01.png,Is the magenta sphere farther from the camera than the red cube? Answer with yes or no.,No,Yes,20.90625,20.65625,False
/data/shared/Qwen/mydisk/output/SYNTHETIC/NVILA-Lite-2B-SYNTHETIC_MIX_5PCT_2M-20260226_023301/checkpoint-6250,obj2_farther,output/phasevar_5/0004_phA10_phB02.png,Is the magenta sphere farther from the camera than the red cube? Answer with yes or no.,No,Yes,22.15625,20.390625,False
/data/shared/Qwen/mydisk/output/SYNTHETIC/NVILA-Lite-2B-SYNTHETIC_MIX_5PCT_2M-20260226_023301/checkpoint-6250,obj2_farther,output/phasevar_5/0004_phA10_phB03.png,Is the magenta sphere farther from the camera than the red cube? Answer with yes or no.,No,Yes,20.78125,20.1875,False
/data/shared/Qwen/mydisk/output/SYNTHETIC/NVILA-Lite-2B-SYNTHETIC_MIX_5PCT_2M-20260226_023301/checkpoint-6250,obj2_farther,output/phasevar_5/0004_phA10_phB04.png,Is the magenta sphere farther from the camera than the red cube? Answer with yes or no.,No,Yes,20.40625,20.0,False
/data/shared/Qwen/mydisk/output/SYNTHETIC/NVILA-Lite-2B-SYNTHETIC_MIX_5PCT_2M-20260226_023301/checkpoint-6250,obj2_farther,output/phasevar_5/0004_phA10_phB05.png,Is the magenta sphere farther from the camera than the red cube? Answer with yes or no.,No,Yes,20.109375,19.65625,False
/data/shared/Qwen/mydisk/output/SYNTHETIC/NVILA-Lite-2B-SYNTHETIC_MIX_5PCT_2M-20260226_023301/checkpoint-6250,obj2_farther,output/phasevar_5/0004_phA10_phB06.png,Is the magenta sphere farther from the camera than the red cube? Answer with yes or no.,No,Yes,21.0,20.09375,False
/data/shared/Qwen/mydisk/output/SYNTHETIC/NVILA-Lite-2B-SYNTHETIC_MIX_5PCT_2M-20260226_023301/checkpoint-6250,obj2_farther,output/phasevar_5/0004_phA10_phB07.png,Is the magenta sphere farther from the camera than the red cube? Answer with yes or no.,No,Yes,20.53125,19.53125,False
/data/shared/Qwen/mydisk/output/SYNTHETIC/NVILA-Lite-2B-SYNTHETIC_MIX_5PCT_2M-20260226_023301/checkpoint-6250,obj2_farther,output/phasevar_5/0004_phA10_phB08.png,Is the magenta sphere farther from the camera than the red cube? Answer with yes or no.,No,Yes,20.28125,20.1875,False
/data/shared/Qwen/mydisk/output/SYNTHETIC/NVILA-Lite-2B-SYNTHETIC_MIX_5PCT_2M-20260226_023301/checkpoint-6250,obj2_farther,output/phasevar_5/0004_phA10_phB09.png,Is the magenta sphere farther from the camera than the red cube? Answer with yes or no.,No,No,20.046875,20.59375,True
/data/shared/Qwen/mydisk/output/SYNTHETIC/NVILA-Lite-2B-SYNTHETIC_MIX_5PCT_2M-20260226_023301/checkpoint-6250,obj2_farther,output/phasevar_5/0004_phA10_phB10.png,Is the magenta sphere farther from the camera than the red cube? Answer with yes or no.,No,No,19.890625,21.484375,True
/data/shared/Qwen/mydisk/output/SYNTHETIC/NVILA-Lite-2B-SYNTHETIC_MIX_5PCT_2M-20260226_023301/checkpoint-6250,obj2_farther,output/phasevar_5/0004_phA10_phB11.png,Is the magenta sphere farther from the camera than the red cube? Answer with yes or no.,No,No,19.203125,21.546875,True
/data/shared/Qwen/mydisk/output/SYNTHETIC/NVILA-Lite-2B-SYNTHETIC_MIX_5PCT_2M-20260226_023301/checkpoint-6250,obj2_farther,output/phasevar_5/0004_phA10_phB12.png,Is the magenta sphere farther from the camera than the red cube? Answer with yes or no.,No,No,19.015625,21.3125,True
/data/shared/Qwen/mydisk/output/SYNTHETIC/NVILA-Lite-2B-SYNTHETIC_MIX_5PCT_2M-20260226_023301/checkpoint-6250,obj2_farther,output/phasevar_5/0004_phA10_phB13.png,Is the magenta sphere farther from the camera than the red cube? Answer with yes or no.,No,No,18.828125,21.078125,True
/data/shared/Qwen/mydisk/output/SYNTHETIC/NVILA-Lite-2B-SYNTHETIC_MIX_5PCT_2M-20260226_023301/checkpoint-6250,obj2_farther,output/phasevar_5/0004_phA10_phB14.png,Is the magenta sphere farther from the camera than the red cube? Answer with yes or no.,No,No,19.765625,21.59375,True
/data/shared/Qwen/mydisk/output/SYNTHETIC/NVILA-Lite-2B-SYNTHETIC_MIX_5PCT_2M-20260226_023301/checkpoint-6250,obj2_farther,output/phasevar_5/0004_phA10_phB15.png,Is the magenta sphere farther from the camera than the red cube? Answer with yes or no.,No,No,19.953125,21.5625,True
/data/shared/Qwen/mydisk/output/SYNTHETIC/NVILA-Lite-2B-SYNTHETIC_MIX_5PCT_2M-20260226_023301/checkpoint-6250,obj2_farther,output/phasevar_5/0004_phA11_phB00.png,Is the magenta sphere farther from the camera than the red cube? Answer with yes or no.,No,No,20.375,21.53125,True
/data/shared/Qwen/mydisk/output/SYNTHETIC/NVILA-Lite-2B-SYNTHETIC_MIX_5PCT_2M-20260226_023301/checkpoint-6250,obj2_farther,output/phasevar_5/0004_phA11_phB01.png,Is the magenta sphere farther from the camera than the red cube? Answer with yes or no.,No,No,20.8125,20.90625,True
/data/shared/Qwen/mydisk/output/SYNTHETIC/NVILA-Lite-2B-SYNTHETIC_MIX_5PCT_2M-20260226_023301/checkpoint-6250,obj2_farther,output/phasevar_5/0004_phA11_phB02.png,Is the magenta sphere farther from the camera than the red cube? Answer with yes or no.,No,Yes,22.09375,20.75,False
/data/shared/Qwen/mydisk/output/SYNTHETIC/NVILA-Lite-2B-SYNTHETIC_MIX_5PCT_2M-20260226_023301/checkpoint-6250,obj2_farther,output/phasevar_5/0004_phA11_phB03.png,Is the magenta sphere farther from the camera than the red cube? Answer with yes or no.,No,Yes,20.34375,20.15625,False
/data/shared/Qwen/mydisk/output/SYNTHETIC/NVILA-Lite-2B-SYNTHETIC_MIX_5PCT_2M-20260226_023301/checkpoint-6250,obj2_farther,output/phasevar_5/0004_phA11_phB04.png,Is the magenta sphere farther from the camera than the red cube? Answer with yes or no.,No,No,19.90625,19.96875,True
/data/shared/Qwen/mydisk/output/SYNTHETIC/NVILA-Lite-2B-SYNTHETIC_MIX_5PCT_2M-20260226_023301/checkpoint-6250,obj2_farther,output/phasevar_5/0004_phA11_phB05.png,Is the magenta sphere farther from the camera than the red cube? Answer with yes or no.,No,Yes,20.046875,19.84375,False
/data/shared/Qwen/mydisk/output/SYNTHETIC/NVILA-Lite-2B-SYNTHETIC_MIX_5PCT_2M-20260226_023301/checkpoint-6250,obj2_farther,output/phasevar_5/0004_phA11_phB06.png,Is the magenta sphere farther from the camera than the red cube? Answer with yes or no.,No,Yes,20.84375,20.234375,False
/data/shared/Qwen/mydisk/output/SYNTHETIC/NVILA-Lite-2B-SYNTHETIC_MIX_5PCT_2M-20260226_023301/checkpoint-6250,obj2_farther,output/phasevar_5/0004_phA11_phB07.png,Is the magenta sphere farther from the camera than the red cube? Answer with yes or no.,No,Yes,20.390625,19.71875,False
/data/shared/Qwen/mydisk/output/SYNTHETIC/NVILA-Lite-2B-SYNTHETIC_MIX_5PCT_2M-20260226_023301/checkpoint-6250,obj2_farther,output/phasevar_5/0004_phA11_phB08.png,Is the magenta sphere farther from the camera than the red cube? Answer with yes or no.,No,No,20.40625,20.578125,True
/data/shared/Qwen/mydisk/output/SYNTHETIC/NVILA-Lite-2B-SYNTHETIC_MIX_5PCT_2M-20260226_023301/checkpoint-6250,obj2_farther,output/phasevar_5/0004_phA11_phB09.png,Is the magenta sphere farther from the camera than the red cube? Answer with yes or no.,No,No,20.0,21.390625,True
/data/shared/Qwen/mydisk/output/SYNTHETIC/NVILA-Lite-2B-SYNTHETIC_MIX_5PCT_2M-20260226_023301/checkpoint-6250,obj2_farther,output/phasevar_5/0004_phA11_phB10.png,Is the magenta sphere farther from the camera than the red cube? Answer with yes or no.,No,No,20.046875,21.796875,True
/data/shared/Qwen/mydisk/output/SYNTHETIC/NVILA-Lite-2B-SYNTHETIC_MIX_5PCT_2M-20260226_023301/checkpoint-6250,obj2_farther,output/phasevar_5/0004_phA11_phB11.png,Is the magenta sphere farther from the camera than the red cube? Answer with yes or no.,No,No,19.125,21.5,True
/data/shared/Qwen/mydisk/output/SYNTHETIC/NVILA-Lite-2B-SYNTHETIC_MIX_5PCT_2M-20260226_023301/checkpoint-6250,obj2_farther,output/phasevar_5/0004_phA11_phB12.png,Is the magenta sphere farther from the camera than the red cube? Answer with yes or no.,No,No,19.046875,21.5,True
/data/shared/Qwen/mydisk/output/SYNTHETIC/NVILA-Lite-2B-SYNTHETIC_MIX_5PCT_2M-20260226_023301/checkpoint-6250,obj2_farther,output/phasevar_5/0004_phA11_phB13.png,Is the magenta sphere farther from the camera than the red cube? Answer with yes or no.,No,No,18.796875,21.3125,True
/data/shared/Qwen/mydisk/output/SYNTHETIC/NVILA-Lite-2B-SYNTHETIC_MIX_5PCT_2M-20260226_023301/checkpoint-6250,obj2_farther,output/phasevar_5/0004_phA11_phB14.png,Is the magenta sphere farther from the camera than the red cube? Answer with yes or no.,No,No,20.0,22.09375,True
/data/shared/Qwen/mydisk/output/SYNTHETIC/NVILA-Lite-2B-SYNTHETIC_MIX_5PCT_2M-20260226_023301/checkpoint-6250,obj2_farther,output/phasevar_5/0004_phA11_phB15.png,Is the magenta sphere farther from the camera than the red cube? Answer with yes or no.,No,No,19.875,21.796875,True
/data/shared/Qwen/mydisk/output/SYNTHETIC/NVILA-Lite-2B-SYNTHETIC_MIX_5PCT_2M-20260226_023301/checkpoint-6250,obj2_farther,output/phasevar_5/0004_phA12_phB00.png,Is the magenta sphere farther from the camera than the red cube? Answer with yes or no.,No,No,20.65625,21.6875,True
/data/shared/Qwen/mydisk/output/SYNTHETIC/NVILA-Lite-2B-SYNTHETIC_MIX_5PCT_2M-20260226_023301/checkpoint-6250,obj2_farther,output/phasevar_5/0004_phA12_phB01.png,Is the magenta sphere farther from the camera than the red cube? Answer with yes or no.,No,Yes,21.140625,21.125,False
/data/shared/Qwen/mydisk/output/SYNTHETIC/NVILA-Lite-2B-SYNTHETIC_MIX_5PCT_2M-20260226_023301/checkpoint-6250,obj2_farther,output/phasevar_5/0004_phA12_phB02.png,Is the magenta sphere farther from the camera than the red cube? Answer with yes or no.,No,Yes,22.1875,20.875,False
/data/shared/Qwen/mydisk/output/SYNTHETIC/NVILA-Lite-2B-SYNTHETIC_MIX_5PCT_2M-20260226_023301/checkpoint-6250,obj2_farther,output/phasevar_5/0004_phA12_phB03.png,Is the magenta sphere farther from the camera than the red cube? Answer with yes or no.,No,Yes,20.6875,20.4375,False
/data/shared/Qwen/mydisk/output/SYNTHETIC/NVILA-Lite-2B-SYNTHETIC_MIX_5PCT_2M-20260226_023301/checkpoint-6250,obj2_farther,output/phasevar_5/0004_phA12_phB04.png,Is the magenta sphere farther from the camera than the red cube? Answer with yes or no.,No,No,19.984375,20.0625,True
/data/shared/Qwen/mydisk/output/SYNTHETIC/NVILA-Lite-2B-SYNTHETIC_MIX_5PCT_2M-20260226_023301/checkpoint-6250,obj2_farther,output/phasevar_5/0004_phA12_phB05.png,Is the magenta sphere farther from the camera than the red cube? Answer with yes or no.,No,Yes,20.25,20.171875,False
/data/shared/Qwen/mydisk/output/SYNTHETIC/NVILA-Lite-2B-SYNTHETIC_MIX_5PCT_2M-20260226_023301/checkpoint-6250,obj2_farther,output/phasevar_5/0004_phA12_phB06.png,Is the magenta sphere farther from the camera than the red cube? Answer with yes or no.,No,Yes,20.875,20.28125,False
/data/shared/Qwen/mydisk/output/SYNTHETIC/NVILA-Lite-2B-SYNTHETIC_MIX_5PCT_2M-20260226_023301/checkpoint-6250,obj2_farther,output/phasevar_5/0004_phA12_phB07.png,Is the magenta sphere farther from the camera than the red cube? Answer with yes or no.,No,Yes,20.578125,19.984375,False
/data/shared/Qwen/mydisk/output/SYNTHETIC/NVILA-Lite-2B-SYNTHETIC_MIX_5PCT_2M-20260226_023301/checkpoint-6250,obj2_farther,output/phasevar_5/0004_phA12_phB08.png,Is the magenta sphere farther from the camera than the red cube? Answer with yes or no.,No,No,20.71875,20.90625,True
/data/shared/Qwen/mydisk/output/SYNTHETIC/NVILA-Lite-2B-SYNTHETIC_MIX_5PCT_2M-20260226_023301/checkpoint-6250,obj2_farther,output/phasevar_5/0004_phA12_phB09.png,Is the magenta sphere farther from the camera than the red cube? Answer with yes or no.,No,No,20.0,21.0625,True
/data/shared/Qwen/mydisk/output/SYNTHETIC/NVILA-Lite-2B-SYNTHETIC_MIX_5PCT_2M-20260226_023301/checkpoint-6250,obj2_farther,output/phasevar_5/0004_phA12_phB10.png,Is the magenta sphere farther from the camera than the red cube? Answer with yes or no.,No,No,20.0,21.65625,True
/data/shared/Qwen/mydisk/output/SYNTHETIC/NVILA-Lite-2B-SYNTHETIC_MIX_5PCT_2M-20260226_023301/checkpoint-6250,obj2_farther,output/phasevar_5/0004_phA12_phB11.png,Is the magenta sphere farther from the camera than the red cube? Answer with yes or no.,No,No,19.359375,21.640625,True
/data/shared/Qwen/mydisk/output/SYNTHETIC/NVILA-Lite-2B-SYNTHETIC_MIX_5PCT_2M-20260226_023301/checkpoint-6250,obj2_farther,output/phasevar_5/0004_phA12_phB12.png,Is the magenta sphere farther from the camera than the red cube? Answer with yes or no.,No,No,19.15625,21.546875,True
/data/shared/Qwen/mydisk/output/SYNTHETIC/NVILA-Lite-2B-SYNTHETIC_MIX_5PCT_2M-20260226_023301/checkpoint-6250,obj2_farther,output/phasevar_5/0004_phA12_phB13.png,Is the magenta sphere farther from the camera than the red cube? Answer with yes or no.,No,No,19.0,21.390625,True
/data/shared/Qwen/mydisk/output/SYNTHETIC/NVILA-Lite-2B-SYNTHETIC_MIX_5PCT_2M-20260226_023301/checkpoint-6250,obj2_farther,output/phasevar_5/0004_phA12_phB14.png,Is the magenta sphere farther from the camera than the red cube? Answer with yes or no.,No,No,20.265625,22.34375,True
/data/shared/Qwen/mydisk/output/SYNTHETIC/NVILA-Lite-2B-SYNTHETIC_MIX_5PCT_2M-20260226_023301/checkpoint-6250,obj2_farther,output/phasevar_5/0004_phA12_phB15.png,Is the magenta sphere farther from the camera than the red cube? Answer with yes or no.,No,No,20.0625,21.859375,True
/data/shared/Qwen/mydisk/output/SYNTHETIC/NVILA-Lite-2B-SYNTHETIC_MIX_5PCT_2M-20260226_023301/checkpoint-6250,obj2_farther,output/phasevar_5/0004_phA13_phB00.png,Is the magenta sphere farther from the camera than the red cube? Answer with yes or no.,No,No,20.890625,21.625,True
/data/shared/Qwen/mydisk/output/SYNTHETIC/NVILA-Lite-2B-SYNTHETIC_MIX_5PCT_2M-20260226_023301/checkpoint-6250,obj2_farther,output/phasevar_5/0004_phA13_phB01.png,Is the magenta sphere farther from the camera than the red cube? Answer with yes or no.,No,Yes,21.15625,21.0625,False
/data/shared/Qwen/mydisk/output/SYNTHETIC/NVILA-Lite-2B-SYNTHETIC_MIX_5PCT_2M-20260226_023301/checkpoint-6250,obj2_farther,output/phasevar_5/0004_phA13_phB02.png,Is the magenta sphere farther from the camera than the red cube? Answer with yes or no.,No,Yes,21.96875,21.0,False
/data/shared/Qwen/mydisk/output/SYNTHETIC/NVILA-Lite-2B-SYNTHETIC_MIX_5PCT_2M-20260226_023301/checkpoint-6250,obj2_farther,output/phasevar_5/0004_phA13_phB03.png,Is the magenta sphere farther from the camera than the red cube? Answer with yes or no.,No,Yes,20.578125,20.4375,False
/data/shared/Qwen/mydisk/output/SYNTHETIC/NVILA-Lite-2B-SYNTHETIC_MIX_5PCT_2M-20260226_023301/checkpoint-6250,obj2_farther,output/phasevar_5/0004_phA13_phB04.png,Is the magenta sphere farther from the camera than the red cube? Answer with yes or no.,No,No,20.0,20.21875,True
/data/shared/Qwen/mydisk/output/SYNTHETIC/NVILA-Lite-2B-SYNTHETIC_MIX_5PCT_2M-20260226_023301/checkpoint-6250,obj2_farther,output/phasevar_5/0004_phA13_phB05.png,Is the magenta sphere farther from the camera than the red cube? Answer with yes or no.,No,Yes,20.40625,20.375,False
/data/shared/Qwen/mydisk/output/SYNTHETIC/NVILA-Lite-2B-SYNTHETIC_MIX_5PCT_2M-20260226_023301/checkpoint-6250,obj2_farther,output/phasevar_5/0004_phA13_phB06.png,Is the magenta sphere farther from the camera than the red cube? Answer with yes or no.,No,Yes,21.09375,20.421875,False
/data/shared/Qwen/mydisk/output/SYNTHETIC/NVILA-Lite-2B-SYNTHETIC_MIX_5PCT_2M-20260226_023301/checkpoint-6250,obj2_farther,output/phasevar_5/0004_phA13_phB07.png,Is the magenta sphere farther from the camera than the red cube? Answer with yes or no.,No,Yes,20.796875,20.5625,False
/data/shared/Qwen/mydisk/output/SYNTHETIC/NVILA-Lite-2B-SYNTHETIC_MIX_5PCT_2M-20260226_023301/checkpoint-6250,obj2_farther,output/phasevar_5/0004_phA13_phB08.png,Is the magenta sphere farther from the camera than the red cube? Answer with yes or no.,No,No,20.921875,21.34375,True
/data/shared/Qwen/mydisk/output/SYNTHETIC/NVILA-Lite-2B-SYNTHETIC_MIX_5PCT_2M-20260226_023301/checkpoint-6250,obj2_farther,output/phasevar_5/0004_phA13_phB09.png,Is the magenta sphere farther from the camera than the red cube? Answer with yes or no.,No,No,20.828125,21.546875,True
/data/shared/Qwen/mydisk/output/SYNTHETIC/NVILA-Lite-2B-SYNTHETIC_MIX_5PCT_2M-20260226_023301/checkpoint-6250,obj2_farther,output/phasevar_5/0004_phA13_phB10.png,Is the magenta sphere farther from the camera than the red cube? Answer with yes or no.,No,No,20.59375,21.96875,True
/data/shared/Qwen/mydisk/output/SYNTHETIC/NVILA-Lite-2B-SYNTHETIC_MIX_5PCT_2M-20260226_023301/checkpoint-6250,obj2_farther,output/phasevar_5/0004_phA13_phB11.png,Is the magenta sphere farther from the camera than the red cube? Answer with yes or no.,No,No,19.734375,21.765625,True
/data/shared/Qwen/mydisk/output/SYNTHETIC/NVILA-Lite-2B-SYNTHETIC_MIX_5PCT_2M-20260226_023301/checkpoint-6250,obj2_farther,output/phasevar_5/0004_phA13_phB12.png,Is the magenta sphere farther from the camera than the red cube? Answer with yes or no.,No,No,19.34375,21.578125,True
/data/shared/Qwen/mydisk/output/SYNTHETIC/NVILA-Lite-2B-SYNTHETIC_MIX_5PCT_2M-20260226_023301/checkpoint-6250,obj2_farther,output/phasevar_5/0004_phA13_phB13.png,Is the magenta sphere farther from the camera than the red cube? Answer with yes or no.,No,No,19.234375,21.4375,True
/data/shared/Qwen/mydisk/output/SYNTHETIC/NVILA-Lite-2B-SYNTHETIC_MIX_5PCT_2M-20260226_023301/checkpoint-6250,obj2_farther,output/phasevar_5/0004_phA13_phB14.png,Is the magenta sphere farther from the camera than the red cube? Answer with yes or no.,No,No,20.515625,22.421875,True
/data/shared/Qwen/mydisk/output/SYNTHETIC/NVILA-Lite-2B-SYNTHETIC_MIX_5PCT_2M-20260226_023301/checkpoint-6250,obj2_farther,output/phasevar_5/0004_phA13_phB15.png,Is the magenta sphere farther from the camera than the red cube? Answer with yes or no.,No,No,20.4375,21.953125,True
/data/shared/Qwen/mydisk/output/SYNTHETIC/NVILA-Lite-2B-SYNTHETIC_MIX_5PCT_2M-20260226_023301/checkpoint-6250,obj2_farther,output/phasevar_5/0004_phA14_phB00.png,Is the magenta sphere farther from the camera than the red cube? Answer with yes or no.,No,No,21.0625,21.6875,True
/data/shared/Qwen/mydisk/output/SYNTHETIC/NVILA-Lite-2B-SYNTHETIC_MIX_5PCT_2M-20260226_023301/checkpoint-6250,obj2_farther,output/phasevar_5/0004_phA14_phB01.png,Is the magenta sphere farther from the camera than the red cube? Answer with yes or no.,No,Yes,21.34375,21.328125,False
/data/shared/Qwen/mydisk/output/SYNTHETIC/NVILA-Lite-2B-SYNTHETIC_MIX_5PCT_2M-20260226_023301/checkpoint-6250,obj2_farther,output/phasevar_5/0004_phA14_phB02.png,Is the magenta sphere farther from the camera than the red cube? Answer with yes or no.,No,Yes,21.984375,21.25,False
/data/shared/Qwen/mydisk/output/SYNTHETIC/NVILA-Lite-2B-SYNTHETIC_MIX_5PCT_2M-20260226_023301/checkpoint-6250,obj2_farther,output/phasevar_5/0004_phA14_phB03.png,Is the magenta sphere farther from the camera than the red cube? Answer with yes or no.,No,No,20.5,20.734375,True
/data/shared/Qwen/mydisk/output/SYNTHETIC/NVILA-Lite-2B-SYNTHETIC_MIX_5PCT_2M-20260226_023301/checkpoint-6250,obj2_farther,output/phasevar_5/0004_phA14_phB04.png,Is the magenta sphere farther from the camera than the red cube? Answer with yes or no.,No,No,20.109375,20.75,True
/data/shared/Qwen/mydisk/output/SYNTHETIC/NVILA-Lite-2B-SYNTHETIC_MIX_5PCT_2M-20260226_023301/checkpoint-6250,obj2_farther,output/phasevar_5/0004_phA14_phB05.png,Is the magenta sphere farther from the camera than the red cube? Answer with yes or no.,No,No,20.375,20.78125,True
/data/shared/Qwen/mydisk/output/SYNTHETIC/NVILA-Lite-2B-SYNTHETIC_MIX_5PCT_2M-20260226_023301/checkpoint-6250,obj2_farther,output/phasevar_5/0004_phA14_phB06.png,Is the magenta sphere farther from the camera than the red cube? Answer with yes or no.,No,Yes,21.140625,21.0625,False
/data/shared/Qwen/mydisk/output/SYNTHETIC/NVILA-Lite-2B-SYNTHETIC_MIX_5PCT_2M-20260226_023301/checkpoint-6250,obj2_farther,output/phasevar_5/0004_phA14_phB07.png,Is the magenta sphere farther from the camera than the red cube? Answer with yes or no.,No,No,21.015625,21.46875,True
/data/shared/Qwen/mydisk/output/SYNTHETIC/NVILA-Lite-2B-SYNTHETIC_MIX_5PCT_2M-20260226_023301/checkpoint-6250,obj2_farther,output/phasevar_5/0004_phA14_phB08.png,Is the magenta sphere farther from the camera than the red cube? Answer with yes or no.,No,No,21.265625,22.03125,True
/data/shared/Qwen/mydisk/output/SYNTHETIC/NVILA-Lite-2B-SYNTHETIC_MIX_5PCT_2M-20260226_023301/checkpoint-6250,obj2_farther,output/phasevar_5/0004_phA14_phB09.png,Is the magenta sphere farther from the camera than the red cube? Answer with yes or no.,No,No,21.296875,22.296875,True
/data/shared/Qwen/mydisk/output/SYNTHETIC/NVILA-Lite-2B-SYNTHETIC_MIX_5PCT_2M-20260226_023301/checkpoint-6250,obj2_farther,output/phasevar_5/0004_phA14_phB10.png,Is the magenta sphere farther from the camera than the red cube? Answer with yes or no.,No,No,20.859375,22.4375,True
/data/shared/Qwen/mydisk/output/SYNTHETIC/NVILA-Lite-2B-SYNTHETIC_MIX_5PCT_2M-20260226_023301/checkpoint-6250,obj2_farther,output/phasevar_5/0004_phA14_phB11.png,Is the magenta sphere farther from the camera than the red cube? Answer with yes or no.,No,No,19.84375,21.96875,True
/data/shared/Qwen/mydisk/output/SYNTHETIC/NVILA-Lite-2B-SYNTHETIC_MIX_5PCT_2M-20260226_023301/checkpoint-6250,obj2_farther,output/phasevar_5/0004_phA14_phB12.png,Is the magenta sphere farther from the camera than the red cube? Answer with yes or no.,No,No,19.515625,21.65625,True
/data/shared/Qwen/mydisk/output/SYNTHETIC/NVILA-Lite-2B-SYNTHETIC_MIX_5PCT_2M-20260226_023301/checkpoint-6250,obj2_farther,output/phasevar_5/0004_phA14_phB13.png,Is the magenta sphere farther from the camera than the red cube? Answer with yes or no.,No,No,19.609375,21.8125,True
/data/shared/Qwen/mydisk/output/SYNTHETIC/NVILA-Lite-2B-SYNTHETIC_MIX_5PCT_2M-20260226_023301/checkpoint-6250,obj2_farther,output/phasevar_5/0004_phA14_phB14.png,Is the magenta sphere farther from the camera than the red cube? Answer with yes or no.,No,No,20.640625,22.546875,True
/data/shared/Qwen/mydisk/output/SYNTHETIC/NVILA-Lite-2B-SYNTHETIC_MIX_5PCT_2M-20260226_023301/checkpoint-6250,obj2_farther,output/phasevar_5/0004_phA14_phB15.png,Is the magenta sphere farther from the camera than the red cube? Answer with yes or no.,No,No,20.578125,22.015625,True
/data/shared/Qwen/mydisk/output/SYNTHETIC/NVILA-Lite-2B-SYNTHETIC_MIX_5PCT_2M-20260226_023301/checkpoint-6250,obj2_farther,output/phasevar_5/0004_phA15_phB00.png,Is the magenta sphere farther from the camera than the red cube? Answer with yes or no.,No,No,20.640625,21.53125,True
/data/shared/Qwen/mydisk/output/SYNTHETIC/NVILA-Lite-2B-SYNTHETIC_MIX_5PCT_2M-20260226_023301/checkpoint-6250,obj2_farther,output/phasevar_5/0004_phA15_phB01.png,Is the magenta sphere farther from the camera than the red cube? Answer with yes or no.,No,No,21.390625,21.453125,True
/data/shared/Qwen/mydisk/output/SYNTHETIC/NVILA-Lite-2B-SYNTHETIC_MIX_5PCT_2M-20260226_023301/checkpoint-6250,obj2_farther,output/phasevar_5/0004_phA15_phB02.png,Is the magenta sphere farther from the camera than the red cube? Answer with yes or no.,No,Yes,21.84375,21.125,False
/data/shared/Qwen/mydisk/output/SYNTHETIC/NVILA-Lite-2B-SYNTHETIC_MIX_5PCT_2M-20260226_023301/checkpoint-6250,obj2_farther,output/phasevar_5/0004_phA15_phB03.png,Is the magenta sphere farther from the camera than the red cube? Answer with yes or no.,No,No,20.4375,20.5625,True
/data/shared/Qwen/mydisk/output/SYNTHETIC/NVILA-Lite-2B-SYNTHETIC_MIX_5PCT_2M-20260226_023301/checkpoint-6250,obj2_farther,output/phasevar_5/0004_phA15_phB04.png,Is the magenta sphere farther from the camera than the red cube? Answer with yes or no.,No,No,19.984375,20.609375,True
/data/shared/Qwen/mydisk/output/SYNTHETIC/NVILA-Lite-2B-SYNTHETIC_MIX_5PCT_2M-20260226_023301/checkpoint-6250,obj2_farther,output/phasevar_5/0004_phA15_phB05.png,Is the magenta sphere farther from the camera than the red cube? Answer with yes or no.,No,No,20.375,20.65625,True
/data/shared/Qwen/mydisk/output/SYNTHETIC/NVILA-Lite-2B-SYNTHETIC_MIX_5PCT_2M-20260226_023301/checkpoint-6250,obj2_farther,output/phasevar_5/0004_phA15_phB06.png,Is the magenta sphere farther from the camera than the red cube? Answer with yes or no.,No,Yes,21.1875,20.90625,False
/data/shared/Qwen/mydisk/output/SYNTHETIC/NVILA-Lite-2B-SYNTHETIC_MIX_5PCT_2M-20260226_023301/checkpoint-6250,obj2_farther,output/phasevar_5/0004_phA15_phB07.png,Is the magenta sphere farther from the camera than the red cube? Answer with yes or no.,No,No,21.015625,21.515625,True
/data/shared/Qwen/mydisk/output/SYNTHETIC/NVILA-Lite-2B-SYNTHETIC_MIX_5PCT_2M-20260226_023301/checkpoint-6250,obj2_farther,output/phasevar_5/0004_phA15_phB08.png,Is the magenta sphere farther from the camera than the red cube? Answer with yes or no.,No,No,21.109375,21.96875,True
/data/shared/Qwen/mydisk/output/SYNTHETIC/NVILA-Lite-2B-SYNTHETIC_MIX_5PCT_2M-20260226_023301/checkpoint-6250,obj2_farther,output/phasevar_5/0004_phA15_phB09.png,Is the magenta sphere farther from the camera than the red cube? Answer with yes or no.,No,No,21.25,22.390625,True
/data/shared/Qwen/mydisk/output/SYNTHETIC/NVILA-Lite-2B-SYNTHETIC_MIX_5PCT_2M-20260226_023301/checkpoint-6250,obj2_farther,output/phasevar_5/0004_phA15_phB10.png,Is the magenta sphere farther from the camera than the red cube? Answer with yes or no.,No,No,20.9375,22.46875,True
/data/shared/Qwen/mydisk/output/SYNTHETIC/NVILA-Lite-2B-SYNTHETIC_MIX_5PCT_2M-20260226_023301/checkpoint-6250,obj2_farther,output/phasevar_5/0004_phA15_phB11.png,Is the magenta sphere farther from the camera than the red cube? Answer with yes or no.,No,No,20.203125,22.140625,True
/data/shared/Qwen/mydisk/output/SYNTHETIC/NVILA-Lite-2B-SYNTHETIC_MIX_5PCT_2M-20260226_023301/checkpoint-6250,obj2_farther,output/phasevar_5/0004_phA15_phB12.png,Is the magenta sphere farther from the camera than the red cube? Answer with yes or no.,No,No,19.734375,21.65625,True
/data/shared/Qwen/mydisk/output/SYNTHETIC/NVILA-Lite-2B-SYNTHETIC_MIX_5PCT_2M-20260226_023301/checkpoint-6250,obj2_farther,output/phasevar_5/0004_phA15_phB13.png,Is the magenta sphere farther from the camera than the red cube? Answer with yes or no.,No,No,19.9375,21.890625,True
/data/shared/Qwen/mydisk/output/SYNTHETIC/NVILA-Lite-2B-SYNTHETIC_MIX_5PCT_2M-20260226_023301/checkpoint-6250,obj2_farther,output/phasevar_5/0004_phA15_phB14.png,Is the magenta sphere farther from the camera than the red cube? Answer with yes or no.,No,No,20.578125,22.578125,True
/data/shared/Qwen/mydisk/output/SYNTHETIC/NVILA-Lite-2B-SYNTHETIC_MIX_5PCT_2M-20260226_023301/checkpoint-6250,obj2_farther,output/phasevar_5/0004_phA15_phB15.png,Is the magenta sphere farther from the camera than the red cube? Answer with yes or no.,No,No,20.828125,22.453125,True
/data/shared/Qwen/mydisk/output/SYNTHETIC/NVILA-Lite-2B-SYNTHETIC_MIX_5PCT_2M-20260226_023301/checkpoint-6250,obj2_farther,output/phasevar_5/0005_phA00_phB00.png,Is the cyan cube farther from the camera than the magenta sphere? Answer with yes or no.,No,No,19.96875,21.265625,True
/data/shared/Qwen/mydisk/output/SYNTHETIC/NVILA-Lite-2B-SYNTHETIC_MIX_5PCT_2M-20260226_023301/checkpoint-6250,obj2_farther,output/phasevar_5/0005_phA00_phB01.png,Is the cyan cube farther from the camera than the magenta sphere? Answer with yes or no.,No,No,20.796875,21.765625,True
/data/shared/Qwen/mydisk/output/SYNTHETIC/NVILA-Lite-2B-SYNTHETIC_MIX_5PCT_2M-20260226_023301/checkpoint-6250,obj2_farther,output/phasevar_5/0005_phA00_phB02.png,Is the cyan cube farther from the camera than the magenta sphere? Answer with yes or no.,No,No,20.78125,21.84375,True
/data/shared/Qwen/mydisk/output/SYNTHETIC/NVILA-Lite-2B-SYNTHETIC_MIX_5PCT_2M-20260226_023301/checkpoint-6250,obj2_farther,output/phasevar_5/0005_phA00_phB03.png,Is the cyan cube farther from the camera than the magenta sphere? Answer with yes or no.,No,No,20.640625,20.9375,True
/data/shared/Qwen/mydisk/output/SYNTHETIC/NVILA-Lite-2B-SYNTHETIC_MIX_5PCT_2M-20260226_023301/checkpoint-6250,obj2_farther,output/phasevar_5/0005_phA00_phB04.png,Is the cyan cube farther from the camera than the magenta sphere? Answer with yes or no.,No,No,19.640625,20.6875,True
/data/shared/Qwen/mydisk/output/SYNTHETIC/NVILA-Lite-2B-SYNTHETIC_MIX_5PCT_2M-20260226_023301/checkpoint-6250,obj2_farther,output/phasevar_5/0005_phA00_phB05.png,Is the cyan cube farther from the camera than the magenta sphere? Answer with yes or no.,No,No,20.34375,21.234375,True
/data/shared/Qwen/mydisk/output/SYNTHETIC/NVILA-Lite-2B-SYNTHETIC_MIX_5PCT_2M-20260226_023301/checkpoint-6250,obj2_farther,output/phasevar_5/0005_phA00_phB06.png,Is the cyan cube farther from the camera than the magenta sphere? Answer with yes or no.,No,No,20.421875,21.40625,True
/data/shared/Qwen/mydisk/output/SYNTHETIC/NVILA-Lite-2B-SYNTHETIC_MIX_5PCT_2M-20260226_023301/checkpoint-6250,obj2_farther,output/phasevar_5/0005_phA00_phB07.png,Is the cyan cube farther from the camera than the magenta sphere? Answer with yes or no.,No,No,20.15625,21.53125,True
/data/shared/Qwen/mydisk/output/SYNTHETIC/NVILA-Lite-2B-SYNTHETIC_MIX_5PCT_2M-20260226_023301/checkpoint-6250,obj2_farther,output/phasevar_5/0005_phA00_phB08.png,Is the cyan cube farther from the camera than the magenta sphere? Answer with yes or no.,No,No,20.0625,21.453125,True
/data/shared/Qwen/mydisk/output/SYNTHETIC/NVILA-Lite-2B-SYNTHETIC_MIX_5PCT_2M-20260226_023301/checkpoint-6250,obj2_farther,output/phasevar_5/0005_phA00_phB09.png,Is the cyan cube farther from the camera than the magenta sphere? Answer with yes or no.,No,No,20.28125,21.640625,True
/data/shared/Qwen/mydisk/output/SYNTHETIC/NVILA-Lite-2B-SYNTHETIC_MIX_5PCT_2M-20260226_023301/checkpoint-6250,obj2_farther,output/phasevar_5/0005_phA00_phB10.png,Is the cyan cube farther from the camera than the magenta sphere? Answer with yes or no.,No,No,20.96875,22.09375,True
/data/shared/Qwen/mydisk/output/SYNTHETIC/NVILA-Lite-2B-SYNTHETIC_MIX_5PCT_2M-20260226_023301/checkpoint-6250,obj2_farther,output/phasevar_5/0005_phA00_phB11.png,Is the cyan cube farther from the camera than the magenta sphere? Answer with yes or no.,No,No,20.125,21.5625,True
/data/shared/Qwen/mydisk/output/SYNTHETIC/NVILA-Lite-2B-SYNTHETIC_MIX_5PCT_2M-20260226_023301/checkpoint-6250,obj2_farther,output/phasevar_5/0005_phA00_phB12.png,Is the cyan cube farther from the camera than the magenta sphere? Answer with yes or no.,No,No,19.765625,21.296875,True
/data/shared/Qwen/mydisk/output/SYNTHETIC/NVILA-Lite-2B-SYNTHETIC_MIX_5PCT_2M-20260226_023301/checkpoint-6250,obj2_farther,output/phasevar_5/0005_phA00_phB13.png,Is the cyan cube farther from the camera than the magenta sphere? Answer with yes or no.,No,No,19.671875,21.046875,True
/data/shared/Qwen/mydisk/output/SYNTHETIC/NVILA-Lite-2B-SYNTHETIC_MIX_5PCT_2M-20260226_023301/checkpoint-6250,obj2_farther,output/phasevar_5/0005_phA00_phB14.png,Is the cyan cube farther from the camera than the magenta sphere? Answer with yes or no.,No,No,20.59375,21.703125,True
/data/shared/Qwen/mydisk/output/SYNTHETIC/NVILA-Lite-2B-SYNTHETIC_MIX_5PCT_2M-20260226_023301/checkpoint-6250,obj2_farther,output/phasevar_5/0005_phA00_phB15.png,Is the cyan cube farther from the camera than the magenta sphere? Answer with yes or no.,No,No,20.0625,21.390625,True
/data/shared/Qwen/mydisk/output/SYNTHETIC/NVILA-Lite-2B-SYNTHETIC_MIX_5PCT_2M-20260226_023301/checkpoint-6250,obj2_farther,output/phasevar_5/0005_phA01_phB00.png,Is the cyan cube farther from the camera than the magenta sphere? Answer with yes or no.,No,No,19.859375,20.984375,True
/data/shared/Qwen/mydisk/output/SYNTHETIC/NVILA-Lite-2B-SYNTHETIC_MIX_5PCT_2M-20260226_023301/checkpoint-6250,obj2_farther,output/phasevar_5/0005_phA01_phB01.png,Is the cyan cube farther from the camera than the magenta sphere? Answer with yes or no.,No,No,20.6875,21.625,True
/data/shared/Qwen/mydisk/output/SYNTHETIC/NVILA-Lite-2B-SYNTHETIC_MIX_5PCT_2M-20260226_023301/checkpoint-6250,obj2_farther,output/phasevar_5/0005_phA01_phB02.png,Is the cyan cube farther from the camera than the magenta sphere? Answer with yes or no.,No,No,20.609375,21.671875,True
/data/shared/Qwen/mydisk/output/SYNTHETIC/NVILA-Lite-2B-SYNTHETIC_MIX_5PCT_2M-20260226_023301/checkpoint-6250,obj2_farther,output/phasevar_5/0005_phA01_phB03.png,Is the cyan cube farther from the camera than the magenta sphere? Answer with yes or no.,No,No,20.546875,20.859375,True
/data/shared/Qwen/mydisk/output/SYNTHETIC/NVILA-Lite-2B-SYNTHETIC_MIX_5PCT_2M-20260226_023301/checkpoint-6250,obj2_farther,output/phasevar_5/0005_phA01_phB04.png,Is the cyan cube farther from the camera than the magenta sphere? Answer with yes or no.,No,No,19.5,20.75,True
/data/shared/Qwen/mydisk/output/SYNTHETIC/NVILA-Lite-2B-SYNTHETIC_MIX_5PCT_2M-20260226_023301/checkpoint-6250,obj2_farther,output/phasevar_5/0005_phA01_phB05.png,Is the cyan cube farther from the camera than the magenta sphere? Answer with yes or no.,No,No,20.171875,21.171875,True
/data/shared/Qwen/mydisk/output/SYNTHETIC/NVILA-Lite-2B-SYNTHETIC_MIX_5PCT_2M-20260226_023301/checkpoint-6250,obj2_farther,output/phasevar_5/0005_phA01_phB06.png,Is the cyan cube farther from the camera than the magenta sphere? Answer with yes or no.,No,No,20.328125,21.453125,True
/data/shared/Qwen/mydisk/output/SYNTHETIC/NVILA-Lite-2B-SYNTHETIC_MIX_5PCT_2M-20260226_023301/checkpoint-6250,obj2_farther,output/phasevar_5/0005_phA01_phB07.png,Is the cyan cube farther from the camera than the magenta sphere? Answer with yes or no.,No,No,19.90625,21.4375,True
/data/shared/Qwen/mydisk/output/SYNTHETIC/NVILA-Lite-2B-SYNTHETIC_MIX_5PCT_2M-20260226_023301/checkpoint-6250,obj2_farther,output/phasevar_5/0005_phA01_phB08.png,Is the cyan cube farther from the camera than the magenta sphere? Answer with yes or no.,No,No,19.890625,21.28125,True
/data/shared/Qwen/mydisk/output/SYNTHETIC/NVILA-Lite-2B-SYNTHETIC_MIX_5PCT_2M-20260226_023301/checkpoint-6250,obj2_farther,output/phasevar_5/0005_phA01_phB09.png,Is the cyan cube farther from the camera than the magenta sphere? Answer with yes or no.,No,No,20.296875,21.703125,True
/data/shared/Qwen/mydisk/output/SYNTHETIC/NVILA-Lite-2B-SYNTHETIC_MIX_5PCT_2M-20260226_023301/checkpoint-6250,obj2_farther,output/phasevar_5/0005_phA01_phB10.png,Is the cyan cube farther from the camera than the magenta sphere? Answer with yes or no.,No,No,20.953125,22.140625,True
/data/shared/Qwen/mydisk/output/SYNTHETIC/NVILA-Lite-2B-SYNTHETIC_MIX_5PCT_2M-20260226_023301/checkpoint-6250,obj2_farther,output/phasevar_5/0005_phA01_phB11.png,Is the cyan cube farther from the camera than the magenta sphere? Answer with yes or no.,No,No,20.203125,21.671875,True
/data/shared/Qwen/mydisk/output/SYNTHETIC/NVILA-Lite-2B-SYNTHETIC_MIX_5PCT_2M-20260226_023301/checkpoint-6250,obj2_farther,output/phasevar_5/0005_phA01_phB12.png,Is the cyan cube farther from the camera than the magenta sphere? Answer with yes or no.,No,No,19.890625,21.40625,True
/data/shared/Qwen/mydisk/output/SYNTHETIC/NVILA-Lite-2B-SYNTHETIC_MIX_5PCT_2M-20260226_023301/checkpoint-6250,obj2_farther,output/phasevar_5/0005_phA01_phB13.png,Is the cyan cube farther from the camera than the magenta sphere? Answer with yes or no.,No,No,19.75,21.125,True
/data/shared/Qwen/mydisk/output/SYNTHETIC/NVILA-Lite-2B-SYNTHETIC_MIX_5PCT_2M-20260226_023301/checkpoint-6250,obj2_farther,output/phasevar_5/0005_phA01_phB14.png,Is the cyan cube farther from the camera than the magenta sphere? Answer with yes or no.,No,No,20.515625,21.515625,True
/data/shared/Qwen/mydisk/output/SYNTHETIC/NVILA-Lite-2B-SYNTHETIC_MIX_5PCT_2M-20260226_023301/checkpoint-6250,obj2_farther,output/phasevar_5/0005_phA01_phB15.png,Is the cyan cube farther from the camera than the magenta sphere? Answer with yes or no.,No,No,20.171875,21.359375,True
/data/shared/Qwen/mydisk/output/SYNTHETIC/NVILA-Lite-2B-SYNTHETIC_MIX_5PCT_2M-20260226_023301/checkpoint-6250,obj2_farther,output/phasevar_5/0005_phA02_phB00.png,Is the cyan cube farther from the camera than the magenta sphere? Answer with yes or no.,No,No,19.78125,20.875,True
/data/shared/Qwen/mydisk/output/SYNTHETIC/NVILA-Lite-2B-SYNTHETIC_MIX_5PCT_2M-20260226_023301/checkpoint-6250,obj2_farther,output/phasevar_5/0005_phA02_phB01.png,Is the cyan cube farther from the camera than the magenta sphere? Answer with yes or no.,No,No,20.234375,21.171875,True
/data/shared/Qwen/mydisk/output/SYNTHETIC/NVILA-Lite-2B-SYNTHETIC_MIX_5PCT_2M-20260226_023301/checkpoint-6250,obj2_farther,output/phasevar_5/0005_phA02_phB02.png,Is the cyan cube farther from the camera than the magenta sphere? Answer with yes or no.,No,No,20.53125,21.5625,True
/data/shared/Qwen/mydisk/output/SYNTHETIC/NVILA-Lite-2B-SYNTHETIC_MIX_5PCT_2M-20260226_023301/checkpoint-6250,obj2_farther,output/phasevar_5/0005_phA02_phB03.png,Is the cyan cube farther from the camera than the magenta sphere? Answer with yes or no.,No,No,20.390625,20.453125,True
/data/shared/Qwen/mydisk/output/SYNTHETIC/NVILA-Lite-2B-SYNTHETIC_MIX_5PCT_2M-20260226_023301/checkpoint-6250,obj2_farther,output/phasevar_5/0005_phA02_phB04.png,Is the cyan cube farther from the camera than the magenta sphere? Answer with yes or no.,No,No,19.28125,20.484375,True
/data/shared/Qwen/mydisk/output/SYNTHETIC/NVILA-Lite-2B-SYNTHETIC_MIX_5PCT_2M-20260226_023301/checkpoint-6250,obj2_farther,output/phasevar_5/0005_phA02_phB05.png,Is the cyan cube farther from the camera than the magenta sphere? Answer with yes or no.,No,No,19.890625,21.0,True
/data/shared/Qwen/mydisk/output/SYNTHETIC/NVILA-Lite-2B-SYNTHETIC_MIX_5PCT_2M-20260226_023301/checkpoint-6250,obj2_farther,output/phasevar_5/0005_phA02_phB06.png,Is the cyan cube farther from the camera than the magenta sphere? Answer with yes or no.,No,No,20.234375,21.4375,True
/data/shared/Qwen/mydisk/output/SYNTHETIC/NVILA-Lite-2B-SYNTHETIC_MIX_5PCT_2M-20260226_023301/checkpoint-6250,obj2_farther,output/phasevar_5/0005_phA02_phB07.png,Is the cyan cube farther from the camera than the magenta sphere? Answer with yes or no.,No,No,19.921875,21.328125,True
/data/shared/Qwen/mydisk/output/SYNTHETIC/NVILA-Lite-2B-SYNTHETIC_MIX_5PCT_2M-20260226_023301/checkpoint-6250,obj2_farther,output/phasevar_5/0005_phA02_phB08.png,Is the cyan cube farther from the camera than the magenta sphere? Answer with yes or no.,No,No,19.921875,21.15625,True
/data/shared/Qwen/mydisk/output/SYNTHETIC/NVILA-Lite-2B-SYNTHETIC_MIX_5PCT_2M-20260226_023301/checkpoint-6250,obj2_farther,output/phasevar_5/0005_phA02_phB09.png,Is the cyan cube farther from the camera than the magenta sphere? Answer with yes or no.,No,No,20.4375,21.75,True
/data/shared/Qwen/mydisk/output/SYNTHETIC/NVILA-Lite-2B-SYNTHETIC_MIX_5PCT_2M-20260226_023301/checkpoint-6250,obj2_farther,output/phasevar_5/0005_phA02_phB10.png,Is the cyan cube farther from the camera than the magenta sphere? Answer with yes or no.,No,No,21.203125,22.375,True
/data/shared/Qwen/mydisk/output/SYNTHETIC/NVILA-Lite-2B-SYNTHETIC_MIX_5PCT_2M-20260226_023301/checkpoint-6250,obj2_farther,output/phasevar_5/0005_phA02_phB11.png,Is the cyan cube farther from the camera than the magenta sphere? Answer with yes or no.,No,No,20.5625,21.921875,True
/data/shared/Qwen/mydisk/output/SYNTHETIC/NVILA-Lite-2B-SYNTHETIC_MIX_5PCT_2M-20260226_023301/checkpoint-6250,obj2_farther,output/phasevar_5/0005_phA02_phB12.png,Is the cyan cube farther from the camera than the magenta sphere? Answer with yes or no.,No,No,20.40625,21.8125,True
/data/shared/Qwen/mydisk/output/SYNTHETIC/NVILA-Lite-2B-SYNTHETIC_MIX_5PCT_2M-20260226_023301/checkpoint-6250,obj2_farther,output/phasevar_5/0005_phA02_phB13.png,Is the cyan cube farther from the camera than the magenta sphere? Answer with yes or no.,No,No,20.1875,21.578125,True
/data/shared/Qwen/mydisk/output/SYNTHETIC/NVILA-Lite-2B-SYNTHETIC_MIX_5PCT_2M-20260226_023301/checkpoint-6250,obj2_farther,output/phasevar_5/0005_phA02_phB14.png,Is the cyan cube farther from the camera than the magenta sphere? Answer with yes or no.,No,No,20.390625,21.515625,True
/data/shared/Qwen/mydisk/output/SYNTHETIC/NVILA-Lite-2B-SYNTHETIC_MIX_5PCT_2M-20260226_023301/checkpoint-6250,obj2_farther,output/phasevar_5/0005_phA02_phB15.png,Is the cyan cube farther from the camera than the magenta sphere? Answer with yes or no.,No,No,20.3125,21.359375,True
/data/shared/Qwen/mydisk/output/SYNTHETIC/NVILA-Lite-2B-SYNTHETIC_MIX_5PCT_2M-20260226_023301/checkpoint-6250,obj2_farther,output/phasevar_5/0005_phA03_phB00.png,Is the cyan cube farther from the camera than the magenta sphere? Answer with yes or no.,No,No,19.640625,20.546875,True
/data/shared/Qwen/mydisk/output/SYNTHETIC/NVILA-Lite-2B-SYNTHETIC_MIX_5PCT_2M-20260226_023301/checkpoint-6250,obj2_farther,output/phasevar_5/0005_phA03_phB01.png,Is the cyan cube farther from the camera than the magenta sphere? Answer with yes or no.,No,No,19.890625,20.84375,True
/data/shared/Qwen/mydisk/output/SYNTHETIC/NVILA-Lite-2B-SYNTHETIC_MIX_5PCT_2M-20260226_023301/checkpoint-6250,obj2_farther,output/phasevar_5/0005_phA03_phB02.png,Is the cyan cube farther from the camera than the magenta sphere? Answer with yes or no.,No,No,20.03125,21.109375,True
/data/shared/Qwen/mydisk/output/SYNTHETIC/NVILA-Lite-2B-SYNTHETIC_MIX_5PCT_2M-20260226_023301/checkpoint-6250,obj2_farther,output/phasevar_5/0005_phA03_phB03.png,Is the cyan cube farther from the camera than the magenta sphere? Answer with yes or no.,No,No,20.328125,20.390625,True
/data/shared/Qwen/mydisk/output/SYNTHETIC/NVILA-Lite-2B-SYNTHETIC_MIX_5PCT_2M-20260226_023301/checkpoint-6250,obj2_farther,output/phasevar_5/0005_phA03_phB04.png,Is the cyan cube farther from the camera than the magenta sphere? Answer with yes or no.,No,No,19.015625,20.09375,True
/data/shared/Qwen/mydisk/output/SYNTHETIC/NVILA-Lite-2B-SYNTHETIC_MIX_5PCT_2M-20260226_023301/checkpoint-6250,obj2_farther,output/phasevar_5/0005_phA03_phB05.png,Is the cyan cube farther from the camera than the magenta sphere? Answer with yes or no.,No,No,19.59375,20.546875,True
/data/shared/Qwen/mydisk/output/SYNTHETIC/NVILA-Lite-2B-SYNTHETIC_MIX_5PCT_2M-20260226_023301/checkpoint-6250,obj2_farther,output/phasevar_5/0005_phA03_phB06.png,Is the cyan cube farther from the camera than the magenta sphere? Answer with yes or no.,No,No,19.875,20.875,True
/data/shared/Qwen/mydisk/output/SYNTHETIC/NVILA-Lite-2B-SYNTHETIC_MIX_5PCT_2M-20260226_023301/checkpoint-6250,obj2_farther,output/phasevar_5/0005_phA03_phB07.png,Is the cyan cube farther from the camera than the magenta sphere? Answer with yes or no.,No,No,19.390625,20.625,True
/data/shared/Qwen/mydisk/output/SYNTHETIC/NVILA-Lite-2B-SYNTHETIC_MIX_5PCT_2M-20260226_023301/checkpoint-6250,obj2_farther,output/phasevar_5/0005_phA03_phB08.png,Is the cyan cube farther from the camera than the magenta sphere? Answer with yes or no.,No,No,19.46875,20.53125,True
/data/shared/Qwen/mydisk/output/SYNTHETIC/NVILA-Lite-2B-SYNTHETIC_MIX_5PCT_2M-20260226_023301/checkpoint-6250,obj2_farther,output/phasevar_5/0005_phA03_phB09.png,Is the cyan cube farther from the camera than the magenta sphere? Answer with yes or no.,No,No,20.1875,21.28125,True
/data/shared/Qwen/mydisk/output/SYNTHETIC/NVILA-Lite-2B-SYNTHETIC_MIX_5PCT_2M-20260226_023301/checkpoint-6250,obj2_farther,output/phasevar_5/0005_phA03_phB10.png,Is the cyan cube farther from the camera than the magenta sphere? Answer with yes or no.,No,No,20.96875,21.9375,True
/data/shared/Qwen/mydisk/output/SYNTHETIC/NVILA-Lite-2B-SYNTHETIC_MIX_5PCT_2M-20260226_023301/checkpoint-6250,obj2_farther,output/phasevar_5/0005_phA03_phB11.png,Is the cyan cube farther from the camera than the magenta sphere? Answer with yes or no.,No,No,20.09375,21.4375,True
/data/shared/Qwen/mydisk/output/SYNTHETIC/NVILA-Lite-2B-SYNTHETIC_MIX_5PCT_2M-20260226_023301/checkpoint-6250,obj2_farther,output/phasevar_5/0005_phA03_phB12.png,Is the cyan cube farther from the camera than the magenta sphere? Answer with yes or no.,No,No,20.0,21.359375,True
/data/shared/Qwen/mydisk/output/SYNTHETIC/NVILA-Lite-2B-SYNTHETIC_MIX_5PCT_2M-20260226_023301/checkpoint-6250,obj2_farther,output/phasevar_5/0005_phA03_phB13.png,Is the cyan cube farther from the camera than the magenta sphere? Answer with yes or no.,No,No,19.96875,21.140625,True
/data/shared/Qwen/mydisk/output/SYNTHETIC/NVILA-Lite-2B-SYNTHETIC_MIX_5PCT_2M-20260226_023301/checkpoint-6250,obj2_farther,output/phasevar_5/0005_phA03_phB14.png,Is the cyan cube farther from the camera than the magenta sphere? Answer with yes or no.,No,No,20.328125,21.15625,True
/data/shared/Qwen/mydisk/output/SYNTHETIC/NVILA-Lite-2B-SYNTHETIC_MIX_5PCT_2M-20260226_023301/checkpoint-6250,obj2_farther,output/phasevar_5/0005_phA03_phB15.png,Is the cyan cube farther from the camera than the magenta sphere? Answer with yes or no.,No,No,20.078125,20.9375,True
/data/shared/Qwen/mydisk/output/SYNTHETIC/NVILA-Lite-2B-SYNTHETIC_MIX_5PCT_2M-20260226_023301/checkpoint-6250,obj2_farther,output/phasevar_5/0005_phA04_phB00.png,Is the cyan cube farther from the camera than the magenta sphere? Answer with yes or no.,No,No,19.59375,20.453125,True
/data/shared/Qwen/mydisk/output/SYNTHETIC/NVILA-Lite-2B-SYNTHETIC_MIX_5PCT_2M-20260226_023301/checkpoint-6250,obj2_farther,output/phasevar_5/0005_phA04_phB01.png,Is the cyan cube farther from the camera than the magenta sphere? Answer with yes or no.,No,No,19.703125,20.640625,True
/data/shared/Qwen/mydisk/output/SYNTHETIC/NVILA-Lite-2B-SYNTHETIC_MIX_5PCT_2M-20260226_023301/checkpoint-6250,obj2_farther,output/phasevar_5/0005_phA04_phB02.png,Is the cyan cube farther from the camera than the magenta sphere? Answer with yes or no.,No,No,19.59375,20.609375,True
/data/shared/Qwen/mydisk/output/SYNTHETIC/NVILA-Lite-2B-SYNTHETIC_MIX_5PCT_2M-20260226_023301/checkpoint-6250,obj2_farther,output/phasevar_5/0005_phA04_phB03.png,Is the cyan cube farther from the camera than the magenta sphere? Answer with yes or no.,No,No,20.046875,20.203125,True
/data/shared/Qwen/mydisk/output/SYNTHETIC/NVILA-Lite-2B-SYNTHETIC_MIX_5PCT_2M-20260226_023301/checkpoint-6250,obj2_farther,output/phasevar_5/0005_phA04_phB04.png,Is the cyan cube farther from the camera than the magenta sphere? Answer with yes or no.,No,No,18.953125,19.90625,True
/data/shared/Qwen/mydisk/output/SYNTHETIC/NVILA-Lite-2B-SYNTHETIC_MIX_5PCT_2M-20260226_023301/checkpoint-6250,obj2_farther,output/phasevar_5/0005_phA04_phB05.png,Is the cyan cube farther from the camera than the magenta sphere? Answer with yes or no.,No,No,19.359375,20.265625,True
/data/shared/Qwen/mydisk/output/SYNTHETIC/NVILA-Lite-2B-SYNTHETIC_MIX_5PCT_2M-20260226_023301/checkpoint-6250,obj2_farther,output/phasevar_5/0005_phA04_phB06.png,Is the cyan cube farther from the camera than the magenta sphere? Answer with yes or no.,No,No,19.640625,20.53125,True
/data/shared/Qwen/mydisk/output/SYNTHETIC/NVILA-Lite-2B-SYNTHETIC_MIX_5PCT_2M-20260226_023301/checkpoint-6250,obj2_farther,output/phasevar_5/0005_phA04_phB07.png,Is the cyan cube farther from the camera than the magenta sphere? Answer with yes or no.,No,No,19.0625,20.140625,True
/data/shared/Qwen/mydisk/output/SYNTHETIC/NVILA-Lite-2B-SYNTHETIC_MIX_5PCT_2M-20260226_023301/checkpoint-6250,obj2_farther,output/phasevar_5/0005_phA04_phB08.png,Is the cyan cube farther from the camera than the magenta sphere? Answer with yes or no.,No,No,19.34375,20.28125,True
/data/shared/Qwen/mydisk/output/SYNTHETIC/NVILA-Lite-2B-SYNTHETIC_MIX_5PCT_2M-20260226_023301/checkpoint-6250,obj2_farther,output/phasevar_5/0005_phA04_phB09.png,Is the cyan cube farther from the camera than the magenta sphere? Answer with yes or no.,No,No,20.109375,21.0,True
/data/shared/Qwen/mydisk/output/SYNTHETIC/NVILA-Lite-2B-SYNTHETIC_MIX_5PCT_2M-20260226_023301/checkpoint-6250,obj2_farther,output/phasevar_5/0005_phA04_phB10.png,Is the cyan cube farther from the camera than the magenta sphere? Answer with yes or no.,No,No,20.921875,21.703125,True
/data/shared/Qwen/mydisk/output/SYNTHETIC/NVILA-Lite-2B-SYNTHETIC_MIX_5PCT_2M-20260226_023301/checkpoint-6250,obj2_farther,output/phasevar_5/0005_phA04_phB11.png,Is the cyan cube farther from the camera than the magenta sphere? Answer with yes or no.,No,No,20.25,21.40625,True
/data/shared/Qwen/mydisk/output/SYNTHETIC/NVILA-Lite-2B-SYNTHETIC_MIX_5PCT_2M-20260226_023301/checkpoint-6250,obj2_farther,output/phasevar_5/0005_phA04_phB12.png,Is the cyan cube farther from the camera than the magenta sphere? Answer with yes or no.,No,No,19.890625,20.921875,True
/data/shared/Qwen/mydisk/output/SYNTHETIC/NVILA-Lite-2B-SYNTHETIC_MIX_5PCT_2M-20260226_023301/checkpoint-6250,obj2_farther,output/phasevar_5/0005_phA04_phB13.png,Is the cyan cube farther from the camera than the magenta sphere? Answer with yes or no.,No,No,19.796875,20.890625,True
/data/shared/Qwen/mydisk/output/SYNTHETIC/NVILA-Lite-2B-SYNTHETIC_MIX_5PCT_2M-20260226_023301/checkpoint-6250,obj2_farther,output/phasevar_5/0005_phA04_phB14.png,Is the cyan cube farther from the camera than the magenta sphere? Answer with yes or no.,No,No,20.125,20.90625,True
/data/shared/Qwen/mydisk/output/SYNTHETIC/NVILA-Lite-2B-SYNTHETIC_MIX_5PCT_2M-20260226_023301/checkpoint-6250,obj2_farther,output/phasevar_5/0005_phA04_phB15.png,Is the cyan cube farther from the camera than the magenta sphere? Answer with yes or no.,No,No,19.953125,20.765625,True
/data/shared/Qwen/mydisk/output/SYNTHETIC/NVILA-Lite-2B-SYNTHETIC_MIX_5PCT_2M-20260226_023301/checkpoint-6250,obj2_farther,output/phasevar_5/0005_phA05_phB00.png,Is the cyan cube farther from the camera than the magenta sphere? Answer with yes or no.,No,No,19.5625,20.625,True
/data/shared/Qwen/mydisk/output/SYNTHETIC/NVILA-Lite-2B-SYNTHETIC_MIX_5PCT_2M-20260226_023301/checkpoint-6250,obj2_farther,output/phasevar_5/0005_phA05_phB01.png,Is the cyan cube farther from the camera than the magenta sphere? Answer with yes or no.,No,No,19.625,20.78125,True
/data/shared/Qwen/mydisk/output/SYNTHETIC/NVILA-Lite-2B-SYNTHETIC_MIX_5PCT_2M-20260226_023301/checkpoint-6250,obj2_farther,output/phasevar_5/0005_phA05_phB02.png,Is the cyan cube farther from the camera than the magenta sphere? Answer with yes or no.,No,No,19.296875,20.453125,True
/data/shared/Qwen/mydisk/output/SYNTHETIC/NVILA-Lite-2B-SYNTHETIC_MIX_5PCT_2M-20260226_023301/checkpoint-6250,obj2_farther,output/phasevar_5/0005_phA05_phB03.png,Is the cyan cube farther from the camera than the magenta sphere? Answer with yes or no.,No,No,19.9375,20.3125,True
/data/shared/Qwen/mydisk/output/SYNTHETIC/NVILA-Lite-2B-SYNTHETIC_MIX_5PCT_2M-20260226_023301/checkpoint-6250,obj2_farther,output/phasevar_5/0005_phA05_phB04.png,Is the cyan cube farther from the camera than the magenta sphere? Answer with yes or no.,No,No,18.859375,19.921875,True
/data/shared/Qwen/mydisk/output/SYNTHETIC/NVILA-Lite-2B-SYNTHETIC_MIX_5PCT_2M-20260226_023301/checkpoint-6250,obj2_farther,output/phasevar_5/0005_phA05_phB05.png,Is the cyan cube farther from the camera than the magenta sphere? Answer with yes or no.,No,No,19.359375,20.28125,True
/data/shared/Qwen/mydisk/output/SYNTHETIC/NVILA-Lite-2B-SYNTHETIC_MIX_5PCT_2M-20260226_023301/checkpoint-6250,obj2_farther,output/phasevar_5/0005_phA05_phB06.png,Is the cyan cube farther from the camera than the magenta sphere? Answer with yes or no.,No,No,19.421875,20.46875,True
/data/shared/Qwen/mydisk/output/SYNTHETIC/NVILA-Lite-2B-SYNTHETIC_MIX_5PCT_2M-20260226_023301/checkpoint-6250,obj2_farther,output/phasevar_5/0005_phA05_phB07.png,Is the cyan cube farther from the camera than the magenta sphere? Answer with yes or no.,No,No,18.96875,20.09375,True
/data/shared/Qwen/mydisk/output/SYNTHETIC/NVILA-Lite-2B-SYNTHETIC_MIX_5PCT_2M-20260226_023301/checkpoint-6250,obj2_farther,output/phasevar_5/0005_phA05_phB08.png,Is the cyan cube farther from the camera than the magenta sphere? Answer with yes or no.,No,No,19.265625,20.3125,True
/data/shared/Qwen/mydisk/output/SYNTHETIC/NVILA-Lite-2B-SYNTHETIC_MIX_5PCT_2M-20260226_023301/checkpoint-6250,obj2_farther,output/phasevar_5/0005_phA05_phB09.png,Is the cyan cube farther from the camera than the magenta sphere? Answer with yes or no.,No,No,19.953125,20.984375,True
/data/shared/Qwen/mydisk/output/SYNTHETIC/NVILA-Lite-2B-SYNTHETIC_MIX_5PCT_2M-20260226_023301/checkpoint-6250,obj2_farther,output/phasevar_5/0005_phA05_phB10.png,Is the cyan cube farther from the camera than the magenta sphere? Answer with yes or no.,No,No,20.90625,21.734375,True
/data/shared/Qwen/mydisk/output/SYNTHETIC/NVILA-Lite-2B-SYNTHETIC_MIX_5PCT_2M-20260226_023301/checkpoint-6250,obj2_farther,output/phasevar_5/0005_phA05_phB11.png,Is the cyan cube farther from the camera than the magenta sphere? Answer with yes or no.,No,No,20.109375,21.359375,True
/data/shared/Qwen/mydisk/output/SYNTHETIC/NVILA-Lite-2B-SYNTHETIC_MIX_5PCT_2M-20260226_023301/checkpoint-6250,obj2_farther,output/phasevar_5/0005_phA05_phB12.png,Is the cyan cube farther from the camera than the magenta sphere? Answer with yes or no.,No,No,19.8125,21.0,True
/data/shared/Qwen/mydisk/output/SYNTHETIC/NVILA-Lite-2B-SYNTHETIC_MIX_5PCT_2M-20260226_023301/checkpoint-6250,obj2_farther,output/phasevar_5/0005_phA05_phB13.png,Is the cyan cube farther from the camera than the magenta sphere? Answer with yes or no.,No,No,19.84375,21.09375,True
/data/shared/Qwen/mydisk/output/SYNTHETIC/NVILA-Lite-2B-SYNTHETIC_MIX_5PCT_2M-20260226_023301/checkpoint-6250,obj2_farther,output/phasevar_5/0005_phA05_phB14.png,Is the cyan cube farther from the camera than the magenta sphere? Answer with yes or no.,No,No,20.0,20.984375,True
/data/shared/Qwen/mydisk/output/SYNTHETIC/NVILA-Lite-2B-SYNTHETIC_MIX_5PCT_2M-20260226_023301/checkpoint-6250,obj2_farther,output/phasevar_5/0005_phA05_phB15.png,Is the cyan cube farther from the camera than the magenta sphere? Answer with yes or no.,No,No,19.8125,20.890625,True
/data/shared/Qwen/mydisk/output/SYNTHETIC/NVILA-Lite-2B-SYNTHETIC_MIX_5PCT_2M-20260226_023301/checkpoint-6250,obj2_farther,output/phasevar_5/0005_phA06_phB00.png,Is the cyan cube farther from the camera than the magenta sphere? Answer with yes or no.,No,No,19.6875,20.65625,True
/data/shared/Qwen/mydisk/output/SYNTHETIC/NVILA-Lite-2B-SYNTHETIC_MIX_5PCT_2M-20260226_023301/checkpoint-6250,obj2_farther,output/phasevar_5/0005_phA06_phB01.png,Is the cyan cube farther from the camera than the magenta sphere? Answer with yes or no.,No,No,19.78125,20.859375,True
/data/shared/Qwen/mydisk/output/SYNTHETIC/NVILA-Lite-2B-SYNTHETIC_MIX_5PCT_2M-20260226_023301/checkpoint-6250,obj2_farther,output/phasevar_5/0005_phA06_phB02.png,Is the cyan cube farther from the camera than the magenta sphere? Answer with yes or no.,No,No,19.375,20.59375,True
/data/shared/Qwen/mydisk/output/SYNTHETIC/NVILA-Lite-2B-SYNTHETIC_MIX_5PCT_2M-20260226_023301/checkpoint-6250,obj2_farther,output/phasevar_5/0005_phA06_phB03.png,Is the cyan cube farther from the camera than the magenta sphere? Answer with yes or no.,No,No,19.90625,20.21875,True
/data/shared/Qwen/mydisk/output/SYNTHETIC/NVILA-Lite-2B-SYNTHETIC_MIX_5PCT_2M-20260226_023301/checkpoint-6250,obj2_farther,output/phasevar_5/0005_phA06_phB04.png,Is the cyan cube farther from the camera than the magenta sphere? Answer with yes or no.,No,No,18.78125,19.8125,True
/data/shared/Qwen/mydisk/output/SYNTHETIC/NVILA-Lite-2B-SYNTHETIC_MIX_5PCT_2M-20260226_023301/checkpoint-6250,obj2_farther,output/phasevar_5/0005_phA06_phB05.png,Is the cyan cube farther from the camera than the magenta sphere? Answer with yes or no.,No,No,19.1875,20.171875,True
/data/shared/Qwen/mydisk/output/SYNTHETIC/NVILA-Lite-2B-SYNTHETIC_MIX_5PCT_2M-20260226_023301/checkpoint-6250,obj2_farther,output/phasevar_5/0005_phA06_phB06.png,Is the cyan cube farther from the camera than the magenta sphere? Answer with yes or no.,No,No,19.40625,20.703125,True
/data/shared/Qwen/mydisk/output/SYNTHETIC/NVILA-Lite-2B-SYNTHETIC_MIX_5PCT_2M-20260226_023301/checkpoint-6250,obj2_farther,output/phasevar_5/0005_phA06_phB07.png,Is the cyan cube farther from the camera than the magenta sphere? Answer with yes or no.,No,No,18.953125,20.234375,True
/data/shared/Qwen/mydisk/output/SYNTHETIC/NVILA-Lite-2B-SYNTHETIC_MIX_5PCT_2M-20260226_023301/checkpoint-6250,obj2_farther,output/phasevar_5/0005_phA06_phB08.png,Is the cyan cube farther from the camera than the magenta sphere? Answer with yes or no.,No,No,19.328125,20.46875,True
/data/shared/Qwen/mydisk/output/SYNTHETIC/NVILA-Lite-2B-SYNTHETIC_MIX_5PCT_2M-20260226_023301/checkpoint-6250,obj2_farther,output/phasevar_5/0005_phA06_phB09.png,Is the cyan cube farther from the camera than the magenta sphere? Answer with yes or no.,No,No,19.890625,21.125,True
/data/shared/Qwen/mydisk/output/SYNTHETIC/NVILA-Lite-2B-SYNTHETIC_MIX_5PCT_2M-20260226_023301/checkpoint-6250,obj2_farther,output/phasevar_5/0005_phA06_phB10.png,Is the cyan cube farther from the camera than the magenta sphere? Answer with yes or no.,No,No,20.734375,21.65625,True
/data/shared/Qwen/mydisk/output/SYNTHETIC/NVILA-Lite-2B-SYNTHETIC_MIX_5PCT_2M-20260226_023301/checkpoint-6250,obj2_farther,output/phasevar_5/0005_phA06_phB11.png,Is the cyan cube farther from the camera than the magenta sphere? Answer with yes or no.,No,No,20.078125,21.265625,True
/data/shared/Qwen/mydisk/output/SYNTHETIC/NVILA-Lite-2B-SYNTHETIC_MIX_5PCT_2M-20260226_023301/checkpoint-6250,obj2_farther,output/phasevar_5/0005_phA06_phB12.png,Is the cyan cube farther from the camera than the magenta sphere? Answer with yes or no.,No,No,19.84375,21.125,True
/data/shared/Qwen/mydisk/output/SYNTHETIC/NVILA-Lite-2B-SYNTHETIC_MIX_5PCT_2M-20260226_023301/checkpoint-6250,obj2_farther,output/phasevar_5/0005_phA06_phB13.png,Is the cyan cube farther from the camera than the magenta sphere? Answer with yes or no.,No,No,19.90625,21.25,True
/data/shared/Qwen/mydisk/output/SYNTHETIC/NVILA-Lite-2B-SYNTHETIC_MIX_5PCT_2M-20260226_023301/checkpoint-6250,obj2_farther,output/phasevar_5/0005_phA06_phB14.png,Is the cyan cube farther from the camera than the magenta sphere? Answer with yes or no.,No,No,20.0,21.0,True
/data/shared/Qwen/mydisk/output/SYNTHETIC/NVILA-Lite-2B-SYNTHETIC_MIX_5PCT_2M-20260226_023301/checkpoint-6250,obj2_farther,output/phasevar_5/0005_phA06_phB15.png,Is the cyan cube farther from the camera than the magenta sphere? Answer with yes or no.,No,No,19.8125,20.90625,True
/data/shared/Qwen/mydisk/output/SYNTHETIC/NVILA-Lite-2B-SYNTHETIC_MIX_5PCT_2M-20260226_023301/checkpoint-6250,obj2_farther,output/phasevar_5/0005_phA07_phB00.png,Is the cyan cube farther from the camera than the magenta sphere? Answer with yes or no.,No,No,19.421875,20.90625,True
/data/shared/Qwen/mydisk/output/SYNTHETIC/NVILA-Lite-2B-SYNTHETIC_MIX_5PCT_2M-20260226_023301/checkpoint-6250,obj2_farther,output/phasevar_5/0005_phA07_phB01.png,Is the cyan cube farther from the camera than the magenta sphere? Answer with yes or no.,No,No,19.5625,21.078125,True
/data/shared/Qwen/mydisk/output/SYNTHETIC/NVILA-Lite-2B-SYNTHETIC_MIX_5PCT_2M-20260226_023301/checkpoint-6250,obj2_farther,output/phasevar_5/0005_phA07_phB02.png,Is the cyan cube farther from the camera than the magenta sphere? Answer with yes or no.,No,No,19.390625,20.640625,True
/data/shared/Qwen/mydisk/output/SYNTHETIC/NVILA-Lite-2B-SYNTHETIC_MIX_5PCT_2M-20260226_023301/checkpoint-6250,obj2_farther,output/phasevar_5/0005_phA07_phB03.png,Is the cyan cube farther from the camera than the magenta sphere? Answer with yes or no.,No,No,19.9375,20.40625,True
/data/shared/Qwen/mydisk/output/SYNTHETIC/NVILA-Lite-2B-SYNTHETIC_MIX_5PCT_2M-20260226_023301/checkpoint-6250,obj2_farther,output/phasevar_5/0005_phA07_phB04.png,Is the cyan cube farther from the camera than the magenta sphere? Answer with yes or no.,No,No,18.875,19.984375,True
/data/shared/Qwen/mydisk/output/SYNTHETIC/NVILA-Lite-2B-SYNTHETIC_MIX_5PCT_2M-20260226_023301/checkpoint-6250,obj2_farther,output/phasevar_5/0005_phA07_phB05.png,Is the cyan cube farther from the camera than the magenta sphere? Answer with yes or no.,No,No,19.375,20.28125,True
/data/shared/Qwen/mydisk/output/SYNTHETIC/NVILA-Lite-2B-SYNTHETIC_MIX_5PCT_2M-20260226_023301/checkpoint-6250,obj2_farther,output/phasevar_5/0005_phA07_phB06.png,Is the cyan cube farther from the camera than the magenta sphere? Answer with yes or no.,No,No,19.40625,20.75,True
/data/shared/Qwen/mydisk/output/SYNTHETIC/NVILA-Lite-2B-SYNTHETIC_MIX_5PCT_2M-20260226_023301/checkpoint-6250,obj2_farther,output/phasevar_5/0005_phA07_phB07.png,Is the cyan cube farther from the camera than the magenta sphere? Answer with yes or no.,No,No,18.828125,20.28125,True
/data/shared/Qwen/mydisk/output/SYNTHETIC/NVILA-Lite-2B-SYNTHETIC_MIX_5PCT_2M-20260226_023301/checkpoint-6250,obj2_farther,output/phasevar_5/0005_phA07_phB08.png,Is the cyan cube farther from the camera than the magenta sphere? Answer with yes or no.,No,No,19.078125,20.5625,True
/data/shared/Qwen/mydisk/output/SYNTHETIC/NVILA-Lite-2B-SYNTHETIC_MIX_5PCT_2M-20260226_023301/checkpoint-6250,obj2_farther,output/phasevar_5/0005_phA07_phB09.png,Is the cyan cube farther from the camera than the magenta sphere? Answer with yes or no.,No,No,19.453125,20.9375,True
/data/shared/Qwen/mydisk/output/SYNTHETIC/NVILA-Lite-2B-SYNTHETIC_MIX_5PCT_2M-20260226_023301/checkpoint-6250,obj2_farther,output/phasevar_5/0005_phA07_phB10.png,Is the cyan cube farther from the camera than the magenta sphere? Answer with yes or no.,No,No,20.25,21.40625,True
/data/shared/Qwen/mydisk/output/SYNTHETIC/NVILA-Lite-2B-SYNTHETIC_MIX_5PCT_2M-20260226_023301/checkpoint-6250,obj2_farther,output/phasevar_5/0005_phA07_phB11.png,Is the cyan cube farther from the camera than the magenta sphere? Answer with yes or no.,No,No,19.53125,20.953125,True
/data/shared/Qwen/mydisk/output/SYNTHETIC/NVILA-Lite-2B-SYNTHETIC_MIX_5PCT_2M-20260226_023301/checkpoint-6250,obj2_farther,output/phasevar_5/0005_phA07_phB12.png,Is the cyan cube farther from the camera than the magenta sphere? Answer with yes or no.,No,No,19.296875,20.78125,True
/data/shared/Qwen/mydisk/output/SYNTHETIC/NVILA-Lite-2B-SYNTHETIC_MIX_5PCT_2M-20260226_023301/checkpoint-6250,obj2_farther,output/phasevar_5/0005_phA07_phB13.png,Is the cyan cube farther from the camera than the magenta sphere? Answer with yes or no.,No,No,19.3125,20.84375,True
/data/shared/Qwen/mydisk/output/SYNTHETIC/NVILA-Lite-2B-SYNTHETIC_MIX_5PCT_2M-20260226_023301/checkpoint-6250,obj2_farther,output/phasevar_5/0005_phA07_phB14.png,Is the cyan cube farther from the camera than the magenta sphere? Answer with yes or no.,No,No,19.671875,20.953125,True
/data/shared/Qwen/mydisk/output/SYNTHETIC/NVILA-Lite-2B-SYNTHETIC_MIX_5PCT_2M-20260226_023301/checkpoint-6250,obj2_farther,output/phasevar_5/0005_phA07_phB15.png,Is the cyan cube farther from the camera than the magenta sphere? Answer with yes or no.,No,No,19.453125,20.875,True
/data/shared/Qwen/mydisk/output/SYNTHETIC/NVILA-Lite-2B-SYNTHETIC_MIX_5PCT_2M-20260226_023301/checkpoint-6250,obj2_farther,output/phasevar_5/0005_phA08_phB00.png,Is the cyan cube farther from the camera than the magenta sphere? Answer with yes or no.,No,No,19.515625,20.84375,True
/data/shared/Qwen/mydisk/output/SYNTHETIC/NVILA-Lite-2B-SYNTHETIC_MIX_5PCT_2M-20260226_023301/checkpoint-6250,obj2_farther,output/phasevar_5/0005_phA08_phB01.png,Is the cyan cube farther from the camera than the magenta sphere? Answer with yes or no.,No,No,19.921875,21.09375,True
/data/shared/Qwen/mydisk/output/SYNTHETIC/NVILA-Lite-2B-SYNTHETIC_MIX_5PCT_2M-20260226_023301/checkpoint-6250,obj2_farther,output/phasevar_5/0005_phA08_phB02.png,Is the cyan cube farther from the camera than the magenta sphere? Answer with yes or no.,No,No,20.15625,21.015625,True
/data/shared/Qwen/mydisk/output/SYNTHETIC/NVILA-Lite-2B-SYNTHETIC_MIX_5PCT_2M-20260226_023301/checkpoint-6250,obj2_farther,output/phasevar_5/0005_phA08_phB03.png,Is the cyan cube farther from the camera than the magenta sphere? Answer with yes or no.,No,No,20.546875,20.546875,True
/data/shared/Qwen/mydisk/output/SYNTHETIC/NVILA-Lite-2B-SYNTHETIC_MIX_5PCT_2M-20260226_023301/checkpoint-6250,obj2_farther,output/phasevar_5/0005_phA08_phB04.png,Is the cyan cube farther from the camera than the magenta sphere? Answer with yes or no.,No,No,19.421875,20.0625,True
/data/shared/Qwen/mydisk/output/SYNTHETIC/NVILA-Lite-2B-SYNTHETIC_MIX_5PCT_2M-20260226_023301/checkpoint-6250,obj2_farther,output/phasevar_5/0005_phA08_phB05.png,Is the cyan cube farther from the camera than the magenta sphere? Answer with yes or no.,No,No,19.859375,20.40625,True
/data/shared/Qwen/mydisk/output/SYNTHETIC/NVILA-Lite-2B-SYNTHETIC_MIX_5PCT_2M-20260226_023301/checkpoint-6250,obj2_farther,output/phasevar_5/0005_phA08_phB06.png,Is the cyan cube farther from the camera than the magenta sphere? Answer with yes or no.,No,No,19.90625,20.90625,True
/data/shared/Qwen/mydisk/output/SYNTHETIC/NVILA-Lite-2B-SYNTHETIC_MIX_5PCT_2M-20260226_023301/checkpoint-6250,obj2_farther,output/phasevar_5/0005_phA08_phB07.png,Is the cyan cube farther from the camera than the magenta sphere? Answer with yes or no.,No,No,19.265625,20.453125,True
/data/shared/Qwen/mydisk/output/SYNTHETIC/NVILA-Lite-2B-SYNTHETIC_MIX_5PCT_2M-20260226_023301/checkpoint-6250,obj2_farther,output/phasevar_5/0005_phA08_phB08.png,Is the cyan cube farther from the camera than the magenta sphere? Answer with yes or no.,No,No,19.28125,20.71875,True
/data/shared/Qwen/mydisk/output/SYNTHETIC/NVILA-Lite-2B-SYNTHETIC_MIX_5PCT_2M-20260226_023301/checkpoint-6250,obj2_farther,output/phasevar_5/0005_phA08_phB09.png,Is the cyan cube farther from the camera than the magenta sphere? Answer with yes or no.,No,No,19.5,21.0,True
/data/shared/Qwen/mydisk/output/SYNTHETIC/NVILA-Lite-2B-SYNTHETIC_MIX_5PCT_2M-20260226_023301/checkpoint-6250,obj2_farther,output/phasevar_5/0005_phA08_phB10.png,Is the cyan cube farther from the camera than the magenta sphere? Answer with yes or no.,No,No,20.4375,21.390625,True
/data/shared/Qwen/mydisk/output/SYNTHETIC/NVILA-Lite-2B-SYNTHETIC_MIX_5PCT_2M-20260226_023301/checkpoint-6250,obj2_farther,output/phasevar_5/0005_phA08_phB11.png,Is the cyan cube farther from the camera than the magenta sphere? Answer with yes or no.,No,No,19.609375,20.984375,True
/data/shared/Qwen/mydisk/output/SYNTHETIC/NVILA-Lite-2B-SYNTHETIC_MIX_5PCT_2M-20260226_023301/checkpoint-6250,obj2_farther,output/phasevar_5/0005_phA08_phB12.png,Is the cyan cube farther from the camera than the magenta sphere? Answer with yes or no.,No,No,19.296875,20.65625,True
/data/shared/Qwen/mydisk/output/SYNTHETIC/NVILA-Lite-2B-SYNTHETIC_MIX_5PCT_2M-20260226_023301/checkpoint-6250,obj2_farther,output/phasevar_5/0005_phA08_phB13.png,Is the cyan cube farther from the camera than the magenta sphere? Answer with yes or no.,No,No,19.234375,20.578125,True
/data/shared/Qwen/mydisk/output/SYNTHETIC/NVILA-Lite-2B-SYNTHETIC_MIX_5PCT_2M-20260226_023301/checkpoint-6250,obj2_farther,output/phasevar_5/0005_phA08_phB14.png,Is the cyan cube farther from the camera than the magenta sphere? Answer with yes or no.,No,No,19.796875,20.9375,True
/data/shared/Qwen/mydisk/output/SYNTHETIC/NVILA-Lite-2B-SYNTHETIC_MIX_5PCT_2M-20260226_023301/checkpoint-6250,obj2_farther,output/phasevar_5/0005_phA08_phB15.png,Is the cyan cube farther from the camera than the magenta sphere? Answer with yes or no.,No,No,19.484375,20.796875,True
/data/shared/Qwen/mydisk/output/SYNTHETIC/NVILA-Lite-2B-SYNTHETIC_MIX_5PCT_2M-20260226_023301/checkpoint-6250,obj2_farther,output/phasevar_5/0005_phA09_phB00.png,Is the cyan cube farther from the camera than the magenta sphere? Answer with yes or no.,No,No,19.546875,20.6875,True
/data/shared/Qwen/mydisk/output/SYNTHETIC/NVILA-Lite-2B-SYNTHETIC_MIX_5PCT_2M-20260226_023301/checkpoint-6250,obj2_farther,output/phasevar_5/0005_phA09_phB01.png,Is the cyan cube farther from the camera than the magenta sphere? Answer with yes or no.,No,No,20.28125,21.125,True
/data/shared/Qwen/mydisk/output/SYNTHETIC/NVILA-Lite-2B-SYNTHETIC_MIX_5PCT_2M-20260226_023301/checkpoint-6250,obj2_farther,output/phasevar_5/0005_phA09_phB02.png,Is the cyan cube farther from the camera than the magenta sphere? Answer with yes or no.,No,No,20.609375,21.21875,True
/data/shared/Qwen/mydisk/output/SYNTHETIC/NVILA-Lite-2B-SYNTHETIC_MIX_5PCT_2M-20260226_023301/checkpoint-6250,obj2_farther,output/phasevar_5/0005_phA09_phB03.png,Is the cyan cube farther from the camera than the magenta sphere? Answer with yes or no.,No,Yes,20.765625,20.5625,False
/data/shared/Qwen/mydisk/output/SYNTHETIC/NVILA-Lite-2B-SYNTHETIC_MIX_5PCT_2M-20260226_023301/checkpoint-6250,obj2_farther,output/phasevar_5/0005_phA09_phB04.png,Is the cyan cube farther from the camera than the magenta sphere? Answer with yes or no.,No,No,19.53125,19.984375,True
/data/shared/Qwen/mydisk/output/SYNTHETIC/NVILA-Lite-2B-SYNTHETIC_MIX_5PCT_2M-20260226_023301/checkpoint-6250,obj2_farther,output/phasevar_5/0005_phA09_phB05.png,Is the cyan cube farther from the camera than the magenta sphere? Answer with yes or no.,No,No,20.0,20.34375,True
/data/shared/Qwen/mydisk/output/SYNTHETIC/NVILA-Lite-2B-SYNTHETIC_MIX_5PCT_2M-20260226_023301/checkpoint-6250,obj2_farther,output/phasevar_5/0005_phA09_phB06.png,Is the cyan cube farther from the camera than the magenta sphere? Answer with yes or no.,No,No,20.046875,20.921875,True
/data/shared/Qwen/mydisk/output/SYNTHETIC/NVILA-Lite-2B-SYNTHETIC_MIX_5PCT_2M-20260226_023301/checkpoint-6250,obj2_farther,output/phasevar_5/0005_phA09_phB07.png,Is the cyan cube farther from the camera than the magenta sphere? Answer with yes or no.,No,No,19.53125,20.46875,True
/data/shared/Qwen/mydisk/output/SYNTHETIC/NVILA-Lite-2B-SYNTHETIC_MIX_5PCT_2M-20260226_023301/checkpoint-6250,obj2_farther,output/phasevar_5/0005_phA09_phB08.png,Is the cyan cube farther from the camera than the magenta sphere? Answer with yes or no.,No,No,19.484375,20.8125,True
/data/shared/Qwen/mydisk/output/SYNTHETIC/NVILA-Lite-2B-SYNTHETIC_MIX_5PCT_2M-20260226_023301/checkpoint-6250,obj2_farther,output/phasevar_5/0005_phA09_phB09.png,Is the cyan cube farther from the camera than the magenta sphere? Answer with yes or no.,No,No,19.453125,21.078125,True
/data/shared/Qwen/mydisk/output/SYNTHETIC/NVILA-Lite-2B-SYNTHETIC_MIX_5PCT_2M-20260226_023301/checkpoint-6250,obj2_farther,output/phasevar_5/0005_phA09_phB10.png,Is the cyan cube farther from the camera than the magenta sphere? Answer with yes or no.,No,No,20.140625,21.296875,True
/data/shared/Qwen/mydisk/output/SYNTHETIC/NVILA-Lite-2B-SYNTHETIC_MIX_5PCT_2M-20260226_023301/checkpoint-6250,obj2_farther,output/phasevar_5/0005_phA09_phB11.png,Is the cyan cube farther from the camera than the magenta sphere? Answer with yes or no.,No,No,19.34375,20.75,True
/data/shared/Qwen/mydisk/output/SYNTHETIC/NVILA-Lite-2B-SYNTHETIC_MIX_5PCT_2M-20260226_023301/checkpoint-6250,obj2_farther,output/phasevar_5/0005_phA09_phB12.png,Is the cyan cube farther from the camera than the magenta sphere? Answer with yes or no.,No,No,19.046875,20.40625,True
/data/shared/Qwen/mydisk/output/SYNTHETIC/NVILA-Lite-2B-SYNTHETIC_MIX_5PCT_2M-20260226_023301/checkpoint-6250,obj2_farther,output/phasevar_5/0005_phA09_phB13.png,Is the cyan cube farther from the camera than the magenta sphere? Answer with yes or no.,No,No,19.15625,20.40625,True
/data/shared/Qwen/mydisk/output/SYNTHETIC/NVILA-Lite-2B-SYNTHETIC_MIX_5PCT_2M-20260226_023301/checkpoint-6250,obj2_farther,output/phasevar_5/0005_phA09_phB14.png,Is the cyan cube farther from the camera than the magenta sphere? Answer with yes or no.,No,No,19.78125,20.78125,True
/data/shared/Qwen/mydisk/output/SYNTHETIC/NVILA-Lite-2B-SYNTHETIC_MIX_5PCT_2M-20260226_023301/checkpoint-6250,obj2_farther,output/phasevar_5/0005_phA09_phB15.png,Is the cyan cube farther from the camera than the magenta sphere? Answer with yes or no.,No,No,19.40625,20.53125,True
/data/shared/Qwen/mydisk/output/SYNTHETIC/NVILA-Lite-2B-SYNTHETIC_MIX_5PCT_2M-20260226_023301/checkpoint-6250,obj2_farther,output/phasevar_5/0005_phA10_phB00.png,Is the cyan cube farther from the camera than the magenta sphere? Answer with yes or no.,No,No,19.828125,20.828125,True
/data/shared/Qwen/mydisk/output/SYNTHETIC/NVILA-Lite-2B-SYNTHETIC_MIX_5PCT_2M-20260226_023301/checkpoint-6250,obj2_farther,output/phasevar_5/0005_phA10_phB01.png,Is the cyan cube farther from the camera than the magenta sphere? Answer with yes or no.,No,No,20.875,21.25,True
/data/shared/Qwen/mydisk/output/SYNTHETIC/NVILA-Lite-2B-SYNTHETIC_MIX_5PCT_2M-20260226_023301/checkpoint-6250,obj2_farther,output/phasevar_5/0005_phA10_phB02.png,Is the cyan cube farther from the camera than the magenta sphere? Answer with yes or no.,No,No,21.28125,21.4375,True
/data/shared/Qwen/mydisk/output/SYNTHETIC/NVILA-Lite-2B-SYNTHETIC_MIX_5PCT_2M-20260226_023301/checkpoint-6250,obj2_farther,output/phasevar_5/0005_phA10_phB03.png,Is the cyan cube farther from the camera than the magenta sphere? Answer with yes or no.,No,Yes,21.09375,20.625,False
/data/shared/Qwen/mydisk/output/SYNTHETIC/NVILA-Lite-2B-SYNTHETIC_MIX_5PCT_2M-20260226_023301/checkpoint-6250,obj2_farther,output/phasevar_5/0005_phA10_phB04.png,Is the cyan cube farther from the camera than the magenta sphere? Answer with yes or no.,No,No,19.90625,20.03125,True
/data/shared/Qwen/mydisk/output/SYNTHETIC/NVILA-Lite-2B-SYNTHETIC_MIX_5PCT_2M-20260226_023301/checkpoint-6250,obj2_farther,output/phasevar_5/0005_phA10_phB05.png,Is the cyan cube farther from the camera than the magenta sphere? Answer with yes or no.,No,No,20.25,20.28125,True
/data/shared/Qwen/mydisk/output/SYNTHETIC/NVILA-Lite-2B-SYNTHETIC_MIX_5PCT_2M-20260226_023301/checkpoint-6250,obj2_farther,output/phasevar_5/0005_phA10_phB06.png,Is the cyan cube farther from the camera than the magenta sphere? Answer with yes or no.,No,No,20.453125,20.96875,True
/data/shared/Qwen/mydisk/output/SYNTHETIC/NVILA-Lite-2B-SYNTHETIC_MIX_5PCT_2M-20260226_023301/checkpoint-6250,obj2_farther,output/phasevar_5/0005_phA10_phB07.png,Is the cyan cube farther from the camera than the magenta sphere? Answer with yes or no.,No,No,20.171875,20.625,True
/data/shared/Qwen/mydisk/output/SYNTHETIC/NVILA-Lite-2B-SYNTHETIC_MIX_5PCT_2M-20260226_023301/checkpoint-6250,obj2_farther,output/phasevar_5/0005_phA10_phB08.png,Is the cyan cube farther from the camera than the magenta sphere? Answer with yes or no.,No,No,20.015625,20.90625,True
/data/shared/Qwen/mydisk/output/SYNTHETIC/NVILA-Lite-2B-SYNTHETIC_MIX_5PCT_2M-20260226_023301/checkpoint-6250,obj2_farther,output/phasevar_5/0005_phA10_phB09.png,Is the cyan cube farther from the camera than the magenta sphere? Answer with yes or no.,No,No,19.828125,21.203125,True
/data/shared/Qwen/mydisk/output/SYNTHETIC/NVILA-Lite-2B-SYNTHETIC_MIX_5PCT_2M-20260226_023301/checkpoint-6250,obj2_farther,output/phasevar_5/0005_phA10_phB10.png,Is the cyan cube farther from the camera than the magenta sphere? Answer with yes or no.,No,No,20.109375,21.375,True
/data/shared/Qwen/mydisk/output/SYNTHETIC/NVILA-Lite-2B-SYNTHETIC_MIX_5PCT_2M-20260226_023301/checkpoint-6250,obj2_farther,output/phasevar_5/0005_phA10_phB11.png,Is the cyan cube farther from the camera than the magenta sphere? Answer with yes or no.,No,No,19.328125,20.75,True
/data/shared/Qwen/mydisk/output/SYNTHETIC/NVILA-Lite-2B-SYNTHETIC_MIX_5PCT_2M-20260226_023301/checkpoint-6250,obj2_farther,output/phasevar_5/0005_phA10_phB12.png,Is the cyan cube farther from the camera than the magenta sphere? Answer with yes or no.,No,No,18.953125,20.34375,True
/data/shared/Qwen/mydisk/output/SYNTHETIC/NVILA-Lite-2B-SYNTHETIC_MIX_5PCT_2M-20260226_023301/checkpoint-6250,obj2_farther,output/phasevar_5/0005_phA10_phB13.png,Is the cyan cube farther from the camera than the magenta sphere? Answer with yes or no.,No,No,19.078125,20.265625,True
/data/shared/Qwen/mydisk/output/SYNTHETIC/NVILA-Lite-2B-SYNTHETIC_MIX_5PCT_2M-20260226_023301/checkpoint-6250,obj2_farther,output/phasevar_5/0005_phA10_phB14.png,Is the cyan cube farther from the camera than the magenta sphere? Answer with yes or no.,No,No,19.875,20.875,True
/data/shared/Qwen/mydisk/output/SYNTHETIC/NVILA-Lite-2B-SYNTHETIC_MIX_5PCT_2M-20260226_023301/checkpoint-6250,obj2_farther,output/phasevar_5/0005_phA10_phB15.png,Is the cyan cube farther from the camera than the magenta sphere? Answer with yes or no.,No,No,19.671875,20.609375,True
/data/shared/Qwen/mydisk/output/SYNTHETIC/NVILA-Lite-2B-SYNTHETIC_MIX_5PCT_2M-20260226_023301/checkpoint-6250,obj2_farther,output/phasevar_5/0005_phA11_phB00.png,Is the cyan cube farther from the camera than the magenta sphere? Answer with yes or no.,No,No,19.828125,20.671875,True
/data/shared/Qwen/mydisk/output/SYNTHETIC/NVILA-Lite-2B-SYNTHETIC_MIX_5PCT_2M-20260226_023301/checkpoint-6250,obj2_farther,output/phasevar_5/0005_phA11_phB01.png,Is the cyan cube farther from the camera than the magenta sphere? Answer with yes or no.,No,No,20.9375,21.125,True
/data/shared/Qwen/mydisk/output/SYNTHETIC/NVILA-Lite-2B-SYNTHETIC_MIX_5PCT_2M-20260226_023301/checkpoint-6250,obj2_farther,output/phasevar_5/0005_phA11_phB02.png,Is the cyan cube farther from the camera than the magenta sphere? Answer with yes or no.,No,No,21.21875,21.390625,True
/data/shared/Qwen/mydisk/output/SYNTHETIC/NVILA-Lite-2B-SYNTHETIC_MIX_5PCT_2M-20260226_023301/checkpoint-6250,obj2_farther,output/phasevar_5/0005_phA11_phB03.png,Is the cyan cube farther from the camera than the magenta sphere? Answer with yes or no.,No,Yes,21.125,20.671875,False
/data/shared/Qwen/mydisk/output/SYNTHETIC/NVILA-Lite-2B-SYNTHETIC_MIX_5PCT_2M-20260226_023301/checkpoint-6250,obj2_farther,output/phasevar_5/0005_phA11_phB04.png,Is the cyan cube farther from the camera than the magenta sphere? Answer with yes or no.,No,No,20.09375,20.203125,True
/data/shared/Qwen/mydisk/output/SYNTHETIC/NVILA-Lite-2B-SYNTHETIC_MIX_5PCT_2M-20260226_023301/checkpoint-6250,obj2_farther,output/phasevar_5/0005_phA11_phB05.png,Is the cyan cube farther from the camera than the magenta sphere? Answer with yes or no.,No,Yes,20.46875,20.40625,False
/data/shared/Qwen/mydisk/output/SYNTHETIC/NVILA-Lite-2B-SYNTHETIC_MIX_5PCT_2M-20260226_023301/checkpoint-6250,obj2_farther,output/phasevar_5/0005_phA11_phB06.png,Is the cyan cube farther from the camera than the magenta sphere? Answer with yes or no.,No,No,20.59375,20.890625,True
/data/shared/Qwen/mydisk/output/SYNTHETIC/NVILA-Lite-2B-SYNTHETIC_MIX_5PCT_2M-20260226_023301/checkpoint-6250,obj2_farther,output/phasevar_5/0005_phA11_phB07.png,Is the cyan cube farther from the camera than the magenta sphere? Answer with yes or no.,No,No,20.140625,20.4375,True
/data/shared/Qwen/mydisk/output/SYNTHETIC/NVILA-Lite-2B-SYNTHETIC_MIX_5PCT_2M-20260226_023301/checkpoint-6250,obj2_farther,output/phasevar_5/0005_phA11_phB08.png,Is the cyan cube farther from the camera than the magenta sphere? Answer with yes or no.,No,No,19.875,20.640625,True
/data/shared/Qwen/mydisk/output/SYNTHETIC/NVILA-Lite-2B-SYNTHETIC_MIX_5PCT_2M-20260226_023301/checkpoint-6250,obj2_farther,output/phasevar_5/0005_phA11_phB09.png,Is the cyan cube farther from the camera than the magenta sphere? Answer with yes or no.,No,No,20.0,21.015625,True
/data/shared/Qwen/mydisk/output/SYNTHETIC/NVILA-Lite-2B-SYNTHETIC_MIX_5PCT_2M-20260226_023301/checkpoint-6250,obj2_farther,output/phasevar_5/0005_phA11_phB10.png,Is the cyan cube farther from the camera than the magenta sphere? Answer with yes or no.,No,No,20.3125,21.375,True
/data/shared/Qwen/mydisk/output/SYNTHETIC/NVILA-Lite-2B-SYNTHETIC_MIX_5PCT_2M-20260226_023301/checkpoint-6250,obj2_farther,output/phasevar_5/0005_phA11_phB11.png,Is the cyan cube farther from the camera than the magenta sphere? Answer with yes or no.,No,No,19.53125,20.890625,True
/data/shared/Qwen/mydisk/output/SYNTHETIC/NVILA-Lite-2B-SYNTHETIC_MIX_5PCT_2M-20260226_023301/checkpoint-6250,obj2_farther,output/phasevar_5/0005_phA11_phB12.png,Is the cyan cube farther from the camera than the magenta sphere? Answer with yes or no.,No,No,19.0,20.4375,True
/data/shared/Qwen/mydisk/output/SYNTHETIC/NVILA-Lite-2B-SYNTHETIC_MIX_5PCT_2M-20260226_023301/checkpoint-6250,obj2_farther,output/phasevar_5/0005_phA11_phB13.png,Is the cyan cube farther from the camera than the magenta sphere? Answer with yes or no.,No,No,19.046875,20.25,True
/data/shared/Qwen/mydisk/output/SYNTHETIC/NVILA-Lite-2B-SYNTHETIC_MIX_5PCT_2M-20260226_023301/checkpoint-6250,obj2_farther,output/phasevar_5/0005_phA11_phB14.png,Is the cyan cube farther from the camera than the magenta sphere? Answer with yes or no.,No,No,20.0625,20.984375,True
/data/shared/Qwen/mydisk/output/SYNTHETIC/NVILA-Lite-2B-SYNTHETIC_MIX_5PCT_2M-20260226_023301/checkpoint-6250,obj2_farther,output/phasevar_5/0005_phA11_phB15.png,Is the cyan cube farther from the camera than the magenta sphere? Answer with yes or no.,No,No,19.78125,20.546875,True
/data/shared/Qwen/mydisk/output/SYNTHETIC/NVILA-Lite-2B-SYNTHETIC_MIX_5PCT_2M-20260226_023301/checkpoint-6250,obj2_farther,output/phasevar_5/0005_phA12_phB00.png,Is the cyan cube farther from the camera than the magenta sphere? Answer with yes or no.,No,No,19.921875,20.65625,True
/data/shared/Qwen/mydisk/output/SYNTHETIC/NVILA-Lite-2B-SYNTHETIC_MIX_5PCT_2M-20260226_023301/checkpoint-6250,obj2_farther,output/phasevar_5/0005_phA12_phB01.png,Is the cyan cube farther from the camera than the magenta sphere? Answer with yes or no.,No,No,20.984375,21.109375,True
/data/shared/Qwen/mydisk/output/SYNTHETIC/NVILA-Lite-2B-SYNTHETIC_MIX_5PCT_2M-20260226_023301/checkpoint-6250,obj2_farther,output/phasevar_5/0005_phA12_phB02.png,Is the cyan cube farther from the camera than the magenta sphere? Answer with yes or no.,No,No,21.296875,21.359375,True
/data/shared/Qwen/mydisk/output/SYNTHETIC/NVILA-Lite-2B-SYNTHETIC_MIX_5PCT_2M-20260226_023301/checkpoint-6250,obj2_farther,output/phasevar_5/0005_phA12_phB03.png,Is the cyan cube farther from the camera than the magenta sphere? Answer with yes or no.,No,Yes,21.15625,20.640625,False
/data/shared/Qwen/mydisk/output/SYNTHETIC/NVILA-Lite-2B-SYNTHETIC_MIX_5PCT_2M-20260226_023301/checkpoint-6250,obj2_farther,output/phasevar_5/0005_phA12_phB04.png,Is the cyan cube farther from the camera than the magenta sphere? Answer with yes or no.,No,No,19.96875,19.984375,True
/data/shared/Qwen/mydisk/output/SYNTHETIC/NVILA-Lite-2B-SYNTHETIC_MIX_5PCT_2M-20260226_023301/checkpoint-6250,obj2_farther,output/phasevar_5/0005_phA12_phB05.png,Is the cyan cube farther from the camera than the magenta sphere? Answer with yes or no.,No,Yes,20.25,20.15625,False
/data/shared/Qwen/mydisk/output/SYNTHETIC/NVILA-Lite-2B-SYNTHETIC_MIX_5PCT_2M-20260226_023301/checkpoint-6250,obj2_farther,output/phasevar_5/0005_phA12_phB06.png,Is the cyan cube farther from the camera than the magenta sphere? Answer with yes or no.,No,No,20.484375,20.765625,True
/data/shared/Qwen/mydisk/output/SYNTHETIC/NVILA-Lite-2B-SYNTHETIC_MIX_5PCT_2M-20260226_023301/checkpoint-6250,obj2_farther,output/phasevar_5/0005_phA12_phB07.png,Is the cyan cube farther from the camera than the magenta sphere? Answer with yes or no.,No,No,20.203125,20.578125,True
/data/shared/Qwen/mydisk/output/SYNTHETIC/NVILA-Lite-2B-SYNTHETIC_MIX_5PCT_2M-20260226_023301/checkpoint-6250,obj2_farther,output/phasevar_5/0005_phA12_phB08.png,Is the cyan cube farther from the camera than the magenta sphere? Answer with yes or no.,No,No,19.921875,20.59375,True
/data/shared/Qwen/mydisk/output/SYNTHETIC/NVILA-Lite-2B-SYNTHETIC_MIX_5PCT_2M-20260226_023301/checkpoint-6250,obj2_farther,output/phasevar_5/0005_phA12_phB09.png,Is the cyan cube farther from the camera than the magenta sphere? Answer with yes or no.,No,No,19.921875,20.859375,True
/data/shared/Qwen/mydisk/output/SYNTHETIC/NVILA-Lite-2B-SYNTHETIC_MIX_5PCT_2M-20260226_023301/checkpoint-6250,obj2_farther,output/phasevar_5/0005_phA12_phB10.png,Is the cyan cube farther from the camera than the magenta sphere? Answer with yes or no.,No,No,20.40625,21.3125,True
/data/shared/Qwen/mydisk/output/SYNTHETIC/NVILA-Lite-2B-SYNTHETIC_MIX_5PCT_2M-20260226_023301/checkpoint-6250,obj2_farther,output/phasevar_5/0005_phA12_phB11.png,Is the cyan cube farther from the camera than the magenta sphere? Answer with yes or no.,No,No,19.390625,20.703125,True
/data/shared/Qwen/mydisk/output/SYNTHETIC/NVILA-Lite-2B-SYNTHETIC_MIX_5PCT_2M-20260226_023301/checkpoint-6250,obj2_farther,output/phasevar_5/0005_phA12_phB12.png,Is the cyan cube farther from the camera than the magenta sphere? Answer with yes or no.,No,No,19.0625,20.5,True
/data/shared/Qwen/mydisk/output/SYNTHETIC/NVILA-Lite-2B-SYNTHETIC_MIX_5PCT_2M-20260226_023301/checkpoint-6250,obj2_farther,output/phasevar_5/0005_phA12_phB13.png,Is the cyan cube farther from the camera than the magenta sphere? Answer with yes or no.,No,No,19.09375,20.1875,True
/data/shared/Qwen/mydisk/output/SYNTHETIC/NVILA-Lite-2B-SYNTHETIC_MIX_5PCT_2M-20260226_023301/checkpoint-6250,obj2_farther,output/phasevar_5/0005_phA12_phB14.png,Is the cyan cube farther from the camera than the magenta sphere? Answer with yes or no.,No,No,20.15625,20.953125,True
/data/shared/Qwen/mydisk/output/SYNTHETIC/NVILA-Lite-2B-SYNTHETIC_MIX_5PCT_2M-20260226_023301/checkpoint-6250,obj2_farther,output/phasevar_5/0005_phA12_phB15.png,Is the cyan cube farther from the camera than the magenta sphere? Answer with yes or no.,No,No,19.84375,20.484375,True
/data/shared/Qwen/mydisk/output/SYNTHETIC/NVILA-Lite-2B-SYNTHETIC_MIX_5PCT_2M-20260226_023301/checkpoint-6250,obj2_farther,output/phasevar_5/0005_phA13_phB00.png,Is the cyan cube farther from the camera than the magenta sphere? Answer with yes or no.,No,No,20.046875,20.765625,True
/data/shared/Qwen/mydisk/output/SYNTHETIC/NVILA-Lite-2B-SYNTHETIC_MIX_5PCT_2M-20260226_023301/checkpoint-6250,obj2_farther,output/phasevar_5/0005_phA13_phB01.png,Is the cyan cube farther from the camera than the magenta sphere? Answer with yes or no.,No,No,21.109375,21.15625,True
/data/shared/Qwen/mydisk/output/SYNTHETIC/NVILA-Lite-2B-SYNTHETIC_MIX_5PCT_2M-20260226_023301/checkpoint-6250,obj2_farther,output/phasevar_5/0005_phA13_phB02.png,Is the cyan cube farther from the camera than the magenta sphere? Answer with yes or no.,No,No,21.375,21.515625,True
/data/shared/Qwen/mydisk/output/SYNTHETIC/NVILA-Lite-2B-SYNTHETIC_MIX_5PCT_2M-20260226_023301/checkpoint-6250,obj2_farther,output/phasevar_5/0005_phA13_phB03.png,Is the cyan cube farther from the camera than the magenta sphere? Answer with yes or no.,No,Yes,21.21875,20.796875,False
/data/shared/Qwen/mydisk/output/SYNTHETIC/NVILA-Lite-2B-SYNTHETIC_MIX_5PCT_2M-20260226_023301/checkpoint-6250,obj2_farther,output/phasevar_5/0005_phA13_phB04.png,Is the cyan cube farther from the camera than the magenta sphere? Answer with yes or no.,No,No,20.140625,20.25,True
/data/shared/Qwen/mydisk/output/SYNTHETIC/NVILA-Lite-2B-SYNTHETIC_MIX_5PCT_2M-20260226_023301/checkpoint-6250,obj2_farther,output/phasevar_5/0005_phA13_phB05.png,Is the cyan cube farther from the camera than the magenta sphere? Answer with yes or no.,No,No,20.59375,20.59375,True
/data/shared/Qwen/mydisk/output/SYNTHETIC/NVILA-Lite-2B-SYNTHETIC_MIX_5PCT_2M-20260226_023301/checkpoint-6250,obj2_farther,output/phasevar_5/0005_phA13_phB06.png,Is the cyan cube farther from the camera than the magenta sphere? Answer with yes or no.,No,No,20.734375,21.078125,True
/data/shared/Qwen/mydisk/output/SYNTHETIC/NVILA-Lite-2B-SYNTHETIC_MIX_5PCT_2M-20260226_023301/checkpoint-6250,obj2_farther,output/phasevar_5/0005_phA13_phB07.png,Is the cyan cube farther from the camera than the magenta sphere? Answer with yes or no.,No,No,20.359375,20.90625,True
/data/shared/Qwen/mydisk/output/SYNTHETIC/NVILA-Lite-2B-SYNTHETIC_MIX_5PCT_2M-20260226_023301/checkpoint-6250,obj2_farther,output/phasevar_5/0005_phA13_phB08.png,Is the cyan cube farther from the camera than the magenta sphere? Answer with yes or no.,No,No,20.09375,20.796875,True
/data/shared/Qwen/mydisk/output/SYNTHETIC/NVILA-Lite-2B-SYNTHETIC_MIX_5PCT_2M-20260226_023301/checkpoint-6250,obj2_farther,output/phasevar_5/0005_phA13_phB09.png,Is the cyan cube farther from the camera than the magenta sphere? Answer with yes or no.,No,No,20.265625,21.21875,True
/data/shared/Qwen/mydisk/output/SYNTHETIC/NVILA-Lite-2B-SYNTHETIC_MIX_5PCT_2M-20260226_023301/checkpoint-6250,obj2_farther,output/phasevar_5/0005_phA13_phB10.png,Is the cyan cube farther from the camera than the magenta sphere? Answer with yes or no.,No,No,20.734375,21.71875,True
/data/shared/Qwen/mydisk/output/SYNTHETIC/NVILA-Lite-2B-SYNTHETIC_MIX_5PCT_2M-20260226_023301/checkpoint-6250,obj2_farther,output/phasevar_5/0005_phA13_phB11.png,Is the cyan cube farther from the camera than the magenta sphere? Answer with yes or no.,No,No,19.671875,21.046875,True
/data/shared/Qwen/mydisk/output/SYNTHETIC/NVILA-Lite-2B-SYNTHETIC_MIX_5PCT_2M-20260226_023301/checkpoint-6250,obj2_farther,output/phasevar_5/0005_phA13_phB12.png,Is the cyan cube farther from the camera than the magenta sphere? Answer with yes or no.,No,No,19.25,20.984375,True
/data/shared/Qwen/mydisk/output/SYNTHETIC/NVILA-Lite-2B-SYNTHETIC_MIX_5PCT_2M-20260226_023301/checkpoint-6250,obj2_farther,output/phasevar_5/0005_phA13_phB13.png,Is the cyan cube farther from the camera than the magenta sphere? Answer with yes or no.,No,No,19.203125,20.46875,True
/data/shared/Qwen/mydisk/output/SYNTHETIC/NVILA-Lite-2B-SYNTHETIC_MIX_5PCT_2M-20260226_023301/checkpoint-6250,obj2_farther,output/phasevar_5/0005_phA13_phB14.png,Is the cyan cube farther from the camera than the magenta sphere? Answer with yes or no.,No,No,20.40625,21.265625,True
/data/shared/Qwen/mydisk/output/SYNTHETIC/NVILA-Lite-2B-SYNTHETIC_MIX_5PCT_2M-20260226_023301/checkpoint-6250,obj2_farther,output/phasevar_5/0005_phA13_phB15.png,Is the cyan cube farther from the camera than the magenta sphere? Answer with yes or no.,No,No,20.046875,20.953125,True
/data/shared/Qwen/mydisk/output/SYNTHETIC/NVILA-Lite-2B-SYNTHETIC_MIX_5PCT_2M-20260226_023301/checkpoint-6250,obj2_farther,output/phasevar_5/0005_phA14_phB00.png,Is the cyan cube farther from the camera than the magenta sphere? Answer with yes or no.,No,No,20.25,21.125,True
/data/shared/Qwen/mydisk/output/SYNTHETIC/NVILA-Lite-2B-SYNTHETIC_MIX_5PCT_2M-20260226_023301/checkpoint-6250,obj2_farther,output/phasevar_5/0005_phA14_phB01.png,Is the cyan cube farther from the camera than the magenta sphere? Answer with yes or no.,No,No,21.3125,21.484375,True
/data/shared/Qwen/mydisk/output/SYNTHETIC/NVILA-Lite-2B-SYNTHETIC_MIX_5PCT_2M-20260226_023301/checkpoint-6250,obj2_farther,output/phasevar_5/0005_phA14_phB02.png,Is the cyan cube farther from the camera than the magenta sphere? Answer with yes or no.,No,No,21.328125,21.640625,True
/data/shared/Qwen/mydisk/output/SYNTHETIC/NVILA-Lite-2B-SYNTHETIC_MIX_5PCT_2M-20260226_023301/checkpoint-6250,obj2_farther,output/phasevar_5/0005_phA14_phB03.png,Is the cyan cube farther from the camera than the magenta sphere? Answer with yes or no.,No,Yes,20.859375,20.75,False
/data/shared/Qwen/mydisk/output/SYNTHETIC/NVILA-Lite-2B-SYNTHETIC_MIX_5PCT_2M-20260226_023301/checkpoint-6250,obj2_farther,output/phasevar_5/0005_phA14_phB04.png,Is the cyan cube farther from the camera than the magenta sphere? Answer with yes or no.,No,No,20.0,20.375,True
/data/shared/Qwen/mydisk/output/SYNTHETIC/NVILA-Lite-2B-SYNTHETIC_MIX_5PCT_2M-20260226_023301/checkpoint-6250,obj2_farther,output/phasevar_5/0005_phA14_phB05.png,Is the cyan cube farther from the camera than the magenta sphere? Answer with yes or no.,No,No,20.484375,20.796875,True
/data/shared/Qwen/mydisk/output/SYNTHETIC/NVILA-Lite-2B-SYNTHETIC_MIX_5PCT_2M-20260226_023301/checkpoint-6250,obj2_farther,output/phasevar_5/0005_phA14_phB06.png,Is the cyan cube farther from the camera than the magenta sphere? Answer with yes or no.,No,No,20.796875,21.40625,True
/data/shared/Qwen/mydisk/output/SYNTHETIC/NVILA-Lite-2B-SYNTHETIC_MIX_5PCT_2M-20260226_023301/checkpoint-6250,obj2_farther,output/phasevar_5/0005_phA14_phB07.png,Is the cyan cube farther from the camera than the magenta sphere? Answer with yes or no.,No,No,20.5625,21.34375,True
/data/shared/Qwen/mydisk/output/SYNTHETIC/NVILA-Lite-2B-SYNTHETIC_MIX_5PCT_2M-20260226_023301/checkpoint-6250,obj2_farther,output/phasevar_5/0005_phA14_phB08.png,Is the cyan cube farther from the camera than the magenta sphere? Answer with yes or no.,No,No,20.421875,21.328125,True
/data/shared/Qwen/mydisk/output/SYNTHETIC/NVILA-Lite-2B-SYNTHETIC_MIX_5PCT_2M-20260226_023301/checkpoint-6250,obj2_farther,output/phasevar_5/0005_phA14_phB09.png,Is the cyan cube farther from the camera than the magenta sphere? Answer with yes or no.,No,No,20.421875,21.625,True
/data/shared/Qwen/mydisk/output/SYNTHETIC/NVILA-Lite-2B-SYNTHETIC_MIX_5PCT_2M-20260226_023301/checkpoint-6250,obj2_farther,output/phasevar_5/0005_phA14_phB10.png,Is the cyan cube farther from the camera than the magenta sphere? Answer with yes or no.,No,No,21.0625,22.140625,True
/data/shared/Qwen/mydisk/output/SYNTHETIC/NVILA-Lite-2B-SYNTHETIC_MIX_5PCT_2M-20260226_023301/checkpoint-6250,obj2_farther,output/phasevar_5/0005_phA14_phB11.png,Is the cyan cube farther from the camera than the magenta sphere? Answer with yes or no.,No,No,19.890625,21.21875,True
/data/shared/Qwen/mydisk/output/SYNTHETIC/NVILA-Lite-2B-SYNTHETIC_MIX_5PCT_2M-20260226_023301/checkpoint-6250,obj2_farther,output/phasevar_5/0005_phA14_phB12.png,Is the cyan cube farther from the camera than the magenta sphere? Answer with yes or no.,No,No,19.40625,21.125,True
/data/shared/Qwen/mydisk/output/SYNTHETIC/NVILA-Lite-2B-SYNTHETIC_MIX_5PCT_2M-20260226_023301/checkpoint-6250,obj2_farther,output/phasevar_5/0005_phA14_phB13.png,Is the cyan cube farther from the camera than the magenta sphere? Answer with yes or no.,No,No,19.3125,20.84375,True
/data/shared/Qwen/mydisk/output/SYNTHETIC/NVILA-Lite-2B-SYNTHETIC_MIX_5PCT_2M-20260226_023301/checkpoint-6250,obj2_farther,output/phasevar_5/0005_phA14_phB14.png,Is the cyan cube farther from the camera than the magenta sphere? Answer with yes or no.,No,No,20.5,21.5625,True
/data/shared/Qwen/mydisk/output/SYNTHETIC/NVILA-Lite-2B-SYNTHETIC_MIX_5PCT_2M-20260226_023301/checkpoint-6250,obj2_farther,output/phasevar_5/0005_phA14_phB15.png,Is the cyan cube farther from the camera than the magenta sphere? Answer with yes or no.,No,No,19.984375,21.21875,True
/data/shared/Qwen/mydisk/output/SYNTHETIC/NVILA-Lite-2B-SYNTHETIC_MIX_5PCT_2M-20260226_023301/checkpoint-6250,obj2_farther,output/phasevar_5/0005_phA15_phB00.png,Is the cyan cube farther from the camera than the magenta sphere? Answer with yes or no.,No,No,19.921875,21.0,True
/data/shared/Qwen/mydisk/output/SYNTHETIC/NVILA-Lite-2B-SYNTHETIC_MIX_5PCT_2M-20260226_023301/checkpoint-6250,obj2_farther,output/phasevar_5/0005_phA15_phB01.png,Is the cyan cube farther from the camera than the magenta sphere? Answer with yes or no.,No,No,20.90625,21.46875,True
/data/shared/Qwen/mydisk/output/SYNTHETIC/NVILA-Lite-2B-SYNTHETIC_MIX_5PCT_2M-20260226_023301/checkpoint-6250,obj2_farther,output/phasevar_5/0005_phA15_phB02.png,Is the cyan cube farther from the camera than the magenta sphere? Answer with yes or no.,No,No,20.953125,21.640625,True
/data/shared/Qwen/mydisk/output/SYNTHETIC/NVILA-Lite-2B-SYNTHETIC_MIX_5PCT_2M-20260226_023301/checkpoint-6250,obj2_farther,output/phasevar_5/0005_phA15_phB03.png,Is the cyan cube farther from the camera than the magenta sphere? Answer with yes or no.,No,No,20.6875,20.78125,True
/data/shared/Qwen/mydisk/output/SYNTHETIC/NVILA-Lite-2B-SYNTHETIC_MIX_5PCT_2M-20260226_023301/checkpoint-6250,obj2_farther,output/phasevar_5/0005_phA15_phB04.png,Is the cyan cube farther from the camera than the magenta sphere? Answer with yes or no.,No,No,19.6875,20.375,True
/data/shared/Qwen/mydisk/output/SYNTHETIC/NVILA-Lite-2B-SYNTHETIC_MIX_5PCT_2M-20260226_023301/checkpoint-6250,obj2_farther,output/phasevar_5/0005_phA15_phB05.png,Is the cyan cube farther from the camera than the magenta sphere? Answer with yes or no.,No,No,20.328125,20.96875,True
/data/shared/Qwen/mydisk/output/SYNTHETIC/NVILA-Lite-2B-SYNTHETIC_MIX_5PCT_2M-20260226_023301/checkpoint-6250,obj2_farther,output/phasevar_5/0005_phA15_phB06.png,Is the cyan cube farther from the camera than the magenta sphere? Answer with yes or no.,No,No,20.546875,21.28125,True
/data/shared/Qwen/mydisk/output/SYNTHETIC/NVILA-Lite-2B-SYNTHETIC_MIX_5PCT_2M-20260226_023301/checkpoint-6250,obj2_farther,output/phasevar_5/0005_phA15_phB07.png,Is the cyan cube farther from the camera than the magenta sphere? Answer with yes or no.,No,No,20.15625,21.296875,True
/data/shared/Qwen/mydisk/output/SYNTHETIC/NVILA-Lite-2B-SYNTHETIC_MIX_5PCT_2M-20260226_023301/checkpoint-6250,obj2_farther,output/phasevar_5/0005_phA15_phB08.png,Is the cyan cube farther from the camera than the magenta sphere? Answer with yes or no.,No,No,20.015625,21.21875,True
/data/shared/Qwen/mydisk/output/SYNTHETIC/NVILA-Lite-2B-SYNTHETIC_MIX_5PCT_2M-20260226_023301/checkpoint-6250,obj2_farther,output/phasevar_5/0005_phA15_phB09.png,Is the cyan cube farther from the camera than the magenta sphere? Answer with yes or no.,No,No,20.171875,21.5,True
/data/shared/Qwen/mydisk/output/SYNTHETIC/NVILA-Lite-2B-SYNTHETIC_MIX_5PCT_2M-20260226_023301/checkpoint-6250,obj2_farther,output/phasevar_5/0005_phA15_phB10.png,Is the cyan cube farther from the camera than the magenta sphere? Answer with yes or no.,No,No,20.921875,21.921875,True
/data/shared/Qwen/mydisk/output/SYNTHETIC/NVILA-Lite-2B-SYNTHETIC_MIX_5PCT_2M-20260226_023301/checkpoint-6250,obj2_farther,output/phasevar_5/0005_phA15_phB11.png,Is the cyan cube farther from the camera than the magenta sphere? Answer with yes or no.,No,No,20.0,21.34375,True
/data/shared/Qwen/mydisk/output/SYNTHETIC/NVILA-Lite-2B-SYNTHETIC_MIX_5PCT_2M-20260226_023301/checkpoint-6250,obj2_farther,output/phasevar_5/0005_phA15_phB12.png,Is the cyan cube farther from the camera than the magenta sphere? Answer with yes or no.,No,No,19.609375,21.109375,True
/data/shared/Qwen/mydisk/output/SYNTHETIC/NVILA-Lite-2B-SYNTHETIC_MIX_5PCT_2M-20260226_023301/checkpoint-6250,obj2_farther,output/phasevar_5/0005_phA15_phB13.png,Is the cyan cube farther from the camera than the magenta sphere? Answer with yes or no.,No,No,19.53125,20.859375,True
/data/shared/Qwen/mydisk/output/SYNTHETIC/NVILA-Lite-2B-SYNTHETIC_MIX_5PCT_2M-20260226_023301/checkpoint-6250,obj2_farther,output/phasevar_5/0005_phA15_phB14.png,Is the cyan cube farther from the camera than the magenta sphere? Answer with yes or no.,No,No,20.5625,21.484375,True
/data/shared/Qwen/mydisk/output/SYNTHETIC/NVILA-Lite-2B-SYNTHETIC_MIX_5PCT_2M-20260226_023301/checkpoint-6250,obj2_farther,output/phasevar_5/0005_phA15_phB15.png,Is the cyan cube farther from the camera than the magenta sphere? Answer with yes or no.,No,No,19.875,21.046875,True
/data/shared/Qwen/mydisk/output/SYNTHETIC/NVILA-Lite-2B-SYNTHETIC_MIX_5PCT_2M-20260226_023301/checkpoint-6250,obj2_farther,output/phasevar_5/0006_phA00_phB00.png,Is the blue cube farther from the camera than the red cube? Answer with yes or no.,No,No,20.078125,20.65625,True
/data/shared/Qwen/mydisk/output/SYNTHETIC/NVILA-Lite-2B-SYNTHETIC_MIX_5PCT_2M-20260226_023301/checkpoint-6250,obj2_farther,output/phasevar_5/0006_phA00_phB01.png,Is the blue cube farther from the camera than the red cube? Answer with yes or no.,No,Yes,20.953125,20.921875,False
/data/shared/Qwen/mydisk/output/SYNTHETIC/NVILA-Lite-2B-SYNTHETIC_MIX_5PCT_2M-20260226_023301/checkpoint-6250,obj2_farther,output/phasevar_5/0006_phA00_phB02.png,Is the blue cube farther from the camera than the red cube? Answer with yes or no.,No,No,21.03125,21.265625,True
/data/shared/Qwen/mydisk/output/SYNTHETIC/NVILA-Lite-2B-SYNTHETIC_MIX_5PCT_2M-20260226_023301/checkpoint-6250,obj2_farther,output/phasevar_5/0006_phA00_phB03.png,Is the blue cube farther from the camera than the red cube? Answer with yes or no.,No,Yes,20.71875,20.65625,False
/data/shared/Qwen/mydisk/output/SYNTHETIC/NVILA-Lite-2B-SYNTHETIC_MIX_5PCT_2M-20260226_023301/checkpoint-6250,obj2_farther,output/phasevar_5/0006_phA00_phB04.png,Is the blue cube farther from the camera than the red cube? Answer with yes or no.,No,No,20.078125,20.640625,True
/data/shared/Qwen/mydisk/output/SYNTHETIC/NVILA-Lite-2B-SYNTHETIC_MIX_5PCT_2M-20260226_023301/checkpoint-6250,obj2_farther,output/phasevar_5/0006_phA00_phB05.png,Is the blue cube farther from the camera than the red cube? Answer with yes or no.,No,No,20.90625,21.234375,True
/data/shared/Qwen/mydisk/output/SYNTHETIC/NVILA-Lite-2B-SYNTHETIC_MIX_5PCT_2M-20260226_023301/checkpoint-6250,obj2_farther,output/phasevar_5/0006_phA00_phB06.png,Is the blue cube farther from the camera than the red cube? Answer with yes or no.,No,No,21.515625,21.640625,True
/data/shared/Qwen/mydisk/output/SYNTHETIC/NVILA-Lite-2B-SYNTHETIC_MIX_5PCT_2M-20260226_023301/checkpoint-6250,obj2_farther,output/phasevar_5/0006_phA00_phB07.png,Is the blue cube farther from the camera than the red cube? Answer with yes or no.,No,No,20.5625,21.546875,True
/data/shared/Qwen/mydisk/output/SYNTHETIC/NVILA-Lite-2B-SYNTHETIC_MIX_5PCT_2M-20260226_023301/checkpoint-6250,obj2_farther,output/phasevar_5/0006_phA00_phB08.png,Is the blue cube farther from the camera than the red cube? Answer with yes or no.,No,No,20.453125,21.640625,True
/data/shared/Qwen/mydisk/output/SYNTHETIC/NVILA-Lite-2B-SYNTHETIC_MIX_5PCT_2M-20260226_023301/checkpoint-6250,obj2_farther,output/phasevar_5/0006_phA00_phB09.png,Is the blue cube farther from the camera than the red cube? Answer with yes or no.,No,No,20.890625,21.96875,True
/data/shared/Qwen/mydisk/output/SYNTHETIC/NVILA-Lite-2B-SYNTHETIC_MIX_5PCT_2M-20260226_023301/checkpoint-6250,obj2_farther,output/phasevar_5/0006_phA00_phB10.png,Is the blue cube farther from the camera than the red cube? Answer with yes or no.,No,No,21.6875,22.53125,True
/data/shared/Qwen/mydisk/output/SYNTHETIC/NVILA-Lite-2B-SYNTHETIC_MIX_5PCT_2M-20260226_023301/checkpoint-6250,obj2_farther,output/phasevar_5/0006_phA00_phB11.png,Is the blue cube farther from the camera than the red cube? Answer with yes or no.,No,No,20.46875,21.90625,True
/data/shared/Qwen/mydisk/output/SYNTHETIC/NVILA-Lite-2B-SYNTHETIC_MIX_5PCT_2M-20260226_023301/checkpoint-6250,obj2_farther,output/phasevar_5/0006_phA00_phB12.png,Is the blue cube farther from the camera than the red cube? Answer with yes or no.,No,No,20.109375,21.6875,True
/data/shared/Qwen/mydisk/output/SYNTHETIC/NVILA-Lite-2B-SYNTHETIC_MIX_5PCT_2M-20260226_023301/checkpoint-6250,obj2_farther,output/phasevar_5/0006_phA00_phB13.png,Is the blue cube farther from the camera than the red cube? Answer with yes or no.,No,No,19.84375,21.34375,True
/data/shared/Qwen/mydisk/output/SYNTHETIC/NVILA-Lite-2B-SYNTHETIC_MIX_5PCT_2M-20260226_023301/checkpoint-6250,obj2_farther,output/phasevar_5/0006_phA00_phB14.png,Is the blue cube farther from the camera than the red cube? Answer with yes or no.,No,No,20.515625,21.734375,True
/data/shared/Qwen/mydisk/output/SYNTHETIC/NVILA-Lite-2B-SYNTHETIC_MIX_5PCT_2M-20260226_023301/checkpoint-6250,obj2_farther,output/phasevar_5/0006_phA00_phB15.png,Is the blue cube farther from the camera than the red cube? Answer with yes or no.,No,No,20.78125,21.078125,True
/data/shared/Qwen/mydisk/output/SYNTHETIC/NVILA-Lite-2B-SYNTHETIC_MIX_5PCT_2M-20260226_023301/checkpoint-6250,obj2_farther,output/phasevar_5/0006_phA01_phB00.png,Is the blue cube farther from the camera than the red cube? Answer with yes or no.,No,No,20.265625,20.984375,True
/data/shared/Qwen/mydisk/output/SYNTHETIC/NVILA-Lite-2B-SYNTHETIC_MIX_5PCT_2M-20260226_023301/checkpoint-6250,obj2_farther,output/phasevar_5/0006_phA01_phB01.png,Is the blue cube farther from the camera than the red cube? Answer with yes or no.,No,No,20.875,21.25,True
/data/shared/Qwen/mydisk/output/SYNTHETIC/NVILA-Lite-2B-SYNTHETIC_MIX_5PCT_2M-20260226_023301/checkpoint-6250,obj2_farther,output/phasevar_5/0006_phA01_phB02.png,Is the blue cube farther from the camera than the red cube? Answer with yes or no.,No,No,20.921875,21.375,True
/data/shared/Qwen/mydisk/output/SYNTHETIC/NVILA-Lite-2B-SYNTHETIC_MIX_5PCT_2M-20260226_023301/checkpoint-6250,obj2_farther,output/phasevar_5/0006_phA01_phB03.png,Is the blue cube farther from the camera than the red cube? Answer with yes or no.,No,No,20.546875,20.65625,True
/data/shared/Qwen/mydisk/output/SYNTHETIC/NVILA-Lite-2B-SYNTHETIC_MIX_5PCT_2M-20260226_023301/checkpoint-6250,obj2_farther,output/phasevar_5/0006_phA01_phB04.png,Is the blue cube farther from the camera than the red cube? Answer with yes or no.,No,No,19.828125,20.765625,True
/data/shared/Qwen/mydisk/output/SYNTHETIC/NVILA-Lite-2B-SYNTHETIC_MIX_5PCT_2M-20260226_023301/checkpoint-6250,obj2_farther,output/phasevar_5/0006_phA01_phB05.png,Is the blue cube farther from the camera than the red cube? Answer with yes or no.,No,No,20.59375,21.3125,True
/data/shared/Qwen/mydisk/output/SYNTHETIC/NVILA-Lite-2B-SYNTHETIC_MIX_5PCT_2M-20260226_023301/checkpoint-6250,obj2_farther,output/phasevar_5/0006_phA01_phB06.png,Is the blue cube farther from the camera than the red cube? Answer with yes or no.,No,No,21.21875,21.703125,True
/data/shared/Qwen/mydisk/output/SYNTHETIC/NVILA-Lite-2B-SYNTHETIC_MIX_5PCT_2M-20260226_023301/checkpoint-6250,obj2_farther,output/phasevar_5/0006_phA01_phB07.png,Is the blue cube farther from the camera than the red cube? Answer with yes or no.,No,No,20.453125,21.734375,True
/data/shared/Qwen/mydisk/output/SYNTHETIC/NVILA-Lite-2B-SYNTHETIC_MIX_5PCT_2M-20260226_023301/checkpoint-6250,obj2_farther,output/phasevar_5/0006_phA01_phB08.png,Is the blue cube farther from the camera than the red cube? Answer with yes or no.,No,No,20.5,21.703125,True
/data/shared/Qwen/mydisk/output/SYNTHETIC/NVILA-Lite-2B-SYNTHETIC_MIX_5PCT_2M-20260226_023301/checkpoint-6250,obj2_farther,output/phasevar_5/0006_phA01_phB09.png,Is the blue cube farther from the camera than the red cube? Answer with yes or no.,No,No,21.015625,22.09375,True
/data/shared/Qwen/mydisk/output/SYNTHETIC/NVILA-Lite-2B-SYNTHETIC_MIX_5PCT_2M-20260226_023301/checkpoint-6250,obj2_farther,output/phasevar_5/0006_phA01_phB10.png,Is the blue cube farther from the camera than the red cube? Answer with yes or no.,No,No,21.40625,22.4375,True
/data/shared/Qwen/mydisk/output/SYNTHETIC/NVILA-Lite-2B-SYNTHETIC_MIX_5PCT_2M-20260226_023301/checkpoint-6250,obj2_farther,output/phasevar_5/0006_phA01_phB11.png,Is the blue cube farther from the camera than the red cube? Answer with yes or no.,No,No,20.46875,21.9375,True
/data/shared/Qwen/mydisk/output/SYNTHETIC/NVILA-Lite-2B-SYNTHETIC_MIX_5PCT_2M-20260226_023301/checkpoint-6250,obj2_farther,output/phasevar_5/0006_phA01_phB12.png,Is the blue cube farther from the camera than the red cube? Answer with yes or no.,No,No,20.375,21.96875,True
/data/shared/Qwen/mydisk/output/SYNTHETIC/NVILA-Lite-2B-SYNTHETIC_MIX_5PCT_2M-20260226_023301/checkpoint-6250,obj2_farther,output/phasevar_5/0006_phA01_phB13.png,Is the blue cube farther from the camera than the red cube? Answer with yes or no.,No,No,20.203125,21.703125,True
/data/shared/Qwen/mydisk/output/SYNTHETIC/NVILA-Lite-2B-SYNTHETIC_MIX_5PCT_2M-20260226_023301/checkpoint-6250,obj2_farther,output/phasevar_5/0006_phA01_phB14.png,Is the blue cube farther from the camera than the red cube? Answer with yes or no.,No,No,20.40625,21.828125,True
/data/shared/Qwen/mydisk/output/SYNTHETIC/NVILA-Lite-2B-SYNTHETIC_MIX_5PCT_2M-20260226_023301/checkpoint-6250,obj2_farther,output/phasevar_5/0006_phA01_phB15.png,Is the blue cube farther from the camera than the red cube? Answer with yes or no.,No,No,20.90625,21.234375,True
/data/shared/Qwen/mydisk/output/SYNTHETIC/NVILA-Lite-2B-SYNTHETIC_MIX_5PCT_2M-20260226_023301/checkpoint-6250,obj2_farther,output/phasevar_5/0006_phA02_phB00.png,Is the blue cube farther from the camera than the red cube? Answer with yes or no.,No,No,20.40625,20.4375,True
/data/shared/Qwen/mydisk/output/SYNTHETIC/NVILA-Lite-2B-SYNTHETIC_MIX_5PCT_2M-20260226_023301/checkpoint-6250,obj2_farther,output/phasevar_5/0006_phA02_phB01.png,Is the blue cube farther from the camera than the red cube? Answer with yes or no.,No,No,20.375,20.59375,True
/data/shared/Qwen/mydisk/output/SYNTHETIC/NVILA-Lite-2B-SYNTHETIC_MIX_5PCT_2M-20260226_023301/checkpoint-6250,obj2_farther,output/phasevar_5/0006_phA02_phB02.png,Is the blue cube farther from the camera than the red cube? Answer with yes or no.,No,No,20.640625,20.921875,True
/data/shared/Qwen/mydisk/output/SYNTHETIC/NVILA-Lite-2B-SYNTHETIC_MIX_5PCT_2M-20260226_023301/checkpoint-6250,obj2_farther,output/phasevar_5/0006_phA02_phB03.png,Is the blue cube farther from the camera than the red cube? Answer with yes or no.,No,Yes,20.21875,20.171875,False
/data/shared/Qwen/mydisk/output/SYNTHETIC/NVILA-Lite-2B-SYNTHETIC_MIX_5PCT_2M-20260226_023301/checkpoint-6250,obj2_farther,output/phasevar_5/0006_phA02_phB04.png,Is the blue cube farther from the camera than the red cube? Answer with yes or no.,No,No,19.5,20.453125,True
/data/shared/Qwen/mydisk/output/SYNTHETIC/NVILA-Lite-2B-SYNTHETIC_MIX_5PCT_2M-20260226_023301/checkpoint-6250,obj2_farther,output/phasevar_5/0006_phA02_phB05.png,Is the blue cube farther from the camera than the red cube? Answer with yes or no.,No,No,20.3125,21.015625,True
/data/shared/Qwen/mydisk/output/SYNTHETIC/NVILA-Lite-2B-SYNTHETIC_MIX_5PCT_2M-20260226_023301/checkpoint-6250,obj2_farther,output/phasevar_5/0006_phA02_phB06.png,Is the blue cube farther from the camera than the red cube? Answer with yes or no.,No,No,21.0625,21.53125,True
/data/shared/Qwen/mydisk/output/SYNTHETIC/NVILA-Lite-2B-SYNTHETIC_MIX_5PCT_2M-20260226_023301/checkpoint-6250,obj2_farther,output/phasevar_5/0006_phA02_phB07.png,Is the blue cube farther from the camera than the red cube? Answer with yes or no.,No,No,20.125,21.1875,True
/data/shared/Qwen/mydisk/output/SYNTHETIC/NVILA-Lite-2B-SYNTHETIC_MIX_5PCT_2M-20260226_023301/checkpoint-6250,obj2_farther,output/phasevar_5/0006_phA02_phB08.png,Is the blue cube farther from the camera than the red cube? Answer with yes or no.,No,No,20.390625,21.265625,True
/data/shared/Qwen/mydisk/output/SYNTHETIC/NVILA-Lite-2B-SYNTHETIC_MIX_5PCT_2M-20260226_023301/checkpoint-6250,obj2_farther,output/phasevar_5/0006_phA02_phB09.png,Is the blue cube farther from the camera than the red cube? Answer with yes or no.,No,No,21.21875,21.90625,True
/data/shared/Qwen/mydisk/output/SYNTHETIC/NVILA-Lite-2B-SYNTHETIC_MIX_5PCT_2M-20260226_023301/checkpoint-6250,obj2_farther,output/phasevar_5/0006_phA02_phB10.png,Is the blue cube farther from the camera than the red cube? Answer with yes or no.,No,No,21.921875,22.578125,True
/data/shared/Qwen/mydisk/output/SYNTHETIC/NVILA-Lite-2B-SYNTHETIC_MIX_5PCT_2M-20260226_023301/checkpoint-6250,obj2_farther,output/phasevar_5/0006_phA02_phB11.png,Is the blue cube farther from the camera than the red cube? Answer with yes or no.,No,No,20.921875,22.09375,True
/data/shared/Qwen/mydisk/output/SYNTHETIC/NVILA-Lite-2B-SYNTHETIC_MIX_5PCT_2M-20260226_023301/checkpoint-6250,obj2_farther,output/phasevar_5/0006_phA02_phB12.png,Is the blue cube farther from the camera than the red cube? Answer with yes or no.,No,No,20.71875,22.0,True
/data/shared/Qwen/mydisk/output/SYNTHETIC/NVILA-Lite-2B-SYNTHETIC_MIX_5PCT_2M-20260226_023301/checkpoint-6250,obj2_farther,output/phasevar_5/0006_phA02_phB13.png,Is the blue cube farther from the camera than the red cube? Answer with yes or no.,No,No,20.5,21.5625,True
/data/shared/Qwen/mydisk/output/SYNTHETIC/NVILA-Lite-2B-SYNTHETIC_MIX_5PCT_2M-20260226_023301/checkpoint-6250,obj2_farther,output/phasevar_5/0006_phA02_phB14.png,Is the blue cube farther from the camera than the red cube? Answer with yes or no.,No,No,20.671875,21.5625,True
/data/shared/Qwen/mydisk/output/SYNTHETIC/NVILA-Lite-2B-SYNTHETIC_MIX_5PCT_2M-20260226_023301/checkpoint-6250,obj2_farther,output/phasevar_5/0006_phA02_phB15.png,Is the blue cube farther from the camera than the red cube? Answer with yes or no.,No,Yes,21.046875,20.84375,False
/data/shared/Qwen/mydisk/output/SYNTHETIC/NVILA-Lite-2B-SYNTHETIC_MIX_5PCT_2M-20260226_023301/checkpoint-6250,obj2_farther,output/phasevar_5/0006_phA03_phB00.png,Is the blue cube farther from the camera than the red cube? Answer with yes or no.,No,No,20.40625,20.484375,True
/data/shared/Qwen/mydisk/output/SYNTHETIC/NVILA-Lite-2B-SYNTHETIC_MIX_5PCT_2M-20260226_023301/checkpoint-6250,obj2_farther,output/phasevar_5/0006_phA03_phB01.png,Is the blue cube farther from the camera than the red cube? Answer with yes or no.,No,No,20.234375,20.6875,True
/data/shared/Qwen/mydisk/output/SYNTHETIC/NVILA-Lite-2B-SYNTHETIC_MIX_5PCT_2M-20260226_023301/checkpoint-6250,obj2_farther,output/phasevar_5/0006_phA03_phB02.png,Is the blue cube farther from the camera than the red cube? Answer with yes or no.,No,No,20.71875,21.03125,True
/data/shared/Qwen/mydisk/output/SYNTHETIC/NVILA-Lite-2B-SYNTHETIC_MIX_5PCT_2M-20260226_023301/checkpoint-6250,obj2_farther,output/phasevar_5/0006_phA03_phB03.png,Is the blue cube farther from the camera than the red cube? Answer with yes or no.,No,Yes,20.53125,20.375,False
/data/shared/Qwen/mydisk/output/SYNTHETIC/NVILA-Lite-2B-SYNTHETIC_MIX_5PCT_2M-20260226_023301/checkpoint-6250,obj2_farther,output/phasevar_5/0006_phA03_phB04.png,Is the blue cube farther from the camera than the red cube? Answer with yes or no.,No,No,19.40625,20.453125,True
/data/shared/Qwen/mydisk/output/SYNTHETIC/NVILA-Lite-2B-SYNTHETIC_MIX_5PCT_2M-20260226_023301/checkpoint-6250,obj2_farther,output/phasevar_5/0006_phA03_phB05.png,Is the blue cube farther from the camera than the red cube? Answer with yes or no.,No,No,20.375,21.046875,True
/data/shared/Qwen/mydisk/output/SYNTHETIC/NVILA-Lite-2B-SYNTHETIC_MIX_5PCT_2M-20260226_023301/checkpoint-6250,obj2_farther,output/phasevar_5/0006_phA03_phB06.png,Is the blue cube farther from the camera than the red cube? Answer with yes or no.,No,No,20.78125,21.328125,True
/data/shared/Qwen/mydisk/output/SYNTHETIC/NVILA-Lite-2B-SYNTHETIC_MIX_5PCT_2M-20260226_023301/checkpoint-6250,obj2_farther,output/phasevar_5/0006_phA03_phB07.png,Is the blue cube farther from the camera than the red cube? Answer with yes or no.,No,No,19.875,20.921875,True
/data/shared/Qwen/mydisk/output/SYNTHETIC/NVILA-Lite-2B-SYNTHETIC_MIX_5PCT_2M-20260226_023301/checkpoint-6250,obj2_farther,output/phasevar_5/0006_phA03_phB08.png,Is the blue cube farther from the camera than the red cube? Answer with yes or no.,No,No,20.046875,20.796875,True
/data/shared/Qwen/mydisk/output/SYNTHETIC/NVILA-Lite-2B-SYNTHETIC_MIX_5PCT_2M-20260226_023301/checkpoint-6250,obj2_farther,output/phasevar_5/0006_phA03_phB09.png,Is the blue cube farther from the camera than the red cube? Answer with yes or no.,No,No,20.9375,21.390625,True
/data/shared/Qwen/mydisk/output/SYNTHETIC/NVILA-Lite-2B-SYNTHETIC_MIX_5PCT_2M-20260226_023301/checkpoint-6250,obj2_farther,output/phasevar_5/0006_phA03_phB10.png,Is the blue cube farther from the camera than the red cube? Answer with yes or no.,No,No,21.53125,22.3125,True
/data/shared/Qwen/mydisk/output/SYNTHETIC/NVILA-Lite-2B-SYNTHETIC_MIX_5PCT_2M-20260226_023301/checkpoint-6250,obj2_farther,output/phasevar_5/0006_phA03_phB11.png,Is the blue cube farther from the camera than the red cube? Answer with yes or no.,No,No,20.65625,21.953125,True
/data/shared/Qwen/mydisk/output/SYNTHETIC/NVILA-Lite-2B-SYNTHETIC_MIX_5PCT_2M-20260226_023301/checkpoint-6250,obj2_farther,output/phasevar_5/0006_phA03_phB12.png,Is the blue cube farther from the camera than the red cube? Answer with yes or no.,No,No,20.328125,21.765625,True
/data/shared/Qwen/mydisk/output/SYNTHETIC/NVILA-Lite-2B-SYNTHETIC_MIX_5PCT_2M-20260226_023301/checkpoint-6250,obj2_farther,output/phasevar_5/0006_phA03_phB13.png,Is the blue cube farther from the camera than the red cube? Answer with yes or no.,No,No,20.234375,21.359375,True
/data/shared/Qwen/mydisk/output/SYNTHETIC/NVILA-Lite-2B-SYNTHETIC_MIX_5PCT_2M-20260226_023301/checkpoint-6250,obj2_farther,output/phasevar_5/0006_phA03_phB14.png,Is the blue cube farther from the camera than the red cube? Answer with yes or no.,No,No,20.65625,21.625,True
/data/shared/Qwen/mydisk/output/SYNTHETIC/NVILA-Lite-2B-SYNTHETIC_MIX_5PCT_2M-20260226_023301/checkpoint-6250,obj2_farther,output/phasevar_5/0006_phA03_phB15.png,Is the blue cube farther from the camera than the red cube? Answer with yes or no.,No,Yes,21.203125,21.0,False
/data/shared/Qwen/mydisk/output/SYNTHETIC/NVILA-Lite-2B-SYNTHETIC_MIX_5PCT_2M-20260226_023301/checkpoint-6250,obj2_farther,output/phasevar_5/0006_phA04_phB00.png,Is the blue cube farther from the camera than the red cube? Answer with yes or no.,No,Yes,20.390625,20.125,False
/data/shared/Qwen/mydisk/output/SYNTHETIC/NVILA-Lite-2B-SYNTHETIC_MIX_5PCT_2M-20260226_023301/checkpoint-6250,obj2_farther,output/phasevar_5/0006_phA04_phB01.png,Is the blue cube farther from the camera than the red cube? Answer with yes or no.,No,No,20.28125,20.359375,True
/data/shared/Qwen/mydisk/output/SYNTHETIC/NVILA-Lite-2B-SYNTHETIC_MIX_5PCT_2M-20260226_023301/checkpoint-6250,obj2_farther,output/phasevar_5/0006_phA04_phB02.png,Is the blue cube farther from the camera than the red cube? Answer with yes or no.,No,Yes,20.78125,20.703125,False
/data/shared/Qwen/mydisk/output/SYNTHETIC/NVILA-Lite-2B-SYNTHETIC_MIX_5PCT_2M-20260226_023301/checkpoint-6250,obj2_farther,output/phasevar_5/0006_phA04_phB03.png,Is the blue cube farther from the camera than the red cube? Answer with yes or no.,No,Yes,20.703125,19.9375,False
/data/shared/Qwen/mydisk/output/SYNTHETIC/NVILA-Lite-2B-SYNTHETIC_MIX_5PCT_2M-20260226_023301/checkpoint-6250,obj2_farther,output/phasevar_5/0006_phA04_phB04.png,Is the blue cube farther from the camera than the red cube? Answer with yes or no.,No,No,19.25,19.8125,True
/data/shared/Qwen/mydisk/output/SYNTHETIC/NVILA-Lite-2B-SYNTHETIC_MIX_5PCT_2M-20260226_023301/checkpoint-6250,obj2_farther,output/phasevar_5/0006_phA04_phB05.png,Is the blue cube farther from the camera than the red cube? Answer with yes or no.,No,No,20.25,20.546875,True
/data/shared/Qwen/mydisk/output/SYNTHETIC/NVILA-Lite-2B-SYNTHETIC_MIX_5PCT_2M-20260226_023301/checkpoint-6250,obj2_farther,output/phasevar_5/0006_phA04_phB06.png,Is the blue cube farther from the camera than the red cube? Answer with yes or no.,No,No,20.53125,20.828125,True
/data/shared/Qwen/mydisk/output/SYNTHETIC/NVILA-Lite-2B-SYNTHETIC_MIX_5PCT_2M-20260226_023301/checkpoint-6250,obj2_farther,output/phasevar_5/0006_phA04_phB07.png,Is the blue cube farther from the camera than the red cube? Answer with yes or no.,No,No,19.65625,20.421875,True
/data/shared/Qwen/mydisk/output/SYNTHETIC/NVILA-Lite-2B-SYNTHETIC_MIX_5PCT_2M-20260226_023301/checkpoint-6250,obj2_farther,output/phasevar_5/0006_phA04_phB08.png,Is the blue cube farther from the camera than the red cube? Answer with yes or no.,No,No,19.90625,20.4375,True
/data/shared/Qwen/mydisk/output/SYNTHETIC/NVILA-Lite-2B-SYNTHETIC_MIX_5PCT_2M-20260226_023301/checkpoint-6250,obj2_farther,output/phasevar_5/0006_phA04_phB09.png,Is the blue cube farther from the camera than the red cube? Answer with yes or no.,No,No,20.890625,21.125,True
/data/shared/Qwen/mydisk/output/SYNTHETIC/NVILA-Lite-2B-SYNTHETIC_MIX_5PCT_2M-20260226_023301/checkpoint-6250,obj2_farther,output/phasevar_5/0006_phA04_phB10.png,Is the blue cube farther from the camera than the red cube? Answer with yes or no.,No,No,21.46875,21.96875,True
/data/shared/Qwen/mydisk/output/SYNTHETIC/NVILA-Lite-2B-SYNTHETIC_MIX_5PCT_2M-20260226_023301/checkpoint-6250,obj2_farther,output/phasevar_5/0006_phA04_phB11.png,Is the blue cube farther from the camera than the red cube? Answer with yes or no.,No,No,20.84375,21.828125,True
/data/shared/Qwen/mydisk/output/SYNTHETIC/NVILA-Lite-2B-SYNTHETIC_MIX_5PCT_2M-20260226_023301/checkpoint-6250,obj2_farther,output/phasevar_5/0006_phA04_phB12.png,Is the blue cube farther from the camera than the red cube? Answer with yes or no.,No,No,20.375,21.46875,True
/data/shared/Qwen/mydisk/output/SYNTHETIC/NVILA-Lite-2B-SYNTHETIC_MIX_5PCT_2M-20260226_023301/checkpoint-6250,obj2_farther,output/phasevar_5/0006_phA04_phB13.png,Is the blue cube farther from the camera than the red cube? Answer with yes or no.,No,No,20.296875,21.0,True
/data/shared/Qwen/mydisk/output/SYNTHETIC/NVILA-Lite-2B-SYNTHETIC_MIX_5PCT_2M-20260226_023301/checkpoint-6250,obj2_farther,output/phasevar_5/0006_phA04_phB14.png,Is the blue cube farther from the camera than the red cube? Answer with yes or no.,No,No,20.578125,21.234375,True
/data/shared/Qwen/mydisk/output/SYNTHETIC/NVILA-Lite-2B-SYNTHETIC_MIX_5PCT_2M-20260226_023301/checkpoint-6250,obj2_farther,output/phasevar_5/0006_phA04_phB15.png,Is the blue cube farther from the camera than the red cube? Answer with yes or no.,No,Yes,21.265625,20.671875,False
/data/shared/Qwen/mydisk/output/SYNTHETIC/NVILA-Lite-2B-SYNTHETIC_MIX_5PCT_2M-20260226_023301/checkpoint-6250,obj2_farther,output/phasevar_5/0006_phA05_phB00.png,Is the blue cube farther from the camera than the red cube? Answer with yes or no.,No,No,20.140625,20.328125,True
/data/shared/Qwen/mydisk/output/SYNTHETIC/NVILA-Lite-2B-SYNTHETIC_MIX_5PCT_2M-20260226_023301/checkpoint-6250,obj2_farther,output/phasevar_5/0006_phA05_phB01.png,Is the blue cube farther from the camera than the red cube? Answer with yes or no.,No,No,19.875,20.53125,True
/data/shared/Qwen/mydisk/output/SYNTHETIC/NVILA-Lite-2B-SYNTHETIC_MIX_5PCT_2M-20260226_023301/checkpoint-6250,obj2_farther,output/phasevar_5/0006_phA05_phB02.png,Is the blue cube farther from the camera than the red cube? Answer with yes or no.,No,No,20.296875,20.828125,True
/data/shared/Qwen/mydisk/output/SYNTHETIC/NVILA-Lite-2B-SYNTHETIC_MIX_5PCT_2M-20260226_023301/checkpoint-6250,obj2_farther,output/phasevar_5/0006_phA05_phB03.png,Is the blue cube farther from the camera than the red cube? Answer with yes or no.,No,No,20.09375,20.125,True
/data/shared/Qwen/mydisk/output/SYNTHETIC/NVILA-Lite-2B-SYNTHETIC_MIX_5PCT_2M-20260226_023301/checkpoint-6250,obj2_farther,output/phasevar_5/0006_phA05_phB04.png,Is the blue cube farther from the camera than the red cube? Answer with yes or no.,No,No,18.828125,19.96875,True
/data/shared/Qwen/mydisk/output/SYNTHETIC/NVILA-Lite-2B-SYNTHETIC_MIX_5PCT_2M-20260226_023301/checkpoint-6250,obj2_farther,output/phasevar_5/0006_phA05_phB05.png,Is the blue cube farther from the camera than the red cube? Answer with yes or no.,No,No,19.796875,20.53125,True
/data/shared/Qwen/mydisk/output/SYNTHETIC/NVILA-Lite-2B-SYNTHETIC_MIX_5PCT_2M-20260226_023301/checkpoint-6250,obj2_farther,output/phasevar_5/0006_phA05_phB06.png,Is the blue cube farther from the camera than the red cube? Answer with yes or no.,No,No,20.28125,20.828125,True
/data/shared/Qwen/mydisk/output/SYNTHETIC/NVILA-Lite-2B-SYNTHETIC_MIX_5PCT_2M-20260226_023301/checkpoint-6250,obj2_farther,output/phasevar_5/0006_phA05_phB07.png,Is the blue cube farther from the camera than the red cube? Answer with yes or no.,No,No,19.578125,20.5,True
/data/shared/Qwen/mydisk/output/SYNTHETIC/NVILA-Lite-2B-SYNTHETIC_MIX_5PCT_2M-20260226_023301/checkpoint-6250,obj2_farther,output/phasevar_5/0006_phA05_phB08.png,Is the blue cube farther from the camera than the red cube? Answer with yes or no.,No,No,19.640625,20.359375,True
/data/shared/Qwen/mydisk/output/SYNTHETIC/NVILA-Lite-2B-SYNTHETIC_MIX_5PCT_2M-20260226_023301/checkpoint-6250,obj2_farther,output/phasevar_5/0006_phA05_phB09.png,Is the blue cube farther from the camera than the red cube? Answer with yes or no.,No,No,20.65625,21.09375,True
/data/shared/Qwen/mydisk/output/SYNTHETIC/NVILA-Lite-2B-SYNTHETIC_MIX_5PCT_2M-20260226_023301/checkpoint-6250,obj2_farther,output/phasevar_5/0006_phA05_phB10.png,Is the blue cube farther from the camera than the red cube? Answer with yes or no.,No,No,21.125,21.734375,True
/data/shared/Qwen/mydisk/output/SYNTHETIC/NVILA-Lite-2B-SYNTHETIC_MIX_5PCT_2M-20260226_023301/checkpoint-6250,obj2_farther,output/phasevar_5/0006_phA05_phB11.png,Is the blue cube farther from the camera than the red cube? Answer with yes or no.,No,No,20.453125,21.5625,True
/data/shared/Qwen/mydisk/output/SYNTHETIC/NVILA-Lite-2B-SYNTHETIC_MIX_5PCT_2M-20260226_023301/checkpoint-6250,obj2_farther,output/phasevar_5/0006_phA05_phB12.png,Is the blue cube farther from the camera than the red cube? Answer with yes or no.,No,No,20.109375,21.5,True
/data/shared/Qwen/mydisk/output/SYNTHETIC/NVILA-Lite-2B-SYNTHETIC_MIX_5PCT_2M-20260226_023301/checkpoint-6250,obj2_farther,output/phasevar_5/0006_phA05_phB13.png,Is the blue cube farther from the camera than the red cube? Answer with yes or no.,No,No,20.3125,21.484375,True
/data/shared/Qwen/mydisk/output/SYNTHETIC/NVILA-Lite-2B-SYNTHETIC_MIX_5PCT_2M-20260226_023301/checkpoint-6250,obj2_farther,output/phasevar_5/0006_phA05_phB14.png,Is the blue cube farther from the camera than the red cube? Answer with yes or no.,No,No,20.484375,21.1875,True
/data/shared/Qwen/mydisk/output/SYNTHETIC/NVILA-Lite-2B-SYNTHETIC_MIX_5PCT_2M-20260226_023301/checkpoint-6250,obj2_farther,output/phasevar_5/0006_phA05_phB15.png,Is the blue cube farther from the camera than the red cube? Answer with yes or no.,No,Yes,21.125,20.84375,False
/data/shared/Qwen/mydisk/output/SYNTHETIC/NVILA-Lite-2B-SYNTHETIC_MIX_5PCT_2M-20260226_023301/checkpoint-6250,obj2_farther,output/phasevar_5/0006_phA06_phB00.png,Is the blue cube farther from the camera than the red cube? Answer with yes or no.,No,Yes,20.25,19.90625,False
/data/shared/Qwen/mydisk/output/SYNTHETIC/NVILA-Lite-2B-SYNTHETIC_MIX_5PCT_2M-20260226_023301/checkpoint-6250,obj2_farther,output/phasevar_5/0006_phA06_phB01.png,Is the blue cube farther from the camera than the red cube? Answer with yes or no.,No,No,20.0,20.0625,True
/data/shared/Qwen/mydisk/output/SYNTHETIC/NVILA-Lite-2B-SYNTHETIC_MIX_5PCT_2M-20260226_023301/checkpoint-6250,obj2_farther,output/phasevar_5/0006_phA06_phB02.png,Is the blue cube farther from the camera than the red cube? Answer with yes or no.,No,No,20.421875,20.578125,True
/data/shared/Qwen/mydisk/output/SYNTHETIC/NVILA-Lite-2B-SYNTHETIC_MIX_5PCT_2M-20260226_023301/checkpoint-6250,obj2_farther,output/phasevar_5/0006_phA06_phB03.png,Is the blue cube farther from the camera than the red cube? Answer with yes or no.,No,Yes,20.234375,19.8125,False
/data/shared/Qwen/mydisk/output/SYNTHETIC/NVILA-Lite-2B-SYNTHETIC_MIX_5PCT_2M-20260226_023301/checkpoint-6250,obj2_farther,output/phasevar_5/0006_phA06_phB04.png,Is the blue cube farther from the camera than the red cube? Answer with yes or no.,No,No,18.828125,19.515625,True
/data/shared/Qwen/mydisk/output/SYNTHETIC/NVILA-Lite-2B-SYNTHETIC_MIX_5PCT_2M-20260226_023301/checkpoint-6250,obj2_farther,output/phasevar_5/0006_phA06_phB05.png,Is the blue cube farther from the camera than the red cube? Answer with yes or no.,No,No,19.296875,19.96875,True
/data/shared/Qwen/mydisk/output/SYNTHETIC/NVILA-Lite-2B-SYNTHETIC_MIX_5PCT_2M-20260226_023301/checkpoint-6250,obj2_farther,output/phasevar_5/0006_phA06_phB06.png,Is the blue cube farther from the camera than the red cube? Answer with yes or no.,No,No,20.171875,20.71875,True
/data/shared/Qwen/mydisk/output/SYNTHETIC/NVILA-Lite-2B-SYNTHETIC_MIX_5PCT_2M-20260226_023301/checkpoint-6250,obj2_farther,output/phasevar_5/0006_phA06_phB07.png,Is the blue cube farther from the camera than the red cube? Answer with yes or no.,No,No,19.40625,20.09375,True
/data/shared/Qwen/mydisk/output/SYNTHETIC/NVILA-Lite-2B-SYNTHETIC_MIX_5PCT_2M-20260226_023301/checkpoint-6250,obj2_farther,output/phasevar_5/0006_phA06_phB08.png,Is the blue cube farther from the camera than the red cube? Answer with yes or no.,No,No,19.546875,20.171875,True
/data/shared/Qwen/mydisk/output/SYNTHETIC/NVILA-Lite-2B-SYNTHETIC_MIX_5PCT_2M-20260226_023301/checkpoint-6250,obj2_farther,output/phasevar_5/0006_phA06_phB09.png,Is the blue cube farther from the camera than the red cube? Answer with yes or no.,No,No,20.546875,20.859375,True
/data/shared/Qwen/mydisk/output/SYNTHETIC/NVILA-Lite-2B-SYNTHETIC_MIX_5PCT_2M-20260226_023301/checkpoint-6250,obj2_farther,output/phasevar_5/0006_phA06_phB10.png,Is the blue cube farther from the camera than the red cube? Answer with yes or no.,No,No,20.765625,21.296875,True
/data/shared/Qwen/mydisk/output/SYNTHETIC/NVILA-Lite-2B-SYNTHETIC_MIX_5PCT_2M-20260226_023301/checkpoint-6250,obj2_farther,output/phasevar_5/0006_phA06_phB11.png,Is the blue cube farther from the camera than the red cube? Answer with yes or no.,No,No,20.296875,21.453125,True
/data/shared/Qwen/mydisk/output/SYNTHETIC/NVILA-Lite-2B-SYNTHETIC_MIX_5PCT_2M-20260226_023301/checkpoint-6250,obj2_farther,output/phasevar_5/0006_phA06_phB12.png,Is the blue cube farther from the camera than the red cube? Answer with yes or no.,No,No,20.203125,21.390625,True
/data/shared/Qwen/mydisk/output/SYNTHETIC/NVILA-Lite-2B-SYNTHETIC_MIX_5PCT_2M-20260226_023301/checkpoint-6250,obj2_farther,output/phasevar_5/0006_phA06_phB13.png,Is the blue cube farther from the camera than the red cube? Answer with yes or no.,No,No,20.421875,21.296875,True
/data/shared/Qwen/mydisk/output/SYNTHETIC/NVILA-Lite-2B-SYNTHETIC_MIX_5PCT_2M-20260226_023301/checkpoint-6250,obj2_farther,output/phasevar_5/0006_phA06_phB14.png,Is the blue cube farther from the camera than the red cube? Answer with yes or no.,No,No,20.40625,20.75,True
/data/shared/Qwen/mydisk/output/SYNTHETIC/NVILA-Lite-2B-SYNTHETIC_MIX_5PCT_2M-20260226_023301/checkpoint-6250,obj2_farther,output/phasevar_5/0006_phA06_phB15.png,Is the blue cube farther from the camera than the red cube? Answer with yes or no.,No,Yes,21.09375,20.375,False
/data/shared/Qwen/mydisk/output/SYNTHETIC/NVILA-Lite-2B-SYNTHETIC_MIX_5PCT_2M-20260226_023301/checkpoint-6250,obj2_farther,output/phasevar_5/0006_phA07_phB00.png,Is the blue cube farther from the camera than the red cube? Answer with yes or no.,No,No,19.8125,20.21875,True
/data/shared/Qwen/mydisk/output/SYNTHETIC/NVILA-Lite-2B-SYNTHETIC_MIX_5PCT_2M-20260226_023301/checkpoint-6250,obj2_farther,output/phasevar_5/0006_phA07_phB01.png,Is the blue cube farther from the camera than the red cube? Answer with yes or no.,No,No,19.578125,20.46875,True
/data/shared/Qwen/mydisk/output/SYNTHETIC/NVILA-Lite-2B-SYNTHETIC_MIX_5PCT_2M-20260226_023301/checkpoint-6250,obj2_farther,output/phasevar_5/0006_phA07_phB02.png,Is the blue cube farther from the camera than the red cube? Answer with yes or no.,No,No,20.109375,20.671875,True
/data/shared/Qwen/mydisk/output/SYNTHETIC/NVILA-Lite-2B-SYNTHETIC_MIX_5PCT_2M-20260226_023301/checkpoint-6250,obj2_farther,output/phasevar_5/0006_phA07_phB03.png,Is the blue cube farther from the camera than the red cube? Answer with yes or no.,No,No,19.734375,19.921875,True
/data/shared/Qwen/mydisk/output/SYNTHETIC/NVILA-Lite-2B-SYNTHETIC_MIX_5PCT_2M-20260226_023301/checkpoint-6250,obj2_farther,output/phasevar_5/0006_phA07_phB04.png,Is the blue cube farther from the camera than the red cube? Answer with yes or no.,No,No,18.75,19.796875,True
/data/shared/Qwen/mydisk/output/SYNTHETIC/NVILA-Lite-2B-SYNTHETIC_MIX_5PCT_2M-20260226_023301/checkpoint-6250,obj2_farther,output/phasevar_5/0006_phA07_phB05.png,Is the blue cube farther from the camera than the red cube? Answer with yes or no.,No,No,19.25,20.234375,True
/data/shared/Qwen/mydisk/output/SYNTHETIC/NVILA-Lite-2B-SYNTHETIC_MIX_5PCT_2M-20260226_023301/checkpoint-6250,obj2_farther,output/phasevar_5/0006_phA07_phB06.png,Is the blue cube farther from the camera than the red cube? Answer with yes or no.,No,No,19.9375,20.671875,True
/data/shared/Qwen/mydisk/output/SYNTHETIC/NVILA-Lite-2B-SYNTHETIC_MIX_5PCT_2M-20260226_023301/checkpoint-6250,obj2_farther,output/phasevar_5/0006_phA07_phB07.png,Is the blue cube farther from the camera than the red cube? Answer with yes or no.,No,No,19.609375,20.703125,True
/data/shared/Qwen/mydisk/output/SYNTHETIC/NVILA-Lite-2B-SYNTHETIC_MIX_5PCT_2M-20260226_023301/checkpoint-6250,obj2_farther,output/phasevar_5/0006_phA07_phB08.png,Is the blue cube farther from the camera than the red cube? Answer with yes or no.,No,No,19.671875,20.8125,True
/data/shared/Qwen/mydisk/output/SYNTHETIC/NVILA-Lite-2B-SYNTHETIC_MIX_5PCT_2M-20260226_023301/checkpoint-6250,obj2_farther,output/phasevar_5/0006_phA07_phB09.png,Is the blue cube farther from the camera than the red cube? Answer with yes or no.,No,No,20.25,21.140625,True
/data/shared/Qwen/mydisk/output/SYNTHETIC/NVILA-Lite-2B-SYNTHETIC_MIX_5PCT_2M-20260226_023301/checkpoint-6250,obj2_farther,output/phasevar_5/0006_phA07_phB10.png,Is the blue cube farther from the camera than the red cube? Answer with yes or no.,No,No,20.578125,21.484375,True
/data/shared/Qwen/mydisk/output/SYNTHETIC/NVILA-Lite-2B-SYNTHETIC_MIX_5PCT_2M-20260226_023301/checkpoint-6250,obj2_farther,output/phasevar_5/0006_phA07_phB11.png,Is the blue cube farther from the camera than the red cube? Answer with yes or no.,No,No,20.0625,21.59375,True
/data/shared/Qwen/mydisk/output/SYNTHETIC/NVILA-Lite-2B-SYNTHETIC_MIX_5PCT_2M-20260226_023301/checkpoint-6250,obj2_farther,output/phasevar_5/0006_phA07_phB12.png,Is the blue cube farther from the camera than the red cube? Answer with yes or no.,No,No,19.953125,21.546875,True
/data/shared/Qwen/mydisk/output/SYNTHETIC/NVILA-Lite-2B-SYNTHETIC_MIX_5PCT_2M-20260226_023301/checkpoint-6250,obj2_farther,output/phasevar_5/0006_phA07_phB13.png,Is the blue cube farther from the camera than the red cube? Answer with yes or no.,No,No,20.125,21.546875,True
/data/shared/Qwen/mydisk/output/SYNTHETIC/NVILA-Lite-2B-SYNTHETIC_MIX_5PCT_2M-20260226_023301/checkpoint-6250,obj2_farther,output/phasevar_5/0006_phA07_phB14.png,Is the blue cube farther from the camera than the red cube? Answer with yes or no.,No,No,20.125,21.0,True
/data/shared/Qwen/mydisk/output/SYNTHETIC/NVILA-Lite-2B-SYNTHETIC_MIX_5PCT_2M-20260226_023301/checkpoint-6250,obj2_farther,output/phasevar_5/0006_phA07_phB15.png,Is the blue cube farther from the camera than the red cube? Answer with yes or no.,No,Yes,20.59375,20.5,False
/data/shared/Qwen/mydisk/output/SYNTHETIC/NVILA-Lite-2B-SYNTHETIC_MIX_5PCT_2M-20260226_023301/checkpoint-6250,obj2_farther,output/phasevar_5/0006_phA08_phB00.png,Is the blue cube farther from the camera than the red cube? Answer with yes or no.,No,No,19.90625,20.21875,True
/data/shared/Qwen/mydisk/output/SYNTHETIC/NVILA-Lite-2B-SYNTHETIC_MIX_5PCT_2M-20260226_023301/checkpoint-6250,obj2_farther,output/phasevar_5/0006_phA08_phB01.png,Is the blue cube farther from the camera than the red cube? Answer with yes or no.,No,No,20.140625,20.515625,True
/data/shared/Qwen/mydisk/output/SYNTHETIC/NVILA-Lite-2B-SYNTHETIC_MIX_5PCT_2M-20260226_023301/checkpoint-6250,obj2_farther,output/phasevar_5/0006_phA08_phB02.png,Is the blue cube farther from the camera than the red cube? Answer with yes or no.,No,No,20.625,20.875,True
/data/shared/Qwen/mydisk/output/SYNTHETIC/NVILA-Lite-2B-SYNTHETIC_MIX_5PCT_2M-20260226_023301/checkpoint-6250,obj2_farther,output/phasevar_5/0006_phA08_phB03.png,Is the blue cube farther from the camera than the red cube? Answer with yes or no.,No,Yes,20.421875,20.03125,False
/data/shared/Qwen/mydisk/output/SYNTHETIC/NVILA-Lite-2B-SYNTHETIC_MIX_5PCT_2M-20260226_023301/checkpoint-6250,obj2_farther,output/phasevar_5/0006_phA08_phB04.png,Is the blue cube farther from the camera than the red cube? Answer with yes or no.,No,No,19.171875,19.84375,True
/data/shared/Qwen/mydisk/output/SYNTHETIC/NVILA-Lite-2B-SYNTHETIC_MIX_5PCT_2M-20260226_023301/checkpoint-6250,obj2_farther,output/phasevar_5/0006_phA08_phB05.png,Is the blue cube farther from the camera than the red cube? Answer with yes or no.,No,No,19.640625,20.15625,True
/data/shared/Qwen/mydisk/output/SYNTHETIC/NVILA-Lite-2B-SYNTHETIC_MIX_5PCT_2M-20260226_023301/checkpoint-6250,obj2_farther,output/phasevar_5/0006_phA08_phB06.png,Is the blue cube farther from the camera than the red cube? Answer with yes or no.,No,No,20.15625,20.625,True
/data/shared/Qwen/mydisk/output/SYNTHETIC/NVILA-Lite-2B-SYNTHETIC_MIX_5PCT_2M-20260226_023301/checkpoint-6250,obj2_farther,output/phasevar_5/0006_phA08_phB07.png,Is the blue cube farther from the camera than the red cube? Answer with yes or no.,No,No,19.53125,20.515625,True
/data/shared/Qwen/mydisk/output/SYNTHETIC/NVILA-Lite-2B-SYNTHETIC_MIX_5PCT_2M-20260226_023301/checkpoint-6250,obj2_farther,output/phasevar_5/0006_phA08_phB08.png,Is the blue cube farther from the camera than the red cube? Answer with yes or no.,No,No,19.609375,21.03125,True
/data/shared/Qwen/mydisk/output/SYNTHETIC/NVILA-Lite-2B-SYNTHETIC_MIX_5PCT_2M-20260226_023301/checkpoint-6250,obj2_farther,output/phasevar_5/0006_phA08_phB09.png,Is the blue cube farther from the camera than the red cube? Answer with yes or no.,No,No,20.125,21.34375,True
/data/shared/Qwen/mydisk/output/SYNTHETIC/NVILA-Lite-2B-SYNTHETIC_MIX_5PCT_2M-20260226_023301/checkpoint-6250,obj2_farther,output/phasevar_5/0006_phA08_phB10.png,Is the blue cube farther from the camera than the red cube? Answer with yes or no.,No,No,20.3125,21.375,True
/data/shared/Qwen/mydisk/output/SYNTHETIC/NVILA-Lite-2B-SYNTHETIC_MIX_5PCT_2M-20260226_023301/checkpoint-6250,obj2_farther,output/phasevar_5/0006_phA08_phB11.png,Is the blue cube farther from the camera than the red cube? Answer with yes or no.,No,No,19.75,21.515625,True
/data/shared/Qwen/mydisk/output/SYNTHETIC/NVILA-Lite-2B-SYNTHETIC_MIX_5PCT_2M-20260226_023301/checkpoint-6250,obj2_farther,output/phasevar_5/0006_phA08_phB12.png,Is the blue cube farther from the camera than the red cube? Answer with yes or no.,No,No,19.921875,21.71875,True
/data/shared/Qwen/mydisk/output/SYNTHETIC/NVILA-Lite-2B-SYNTHETIC_MIX_5PCT_2M-20260226_023301/checkpoint-6250,obj2_farther,output/phasevar_5/0006_phA08_phB13.png,Is the blue cube farther from the camera than the red cube? Answer with yes or no.,No,No,19.921875,21.515625,True
/data/shared/Qwen/mydisk/output/SYNTHETIC/NVILA-Lite-2B-SYNTHETIC_MIX_5PCT_2M-20260226_023301/checkpoint-6250,obj2_farther,output/phasevar_5/0006_phA08_phB14.png,Is the blue cube farther from the camera than the red cube? Answer with yes or no.,No,No,20.171875,21.09375,True
/data/shared/Qwen/mydisk/output/SYNTHETIC/NVILA-Lite-2B-SYNTHETIC_MIX_5PCT_2M-20260226_023301/checkpoint-6250,obj2_farther,output/phasevar_5/0006_phA08_phB15.png,Is the blue cube farther from the camera than the red cube? Answer with yes or no.,No,Yes,20.671875,20.484375,False
/data/shared/Qwen/mydisk/output/SYNTHETIC/NVILA-Lite-2B-SYNTHETIC_MIX_5PCT_2M-20260226_023301/checkpoint-6250,obj2_farther,output/phasevar_5/0006_phA09_phB00.png,Is the blue cube farther from the camera than the red cube? Answer with yes or no.,No,No,19.828125,20.0625,True
/data/shared/Qwen/mydisk/output/SYNTHETIC/NVILA-Lite-2B-SYNTHETIC_MIX_5PCT_2M-20260226_023301/checkpoint-6250,obj2_farther,output/phasevar_5/0006_phA09_phB01.png,Is the blue cube farther from the camera than the red cube? Answer with yes or no.,No,No,20.15625,20.28125,True
/data/shared/Qwen/mydisk/output/SYNTHETIC/NVILA-Lite-2B-SYNTHETIC_MIX_5PCT_2M-20260226_023301/checkpoint-6250,obj2_farther,output/phasevar_5/0006_phA09_phB02.png,Is the blue cube farther from the camera than the red cube? Answer with yes or no.,No,Yes,20.71875,20.609375,False
/data/shared/Qwen/mydisk/output/SYNTHETIC/NVILA-Lite-2B-SYNTHETIC_MIX_5PCT_2M-20260226_023301/checkpoint-6250,obj2_farther,output/phasevar_5/0006_phA09_phB03.png,Is the blue cube farther from the camera than the red cube? Answer with yes or no.,No,Yes,20.296875,19.75,False
/data/shared/Qwen/mydisk/output/SYNTHETIC/NVILA-Lite-2B-SYNTHETIC_MIX_5PCT_2M-20260226_023301/checkpoint-6250,obj2_farther,output/phasevar_5/0006_phA09_phB04.png,Is the blue cube farther from the camera than the red cube? Answer with yes or no.,No,No,19.375,19.71875,True
/data/shared/Qwen/mydisk/output/SYNTHETIC/NVILA-Lite-2B-SYNTHETIC_MIX_5PCT_2M-20260226_023301/checkpoint-6250,obj2_farther,output/phasevar_5/0006_phA09_phB05.png,Is the blue cube farther from the camera than the red cube? Answer with yes or no.,No,No,19.71875,19.796875,True
/data/shared/Qwen/mydisk/output/SYNTHETIC/NVILA-Lite-2B-SYNTHETIC_MIX_5PCT_2M-20260226_023301/checkpoint-6250,obj2_farther,output/phasevar_5/0006_phA09_phB06.png,Is the blue cube farther from the camera than the red cube? Answer with yes or no.,No,No,20.0625,20.171875,True
/data/shared/Qwen/mydisk/output/SYNTHETIC/NVILA-Lite-2B-SYNTHETIC_MIX_5PCT_2M-20260226_023301/checkpoint-6250,obj2_farther,output/phasevar_5/0006_phA09_phB07.png,Is the blue cube farther from the camera than the red cube? Answer with yes or no.,No,No,19.4375,19.890625,True
/data/shared/Qwen/mydisk/output/SYNTHETIC/NVILA-Lite-2B-SYNTHETIC_MIX_5PCT_2M-20260226_023301/checkpoint-6250,obj2_farther,output/phasevar_5/0006_phA09_phB08.png,Is the blue cube farther from the camera than the red cube? Answer with yes or no.,No,No,19.421875,20.40625,True
/data/shared/Qwen/mydisk/output/SYNTHETIC/NVILA-Lite-2B-SYNTHETIC_MIX_5PCT_2M-20260226_023301/checkpoint-6250,obj2_farther,output/phasevar_5/0006_phA09_phB09.png,Is the blue cube farther from the camera than the red cube? Answer with yes or no.,No,No,19.984375,21.171875,True
/data/shared/Qwen/mydisk/output/SYNTHETIC/NVILA-Lite-2B-SYNTHETIC_MIX_5PCT_2M-20260226_023301/checkpoint-6250,obj2_farther,output/phasevar_5/0006_phA09_phB10.png,Is the blue cube farther from the camera than the red cube? Answer with yes or no.,No,No,19.96875,21.0,True
/data/shared/Qwen/mydisk/output/SYNTHETIC/NVILA-Lite-2B-SYNTHETIC_MIX_5PCT_2M-20260226_023301/checkpoint-6250,obj2_farther,output/phasevar_5/0006_phA09_phB11.png,Is the blue cube farther from the camera than the red cube? Answer with yes or no.,No,No,19.296875,20.96875,True
/data/shared/Qwen/mydisk/output/SYNTHETIC/NVILA-Lite-2B-SYNTHETIC_MIX_5PCT_2M-20260226_023301/checkpoint-6250,obj2_farther,output/phasevar_5/0006_phA09_phB12.png,Is the blue cube farther from the camera than the red cube? Answer with yes or no.,No,No,19.46875,21.09375,True
/data/shared/Qwen/mydisk/output/SYNTHETIC/NVILA-Lite-2B-SYNTHETIC_MIX_5PCT_2M-20260226_023301/checkpoint-6250,obj2_farther,output/phasevar_5/0006_phA09_phB13.png,Is the blue cube farther from the camera than the red cube? Answer with yes or no.,No,No,19.484375,20.875,True
/data/shared/Qwen/mydisk/output/SYNTHETIC/NVILA-Lite-2B-SYNTHETIC_MIX_5PCT_2M-20260226_023301/checkpoint-6250,obj2_farther,output/phasevar_5/0006_phA09_phB14.png,Is the blue cube farther from the camera than the red cube? Answer with yes or no.,No,No,19.875,20.640625,True
/data/shared/Qwen/mydisk/output/SYNTHETIC/NVILA-Lite-2B-SYNTHETIC_MIX_5PCT_2M-20260226_023301/checkpoint-6250,obj2_farther,output/phasevar_5/0006_phA09_phB15.png,Is the blue cube farther from the camera than the red cube? Answer with yes or no.,No,Yes,20.359375,20.25,False
/data/shared/Qwen/mydisk/output/SYNTHETIC/NVILA-Lite-2B-SYNTHETIC_MIX_5PCT_2M-20260226_023301/checkpoint-6250,obj2_farther,output/phasevar_5/0006_phA10_phB00.png,Is the blue cube farther from the camera than the red cube? Answer with yes or no.,No,Yes,19.890625,19.71875,False
/data/shared/Qwen/mydisk/output/SYNTHETIC/NVILA-Lite-2B-SYNTHETIC_MIX_5PCT_2M-20260226_023301/checkpoint-6250,obj2_farther,output/phasevar_5/0006_phA10_phB01.png,Is the blue cube farther from the camera than the red cube? Answer with yes or no.,No,Yes,20.25,19.921875,False
/data/shared/Qwen/mydisk/output/SYNTHETIC/NVILA-Lite-2B-SYNTHETIC_MIX_5PCT_2M-20260226_023301/checkpoint-6250,obj2_farther,output/phasevar_5/0006_phA10_phB02.png,Is the blue cube farther from the camera than the red cube? Answer with yes or no.,No,Yes,20.90625,20.46875,False
/data/shared/Qwen/mydisk/output/SYNTHETIC/NVILA-Lite-2B-SYNTHETIC_MIX_5PCT_2M-20260226_023301/checkpoint-6250,obj2_farther,output/phasevar_5/0006_phA10_phB03.png,Is the blue cube farther from the camera than the red cube? Answer with yes or no.,No,Yes,20.375,19.546875,False
/data/shared/Qwen/mydisk/output/SYNTHETIC/NVILA-Lite-2B-SYNTHETIC_MIX_5PCT_2M-20260226_023301/checkpoint-6250,obj2_farther,output/phasevar_5/0006_phA10_phB04.png,Is the blue cube farther from the camera than the red cube? Answer with yes or no.,No,Yes,19.609375,19.484375,False
/data/shared/Qwen/mydisk/output/SYNTHETIC/NVILA-Lite-2B-SYNTHETIC_MIX_5PCT_2M-20260226_023301/checkpoint-6250,obj2_farther,output/phasevar_5/0006_phA10_phB05.png,Is the blue cube farther from the camera than the red cube? Answer with yes or no.,No,Yes,19.78125,19.515625,False
/data/shared/Qwen/mydisk/output/SYNTHETIC/NVILA-Lite-2B-SYNTHETIC_MIX_5PCT_2M-20260226_023301/checkpoint-6250,obj2_farther,output/phasevar_5/0006_phA10_phB06.png,Is the blue cube farther from the camera than the red cube? Answer with yes or no.,No,Yes,20.1875,19.84375,False
/data/shared/Qwen/mydisk/output/SYNTHETIC/NVILA-Lite-2B-SYNTHETIC_MIX_5PCT_2M-20260226_023301/checkpoint-6250,obj2_farther,output/phasevar_5/0006_phA10_phB07.png,Is the blue cube farther from the camera than the red cube? Answer with yes or no.,No,Yes,19.65625,19.625,False
/data/shared/Qwen/mydisk/output/SYNTHETIC/NVILA-Lite-2B-SYNTHETIC_MIX_5PCT_2M-20260226_023301/checkpoint-6250,obj2_farther,output/phasevar_5/0006_phA10_phB08.png,Is the blue cube farther from the camera than the red cube? Answer with yes or no.,No,No,19.5,20.046875,True
/data/shared/Qwen/mydisk/output/SYNTHETIC/NVILA-Lite-2B-SYNTHETIC_MIX_5PCT_2M-20260226_023301/checkpoint-6250,obj2_farther,output/phasevar_5/0006_phA10_phB09.png,Is the blue cube farther from the camera than the red cube? Answer with yes or no.,No,No,19.6875,20.640625,True
/data/shared/Qwen/mydisk/output/SYNTHETIC/NVILA-Lite-2B-SYNTHETIC_MIX_5PCT_2M-20260226_023301/checkpoint-6250,obj2_farther,output/phasevar_5/0006_phA10_phB10.png,Is the blue cube farther from the camera than the red cube? Answer with yes or no.,No,No,19.921875,20.8125,True
/data/shared/Qwen/mydisk/output/SYNTHETIC/NVILA-Lite-2B-SYNTHETIC_MIX_5PCT_2M-20260226_023301/checkpoint-6250,obj2_farther,output/phasevar_5/0006_phA10_phB11.png,Is the blue cube farther from the camera than the red cube? Answer with yes or no.,No,No,19.171875,20.796875,True
/data/shared/Qwen/mydisk/output/SYNTHETIC/NVILA-Lite-2B-SYNTHETIC_MIX_5PCT_2M-20260226_023301/checkpoint-6250,obj2_farther,output/phasevar_5/0006_phA10_phB12.png,Is the blue cube farther from the camera than the red cube? Answer with yes or no.,No,No,19.171875,20.640625,True
/data/shared/Qwen/mydisk/output/SYNTHETIC/NVILA-Lite-2B-SYNTHETIC_MIX_5PCT_2M-20260226_023301/checkpoint-6250,obj2_farther,output/phasevar_5/0006_phA10_phB13.png,Is the blue cube farther from the camera than the red cube? Answer with yes or no.,No,No,19.03125,20.0,True
/data/shared/Qwen/mydisk/output/SYNTHETIC/NVILA-Lite-2B-SYNTHETIC_MIX_5PCT_2M-20260226_023301/checkpoint-6250,obj2_farther,output/phasevar_5/0006_phA10_phB14.png,Is the blue cube farther from the camera than the red cube? Answer with yes or no.,No,No,19.65625,20.21875,True
/data/shared/Qwen/mydisk/output/SYNTHETIC/NVILA-Lite-2B-SYNTHETIC_MIX_5PCT_2M-20260226_023301/checkpoint-6250,obj2_farther,output/phasevar_5/0006_phA10_phB15.png,Is the blue cube farther from the camera than the red cube? Answer with yes or no.,No,Yes,20.546875,19.9375,False
/data/shared/Qwen/mydisk/output/SYNTHETIC/NVILA-Lite-2B-SYNTHETIC_MIX_5PCT_2M-20260226_023301/checkpoint-6250,obj2_farther,output/phasevar_5/0006_phA11_phB00.png,Is the blue cube farther from the camera than the red cube? Answer with yes or no.,No,No,19.828125,20.203125,True
/data/shared/Qwen/mydisk/output/SYNTHETIC/NVILA-Lite-2B-SYNTHETIC_MIX_5PCT_2M-20260226_023301/checkpoint-6250,obj2_farther,output/phasevar_5/0006_phA11_phB01.png,Is the blue cube farther from the camera than the red cube? Answer with yes or no.,No,No,20.265625,20.5,True
/data/shared/Qwen/mydisk/output/SYNTHETIC/NVILA-Lite-2B-SYNTHETIC_MIX_5PCT_2M-20260226_023301/checkpoint-6250,obj2_farther,output/phasevar_5/0006_phA11_phB02.png,Is the blue cube farther from the camera than the red cube? Answer with yes or no.,No,No,20.65625,20.75,True
/data/shared/Qwen/mydisk/output/SYNTHETIC/NVILA-Lite-2B-SYNTHETIC_MIX_5PCT_2M-20260226_023301/checkpoint-6250,obj2_farther,output/phasevar_5/0006_phA11_phB03.png,Is the blue cube farther from the camera than the red cube? Answer with yes or no.,No,Yes,20.28125,19.9375,False
/data/shared/Qwen/mydisk/output/SYNTHETIC/NVILA-Lite-2B-SYNTHETIC_MIX_5PCT_2M-20260226_023301/checkpoint-6250,obj2_farther,output/phasevar_5/0006_phA11_phB04.png,Is the blue cube farther from the camera than the red cube? Answer with yes or no.,No,No,19.484375,19.875,True
/data/shared/Qwen/mydisk/output/SYNTHETIC/NVILA-Lite-2B-SYNTHETIC_MIX_5PCT_2M-20260226_023301/checkpoint-6250,obj2_farther,output/phasevar_5/0006_phA11_phB05.png,Is the blue cube farther from the camera than the red cube? Answer with yes or no.,No,No,20.078125,20.140625,True
/data/shared/Qwen/mydisk/output/SYNTHETIC/NVILA-Lite-2B-SYNTHETIC_MIX_5PCT_2M-20260226_023301/checkpoint-6250,obj2_farther,output/phasevar_5/0006_phA11_phB06.png,Is the blue cube farther from the camera than the red cube? Answer with yes or no.,No,No,20.390625,20.484375,True
/data/shared/Qwen/mydisk/output/SYNTHETIC/NVILA-Lite-2B-SYNTHETIC_MIX_5PCT_2M-20260226_023301/checkpoint-6250,obj2_farther,output/phasevar_5/0006_phA11_phB07.png,Is the blue cube farther from the camera than the red cube? Answer with yes or no.,No,No,19.609375,20.09375,True
/data/shared/Qwen/mydisk/output/SYNTHETIC/NVILA-Lite-2B-SYNTHETIC_MIX_5PCT_2M-20260226_023301/checkpoint-6250,obj2_farther,output/phasevar_5/0006_phA11_phB08.png,Is the blue cube farther from the camera than the red cube? Answer with yes or no.,No,No,19.484375,20.375,True
/data/shared/Qwen/mydisk/output/SYNTHETIC/NVILA-Lite-2B-SYNTHETIC_MIX_5PCT_2M-20260226_023301/checkpoint-6250,obj2_farther,output/phasevar_5/0006_phA11_phB09.png,Is the blue cube farther from the camera than the red cube? Answer with yes or no.,No,No,19.953125,21.046875,True
/data/shared/Qwen/mydisk/output/SYNTHETIC/NVILA-Lite-2B-SYNTHETIC_MIX_5PCT_2M-20260226_023301/checkpoint-6250,obj2_farther,output/phasevar_5/0006_phA11_phB10.png,Is the blue cube farther from the camera than the red cube? Answer with yes or no.,No,No,20.359375,21.546875,True
/data/shared/Qwen/mydisk/output/SYNTHETIC/NVILA-Lite-2B-SYNTHETIC_MIX_5PCT_2M-20260226_023301/checkpoint-6250,obj2_farther,output/phasevar_5/0006_phA11_phB11.png,Is the blue cube farther from the camera than the red cube? Answer with yes or no.,No,No,19.359375,21.15625,True
/data/shared/Qwen/mydisk/output/SYNTHETIC/NVILA-Lite-2B-SYNTHETIC_MIX_5PCT_2M-20260226_023301/checkpoint-6250,obj2_farther,output/phasevar_5/0006_phA11_phB12.png,Is the blue cube farther from the camera than the red cube? Answer with yes or no.,No,No,19.203125,21.109375,True
/data/shared/Qwen/mydisk/output/SYNTHETIC/NVILA-Lite-2B-SYNTHETIC_MIX_5PCT_2M-20260226_023301/checkpoint-6250,obj2_farther,output/phasevar_5/0006_phA11_phB13.png,Is the blue cube farther from the camera than the red cube? Answer with yes or no.,No,No,19.21875,20.765625,True
/data/shared/Qwen/mydisk/output/SYNTHETIC/NVILA-Lite-2B-SYNTHETIC_MIX_5PCT_2M-20260226_023301/checkpoint-6250,obj2_farther,output/phasevar_5/0006_phA11_phB14.png,Is the blue cube farther from the camera than the red cube? Answer with yes or no.,No,No,20.078125,21.234375,True
/data/shared/Qwen/mydisk/output/SYNTHETIC/NVILA-Lite-2B-SYNTHETIC_MIX_5PCT_2M-20260226_023301/checkpoint-6250,obj2_farther,output/phasevar_5/0006_phA11_phB15.png,Is the blue cube farther from the camera than the red cube? Answer with yes or no.,No,Yes,20.609375,20.578125,False
/data/shared/Qwen/mydisk/output/SYNTHETIC/NVILA-Lite-2B-SYNTHETIC_MIX_5PCT_2M-20260226_023301/checkpoint-6250,obj2_farther,output/phasevar_5/0006_phA12_phB00.png,Is the blue cube farther from the camera than the red cube? Answer with yes or no.,No,Yes,20.28125,20.265625,False
/data/shared/Qwen/mydisk/output/SYNTHETIC/NVILA-Lite-2B-SYNTHETIC_MIX_5PCT_2M-20260226_023301/checkpoint-6250,obj2_farther,output/phasevar_5/0006_phA12_phB01.png,Is the blue cube farther from the camera than the red cube? Answer with yes or no.,No,Yes,20.6875,20.515625,False
/data/shared/Qwen/mydisk/output/SYNTHETIC/NVILA-Lite-2B-SYNTHETIC_MIX_5PCT_2M-20260226_023301/checkpoint-6250,obj2_farther,output/phasevar_5/0006_phA12_phB02.png,Is the blue cube farther from the camera than the red cube? Answer with yes or no.,No,Yes,20.96875,20.84375,False
/data/shared/Qwen/mydisk/output/SYNTHETIC/NVILA-Lite-2B-SYNTHETIC_MIX_5PCT_2M-20260226_023301/checkpoint-6250,obj2_farther,output/phasevar_5/0006_phA12_phB03.png,Is the blue cube farther from the camera than the red cube? Answer with yes or no.,No,Yes,20.671875,20.140625,False
/data/shared/Qwen/mydisk/output/SYNTHETIC/NVILA-Lite-2B-SYNTHETIC_MIX_5PCT_2M-20260226_023301/checkpoint-6250,obj2_farther,output/phasevar_5/0006_phA12_phB04.png,Is the blue cube farther from the camera than the red cube? Answer with yes or no.,No,No,19.828125,19.953125,True
/data/shared/Qwen/mydisk/output/SYNTHETIC/NVILA-Lite-2B-SYNTHETIC_MIX_5PCT_2M-20260226_023301/checkpoint-6250,obj2_farther,output/phasevar_5/0006_phA12_phB05.png,Is the blue cube farther from the camera than the red cube? Answer with yes or no.,No,Yes,20.53125,20.234375,False
/data/shared/Qwen/mydisk/output/SYNTHETIC/NVILA-Lite-2B-SYNTHETIC_MIX_5PCT_2M-20260226_023301/checkpoint-6250,obj2_farther,output/phasevar_5/0006_phA12_phB06.png,Is the blue cube farther from the camera than the red cube? Answer with yes or no.,No,Yes,20.796875,20.625,False
/data/shared/Qwen/mydisk/output/SYNTHETIC/NVILA-Lite-2B-SYNTHETIC_MIX_5PCT_2M-20260226_023301/checkpoint-6250,obj2_farther,output/phasevar_5/0006_phA12_phB07.png,Is the blue cube farther from the camera than the red cube? Answer with yes or no.,No,No,20.015625,20.296875,True
/data/shared/Qwen/mydisk/output/SYNTHETIC/NVILA-Lite-2B-SYNTHETIC_MIX_5PCT_2M-20260226_023301/checkpoint-6250,obj2_farther,output/phasevar_5/0006_phA12_phB08.png,Is the blue cube farther from the camera than the red cube? Answer with yes or no.,No,No,19.78125,20.46875,True
/data/shared/Qwen/mydisk/output/SYNTHETIC/NVILA-Lite-2B-SYNTHETIC_MIX_5PCT_2M-20260226_023301/checkpoint-6250,obj2_farther,output/phasevar_5/0006_phA12_phB09.png,Is the blue cube farther from the camera than the red cube? Answer with yes or no.,No,No,20.140625,20.96875,True
/data/shared/Qwen/mydisk/output/SYNTHETIC/NVILA-Lite-2B-SYNTHETIC_MIX_5PCT_2M-20260226_023301/checkpoint-6250,obj2_farther,output/phasevar_5/0006_phA12_phB10.png,Is the blue cube farther from the camera than the red cube? Answer with yes or no.,No,No,20.53125,21.53125,True
/data/shared/Qwen/mydisk/output/SYNTHETIC/NVILA-Lite-2B-SYNTHETIC_MIX_5PCT_2M-20260226_023301/checkpoint-6250,obj2_farther,output/phasevar_5/0006_phA12_phB11.png,Is the blue cube farther from the camera than the red cube? Answer with yes or no.,No,No,19.625,21.21875,True
/data/shared/Qwen/mydisk/output/SYNTHETIC/NVILA-Lite-2B-SYNTHETIC_MIX_5PCT_2M-20260226_023301/checkpoint-6250,obj2_farther,output/phasevar_5/0006_phA12_phB12.png,Is the blue cube farther from the camera than the red cube? Answer with yes or no.,No,No,19.171875,21.046875,True
/data/shared/Qwen/mydisk/output/SYNTHETIC/NVILA-Lite-2B-SYNTHETIC_MIX_5PCT_2M-20260226_023301/checkpoint-6250,obj2_farther,output/phasevar_5/0006_phA12_phB13.png,Is the blue cube farther from the camera than the red cube? Answer with yes or no.,No,No,19.265625,20.75,True
/data/shared/Qwen/mydisk/output/SYNTHETIC/NVILA-Lite-2B-SYNTHETIC_MIX_5PCT_2M-20260226_023301/checkpoint-6250,obj2_farther,output/phasevar_5/0006_phA12_phB14.png,Is the blue cube farther from the camera than the red cube? Answer with yes or no.,No,No,20.296875,21.34375,True
/data/shared/Qwen/mydisk/output/SYNTHETIC/NVILA-Lite-2B-SYNTHETIC_MIX_5PCT_2M-20260226_023301/checkpoint-6250,obj2_farther,output/phasevar_5/0006_phA12_phB15.png,Is the blue cube farther from the camera than the red cube? Answer with yes or no.,No,No,20.8125,20.953125,True
/data/shared/Qwen/mydisk/output/SYNTHETIC/NVILA-Lite-2B-SYNTHETIC_MIX_5PCT_2M-20260226_023301/checkpoint-6250,obj2_farther,output/phasevar_5/0006_phA13_phB00.png,Is the blue cube farther from the camera than the red cube? Answer with yes or no.,No,Yes,20.4375,20.203125,False
/data/shared/Qwen/mydisk/output/SYNTHETIC/NVILA-Lite-2B-SYNTHETIC_MIX_5PCT_2M-20260226_023301/checkpoint-6250,obj2_farther,output/phasevar_5/0006_phA13_phB01.png,Is the blue cube farther from the camera than the red cube? Answer with yes or no.,No,Yes,20.828125,20.46875,False
/data/shared/Qwen/mydisk/output/SYNTHETIC/NVILA-Lite-2B-SYNTHETIC_MIX_5PCT_2M-20260226_023301/checkpoint-6250,obj2_farther,output/phasevar_5/0006_phA13_phB02.png,Is the blue cube farther from the camera than the red cube? Answer with yes or no.,No,Yes,20.953125,20.828125,False
/data/shared/Qwen/mydisk/output/SYNTHETIC/NVILA-Lite-2B-SYNTHETIC_MIX_5PCT_2M-20260226_023301/checkpoint-6250,obj2_farther,output/phasevar_5/0006_phA13_phB03.png,Is the blue cube farther from the camera than the red cube? Answer with yes or no.,No,Yes,20.640625,20.3125,False
/data/shared/Qwen/mydisk/output/SYNTHETIC/NVILA-Lite-2B-SYNTHETIC_MIX_5PCT_2M-20260226_023301/checkpoint-6250,obj2_farther,output/phasevar_5/0006_phA13_phB04.png,Is the blue cube farther from the camera than the red cube? Answer with yes or no.,No,No,19.890625,20.21875,True
/data/shared/Qwen/mydisk/output/SYNTHETIC/NVILA-Lite-2B-SYNTHETIC_MIX_5PCT_2M-20260226_023301/checkpoint-6250,obj2_farther,output/phasevar_5/0006_phA13_phB05.png,Is the blue cube farther from the camera than the red cube? Answer with yes or no.,No,Yes,20.609375,20.59375,False
/data/shared/Qwen/mydisk/output/SYNTHETIC/NVILA-Lite-2B-SYNTHETIC_MIX_5PCT_2M-20260226_023301/checkpoint-6250,obj2_farther,output/phasevar_5/0006_phA13_phB06.png,Is the blue cube farther from the camera than the red cube? Answer with yes or no.,No,Yes,20.953125,20.890625,False
/data/shared/Qwen/mydisk/output/SYNTHETIC/NVILA-Lite-2B-SYNTHETIC_MIX_5PCT_2M-20260226_023301/checkpoint-6250,obj2_farther,output/phasevar_5/0006_phA13_phB07.png,Is the blue cube farther from the camera than the red cube? Answer with yes or no.,No,No,20.140625,20.5625,True
/data/shared/Qwen/mydisk/output/SYNTHETIC/NVILA-Lite-2B-SYNTHETIC_MIX_5PCT_2M-20260226_023301/checkpoint-6250,obj2_farther,output/phasevar_5/0006_phA13_phB08.png,Is the blue cube farther from the camera than the red cube? Answer with yes or no.,No,No,19.96875,20.734375,True
/data/shared/Qwen/mydisk/output/SYNTHETIC/NVILA-Lite-2B-SYNTHETIC_MIX_5PCT_2M-20260226_023301/checkpoint-6250,obj2_farther,output/phasevar_5/0006_phA13_phB09.png,Is the blue cube farther from the camera than the red cube? Answer with yes or no.,No,No,20.328125,21.1875,True
/data/shared/Qwen/mydisk/output/SYNTHETIC/NVILA-Lite-2B-SYNTHETIC_MIX_5PCT_2M-20260226_023301/checkpoint-6250,obj2_farther,output/phasevar_5/0006_phA13_phB10.png,Is the blue cube farther from the camera than the red cube? Answer with yes or no.,No,No,20.5,21.640625,True
/data/shared/Qwen/mydisk/output/SYNTHETIC/NVILA-Lite-2B-SYNTHETIC_MIX_5PCT_2M-20260226_023301/checkpoint-6250,obj2_farther,output/phasevar_5/0006_phA13_phB11.png,Is the blue cube farther from the camera than the red cube? Answer with yes or no.,No,No,19.75,21.34375,True
/data/shared/Qwen/mydisk/output/SYNTHETIC/NVILA-Lite-2B-SYNTHETIC_MIX_5PCT_2M-20260226_023301/checkpoint-6250,obj2_farther,output/phasevar_5/0006_phA13_phB12.png,Is the blue cube farther from the camera than the red cube? Answer with yes or no.,No,No,19.234375,21.125,True
/data/shared/Qwen/mydisk/output/SYNTHETIC/NVILA-Lite-2B-SYNTHETIC_MIX_5PCT_2M-20260226_023301/checkpoint-6250,obj2_farther,output/phasevar_5/0006_phA13_phB13.png,Is the blue cube farther from the camera than the red cube? Answer with yes or no.,No,No,19.3125,20.734375,True
/data/shared/Qwen/mydisk/output/SYNTHETIC/NVILA-Lite-2B-SYNTHETIC_MIX_5PCT_2M-20260226_023301/checkpoint-6250,obj2_farther,output/phasevar_5/0006_phA13_phB14.png,Is the blue cube farther from the camera than the red cube? Answer with yes or no.,No,No,20.328125,21.390625,True
/data/shared/Qwen/mydisk/output/SYNTHETIC/NVILA-Lite-2B-SYNTHETIC_MIX_5PCT_2M-20260226_023301/checkpoint-6250,obj2_farther,output/phasevar_5/0006_phA13_phB15.png,Is the blue cube farther from the camera than the red cube? Answer with yes or no.,No,Yes,20.96875,20.859375,False
/data/shared/Qwen/mydisk/output/SYNTHETIC/NVILA-Lite-2B-SYNTHETIC_MIX_5PCT_2M-20260226_023301/checkpoint-6250,obj2_farther,output/phasevar_5/0006_phA14_phB00.png,Is the blue cube farther from the camera than the red cube? Answer with yes or no.,No,Yes,20.34375,20.140625,False
/data/shared/Qwen/mydisk/output/SYNTHETIC/NVILA-Lite-2B-SYNTHETIC_MIX_5PCT_2M-20260226_023301/checkpoint-6250,obj2_farther,output/phasevar_5/0006_phA14_phB01.png,Is the blue cube farther from the camera than the red cube? Answer with yes or no.,No,Yes,20.953125,20.53125,False
/data/shared/Qwen/mydisk/output/SYNTHETIC/NVILA-Lite-2B-SYNTHETIC_MIX_5PCT_2M-20260226_023301/checkpoint-6250,obj2_farther,output/phasevar_5/0006_phA14_phB02.png,Is the blue cube farther from the camera than the red cube? Answer with yes or no.,No,Yes,21.09375,20.765625,False
/data/shared/Qwen/mydisk/output/SYNTHETIC/NVILA-Lite-2B-SYNTHETIC_MIX_5PCT_2M-20260226_023301/checkpoint-6250,obj2_farther,output/phasevar_5/0006_phA14_phB03.png,Is the blue cube farther from the camera than the red cube? Answer with yes or no.,No,Yes,20.796875,20.265625,False
/data/shared/Qwen/mydisk/output/SYNTHETIC/NVILA-Lite-2B-SYNTHETIC_MIX_5PCT_2M-20260226_023301/checkpoint-6250,obj2_farther,output/phasevar_5/0006_phA14_phB04.png,Is the blue cube farther from the camera than the red cube? Answer with yes or no.,No,No,20.265625,20.28125,True
/data/shared/Qwen/mydisk/output/SYNTHETIC/NVILA-Lite-2B-SYNTHETIC_MIX_5PCT_2M-20260226_023301/checkpoint-6250,obj2_farther,output/phasevar_5/0006_phA14_phB05.png,Is the blue cube farther from the camera than the red cube? Answer with yes or no.,No,Yes,21.0,20.671875,False
/data/shared/Qwen/mydisk/output/SYNTHETIC/NVILA-Lite-2B-SYNTHETIC_MIX_5PCT_2M-20260226_023301/checkpoint-6250,obj2_farther,output/phasevar_5/0006_phA14_phB06.png,Is the blue cube farther from the camera than the red cube? Answer with yes or no.,No,Yes,21.5,21.015625,False
/data/shared/Qwen/mydisk/output/SYNTHETIC/NVILA-Lite-2B-SYNTHETIC_MIX_5PCT_2M-20260226_023301/checkpoint-6250,obj2_farther,output/phasevar_5/0006_phA14_phB07.png,Is the blue cube farther from the camera than the red cube? Answer with yes or no.,No,No,20.890625,20.921875,True
/data/shared/Qwen/mydisk/output/SYNTHETIC/NVILA-Lite-2B-SYNTHETIC_MIX_5PCT_2M-20260226_023301/checkpoint-6250,obj2_farther,output/phasevar_5/0006_phA14_phB08.png,Is the blue cube farther from the camera than the red cube? Answer with yes or no.,No,No,20.59375,21.15625,True
/data/shared/Qwen/mydisk/output/SYNTHETIC/NVILA-Lite-2B-SYNTHETIC_MIX_5PCT_2M-20260226_023301/checkpoint-6250,obj2_farther,output/phasevar_5/0006_phA14_phB09.png,Is the blue cube farther from the camera than the red cube? Answer with yes or no.,No,No,20.875,21.625,True
/data/shared/Qwen/mydisk/output/SYNTHETIC/NVILA-Lite-2B-SYNTHETIC_MIX_5PCT_2M-20260226_023301/checkpoint-6250,obj2_farther,output/phasevar_5/0006_phA14_phB10.png,Is the blue cube farther from the camera than the red cube? Answer with yes or no.,No,No,21.359375,22.03125,True
/data/shared/Qwen/mydisk/output/SYNTHETIC/NVILA-Lite-2B-SYNTHETIC_MIX_5PCT_2M-20260226_023301/checkpoint-6250,obj2_farther,output/phasevar_5/0006_phA14_phB11.png,Is the blue cube farther from the camera than the red cube? Answer with yes or no.,No,No,20.15625,21.453125,True
/data/shared/Qwen/mydisk/output/SYNTHETIC/NVILA-Lite-2B-SYNTHETIC_MIX_5PCT_2M-20260226_023301/checkpoint-6250,obj2_farther,output/phasevar_5/0006_phA14_phB12.png,Is the blue cube farther from the camera than the red cube? Answer with yes or no.,No,No,19.59375,21.25,True
/data/shared/Qwen/mydisk/output/SYNTHETIC/NVILA-Lite-2B-SYNTHETIC_MIX_5PCT_2M-20260226_023301/checkpoint-6250,obj2_farther,output/phasevar_5/0006_phA14_phB13.png,Is the blue cube farther from the camera than the red cube? Answer with yes or no.,No,No,19.328125,20.609375,True
/data/shared/Qwen/mydisk/output/SYNTHETIC/NVILA-Lite-2B-SYNTHETIC_MIX_5PCT_2M-20260226_023301/checkpoint-6250,obj2_farther,output/phasevar_5/0006_phA14_phB14.png,Is the blue cube farther from the camera than the red cube? Answer with yes or no.,No,No,20.3125,21.3125,True
/data/shared/Qwen/mydisk/output/SYNTHETIC/NVILA-Lite-2B-SYNTHETIC_MIX_5PCT_2M-20260226_023301/checkpoint-6250,obj2_farther,output/phasevar_5/0006_phA14_phB15.png,Is the blue cube farther from the camera than the red cube? Answer with yes or no.,No,No,20.34375,20.53125,True
/data/shared/Qwen/mydisk/output/SYNTHETIC/NVILA-Lite-2B-SYNTHETIC_MIX_5PCT_2M-20260226_023301/checkpoint-6250,obj2_farther,output/phasevar_5/0006_phA15_phB00.png,Is the blue cube farther from the camera than the red cube? Answer with yes or no.,No,No,20.0,20.671875,True
/data/shared/Qwen/mydisk/output/SYNTHETIC/NVILA-Lite-2B-SYNTHETIC_MIX_5PCT_2M-20260226_023301/checkpoint-6250,obj2_farther,output/phasevar_5/0006_phA15_phB01.png,Is the blue cube farther from the camera than the red cube? Answer with yes or no.,No,No,20.78125,20.875,True
/data/shared/Qwen/mydisk/output/SYNTHETIC/NVILA-Lite-2B-SYNTHETIC_MIX_5PCT_2M-20260226_023301/checkpoint-6250,obj2_farther,output/phasevar_5/0006_phA15_phB02.png,Is the blue cube farther from the camera than the red cube? Answer with yes or no.,No,No,21.0,21.21875,True
/data/shared/Qwen/mydisk/output/SYNTHETIC/NVILA-Lite-2B-SYNTHETIC_MIX_5PCT_2M-20260226_023301/checkpoint-6250,obj2_farther,output/phasevar_5/0006_phA15_phB03.png,Is the blue cube farther from the camera than the red cube? Answer with yes or no.,No,No,20.640625,20.65625,True
/data/shared/Qwen/mydisk/output/SYNTHETIC/NVILA-Lite-2B-SYNTHETIC_MIX_5PCT_2M-20260226_023301/checkpoint-6250,obj2_farther,output/phasevar_5/0006_phA15_phB04.png,Is the blue cube farther from the camera than the red cube? Answer with yes or no.,No,No,20.078125,20.703125,True
/data/shared/Qwen/mydisk/output/SYNTHETIC/NVILA-Lite-2B-SYNTHETIC_MIX_5PCT_2M-20260226_023301/checkpoint-6250,obj2_farther,output/phasevar_5/0006_phA15_phB05.png,Is the blue cube farther from the camera than the red cube? Answer with yes or no.,No,No,20.734375,21.0625,True
/data/shared/Qwen/mydisk/output/SYNTHETIC/NVILA-Lite-2B-SYNTHETIC_MIX_5PCT_2M-20260226_023301/checkpoint-6250,obj2_farther,output/phasevar_5/0006_phA15_phB06.png,Is the blue cube farther from the camera than the red cube? Answer with yes or no.,No,No,21.359375,21.484375,True
/data/shared/Qwen/mydisk/output/SYNTHETIC/NVILA-Lite-2B-SYNTHETIC_MIX_5PCT_2M-20260226_023301/checkpoint-6250,obj2_farther,output/phasevar_5/0006_phA15_phB07.png,Is the blue cube farther from the camera than the red cube? Answer with yes or no.,No,No,20.453125,21.40625,True
/data/shared/Qwen/mydisk/output/SYNTHETIC/NVILA-Lite-2B-SYNTHETIC_MIX_5PCT_2M-20260226_023301/checkpoint-6250,obj2_farther,output/phasevar_5/0006_phA15_phB08.png,Is the blue cube farther from the camera than the red cube? Answer with yes or no.,No,No,20.40625,21.578125,True
/data/shared/Qwen/mydisk/output/SYNTHETIC/NVILA-Lite-2B-SYNTHETIC_MIX_5PCT_2M-20260226_023301/checkpoint-6250,obj2_farther,output/phasevar_5/0006_phA15_phB09.png,Is the blue cube farther from the camera than the red cube? Answer with yes or no.,No,No,20.78125,21.953125,True
/data/shared/Qwen/mydisk/output/SYNTHETIC/NVILA-Lite-2B-SYNTHETIC_MIX_5PCT_2M-20260226_023301/checkpoint-6250,obj2_farther,output/phasevar_5/0006_phA15_phB10.png,Is the blue cube farther from the camera than the red cube? Answer with yes or no.,No,No,21.21875,22.25,True
/data/shared/Qwen/mydisk/output/SYNTHETIC/NVILA-Lite-2B-SYNTHETIC_MIX_5PCT_2M-20260226_023301/checkpoint-6250,obj2_farther,output/phasevar_5/0006_phA15_phB11.png,Is the blue cube farther from the camera than the red cube? Answer with yes or no.,No,No,20.09375,21.625,True
/data/shared/Qwen/mydisk/output/SYNTHETIC/NVILA-Lite-2B-SYNTHETIC_MIX_5PCT_2M-20260226_023301/checkpoint-6250,obj2_farther,output/phasevar_5/0006_phA15_phB12.png,Is the blue cube farther from the camera than the red cube? Answer with yes or no.,No,No,19.828125,21.484375,True
/data/shared/Qwen/mydisk/output/SYNTHETIC/NVILA-Lite-2B-SYNTHETIC_MIX_5PCT_2M-20260226_023301/checkpoint-6250,obj2_farther,output/phasevar_5/0006_phA15_phB13.png,Is the blue cube farther from the camera than the red cube? Answer with yes or no.,No,No,19.46875,20.90625,True
/data/shared/Qwen/mydisk/output/SYNTHETIC/NVILA-Lite-2B-SYNTHETIC_MIX_5PCT_2M-20260226_023301/checkpoint-6250,obj2_farther,output/phasevar_5/0006_phA15_phB14.png,Is the blue cube farther from the camera than the red cube? Answer with yes or no.,No,No,20.328125,21.546875,True
/data/shared/Qwen/mydisk/output/SYNTHETIC/NVILA-Lite-2B-SYNTHETIC_MIX_5PCT_2M-20260226_023301/checkpoint-6250,obj2_farther,output/phasevar_5/0006_phA15_phB15.png,Is the blue cube farther from the camera than the red cube? Answer with yes or no.,No,No,20.484375,21.015625,True
/data/shared/Qwen/mydisk/output/SYNTHETIC/NVILA-Lite-2B-SYNTHETIC_MIX_5PCT_2M-20260226_023301/checkpoint-6250,obj2_farther,output/phasevar_5/0007_phA00_phB00.png,Is the yellow cube farther from the camera than the magenta cube? Answer with yes or no.,No,No,19.75,20.296875,True
/data/shared/Qwen/mydisk/output/SYNTHETIC/NVILA-Lite-2B-SYNTHETIC_MIX_5PCT_2M-20260226_023301/checkpoint-6250,obj2_farther,output/phasevar_5/0007_phA00_phB01.png,Is the yellow cube farther from the camera than the magenta cube? Answer with yes or no.,No,No,20.28125,20.46875,True
/data/shared/Qwen/mydisk/output/SYNTHETIC/NVILA-Lite-2B-SYNTHETIC_MIX_5PCT_2M-20260226_023301/checkpoint-6250,obj2_farther,output/phasevar_5/0007_phA00_phB02.png,Is the yellow cube farther from the camera than the magenta cube? Answer with yes or no.,No,Yes,21.0625,20.765625,False
/data/shared/Qwen/mydisk/output/SYNTHETIC/NVILA-Lite-2B-SYNTHETIC_MIX_5PCT_2M-20260226_023301/checkpoint-6250,obj2_farther,output/phasevar_5/0007_phA00_phB03.png,Is the yellow cube farther from the camera than the magenta cube? Answer with yes or no.,No,No,20.015625,20.171875,True
/data/shared/Qwen/mydisk/output/SYNTHETIC/NVILA-Lite-2B-SYNTHETIC_MIX_5PCT_2M-20260226_023301/checkpoint-6250,obj2_farther,output/phasevar_5/0007_phA00_phB04.png,Is the yellow cube farther from the camera than the magenta cube? Answer with yes or no.,No,No,19.15625,19.71875,True
/data/shared/Qwen/mydisk/output/SYNTHETIC/NVILA-Lite-2B-SYNTHETIC_MIX_5PCT_2M-20260226_023301/checkpoint-6250,obj2_farther,output/phasevar_5/0007_phA00_phB05.png,Is the yellow cube farther from the camera than the magenta cube? Answer with yes or no.,No,No,19.546875,20.125,True
/data/shared/Qwen/mydisk/output/SYNTHETIC/NVILA-Lite-2B-SYNTHETIC_MIX_5PCT_2M-20260226_023301/checkpoint-6250,obj2_farther,output/phasevar_5/0007_phA00_phB06.png,Is the yellow cube farther from the camera than the magenta cube? Answer with yes or no.,No,Yes,20.09375,19.734375,False
/data/shared/Qwen/mydisk/output/SYNTHETIC/NVILA-Lite-2B-SYNTHETIC_MIX_5PCT_2M-20260226_023301/checkpoint-6250,obj2_farther,output/phasevar_5/0007_phA00_phB07.png,Is the yellow cube farther from the camera than the magenta cube? Answer with yes or no.,No,No,19.328125,19.828125,True
/data/shared/Qwen/mydisk/output/SYNTHETIC/NVILA-Lite-2B-SYNTHETIC_MIX_5PCT_2M-20260226_023301/checkpoint-6250,obj2_farther,output/phasevar_5/0007_phA00_phB08.png,Is the yellow cube farther from the camera than the magenta cube? Answer with yes or no.,No,No,19.34375,19.984375,True
/data/shared/Qwen/mydisk/output/SYNTHETIC/NVILA-Lite-2B-SYNTHETIC_MIX_5PCT_2M-20260226_023301/checkpoint-6250,obj2_farther,output/phasevar_5/0007_phA00_phB09.png,Is the yellow cube farther from the camera than the magenta cube? Answer with yes or no.,No,No,19.8125,20.5,True
/data/shared/Qwen/mydisk/output/SYNTHETIC/NVILA-Lite-2B-SYNTHETIC_MIX_5PCT_2M-20260226_023301/checkpoint-6250,obj2_farther,output/phasevar_5/0007_phA00_phB10.png,Is the yellow cube farther from the camera than the magenta cube? Answer with yes or no.,No,No,20.015625,21.046875,True
/data/shared/Qwen/mydisk/output/SYNTHETIC/NVILA-Lite-2B-SYNTHETIC_MIX_5PCT_2M-20260226_023301/checkpoint-6250,obj2_farther,output/phasevar_5/0007_phA00_phB11.png,Is the yellow cube farther from the camera than the magenta cube? Answer with yes or no.,No,No,19.34375,20.859375,True
/data/shared/Qwen/mydisk/output/SYNTHETIC/NVILA-Lite-2B-SYNTHETIC_MIX_5PCT_2M-20260226_023301/checkpoint-6250,obj2_farther,output/phasevar_5/0007_phA00_phB12.png,Is the yellow cube farther from the camera than the magenta cube? Answer with yes or no.,No,No,19.453125,21.203125,True
/data/shared/Qwen/mydisk/output/SYNTHETIC/NVILA-Lite-2B-SYNTHETIC_MIX_5PCT_2M-20260226_023301/checkpoint-6250,obj2_farther,output/phasevar_5/0007_phA00_phB13.png,Is the yellow cube farther from the camera than the magenta cube? Answer with yes or no.,No,No,19.5625,21.125,True
/data/shared/Qwen/mydisk/output/SYNTHETIC/NVILA-Lite-2B-SYNTHETIC_MIX_5PCT_2M-20260226_023301/checkpoint-6250,obj2_farther,output/phasevar_5/0007_phA00_phB14.png,Is the yellow cube farther from the camera than the magenta cube? Answer with yes or no.,No,No,20.078125,21.296875,True
/data/shared/Qwen/mydisk/output/SYNTHETIC/NVILA-Lite-2B-SYNTHETIC_MIX_5PCT_2M-20260226_023301/checkpoint-6250,obj2_farther,output/phasevar_5/0007_phA00_phB15.png,Is the yellow cube farther from the camera than the magenta cube? Answer with yes or no.,No,No,20.15625,20.953125,True
/data/shared/Qwen/mydisk/output/SYNTHETIC/NVILA-Lite-2B-SYNTHETIC_MIX_5PCT_2M-20260226_023301/checkpoint-6250,obj2_farther,output/phasevar_5/0007_phA01_phB00.png,Is the yellow cube farther from the camera than the magenta cube? Answer with yes or no.,No,No,19.65625,20.03125,True
/data/shared/Qwen/mydisk/output/SYNTHETIC/NVILA-Lite-2B-SYNTHETIC_MIX_5PCT_2M-20260226_023301/checkpoint-6250,obj2_farther,output/phasevar_5/0007_phA01_phB01.png,Is the yellow cube farther from the camera than the magenta cube? Answer with yes or no.,No,No,19.59375,19.9375,True
/data/shared/Qwen/mydisk/output/SYNTHETIC/NVILA-Lite-2B-SYNTHETIC_MIX_5PCT_2M-20260226_023301/checkpoint-6250,obj2_farther,output/phasevar_5/0007_phA01_phB02.png,Is the yellow cube farther from the camera than the magenta cube? Answer with yes or no.,No,Yes,20.5,20.3125,False
/data/shared/Qwen/mydisk/output/SYNTHETIC/NVILA-Lite-2B-SYNTHETIC_MIX_5PCT_2M-20260226_023301/checkpoint-6250,obj2_farther,output/phasevar_5/0007_phA01_phB03.png,Is the yellow cube farther from the camera than the magenta cube? Answer with yes or no.,No,No,19.546875,19.796875,True
/data/shared/Qwen/mydisk/output/SYNTHETIC/NVILA-Lite-2B-SYNTHETIC_MIX_5PCT_2M-20260226_023301/checkpoint-6250,obj2_farther,output/phasevar_5/0007_phA01_phB04.png,Is the yellow cube farther from the camera than the magenta cube? Answer with yes or no.,No,No,18.875,19.65625,True
/data/shared/Qwen/mydisk/output/SYNTHETIC/NVILA-Lite-2B-SYNTHETIC_MIX_5PCT_2M-20260226_023301/checkpoint-6250,obj2_farther,output/phasevar_5/0007_phA01_phB05.png,Is the yellow cube farther from the camera than the magenta cube? Answer with yes or no.,No,No,19.15625,19.859375,True
/data/shared/Qwen/mydisk/output/SYNTHETIC/NVILA-Lite-2B-SYNTHETIC_MIX_5PCT_2M-20260226_023301/checkpoint-6250,obj2_farther,output/phasevar_5/0007_phA01_phB06.png,Is the yellow cube farther from the camera than the magenta cube? Answer with yes or no.,No,Yes,19.4375,19.359375,False
/data/shared/Qwen/mydisk/output/SYNTHETIC/NVILA-Lite-2B-SYNTHETIC_MIX_5PCT_2M-20260226_023301/checkpoint-6250,obj2_farther,output/phasevar_5/0007_phA01_phB07.png,Is the yellow cube farther from the camera than the magenta cube? Answer with yes or no.,No,No,19.140625,19.734375,True
/data/shared/Qwen/mydisk/output/SYNTHETIC/NVILA-Lite-2B-SYNTHETIC_MIX_5PCT_2M-20260226_023301/checkpoint-6250,obj2_farther,output/phasevar_5/0007_phA01_phB08.png,Is the yellow cube farther from the camera than the magenta cube? Answer with yes or no.,No,No,19.296875,20.0,True
/data/shared/Qwen/mydisk/output/SYNTHETIC/NVILA-Lite-2B-SYNTHETIC_MIX_5PCT_2M-20260226_023301/checkpoint-6250,obj2_farther,output/phasevar_5/0007_phA01_phB09.png,Is the yellow cube farther from the camera than the magenta cube? Answer with yes or no.,No,No,19.6875,20.25,True
/data/shared/Qwen/mydisk/output/SYNTHETIC/NVILA-Lite-2B-SYNTHETIC_MIX_5PCT_2M-20260226_023301/checkpoint-6250,obj2_farther,output/phasevar_5/0007_phA01_phB10.png,Is the yellow cube farther from the camera than the magenta cube? Answer with yes or no.,No,No,19.78125,20.65625,True
/data/shared/Qwen/mydisk/output/SYNTHETIC/NVILA-Lite-2B-SYNTHETIC_MIX_5PCT_2M-20260226_023301/checkpoint-6250,obj2_farther,output/phasevar_5/0007_phA01_phB11.png,Is the yellow cube farther from the camera than the magenta cube? Answer with yes or no.,No,No,19.53125,20.65625,True
/data/shared/Qwen/mydisk/output/SYNTHETIC/NVILA-Lite-2B-SYNTHETIC_MIX_5PCT_2M-20260226_023301/checkpoint-6250,obj2_farther,output/phasevar_5/0007_phA01_phB12.png,Is the yellow cube farther from the camera than the magenta cube? Answer with yes or no.,No,No,19.65625,20.9375,True
/data/shared/Qwen/mydisk/output/SYNTHETIC/NVILA-Lite-2B-SYNTHETIC_MIX_5PCT_2M-20260226_023301/checkpoint-6250,obj2_farther,output/phasevar_5/0007_phA01_phB13.png,Is the yellow cube farther from the camera than the magenta cube? Answer with yes or no.,No,No,19.640625,20.6875,True
/data/shared/Qwen/mydisk/output/SYNTHETIC/NVILA-Lite-2B-SYNTHETIC_MIX_5PCT_2M-20260226_023301/checkpoint-6250,obj2_farther,output/phasevar_5/0007_phA01_phB14.png,Is the yellow cube farther from the camera than the magenta cube? Answer with yes or no.,No,No,19.703125,20.640625,True
/data/shared/Qwen/mydisk/output/SYNTHETIC/NVILA-Lite-2B-SYNTHETIC_MIX_5PCT_2M-20260226_023301/checkpoint-6250,obj2_farther,output/phasevar_5/0007_phA01_phB15.png,Is the yellow cube farther from the camera than the magenta cube? Answer with yes or no.,No,No,20.125,20.59375,True
/data/shared/Qwen/mydisk/output/SYNTHETIC/NVILA-Lite-2B-SYNTHETIC_MIX_5PCT_2M-20260226_023301/checkpoint-6250,obj2_farther,output/phasevar_5/0007_phA02_phB00.png,Is the yellow cube farther from the camera than the magenta cube? Answer with yes or no.,No,No,19.78125,20.015625,True
/data/shared/Qwen/mydisk/output/SYNTHETIC/NVILA-Lite-2B-SYNTHETIC_MIX_5PCT_2M-20260226_023301/checkpoint-6250,obj2_farther,output/phasevar_5/0007_phA02_phB01.png,Is the yellow cube farther from the camera than the magenta cube? Answer with yes or no.,No,No,19.5625,19.84375,True
/data/shared/Qwen/mydisk/output/SYNTHETIC/NVILA-Lite-2B-SYNTHETIC_MIX_5PCT_2M-20260226_023301/checkpoint-6250,obj2_farther,output/phasevar_5/0007_phA02_phB02.png,Is the yellow cube farther from the camera than the magenta cube? Answer with yes or no.,No,Yes,20.53125,20.28125,False
/data/shared/Qwen/mydisk/output/SYNTHETIC/NVILA-Lite-2B-SYNTHETIC_MIX_5PCT_2M-20260226_023301/checkpoint-6250,obj2_farther,output/phasevar_5/0007_phA02_phB03.png,Is the yellow cube farther from the camera than the magenta cube? Answer with yes or no.,No,No,19.5625,19.5625,True
/data/shared/Qwen/mydisk/output/SYNTHETIC/NVILA-Lite-2B-SYNTHETIC_MIX_5PCT_2M-20260226_023301/checkpoint-6250,obj2_farther,output/phasevar_5/0007_phA02_phB04.png,Is the yellow cube farther from the camera than the magenta cube? Answer with yes or no.,No,No,18.75,19.515625,True
/data/shared/Qwen/mydisk/output/SYNTHETIC/NVILA-Lite-2B-SYNTHETIC_MIX_5PCT_2M-20260226_023301/checkpoint-6250,obj2_farther,output/phasevar_5/0007_phA02_phB05.png,Is the yellow cube farther from the camera than the magenta cube? Answer with yes or no.,No,No,19.078125,19.703125,True
/data/shared/Qwen/mydisk/output/SYNTHETIC/NVILA-Lite-2B-SYNTHETIC_MIX_5PCT_2M-20260226_023301/checkpoint-6250,obj2_farther,output/phasevar_5/0007_phA02_phB06.png,Is the yellow cube farther from the camera than the magenta cube? Answer with yes or no.,No,Yes,19.5,19.296875,False
/data/shared/Qwen/mydisk/output/SYNTHETIC/NVILA-Lite-2B-SYNTHETIC_MIX_5PCT_2M-20260226_023301/checkpoint-6250,obj2_farther,output/phasevar_5/0007_phA02_phB07.png,Is the yellow cube farther from the camera than the magenta cube? Answer with yes or no.,No,No,19.09375,19.546875,True
/data/shared/Qwen/mydisk/output/SYNTHETIC/NVILA-Lite-2B-SYNTHETIC_MIX_5PCT_2M-20260226_023301/checkpoint-6250,obj2_farther,output/phasevar_5/0007_phA02_phB08.png,Is the yellow cube farther from the camera than the magenta cube? Answer with yes or no.,No,No,19.296875,19.625,True
/data/shared/Qwen/mydisk/output/SYNTHETIC/NVILA-Lite-2B-SYNTHETIC_MIX_5PCT_2M-20260226_023301/checkpoint-6250,obj2_farther,output/phasevar_5/0007_phA02_phB09.png,Is the yellow cube farther from the camera than the magenta cube? Answer with yes or no.,No,No,19.921875,20.15625,True
/data/shared/Qwen/mydisk/output/SYNTHETIC/NVILA-Lite-2B-SYNTHETIC_MIX_5PCT_2M-20260226_023301/checkpoint-6250,obj2_farther,output/phasevar_5/0007_phA02_phB10.png,Is the yellow cube farther from the camera than the magenta cube? Answer with yes or no.,No,No,20.21875,20.90625,True
/data/shared/Qwen/mydisk/output/SYNTHETIC/NVILA-Lite-2B-SYNTHETIC_MIX_5PCT_2M-20260226_023301/checkpoint-6250,obj2_farther,output/phasevar_5/0007_phA02_phB11.png,Is the yellow cube farther from the camera than the magenta cube? Answer with yes or no.,No,No,19.765625,20.765625,True
/data/shared/Qwen/mydisk/output/SYNTHETIC/NVILA-Lite-2B-SYNTHETIC_MIX_5PCT_2M-20260226_023301/checkpoint-6250,obj2_farther,output/phasevar_5/0007_phA02_phB12.png,Is the yellow cube farther from the camera than the magenta cube? Answer with yes or no.,No,No,19.859375,20.921875,True
/data/shared/Qwen/mydisk/output/SYNTHETIC/NVILA-Lite-2B-SYNTHETIC_MIX_5PCT_2M-20260226_023301/checkpoint-6250,obj2_farther,output/phasevar_5/0007_phA02_phB13.png,Is the yellow cube farther from the camera than the magenta cube? Answer with yes or no.,No,No,19.875,20.78125,True
/data/shared/Qwen/mydisk/output/SYNTHETIC/NVILA-Lite-2B-SYNTHETIC_MIX_5PCT_2M-20260226_023301/checkpoint-6250,obj2_farther,output/phasevar_5/0007_phA02_phB14.png,Is the yellow cube farther from the camera than the magenta cube? Answer with yes or no.,No,No,20.015625,20.71875,True
/data/shared/Qwen/mydisk/output/SYNTHETIC/NVILA-Lite-2B-SYNTHETIC_MIX_5PCT_2M-20260226_023301/checkpoint-6250,obj2_farther,output/phasevar_5/0007_phA02_phB15.png,Is the yellow cube farther from the camera than the magenta cube? Answer with yes or no.,No,No,20.28125,20.59375,True
/data/shared/Qwen/mydisk/output/SYNTHETIC/NVILA-Lite-2B-SYNTHETIC_MIX_5PCT_2M-20260226_023301/checkpoint-6250,obj2_farther,output/phasevar_5/0007_phA03_phB00.png,Is the yellow cube farther from the camera than the magenta cube? Answer with yes or no.,No,No,19.75,19.953125,True
/data/shared/Qwen/mydisk/output/SYNTHETIC/NVILA-Lite-2B-SYNTHETIC_MIX_5PCT_2M-20260226_023301/checkpoint-6250,obj2_farther,output/phasevar_5/0007_phA03_phB01.png,Is the yellow cube farther from the camera than the magenta cube? Answer with yes or no.,No,No,19.578125,19.921875,True
/data/shared/Qwen/mydisk/output/SYNTHETIC/NVILA-Lite-2B-SYNTHETIC_MIX_5PCT_2M-20260226_023301/checkpoint-6250,obj2_farther,output/phasevar_5/0007_phA03_phB02.png,Is the yellow cube farther from the camera than the magenta cube? Answer with yes or no.,No,Yes,20.671875,20.390625,False
/data/shared/Qwen/mydisk/output/SYNTHETIC/NVILA-Lite-2B-SYNTHETIC_MIX_5PCT_2M-20260226_023301/checkpoint-6250,obj2_farther,output/phasevar_5/0007_phA03_phB03.png,Is the yellow cube farther from the camera than the magenta cube? Answer with yes or no.,No,Yes,20.03125,19.78125,False
/data/shared/Qwen/mydisk/output/SYNTHETIC/NVILA-Lite-2B-SYNTHETIC_MIX_5PCT_2M-20260226_023301/checkpoint-6250,obj2_farther,output/phasevar_5/0007_phA03_phB04.png,Is the yellow cube farther from the camera than the magenta cube? Answer with yes or no.,No,No,18.6875,19.484375,True
/data/shared/Qwen/mydisk/output/SYNTHETIC/NVILA-Lite-2B-SYNTHETIC_MIX_5PCT_2M-20260226_023301/checkpoint-6250,obj2_farther,output/phasevar_5/0007_phA03_phB05.png,Is the yellow cube farther from the camera than the magenta cube? Answer with yes or no.,No,No,19.140625,19.5625,True
/data/shared/Qwen/mydisk/output/SYNTHETIC/NVILA-Lite-2B-SYNTHETIC_MIX_5PCT_2M-20260226_023301/checkpoint-6250,obj2_farther,output/phasevar_5/0007_phA03_phB06.png,Is the yellow cube farther from the camera than the magenta cube? Answer with yes or no.,No,Yes,19.59375,19.3125,False
/data/shared/Qwen/mydisk/output/SYNTHETIC/NVILA-Lite-2B-SYNTHETIC_MIX_5PCT_2M-20260226_023301/checkpoint-6250,obj2_farther,output/phasevar_5/0007_phA03_phB07.png,Is the yellow cube farther from the camera than the magenta cube? Answer with yes or no.,No,No,19.015625,19.4375,True
/data/shared/Qwen/mydisk/output/SYNTHETIC/NVILA-Lite-2B-SYNTHETIC_MIX_5PCT_2M-20260226_023301/checkpoint-6250,obj2_farther,output/phasevar_5/0007_phA03_phB08.png,Is the yellow cube farther from the camera than the magenta cube? Answer with yes or no.,No,No,19.171875,19.390625,True
/data/shared/Qwen/mydisk/output/SYNTHETIC/NVILA-Lite-2B-SYNTHETIC_MIX_5PCT_2M-20260226_023301/checkpoint-6250,obj2_farther,output/phasevar_5/0007_phA03_phB09.png,Is the yellow cube farther from the camera than the magenta cube? Answer with yes or no.,No,No,19.859375,20.109375,True
/data/shared/Qwen/mydisk/output/SYNTHETIC/NVILA-Lite-2B-SYNTHETIC_MIX_5PCT_2M-20260226_023301/checkpoint-6250,obj2_farther,output/phasevar_5/0007_phA03_phB10.png,Is the yellow cube farther from the camera than the magenta cube? Answer with yes or no.,No,No,20.203125,20.875,True
/data/shared/Qwen/mydisk/output/SYNTHETIC/NVILA-Lite-2B-SYNTHETIC_MIX_5PCT_2M-20260226_023301/checkpoint-6250,obj2_farther,output/phasevar_5/0007_phA03_phB11.png,Is the yellow cube farther from the camera than the magenta cube? Answer with yes or no.,No,No,19.75,20.78125,True
/data/shared/Qwen/mydisk/output/SYNTHETIC/NVILA-Lite-2B-SYNTHETIC_MIX_5PCT_2M-20260226_023301/checkpoint-6250,obj2_farther,output/phasevar_5/0007_phA03_phB12.png,Is the yellow cube farther from the camera than the magenta cube? Answer with yes or no.,No,No,19.8125,20.828125,True
/data/shared/Qwen/mydisk/output/SYNTHETIC/NVILA-Lite-2B-SYNTHETIC_MIX_5PCT_2M-20260226_023301/checkpoint-6250,obj2_farther,output/phasevar_5/0007_phA03_phB13.png,Is the yellow cube farther from the camera than the magenta cube? Answer with yes or no.,No,No,19.859375,20.75,True
/data/shared/Qwen/mydisk/output/SYNTHETIC/NVILA-Lite-2B-SYNTHETIC_MIX_5PCT_2M-20260226_023301/checkpoint-6250,obj2_farther,output/phasevar_5/0007_phA03_phB14.png,Is the yellow cube farther from the camera than the magenta cube? Answer with yes or no.,No,No,20.03125,20.703125,True
/data/shared/Qwen/mydisk/output/SYNTHETIC/NVILA-Lite-2B-SYNTHETIC_MIX_5PCT_2M-20260226_023301/checkpoint-6250,obj2_farther,output/phasevar_5/0007_phA03_phB15.png,Is the yellow cube farther from the camera than the magenta cube? Answer with yes or no.,No,No,20.3125,20.546875,True
/data/shared/Qwen/mydisk/output/SYNTHETIC/NVILA-Lite-2B-SYNTHETIC_MIX_5PCT_2M-20260226_023301/checkpoint-6250,obj2_farther,output/phasevar_5/0007_phA04_phB00.png,Is the yellow cube farther from the camera than the magenta cube? Answer with yes or no.,No,No,19.609375,19.75,True
/data/shared/Qwen/mydisk/output/SYNTHETIC/NVILA-Lite-2B-SYNTHETIC_MIX_5PCT_2M-20260226_023301/checkpoint-6250,obj2_farther,output/phasevar_5/0007_phA04_phB01.png,Is the yellow cube farther from the camera than the magenta cube? Answer with yes or no.,No,No,19.5,19.640625,True
/data/shared/Qwen/mydisk/output/SYNTHETIC/NVILA-Lite-2B-SYNTHETIC_MIX_5PCT_2M-20260226_023301/checkpoint-6250,obj2_farther,output/phasevar_5/0007_phA04_phB02.png,Is the yellow cube farther from the camera than the magenta cube? Answer with yes or no.,No,Yes,20.921875,20.34375,False
/data/shared/Qwen/mydisk/output/SYNTHETIC/NVILA-Lite-2B-SYNTHETIC_MIX_5PCT_2M-20260226_023301/checkpoint-6250,obj2_farther,output/phasevar_5/0007_phA04_phB03.png,Is the yellow cube farther from the camera than the magenta cube? Answer with yes or no.,No,Yes,20.265625,19.671875,False
/data/shared/Qwen/mydisk/output/SYNTHETIC/NVILA-Lite-2B-SYNTHETIC_MIX_5PCT_2M-20260226_023301/checkpoint-6250,obj2_farther,output/phasevar_5/0007_phA04_phB04.png,Is the yellow cube farther from the camera than the magenta cube? Answer with yes or no.,No,No,18.75,19.140625,True
/data/shared/Qwen/mydisk/output/SYNTHETIC/NVILA-Lite-2B-SYNTHETIC_MIX_5PCT_2M-20260226_023301/checkpoint-6250,obj2_farther,output/phasevar_5/0007_phA04_phB05.png,Is the yellow cube farther from the camera than the magenta cube? Answer with yes or no.,No,Yes,19.28125,19.234375,False
/data/shared/Qwen/mydisk/output/SYNTHETIC/NVILA-Lite-2B-SYNTHETIC_MIX_5PCT_2M-20260226_023301/checkpoint-6250,obj2_farther,output/phasevar_5/0007_phA04_phB06.png,Is the yellow cube farther from the camera than the magenta cube? Answer with yes or no.,No,Yes,19.6875,19.265625,False
/data/shared/Qwen/mydisk/output/SYNTHETIC/NVILA-Lite-2B-SYNTHETIC_MIX_5PCT_2M-20260226_023301/checkpoint-6250,obj2_farther,output/phasevar_5/0007_phA04_phB07.png,Is the yellow cube farther from the camera than the magenta cube? Answer with yes or no.,No,No,19.015625,19.21875,True
/data/shared/Qwen/mydisk/output/SYNTHETIC/NVILA-Lite-2B-SYNTHETIC_MIX_5PCT_2M-20260226_023301/checkpoint-6250,obj2_farther,output/phasevar_5/0007_phA04_phB08.png,Is the yellow cube farther from the camera than the magenta cube? Answer with yes or no.,No,No,19.1875,19.203125,True
/data/shared/Qwen/mydisk/output/SYNTHETIC/NVILA-Lite-2B-SYNTHETIC_MIX_5PCT_2M-20260226_023301/checkpoint-6250,obj2_farther,output/phasevar_5/0007_phA04_phB09.png,Is the yellow cube farther from the camera than the magenta cube? Answer with yes or no.,No,No,19.703125,19.875,True
/data/shared/Qwen/mydisk/output/SYNTHETIC/NVILA-Lite-2B-SYNTHETIC_MIX_5PCT_2M-20260226_023301/checkpoint-6250,obj2_farther,output/phasevar_5/0007_phA04_phB10.png,Is the yellow cube farther from the camera than the magenta cube? Answer with yes or no.,No,No,19.609375,20.359375,True
/data/shared/Qwen/mydisk/output/SYNTHETIC/NVILA-Lite-2B-SYNTHETIC_MIX_5PCT_2M-20260226_023301/checkpoint-6250,obj2_farther,output/phasevar_5/0007_phA04_phB11.png,Is the yellow cube farther from the camera than the magenta cube? Answer with yes or no.,No,No,19.296875,20.3125,True
/data/shared/Qwen/mydisk/output/SYNTHETIC/NVILA-Lite-2B-SYNTHETIC_MIX_5PCT_2M-20260226_023301/checkpoint-6250,obj2_farther,output/phasevar_5/0007_phA04_phB12.png,Is the yellow cube farther from the camera than the magenta cube? Answer with yes or no.,No,No,19.390625,20.421875,True
/data/shared/Qwen/mydisk/output/SYNTHETIC/NVILA-Lite-2B-SYNTHETIC_MIX_5PCT_2M-20260226_023301/checkpoint-6250,obj2_farther,output/phasevar_5/0007_phA04_phB13.png,Is the yellow cube farther from the camera than the magenta cube? Answer with yes or no.,No,No,19.484375,20.34375,True
/data/shared/Qwen/mydisk/output/SYNTHETIC/NVILA-Lite-2B-SYNTHETIC_MIX_5PCT_2M-20260226_023301/checkpoint-6250,obj2_farther,output/phasevar_5/0007_phA04_phB14.png,Is the yellow cube farther from the camera than the magenta cube? Answer with yes or no.,No,No,19.734375,20.359375,True
/data/shared/Qwen/mydisk/output/SYNTHETIC/NVILA-Lite-2B-SYNTHETIC_MIX_5PCT_2M-20260226_023301/checkpoint-6250,obj2_farther,output/phasevar_5/0007_phA04_phB15.png,Is the yellow cube farther from the camera than the magenta cube? Answer with yes or no.,No,No,20.125,20.296875,True
/data/shared/Qwen/mydisk/output/SYNTHETIC/NVILA-Lite-2B-SYNTHETIC_MIX_5PCT_2M-20260226_023301/checkpoint-6250,obj2_farther,output/phasevar_5/0007_phA05_phB00.png,Is the yellow cube farther from the camera than the magenta cube? Answer with yes or no.,No,No,19.609375,19.9375,True
/data/shared/Qwen/mydisk/output/SYNTHETIC/NVILA-Lite-2B-SYNTHETIC_MIX_5PCT_2M-20260226_023301/checkpoint-6250,obj2_farther,output/phasevar_5/0007_phA05_phB01.png,Is the yellow cube farther from the camera than the magenta cube? Answer with yes or no.,No,No,19.5,19.921875,True
/data/shared/Qwen/mydisk/output/SYNTHETIC/NVILA-Lite-2B-SYNTHETIC_MIX_5PCT_2M-20260226_023301/checkpoint-6250,obj2_farther,output/phasevar_5/0007_phA05_phB02.png,Is the yellow cube farther from the camera than the magenta cube? Answer with yes or no.,No,Yes,20.875,20.546875,False
/data/shared/Qwen/mydisk/output/SYNTHETIC/NVILA-Lite-2B-SYNTHETIC_MIX_5PCT_2M-20260226_023301/checkpoint-6250,obj2_farther,output/phasevar_5/0007_phA05_phB03.png,Is the yellow cube farther from the camera than the magenta cube? Answer with yes or no.,No,Yes,20.171875,19.9375,False
/data/shared/Qwen/mydisk/output/SYNTHETIC/NVILA-Lite-2B-SYNTHETIC_MIX_5PCT_2M-20260226_023301/checkpoint-6250,obj2_farther,output/phasevar_5/0007_phA05_phB04.png,Is the yellow cube farther from the camera than the magenta cube? Answer with yes or no.,No,No,18.765625,19.484375,True
/data/shared/Qwen/mydisk/output/SYNTHETIC/NVILA-Lite-2B-SYNTHETIC_MIX_5PCT_2M-20260226_023301/checkpoint-6250,obj2_farther,output/phasevar_5/0007_phA05_phB05.png,Is the yellow cube farther from the camera than the magenta cube? Answer with yes or no.,No,No,19.15625,19.375,True
/data/shared/Qwen/mydisk/output/SYNTHETIC/NVILA-Lite-2B-SYNTHETIC_MIX_5PCT_2M-20260226_023301/checkpoint-6250,obj2_farther,output/phasevar_5/0007_phA05_phB06.png,Is the yellow cube farther from the camera than the magenta cube? Answer with yes or no.,No,Yes,19.71875,19.46875,False
/data/shared/Qwen/mydisk/output/SYNTHETIC/NVILA-Lite-2B-SYNTHETIC_MIX_5PCT_2M-20260226_023301/checkpoint-6250,obj2_farther,output/phasevar_5/0007_phA05_phB07.png,Is the yellow cube farther from the camera than the magenta cube? Answer with yes or no.,No,No,18.921875,19.3125,True
/data/shared/Qwen/mydisk/output/SYNTHETIC/NVILA-Lite-2B-SYNTHETIC_MIX_5PCT_2M-20260226_023301/checkpoint-6250,obj2_farther,output/phasevar_5/0007_phA05_phB08.png,Is the yellow cube farther from the camera than the magenta cube? Answer with yes or no.,No,No,19.140625,19.390625,True
/data/shared/Qwen/mydisk/output/SYNTHETIC/NVILA-Lite-2B-SYNTHETIC_MIX_5PCT_2M-20260226_023301/checkpoint-6250,obj2_farther,output/phasevar_5/0007_phA05_phB09.png,Is the yellow cube farther from the camera than the magenta cube? Answer with yes or no.,No,No,19.78125,20.0625,True
/data/shared/Qwen/mydisk/output/SYNTHETIC/NVILA-Lite-2B-SYNTHETIC_MIX_5PCT_2M-20260226_023301/checkpoint-6250,obj2_farther,output/phasevar_5/0007_phA05_phB10.png,Is the yellow cube farther from the camera than the magenta cube? Answer with yes or no.,No,No,19.671875,20.53125,True
/data/shared/Qwen/mydisk/output/SYNTHETIC/NVILA-Lite-2B-SYNTHETIC_MIX_5PCT_2M-20260226_023301/checkpoint-6250,obj2_farther,output/phasevar_5/0007_phA05_phB11.png,Is the yellow cube farther from the camera than the magenta cube? Answer with yes or no.,No,No,19.34375,20.515625,True
/data/shared/Qwen/mydisk/output/SYNTHETIC/NVILA-Lite-2B-SYNTHETIC_MIX_5PCT_2M-20260226_023301/checkpoint-6250,obj2_farther,output/phasevar_5/0007_phA05_phB12.png,Is the yellow cube farther from the camera than the magenta cube? Answer with yes or no.,No,No,19.5625,20.78125,True
/data/shared/Qwen/mydisk/output/SYNTHETIC/NVILA-Lite-2B-SYNTHETIC_MIX_5PCT_2M-20260226_023301/checkpoint-6250,obj2_farther,output/phasevar_5/0007_phA05_phB13.png,Is the yellow cube farther from the camera than the magenta cube? Answer with yes or no.,No,No,19.609375,20.59375,True
/data/shared/Qwen/mydisk/output/SYNTHETIC/NVILA-Lite-2B-SYNTHETIC_MIX_5PCT_2M-20260226_023301/checkpoint-6250,obj2_farther,output/phasevar_5/0007_phA05_phB14.png,Is the yellow cube farther from the camera than the magenta cube? Answer with yes or no.,No,No,19.796875,20.5,True
/data/shared/Qwen/mydisk/output/SYNTHETIC/NVILA-Lite-2B-SYNTHETIC_MIX_5PCT_2M-20260226_023301/checkpoint-6250,obj2_farther,output/phasevar_5/0007_phA05_phB15.png,Is the yellow cube farther from the camera than the magenta cube? Answer with yes or no.,No,No,20.09375,20.5,True
/data/shared/Qwen/mydisk/output/SYNTHETIC/NVILA-Lite-2B-SYNTHETIC_MIX_5PCT_2M-20260226_023301/checkpoint-6250,obj2_farther,output/phasevar_5/0007_phA06_phB00.png,Is the yellow cube farther from the camera than the magenta cube? Answer with yes or no.,No,No,19.625,19.875,True
/data/shared/Qwen/mydisk/output/SYNTHETIC/NVILA-Lite-2B-SYNTHETIC_MIX_5PCT_2M-20260226_023301/checkpoint-6250,obj2_farther,output/phasevar_5/0007_phA06_phB01.png,Is the yellow cube farther from the camera than the magenta cube? Answer with yes or no.,No,No,19.515625,19.875,True
/data/shared/Qwen/mydisk/output/SYNTHETIC/NVILA-Lite-2B-SYNTHETIC_MIX_5PCT_2M-20260226_023301/checkpoint-6250,obj2_farther,output/phasevar_5/0007_phA06_phB02.png,Is the yellow cube farther from the camera than the magenta cube? Answer with yes or no.,No,Yes,20.828125,20.3125,False
/data/shared/Qwen/mydisk/output/SYNTHETIC/NVILA-Lite-2B-SYNTHETIC_MIX_5PCT_2M-20260226_023301/checkpoint-6250,obj2_farther,output/phasevar_5/0007_phA06_phB03.png,Is the yellow cube farther from the camera than the magenta cube? Answer with yes or no.,No,Yes,20.0,19.71875,False
/data/shared/Qwen/mydisk/output/SYNTHETIC/NVILA-Lite-2B-SYNTHETIC_MIX_5PCT_2M-20260226_023301/checkpoint-6250,obj2_farther,output/phasevar_5/0007_phA06_phB04.png,Is the yellow cube farther from the camera than the magenta cube? Answer with yes or no.,No,No,18.859375,19.34375,True
/data/shared/Qwen/mydisk/output/SYNTHETIC/NVILA-Lite-2B-SYNTHETIC_MIX_5PCT_2M-20260226_023301/checkpoint-6250,obj2_farther,output/phasevar_5/0007_phA06_phB05.png,Is the yellow cube farther from the camera than the magenta cube? Answer with yes or no.,No,No,18.859375,19.265625,True
/data/shared/Qwen/mydisk/output/SYNTHETIC/NVILA-Lite-2B-SYNTHETIC_MIX_5PCT_2M-20260226_023301/checkpoint-6250,obj2_farther,output/phasevar_5/0007_phA06_phB06.png,Is the yellow cube farther from the camera than the magenta cube? Answer with yes or no.,No,Yes,19.484375,19.390625,False
/data/shared/Qwen/mydisk/output/SYNTHETIC/NVILA-Lite-2B-SYNTHETIC_MIX_5PCT_2M-20260226_023301/checkpoint-6250,obj2_farther,output/phasevar_5/0007_phA06_phB07.png,Is the yellow cube farther from the camera than the magenta cube? Answer with yes or no.,No,No,18.96875,19.453125,True
/data/shared/Qwen/mydisk/output/SYNTHETIC/NVILA-Lite-2B-SYNTHETIC_MIX_5PCT_2M-20260226_023301/checkpoint-6250,obj2_farther,output/phasevar_5/0007_phA06_phB08.png,Is the yellow cube farther from the camera than the magenta cube? Answer with yes or no.,No,No,19.28125,19.609375,True
/data/shared/Qwen/mydisk/output/SYNTHETIC/NVILA-Lite-2B-SYNTHETIC_MIX_5PCT_2M-20260226_023301/checkpoint-6250,obj2_farther,output/phasevar_5/0007_phA06_phB09.png,Is the yellow cube farther from the camera than the magenta cube? Answer with yes or no.,No,No,19.65625,20.09375,True
/data/shared/Qwen/mydisk/output/SYNTHETIC/NVILA-Lite-2B-SYNTHETIC_MIX_5PCT_2M-20260226_023301/checkpoint-6250,obj2_farther,output/phasevar_5/0007_phA06_phB10.png,Is the yellow cube farther from the camera than the magenta cube? Answer with yes or no.,No,No,19.390625,20.46875,True
/data/shared/Qwen/mydisk/output/SYNTHETIC/NVILA-Lite-2B-SYNTHETIC_MIX_5PCT_2M-20260226_023301/checkpoint-6250,obj2_farther,output/phasevar_5/0007_phA06_phB11.png,Is the yellow cube farther from the camera than the magenta cube? Answer with yes or no.,No,No,19.46875,20.578125,True
/data/shared/Qwen/mydisk/output/SYNTHETIC/NVILA-Lite-2B-SYNTHETIC_MIX_5PCT_2M-20260226_023301/checkpoint-6250,obj2_farther,output/phasevar_5/0007_phA06_phB12.png,Is the yellow cube farther from the camera than the magenta cube? Answer with yes or no.,No,No,19.5625,20.734375,True
/data/shared/Qwen/mydisk/output/SYNTHETIC/NVILA-Lite-2B-SYNTHETIC_MIX_5PCT_2M-20260226_023301/checkpoint-6250,obj2_farther,output/phasevar_5/0007_phA06_phB13.png,Is the yellow cube farther from the camera than the magenta cube? Answer with yes or no.,No,No,19.5625,20.484375,True
/data/shared/Qwen/mydisk/output/SYNTHETIC/NVILA-Lite-2B-SYNTHETIC_MIX_5PCT_2M-20260226_023301/checkpoint-6250,obj2_farther,output/phasevar_5/0007_phA06_phB14.png,Is the yellow cube farther from the camera than the magenta cube? Answer with yes or no.,No,No,19.71875,20.53125,True
/data/shared/Qwen/mydisk/output/SYNTHETIC/NVILA-Lite-2B-SYNTHETIC_MIX_5PCT_2M-20260226_023301/checkpoint-6250,obj2_farther,output/phasevar_5/0007_phA06_phB15.png,Is the yellow cube farther from the camera than the magenta cube? Answer with yes or no.,No,No,20.0625,20.390625,True
/data/shared/Qwen/mydisk/output/SYNTHETIC/NVILA-Lite-2B-SYNTHETIC_MIX_5PCT_2M-20260226_023301/checkpoint-6250,obj2_farther,output/phasevar_5/0007_phA07_phB00.png,Is the yellow cube farther from the camera than the magenta cube? Answer with yes or no.,No,No,19.46875,20.015625,True
/data/shared/Qwen/mydisk/output/SYNTHETIC/NVILA-Lite-2B-SYNTHETIC_MIX_5PCT_2M-20260226_023301/checkpoint-6250,obj2_farther,output/phasevar_5/0007_phA07_phB01.png,Is the yellow cube farther from the camera than the magenta cube? Answer with yes or no.,No,No,19.421875,20.109375,True
/data/shared/Qwen/mydisk/output/SYNTHETIC/NVILA-Lite-2B-SYNTHETIC_MIX_5PCT_2M-20260226_023301/checkpoint-6250,obj2_farther,output/phasevar_5/0007_phA07_phB02.png,Is the yellow cube farther from the camera than the magenta cube? Answer with yes or no.,No,Yes,20.90625,20.375,False
/data/shared/Qwen/mydisk/output/SYNTHETIC/NVILA-Lite-2B-SYNTHETIC_MIX_5PCT_2M-20260226_023301/checkpoint-6250,obj2_farther,output/phasevar_5/0007_phA07_phB03.png,Is the yellow cube farther from the camera than the magenta cube? Answer with yes or no.,No,Yes,19.78125,19.59375,False
/data/shared/Qwen/mydisk/output/SYNTHETIC/NVILA-Lite-2B-SYNTHETIC_MIX_5PCT_2M-20260226_023301/checkpoint-6250,obj2_farther,output/phasevar_5/0007_phA07_phB04.png,Is the yellow cube farther from the camera than the magenta cube? Answer with yes or no.,No,No,18.8125,19.28125,True
/data/shared/Qwen/mydisk/output/SYNTHETIC/NVILA-Lite-2B-SYNTHETIC_MIX_5PCT_2M-20260226_023301/checkpoint-6250,obj2_farther,output/phasevar_5/0007_phA07_phB05.png,Is the yellow cube farther from the camera than the magenta cube? Answer with yes or no.,No,No,18.8125,19.46875,True
/data/shared/Qwen/mydisk/output/SYNTHETIC/NVILA-Lite-2B-SYNTHETIC_MIX_5PCT_2M-20260226_023301/checkpoint-6250,obj2_farther,output/phasevar_5/0007_phA07_phB06.png,Is the yellow cube farther from the camera than the magenta cube? Answer with yes or no.,No,Yes,19.515625,19.4375,False
/data/shared/Qwen/mydisk/output/SYNTHETIC/NVILA-Lite-2B-SYNTHETIC_MIX_5PCT_2M-20260226_023301/checkpoint-6250,obj2_farther,output/phasevar_5/0007_phA07_phB07.png,Is the yellow cube farther from the camera than the magenta cube? Answer with yes or no.,No,No,18.953125,19.296875,True
/data/shared/Qwen/mydisk/output/SYNTHETIC/NVILA-Lite-2B-SYNTHETIC_MIX_5PCT_2M-20260226_023301/checkpoint-6250,obj2_farther,output/phasevar_5/0007_phA07_phB08.png,Is the yellow cube farther from the camera than the magenta cube? Answer with yes or no.,No,No,19.21875,19.796875,True
/data/shared/Qwen/mydisk/output/SYNTHETIC/NVILA-Lite-2B-SYNTHETIC_MIX_5PCT_2M-20260226_023301/checkpoint-6250,obj2_farther,output/phasevar_5/0007_phA07_phB09.png,Is the yellow cube farther from the camera than the magenta cube? Answer with yes or no.,No,No,19.453125,20.09375,True
/data/shared/Qwen/mydisk/output/SYNTHETIC/NVILA-Lite-2B-SYNTHETIC_MIX_5PCT_2M-20260226_023301/checkpoint-6250,obj2_farther,output/phasevar_5/0007_phA07_phB10.png,Is the yellow cube farther from the camera than the magenta cube? Answer with yes or no.,No,No,19.15625,20.296875,True
/data/shared/Qwen/mydisk/output/SYNTHETIC/NVILA-Lite-2B-SYNTHETIC_MIX_5PCT_2M-20260226_023301/checkpoint-6250,obj2_farther,output/phasevar_5/0007_phA07_phB11.png,Is the yellow cube farther from the camera than the magenta cube? Answer with yes or no.,No,No,19.15625,20.390625,True
/data/shared/Qwen/mydisk/output/SYNTHETIC/NVILA-Lite-2B-SYNTHETIC_MIX_5PCT_2M-20260226_023301/checkpoint-6250,obj2_farther,output/phasevar_5/0007_phA07_phB12.png,Is the yellow cube farther from the camera than the magenta cube? Answer with yes or no.,No,No,19.234375,20.625,True
/data/shared/Qwen/mydisk/output/SYNTHETIC/NVILA-Lite-2B-SYNTHETIC_MIX_5PCT_2M-20260226_023301/checkpoint-6250,obj2_farther,output/phasevar_5/0007_phA07_phB13.png,Is the yellow cube farther from the camera than the magenta cube? Answer with yes or no.,No,No,19.21875,20.3125,True
/data/shared/Qwen/mydisk/output/SYNTHETIC/NVILA-Lite-2B-SYNTHETIC_MIX_5PCT_2M-20260226_023301/checkpoint-6250,obj2_farther,output/phasevar_5/0007_phA07_phB14.png,Is the yellow cube farther from the camera than the magenta cube? Answer with yes or no.,No,No,19.5,20.46875,True
/data/shared/Qwen/mydisk/output/SYNTHETIC/NVILA-Lite-2B-SYNTHETIC_MIX_5PCT_2M-20260226_023301/checkpoint-6250,obj2_farther,output/phasevar_5/0007_phA07_phB15.png,Is the yellow cube farther from the camera than the magenta cube? Answer with yes or no.,No,No,19.828125,20.359375,True
/data/shared/Qwen/mydisk/output/SYNTHETIC/NVILA-Lite-2B-SYNTHETIC_MIX_5PCT_2M-20260226_023301/checkpoint-6250,obj2_farther,output/phasevar_5/0007_phA08_phB00.png,Is the yellow cube farther from the camera than the magenta cube? Answer with yes or no.,No,No,19.578125,20.296875,True
/data/shared/Qwen/mydisk/output/SYNTHETIC/NVILA-Lite-2B-SYNTHETIC_MIX_5PCT_2M-20260226_023301/checkpoint-6250,obj2_farther,output/phasevar_5/0007_phA08_phB01.png,Is the yellow cube farther from the camera than the magenta cube? Answer with yes or no.,No,No,19.953125,20.34375,True
/data/shared/Qwen/mydisk/output/SYNTHETIC/NVILA-Lite-2B-SYNTHETIC_MIX_5PCT_2M-20260226_023301/checkpoint-6250,obj2_farther,output/phasevar_5/0007_phA08_phB02.png,Is the yellow cube farther from the camera than the magenta cube? Answer with yes or no.,No,Yes,21.65625,20.765625,False
/data/shared/Qwen/mydisk/output/SYNTHETIC/NVILA-Lite-2B-SYNTHETIC_MIX_5PCT_2M-20260226_023301/checkpoint-6250,obj2_farther,output/phasevar_5/0007_phA08_phB03.png,Is the yellow cube farther from the camera than the magenta cube? Answer with yes or no.,No,Yes,20.53125,20.09375,False
/data/shared/Qwen/mydisk/output/SYNTHETIC/NVILA-Lite-2B-SYNTHETIC_MIX_5PCT_2M-20260226_023301/checkpoint-6250,obj2_farther,output/phasevar_5/0007_phA08_phB04.png,Is the yellow cube farther from the camera than the magenta cube? Answer with yes or no.,No,No,19.25,19.578125,True
/data/shared/Qwen/mydisk/output/SYNTHETIC/NVILA-Lite-2B-SYNTHETIC_MIX_5PCT_2M-20260226_023301/checkpoint-6250,obj2_farther,output/phasevar_5/0007_phA08_phB05.png,Is the yellow cube farther from the camera than the magenta cube? Answer with yes or no.,No,No,19.296875,19.578125,True
/data/shared/Qwen/mydisk/output/SYNTHETIC/NVILA-Lite-2B-SYNTHETIC_MIX_5PCT_2M-20260226_023301/checkpoint-6250,obj2_farther,output/phasevar_5/0007_phA08_phB06.png,Is the yellow cube farther from the camera than the magenta cube? Answer with yes or no.,No,Yes,20.0,19.8125,False
/data/shared/Qwen/mydisk/output/SYNTHETIC/NVILA-Lite-2B-SYNTHETIC_MIX_5PCT_2M-20260226_023301/checkpoint-6250,obj2_farther,output/phasevar_5/0007_phA08_phB07.png,Is the yellow cube farther from the camera than the magenta cube? Answer with yes or no.,No,No,19.078125,19.203125,True
/data/shared/Qwen/mydisk/output/SYNTHETIC/NVILA-Lite-2B-SYNTHETIC_MIX_5PCT_2M-20260226_023301/checkpoint-6250,obj2_farther,output/phasevar_5/0007_phA08_phB08.png,Is the yellow cube farther from the camera than the magenta cube? Answer with yes or no.,No,No,18.96875,19.625,True
/data/shared/Qwen/mydisk/output/SYNTHETIC/NVILA-Lite-2B-SYNTHETIC_MIX_5PCT_2M-20260226_023301/checkpoint-6250,obj2_farther,output/phasevar_5/0007_phA08_phB09.png,Is the yellow cube farther from the camera than the magenta cube? Answer with yes or no.,No,No,19.3125,20.140625,True
/data/shared/Qwen/mydisk/output/SYNTHETIC/NVILA-Lite-2B-SYNTHETIC_MIX_5PCT_2M-20260226_023301/checkpoint-6250,obj2_farther,output/phasevar_5/0007_phA08_phB10.png,Is the yellow cube farther from the camera than the magenta cube? Answer with yes or no.,No,No,19.21875,20.421875,True
/data/shared/Qwen/mydisk/output/SYNTHETIC/NVILA-Lite-2B-SYNTHETIC_MIX_5PCT_2M-20260226_023301/checkpoint-6250,obj2_farther,output/phasevar_5/0007_phA08_phB11.png,Is the yellow cube farther from the camera than the magenta cube? Answer with yes or no.,No,No,19.0625,20.625,True
/data/shared/Qwen/mydisk/output/SYNTHETIC/NVILA-Lite-2B-SYNTHETIC_MIX_5PCT_2M-20260226_023301/checkpoint-6250,obj2_farther,output/phasevar_5/0007_phA08_phB12.png,Is the yellow cube farther from the camera than the magenta cube? Answer with yes or no.,No,No,19.125,20.796875,True
/data/shared/Qwen/mydisk/output/SYNTHETIC/NVILA-Lite-2B-SYNTHETIC_MIX_5PCT_2M-20260226_023301/checkpoint-6250,obj2_farther,output/phasevar_5/0007_phA08_phB13.png,Is the yellow cube farther from the camera than the magenta cube? Answer with yes or no.,No,No,19.0625,20.296875,True
/data/shared/Qwen/mydisk/output/SYNTHETIC/NVILA-Lite-2B-SYNTHETIC_MIX_5PCT_2M-20260226_023301/checkpoint-6250,obj2_farther,output/phasevar_5/0007_phA08_phB14.png,Is the yellow cube farther from the camera than the magenta cube? Answer with yes or no.,No,No,19.484375,20.703125,True
/data/shared/Qwen/mydisk/output/SYNTHETIC/NVILA-Lite-2B-SYNTHETIC_MIX_5PCT_2M-20260226_023301/checkpoint-6250,obj2_farther,output/phasevar_5/0007_phA08_phB15.png,Is the yellow cube farther from the camera than the magenta cube? Answer with yes or no.,No,No,19.890625,20.65625,True
/data/shared/Qwen/mydisk/output/SYNTHETIC/NVILA-Lite-2B-SYNTHETIC_MIX_5PCT_2M-20260226_023301/checkpoint-6250,obj2_farther,output/phasevar_5/0007_phA09_phB00.png,Is the yellow cube farther from the camera than the magenta cube? Answer with yes or no.,No,No,19.609375,20.34375,True
/data/shared/Qwen/mydisk/output/SYNTHETIC/NVILA-Lite-2B-SYNTHETIC_MIX_5PCT_2M-20260226_023301/checkpoint-6250,obj2_farther,output/phasevar_5/0007_phA09_phB01.png,Is the yellow cube farther from the camera than the magenta cube? Answer with yes or no.,No,No,20.25,20.578125,True
/data/shared/Qwen/mydisk/output/SYNTHETIC/NVILA-Lite-2B-SYNTHETIC_MIX_5PCT_2M-20260226_023301/checkpoint-6250,obj2_farther,output/phasevar_5/0007_phA09_phB02.png,Is the yellow cube farther from the camera than the magenta cube? Answer with yes or no.,No,Yes,21.8125,20.90625,False
/data/shared/Qwen/mydisk/output/SYNTHETIC/NVILA-Lite-2B-SYNTHETIC_MIX_5PCT_2M-20260226_023301/checkpoint-6250,obj2_farther,output/phasevar_5/0007_phA09_phB03.png,Is the yellow cube farther from the camera than the magenta cube? Answer with yes or no.,No,Yes,20.59375,20.1875,False
/data/shared/Qwen/mydisk/output/SYNTHETIC/NVILA-Lite-2B-SYNTHETIC_MIX_5PCT_2M-20260226_023301/checkpoint-6250,obj2_farther,output/phasevar_5/0007_phA09_phB04.png,Is the yellow cube farther from the camera than the magenta cube? Answer with yes or no.,No,No,19.34375,19.546875,True
/data/shared/Qwen/mydisk/output/SYNTHETIC/NVILA-Lite-2B-SYNTHETIC_MIX_5PCT_2M-20260226_023301/checkpoint-6250,obj2_farther,output/phasevar_5/0007_phA09_phB05.png,Is the yellow cube farther from the camera than the magenta cube? Answer with yes or no.,No,No,19.40625,19.5625,True
/data/shared/Qwen/mydisk/output/SYNTHETIC/NVILA-Lite-2B-SYNTHETIC_MIX_5PCT_2M-20260226_023301/checkpoint-6250,obj2_farther,output/phasevar_5/0007_phA09_phB06.png,Is the yellow cube farther from the camera than the magenta cube? Answer with yes or no.,No,Yes,20.21875,19.84375,False
/data/shared/Qwen/mydisk/output/SYNTHETIC/NVILA-Lite-2B-SYNTHETIC_MIX_5PCT_2M-20260226_023301/checkpoint-6250,obj2_farther,output/phasevar_5/0007_phA09_phB07.png,Is the yellow cube farther from the camera than the magenta cube? Answer with yes or no.,No,No,19.203125,19.28125,True
/data/shared/Qwen/mydisk/output/SYNTHETIC/NVILA-Lite-2B-SYNTHETIC_MIX_5PCT_2M-20260226_023301/checkpoint-6250,obj2_farther,output/phasevar_5/0007_phA09_phB08.png,Is the yellow cube farther from the camera than the magenta cube? Answer with yes or no.,No,No,18.984375,19.4375,True
/data/shared/Qwen/mydisk/output/SYNTHETIC/NVILA-Lite-2B-SYNTHETIC_MIX_5PCT_2M-20260226_023301/checkpoint-6250,obj2_farther,output/phasevar_5/0007_phA09_phB09.png,Is the yellow cube farther from the camera than the magenta cube? Answer with yes or no.,No,No,19.203125,20.109375,True
/data/shared/Qwen/mydisk/output/SYNTHETIC/NVILA-Lite-2B-SYNTHETIC_MIX_5PCT_2M-20260226_023301/checkpoint-6250,obj2_farther,output/phasevar_5/0007_phA09_phB10.png,Is the yellow cube farther from the camera than the magenta cube? Answer with yes or no.,No,No,19.140625,20.328125,True
/data/shared/Qwen/mydisk/output/SYNTHETIC/NVILA-Lite-2B-SYNTHETIC_MIX_5PCT_2M-20260226_023301/checkpoint-6250,obj2_farther,output/phasevar_5/0007_phA09_phB11.png,Is the yellow cube farther from the camera than the magenta cube? Answer with yes or no.,No,No,18.96875,20.625,True
/data/shared/Qwen/mydisk/output/SYNTHETIC/NVILA-Lite-2B-SYNTHETIC_MIX_5PCT_2M-20260226_023301/checkpoint-6250,obj2_farther,output/phasevar_5/0007_phA09_phB12.png,Is the yellow cube farther from the camera than the magenta cube? Answer with yes or no.,No,No,18.9375,20.65625,True
/data/shared/Qwen/mydisk/output/SYNTHETIC/NVILA-Lite-2B-SYNTHETIC_MIX_5PCT_2M-20260226_023301/checkpoint-6250,obj2_farther,output/phasevar_5/0007_phA09_phB13.png,Is the yellow cube farther from the camera than the magenta cube? Answer with yes or no.,No,No,18.96875,20.3125,True
/data/shared/Qwen/mydisk/output/SYNTHETIC/NVILA-Lite-2B-SYNTHETIC_MIX_5PCT_2M-20260226_023301/checkpoint-6250,obj2_farther,output/phasevar_5/0007_phA09_phB14.png,Is the yellow cube farther from the camera than the magenta cube? Answer with yes or no.,No,No,19.4375,20.765625,True
/data/shared/Qwen/mydisk/output/SYNTHETIC/NVILA-Lite-2B-SYNTHETIC_MIX_5PCT_2M-20260226_023301/checkpoint-6250,obj2_farther,output/phasevar_5/0007_phA09_phB15.png,Is the yellow cube farther from the camera than the magenta cube? Answer with yes or no.,No,No,19.9375,20.828125,True
/data/shared/Qwen/mydisk/output/SYNTHETIC/NVILA-Lite-2B-SYNTHETIC_MIX_5PCT_2M-20260226_023301/checkpoint-6250,obj2_farther,output/phasevar_5/0007_phA10_phB00.png,Is the yellow cube farther from the camera than the magenta cube? Answer with yes or no.,No,No,19.796875,20.15625,True
/data/shared/Qwen/mydisk/output/SYNTHETIC/NVILA-Lite-2B-SYNTHETIC_MIX_5PCT_2M-20260226_023301/checkpoint-6250,obj2_farther,output/phasevar_5/0007_phA10_phB01.png,Is the yellow cube farther from the camera than the magenta cube? Answer with yes or no.,No,Yes,20.453125,20.390625,False
/data/shared/Qwen/mydisk/output/SYNTHETIC/NVILA-Lite-2B-SYNTHETIC_MIX_5PCT_2M-20260226_023301/checkpoint-6250,obj2_farther,output/phasevar_5/0007_phA10_phB02.png,Is the yellow cube farther from the camera than the magenta cube? Answer with yes or no.,No,Yes,21.921875,20.890625,False
/data/shared/Qwen/mydisk/output/SYNTHETIC/NVILA-Lite-2B-SYNTHETIC_MIX_5PCT_2M-20260226_023301/checkpoint-6250,obj2_farther,output/phasevar_5/0007_phA10_phB03.png,Is the yellow cube farther from the camera than the magenta cube? Answer with yes or no.,No,Yes,20.75,20.09375,False
/data/shared/Qwen/mydisk/output/SYNTHETIC/NVILA-Lite-2B-SYNTHETIC_MIX_5PCT_2M-20260226_023301/checkpoint-6250,obj2_farther,output/phasevar_5/0007_phA10_phB04.png,Is the yellow cube farther from the camera than the magenta cube? Answer with yes or no.,No,Yes,19.625,19.46875,False
/data/shared/Qwen/mydisk/output/SYNTHETIC/NVILA-Lite-2B-SYNTHETIC_MIX_5PCT_2M-20260226_023301/checkpoint-6250,obj2_farther,output/phasevar_5/0007_phA10_phB05.png,Is the yellow cube farther from the camera than the magenta cube? Answer with yes or no.,No,Yes,19.84375,19.671875,False
/data/shared/Qwen/mydisk/output/SYNTHETIC/NVILA-Lite-2B-SYNTHETIC_MIX_5PCT_2M-20260226_023301/checkpoint-6250,obj2_farther,output/phasevar_5/0007_phA10_phB06.png,Is the yellow cube farther from the camera than the magenta cube? Answer with yes or no.,No,Yes,20.421875,19.71875,False
/data/shared/Qwen/mydisk/output/SYNTHETIC/NVILA-Lite-2B-SYNTHETIC_MIX_5PCT_2M-20260226_023301/checkpoint-6250,obj2_farther,output/phasevar_5/0007_phA10_phB07.png,Is the yellow cube farther from the camera than the magenta cube? Answer with yes or no.,No,Yes,19.328125,19.125,False
/data/shared/Qwen/mydisk/output/SYNTHETIC/NVILA-Lite-2B-SYNTHETIC_MIX_5PCT_2M-20260226_023301/checkpoint-6250,obj2_farther,output/phasevar_5/0007_phA10_phB08.png,Is the yellow cube farther from the camera than the magenta cube? Answer with yes or no.,No,No,19.1875,19.203125,True
/data/shared/Qwen/mydisk/output/SYNTHETIC/NVILA-Lite-2B-SYNTHETIC_MIX_5PCT_2M-20260226_023301/checkpoint-6250,obj2_farther,output/phasevar_5/0007_phA10_phB09.png,Is the yellow cube farther from the camera than the magenta cube? Answer with yes or no.,No,No,19.203125,19.84375,True
/data/shared/Qwen/mydisk/output/SYNTHETIC/NVILA-Lite-2B-SYNTHETIC_MIX_5PCT_2M-20260226_023301/checkpoint-6250,obj2_farther,output/phasevar_5/0007_phA10_phB10.png,Is the yellow cube farther from the camera than the magenta cube? Answer with yes or no.,No,No,19.234375,20.484375,True
/data/shared/Qwen/mydisk/output/SYNTHETIC/NVILA-Lite-2B-SYNTHETIC_MIX_5PCT_2M-20260226_023301/checkpoint-6250,obj2_farther,output/phasevar_5/0007_phA10_phB11.png,Is the yellow cube farther from the camera than the magenta cube? Answer with yes or no.,No,No,18.84375,20.453125,True
/data/shared/Qwen/mydisk/output/SYNTHETIC/NVILA-Lite-2B-SYNTHETIC_MIX_5PCT_2M-20260226_023301/checkpoint-6250,obj2_farther,output/phasevar_5/0007_phA10_phB12.png,Is the yellow cube farther from the camera than the magenta cube? Answer with yes or no.,No,No,18.875,20.546875,True
/data/shared/Qwen/mydisk/output/SYNTHETIC/NVILA-Lite-2B-SYNTHETIC_MIX_5PCT_2M-20260226_023301/checkpoint-6250,obj2_farther,output/phasevar_5/0007_phA10_phB13.png,Is the yellow cube farther from the camera than the magenta cube? Answer with yes or no.,No,No,18.96875,20.1875,True
/data/shared/Qwen/mydisk/output/SYNTHETIC/NVILA-Lite-2B-SYNTHETIC_MIX_5PCT_2M-20260226_023301/checkpoint-6250,obj2_farther,output/phasevar_5/0007_phA10_phB14.png,Is the yellow cube farther from the camera than the magenta cube? Answer with yes or no.,No,No,19.40625,20.484375,True
/data/shared/Qwen/mydisk/output/SYNTHETIC/NVILA-Lite-2B-SYNTHETIC_MIX_5PCT_2M-20260226_023301/checkpoint-6250,obj2_farther,output/phasevar_5/0007_phA10_phB15.png,Is the yellow cube farther from the camera than the magenta cube? Answer with yes or no.,No,No,20.046875,20.796875,True
/data/shared/Qwen/mydisk/output/SYNTHETIC/NVILA-Lite-2B-SYNTHETIC_MIX_5PCT_2M-20260226_023301/checkpoint-6250,obj2_farther,output/phasevar_5/0007_phA11_phB00.png,Is the yellow cube farther from the camera than the magenta cube? Answer with yes or no.,No,No,19.75,20.171875,True
/data/shared/Qwen/mydisk/output/SYNTHETIC/NVILA-Lite-2B-SYNTHETIC_MIX_5PCT_2M-20260226_023301/checkpoint-6250,obj2_farther,output/phasevar_5/0007_phA11_phB01.png,Is the yellow cube farther from the camera than the magenta cube? Answer with yes or no.,No,No,20.546875,20.5625,True
/data/shared/Qwen/mydisk/output/SYNTHETIC/NVILA-Lite-2B-SYNTHETIC_MIX_5PCT_2M-20260226_023301/checkpoint-6250,obj2_farther,output/phasevar_5/0007_phA11_phB02.png,Is the yellow cube farther from the camera than the magenta cube? Answer with yes or no.,No,Yes,21.921875,21.0625,False
/data/shared/Qwen/mydisk/output/SYNTHETIC/NVILA-Lite-2B-SYNTHETIC_MIX_5PCT_2M-20260226_023301/checkpoint-6250,obj2_farther,output/phasevar_5/0007_phA11_phB03.png,Is the yellow cube farther from the camera than the magenta cube? Answer with yes or no.,No,Yes,20.71875,20.34375,False
/data/shared/Qwen/mydisk/output/SYNTHETIC/NVILA-Lite-2B-SYNTHETIC_MIX_5PCT_2M-20260226_023301/checkpoint-6250,obj2_farther,output/phasevar_5/0007_phA11_phB04.png,Is the yellow cube farther from the camera than the magenta cube? Answer with yes or no.,No,No,19.5,19.65625,True
/data/shared/Qwen/mydisk/output/SYNTHETIC/NVILA-Lite-2B-SYNTHETIC_MIX_5PCT_2M-20260226_023301/checkpoint-6250,obj2_farther,output/phasevar_5/0007_phA11_phB05.png,Is the yellow cube farther from the camera than the magenta cube? Answer with yes or no.,No,Yes,19.9375,19.890625,False
/data/shared/Qwen/mydisk/output/SYNTHETIC/NVILA-Lite-2B-SYNTHETIC_MIX_5PCT_2M-20260226_023301/checkpoint-6250,obj2_farther,output/phasevar_5/0007_phA11_phB06.png,Is the yellow cube farther from the camera than the magenta cube? Answer with yes or no.,No,Yes,20.65625,19.953125,False
/data/shared/Qwen/mydisk/output/SYNTHETIC/NVILA-Lite-2B-SYNTHETIC_MIX_5PCT_2M-20260226_023301/checkpoint-6250,obj2_farther,output/phasevar_5/0007_phA11_phB07.png,Is the yellow cube farther from the camera than the magenta cube? Answer with yes or no.,No,Yes,19.359375,19.21875,False
/data/shared/Qwen/mydisk/output/SYNTHETIC/NVILA-Lite-2B-SYNTHETIC_MIX_5PCT_2M-20260226_023301/checkpoint-6250,obj2_farther,output/phasevar_5/0007_phA11_phB08.png,Is the yellow cube farther from the camera than the magenta cube? Answer with yes or no.,No,Yes,19.1875,19.171875,False
/data/shared/Qwen/mydisk/output/SYNTHETIC/NVILA-Lite-2B-SYNTHETIC_MIX_5PCT_2M-20260226_023301/checkpoint-6250,obj2_farther,output/phasevar_5/0007_phA11_phB09.png,Is the yellow cube farther from the camera than the magenta cube? Answer with yes or no.,No,No,19.21875,19.796875,True
/data/shared/Qwen/mydisk/output/SYNTHETIC/NVILA-Lite-2B-SYNTHETIC_MIX_5PCT_2M-20260226_023301/checkpoint-6250,obj2_farther,output/phasevar_5/0007_phA11_phB10.png,Is the yellow cube farther from the camera than the magenta cube? Answer with yes or no.,No,No,19.53125,20.609375,True
/data/shared/Qwen/mydisk/output/SYNTHETIC/NVILA-Lite-2B-SYNTHETIC_MIX_5PCT_2M-20260226_023301/checkpoint-6250,obj2_farther,output/phasevar_5/0007_phA11_phB11.png,Is the yellow cube farther from the camera than the magenta cube? Answer with yes or no.,No,No,18.796875,20.546875,True
/data/shared/Qwen/mydisk/output/SYNTHETIC/NVILA-Lite-2B-SYNTHETIC_MIX_5PCT_2M-20260226_023301/checkpoint-6250,obj2_farther,output/phasevar_5/0007_phA11_phB12.png,Is the yellow cube farther from the camera than the magenta cube? Answer with yes or no.,No,No,18.890625,20.546875,True
/data/shared/Qwen/mydisk/output/SYNTHETIC/NVILA-Lite-2B-SYNTHETIC_MIX_5PCT_2M-20260226_023301/checkpoint-6250,obj2_farther,output/phasevar_5/0007_phA11_phB13.png,Is the yellow cube farther from the camera than the magenta cube? Answer with yes or no.,No,No,19.0625,20.5625,True
/data/shared/Qwen/mydisk/output/SYNTHETIC/NVILA-Lite-2B-SYNTHETIC_MIX_5PCT_2M-20260226_023301/checkpoint-6250,obj2_farther,output/phasevar_5/0007_phA11_phB14.png,Is the yellow cube farther from the camera than the magenta cube? Answer with yes or no.,No,No,19.8125,20.890625,True
/data/shared/Qwen/mydisk/output/SYNTHETIC/NVILA-Lite-2B-SYNTHETIC_MIX_5PCT_2M-20260226_023301/checkpoint-6250,obj2_farther,output/phasevar_5/0007_phA11_phB15.png,Is the yellow cube farther from the camera than the magenta cube? Answer with yes or no.,No,No,20.140625,20.84375,True
/data/shared/Qwen/mydisk/output/SYNTHETIC/NVILA-Lite-2B-SYNTHETIC_MIX_5PCT_2M-20260226_023301/checkpoint-6250,obj2_farther,output/phasevar_5/0007_phA12_phB00.png,Is the yellow cube farther from the camera than the magenta cube? Answer with yes or no.,No,No,19.796875,20.125,True
/data/shared/Qwen/mydisk/output/SYNTHETIC/NVILA-Lite-2B-SYNTHETIC_MIX_5PCT_2M-20260226_023301/checkpoint-6250,obj2_farther,output/phasevar_5/0007_phA12_phB01.png,Is the yellow cube farther from the camera than the magenta cube? Answer with yes or no.,No,No,20.390625,20.390625,True
/data/shared/Qwen/mydisk/output/SYNTHETIC/NVILA-Lite-2B-SYNTHETIC_MIX_5PCT_2M-20260226_023301/checkpoint-6250,obj2_farther,output/phasevar_5/0007_phA12_phB02.png,Is the yellow cube farther from the camera than the magenta cube? Answer with yes or no.,No,Yes,21.625,20.953125,False
/data/shared/Qwen/mydisk/output/SYNTHETIC/NVILA-Lite-2B-SYNTHETIC_MIX_5PCT_2M-20260226_023301/checkpoint-6250,obj2_farther,output/phasevar_5/0007_phA12_phB03.png,Is the yellow cube farther from the camera than the magenta cube? Answer with yes or no.,No,Yes,20.609375,20.28125,False
/data/shared/Qwen/mydisk/output/SYNTHETIC/NVILA-Lite-2B-SYNTHETIC_MIX_5PCT_2M-20260226_023301/checkpoint-6250,obj2_farther,output/phasevar_5/0007_phA12_phB04.png,Is the yellow cube farther from the camera than the magenta cube? Answer with yes or no.,No,No,19.515625,19.671875,True
/data/shared/Qwen/mydisk/output/SYNTHETIC/NVILA-Lite-2B-SYNTHETIC_MIX_5PCT_2M-20260226_023301/checkpoint-6250,obj2_farther,output/phasevar_5/0007_phA12_phB05.png,Is the yellow cube farther from the camera than the magenta cube? Answer with yes or no.,No,No,19.921875,20.03125,True
/data/shared/Qwen/mydisk/output/SYNTHETIC/NVILA-Lite-2B-SYNTHETIC_MIX_5PCT_2M-20260226_023301/checkpoint-6250,obj2_farther,output/phasevar_5/0007_phA12_phB06.png,Is the yellow cube farther from the camera than the magenta cube? Answer with yes or no.,No,Yes,20.375,19.84375,False
/data/shared/Qwen/mydisk/output/SYNTHETIC/NVILA-Lite-2B-SYNTHETIC_MIX_5PCT_2M-20260226_023301/checkpoint-6250,obj2_farther,output/phasevar_5/0007_phA12_phB07.png,Is the yellow cube farther from the camera than the magenta cube? Answer with yes or no.,No,No,19.40625,19.4375,True
/data/shared/Qwen/mydisk/output/SYNTHETIC/NVILA-Lite-2B-SYNTHETIC_MIX_5PCT_2M-20260226_023301/checkpoint-6250,obj2_farther,output/phasevar_5/0007_phA12_phB08.png,Is the yellow cube farther from the camera than the magenta cube? Answer with yes or no.,No,No,19.21875,19.3125,True
/data/shared/Qwen/mydisk/output/SYNTHETIC/NVILA-Lite-2B-SYNTHETIC_MIX_5PCT_2M-20260226_023301/checkpoint-6250,obj2_farther,output/phasevar_5/0007_phA12_phB09.png,Is the yellow cube farther from the camera than the magenta cube? Answer with yes or no.,No,No,19.46875,19.953125,True
/data/shared/Qwen/mydisk/output/SYNTHETIC/NVILA-Lite-2B-SYNTHETIC_MIX_5PCT_2M-20260226_023301/checkpoint-6250,obj2_farther,output/phasevar_5/0007_phA12_phB10.png,Is the yellow cube farther from the camera than the magenta cube? Answer with yes or no.,No,No,19.484375,20.5625,True
/data/shared/Qwen/mydisk/output/SYNTHETIC/NVILA-Lite-2B-SYNTHETIC_MIX_5PCT_2M-20260226_023301/checkpoint-6250,obj2_farther,output/phasevar_5/0007_phA12_phB11.png,Is the yellow cube farther from the camera than the magenta cube? Answer with yes or no.,No,No,18.90625,20.40625,True
/data/shared/Qwen/mydisk/output/SYNTHETIC/NVILA-Lite-2B-SYNTHETIC_MIX_5PCT_2M-20260226_023301/checkpoint-6250,obj2_farther,output/phasevar_5/0007_phA12_phB12.png,Is the yellow cube farther from the camera than the magenta cube? Answer with yes or no.,No,No,18.828125,20.5625,True
/data/shared/Qwen/mydisk/output/SYNTHETIC/NVILA-Lite-2B-SYNTHETIC_MIX_5PCT_2M-20260226_023301/checkpoint-6250,obj2_farther,output/phasevar_5/0007_phA12_phB13.png,Is the yellow cube farther from the camera than the magenta cube? Answer with yes or no.,No,No,19.109375,20.546875,True
/data/shared/Qwen/mydisk/output/SYNTHETIC/NVILA-Lite-2B-SYNTHETIC_MIX_5PCT_2M-20260226_023301/checkpoint-6250,obj2_farther,output/phasevar_5/0007_phA12_phB14.png,Is the yellow cube farther from the camera than the magenta cube? Answer with yes or no.,No,No,19.96875,21.0,True
/data/shared/Qwen/mydisk/output/SYNTHETIC/NVILA-Lite-2B-SYNTHETIC_MIX_5PCT_2M-20260226_023301/checkpoint-6250,obj2_farther,output/phasevar_5/0007_phA12_phB15.png,Is the yellow cube farther from the camera than the magenta cube? Answer with yes or no.,No,No,20.234375,20.78125,True
/data/shared/Qwen/mydisk/output/SYNTHETIC/NVILA-Lite-2B-SYNTHETIC_MIX_5PCT_2M-20260226_023301/checkpoint-6250,obj2_farther,output/phasevar_5/0007_phA13_phB00.png,Is the yellow cube farther from the camera than the magenta cube? Answer with yes or no.,No,No,19.90625,20.15625,True
/data/shared/Qwen/mydisk/output/SYNTHETIC/NVILA-Lite-2B-SYNTHETIC_MIX_5PCT_2M-20260226_023301/checkpoint-6250,obj2_farther,output/phasevar_5/0007_phA13_phB01.png,Is the yellow cube farther from the camera than the magenta cube? Answer with yes or no.,No,Yes,20.453125,20.359375,False
/data/shared/Qwen/mydisk/output/SYNTHETIC/NVILA-Lite-2B-SYNTHETIC_MIX_5PCT_2M-20260226_023301/checkpoint-6250,obj2_farther,output/phasevar_5/0007_phA13_phB02.png,Is the yellow cube farther from the camera than the magenta cube? Answer with yes or no.,No,Yes,21.609375,20.90625,False
/data/shared/Qwen/mydisk/output/SYNTHETIC/NVILA-Lite-2B-SYNTHETIC_MIX_5PCT_2M-20260226_023301/checkpoint-6250,obj2_farther,output/phasevar_5/0007_phA13_phB03.png,Is the yellow cube farther from the camera than the magenta cube? Answer with yes or no.,No,Yes,20.75,20.28125,False
/data/shared/Qwen/mydisk/output/SYNTHETIC/NVILA-Lite-2B-SYNTHETIC_MIX_5PCT_2M-20260226_023301/checkpoint-6250,obj2_farther,output/phasevar_5/0007_phA13_phB04.png,Is the yellow cube farther from the camera than the magenta cube? Answer with yes or no.,No,No,19.59375,19.71875,True
/data/shared/Qwen/mydisk/output/SYNTHETIC/NVILA-Lite-2B-SYNTHETIC_MIX_5PCT_2M-20260226_023301/checkpoint-6250,obj2_farther,output/phasevar_5/0007_phA13_phB05.png,Is the yellow cube farther from the camera than the magenta cube? Answer with yes or no.,No,No,19.953125,20.03125,True
/data/shared/Qwen/mydisk/output/SYNTHETIC/NVILA-Lite-2B-SYNTHETIC_MIX_5PCT_2M-20260226_023301/checkpoint-6250,obj2_farther,output/phasevar_5/0007_phA13_phB06.png,Is the yellow cube farther from the camera than the magenta cube? Answer with yes or no.,No,Yes,20.4375,19.6875,False
/data/shared/Qwen/mydisk/output/SYNTHETIC/NVILA-Lite-2B-SYNTHETIC_MIX_5PCT_2M-20260226_023301/checkpoint-6250,obj2_farther,output/phasevar_5/0007_phA13_phB07.png,Is the yellow cube farther from the camera than the magenta cube? Answer with yes or no.,No,No,19.375,19.375,True
/data/shared/Qwen/mydisk/output/SYNTHETIC/NVILA-Lite-2B-SYNTHETIC_MIX_5PCT_2M-20260226_023301/checkpoint-6250,obj2_farther,output/phasevar_5/0007_phA13_phB08.png,Is the yellow cube farther from the camera than the magenta cube? Answer with yes or no.,No,No,19.234375,19.375,True
/data/shared/Qwen/mydisk/output/SYNTHETIC/NVILA-Lite-2B-SYNTHETIC_MIX_5PCT_2M-20260226_023301/checkpoint-6250,obj2_farther,output/phasevar_5/0007_phA13_phB09.png,Is the yellow cube farther from the camera than the magenta cube? Answer with yes or no.,No,No,19.625,19.96875,True
/data/shared/Qwen/mydisk/output/SYNTHETIC/NVILA-Lite-2B-SYNTHETIC_MIX_5PCT_2M-20260226_023301/checkpoint-6250,obj2_farther,output/phasevar_5/0007_phA13_phB10.png,Is the yellow cube farther from the camera than the magenta cube? Answer with yes or no.,No,No,19.65625,20.625,True
/data/shared/Qwen/mydisk/output/SYNTHETIC/NVILA-Lite-2B-SYNTHETIC_MIX_5PCT_2M-20260226_023301/checkpoint-6250,obj2_farther,output/phasevar_5/0007_phA13_phB11.png,Is the yellow cube farther from the camera than the magenta cube? Answer with yes or no.,No,No,18.890625,20.34375,True
/data/shared/Qwen/mydisk/output/SYNTHETIC/NVILA-Lite-2B-SYNTHETIC_MIX_5PCT_2M-20260226_023301/checkpoint-6250,obj2_farther,output/phasevar_5/0007_phA13_phB12.png,Is the yellow cube farther from the camera than the magenta cube? Answer with yes or no.,No,No,18.75,20.515625,True
/data/shared/Qwen/mydisk/output/SYNTHETIC/NVILA-Lite-2B-SYNTHETIC_MIX_5PCT_2M-20260226_023301/checkpoint-6250,obj2_farther,output/phasevar_5/0007_phA13_phB13.png,Is the yellow cube farther from the camera than the magenta cube? Answer with yes or no.,No,No,19.046875,20.4375,True
/data/shared/Qwen/mydisk/output/SYNTHETIC/NVILA-Lite-2B-SYNTHETIC_MIX_5PCT_2M-20260226_023301/checkpoint-6250,obj2_farther,output/phasevar_5/0007_phA13_phB14.png,Is the yellow cube farther from the camera than the magenta cube? Answer with yes or no.,No,No,20.09375,21.09375,True
/data/shared/Qwen/mydisk/output/SYNTHETIC/NVILA-Lite-2B-SYNTHETIC_MIX_5PCT_2M-20260226_023301/checkpoint-6250,obj2_farther,output/phasevar_5/0007_phA13_phB15.png,Is the yellow cube farther from the camera than the magenta cube? Answer with yes or no.,No,No,20.140625,20.84375,True
/data/shared/Qwen/mydisk/output/SYNTHETIC/NVILA-Lite-2B-SYNTHETIC_MIX_5PCT_2M-20260226_023301/checkpoint-6250,obj2_farther,output/phasevar_5/0007_phA14_phB00.png,Is the yellow cube farther from the camera than the magenta cube? Answer with yes or no.,No,No,20.015625,20.15625,True
/data/shared/Qwen/mydisk/output/SYNTHETIC/NVILA-Lite-2B-SYNTHETIC_MIX_5PCT_2M-20260226_023301/checkpoint-6250,obj2_farther,output/phasevar_5/0007_phA14_phB01.png,Is the yellow cube farther from the camera than the magenta cube? Answer with yes or no.,No,Yes,20.4375,20.28125,False
/data/shared/Qwen/mydisk/output/SYNTHETIC/NVILA-Lite-2B-SYNTHETIC_MIX_5PCT_2M-20260226_023301/checkpoint-6250,obj2_farther,output/phasevar_5/0007_phA14_phB02.png,Is the yellow cube farther from the camera than the magenta cube? Answer with yes or no.,No,Yes,21.40625,20.78125,False
/data/shared/Qwen/mydisk/output/SYNTHETIC/NVILA-Lite-2B-SYNTHETIC_MIX_5PCT_2M-20260226_023301/checkpoint-6250,obj2_farther,output/phasevar_5/0007_phA14_phB03.png,Is the yellow cube farther from the camera than the magenta cube? Answer with yes or no.,No,Yes,20.46875,20.203125,False
/data/shared/Qwen/mydisk/output/SYNTHETIC/NVILA-Lite-2B-SYNTHETIC_MIX_5PCT_2M-20260226_023301/checkpoint-6250,obj2_farther,output/phasevar_5/0007_phA14_phB04.png,Is the yellow cube farther from the camera than the magenta cube? Answer with yes or no.,No,No,19.59375,19.609375,True
/data/shared/Qwen/mydisk/output/SYNTHETIC/NVILA-Lite-2B-SYNTHETIC_MIX_5PCT_2M-20260226_023301/checkpoint-6250,obj2_farther,output/phasevar_5/0007_phA14_phB05.png,Is the yellow cube farther from the camera than the magenta cube? Answer with yes or no.,No,No,19.859375,19.9375,True
/data/shared/Qwen/mydisk/output/SYNTHETIC/NVILA-Lite-2B-SYNTHETIC_MIX_5PCT_2M-20260226_023301/checkpoint-6250,obj2_farther,output/phasevar_5/0007_phA14_phB06.png,Is the yellow cube farther from the camera than the magenta cube? Answer with yes or no.,No,Yes,20.5,19.671875,False
/data/shared/Qwen/mydisk/output/SYNTHETIC/NVILA-Lite-2B-SYNTHETIC_MIX_5PCT_2M-20260226_023301/checkpoint-6250,obj2_farther,output/phasevar_5/0007_phA14_phB07.png,Is the yellow cube farther from the camera than the magenta cube? Answer with yes or no.,No,No,19.484375,19.484375,True
/data/shared/Qwen/mydisk/output/SYNTHETIC/NVILA-Lite-2B-SYNTHETIC_MIX_5PCT_2M-20260226_023301/checkpoint-6250,obj2_farther,output/phasevar_5/0007_phA14_phB08.png,Is the yellow cube farther from the camera than the magenta cube? Answer with yes or no.,No,No,19.40625,19.625,True
/data/shared/Qwen/mydisk/output/SYNTHETIC/NVILA-Lite-2B-SYNTHETIC_MIX_5PCT_2M-20260226_023301/checkpoint-6250,obj2_farther,output/phasevar_5/0007_phA14_phB09.png,Is the yellow cube farther from the camera than the magenta cube? Answer with yes or no.,No,No,19.796875,20.03125,True
/data/shared/Qwen/mydisk/output/SYNTHETIC/NVILA-Lite-2B-SYNTHETIC_MIX_5PCT_2M-20260226_023301/checkpoint-6250,obj2_farther,output/phasevar_5/0007_phA14_phB10.png,Is the yellow cube farther from the camera than the magenta cube? Answer with yes or no.,No,No,19.84375,20.765625,True
/data/shared/Qwen/mydisk/output/SYNTHETIC/NVILA-Lite-2B-SYNTHETIC_MIX_5PCT_2M-20260226_023301/checkpoint-6250,obj2_farther,output/phasevar_5/0007_phA14_phB11.png,Is the yellow cube farther from the camera than the magenta cube? Answer with yes or no.,No,No,18.9375,20.421875,True
/data/shared/Qwen/mydisk/output/SYNTHETIC/NVILA-Lite-2B-SYNTHETIC_MIX_5PCT_2M-20260226_023301/checkpoint-6250,obj2_farther,output/phasevar_5/0007_phA14_phB12.png,Is the yellow cube farther from the camera than the magenta cube? Answer with yes or no.,No,No,18.8125,20.65625,True
/data/shared/Qwen/mydisk/output/SYNTHETIC/NVILA-Lite-2B-SYNTHETIC_MIX_5PCT_2M-20260226_023301/checkpoint-6250,obj2_farther,output/phasevar_5/0007_phA14_phB13.png,Is the yellow cube farther from the camera than the magenta cube? Answer with yes or no.,No,No,19.046875,20.65625,True
/data/shared/Qwen/mydisk/output/SYNTHETIC/NVILA-Lite-2B-SYNTHETIC_MIX_5PCT_2M-20260226_023301/checkpoint-6250,obj2_farther,output/phasevar_5/0007_phA14_phB14.png,Is the yellow cube farther from the camera than the magenta cube? Answer with yes or no.,No,No,19.984375,21.109375,True
/data/shared/Qwen/mydisk/output/SYNTHETIC/NVILA-Lite-2B-SYNTHETIC_MIX_5PCT_2M-20260226_023301/checkpoint-6250,obj2_farther,output/phasevar_5/0007_phA14_phB15.png,Is the yellow cube farther from the camera than the magenta cube? Answer with yes or no.,No,No,20.0,20.703125,True
/data/shared/Qwen/mydisk/output/SYNTHETIC/NVILA-Lite-2B-SYNTHETIC_MIX_5PCT_2M-20260226_023301/checkpoint-6250,obj2_farther,output/phasevar_5/0007_phA15_phB00.png,Is the yellow cube farther from the camera than the magenta cube? Answer with yes or no.,No,No,19.65625,20.25,True
/data/shared/Qwen/mydisk/output/SYNTHETIC/NVILA-Lite-2B-SYNTHETIC_MIX_5PCT_2M-20260226_023301/checkpoint-6250,obj2_farther,output/phasevar_5/0007_phA15_phB01.png,Is the yellow cube farther from the camera than the magenta cube? Answer with yes or no.,No,No,20.328125,20.328125,True
/data/shared/Qwen/mydisk/output/SYNTHETIC/NVILA-Lite-2B-SYNTHETIC_MIX_5PCT_2M-20260226_023301/checkpoint-6250,obj2_farther,output/phasevar_5/0007_phA15_phB02.png,Is the yellow cube farther from the camera than the magenta cube? Answer with yes or no.,No,Yes,21.25,20.734375,False
/data/shared/Qwen/mydisk/output/SYNTHETIC/NVILA-Lite-2B-SYNTHETIC_MIX_5PCT_2M-20260226_023301/checkpoint-6250,obj2_farther,output/phasevar_5/0007_phA15_phB03.png,Is the yellow cube farther from the camera than the magenta cube? Answer with yes or no.,No,Yes,20.3125,20.25,False
/data/shared/Qwen/mydisk/output/SYNTHETIC/NVILA-Lite-2B-SYNTHETIC_MIX_5PCT_2M-20260226_023301/checkpoint-6250,obj2_farther,output/phasevar_5/0007_phA15_phB04.png,Is the yellow cube farther from the camera than the magenta cube? Answer with yes or no.,No,No,19.390625,19.71875,True
/data/shared/Qwen/mydisk/output/SYNTHETIC/NVILA-Lite-2B-SYNTHETIC_MIX_5PCT_2M-20260226_023301/checkpoint-6250,obj2_farther,output/phasevar_5/0007_phA15_phB05.png,Is the yellow cube farther from the camera than the magenta cube? Answer with yes or no.,No,No,19.734375,20.03125,True
/data/shared/Qwen/mydisk/output/SYNTHETIC/NVILA-Lite-2B-SYNTHETIC_MIX_5PCT_2M-20260226_023301/checkpoint-6250,obj2_farther,output/phasevar_5/0007_phA15_phB06.png,Is the yellow cube farther from the camera than the magenta cube? Answer with yes or no.,No,Yes,20.359375,19.78125,False
/data/shared/Qwen/mydisk/output/SYNTHETIC/NVILA-Lite-2B-SYNTHETIC_MIX_5PCT_2M-20260226_023301/checkpoint-6250,obj2_farther,output/phasevar_5/0007_phA15_phB07.png,Is the yellow cube farther from the camera than the magenta cube? Answer with yes or no.,No,No,19.359375,19.65625,True
/data/shared/Qwen/mydisk/output/SYNTHETIC/NVILA-Lite-2B-SYNTHETIC_MIX_5PCT_2M-20260226_023301/checkpoint-6250,obj2_farther,output/phasevar_5/0007_phA15_phB08.png,Is the yellow cube farther from the camera than the magenta cube? Answer with yes or no.,No,No,19.328125,19.765625,True
/data/shared/Qwen/mydisk/output/SYNTHETIC/NVILA-Lite-2B-SYNTHETIC_MIX_5PCT_2M-20260226_023301/checkpoint-6250,obj2_farther,output/phasevar_5/0007_phA15_phB09.png,Is the yellow cube farther from the camera than the magenta cube? Answer with yes or no.,No,No,19.6875,20.359375,True
/data/shared/Qwen/mydisk/output/SYNTHETIC/NVILA-Lite-2B-SYNTHETIC_MIX_5PCT_2M-20260226_023301/checkpoint-6250,obj2_farther,output/phasevar_5/0007_phA15_phB10.png,Is the yellow cube farther from the camera than the magenta cube? Answer with yes or no.,No,No,19.8125,20.84375,True
/data/shared/Qwen/mydisk/output/SYNTHETIC/NVILA-Lite-2B-SYNTHETIC_MIX_5PCT_2M-20260226_023301/checkpoint-6250,obj2_farther,output/phasevar_5/0007_phA15_phB11.png,Is the yellow cube farther from the camera than the magenta cube? Answer with yes or no.,No,No,19.09375,20.59375,True
/data/shared/Qwen/mydisk/output/SYNTHETIC/NVILA-Lite-2B-SYNTHETIC_MIX_5PCT_2M-20260226_023301/checkpoint-6250,obj2_farther,output/phasevar_5/0007_phA15_phB12.png,Is the yellow cube farther from the camera than the magenta cube? Answer with yes or no.,No,No,19.125,20.890625,True
/data/shared/Qwen/mydisk/output/SYNTHETIC/NVILA-Lite-2B-SYNTHETIC_MIX_5PCT_2M-20260226_023301/checkpoint-6250,obj2_farther,output/phasevar_5/0007_phA15_phB13.png,Is the yellow cube farther from the camera than the magenta cube? Answer with yes or no.,No,No,19.21875,20.703125,True
/data/shared/Qwen/mydisk/output/SYNTHETIC/NVILA-Lite-2B-SYNTHETIC_MIX_5PCT_2M-20260226_023301/checkpoint-6250,obj2_farther,output/phasevar_5/0007_phA15_phB14.png,Is the yellow cube farther from the camera than the magenta cube? Answer with yes or no.,No,No,19.921875,21.125,True
/data/shared/Qwen/mydisk/output/SYNTHETIC/NVILA-Lite-2B-SYNTHETIC_MIX_5PCT_2M-20260226_023301/checkpoint-6250,obj2_farther,output/phasevar_5/0007_phA15_phB15.png,Is the yellow cube farther from the camera than the magenta cube? Answer with yes or no.,No,No,19.96875,20.765625,True
/data/shared/Qwen/mydisk/output/SYNTHETIC/NVILA-Lite-2B-SYNTHETIC_MIX_5PCT_2M-20260226_023301/checkpoint-6250,obj2_farther,output/phasevar_5/0008_phA00_phB00.png,Is the cyan sphere farther from the camera than the blue cube? Answer with yes or no.,No,No,20.203125,21.765625,True
/data/shared/Qwen/mydisk/output/SYNTHETIC/NVILA-Lite-2B-SYNTHETIC_MIX_5PCT_2M-20260226_023301/checkpoint-6250,obj2_farther,output/phasevar_5/0008_phA00_phB01.png,Is the cyan sphere farther from the camera than the blue cube? Answer with yes or no.,No,No,20.46875,22.078125,True
/data/shared/Qwen/mydisk/output/SYNTHETIC/NVILA-Lite-2B-SYNTHETIC_MIX_5PCT_2M-20260226_023301/checkpoint-6250,obj2_farther,output/phasevar_5/0008_phA00_phB02.png,Is the cyan sphere farther from the camera than the blue cube? Answer with yes or no.,No,No,20.40625,21.40625,True
/data/shared/Qwen/mydisk/output/SYNTHETIC/NVILA-Lite-2B-SYNTHETIC_MIX_5PCT_2M-20260226_023301/checkpoint-6250,obj2_farther,output/phasevar_5/0008_phA00_phB03.png,Is the cyan sphere farther from the camera than the blue cube? Answer with yes or no.,No,No,19.578125,20.71875,True
/data/shared/Qwen/mydisk/output/SYNTHETIC/NVILA-Lite-2B-SYNTHETIC_MIX_5PCT_2M-20260226_023301/checkpoint-6250,obj2_farther,output/phasevar_5/0008_phA00_phB04.png,Is the cyan sphere farther from the camera than the blue cube? Answer with yes or no.,No,No,19.546875,20.84375,True
/data/shared/Qwen/mydisk/output/SYNTHETIC/NVILA-Lite-2B-SYNTHETIC_MIX_5PCT_2M-20260226_023301/checkpoint-6250,obj2_farther,output/phasevar_5/0008_phA00_phB05.png,Is the cyan sphere farther from the camera than the blue cube? Answer with yes or no.,No,No,19.984375,21.0625,True
/data/shared/Qwen/mydisk/output/SYNTHETIC/NVILA-Lite-2B-SYNTHETIC_MIX_5PCT_2M-20260226_023301/checkpoint-6250,obj2_farther,output/phasevar_5/0008_phA00_phB06.png,Is the cyan sphere farther from the camera than the blue cube? Answer with yes or no.,No,No,19.96875,21.28125,True
/data/shared/Qwen/mydisk/output/SYNTHETIC/NVILA-Lite-2B-SYNTHETIC_MIX_5PCT_2M-20260226_023301/checkpoint-6250,obj2_farther,output/phasevar_5/0008_phA00_phB07.png,Is the cyan sphere farther from the camera than the blue cube? Answer with yes or no.,No,No,20.203125,21.921875,True
/data/shared/Qwen/mydisk/output/SYNTHETIC/NVILA-Lite-2B-SYNTHETIC_MIX_5PCT_2M-20260226_023301/checkpoint-6250,obj2_farther,output/phasevar_5/0008_phA00_phB08.png,Is the cyan sphere farther from the camera than the blue cube? Answer with yes or no.,No,No,20.28125,21.875,True
/data/shared/Qwen/mydisk/output/SYNTHETIC/NVILA-Lite-2B-SYNTHETIC_MIX_5PCT_2M-20260226_023301/checkpoint-6250,obj2_farther,output/phasevar_5/0008_phA00_phB09.png,Is the cyan sphere farther from the camera than the blue cube? Answer with yes or no.,No,No,20.578125,22.296875,True
/data/shared/Qwen/mydisk/output/SYNTHETIC/NVILA-Lite-2B-SYNTHETIC_MIX_5PCT_2M-20260226_023301/checkpoint-6250,obj2_farther,output/phasevar_5/0008_phA00_phB10.png,Is the cyan sphere farther from the camera than the blue cube? Answer with yes or no.,No,No,20.90625,22.65625,True
/data/shared/Qwen/mydisk/output/SYNTHETIC/NVILA-Lite-2B-SYNTHETIC_MIX_5PCT_2M-20260226_023301/checkpoint-6250,obj2_farther,output/phasevar_5/0008_phA00_phB11.png,Is the cyan sphere farther from the camera than the blue cube? Answer with yes or no.,No,No,19.953125,21.984375,True
/data/shared/Qwen/mydisk/output/SYNTHETIC/NVILA-Lite-2B-SYNTHETIC_MIX_5PCT_2M-20260226_023301/checkpoint-6250,obj2_farther,output/phasevar_5/0008_phA00_phB12.png,Is the cyan sphere farther from the camera than the blue cube? Answer with yes or no.,No,No,19.75,21.65625,True
/data/shared/Qwen/mydisk/output/SYNTHETIC/NVILA-Lite-2B-SYNTHETIC_MIX_5PCT_2M-20260226_023301/checkpoint-6250,obj2_farther,output/phasevar_5/0008_phA00_phB13.png,Is the cyan sphere farther from the camera than the blue cube? Answer with yes or no.,No,No,20.171875,22.0,True
/data/shared/Qwen/mydisk/output/SYNTHETIC/NVILA-Lite-2B-SYNTHETIC_MIX_5PCT_2M-20260226_023301/checkpoint-6250,obj2_farther,output/phasevar_5/0008_phA00_phB14.png,Is the cyan sphere farther from the camera than the blue cube? Answer with yes or no.,No,No,20.71875,22.734375,True
/data/shared/Qwen/mydisk/output/SYNTHETIC/NVILA-Lite-2B-SYNTHETIC_MIX_5PCT_2M-20260226_023301/checkpoint-6250,obj2_farther,output/phasevar_5/0008_phA00_phB15.png,Is the cyan sphere farther from the camera than the blue cube? Answer with yes or no.,No,No,21.03125,22.84375,True
/data/shared/Qwen/mydisk/output/SYNTHETIC/NVILA-Lite-2B-SYNTHETIC_MIX_5PCT_2M-20260226_023301/checkpoint-6250,obj2_farther,output/phasevar_5/0008_phA01_phB00.png,Is the cyan sphere farther from the camera than the blue cube? Answer with yes or no.,No,No,20.453125,21.875,True
/data/shared/Qwen/mydisk/output/SYNTHETIC/NVILA-Lite-2B-SYNTHETIC_MIX_5PCT_2M-20260226_023301/checkpoint-6250,obj2_farther,output/phasevar_5/0008_phA01_phB01.png,Is the cyan sphere farther from the camera than the blue cube? Answer with yes or no.,No,No,20.578125,22.046875,True
/data/shared/Qwen/mydisk/output/SYNTHETIC/NVILA-Lite-2B-SYNTHETIC_MIX_5PCT_2M-20260226_023301/checkpoint-6250,obj2_farther,output/phasevar_5/0008_phA01_phB02.png,Is the cyan sphere farther from the camera than the blue cube? Answer with yes or no.,No,No,20.15625,21.171875,True
/data/shared/Qwen/mydisk/output/SYNTHETIC/NVILA-Lite-2B-SYNTHETIC_MIX_5PCT_2M-20260226_023301/checkpoint-6250,obj2_farther,output/phasevar_5/0008_phA01_phB03.png,Is the cyan sphere farther from the camera than the blue cube? Answer with yes or no.,No,No,19.328125,20.453125,True
/data/shared/Qwen/mydisk/output/SYNTHETIC/NVILA-Lite-2B-SYNTHETIC_MIX_5PCT_2M-20260226_023301/checkpoint-6250,obj2_farther,output/phasevar_5/0008_phA01_phB04.png,Is the cyan sphere farther from the camera than the blue cube? Answer with yes or no.,No,No,19.296875,20.703125,True
/data/shared/Qwen/mydisk/output/SYNTHETIC/NVILA-Lite-2B-SYNTHETIC_MIX_5PCT_2M-20260226_023301/checkpoint-6250,obj2_farther,output/phasevar_5/0008_phA01_phB05.png,Is the cyan sphere farther from the camera than the blue cube? Answer with yes or no.,No,No,19.546875,20.8125,True
/data/shared/Qwen/mydisk/output/SYNTHETIC/NVILA-Lite-2B-SYNTHETIC_MIX_5PCT_2M-20260226_023301/checkpoint-6250,obj2_farther,output/phasevar_5/0008_phA01_phB06.png,Is the cyan sphere farther from the camera than the blue cube? Answer with yes or no.,No,No,19.59375,21.046875,True
/data/shared/Qwen/mydisk/output/SYNTHETIC/NVILA-Lite-2B-SYNTHETIC_MIX_5PCT_2M-20260226_023301/checkpoint-6250,obj2_farther,output/phasevar_5/0008_phA01_phB07.png,Is the cyan sphere farther from the camera than the blue cube? Answer with yes or no.,No,No,20.0,21.75,True
/data/shared/Qwen/mydisk/output/SYNTHETIC/NVILA-Lite-2B-SYNTHETIC_MIX_5PCT_2M-20260226_023301/checkpoint-6250,obj2_farther,output/phasevar_5/0008_phA01_phB08.png,Is the cyan sphere farther from the camera than the blue cube? Answer with yes or no.,No,No,20.28125,21.890625,True
/data/shared/Qwen/mydisk/output/SYNTHETIC/NVILA-Lite-2B-SYNTHETIC_MIX_5PCT_2M-20260226_023301/checkpoint-6250,obj2_farther,output/phasevar_5/0008_phA01_phB09.png,Is the cyan sphere farther from the camera than the blue cube? Answer with yes or no.,No,No,20.546875,22.171875,True
/data/shared/Qwen/mydisk/output/SYNTHETIC/NVILA-Lite-2B-SYNTHETIC_MIX_5PCT_2M-20260226_023301/checkpoint-6250,obj2_farther,output/phasevar_5/0008_phA01_phB10.png,Is the cyan sphere farther from the camera than the blue cube? Answer with yes or no.,No,No,20.90625,22.59375,True
/data/shared/Qwen/mydisk/output/SYNTHETIC/NVILA-Lite-2B-SYNTHETIC_MIX_5PCT_2M-20260226_023301/checkpoint-6250,obj2_farther,output/phasevar_5/0008_phA01_phB11.png,Is the cyan sphere farther from the camera than the blue cube? Answer with yes or no.,No,No,20.28125,22.140625,True
/data/shared/Qwen/mydisk/output/SYNTHETIC/NVILA-Lite-2B-SYNTHETIC_MIX_5PCT_2M-20260226_023301/checkpoint-6250,obj2_farther,output/phasevar_5/0008_phA01_phB12.png,Is the cyan sphere farther from the camera than the blue cube? Answer with yes or no.,No,No,20.078125,21.890625,True
/data/shared/Qwen/mydisk/output/SYNTHETIC/NVILA-Lite-2B-SYNTHETIC_MIX_5PCT_2M-20260226_023301/checkpoint-6250,obj2_farther,output/phasevar_5/0008_phA01_phB13.png,Is the cyan sphere farther from the camera than the blue cube? Answer with yes or no.,No,No,20.3125,21.890625,True
/data/shared/Qwen/mydisk/output/SYNTHETIC/NVILA-Lite-2B-SYNTHETIC_MIX_5PCT_2M-20260226_023301/checkpoint-6250,obj2_farther,output/phasevar_5/0008_phA01_phB14.png,Is the cyan sphere farther from the camera than the blue cube? Answer with yes or no.,No,No,20.6875,22.515625,True
/data/shared/Qwen/mydisk/output/SYNTHETIC/NVILA-Lite-2B-SYNTHETIC_MIX_5PCT_2M-20260226_023301/checkpoint-6250,obj2_farther,output/phasevar_5/0008_phA01_phB15.png,Is the cyan sphere farther from the camera than the blue cube? Answer with yes or no.,No,No,21.1875,22.828125,True
/data/shared/Qwen/mydisk/output/SYNTHETIC/NVILA-Lite-2B-SYNTHETIC_MIX_5PCT_2M-20260226_023301/checkpoint-6250,obj2_farther,output/phasevar_5/0008_phA02_phB00.png,Is the cyan sphere farther from the camera than the blue cube? Answer with yes or no.,No,No,20.78125,21.765625,True
/data/shared/Qwen/mydisk/output/SYNTHETIC/NVILA-Lite-2B-SYNTHETIC_MIX_5PCT_2M-20260226_023301/checkpoint-6250,obj2_farther,output/phasevar_5/0008_phA02_phB01.png,Is the cyan sphere farther from the camera than the blue cube? Answer with yes or no.,No,No,20.796875,21.890625,True
/data/shared/Qwen/mydisk/output/SYNTHETIC/NVILA-Lite-2B-SYNTHETIC_MIX_5PCT_2M-20260226_023301/checkpoint-6250,obj2_farther,output/phasevar_5/0008_phA02_phB02.png,Is the cyan sphere farther from the camera than the blue cube? Answer with yes or no.,No,No,19.796875,20.734375,True
/data/shared/Qwen/mydisk/output/SYNTHETIC/NVILA-Lite-2B-SYNTHETIC_MIX_5PCT_2M-20260226_023301/checkpoint-6250,obj2_farther,output/phasevar_5/0008_phA02_phB03.png,Is the cyan sphere farther from the camera than the blue cube? Answer with yes or no.,No,No,19.03125,20.234375,True
/data/shared/Qwen/mydisk/output/SYNTHETIC/NVILA-Lite-2B-SYNTHETIC_MIX_5PCT_2M-20260226_023301/checkpoint-6250,obj2_farther,output/phasevar_5/0008_phA02_phB04.png,Is the cyan sphere farther from the camera than the blue cube? Answer with yes or no.,No,No,19.140625,20.671875,True
/data/shared/Qwen/mydisk/output/SYNTHETIC/NVILA-Lite-2B-SYNTHETIC_MIX_5PCT_2M-20260226_023301/checkpoint-6250,obj2_farther,output/phasevar_5/0008_phA02_phB05.png,Is the cyan sphere farther from the camera than the blue cube? Answer with yes or no.,No,No,19.484375,20.703125,True
/data/shared/Qwen/mydisk/output/SYNTHETIC/NVILA-Lite-2B-SYNTHETIC_MIX_5PCT_2M-20260226_023301/checkpoint-6250,obj2_farther,output/phasevar_5/0008_phA02_phB06.png,Is the cyan sphere farther from the camera than the blue cube? Answer with yes or no.,No,No,19.71875,21.0625,True
/data/shared/Qwen/mydisk/output/SYNTHETIC/NVILA-Lite-2B-SYNTHETIC_MIX_5PCT_2M-20260226_023301/checkpoint-6250,obj2_farther,output/phasevar_5/0008_phA02_phB07.png,Is the cyan sphere farther from the camera than the blue cube? Answer with yes or no.,No,No,20.28125,21.703125,True
/data/shared/Qwen/mydisk/output/SYNTHETIC/NVILA-Lite-2B-SYNTHETIC_MIX_5PCT_2M-20260226_023301/checkpoint-6250,obj2_farther,output/phasevar_5/0008_phA02_phB08.png,Is the cyan sphere farther from the camera than the blue cube? Answer with yes or no.,No,No,20.546875,21.671875,True
/data/shared/Qwen/mydisk/output/SYNTHETIC/NVILA-Lite-2B-SYNTHETIC_MIX_5PCT_2M-20260226_023301/checkpoint-6250,obj2_farther,output/phasevar_5/0008_phA02_phB09.png,Is the cyan sphere farther from the camera than the blue cube? Answer with yes or no.,No,No,20.671875,22.03125,True
/data/shared/Qwen/mydisk/output/SYNTHETIC/NVILA-Lite-2B-SYNTHETIC_MIX_5PCT_2M-20260226_023301/checkpoint-6250,obj2_farther,output/phasevar_5/0008_phA02_phB10.png,Is the cyan sphere farther from the camera than the blue cube? Answer with yes or no.,No,No,21.203125,22.765625,True
/data/shared/Qwen/mydisk/output/SYNTHETIC/NVILA-Lite-2B-SYNTHETIC_MIX_5PCT_2M-20260226_023301/checkpoint-6250,obj2_farther,output/phasevar_5/0008_phA02_phB11.png,Is the cyan sphere farther from the camera than the blue cube? Answer with yes or no.,No,No,20.5625,22.28125,True
/data/shared/Qwen/mydisk/output/SYNTHETIC/NVILA-Lite-2B-SYNTHETIC_MIX_5PCT_2M-20260226_023301/checkpoint-6250,obj2_farther,output/phasevar_5/0008_phA02_phB12.png,Is the cyan sphere farther from the camera than the blue cube? Answer with yes or no.,No,No,20.46875,22.203125,True
/data/shared/Qwen/mydisk/output/SYNTHETIC/NVILA-Lite-2B-SYNTHETIC_MIX_5PCT_2M-20260226_023301/checkpoint-6250,obj2_farther,output/phasevar_5/0008_phA02_phB13.png,Is the cyan sphere farther from the camera than the blue cube? Answer with yes or no.,No,No,20.984375,22.46875,True
/data/shared/Qwen/mydisk/output/SYNTHETIC/NVILA-Lite-2B-SYNTHETIC_MIX_5PCT_2M-20260226_023301/checkpoint-6250,obj2_farther,output/phasevar_5/0008_phA02_phB14.png,Is the cyan sphere farther from the camera than the blue cube? Answer with yes or no.,No,No,20.765625,22.578125,True
/data/shared/Qwen/mydisk/output/SYNTHETIC/NVILA-Lite-2B-SYNTHETIC_MIX_5PCT_2M-20260226_023301/checkpoint-6250,obj2_farther,output/phasevar_5/0008_phA02_phB15.png,Is the cyan sphere farther from the camera than the blue cube? Answer with yes or no.,No,No,21.0625,22.625,True
/data/shared/Qwen/mydisk/output/SYNTHETIC/NVILA-Lite-2B-SYNTHETIC_MIX_5PCT_2M-20260226_023301/checkpoint-6250,obj2_farther,output/phasevar_5/0008_phA03_phB00.png,Is the cyan sphere farther from the camera than the blue cube? Answer with yes or no.,No,No,20.53125,21.609375,True
/data/shared/Qwen/mydisk/output/SYNTHETIC/NVILA-Lite-2B-SYNTHETIC_MIX_5PCT_2M-20260226_023301/checkpoint-6250,obj2_farther,output/phasevar_5/0008_phA03_phB01.png,Is the cyan sphere farther from the camera than the blue cube? Answer with yes or no.,No,No,20.703125,21.8125,True
/data/shared/Qwen/mydisk/output/SYNTHETIC/NVILA-Lite-2B-SYNTHETIC_MIX_5PCT_2M-20260226_023301/checkpoint-6250,obj2_farther,output/phasevar_5/0008_phA03_phB02.png,Is the cyan sphere farther from the camera than the blue cube? Answer with yes or no.,No,No,20.3125,20.75,True
/data/shared/Qwen/mydisk/output/SYNTHETIC/NVILA-Lite-2B-SYNTHETIC_MIX_5PCT_2M-20260226_023301/checkpoint-6250,obj2_farther,output/phasevar_5/0008_phA03_phB03.png,Is the cyan sphere farther from the camera than the blue cube? Answer with yes or no.,No,No,19.46875,20.140625,True
/data/shared/Qwen/mydisk/output/SYNTHETIC/NVILA-Lite-2B-SYNTHETIC_MIX_5PCT_2M-20260226_023301/checkpoint-6250,obj2_farther,output/phasevar_5/0008_phA03_phB04.png,Is the cyan sphere farther from the camera than the blue cube? Answer with yes or no.,No,No,19.015625,20.3125,True
/data/shared/Qwen/mydisk/output/SYNTHETIC/NVILA-Lite-2B-SYNTHETIC_MIX_5PCT_2M-20260226_023301/checkpoint-6250,obj2_farther,output/phasevar_5/0008_phA03_phB05.png,Is the cyan sphere farther from the camera than the blue cube? Answer with yes or no.,No,No,19.484375,20.4375,True
/data/shared/Qwen/mydisk/output/SYNTHETIC/NVILA-Lite-2B-SYNTHETIC_MIX_5PCT_2M-20260226_023301/checkpoint-6250,obj2_farther,output/phasevar_5/0008_phA03_phB06.png,Is the cyan sphere farther from the camera than the blue cube? Answer with yes or no.,No,No,19.78125,20.8125,True
/data/shared/Qwen/mydisk/output/SYNTHETIC/NVILA-Lite-2B-SYNTHETIC_MIX_5PCT_2M-20260226_023301/checkpoint-6250,obj2_farther,output/phasevar_5/0008_phA03_phB07.png,Is the cyan sphere farther from the camera than the blue cube? Answer with yes or no.,No,No,20.15625,21.1875,True
/data/shared/Qwen/mydisk/output/SYNTHETIC/NVILA-Lite-2B-SYNTHETIC_MIX_5PCT_2M-20260226_023301/checkpoint-6250,obj2_farther,output/phasevar_5/0008_phA03_phB08.png,Is the cyan sphere farther from the camera than the blue cube? Answer with yes or no.,No,No,20.390625,21.140625,True
/data/shared/Qwen/mydisk/output/SYNTHETIC/NVILA-Lite-2B-SYNTHETIC_MIX_5PCT_2M-20260226_023301/checkpoint-6250,obj2_farther,output/phasevar_5/0008_phA03_phB09.png,Is the cyan sphere farther from the camera than the blue cube? Answer with yes or no.,No,No,20.625,21.75,True
/data/shared/Qwen/mydisk/output/SYNTHETIC/NVILA-Lite-2B-SYNTHETIC_MIX_5PCT_2M-20260226_023301/checkpoint-6250,obj2_farther,output/phasevar_5/0008_phA03_phB10.png,Is the cyan sphere farther from the camera than the blue cube? Answer with yes or no.,No,No,21.0,22.5,True
/data/shared/Qwen/mydisk/output/SYNTHETIC/NVILA-Lite-2B-SYNTHETIC_MIX_5PCT_2M-20260226_023301/checkpoint-6250,obj2_farther,output/phasevar_5/0008_phA03_phB11.png,Is the cyan sphere farther from the camera than the blue cube? Answer with yes or no.,No,No,19.921875,21.84375,True
/data/shared/Qwen/mydisk/output/SYNTHETIC/NVILA-Lite-2B-SYNTHETIC_MIX_5PCT_2M-20260226_023301/checkpoint-6250,obj2_farther,output/phasevar_5/0008_phA03_phB12.png,Is the cyan sphere farther from the camera than the blue cube? Answer with yes or no.,No,No,19.8125,21.796875,True
/data/shared/Qwen/mydisk/output/SYNTHETIC/NVILA-Lite-2B-SYNTHETIC_MIX_5PCT_2M-20260226_023301/checkpoint-6250,obj2_farther,output/phasevar_5/0008_phA03_phB13.png,Is the cyan sphere farther from the camera than the blue cube? Answer with yes or no.,No,No,20.0625,21.859375,True
/data/shared/Qwen/mydisk/output/SYNTHETIC/NVILA-Lite-2B-SYNTHETIC_MIX_5PCT_2M-20260226_023301/checkpoint-6250,obj2_farther,output/phasevar_5/0008_phA03_phB14.png,Is the cyan sphere farther from the camera than the blue cube? Answer with yes or no.,No,No,20.53125,22.515625,True
/data/shared/Qwen/mydisk/output/SYNTHETIC/NVILA-Lite-2B-SYNTHETIC_MIX_5PCT_2M-20260226_023301/checkpoint-6250,obj2_farther,output/phasevar_5/0008_phA03_phB15.png,Is the cyan sphere farther from the camera than the blue cube? Answer with yes or no.,No,No,20.796875,22.421875,True
/data/shared/Qwen/mydisk/output/SYNTHETIC/NVILA-Lite-2B-SYNTHETIC_MIX_5PCT_2M-20260226_023301/checkpoint-6250,obj2_farther,output/phasevar_5/0008_phA04_phB00.png,Is the cyan sphere farther from the camera than the blue cube? Answer with yes or no.,No,No,20.375,21.671875,True
/data/shared/Qwen/mydisk/output/SYNTHETIC/NVILA-Lite-2B-SYNTHETIC_MIX_5PCT_2M-20260226_023301/checkpoint-6250,obj2_farther,output/phasevar_5/0008_phA04_phB01.png,Is the cyan sphere farther from the camera than the blue cube? Answer with yes or no.,No,No,20.34375,21.875,True
/data/shared/Qwen/mydisk/output/SYNTHETIC/NVILA-Lite-2B-SYNTHETIC_MIX_5PCT_2M-20260226_023301/checkpoint-6250,obj2_farther,output/phasevar_5/0008_phA04_phB02.png,Is the cyan sphere farther from the camera than the blue cube? Answer with yes or no.,No,No,20.109375,20.75,True
/data/shared/Qwen/mydisk/output/SYNTHETIC/NVILA-Lite-2B-SYNTHETIC_MIX_5PCT_2M-20260226_023301/checkpoint-6250,obj2_farther,output/phasevar_5/0008_phA04_phB03.png,Is the cyan sphere farther from the camera than the blue cube? Answer with yes or no.,No,No,19.453125,20.296875,True
/data/shared/Qwen/mydisk/output/SYNTHETIC/NVILA-Lite-2B-SYNTHETIC_MIX_5PCT_2M-20260226_023301/checkpoint-6250,obj2_farther,output/phasevar_5/0008_phA04_phB04.png,Is the cyan sphere farther from the camera than the blue cube? Answer with yes or no.,No,No,18.78125,20.390625,True
/data/shared/Qwen/mydisk/output/SYNTHETIC/NVILA-Lite-2B-SYNTHETIC_MIX_5PCT_2M-20260226_023301/checkpoint-6250,obj2_farther,output/phasevar_5/0008_phA04_phB05.png,Is the cyan sphere farther from the camera than the blue cube? Answer with yes or no.,No,No,19.46875,20.5625,True
/data/shared/Qwen/mydisk/output/SYNTHETIC/NVILA-Lite-2B-SYNTHETIC_MIX_5PCT_2M-20260226_023301/checkpoint-6250,obj2_farther,output/phasevar_5/0008_phA04_phB06.png,Is the cyan sphere farther from the camera than the blue cube? Answer with yes or no.,No,No,19.484375,20.71875,True
/data/shared/Qwen/mydisk/output/SYNTHETIC/NVILA-Lite-2B-SYNTHETIC_MIX_5PCT_2M-20260226_023301/checkpoint-6250,obj2_farther,output/phasevar_5/0008_phA04_phB07.png,Is the cyan sphere farther from the camera than the blue cube? Answer with yes or no.,No,No,19.875,21.078125,True
/data/shared/Qwen/mydisk/output/SYNTHETIC/NVILA-Lite-2B-SYNTHETIC_MIX_5PCT_2M-20260226_023301/checkpoint-6250,obj2_farther,output/phasevar_5/0008_phA04_phB08.png,Is the cyan sphere farther from the camera than the blue cube? Answer with yes or no.,No,No,20.40625,21.15625,True
/data/shared/Qwen/mydisk/output/SYNTHETIC/NVILA-Lite-2B-SYNTHETIC_MIX_5PCT_2M-20260226_023301/checkpoint-6250,obj2_farther,output/phasevar_5/0008_phA04_phB09.png,Is the cyan sphere farther from the camera than the blue cube? Answer with yes or no.,No,No,20.703125,21.8125,True
/data/shared/Qwen/mydisk/output/SYNTHETIC/NVILA-Lite-2B-SYNTHETIC_MIX_5PCT_2M-20260226_023301/checkpoint-6250,obj2_farther,output/phasevar_5/0008_phA04_phB10.png,Is the cyan sphere farther from the camera than the blue cube? Answer with yes or no.,No,No,21.203125,22.703125,True
/data/shared/Qwen/mydisk/output/SYNTHETIC/NVILA-Lite-2B-SYNTHETIC_MIX_5PCT_2M-20260226_023301/checkpoint-6250,obj2_farther,output/phasevar_5/0008_phA04_phB11.png,Is the cyan sphere farther from the camera than the blue cube? Answer with yes or no.,No,No,20.375,22.34375,True
/data/shared/Qwen/mydisk/output/SYNTHETIC/NVILA-Lite-2B-SYNTHETIC_MIX_5PCT_2M-20260226_023301/checkpoint-6250,obj2_farther,output/phasevar_5/0008_phA04_phB12.png,Is the cyan sphere farther from the camera than the blue cube? Answer with yes or no.,No,No,20.140625,22.15625,True
/data/shared/Qwen/mydisk/output/SYNTHETIC/NVILA-Lite-2B-SYNTHETIC_MIX_5PCT_2M-20260226_023301/checkpoint-6250,obj2_farther,output/phasevar_5/0008_phA04_phB13.png,Is the cyan sphere farther from the camera than the blue cube? Answer with yes or no.,No,No,20.34375,22.15625,True
/data/shared/Qwen/mydisk/output/SYNTHETIC/NVILA-Lite-2B-SYNTHETIC_MIX_5PCT_2M-20260226_023301/checkpoint-6250,obj2_farther,output/phasevar_5/0008_phA04_phB14.png,Is the cyan sphere farther from the camera than the blue cube? Answer with yes or no.,No,No,20.5625,22.546875,True
/data/shared/Qwen/mydisk/output/SYNTHETIC/NVILA-Lite-2B-SYNTHETIC_MIX_5PCT_2M-20260226_023301/checkpoint-6250,obj2_farther,output/phasevar_5/0008_phA04_phB15.png,Is the cyan sphere farther from the camera than the blue cube? Answer with yes or no.,No,No,20.65625,22.4375,True
/data/shared/Qwen/mydisk/output/SYNTHETIC/NVILA-Lite-2B-SYNTHETIC_MIX_5PCT_2M-20260226_023301/checkpoint-6250,obj2_farther,output/phasevar_5/0008_phA05_phB00.png,Is the cyan sphere farther from the camera than the blue cube? Answer with yes or no.,No,No,20.234375,21.625,True
/data/shared/Qwen/mydisk/output/SYNTHETIC/NVILA-Lite-2B-SYNTHETIC_MIX_5PCT_2M-20260226_023301/checkpoint-6250,obj2_farther,output/phasevar_5/0008_phA05_phB01.png,Is the cyan sphere farther from the camera than the blue cube? Answer with yes or no.,No,No,20.15625,21.84375,True
/data/shared/Qwen/mydisk/output/SYNTHETIC/NVILA-Lite-2B-SYNTHETIC_MIX_5PCT_2M-20260226_023301/checkpoint-6250,obj2_farther,output/phasevar_5/0008_phA05_phB02.png,Is the cyan sphere farther from the camera than the blue cube? Answer with yes or no.,No,No,20.265625,20.96875,True
/data/shared/Qwen/mydisk/output/SYNTHETIC/NVILA-Lite-2B-SYNTHETIC_MIX_5PCT_2M-20260226_023301/checkpoint-6250,obj2_farther,output/phasevar_5/0008_phA05_phB03.png,Is the cyan sphere farther from the camera than the blue cube? Answer with yes or no.,No,No,19.65625,20.546875,True
/data/shared/Qwen/mydisk/output/SYNTHETIC/NVILA-Lite-2B-SYNTHETIC_MIX_5PCT_2M-20260226_023301/checkpoint-6250,obj2_farther,output/phasevar_5/0008_phA05_phB04.png,Is the cyan sphere farther from the camera than the blue cube? Answer with yes or no.,No,No,18.640625,20.1875,True
/data/shared/Qwen/mydisk/output/SYNTHETIC/NVILA-Lite-2B-SYNTHETIC_MIX_5PCT_2M-20260226_023301/checkpoint-6250,obj2_farther,output/phasevar_5/0008_phA05_phB05.png,Is the cyan sphere farther from the camera than the blue cube? Answer with yes or no.,No,No,19.359375,20.5,True
/data/shared/Qwen/mydisk/output/SYNTHETIC/NVILA-Lite-2B-SYNTHETIC_MIX_5PCT_2M-20260226_023301/checkpoint-6250,obj2_farther,output/phasevar_5/0008_phA05_phB06.png,Is the cyan sphere farther from the camera than the blue cube? Answer with yes or no.,No,No,19.375,20.625,True
/data/shared/Qwen/mydisk/output/SYNTHETIC/NVILA-Lite-2B-SYNTHETIC_MIX_5PCT_2M-20260226_023301/checkpoint-6250,obj2_farther,output/phasevar_5/0008_phA05_phB07.png,Is the cyan sphere farther from the camera than the blue cube? Answer with yes or no.,No,No,19.953125,21.140625,True
/data/shared/Qwen/mydisk/output/SYNTHETIC/NVILA-Lite-2B-SYNTHETIC_MIX_5PCT_2M-20260226_023301/checkpoint-6250,obj2_farther,output/phasevar_5/0008_phA05_phB08.png,Is the cyan sphere farther from the camera than the blue cube? Answer with yes or no.,No,No,20.5,21.203125,True
/data/shared/Qwen/mydisk/output/SYNTHETIC/NVILA-Lite-2B-SYNTHETIC_MIX_5PCT_2M-20260226_023301/checkpoint-6250,obj2_farther,output/phasevar_5/0008_phA05_phB09.png,Is the cyan sphere farther from the camera than the blue cube? Answer with yes or no.,No,No,21.046875,22.078125,True
/data/shared/Qwen/mydisk/output/SYNTHETIC/NVILA-Lite-2B-SYNTHETIC_MIX_5PCT_2M-20260226_023301/checkpoint-6250,obj2_farther,output/phasevar_5/0008_phA05_phB10.png,Is the cyan sphere farther from the camera than the blue cube? Answer with yes or no.,No,No,21.359375,22.953125,True
/data/shared/Qwen/mydisk/output/SYNTHETIC/NVILA-Lite-2B-SYNTHETIC_MIX_5PCT_2M-20260226_023301/checkpoint-6250,obj2_farther,output/phasevar_5/0008_phA05_phB11.png,Is the cyan sphere farther from the camera than the blue cube? Answer with yes or no.,No,No,20.5625,22.546875,True
/data/shared/Qwen/mydisk/output/SYNTHETIC/NVILA-Lite-2B-SYNTHETIC_MIX_5PCT_2M-20260226_023301/checkpoint-6250,obj2_farther,output/phasevar_5/0008_phA05_phB12.png,Is the cyan sphere farther from the camera than the blue cube? Answer with yes or no.,No,No,20.25,22.328125,True
/data/shared/Qwen/mydisk/output/SYNTHETIC/NVILA-Lite-2B-SYNTHETIC_MIX_5PCT_2M-20260226_023301/checkpoint-6250,obj2_farther,output/phasevar_5/0008_phA05_phB13.png,Is the cyan sphere farther from the camera than the blue cube? Answer with yes or no.,No,No,20.40625,22.296875,True
/data/shared/Qwen/mydisk/output/SYNTHETIC/NVILA-Lite-2B-SYNTHETIC_MIX_5PCT_2M-20260226_023301/checkpoint-6250,obj2_farther,output/phasevar_5/0008_phA05_phB14.png,Is the cyan sphere farther from the camera than the blue cube? Answer with yes or no.,No,No,20.515625,22.609375,True
/data/shared/Qwen/mydisk/output/SYNTHETIC/NVILA-Lite-2B-SYNTHETIC_MIX_5PCT_2M-20260226_023301/checkpoint-6250,obj2_farther,output/phasevar_5/0008_phA05_phB15.png,Is the cyan sphere farther from the camera than the blue cube? Answer with yes or no.,No,No,20.640625,22.484375,True
/data/shared/Qwen/mydisk/output/SYNTHETIC/NVILA-Lite-2B-SYNTHETIC_MIX_5PCT_2M-20260226_023301/checkpoint-6250,obj2_farther,output/phasevar_5/0008_phA06_phB00.png,Is the cyan sphere farther from the camera than the blue cube? Answer with yes or no.,No,No,19.6875,21.015625,True
/data/shared/Qwen/mydisk/output/SYNTHETIC/NVILA-Lite-2B-SYNTHETIC_MIX_5PCT_2M-20260226_023301/checkpoint-6250,obj2_farther,output/phasevar_5/0008_phA06_phB01.png,Is the cyan sphere farther from the camera than the blue cube? Answer with yes or no.,No,No,19.625,21.15625,True
/data/shared/Qwen/mydisk/output/SYNTHETIC/NVILA-Lite-2B-SYNTHETIC_MIX_5PCT_2M-20260226_023301/checkpoint-6250,obj2_farther,output/phasevar_5/0008_phA06_phB02.png,Is the cyan sphere farther from the camera than the blue cube? Answer with yes or no.,No,No,20.109375,20.65625,True
/data/shared/Qwen/mydisk/output/SYNTHETIC/NVILA-Lite-2B-SYNTHETIC_MIX_5PCT_2M-20260226_023301/checkpoint-6250,obj2_farther,output/phasevar_5/0008_phA06_phB03.png,Is the cyan sphere farther from the camera than the blue cube? Answer with yes or no.,No,No,19.03125,20.0,True
/data/shared/Qwen/mydisk/output/SYNTHETIC/NVILA-Lite-2B-SYNTHETIC_MIX_5PCT_2M-20260226_023301/checkpoint-6250,obj2_farther,output/phasevar_5/0008_phA06_phB04.png,Is the cyan sphere farther from the camera than the blue cube? Answer with yes or no.,No,No,18.359375,19.984375,True
/data/shared/Qwen/mydisk/output/SYNTHETIC/NVILA-Lite-2B-SYNTHETIC_MIX_5PCT_2M-20260226_023301/checkpoint-6250,obj2_farther,output/phasevar_5/0008_phA06_phB05.png,Is the cyan sphere farther from the camera than the blue cube? Answer with yes or no.,No,No,18.515625,20.09375,True
/data/shared/Qwen/mydisk/output/SYNTHETIC/NVILA-Lite-2B-SYNTHETIC_MIX_5PCT_2M-20260226_023301/checkpoint-6250,obj2_farther,output/phasevar_5/0008_phA06_phB06.png,Is the cyan sphere farther from the camera than the blue cube? Answer with yes or no.,No,No,18.859375,20.3125,True
/data/shared/Qwen/mydisk/output/SYNTHETIC/NVILA-Lite-2B-SYNTHETIC_MIX_5PCT_2M-20260226_023301/checkpoint-6250,obj2_farther,output/phasevar_5/0008_phA06_phB07.png,Is the cyan sphere farther from the camera than the blue cube? Answer with yes or no.,No,No,19.59375,20.84375,True
/data/shared/Qwen/mydisk/output/SYNTHETIC/NVILA-Lite-2B-SYNTHETIC_MIX_5PCT_2M-20260226_023301/checkpoint-6250,obj2_farther,output/phasevar_5/0008_phA06_phB08.png,Is the cyan sphere farther from the camera than the blue cube? Answer with yes or no.,No,No,20.109375,20.875,True
/data/shared/Qwen/mydisk/output/SYNTHETIC/NVILA-Lite-2B-SYNTHETIC_MIX_5PCT_2M-20260226_023301/checkpoint-6250,obj2_farther,output/phasevar_5/0008_phA06_phB09.png,Is the cyan sphere farther from the camera than the blue cube? Answer with yes or no.,No,No,20.546875,21.796875,True
/data/shared/Qwen/mydisk/output/SYNTHETIC/NVILA-Lite-2B-SYNTHETIC_MIX_5PCT_2M-20260226_023301/checkpoint-6250,obj2_farther,output/phasevar_5/0008_phA06_phB10.png,Is the cyan sphere farther from the camera than the blue cube? Answer with yes or no.,No,No,20.71875,22.453125,True
/data/shared/Qwen/mydisk/output/SYNTHETIC/NVILA-Lite-2B-SYNTHETIC_MIX_5PCT_2M-20260226_023301/checkpoint-6250,obj2_farther,output/phasevar_5/0008_phA06_phB11.png,Is the cyan sphere farther from the camera than the blue cube? Answer with yes or no.,No,No,20.375,22.34375,True
/data/shared/Qwen/mydisk/output/SYNTHETIC/NVILA-Lite-2B-SYNTHETIC_MIX_5PCT_2M-20260226_023301/checkpoint-6250,obj2_farther,output/phasevar_5/0008_phA06_phB12.png,Is the cyan sphere farther from the camera than the blue cube? Answer with yes or no.,No,No,20.125,22.203125,True
/data/shared/Qwen/mydisk/output/SYNTHETIC/NVILA-Lite-2B-SYNTHETIC_MIX_5PCT_2M-20260226_023301/checkpoint-6250,obj2_farther,output/phasevar_5/0008_phA06_phB13.png,Is the cyan sphere farther from the camera than the blue cube? Answer with yes or no.,No,No,20.1875,21.96875,True
/data/shared/Qwen/mydisk/output/SYNTHETIC/NVILA-Lite-2B-SYNTHETIC_MIX_5PCT_2M-20260226_023301/checkpoint-6250,obj2_farther,output/phasevar_5/0008_phA06_phB14.png,Is the cyan sphere farther from the camera than the blue cube? Answer with yes or no.,No,No,20.15625,21.953125,True
/data/shared/Qwen/mydisk/output/SYNTHETIC/NVILA-Lite-2B-SYNTHETIC_MIX_5PCT_2M-20260226_023301/checkpoint-6250,obj2_farther,output/phasevar_5/0008_phA06_phB15.png,Is the cyan sphere farther from the camera than the blue cube? Answer with yes or no.,No,No,20.1875,21.9375,True
/data/shared/Qwen/mydisk/output/SYNTHETIC/NVILA-Lite-2B-SYNTHETIC_MIX_5PCT_2M-20260226_023301/checkpoint-6250,obj2_farther,output/phasevar_5/0008_phA07_phB00.png,Is the cyan sphere farther from the camera than the blue cube? Answer with yes or no.,No,No,19.25,21.359375,True
/data/shared/Qwen/mydisk/output/SYNTHETIC/NVILA-Lite-2B-SYNTHETIC_MIX_5PCT_2M-20260226_023301/checkpoint-6250,obj2_farther,output/phasevar_5/0008_phA07_phB01.png,Is the cyan sphere farther from the camera than the blue cube? Answer with yes or no.,No,No,19.03125,21.28125,True
/data/shared/Qwen/mydisk/output/SYNTHETIC/NVILA-Lite-2B-SYNTHETIC_MIX_5PCT_2M-20260226_023301/checkpoint-6250,obj2_farther,output/phasevar_5/0008_phA07_phB02.png,Is the cyan sphere farther from the camera than the blue cube? Answer with yes or no.,No,No,19.921875,20.9375,True
/data/shared/Qwen/mydisk/output/SYNTHETIC/NVILA-Lite-2B-SYNTHETIC_MIX_5PCT_2M-20260226_023301/checkpoint-6250,obj2_farther,output/phasevar_5/0008_phA07_phB03.png,Is the cyan sphere farther from the camera than the blue cube? Answer with yes or no.,No,No,18.9375,20.0625,True
/data/shared/Qwen/mydisk/output/SYNTHETIC/NVILA-Lite-2B-SYNTHETIC_MIX_5PCT_2M-20260226_023301/checkpoint-6250,obj2_farther,output/phasevar_5/0008_phA07_phB04.png,Is the cyan sphere farther from the camera than the blue cube? Answer with yes or no.,No,No,18.3125,19.890625,True
/data/shared/Qwen/mydisk/output/SYNTHETIC/NVILA-Lite-2B-SYNTHETIC_MIX_5PCT_2M-20260226_023301/checkpoint-6250,obj2_farther,output/phasevar_5/0008_phA07_phB05.png,Is the cyan sphere farther from the camera than the blue cube? Answer with yes or no.,No,No,18.5625,20.109375,True
/data/shared/Qwen/mydisk/output/SYNTHETIC/NVILA-Lite-2B-SYNTHETIC_MIX_5PCT_2M-20260226_023301/checkpoint-6250,obj2_farther,output/phasevar_5/0008_phA07_phB06.png,Is the cyan sphere farther from the camera than the blue cube? Answer with yes or no.,No,No,18.65625,20.28125,True
/data/shared/Qwen/mydisk/output/SYNTHETIC/NVILA-Lite-2B-SYNTHETIC_MIX_5PCT_2M-20260226_023301/checkpoint-6250,obj2_farther,output/phasevar_5/0008_phA07_phB07.png,Is the cyan sphere farther from the camera than the blue cube? Answer with yes or no.,No,No,19.0625,20.96875,True
/data/shared/Qwen/mydisk/output/SYNTHETIC/NVILA-Lite-2B-SYNTHETIC_MIX_5PCT_2M-20260226_023301/checkpoint-6250,obj2_farther,output/phasevar_5/0008_phA07_phB08.png,Is the cyan sphere farther from the camera than the blue cube? Answer with yes or no.,No,No,19.484375,21.0625,True
/data/shared/Qwen/mydisk/output/SYNTHETIC/NVILA-Lite-2B-SYNTHETIC_MIX_5PCT_2M-20260226_023301/checkpoint-6250,obj2_farther,output/phasevar_5/0008_phA07_phB09.png,Is the cyan sphere farther from the camera than the blue cube? Answer with yes or no.,No,No,19.890625,21.8125,True
/data/shared/Qwen/mydisk/output/SYNTHETIC/NVILA-Lite-2B-SYNTHETIC_MIX_5PCT_2M-20260226_023301/checkpoint-6250,obj2_farther,output/phasevar_5/0008_phA07_phB10.png,Is the cyan sphere farther from the camera than the blue cube? Answer with yes or no.,No,No,20.125,22.296875,True
/data/shared/Qwen/mydisk/output/SYNTHETIC/NVILA-Lite-2B-SYNTHETIC_MIX_5PCT_2M-20260226_023301/checkpoint-6250,obj2_farther,output/phasevar_5/0008_phA07_phB11.png,Is the cyan sphere farther from the camera than the blue cube? Answer with yes or no.,No,No,19.890625,22.21875,True
/data/shared/Qwen/mydisk/output/SYNTHETIC/NVILA-Lite-2B-SYNTHETIC_MIX_5PCT_2M-20260226_023301/checkpoint-6250,obj2_farther,output/phasevar_5/0008_phA07_phB12.png,Is the cyan sphere farther from the camera than the blue cube? Answer with yes or no.,No,No,19.515625,21.796875,True
/data/shared/Qwen/mydisk/output/SYNTHETIC/NVILA-Lite-2B-SYNTHETIC_MIX_5PCT_2M-20260226_023301/checkpoint-6250,obj2_farther,output/phasevar_5/0008_phA07_phB13.png,Is the cyan sphere farther from the camera than the blue cube? Answer with yes or no.,No,No,19.453125,21.65625,True
/data/shared/Qwen/mydisk/output/SYNTHETIC/NVILA-Lite-2B-SYNTHETIC_MIX_5PCT_2M-20260226_023301/checkpoint-6250,obj2_farther,output/phasevar_5/0008_phA07_phB14.png,Is the cyan sphere farther from the camera than the blue cube? Answer with yes or no.,No,No,19.625,21.984375,True
/data/shared/Qwen/mydisk/output/SYNTHETIC/NVILA-Lite-2B-SYNTHETIC_MIX_5PCT_2M-20260226_023301/checkpoint-6250,obj2_farther,output/phasevar_5/0008_phA07_phB15.png,Is the cyan sphere farther from the camera than the blue cube? Answer with yes or no.,No,No,19.671875,22.109375,True
/data/shared/Qwen/mydisk/output/SYNTHETIC/NVILA-Lite-2B-SYNTHETIC_MIX_5PCT_2M-20260226_023301/checkpoint-6250,obj2_farther,output/phasevar_5/0008_phA08_phB00.png,Is the cyan sphere farther from the camera than the blue cube? Answer with yes or no.,No,No,19.0,21.09375,True
/data/shared/Qwen/mydisk/output/SYNTHETIC/NVILA-Lite-2B-SYNTHETIC_MIX_5PCT_2M-20260226_023301/checkpoint-6250,obj2_farther,output/phasevar_5/0008_phA08_phB01.png,Is the cyan sphere farther from the camera than the blue cube? Answer with yes or no.,No,No,18.953125,21.078125,True
/data/shared/Qwen/mydisk/output/SYNTHETIC/NVILA-Lite-2B-SYNTHETIC_MIX_5PCT_2M-20260226_023301/checkpoint-6250,obj2_farther,output/phasevar_5/0008_phA08_phB02.png,Is the cyan sphere farther from the camera than the blue cube? Answer with yes or no.,No,No,20.265625,20.9375,True
/data/shared/Qwen/mydisk/output/SYNTHETIC/NVILA-Lite-2B-SYNTHETIC_MIX_5PCT_2M-20260226_023301/checkpoint-6250,obj2_farther,output/phasevar_5/0008_phA08_phB03.png,Is the cyan sphere farther from the camera than the blue cube? Answer with yes or no.,No,No,19.1875,20.0,True
/data/shared/Qwen/mydisk/output/SYNTHETIC/NVILA-Lite-2B-SYNTHETIC_MIX_5PCT_2M-20260226_023301/checkpoint-6250,obj2_farther,output/phasevar_5/0008_phA08_phB04.png,Is the cyan sphere farther from the camera than the blue cube? Answer with yes or no.,No,No,18.515625,19.9375,True
/data/shared/Qwen/mydisk/output/SYNTHETIC/NVILA-Lite-2B-SYNTHETIC_MIX_5PCT_2M-20260226_023301/checkpoint-6250,obj2_farther,output/phasevar_5/0008_phA08_phB05.png,Is the cyan sphere farther from the camera than the blue cube? Answer with yes or no.,No,No,18.734375,20.21875,True
/data/shared/Qwen/mydisk/output/SYNTHETIC/NVILA-Lite-2B-SYNTHETIC_MIX_5PCT_2M-20260226_023301/checkpoint-6250,obj2_farther,output/phasevar_5/0008_phA08_phB06.png,Is the cyan sphere farther from the camera than the blue cube? Answer with yes or no.,No,No,18.828125,20.40625,True
/data/shared/Qwen/mydisk/output/SYNTHETIC/NVILA-Lite-2B-SYNTHETIC_MIX_5PCT_2M-20260226_023301/checkpoint-6250,obj2_farther,output/phasevar_5/0008_phA08_phB07.png,Is the cyan sphere farther from the camera than the blue cube? Answer with yes or no.,No,No,19.046875,20.96875,True
/data/shared/Qwen/mydisk/output/SYNTHETIC/NVILA-Lite-2B-SYNTHETIC_MIX_5PCT_2M-20260226_023301/checkpoint-6250,obj2_farther,output/phasevar_5/0008_phA08_phB08.png,Is the cyan sphere farther from the camera than the blue cube? Answer with yes or no.,No,No,19.375,20.984375,True
/data/shared/Qwen/mydisk/output/SYNTHETIC/NVILA-Lite-2B-SYNTHETIC_MIX_5PCT_2M-20260226_023301/checkpoint-6250,obj2_farther,output/phasevar_5/0008_phA08_phB09.png,Is the cyan sphere farther from the camera than the blue cube? Answer with yes or no.,No,No,19.859375,21.75,True
/data/shared/Qwen/mydisk/output/SYNTHETIC/NVILA-Lite-2B-SYNTHETIC_MIX_5PCT_2M-20260226_023301/checkpoint-6250,obj2_farther,output/phasevar_5/0008_phA08_phB10.png,Is the cyan sphere farther from the camera than the blue cube? Answer with yes or no.,No,No,20.140625,22.375,True
/data/shared/Qwen/mydisk/output/SYNTHETIC/NVILA-Lite-2B-SYNTHETIC_MIX_5PCT_2M-20260226_023301/checkpoint-6250,obj2_farther,output/phasevar_5/0008_phA08_phB11.png,Is the cyan sphere farther from the camera than the blue cube? Answer with yes or no.,No,No,19.75,22.203125,True
/data/shared/Qwen/mydisk/output/SYNTHETIC/NVILA-Lite-2B-SYNTHETIC_MIX_5PCT_2M-20260226_023301/checkpoint-6250,obj2_farther,output/phasevar_5/0008_phA08_phB12.png,Is the cyan sphere farther from the camera than the blue cube? Answer with yes or no.,No,No,19.328125,21.78125,True
/data/shared/Qwen/mydisk/output/SYNTHETIC/NVILA-Lite-2B-SYNTHETIC_MIX_5PCT_2M-20260226_023301/checkpoint-6250,obj2_farther,output/phasevar_5/0008_phA08_phB13.png,Is the cyan sphere farther from the camera than the blue cube? Answer with yes or no.,No,No,19.21875,21.453125,True
/data/shared/Qwen/mydisk/output/SYNTHETIC/NVILA-Lite-2B-SYNTHETIC_MIX_5PCT_2M-20260226_023301/checkpoint-6250,obj2_farther,output/phasevar_5/0008_phA08_phB14.png,Is the cyan sphere farther from the camera than the blue cube? Answer with yes or no.,No,No,19.453125,21.796875,True
/data/shared/Qwen/mydisk/output/SYNTHETIC/NVILA-Lite-2B-SYNTHETIC_MIX_5PCT_2M-20260226_023301/checkpoint-6250,obj2_farther,output/phasevar_5/0008_phA08_phB15.png,Is the cyan sphere farther from the camera than the blue cube? Answer with yes or no.,No,No,19.4375,21.875,True
/data/shared/Qwen/mydisk/output/SYNTHETIC/NVILA-Lite-2B-SYNTHETIC_MIX_5PCT_2M-20260226_023301/checkpoint-6250,obj2_farther,output/phasevar_5/0008_phA09_phB00.png,Is the cyan sphere farther from the camera than the blue cube? Answer with yes or no.,No,No,18.75,20.796875,True
/data/shared/Qwen/mydisk/output/SYNTHETIC/NVILA-Lite-2B-SYNTHETIC_MIX_5PCT_2M-20260226_023301/checkpoint-6250,obj2_farther,output/phasevar_5/0008_phA09_phB01.png,Is the cyan sphere farther from the camera than the blue cube? Answer with yes or no.,No,No,19.296875,21.0,True
/data/shared/Qwen/mydisk/output/SYNTHETIC/NVILA-Lite-2B-SYNTHETIC_MIX_5PCT_2M-20260226_023301/checkpoint-6250,obj2_farther,output/phasevar_5/0008_phA09_phB02.png,Is the cyan sphere farther from the camera than the blue cube? Answer with yes or no.,No,No,20.5625,20.875,True
/data/shared/Qwen/mydisk/output/SYNTHETIC/NVILA-Lite-2B-SYNTHETIC_MIX_5PCT_2M-20260226_023301/checkpoint-6250,obj2_farther,output/phasevar_5/0008_phA09_phB03.png,Is the cyan sphere farther from the camera than the blue cube? Answer with yes or no.,No,No,19.609375,20.046875,True
/data/shared/Qwen/mydisk/output/SYNTHETIC/NVILA-Lite-2B-SYNTHETIC_MIX_5PCT_2M-20260226_023301/checkpoint-6250,obj2_farther,output/phasevar_5/0008_phA09_phB04.png,Is the cyan sphere farther from the camera than the blue cube? Answer with yes or no.,No,No,18.921875,19.90625,True
/data/shared/Qwen/mydisk/output/SYNTHETIC/NVILA-Lite-2B-SYNTHETIC_MIX_5PCT_2M-20260226_023301/checkpoint-6250,obj2_farther,output/phasevar_5/0008_phA09_phB05.png,Is the cyan sphere farther from the camera than the blue cube? Answer with yes or no.,No,No,19.171875,20.0625,True
/data/shared/Qwen/mydisk/output/SYNTHETIC/NVILA-Lite-2B-SYNTHETIC_MIX_5PCT_2M-20260226_023301/checkpoint-6250,obj2_farther,output/phasevar_5/0008_phA09_phB06.png,Is the cyan sphere farther from the camera than the blue cube? Answer with yes or no.,No,No,19.0625,20.34375,True
/data/shared/Qwen/mydisk/output/SYNTHETIC/NVILA-Lite-2B-SYNTHETIC_MIX_5PCT_2M-20260226_023301/checkpoint-6250,obj2_farther,output/phasevar_5/0008_phA09_phB07.png,Is the cyan sphere farther from the camera than the blue cube? Answer with yes or no.,No,No,19.171875,20.75,True
/data/shared/Qwen/mydisk/output/SYNTHETIC/NVILA-Lite-2B-SYNTHETIC_MIX_5PCT_2M-20260226_023301/checkpoint-6250,obj2_farther,output/phasevar_5/0008_phA09_phB08.png,Is the cyan sphere farther from the camera than the blue cube? Answer with yes or no.,No,No,19.203125,20.75,True
/data/shared/Qwen/mydisk/output/SYNTHETIC/NVILA-Lite-2B-SYNTHETIC_MIX_5PCT_2M-20260226_023301/checkpoint-6250,obj2_farther,output/phasevar_5/0008_phA09_phB09.png,Is the cyan sphere farther from the camera than the blue cube? Answer with yes or no.,No,No,19.65625,21.5625,True
/data/shared/Qwen/mydisk/output/SYNTHETIC/NVILA-Lite-2B-SYNTHETIC_MIX_5PCT_2M-20260226_023301/checkpoint-6250,obj2_farther,output/phasevar_5/0008_phA09_phB10.png,Is the cyan sphere farther from the camera than the blue cube? Answer with yes or no.,No,No,19.75,21.984375,True
/data/shared/Qwen/mydisk/output/SYNTHETIC/NVILA-Lite-2B-SYNTHETIC_MIX_5PCT_2M-20260226_023301/checkpoint-6250,obj2_farther,output/phasevar_5/0008_phA09_phB11.png,Is the cyan sphere farther from the camera than the blue cube? Answer with yes or no.,No,No,19.359375,21.984375,True
/data/shared/Qwen/mydisk/output/SYNTHETIC/NVILA-Lite-2B-SYNTHETIC_MIX_5PCT_2M-20260226_023301/checkpoint-6250,obj2_farther,output/phasevar_5/0008_phA09_phB12.png,Is the cyan sphere farther from the camera than the blue cube? Answer with yes or no.,No,No,18.890625,21.40625,True
/data/shared/Qwen/mydisk/output/SYNTHETIC/NVILA-Lite-2B-SYNTHETIC_MIX_5PCT_2M-20260226_023301/checkpoint-6250,obj2_farther,output/phasevar_5/0008_phA09_phB13.png,Is the cyan sphere farther from the camera than the blue cube? Answer with yes or no.,No,No,18.703125,21.03125,True
/data/shared/Qwen/mydisk/output/SYNTHETIC/NVILA-Lite-2B-SYNTHETIC_MIX_5PCT_2M-20260226_023301/checkpoint-6250,obj2_farther,output/phasevar_5/0008_phA09_phB14.png,Is the cyan sphere farther from the camera than the blue cube? Answer with yes or no.,No,No,19.21875,21.53125,True
/data/shared/Qwen/mydisk/output/SYNTHETIC/NVILA-Lite-2B-SYNTHETIC_MIX_5PCT_2M-20260226_023301/checkpoint-6250,obj2_farther,output/phasevar_5/0008_phA09_phB15.png,Is the cyan sphere farther from the camera than the blue cube? Answer with yes or no.,No,No,18.875,21.34375,True
/data/shared/Qwen/mydisk/output/SYNTHETIC/NVILA-Lite-2B-SYNTHETIC_MIX_5PCT_2M-20260226_023301/checkpoint-6250,obj2_farther,output/phasevar_5/0008_phA10_phB00.png,Is the cyan sphere farther from the camera than the blue cube? Answer with yes or no.,No,No,19.53125,21.140625,True
/data/shared/Qwen/mydisk/output/SYNTHETIC/NVILA-Lite-2B-SYNTHETIC_MIX_5PCT_2M-20260226_023301/checkpoint-6250,obj2_farther,output/phasevar_5/0008_phA10_phB01.png,Is the cyan sphere farther from the camera than the blue cube? Answer with yes or no.,No,No,20.375,21.453125,True
/data/shared/Qwen/mydisk/output/SYNTHETIC/NVILA-Lite-2B-SYNTHETIC_MIX_5PCT_2M-20260226_023301/checkpoint-6250,obj2_farther,output/phasevar_5/0008_phA10_phB02.png,Is the cyan sphere farther from the camera than the blue cube? Answer with yes or no.,No,Yes,21.296875,21.140625,False
/data/shared/Qwen/mydisk/output/SYNTHETIC/NVILA-Lite-2B-SYNTHETIC_MIX_5PCT_2M-20260226_023301/checkpoint-6250,obj2_farther,output/phasevar_5/0008_phA10_phB03.png,Is the cyan sphere farther from the camera than the blue cube? Answer with yes or no.,No,No,20.296875,20.484375,True
/data/shared/Qwen/mydisk/output/SYNTHETIC/NVILA-Lite-2B-SYNTHETIC_MIX_5PCT_2M-20260226_023301/checkpoint-6250,obj2_farther,output/phasevar_5/0008_phA10_phB04.png,Is the cyan sphere farther from the camera than the blue cube? Answer with yes or no.,No,No,19.75,20.3125,True
/data/shared/Qwen/mydisk/output/SYNTHETIC/NVILA-Lite-2B-SYNTHETIC_MIX_5PCT_2M-20260226_023301/checkpoint-6250,obj2_farther,output/phasevar_5/0008_phA10_phB05.png,Is the cyan sphere farther from the camera than the blue cube? Answer with yes or no.,No,No,20.015625,20.34375,True
/data/shared/Qwen/mydisk/output/SYNTHETIC/NVILA-Lite-2B-SYNTHETIC_MIX_5PCT_2M-20260226_023301/checkpoint-6250,obj2_farther,output/phasevar_5/0008_phA10_phB06.png,Is the cyan sphere farther from the camera than the blue cube? Answer with yes or no.,No,No,19.96875,20.703125,True
/data/shared/Qwen/mydisk/output/SYNTHETIC/NVILA-Lite-2B-SYNTHETIC_MIX_5PCT_2M-20260226_023301/checkpoint-6250,obj2_farther,output/phasevar_5/0008_phA10_phB07.png,Is the cyan sphere farther from the camera than the blue cube? Answer with yes or no.,No,No,19.84375,20.796875,True
/data/shared/Qwen/mydisk/output/SYNTHETIC/NVILA-Lite-2B-SYNTHETIC_MIX_5PCT_2M-20260226_023301/checkpoint-6250,obj2_farther,output/phasevar_5/0008_phA10_phB08.png,Is the cyan sphere farther from the camera than the blue cube? Answer with yes or no.,No,No,19.640625,20.734375,True
/data/shared/Qwen/mydisk/output/SYNTHETIC/NVILA-Lite-2B-SYNTHETIC_MIX_5PCT_2M-20260226_023301/checkpoint-6250,obj2_farther,output/phasevar_5/0008_phA10_phB09.png,Is the cyan sphere farther from the camera than the blue cube? Answer with yes or no.,No,No,19.828125,21.515625,True
/data/shared/Qwen/mydisk/output/SYNTHETIC/NVILA-Lite-2B-SYNTHETIC_MIX_5PCT_2M-20260226_023301/checkpoint-6250,obj2_farther,output/phasevar_5/0008_phA10_phB10.png,Is the cyan sphere farther from the camera than the blue cube? Answer with yes or no.,No,No,20.015625,21.984375,True
/data/shared/Qwen/mydisk/output/SYNTHETIC/NVILA-Lite-2B-SYNTHETIC_MIX_5PCT_2M-20260226_023301/checkpoint-6250,obj2_farther,output/phasevar_5/0008_phA10_phB11.png,Is the cyan sphere farther from the camera than the blue cube? Answer with yes or no.,No,No,19.296875,21.8125,True
/data/shared/Qwen/mydisk/output/SYNTHETIC/NVILA-Lite-2B-SYNTHETIC_MIX_5PCT_2M-20260226_023301/checkpoint-6250,obj2_farther,output/phasevar_5/0008_phA10_phB12.png,Is the cyan sphere farther from the camera than the blue cube? Answer with yes or no.,No,No,18.953125,21.375,True
/data/shared/Qwen/mydisk/output/SYNTHETIC/NVILA-Lite-2B-SYNTHETIC_MIX_5PCT_2M-20260226_023301/checkpoint-6250,obj2_farther,output/phasevar_5/0008_phA10_phB13.png,Is the cyan sphere farther from the camera than the blue cube? Answer with yes or no.,No,No,18.859375,21.09375,True
/data/shared/Qwen/mydisk/output/SYNTHETIC/NVILA-Lite-2B-SYNTHETIC_MIX_5PCT_2M-20260226_023301/checkpoint-6250,obj2_farther,output/phasevar_5/0008_phA10_phB14.png,Is the cyan sphere farther from the camera than the blue cube? Answer with yes or no.,No,No,19.53125,21.609375,True
/data/shared/Qwen/mydisk/output/SYNTHETIC/NVILA-Lite-2B-SYNTHETIC_MIX_5PCT_2M-20260226_023301/checkpoint-6250,obj2_farther,output/phasevar_5/0008_phA10_phB15.png,Is the cyan sphere farther from the camera than the blue cube? Answer with yes or no.,No,No,19.296875,21.359375,True
/data/shared/Qwen/mydisk/output/SYNTHETIC/NVILA-Lite-2B-SYNTHETIC_MIX_5PCT_2M-20260226_023301/checkpoint-6250,obj2_farther,output/phasevar_5/0008_phA11_phB00.png,Is the cyan sphere farther from the camera than the blue cube? Answer with yes or no.,No,No,19.5,21.09375,True
/data/shared/Qwen/mydisk/output/SYNTHETIC/NVILA-Lite-2B-SYNTHETIC_MIX_5PCT_2M-20260226_023301/checkpoint-6250,obj2_farther,output/phasevar_5/0008_phA11_phB01.png,Is the cyan sphere farther from the camera than the blue cube? Answer with yes or no.,No,No,20.484375,21.46875,True
/data/shared/Qwen/mydisk/output/SYNTHETIC/NVILA-Lite-2B-SYNTHETIC_MIX_5PCT_2M-20260226_023301/checkpoint-6250,obj2_farther,output/phasevar_5/0008_phA11_phB02.png,Is the cyan sphere farther from the camera than the blue cube? Answer with yes or no.,No,Yes,21.296875,21.015625,False
/data/shared/Qwen/mydisk/output/SYNTHETIC/NVILA-Lite-2B-SYNTHETIC_MIX_5PCT_2M-20260226_023301/checkpoint-6250,obj2_farther,output/phasevar_5/0008_phA11_phB03.png,Is the cyan sphere farther from the camera than the blue cube? Answer with yes or no.,No,No,20.203125,20.296875,True
/data/shared/Qwen/mydisk/output/SYNTHETIC/NVILA-Lite-2B-SYNTHETIC_MIX_5PCT_2M-20260226_023301/checkpoint-6250,obj2_farther,output/phasevar_5/0008_phA11_phB04.png,Is the cyan sphere farther from the camera than the blue cube? Answer with yes or no.,No,No,19.484375,20.03125,True
/data/shared/Qwen/mydisk/output/SYNTHETIC/NVILA-Lite-2B-SYNTHETIC_MIX_5PCT_2M-20260226_023301/checkpoint-6250,obj2_farther,output/phasevar_5/0008_phA11_phB05.png,Is the cyan sphere farther from the camera than the blue cube? Answer with yes or no.,No,No,20.140625,20.28125,True
/data/shared/Qwen/mydisk/output/SYNTHETIC/NVILA-Lite-2B-SYNTHETIC_MIX_5PCT_2M-20260226_023301/checkpoint-6250,obj2_farther,output/phasevar_5/0008_phA11_phB06.png,Is the cyan sphere farther from the camera than the blue cube? Answer with yes or no.,No,No,20.0,20.453125,True
/data/shared/Qwen/mydisk/output/SYNTHETIC/NVILA-Lite-2B-SYNTHETIC_MIX_5PCT_2M-20260226_023301/checkpoint-6250,obj2_farther,output/phasevar_5/0008_phA11_phB07.png,Is the cyan sphere farther from the camera than the blue cube? Answer with yes or no.,No,No,19.796875,20.390625,True
/data/shared/Qwen/mydisk/output/SYNTHETIC/NVILA-Lite-2B-SYNTHETIC_MIX_5PCT_2M-20260226_023301/checkpoint-6250,obj2_farther,output/phasevar_5/0008_phA11_phB08.png,Is the cyan sphere farther from the camera than the blue cube? Answer with yes or no.,No,No,19.90625,20.671875,True
/data/shared/Qwen/mydisk/output/SYNTHETIC/NVILA-Lite-2B-SYNTHETIC_MIX_5PCT_2M-20260226_023301/checkpoint-6250,obj2_farther,output/phasevar_5/0008_phA11_phB09.png,Is the cyan sphere farther from the camera than the blue cube? Answer with yes or no.,No,No,20.03125,21.515625,True
/data/shared/Qwen/mydisk/output/SYNTHETIC/NVILA-Lite-2B-SYNTHETIC_MIX_5PCT_2M-20260226_023301/checkpoint-6250,obj2_farther,output/phasevar_5/0008_phA11_phB10.png,Is the cyan sphere farther from the camera than the blue cube? Answer with yes or no.,No,No,20.421875,22.359375,True
/data/shared/Qwen/mydisk/output/SYNTHETIC/NVILA-Lite-2B-SYNTHETIC_MIX_5PCT_2M-20260226_023301/checkpoint-6250,obj2_farther,output/phasevar_5/0008_phA11_phB11.png,Is the cyan sphere farther from the camera than the blue cube? Answer with yes or no.,No,No,19.265625,21.78125,True
/data/shared/Qwen/mydisk/output/SYNTHETIC/NVILA-Lite-2B-SYNTHETIC_MIX_5PCT_2M-20260226_023301/checkpoint-6250,obj2_farther,output/phasevar_5/0008_phA11_phB12.png,Is the cyan sphere farther from the camera than the blue cube? Answer with yes or no.,No,No,19.140625,21.671875,True
/data/shared/Qwen/mydisk/output/SYNTHETIC/NVILA-Lite-2B-SYNTHETIC_MIX_5PCT_2M-20260226_023301/checkpoint-6250,obj2_farther,output/phasevar_5/0008_phA11_phB13.png,Is the cyan sphere farther from the camera than the blue cube? Answer with yes or no.,No,No,19.0,21.5,True
/data/shared/Qwen/mydisk/output/SYNTHETIC/NVILA-Lite-2B-SYNTHETIC_MIX_5PCT_2M-20260226_023301/checkpoint-6250,obj2_farther,output/phasevar_5/0008_phA11_phB14.png,Is the cyan sphere farther from the camera than the blue cube? Answer with yes or no.,No,No,19.890625,22.203125,True
/data/shared/Qwen/mydisk/output/SYNTHETIC/NVILA-Lite-2B-SYNTHETIC_MIX_5PCT_2M-20260226_023301/checkpoint-6250,obj2_farther,output/phasevar_5/0008_phA11_phB15.png,Is the cyan sphere farther from the camera than the blue cube? Answer with yes or no.,No,No,19.328125,21.53125,True
/data/shared/Qwen/mydisk/output/SYNTHETIC/NVILA-Lite-2B-SYNTHETIC_MIX_5PCT_2M-20260226_023301/checkpoint-6250,obj2_farther,output/phasevar_5/0008_phA12_phB00.png,Is the cyan sphere farther from the camera than the blue cube? Answer with yes or no.,No,No,19.890625,21.3125,True
/data/shared/Qwen/mydisk/output/SYNTHETIC/NVILA-Lite-2B-SYNTHETIC_MIX_5PCT_2M-20260226_023301/checkpoint-6250,obj2_farther,output/phasevar_5/0008_phA12_phB01.png,Is the cyan sphere farther from the camera than the blue cube? Answer with yes or no.,No,No,20.8125,21.671875,True
/data/shared/Qwen/mydisk/output/SYNTHETIC/NVILA-Lite-2B-SYNTHETIC_MIX_5PCT_2M-20260226_023301/checkpoint-6250,obj2_farther,output/phasevar_5/0008_phA12_phB02.png,Is the cyan sphere farther from the camera than the blue cube? Answer with yes or no.,No,Yes,21.359375,21.0,False
/data/shared/Qwen/mydisk/output/SYNTHETIC/NVILA-Lite-2B-SYNTHETIC_MIX_5PCT_2M-20260226_023301/checkpoint-6250,obj2_farther,output/phasevar_5/0008_phA12_phB03.png,Is the cyan sphere farther from the camera than the blue cube? Answer with yes or no.,No,Yes,20.4375,20.359375,False
/data/shared/Qwen/mydisk/output/SYNTHETIC/NVILA-Lite-2B-SYNTHETIC_MIX_5PCT_2M-20260226_023301/checkpoint-6250,obj2_farther,output/phasevar_5/0008_phA12_phB04.png,Is the cyan sphere farther from the camera than the blue cube? Answer with yes or no.,No,No,19.984375,20.453125,True
/data/shared/Qwen/mydisk/output/SYNTHETIC/NVILA-Lite-2B-SYNTHETIC_MIX_5PCT_2M-20260226_023301/checkpoint-6250,obj2_farther,output/phasevar_5/0008_phA12_phB05.png,Is the cyan sphere farther from the camera than the blue cube? Answer with yes or no.,No,No,20.59375,20.625,True
/data/shared/Qwen/mydisk/output/SYNTHETIC/NVILA-Lite-2B-SYNTHETIC_MIX_5PCT_2M-20260226_023301/checkpoint-6250,obj2_farther,output/phasevar_5/0008_phA12_phB06.png,Is the cyan sphere farther from the camera than the blue cube? Answer with yes or no.,No,No,20.171875,20.609375,True
/data/shared/Qwen/mydisk/output/SYNTHETIC/NVILA-Lite-2B-SYNTHETIC_MIX_5PCT_2M-20260226_023301/checkpoint-6250,obj2_farther,output/phasevar_5/0008_phA12_phB07.png,Is the cyan sphere farther from the camera than the blue cube? Answer with yes or no.,No,No,20.03125,20.84375,True
/data/shared/Qwen/mydisk/output/SYNTHETIC/NVILA-Lite-2B-SYNTHETIC_MIX_5PCT_2M-20260226_023301/checkpoint-6250,obj2_farther,output/phasevar_5/0008_phA12_phB08.png,Is the cyan sphere farther from the camera than the blue cube? Answer with yes or no.,No,No,20.109375,20.9375,True
/data/shared/Qwen/mydisk/output/SYNTHETIC/NVILA-Lite-2B-SYNTHETIC_MIX_5PCT_2M-20260226_023301/checkpoint-6250,obj2_farther,output/phasevar_5/0008_phA12_phB09.png,Is the cyan sphere farther from the camera than the blue cube? Answer with yes or no.,No,No,20.140625,21.671875,True
/data/shared/Qwen/mydisk/output/SYNTHETIC/NVILA-Lite-2B-SYNTHETIC_MIX_5PCT_2M-20260226_023301/checkpoint-6250,obj2_farther,output/phasevar_5/0008_phA12_phB10.png,Is the cyan sphere farther from the camera than the blue cube? Answer with yes or no.,No,No,20.59375,22.421875,True
/data/shared/Qwen/mydisk/output/SYNTHETIC/NVILA-Lite-2B-SYNTHETIC_MIX_5PCT_2M-20260226_023301/checkpoint-6250,obj2_farther,output/phasevar_5/0008_phA12_phB11.png,Is the cyan sphere farther from the camera than the blue cube? Answer with yes or no.,No,No,19.34375,21.84375,True
/data/shared/Qwen/mydisk/output/SYNTHETIC/NVILA-Lite-2B-SYNTHETIC_MIX_5PCT_2M-20260226_023301/checkpoint-6250,obj2_farther,output/phasevar_5/0008_phA12_phB12.png,Is the cyan sphere farther from the camera than the blue cube? Answer with yes or no.,No,No,19.28125,21.828125,True
/data/shared/Qwen/mydisk/output/SYNTHETIC/NVILA-Lite-2B-SYNTHETIC_MIX_5PCT_2M-20260226_023301/checkpoint-6250,obj2_farther,output/phasevar_5/0008_phA12_phB13.png,Is the cyan sphere farther from the camera than the blue cube? Answer with yes or no.,No,No,19.140625,21.546875,True
/data/shared/Qwen/mydisk/output/SYNTHETIC/NVILA-Lite-2B-SYNTHETIC_MIX_5PCT_2M-20260226_023301/checkpoint-6250,obj2_farther,output/phasevar_5/0008_phA12_phB14.png,Is the cyan sphere farther from the camera than the blue cube? Answer with yes or no.,No,No,20.171875,22.375,True
/data/shared/Qwen/mydisk/output/SYNTHETIC/NVILA-Lite-2B-SYNTHETIC_MIX_5PCT_2M-20260226_023301/checkpoint-6250,obj2_farther,output/phasevar_5/0008_phA12_phB15.png,Is the cyan sphere farther from the camera than the blue cube? Answer with yes or no.,No,No,19.625,21.640625,True
/data/shared/Qwen/mydisk/output/SYNTHETIC/NVILA-Lite-2B-SYNTHETIC_MIX_5PCT_2M-20260226_023301/checkpoint-6250,obj2_farther,output/phasevar_5/0008_phA13_phB00.png,Is the cyan sphere farther from the camera than the blue cube? Answer with yes or no.,No,No,20.328125,21.4375,True
/data/shared/Qwen/mydisk/output/SYNTHETIC/NVILA-Lite-2B-SYNTHETIC_MIX_5PCT_2M-20260226_023301/checkpoint-6250,obj2_farther,output/phasevar_5/0008_phA13_phB01.png,Is the cyan sphere farther from the camera than the blue cube? Answer with yes or no.,No,No,21.0,21.6875,True
/data/shared/Qwen/mydisk/output/SYNTHETIC/NVILA-Lite-2B-SYNTHETIC_MIX_5PCT_2M-20260226_023301/checkpoint-6250,obj2_farther,output/phasevar_5/0008_phA13_phB02.png,Is the cyan sphere farther from the camera than the blue cube? Answer with yes or no.,No,Yes,21.390625,21.09375,False
/data/shared/Qwen/mydisk/output/SYNTHETIC/NVILA-Lite-2B-SYNTHETIC_MIX_5PCT_2M-20260226_023301/checkpoint-6250,obj2_farther,output/phasevar_5/0008_phA13_phB03.png,Is the cyan sphere farther from the camera than the blue cube? Answer with yes or no.,No,No,20.328125,20.390625,True
/data/shared/Qwen/mydisk/output/SYNTHETIC/NVILA-Lite-2B-SYNTHETIC_MIX_5PCT_2M-20260226_023301/checkpoint-6250,obj2_farther,output/phasevar_5/0008_phA13_phB04.png,Is the cyan sphere farther from the camera than the blue cube? Answer with yes or no.,No,No,20.15625,20.5625,True
/data/shared/Qwen/mydisk/output/SYNTHETIC/NVILA-Lite-2B-SYNTHETIC_MIX_5PCT_2M-20260226_023301/checkpoint-6250,obj2_farther,output/phasevar_5/0008_phA13_phB05.png,Is the cyan sphere farther from the camera than the blue cube? Answer with yes or no.,No,No,20.734375,20.734375,True
/data/shared/Qwen/mydisk/output/SYNTHETIC/NVILA-Lite-2B-SYNTHETIC_MIX_5PCT_2M-20260226_023301/checkpoint-6250,obj2_farther,output/phasevar_5/0008_phA13_phB06.png,Is the cyan sphere farther from the camera than the blue cube? Answer with yes or no.,No,No,20.59375,21.0,True
/data/shared/Qwen/mydisk/output/SYNTHETIC/NVILA-Lite-2B-SYNTHETIC_MIX_5PCT_2M-20260226_023301/checkpoint-6250,obj2_farther,output/phasevar_5/0008_phA13_phB07.png,Is the cyan sphere farther from the camera than the blue cube? Answer with yes or no.,No,No,20.453125,21.21875,True
/data/shared/Qwen/mydisk/output/SYNTHETIC/NVILA-Lite-2B-SYNTHETIC_MIX_5PCT_2M-20260226_023301/checkpoint-6250,obj2_farther,output/phasevar_5/0008_phA13_phB08.png,Is the cyan sphere farther from the camera than the blue cube? Answer with yes or no.,No,No,20.5625,21.3125,True
/data/shared/Qwen/mydisk/output/SYNTHETIC/NVILA-Lite-2B-SYNTHETIC_MIX_5PCT_2M-20260226_023301/checkpoint-6250,obj2_farther,output/phasevar_5/0008_phA13_phB09.png,Is the cyan sphere farther from the camera than the blue cube? Answer with yes or no.,No,No,20.40625,21.703125,True
/data/shared/Qwen/mydisk/output/SYNTHETIC/NVILA-Lite-2B-SYNTHETIC_MIX_5PCT_2M-20260226_023301/checkpoint-6250,obj2_farther,output/phasevar_5/0008_phA13_phB10.png,Is the cyan sphere farther from the camera than the blue cube? Answer with yes or no.,No,No,20.8125,22.5,True
/data/shared/Qwen/mydisk/output/SYNTHETIC/NVILA-Lite-2B-SYNTHETIC_MIX_5PCT_2M-20260226_023301/checkpoint-6250,obj2_farther,output/phasevar_5/0008_phA13_phB11.png,Is the cyan sphere farther from the camera than the blue cube? Answer with yes or no.,No,No,19.46875,21.6875,True
/data/shared/Qwen/mydisk/output/SYNTHETIC/NVILA-Lite-2B-SYNTHETIC_MIX_5PCT_2M-20260226_023301/checkpoint-6250,obj2_farther,output/phasevar_5/0008_phA13_phB12.png,Is the cyan sphere farther from the camera than the blue cube? Answer with yes or no.,No,No,19.234375,21.609375,True
/data/shared/Qwen/mydisk/output/SYNTHETIC/NVILA-Lite-2B-SYNTHETIC_MIX_5PCT_2M-20260226_023301/checkpoint-6250,obj2_farther,output/phasevar_5/0008_phA13_phB13.png,Is the cyan sphere farther from the camera than the blue cube? Answer with yes or no.,No,No,19.296875,21.578125,True
/data/shared/Qwen/mydisk/output/SYNTHETIC/NVILA-Lite-2B-SYNTHETIC_MIX_5PCT_2M-20260226_023301/checkpoint-6250,obj2_farther,output/phasevar_5/0008_phA13_phB14.png,Is the cyan sphere farther from the camera than the blue cube? Answer with yes or no.,No,No,20.53125,22.546875,True
/data/shared/Qwen/mydisk/output/SYNTHETIC/NVILA-Lite-2B-SYNTHETIC_MIX_5PCT_2M-20260226_023301/checkpoint-6250,obj2_farther,output/phasevar_5/0008_phA13_phB15.png,Is the cyan sphere farther from the camera than the blue cube? Answer with yes or no.,No,No,20.21875,22.0,True
/data/shared/Qwen/mydisk/output/SYNTHETIC/NVILA-Lite-2B-SYNTHETIC_MIX_5PCT_2M-20260226_023301/checkpoint-6250,obj2_farther,output/phasevar_5/0008_phA14_phB00.png,Is the cyan sphere farther from the camera than the blue cube? Answer with yes or no.,No,No,20.21875,21.390625,True
/data/shared/Qwen/mydisk/output/SYNTHETIC/NVILA-Lite-2B-SYNTHETIC_MIX_5PCT_2M-20260226_023301/checkpoint-6250,obj2_farther,output/phasevar_5/0008_phA14_phB01.png,Is the cyan sphere farther from the camera than the blue cube? Answer with yes or no.,No,No,21.25,21.96875,True
/data/shared/Qwen/mydisk/output/SYNTHETIC/NVILA-Lite-2B-SYNTHETIC_MIX_5PCT_2M-20260226_023301/checkpoint-6250,obj2_farther,output/phasevar_5/0008_phA14_phB02.png,Is the cyan sphere farther from the camera than the blue cube? Answer with yes or no.,No,No,21.25,21.484375,True
/data/shared/Qwen/mydisk/output/SYNTHETIC/NVILA-Lite-2B-SYNTHETIC_MIX_5PCT_2M-20260226_023301/checkpoint-6250,obj2_farther,output/phasevar_5/0008_phA14_phB03.png,Is the cyan sphere farther from the camera than the blue cube? Answer with yes or no.,No,No,19.953125,20.578125,True
/data/shared/Qwen/mydisk/output/SYNTHETIC/NVILA-Lite-2B-SYNTHETIC_MIX_5PCT_2M-20260226_023301/checkpoint-6250,obj2_farther,output/phasevar_5/0008_phA14_phB04.png,Is the cyan sphere farther from the camera than the blue cube? Answer with yes or no.,No,No,19.953125,20.8125,True
/data/shared/Qwen/mydisk/output/SYNTHETIC/NVILA-Lite-2B-SYNTHETIC_MIX_5PCT_2M-20260226_023301/checkpoint-6250,obj2_farther,output/phasevar_5/0008_phA14_phB05.png,Is the cyan sphere farther from the camera than the blue cube? Answer with yes or no.,No,No,20.65625,21.15625,True
/data/shared/Qwen/mydisk/output/SYNTHETIC/NVILA-Lite-2B-SYNTHETIC_MIX_5PCT_2M-20260226_023301/checkpoint-6250,obj2_farther,output/phasevar_5/0008_phA14_phB06.png,Is the cyan sphere farther from the camera than the blue cube? Answer with yes or no.,No,No,20.421875,21.328125,True
/data/shared/Qwen/mydisk/output/SYNTHETIC/NVILA-Lite-2B-SYNTHETIC_MIX_5PCT_2M-20260226_023301/checkpoint-6250,obj2_farther,output/phasevar_5/0008_phA14_phB07.png,Is the cyan sphere farther from the camera than the blue cube? Answer with yes or no.,No,No,20.640625,21.921875,True
/data/shared/Qwen/mydisk/output/SYNTHETIC/NVILA-Lite-2B-SYNTHETIC_MIX_5PCT_2M-20260226_023301/checkpoint-6250,obj2_farther,output/phasevar_5/0008_phA14_phB08.png,Is the cyan sphere farther from the camera than the blue cube? Answer with yes or no.,No,No,20.59375,21.8125,True
/data/shared/Qwen/mydisk/output/SYNTHETIC/NVILA-Lite-2B-SYNTHETIC_MIX_5PCT_2M-20260226_023301/checkpoint-6250,obj2_farther,output/phasevar_5/0008_phA14_phB09.png,Is the cyan sphere farther from the camera than the blue cube? Answer with yes or no.,No,No,20.53125,22.046875,True
/data/shared/Qwen/mydisk/output/SYNTHETIC/NVILA-Lite-2B-SYNTHETIC_MIX_5PCT_2M-20260226_023301/checkpoint-6250,obj2_farther,output/phasevar_5/0008_phA14_phB10.png,Is the cyan sphere farther from the camera than the blue cube? Answer with yes or no.,No,No,20.859375,22.640625,True
/data/shared/Qwen/mydisk/output/SYNTHETIC/NVILA-Lite-2B-SYNTHETIC_MIX_5PCT_2M-20260226_023301/checkpoint-6250,obj2_farther,output/phasevar_5/0008_phA14_phB11.png,Is the cyan sphere farther from the camera than the blue cube? Answer with yes or no.,No,No,19.734375,21.75,True
/data/shared/Qwen/mydisk/output/SYNTHETIC/NVILA-Lite-2B-SYNTHETIC_MIX_5PCT_2M-20260226_023301/checkpoint-6250,obj2_farther,output/phasevar_5/0008_phA14_phB12.png,Is the cyan sphere farther from the camera than the blue cube? Answer with yes or no.,No,No,19.5,21.5625,True
/data/shared/Qwen/mydisk/output/SYNTHETIC/NVILA-Lite-2B-SYNTHETIC_MIX_5PCT_2M-20260226_023301/checkpoint-6250,obj2_farther,output/phasevar_5/0008_phA14_phB13.png,Is the cyan sphere farther from the camera than the blue cube? Answer with yes or no.,No,No,19.703125,21.71875,True
/data/shared/Qwen/mydisk/output/SYNTHETIC/NVILA-Lite-2B-SYNTHETIC_MIX_5PCT_2M-20260226_023301/checkpoint-6250,obj2_farther,output/phasevar_5/0008_phA14_phB14.png,Is the cyan sphere farther from the camera than the blue cube? Answer with yes or no.,No,No,20.8125,22.609375,True
/data/shared/Qwen/mydisk/output/SYNTHETIC/NVILA-Lite-2B-SYNTHETIC_MIX_5PCT_2M-20260226_023301/checkpoint-6250,obj2_farther,output/phasevar_5/0008_phA14_phB15.png,Is the cyan sphere farther from the camera than the blue cube? Answer with yes or no.,No,No,20.3125,21.90625,True
/data/shared/Qwen/mydisk/output/SYNTHETIC/NVILA-Lite-2B-SYNTHETIC_MIX_5PCT_2M-20260226_023301/checkpoint-6250,obj2_farther,output/phasevar_5/0008_phA15_phB00.png,Is the cyan sphere farther from the camera than the blue cube? Answer with yes or no.,No,No,20.09375,21.625,True
/data/shared/Qwen/mydisk/output/SYNTHETIC/NVILA-Lite-2B-SYNTHETIC_MIX_5PCT_2M-20260226_023301/checkpoint-6250,obj2_farther,output/phasevar_5/0008_phA15_phB01.png,Is the cyan sphere farther from the camera than the blue cube? Answer with yes or no.,No,No,20.734375,22.0,True
/data/shared/Qwen/mydisk/output/SYNTHETIC/NVILA-Lite-2B-SYNTHETIC_MIX_5PCT_2M-20260226_023301/checkpoint-6250,obj2_farther,output/phasevar_5/0008_phA15_phB02.png,Is the cyan sphere farther from the camera than the blue cube? Answer with yes or no.,No,No,20.765625,21.390625,True
/data/shared/Qwen/mydisk/output/SYNTHETIC/NVILA-Lite-2B-SYNTHETIC_MIX_5PCT_2M-20260226_023301/checkpoint-6250,obj2_farther,output/phasevar_5/0008_phA15_phB03.png,Is the cyan sphere farther from the camera than the blue cube? Answer with yes or no.,No,No,19.78125,20.53125,True
/data/shared/Qwen/mydisk/output/SYNTHETIC/NVILA-Lite-2B-SYNTHETIC_MIX_5PCT_2M-20260226_023301/checkpoint-6250,obj2_farther,output/phasevar_5/0008_phA15_phB04.png,Is the cyan sphere farther from the camera than the blue cube? Answer with yes or no.,No,No,19.890625,20.765625,True
/data/shared/Qwen/mydisk/output/SYNTHETIC/NVILA-Lite-2B-SYNTHETIC_MIX_5PCT_2M-20260226_023301/checkpoint-6250,obj2_farther,output/phasevar_5/0008_phA15_phB05.png,Is the cyan sphere farther from the camera than the blue cube? Answer with yes or no.,No,No,20.34375,21.015625,True
/data/shared/Qwen/mydisk/output/SYNTHETIC/NVILA-Lite-2B-SYNTHETIC_MIX_5PCT_2M-20260226_023301/checkpoint-6250,obj2_farther,output/phasevar_5/0008_phA15_phB06.png,Is the cyan sphere farther from the camera than the blue cube? Answer with yes or no.,No,No,20.171875,21.296875,True
/data/shared/Qwen/mydisk/output/SYNTHETIC/NVILA-Lite-2B-SYNTHETIC_MIX_5PCT_2M-20260226_023301/checkpoint-6250,obj2_farther,output/phasevar_5/0008_phA15_phB07.png,Is the cyan sphere farther from the camera than the blue cube? Answer with yes or no.,No,No,20.4375,22.015625,True
/data/shared/Qwen/mydisk/output/SYNTHETIC/NVILA-Lite-2B-SYNTHETIC_MIX_5PCT_2M-20260226_023301/checkpoint-6250,obj2_farther,output/phasevar_5/0008_phA15_phB08.png,Is the cyan sphere farther from the camera than the blue cube? Answer with yes or no.,No,No,20.3125,21.828125,True
/data/shared/Qwen/mydisk/output/SYNTHETIC/NVILA-Lite-2B-SYNTHETIC_MIX_5PCT_2M-20260226_023301/checkpoint-6250,obj2_farther,output/phasevar_5/0008_phA15_phB09.png,Is the cyan sphere farther from the camera than the blue cube? Answer with yes or no.,No,No,20.609375,22.328125,True
/data/shared/Qwen/mydisk/output/SYNTHETIC/NVILA-Lite-2B-SYNTHETIC_MIX_5PCT_2M-20260226_023301/checkpoint-6250,obj2_farther,output/phasevar_5/0008_phA15_phB10.png,Is the cyan sphere farther from the camera than the blue cube? Answer with yes or no.,No,No,20.734375,22.609375,True
/data/shared/Qwen/mydisk/output/SYNTHETIC/NVILA-Lite-2B-SYNTHETIC_MIX_5PCT_2M-20260226_023301/checkpoint-6250,obj2_farther,output/phasevar_5/0008_phA15_phB11.png,Is the cyan sphere farther from the camera than the blue cube? Answer with yes or no.,No,No,19.890625,21.875,True
/data/shared/Qwen/mydisk/output/SYNTHETIC/NVILA-Lite-2B-SYNTHETIC_MIX_5PCT_2M-20260226_023301/checkpoint-6250,obj2_farther,output/phasevar_5/0008_phA15_phB12.png,Is the cyan sphere farther from the camera than the blue cube? Answer with yes or no.,No,No,19.609375,21.609375,True
/data/shared/Qwen/mydisk/output/SYNTHETIC/NVILA-Lite-2B-SYNTHETIC_MIX_5PCT_2M-20260226_023301/checkpoint-6250,obj2_farther,output/phasevar_5/0008_phA15_phB13.png,Is the cyan sphere farther from the camera than the blue cube? Answer with yes or no.,No,No,19.9375,22.0,True
/data/shared/Qwen/mydisk/output/SYNTHETIC/NVILA-Lite-2B-SYNTHETIC_MIX_5PCT_2M-20260226_023301/checkpoint-6250,obj2_farther,output/phasevar_5/0008_phA15_phB14.png,Is the cyan sphere farther from the camera than the blue cube? Answer with yes or no.,No,No,20.671875,22.796875,True
/data/shared/Qwen/mydisk/output/SYNTHETIC/NVILA-Lite-2B-SYNTHETIC_MIX_5PCT_2M-20260226_023301/checkpoint-6250,obj2_farther,output/phasevar_5/0008_phA15_phB15.png,Is the cyan sphere farther from the camera than the blue cube? Answer with yes or no.,No,No,20.71875,22.703125,True
/data/shared/Qwen/mydisk/output/SYNTHETIC/NVILA-Lite-2B-SYNTHETIC_MIX_5PCT_2M-20260226_023301/checkpoint-6250,obj2_farther,output/phasevar_5/0009_phA00_phB00.png,Is the yellow cube farther from the camera than the green sphere? Answer with yes or no.,No,No,19.953125,20.453125,True
/data/shared/Qwen/mydisk/output/SYNTHETIC/NVILA-Lite-2B-SYNTHETIC_MIX_5PCT_2M-20260226_023301/checkpoint-6250,obj2_farther,output/phasevar_5/0009_phA00_phB01.png,Is the yellow cube farther from the camera than the green sphere? Answer with yes or no.,No,Yes,21.046875,20.9375,False
/data/shared/Qwen/mydisk/output/SYNTHETIC/NVILA-Lite-2B-SYNTHETIC_MIX_5PCT_2M-20260226_023301/checkpoint-6250,obj2_farther,output/phasevar_5/0009_phA00_phB02.png,Is the yellow cube farther from the camera than the green sphere? Answer with yes or no.,No,Yes,21.40625,21.265625,False
/data/shared/Qwen/mydisk/output/SYNTHETIC/NVILA-Lite-2B-SYNTHETIC_MIX_5PCT_2M-20260226_023301/checkpoint-6250,obj2_farther,output/phasevar_5/0009_phA00_phB03.png,Is the yellow cube farther from the camera than the green sphere? Answer with yes or no.,No,Yes,20.453125,20.28125,False
/data/shared/Qwen/mydisk/output/SYNTHETIC/NVILA-Lite-2B-SYNTHETIC_MIX_5PCT_2M-20260226_023301/checkpoint-6250,obj2_farther,output/phasevar_5/0009_phA00_phB04.png,Is the yellow cube farther from the camera than the green sphere? Answer with yes or no.,No,No,19.71875,20.40625,True
/data/shared/Qwen/mydisk/output/SYNTHETIC/NVILA-Lite-2B-SYNTHETIC_MIX_5PCT_2M-20260226_023301/checkpoint-6250,obj2_farther,output/phasevar_5/0009_phA00_phB05.png,Is the yellow cube farther from the camera than the green sphere? Answer with yes or no.,No,No,20.421875,20.765625,True
/data/shared/Qwen/mydisk/output/SYNTHETIC/NVILA-Lite-2B-SYNTHETIC_MIX_5PCT_2M-20260226_023301/checkpoint-6250,obj2_farther,output/phasevar_5/0009_phA00_phB06.png,Is the yellow cube farther from the camera than the green sphere? Answer with yes or no.,No,No,20.234375,20.40625,True
/data/shared/Qwen/mydisk/output/SYNTHETIC/NVILA-Lite-2B-SYNTHETIC_MIX_5PCT_2M-20260226_023301/checkpoint-6250,obj2_farther,output/phasevar_5/0009_phA00_phB07.png,Is the yellow cube farther from the camera than the green sphere? Answer with yes or no.,No,No,19.90625,20.6875,True
/data/shared/Qwen/mydisk/output/SYNTHETIC/NVILA-Lite-2B-SYNTHETIC_MIX_5PCT_2M-20260226_023301/checkpoint-6250,obj2_farther,output/phasevar_5/0009_phA00_phB08.png,Is the yellow cube farther from the camera than the green sphere? Answer with yes or no.,No,No,19.78125,20.59375,True
/data/shared/Qwen/mydisk/output/SYNTHETIC/NVILA-Lite-2B-SYNTHETIC_MIX_5PCT_2M-20260226_023301/checkpoint-6250,obj2_farther,output/phasevar_5/0009_phA00_phB09.png,Is the yellow cube farther from the camera than the green sphere? Answer with yes or no.,No,No,19.921875,20.71875,True
/data/shared/Qwen/mydisk/output/SYNTHETIC/NVILA-Lite-2B-SYNTHETIC_MIX_5PCT_2M-20260226_023301/checkpoint-6250,obj2_farther,output/phasevar_5/0009_phA00_phB10.png,Is the yellow cube farther from the camera than the green sphere? Answer with yes or no.,No,No,21.265625,21.84375,True
/data/shared/Qwen/mydisk/output/SYNTHETIC/NVILA-Lite-2B-SYNTHETIC_MIX_5PCT_2M-20260226_023301/checkpoint-6250,obj2_farther,output/phasevar_5/0009_phA00_phB11.png,Is the yellow cube farther from the camera than the green sphere? Answer with yes or no.,No,No,20.34375,21.5,True
/data/shared/Qwen/mydisk/output/SYNTHETIC/NVILA-Lite-2B-SYNTHETIC_MIX_5PCT_2M-20260226_023301/checkpoint-6250,obj2_farther,output/phasevar_5/0009_phA00_phB12.png,Is the yellow cube farther from the camera than the green sphere? Answer with yes or no.,No,No,20.25,21.296875,True
/data/shared/Qwen/mydisk/output/SYNTHETIC/NVILA-Lite-2B-SYNTHETIC_MIX_5PCT_2M-20260226_023301/checkpoint-6250,obj2_farther,output/phasevar_5/0009_phA00_phB13.png,Is the yellow cube farther from the camera than the green sphere? Answer with yes or no.,No,No,20.015625,20.984375,True
/data/shared/Qwen/mydisk/output/SYNTHETIC/NVILA-Lite-2B-SYNTHETIC_MIX_5PCT_2M-20260226_023301/checkpoint-6250,obj2_farther,output/phasevar_5/0009_phA00_phB14.png,Is the yellow cube farther from the camera than the green sphere? Answer with yes or no.,No,No,20.546875,21.421875,True
/data/shared/Qwen/mydisk/output/SYNTHETIC/NVILA-Lite-2B-SYNTHETIC_MIX_5PCT_2M-20260226_023301/checkpoint-6250,obj2_farther,output/phasevar_5/0009_phA00_phB15.png,Is the yellow cube farther from the camera than the green sphere? Answer with yes or no.,No,No,20.578125,20.671875,True
/data/shared/Qwen/mydisk/output/SYNTHETIC/NVILA-Lite-2B-SYNTHETIC_MIX_5PCT_2M-20260226_023301/checkpoint-6250,obj2_farther,output/phasevar_5/0009_phA01_phB00.png,Is the yellow cube farther from the camera than the green sphere? Answer with yes or no.,No,No,19.890625,20.390625,True
/data/shared/Qwen/mydisk/output/SYNTHETIC/NVILA-Lite-2B-SYNTHETIC_MIX_5PCT_2M-20260226_023301/checkpoint-6250,obj2_farther,output/phasevar_5/0009_phA01_phB01.png,Is the yellow cube farther from the camera than the green sphere? Answer with yes or no.,No,No,20.90625,20.9375,True
/data/shared/Qwen/mydisk/output/SYNTHETIC/NVILA-Lite-2B-SYNTHETIC_MIX_5PCT_2M-20260226_023301/checkpoint-6250,obj2_farther,output/phasevar_5/0009_phA01_phB02.png,Is the yellow cube farther from the camera than the green sphere? Answer with yes or no.,No,No,21.125,21.21875,True
/data/shared/Qwen/mydisk/output/SYNTHETIC/NVILA-Lite-2B-SYNTHETIC_MIX_5PCT_2M-20260226_023301/checkpoint-6250,obj2_farther,output/phasevar_5/0009_phA01_phB03.png,Is the yellow cube farther from the camera than the green sphere? Answer with yes or no.,No,Yes,20.421875,20.375,False
/data/shared/Qwen/mydisk/output/SYNTHETIC/NVILA-Lite-2B-SYNTHETIC_MIX_5PCT_2M-20260226_023301/checkpoint-6250,obj2_farther,output/phasevar_5/0009_phA01_phB04.png,Is the yellow cube farther from the camera than the green sphere? Answer with yes or no.,No,No,19.625,20.53125,True
/data/shared/Qwen/mydisk/output/SYNTHETIC/NVILA-Lite-2B-SYNTHETIC_MIX_5PCT_2M-20260226_023301/checkpoint-6250,obj2_farther,output/phasevar_5/0009_phA01_phB05.png,Is the yellow cube farther from the camera than the green sphere? Answer with yes or no.,No,No,20.453125,20.875,True
/data/shared/Qwen/mydisk/output/SYNTHETIC/NVILA-Lite-2B-SYNTHETIC_MIX_5PCT_2M-20260226_023301/checkpoint-6250,obj2_farther,output/phasevar_5/0009_phA01_phB06.png,Is the yellow cube farther from the camera than the green sphere? Answer with yes or no.,No,No,20.0625,20.5,True
/data/shared/Qwen/mydisk/output/SYNTHETIC/NVILA-Lite-2B-SYNTHETIC_MIX_5PCT_2M-20260226_023301/checkpoint-6250,obj2_farther,output/phasevar_5/0009_phA01_phB07.png,Is the yellow cube farther from the camera than the green sphere? Answer with yes or no.,No,No,19.8125,20.765625,True
/data/shared/Qwen/mydisk/output/SYNTHETIC/NVILA-Lite-2B-SYNTHETIC_MIX_5PCT_2M-20260226_023301/checkpoint-6250,obj2_farther,output/phasevar_5/0009_phA01_phB08.png,Is the yellow cube farther from the camera than the green sphere? Answer with yes or no.,No,No,19.71875,20.625,True
/data/shared/Qwen/mydisk/output/SYNTHETIC/NVILA-Lite-2B-SYNTHETIC_MIX_5PCT_2M-20260226_023301/checkpoint-6250,obj2_farther,output/phasevar_5/0009_phA01_phB09.png,Is the yellow cube farther from the camera than the green sphere? Answer with yes or no.,No,No,19.921875,20.71875,True
/data/shared/Qwen/mydisk/output/SYNTHETIC/NVILA-Lite-2B-SYNTHETIC_MIX_5PCT_2M-20260226_023301/checkpoint-6250,obj2_farther,output/phasevar_5/0009_phA01_phB10.png,Is the yellow cube farther from the camera than the green sphere? Answer with yes or no.,No,No,21.234375,21.9375,True
/data/shared/Qwen/mydisk/output/SYNTHETIC/NVILA-Lite-2B-SYNTHETIC_MIX_5PCT_2M-20260226_023301/checkpoint-6250,obj2_farther,output/phasevar_5/0009_phA01_phB11.png,Is the yellow cube farther from the camera than the green sphere? Answer with yes or no.,No,No,20.390625,21.65625,True
/data/shared/Qwen/mydisk/output/SYNTHETIC/NVILA-Lite-2B-SYNTHETIC_MIX_5PCT_2M-20260226_023301/checkpoint-6250,obj2_farther,output/phasevar_5/0009_phA01_phB12.png,Is the yellow cube farther from the camera than the green sphere? Answer with yes or no.,No,No,20.359375,21.421875,True
/data/shared/Qwen/mydisk/output/SYNTHETIC/NVILA-Lite-2B-SYNTHETIC_MIX_5PCT_2M-20260226_023301/checkpoint-6250,obj2_farther,output/phasevar_5/0009_phA01_phB13.png,Is the yellow cube farther from the camera than the green sphere? Answer with yes or no.,No,No,20.15625,21.125,True
/data/shared/Qwen/mydisk/output/SYNTHETIC/NVILA-Lite-2B-SYNTHETIC_MIX_5PCT_2M-20260226_023301/checkpoint-6250,obj2_farther,output/phasevar_5/0009_phA01_phB14.png,Is the yellow cube farther from the camera than the green sphere? Answer with yes or no.,No,No,20.390625,21.359375,True
/data/shared/Qwen/mydisk/output/SYNTHETIC/NVILA-Lite-2B-SYNTHETIC_MIX_5PCT_2M-20260226_023301/checkpoint-6250,obj2_farther,output/phasevar_5/0009_phA01_phB15.png,Is the yellow cube farther from the camera than the green sphere? Answer with yes or no.,No,No,20.53125,20.6875,True
/data/shared/Qwen/mydisk/output/SYNTHETIC/NVILA-Lite-2B-SYNTHETIC_MIX_5PCT_2M-20260226_023301/checkpoint-6250,obj2_farther,output/phasevar_5/0009_phA02_phB00.png,Is the yellow cube farther from the camera than the green sphere? Answer with yes or no.,No,No,19.984375,20.125,True
/data/shared/Qwen/mydisk/output/SYNTHETIC/NVILA-Lite-2B-SYNTHETIC_MIX_5PCT_2M-20260226_023301/checkpoint-6250,obj2_farther,output/phasevar_5/0009_phA02_phB01.png,Is the yellow cube farther from the camera than the green sphere? Answer with yes or no.,No,Yes,20.4375,20.40625,False
/data/shared/Qwen/mydisk/output/SYNTHETIC/NVILA-Lite-2B-SYNTHETIC_MIX_5PCT_2M-20260226_023301/checkpoint-6250,obj2_farther,output/phasevar_5/0009_phA02_phB02.png,Is the yellow cube farther from the camera than the green sphere? Answer with yes or no.,No,No,20.9375,21.046875,True
/data/shared/Qwen/mydisk/output/SYNTHETIC/NVILA-Lite-2B-SYNTHETIC_MIX_5PCT_2M-20260226_023301/checkpoint-6250,obj2_farther,output/phasevar_5/0009_phA02_phB03.png,Is the yellow cube farther from the camera than the green sphere? Answer with yes or no.,No,Yes,20.359375,20.3125,False
/data/shared/Qwen/mydisk/output/SYNTHETIC/NVILA-Lite-2B-SYNTHETIC_MIX_5PCT_2M-20260226_023301/checkpoint-6250,obj2_farther,output/phasevar_5/0009_phA02_phB04.png,Is the yellow cube farther from the camera than the green sphere? Answer with yes or no.,No,No,19.515625,20.421875,True
/data/shared/Qwen/mydisk/output/SYNTHETIC/NVILA-Lite-2B-SYNTHETIC_MIX_5PCT_2M-20260226_023301/checkpoint-6250,obj2_farther,output/phasevar_5/0009_phA02_phB05.png,Is the yellow cube farther from the camera than the green sphere? Answer with yes or no.,No,No,20.171875,20.671875,True
/data/shared/Qwen/mydisk/output/SYNTHETIC/NVILA-Lite-2B-SYNTHETIC_MIX_5PCT_2M-20260226_023301/checkpoint-6250,obj2_farther,output/phasevar_5/0009_phA02_phB06.png,Is the yellow cube farther from the camera than the green sphere? Answer with yes or no.,No,No,19.890625,20.3125,True
/data/shared/Qwen/mydisk/output/SYNTHETIC/NVILA-Lite-2B-SYNTHETIC_MIX_5PCT_2M-20260226_023301/checkpoint-6250,obj2_farther,output/phasevar_5/0009_phA02_phB07.png,Is the yellow cube farther from the camera than the green sphere? Answer with yes or no.,No,No,19.78125,20.65625,True
/data/shared/Qwen/mydisk/output/SYNTHETIC/NVILA-Lite-2B-SYNTHETIC_MIX_5PCT_2M-20260226_023301/checkpoint-6250,obj2_farther,output/phasevar_5/0009_phA02_phB08.png,Is the yellow cube farther from the camera than the green sphere? Answer with yes or no.,No,No,19.765625,20.625,True
/data/shared/Qwen/mydisk/output/SYNTHETIC/NVILA-Lite-2B-SYNTHETIC_MIX_5PCT_2M-20260226_023301/checkpoint-6250,obj2_farther,output/phasevar_5/0009_phA02_phB09.png,Is the yellow cube farther from the camera than the green sphere? Answer with yes or no.,No,No,20.0625,20.78125,True
/data/shared/Qwen/mydisk/output/SYNTHETIC/NVILA-Lite-2B-SYNTHETIC_MIX_5PCT_2M-20260226_023301/checkpoint-6250,obj2_farther,output/phasevar_5/0009_phA02_phB10.png,Is the yellow cube farther from the camera than the green sphere? Answer with yes or no.,No,No,21.3125,21.984375,True
/data/shared/Qwen/mydisk/output/SYNTHETIC/NVILA-Lite-2B-SYNTHETIC_MIX_5PCT_2M-20260226_023301/checkpoint-6250,obj2_farther,output/phasevar_5/0009_phA02_phB11.png,Is the yellow cube farther from the camera than the green sphere? Answer with yes or no.,No,No,20.53125,21.796875,True
/data/shared/Qwen/mydisk/output/SYNTHETIC/NVILA-Lite-2B-SYNTHETIC_MIX_5PCT_2M-20260226_023301/checkpoint-6250,obj2_farther,output/phasevar_5/0009_phA02_phB12.png,Is the yellow cube farther from the camera than the green sphere? Answer with yes or no.,No,No,20.59375,21.671875,True
/data/shared/Qwen/mydisk/output/SYNTHETIC/NVILA-Lite-2B-SYNTHETIC_MIX_5PCT_2M-20260226_023301/checkpoint-6250,obj2_farther,output/phasevar_5/0009_phA02_phB13.png,Is the yellow cube farther from the camera than the green sphere? Answer with yes or no.,No,No,20.515625,21.5,True
/data/shared/Qwen/mydisk/output/SYNTHETIC/NVILA-Lite-2B-SYNTHETIC_MIX_5PCT_2M-20260226_023301/checkpoint-6250,obj2_farther,output/phasevar_5/0009_phA02_phB14.png,Is the yellow cube farther from the camera than the green sphere? Answer with yes or no.,No,No,20.40625,21.28125,True
/data/shared/Qwen/mydisk/output/SYNTHETIC/NVILA-Lite-2B-SYNTHETIC_MIX_5PCT_2M-20260226_023301/checkpoint-6250,obj2_farther,output/phasevar_5/0009_phA02_phB15.png,Is the yellow cube farther from the camera than the green sphere? Answer with yes or no.,No,Yes,20.8125,20.546875,False
/data/shared/Qwen/mydisk/output/SYNTHETIC/NVILA-Lite-2B-SYNTHETIC_MIX_5PCT_2M-20260226_023301/checkpoint-6250,obj2_farther,output/phasevar_5/0009_phA03_phB00.png,Is the yellow cube farther from the camera than the green sphere? Answer with yes or no.,No,Yes,19.9375,19.859375,False
/data/shared/Qwen/mydisk/output/SYNTHETIC/NVILA-Lite-2B-SYNTHETIC_MIX_5PCT_2M-20260226_023301/checkpoint-6250,obj2_farther,output/phasevar_5/0009_phA03_phB01.png,Is the yellow cube farther from the camera than the green sphere? Answer with yes or no.,No,Yes,20.359375,20.109375,False
/data/shared/Qwen/mydisk/output/SYNTHETIC/NVILA-Lite-2B-SYNTHETIC_MIX_5PCT_2M-20260226_023301/checkpoint-6250,obj2_farther,output/phasevar_5/0009_phA03_phB02.png,Is the yellow cube farther from the camera than the green sphere? Answer with yes or no.,No,Yes,21.125,20.890625,False
/data/shared/Qwen/mydisk/output/SYNTHETIC/NVILA-Lite-2B-SYNTHETIC_MIX_5PCT_2M-20260226_023301/checkpoint-6250,obj2_farther,output/phasevar_5/0009_phA03_phB03.png,Is the yellow cube farther from the camera than the green sphere? Answer with yes or no.,No,Yes,20.796875,20.1875,False
/data/shared/Qwen/mydisk/output/SYNTHETIC/NVILA-Lite-2B-SYNTHETIC_MIX_5PCT_2M-20260226_023301/checkpoint-6250,obj2_farther,output/phasevar_5/0009_phA03_phB04.png,Is the yellow cube farther from the camera than the green sphere? Answer with yes or no.,No,No,19.21875,20.046875,True
/data/shared/Qwen/mydisk/output/SYNTHETIC/NVILA-Lite-2B-SYNTHETIC_MIX_5PCT_2M-20260226_023301/checkpoint-6250,obj2_farther,output/phasevar_5/0009_phA03_phB05.png,Is the yellow cube farther from the camera than the green sphere? Answer with yes or no.,No,No,20.09375,20.359375,True
/data/shared/Qwen/mydisk/output/SYNTHETIC/NVILA-Lite-2B-SYNTHETIC_MIX_5PCT_2M-20260226_023301/checkpoint-6250,obj2_farther,output/phasevar_5/0009_phA03_phB06.png,Is the yellow cube farther from the camera than the green sphere? Answer with yes or no.,No,No,19.75,19.90625,True
/data/shared/Qwen/mydisk/output/SYNTHETIC/NVILA-Lite-2B-SYNTHETIC_MIX_5PCT_2M-20260226_023301/checkpoint-6250,obj2_farther,output/phasevar_5/0009_phA03_phB07.png,Is the yellow cube farther from the camera than the green sphere? Answer with yes or no.,No,No,19.3125,20.03125,True
/data/shared/Qwen/mydisk/output/SYNTHETIC/NVILA-Lite-2B-SYNTHETIC_MIX_5PCT_2M-20260226_023301/checkpoint-6250,obj2_farther,output/phasevar_5/0009_phA03_phB08.png,Is the yellow cube farther from the camera than the green sphere? Answer with yes or no.,No,No,19.453125,20.0625,True
/data/shared/Qwen/mydisk/output/SYNTHETIC/NVILA-Lite-2B-SYNTHETIC_MIX_5PCT_2M-20260226_023301/checkpoint-6250,obj2_farther,output/phasevar_5/0009_phA03_phB09.png,Is the yellow cube farther from the camera than the green sphere? Answer with yes or no.,No,No,19.953125,20.390625,True
/data/shared/Qwen/mydisk/output/SYNTHETIC/NVILA-Lite-2B-SYNTHETIC_MIX_5PCT_2M-20260226_023301/checkpoint-6250,obj2_farther,output/phasevar_5/0009_phA03_phB10.png,Is the yellow cube farther from the camera than the green sphere? Answer with yes or no.,No,No,21.390625,21.75,True
/data/shared/Qwen/mydisk/output/SYNTHETIC/NVILA-Lite-2B-SYNTHETIC_MIX_5PCT_2M-20260226_023301/checkpoint-6250,obj2_farther,output/phasevar_5/0009_phA03_phB11.png,Is the yellow cube farther from the camera than the green sphere? Answer with yes or no.,No,No,20.6875,21.78125,True
/data/shared/Qwen/mydisk/output/SYNTHETIC/NVILA-Lite-2B-SYNTHETIC_MIX_5PCT_2M-20260226_023301/checkpoint-6250,obj2_farther,output/phasevar_5/0009_phA03_phB12.png,Is the yellow cube farther from the camera than the green sphere? Answer with yes or no.,No,No,20.65625,21.640625,True
/data/shared/Qwen/mydisk/output/SYNTHETIC/NVILA-Lite-2B-SYNTHETIC_MIX_5PCT_2M-20260226_023301/checkpoint-6250,obj2_farther,output/phasevar_5/0009_phA03_phB13.png,Is the yellow cube farther from the camera than the green sphere? Answer with yes or no.,No,No,20.65625,21.390625,True
/data/shared/Qwen/mydisk/output/SYNTHETIC/NVILA-Lite-2B-SYNTHETIC_MIX_5PCT_2M-20260226_023301/checkpoint-6250,obj2_farther,output/phasevar_5/0009_phA03_phB14.png,Is the yellow cube farther from the camera than the green sphere? Answer with yes or no.,No,No,20.53125,21.109375,True
/data/shared/Qwen/mydisk/output/SYNTHETIC/NVILA-Lite-2B-SYNTHETIC_MIX_5PCT_2M-20260226_023301/checkpoint-6250,obj2_farther,output/phasevar_5/0009_phA03_phB15.png,Is the yellow cube farther from the camera than the green sphere? Answer with yes or no.,No,Yes,21.015625,20.53125,False
/data/shared/Qwen/mydisk/output/SYNTHETIC/NVILA-Lite-2B-SYNTHETIC_MIX_5PCT_2M-20260226_023301/checkpoint-6250,obj2_farther,output/phasevar_5/0009_phA04_phB00.png,Is the yellow cube farther from the camera than the green sphere? Answer with yes or no.,No,Yes,19.78125,19.6875,False
/data/shared/Qwen/mydisk/output/SYNTHETIC/NVILA-Lite-2B-SYNTHETIC_MIX_5PCT_2M-20260226_023301/checkpoint-6250,obj2_farther,output/phasevar_5/0009_phA04_phB01.png,Is the yellow cube farther from the camera than the green sphere? Answer with yes or no.,No,Yes,20.203125,19.953125,False
/data/shared/Qwen/mydisk/output/SYNTHETIC/NVILA-Lite-2B-SYNTHETIC_MIX_5PCT_2M-20260226_023301/checkpoint-6250,obj2_farther,output/phasevar_5/0009_phA04_phB02.png,Is the yellow cube farther from the camera than the green sphere? Answer with yes or no.,No,Yes,21.140625,20.734375,False
/data/shared/Qwen/mydisk/output/SYNTHETIC/NVILA-Lite-2B-SYNTHETIC_MIX_5PCT_2M-20260226_023301/checkpoint-6250,obj2_farther,output/phasevar_5/0009_phA04_phB03.png,Is the yellow cube farther from the camera than the green sphere? Answer with yes or no.,No,Yes,20.875,20.125,False
/data/shared/Qwen/mydisk/output/SYNTHETIC/NVILA-Lite-2B-SYNTHETIC_MIX_5PCT_2M-20260226_023301/checkpoint-6250,obj2_farther,output/phasevar_5/0009_phA04_phB04.png,Is the yellow cube farther from the camera than the green sphere? Answer with yes or no.,No,No,19.203125,19.890625,True
/data/shared/Qwen/mydisk/output/SYNTHETIC/NVILA-Lite-2B-SYNTHETIC_MIX_5PCT_2M-20260226_023301/checkpoint-6250,obj2_farther,output/phasevar_5/0009_phA04_phB05.png,Is the yellow cube farther from the camera than the green sphere? Answer with yes or no.,No,No,20.125,20.28125,True
/data/shared/Qwen/mydisk/output/SYNTHETIC/NVILA-Lite-2B-SYNTHETIC_MIX_5PCT_2M-20260226_023301/checkpoint-6250,obj2_farther,output/phasevar_5/0009_phA04_phB06.png,Is the yellow cube farther from the camera than the green sphere? Answer with yes or no.,No,Yes,19.75,19.71875,False
/data/shared/Qwen/mydisk/output/SYNTHETIC/NVILA-Lite-2B-SYNTHETIC_MIX_5PCT_2M-20260226_023301/checkpoint-6250,obj2_farther,output/phasevar_5/0009_phA04_phB07.png,Is the yellow cube farther from the camera than the green sphere? Answer with yes or no.,No,No,19.1875,19.765625,True
/data/shared/Qwen/mydisk/output/SYNTHETIC/NVILA-Lite-2B-SYNTHETIC_MIX_5PCT_2M-20260226_023301/checkpoint-6250,obj2_farther,output/phasevar_5/0009_phA04_phB08.png,Is the yellow cube farther from the camera than the green sphere? Answer with yes or no.,No,No,19.375,19.875,True
/data/shared/Qwen/mydisk/output/SYNTHETIC/NVILA-Lite-2B-SYNTHETIC_MIX_5PCT_2M-20260226_023301/checkpoint-6250,obj2_farther,output/phasevar_5/0009_phA04_phB09.png,Is the yellow cube farther from the camera than the green sphere? Answer with yes or no.,No,No,19.796875,20.1875,True
/data/shared/Qwen/mydisk/output/SYNTHETIC/NVILA-Lite-2B-SYNTHETIC_MIX_5PCT_2M-20260226_023301/checkpoint-6250,obj2_farther,output/phasevar_5/0009_phA04_phB10.png,Is the yellow cube farther from the camera than the green sphere? Answer with yes or no.,No,No,21.171875,21.453125,True
/data/shared/Qwen/mydisk/output/SYNTHETIC/NVILA-Lite-2B-SYNTHETIC_MIX_5PCT_2M-20260226_023301/checkpoint-6250,obj2_farther,output/phasevar_5/0009_phA04_phB11.png,Is the yellow cube farther from the camera than the green sphere? Answer with yes or no.,No,No,20.609375,21.53125,True
/data/shared/Qwen/mydisk/output/SYNTHETIC/NVILA-Lite-2B-SYNTHETIC_MIX_5PCT_2M-20260226_023301/checkpoint-6250,obj2_farther,output/phasevar_5/0009_phA04_phB12.png,Is the yellow cube farther from the camera than the green sphere? Answer with yes or no.,No,No,20.484375,21.28125,True
/data/shared/Qwen/mydisk/output/SYNTHETIC/NVILA-Lite-2B-SYNTHETIC_MIX_5PCT_2M-20260226_023301/checkpoint-6250,obj2_farther,output/phasevar_5/0009_phA04_phB13.png,Is the yellow cube farther from the camera than the green sphere? Answer with yes or no.,No,No,20.5625,21.09375,True
/data/shared/Qwen/mydisk/output/SYNTHETIC/NVILA-Lite-2B-SYNTHETIC_MIX_5PCT_2M-20260226_023301/checkpoint-6250,obj2_farther,output/phasevar_5/0009_phA04_phB14.png,Is the yellow cube farther from the camera than the green sphere? Answer with yes or no.,No,No,20.5,20.953125,True
/data/shared/Qwen/mydisk/output/SYNTHETIC/NVILA-Lite-2B-SYNTHETIC_MIX_5PCT_2M-20260226_023301/checkpoint-6250,obj2_farther,output/phasevar_5/0009_phA04_phB15.png,Is the yellow cube farther from the camera than the green sphere? Answer with yes or no.,No,Yes,20.9375,20.4375,False
/data/shared/Qwen/mydisk/output/SYNTHETIC/NVILA-Lite-2B-SYNTHETIC_MIX_5PCT_2M-20260226_023301/checkpoint-6250,obj2_farther,output/phasevar_5/0009_phA05_phB00.png,Is the yellow cube farther from the camera than the green sphere? Answer with yes or no.,No,No,19.921875,19.921875,True
/data/shared/Qwen/mydisk/output/SYNTHETIC/NVILA-Lite-2B-SYNTHETIC_MIX_5PCT_2M-20260226_023301/checkpoint-6250,obj2_farther,output/phasevar_5/0009_phA05_phB01.png,Is the yellow cube farther from the camera than the green sphere? Answer with yes or no.,No,Yes,20.171875,20.09375,False
/data/shared/Qwen/mydisk/output/SYNTHETIC/NVILA-Lite-2B-SYNTHETIC_MIX_5PCT_2M-20260226_023301/checkpoint-6250,obj2_farther,output/phasevar_5/0009_phA05_phB02.png,Is the yellow cube farther from the camera than the green sphere? Answer with yes or no.,No,Yes,21.171875,20.953125,False
/data/shared/Qwen/mydisk/output/SYNTHETIC/NVILA-Lite-2B-SYNTHETIC_MIX_5PCT_2M-20260226_023301/checkpoint-6250,obj2_farther,output/phasevar_5/0009_phA05_phB03.png,Is the yellow cube farther from the camera than the green sphere? Answer with yes or no.,No,Yes,20.8125,20.25,False
/data/shared/Qwen/mydisk/output/SYNTHETIC/NVILA-Lite-2B-SYNTHETIC_MIX_5PCT_2M-20260226_023301/checkpoint-6250,obj2_farther,output/phasevar_5/0009_phA05_phB04.png,Is the yellow cube farther from the camera than the green sphere? Answer with yes or no.,No,No,19.328125,20.03125,True
/data/shared/Qwen/mydisk/output/SYNTHETIC/NVILA-Lite-2B-SYNTHETIC_MIX_5PCT_2M-20260226_023301/checkpoint-6250,obj2_farther,output/phasevar_5/0009_phA05_phB05.png,Is the yellow cube farther from the camera than the green sphere? Answer with yes or no.,No,No,20.078125,20.359375,True
/data/shared/Qwen/mydisk/output/SYNTHETIC/NVILA-Lite-2B-SYNTHETIC_MIX_5PCT_2M-20260226_023301/checkpoint-6250,obj2_farther,output/phasevar_5/0009_phA05_phB06.png,Is the yellow cube farther from the camera than the green sphere? Answer with yes or no.,No,No,19.796875,20.015625,True
/data/shared/Qwen/mydisk/output/SYNTHETIC/NVILA-Lite-2B-SYNTHETIC_MIX_5PCT_2M-20260226_023301/checkpoint-6250,obj2_farther,output/phasevar_5/0009_phA05_phB07.png,Is the yellow cube farther from the camera than the green sphere? Answer with yes or no.,No,No,19.28125,19.9375,True
/data/shared/Qwen/mydisk/output/SYNTHETIC/NVILA-Lite-2B-SYNTHETIC_MIX_5PCT_2M-20260226_023301/checkpoint-6250,obj2_farther,output/phasevar_5/0009_phA05_phB08.png,Is the yellow cube farther from the camera than the green sphere? Answer with yes or no.,No,No,19.421875,20.0,True
/data/shared/Qwen/mydisk/output/SYNTHETIC/NVILA-Lite-2B-SYNTHETIC_MIX_5PCT_2M-20260226_023301/checkpoint-6250,obj2_farther,output/phasevar_5/0009_phA05_phB09.png,Is the yellow cube farther from the camera than the green sphere? Answer with yes or no.,No,No,19.84375,20.28125,True
/data/shared/Qwen/mydisk/output/SYNTHETIC/NVILA-Lite-2B-SYNTHETIC_MIX_5PCT_2M-20260226_023301/checkpoint-6250,obj2_farther,output/phasevar_5/0009_phA05_phB10.png,Is the yellow cube farther from the camera than the green sphere? Answer with yes or no.,No,No,21.1875,21.5,True
/data/shared/Qwen/mydisk/output/SYNTHETIC/NVILA-Lite-2B-SYNTHETIC_MIX_5PCT_2M-20260226_023301/checkpoint-6250,obj2_farther,output/phasevar_5/0009_phA05_phB11.png,Is the yellow cube farther from the camera than the green sphere? Answer with yes or no.,No,No,20.59375,21.515625,True
/data/shared/Qwen/mydisk/output/SYNTHETIC/NVILA-Lite-2B-SYNTHETIC_MIX_5PCT_2M-20260226_023301/checkpoint-6250,obj2_farther,output/phasevar_5/0009_phA05_phB12.png,Is the yellow cube farther from the camera than the green sphere? Answer with yes or no.,No,No,20.4375,21.328125,True
/data/shared/Qwen/mydisk/output/SYNTHETIC/NVILA-Lite-2B-SYNTHETIC_MIX_5PCT_2M-20260226_023301/checkpoint-6250,obj2_farther,output/phasevar_5/0009_phA05_phB13.png,Is the yellow cube farther from the camera than the green sphere? Answer with yes or no.,No,No,20.65625,21.328125,True
/data/shared/Qwen/mydisk/output/SYNTHETIC/NVILA-Lite-2B-SYNTHETIC_MIX_5PCT_2M-20260226_023301/checkpoint-6250,obj2_farther,output/phasevar_5/0009_phA05_phB14.png,Is the yellow cube farther from the camera than the green sphere? Answer with yes or no.,No,No,20.40625,20.953125,True
/data/shared/Qwen/mydisk/output/SYNTHETIC/NVILA-Lite-2B-SYNTHETIC_MIX_5PCT_2M-20260226_023301/checkpoint-6250,obj2_farther,output/phasevar_5/0009_phA05_phB15.png,Is the yellow cube farther from the camera than the green sphere? Answer with yes or no.,No,Yes,20.953125,20.53125,False
/data/shared/Qwen/mydisk/output/SYNTHETIC/NVILA-Lite-2B-SYNTHETIC_MIX_5PCT_2M-20260226_023301/checkpoint-6250,obj2_farther,output/phasevar_5/0009_phA06_phB00.png,Is the yellow cube farther from the camera than the green sphere? Answer with yes or no.,No,Yes,19.78125,19.671875,False
/data/shared/Qwen/mydisk/output/SYNTHETIC/NVILA-Lite-2B-SYNTHETIC_MIX_5PCT_2M-20260226_023301/checkpoint-6250,obj2_farther,output/phasevar_5/0009_phA06_phB01.png,Is the yellow cube farther from the camera than the green sphere? Answer with yes or no.,No,Yes,19.96875,19.828125,False
/data/shared/Qwen/mydisk/output/SYNTHETIC/NVILA-Lite-2B-SYNTHETIC_MIX_5PCT_2M-20260226_023301/checkpoint-6250,obj2_farther,output/phasevar_5/0009_phA06_phB02.png,Is the yellow cube farther from the camera than the green sphere? Answer with yes or no.,No,Yes,21.078125,20.6875,False
/data/shared/Qwen/mydisk/output/SYNTHETIC/NVILA-Lite-2B-SYNTHETIC_MIX_5PCT_2M-20260226_023301/checkpoint-6250,obj2_farther,output/phasevar_5/0009_phA06_phB03.png,Is the yellow cube farther from the camera than the green sphere? Answer with yes or no.,No,Yes,20.484375,19.890625,False
/data/shared/Qwen/mydisk/output/SYNTHETIC/NVILA-Lite-2B-SYNTHETIC_MIX_5PCT_2M-20260226_023301/checkpoint-6250,obj2_farther,output/phasevar_5/0009_phA06_phB04.png,Is the yellow cube farther from the camera than the green sphere? Answer with yes or no.,No,No,19.265625,19.671875,True
/data/shared/Qwen/mydisk/output/SYNTHETIC/NVILA-Lite-2B-SYNTHETIC_MIX_5PCT_2M-20260226_023301/checkpoint-6250,obj2_farther,output/phasevar_5/0009_phA06_phB05.png,Is the yellow cube farther from the camera than the green sphere? Answer with yes or no.,No,No,19.640625,20.015625,True
/data/shared/Qwen/mydisk/output/SYNTHETIC/NVILA-Lite-2B-SYNTHETIC_MIX_5PCT_2M-20260226_023301/checkpoint-6250,obj2_farther,output/phasevar_5/0009_phA06_phB06.png,Is the yellow cube farther from the camera than the green sphere? Answer with yes or no.,No,No,19.546875,19.953125,True
/data/shared/Qwen/mydisk/output/SYNTHETIC/NVILA-Lite-2B-SYNTHETIC_MIX_5PCT_2M-20260226_023301/checkpoint-6250,obj2_farther,output/phasevar_5/0009_phA06_phB07.png,Is the yellow cube farther from the camera than the green sphere? Answer with yes or no.,No,No,19.234375,19.9375,True
/data/shared/Qwen/mydisk/output/SYNTHETIC/NVILA-Lite-2B-SYNTHETIC_MIX_5PCT_2M-20260226_023301/checkpoint-6250,obj2_farther,output/phasevar_5/0009_phA06_phB08.png,Is the yellow cube farther from the camera than the green sphere? Answer with yes or no.,No,No,19.453125,20.046875,True
/data/shared/Qwen/mydisk/output/SYNTHETIC/NVILA-Lite-2B-SYNTHETIC_MIX_5PCT_2M-20260226_023301/checkpoint-6250,obj2_farther,output/phasevar_5/0009_phA06_phB09.png,Is the yellow cube farther from the camera than the green sphere? Answer with yes or no.,No,No,19.828125,20.4375,True
/data/shared/Qwen/mydisk/output/SYNTHETIC/NVILA-Lite-2B-SYNTHETIC_MIX_5PCT_2M-20260226_023301/checkpoint-6250,obj2_farther,output/phasevar_5/0009_phA06_phB10.png,Is the yellow cube farther from the camera than the green sphere? Answer with yes or no.,No,No,20.59375,21.1875,True
/data/shared/Qwen/mydisk/output/SYNTHETIC/NVILA-Lite-2B-SYNTHETIC_MIX_5PCT_2M-20260226_023301/checkpoint-6250,obj2_farther,output/phasevar_5/0009_phA06_phB11.png,Is the yellow cube farther from the camera than the green sphere? Answer with yes or no.,No,No,20.453125,21.359375,True
/data/shared/Qwen/mydisk/output/SYNTHETIC/NVILA-Lite-2B-SYNTHETIC_MIX_5PCT_2M-20260226_023301/checkpoint-6250,obj2_farther,output/phasevar_5/0009_phA06_phB12.png,Is the yellow cube farther from the camera than the green sphere? Answer with yes or no.,No,No,20.328125,21.09375,True
/data/shared/Qwen/mydisk/output/SYNTHETIC/NVILA-Lite-2B-SYNTHETIC_MIX_5PCT_2M-20260226_023301/checkpoint-6250,obj2_farther,output/phasevar_5/0009_phA06_phB13.png,Is the yellow cube farther from the camera than the green sphere? Answer with yes or no.,No,No,20.515625,21.078125,True
/data/shared/Qwen/mydisk/output/SYNTHETIC/NVILA-Lite-2B-SYNTHETIC_MIX_5PCT_2M-20260226_023301/checkpoint-6250,obj2_farther,output/phasevar_5/0009_phA06_phB14.png,Is the yellow cube farther from the camera than the green sphere? Answer with yes or no.,No,No,20.109375,20.546875,True
/data/shared/Qwen/mydisk/output/SYNTHETIC/NVILA-Lite-2B-SYNTHETIC_MIX_5PCT_2M-20260226_023301/checkpoint-6250,obj2_farther,output/phasevar_5/0009_phA06_phB15.png,Is the yellow cube farther from the camera than the green sphere? Answer with yes or no.,No,Yes,20.703125,20.296875,False
/data/shared/Qwen/mydisk/output/SYNTHETIC/NVILA-Lite-2B-SYNTHETIC_MIX_5PCT_2M-20260226_023301/checkpoint-6250,obj2_farther,output/phasevar_5/0009_phA07_phB00.png,Is the yellow cube farther from the camera than the green sphere? Answer with yes or no.,No,No,19.5625,19.703125,True
/data/shared/Qwen/mydisk/output/SYNTHETIC/NVILA-Lite-2B-SYNTHETIC_MIX_5PCT_2M-20260226_023301/checkpoint-6250,obj2_farther,output/phasevar_5/0009_phA07_phB01.png,Is the yellow cube farther from the camera than the green sphere? Answer with yes or no.,No,Yes,20.328125,20.109375,False
/data/shared/Qwen/mydisk/output/SYNTHETIC/NVILA-Lite-2B-SYNTHETIC_MIX_5PCT_2M-20260226_023301/checkpoint-6250,obj2_farther,output/phasevar_5/0009_phA07_phB02.png,Is the yellow cube farther from the camera than the green sphere? Answer with yes or no.,No,Yes,21.21875,20.6875,False
/data/shared/Qwen/mydisk/output/SYNTHETIC/NVILA-Lite-2B-SYNTHETIC_MIX_5PCT_2M-20260226_023301/checkpoint-6250,obj2_farther,output/phasevar_5/0009_phA07_phB03.png,Is the yellow cube farther from the camera than the green sphere? Answer with yes or no.,No,Yes,20.734375,19.953125,False
/data/shared/Qwen/mydisk/output/SYNTHETIC/NVILA-Lite-2B-SYNTHETIC_MIX_5PCT_2M-20260226_023301/checkpoint-6250,obj2_farther,output/phasevar_5/0009_phA07_phB04.png,Is the yellow cube farther from the camera than the green sphere? Answer with yes or no.,No,No,19.484375,19.6875,True
/data/shared/Qwen/mydisk/output/SYNTHETIC/NVILA-Lite-2B-SYNTHETIC_MIX_5PCT_2M-20260226_023301/checkpoint-6250,obj2_farther,output/phasevar_5/0009_phA07_phB05.png,Is the yellow cube farther from the camera than the green sphere? Answer with yes or no.,No,No,19.796875,19.9375,True
/data/shared/Qwen/mydisk/output/SYNTHETIC/NVILA-Lite-2B-SYNTHETIC_MIX_5PCT_2M-20260226_023301/checkpoint-6250,obj2_farther,output/phasevar_5/0009_phA07_phB06.png,Is the yellow cube farther from the camera than the green sphere? Answer with yes or no.,No,No,19.671875,19.828125,True
/data/shared/Qwen/mydisk/output/SYNTHETIC/NVILA-Lite-2B-SYNTHETIC_MIX_5PCT_2M-20260226_023301/checkpoint-6250,obj2_farther,output/phasevar_5/0009_phA07_phB07.png,Is the yellow cube farther from the camera than the green sphere? Answer with yes or no.,No,No,19.25,19.859375,True
/data/shared/Qwen/mydisk/output/SYNTHETIC/NVILA-Lite-2B-SYNTHETIC_MIX_5PCT_2M-20260226_023301/checkpoint-6250,obj2_farther,output/phasevar_5/0009_phA07_phB08.png,Is the yellow cube farther from the camera than the green sphere? Answer with yes or no.,No,No,19.390625,20.15625,True
/data/shared/Qwen/mydisk/output/SYNTHETIC/NVILA-Lite-2B-SYNTHETIC_MIX_5PCT_2M-20260226_023301/checkpoint-6250,obj2_farther,output/phasevar_5/0009_phA07_phB09.png,Is the yellow cube farther from the camera than the green sphere? Answer with yes or no.,No,No,19.53125,20.296875,True
/data/shared/Qwen/mydisk/output/SYNTHETIC/NVILA-Lite-2B-SYNTHETIC_MIX_5PCT_2M-20260226_023301/checkpoint-6250,obj2_farther,output/phasevar_5/0009_phA07_phB10.png,Is the yellow cube farther from the camera than the green sphere? Answer with yes or no.,No,No,20.375,20.953125,True
/data/shared/Qwen/mydisk/output/SYNTHETIC/NVILA-Lite-2B-SYNTHETIC_MIX_5PCT_2M-20260226_023301/checkpoint-6250,obj2_farther,output/phasevar_5/0009_phA07_phB11.png,Is the yellow cube farther from the camera than the green sphere? Answer with yes or no.,No,No,20.09375,20.953125,True
/data/shared/Qwen/mydisk/output/SYNTHETIC/NVILA-Lite-2B-SYNTHETIC_MIX_5PCT_2M-20260226_023301/checkpoint-6250,obj2_farther,output/phasevar_5/0009_phA07_phB12.png,Is the yellow cube farther from the camera than the green sphere? Answer with yes or no.,No,No,19.953125,20.765625,True
/data/shared/Qwen/mydisk/output/SYNTHETIC/NVILA-Lite-2B-SYNTHETIC_MIX_5PCT_2M-20260226_023301/checkpoint-6250,obj2_farther,output/phasevar_5/0009_phA07_phB13.png,Is the yellow cube farther from the camera than the green sphere? Answer with yes or no.,No,No,20.09375,20.71875,True
/data/shared/Qwen/mydisk/output/SYNTHETIC/NVILA-Lite-2B-SYNTHETIC_MIX_5PCT_2M-20260226_023301/checkpoint-6250,obj2_farther,output/phasevar_5/0009_phA07_phB14.png,Is the yellow cube farther from the camera than the green sphere? Answer with yes or no.,No,No,19.875,20.40625,True
/data/shared/Qwen/mydisk/output/SYNTHETIC/NVILA-Lite-2B-SYNTHETIC_MIX_5PCT_2M-20260226_023301/checkpoint-6250,obj2_farther,output/phasevar_5/0009_phA07_phB15.png,Is the yellow cube farther from the camera than the green sphere? Answer with yes or no.,No,Yes,20.46875,20.25,False
/data/shared/Qwen/mydisk/output/SYNTHETIC/NVILA-Lite-2B-SYNTHETIC_MIX_5PCT_2M-20260226_023301/checkpoint-6250,obj2_farther,output/phasevar_5/0009_phA08_phB00.png,Is the yellow cube farther from the camera than the green sphere? Answer with yes or no.,No,No,19.625,19.75,True
/data/shared/Qwen/mydisk/output/SYNTHETIC/NVILA-Lite-2B-SYNTHETIC_MIX_5PCT_2M-20260226_023301/checkpoint-6250,obj2_farther,output/phasevar_5/0009_phA08_phB01.png,Is the yellow cube farther from the camera than the green sphere? Answer with yes or no.,No,Yes,20.6875,20.359375,False
/data/shared/Qwen/mydisk/output/SYNTHETIC/NVILA-Lite-2B-SYNTHETIC_MIX_5PCT_2M-20260226_023301/checkpoint-6250,obj2_farther,output/phasevar_5/0009_phA08_phB02.png,Is the yellow cube farther from the camera than the green sphere? Answer with yes or no.,No,Yes,21.46875,20.796875,False
/data/shared/Qwen/mydisk/output/SYNTHETIC/NVILA-Lite-2B-SYNTHETIC_MIX_5PCT_2M-20260226_023301/checkpoint-6250,obj2_farther,output/phasevar_5/0009_phA08_phB03.png,Is the yellow cube farther from the camera than the green sphere? Answer with yes or no.,No,Yes,20.953125,20.046875,False
/data/shared/Qwen/mydisk/output/SYNTHETIC/NVILA-Lite-2B-SYNTHETIC_MIX_5PCT_2M-20260226_023301/checkpoint-6250,obj2_farther,output/phasevar_5/0009_phA08_phB04.png,Is the yellow cube farther from the camera than the green sphere? Answer with yes or no.,No,No,19.796875,19.859375,True
/data/shared/Qwen/mydisk/output/SYNTHETIC/NVILA-Lite-2B-SYNTHETIC_MIX_5PCT_2M-20260226_023301/checkpoint-6250,obj2_farther,output/phasevar_5/0009_phA08_phB05.png,Is the yellow cube farther from the camera than the green sphere? Answer with yes or no.,No,No,20.15625,20.171875,True
/data/shared/Qwen/mydisk/output/SYNTHETIC/NVILA-Lite-2B-SYNTHETIC_MIX_5PCT_2M-20260226_023301/checkpoint-6250,obj2_farther,output/phasevar_5/0009_phA08_phB06.png,Is the yellow cube farther from the camera than the green sphere? Answer with yes or no.,No,Yes,20.0,19.96875,False
/data/shared/Qwen/mydisk/output/SYNTHETIC/NVILA-Lite-2B-SYNTHETIC_MIX_5PCT_2M-20260226_023301/checkpoint-6250,obj2_farther,output/phasevar_5/0009_phA08_phB07.png,Is the yellow cube farther from the camera than the green sphere? Answer with yes or no.,No,No,19.34375,19.734375,True
/data/shared/Qwen/mydisk/output/SYNTHETIC/NVILA-Lite-2B-SYNTHETIC_MIX_5PCT_2M-20260226_023301/checkpoint-6250,obj2_farther,output/phasevar_5/0009_phA08_phB08.png,Is the yellow cube farther from the camera than the green sphere? Answer with yes or no.,No,No,19.390625,20.09375,True
/data/shared/Qwen/mydisk/output/SYNTHETIC/NVILA-Lite-2B-SYNTHETIC_MIX_5PCT_2M-20260226_023301/checkpoint-6250,obj2_farther,output/phasevar_5/0009_phA08_phB09.png,Is the yellow cube farther from the camera than the green sphere? Answer with yes or no.,No,No,19.46875,20.296875,True
/data/shared/Qwen/mydisk/output/SYNTHETIC/NVILA-Lite-2B-SYNTHETIC_MIX_5PCT_2M-20260226_023301/checkpoint-6250,obj2_farther,output/phasevar_5/0009_phA08_phB10.png,Is the yellow cube farther from the camera than the green sphere? Answer with yes or no.,No,No,20.328125,20.921875,True
/data/shared/Qwen/mydisk/output/SYNTHETIC/NVILA-Lite-2B-SYNTHETIC_MIX_5PCT_2M-20260226_023301/checkpoint-6250,obj2_farther,output/phasevar_5/0009_phA08_phB11.png,Is the yellow cube farther from the camera than the green sphere? Answer with yes or no.,No,No,19.734375,20.78125,True
/data/shared/Qwen/mydisk/output/SYNTHETIC/NVILA-Lite-2B-SYNTHETIC_MIX_5PCT_2M-20260226_023301/checkpoint-6250,obj2_farther,output/phasevar_5/0009_phA08_phB12.png,Is the yellow cube farther from the camera than the green sphere? Answer with yes or no.,No,No,19.75,20.703125,True
/data/shared/Qwen/mydisk/output/SYNTHETIC/NVILA-Lite-2B-SYNTHETIC_MIX_5PCT_2M-20260226_023301/checkpoint-6250,obj2_farther,output/phasevar_5/0009_phA08_phB13.png,Is the yellow cube farther from the camera than the green sphere? Answer with yes or no.,No,No,19.890625,20.625,True
/data/shared/Qwen/mydisk/output/SYNTHETIC/NVILA-Lite-2B-SYNTHETIC_MIX_5PCT_2M-20260226_023301/checkpoint-6250,obj2_farther,output/phasevar_5/0009_phA08_phB14.png,Is the yellow cube farther from the camera than the green sphere? Answer with yes or no.,No,No,19.96875,20.5,True
/data/shared/Qwen/mydisk/output/SYNTHETIC/NVILA-Lite-2B-SYNTHETIC_MIX_5PCT_2M-20260226_023301/checkpoint-6250,obj2_farther,output/phasevar_5/0009_phA08_phB15.png,Is the yellow cube farther from the camera than the green sphere? Answer with yes or no.,No,Yes,20.46875,20.25,False
/data/shared/Qwen/mydisk/output/SYNTHETIC/NVILA-Lite-2B-SYNTHETIC_MIX_5PCT_2M-20260226_023301/checkpoint-6250,obj2_farther,output/phasevar_5/0009_phA09_phB00.png,Is the yellow cube farther from the camera than the green sphere? Answer with yes or no.,No,Yes,19.84375,19.671875,False
/data/shared/Qwen/mydisk/output/SYNTHETIC/NVILA-Lite-2B-SYNTHETIC_MIX_5PCT_2M-20260226_023301/checkpoint-6250,obj2_farther,output/phasevar_5/0009_phA09_phB01.png,Is the yellow cube farther from the camera than the green sphere? Answer with yes or no.,No,Yes,21.078125,20.375,False
/data/shared/Qwen/mydisk/output/SYNTHETIC/NVILA-Lite-2B-SYNTHETIC_MIX_5PCT_2M-20260226_023301/checkpoint-6250,obj2_farther,output/phasevar_5/0009_phA09_phB02.png,Is the yellow cube farther from the camera than the green sphere? Answer with yes or no.,No,Yes,21.796875,20.765625,False
/data/shared/Qwen/mydisk/output/SYNTHETIC/NVILA-Lite-2B-SYNTHETIC_MIX_5PCT_2M-20260226_023301/checkpoint-6250,obj2_farther,output/phasevar_5/0009_phA09_phB03.png,Is the yellow cube farther from the camera than the green sphere? Answer with yes or no.,No,Yes,21.125,20.0,False
/data/shared/Qwen/mydisk/output/SYNTHETIC/NVILA-Lite-2B-SYNTHETIC_MIX_5PCT_2M-20260226_023301/checkpoint-6250,obj2_farther,output/phasevar_5/0009_phA09_phB04.png,Is the yellow cube farther from the camera than the green sphere? Answer with yes or no.,No,Yes,20.0,19.765625,False
/data/shared/Qwen/mydisk/output/SYNTHETIC/NVILA-Lite-2B-SYNTHETIC_MIX_5PCT_2M-20260226_023301/checkpoint-6250,obj2_farther,output/phasevar_5/0009_phA09_phB05.png,Is the yellow cube farther from the camera than the green sphere? Answer with yes or no.,No,Yes,20.3125,19.984375,False
/data/shared/Qwen/mydisk/output/SYNTHETIC/NVILA-Lite-2B-SYNTHETIC_MIX_5PCT_2M-20260226_023301/checkpoint-6250,obj2_farther,output/phasevar_5/0009_phA09_phB06.png,Is the yellow cube farther from the camera than the green sphere? Answer with yes or no.,No,Yes,20.078125,19.859375,False
/data/shared/Qwen/mydisk/output/SYNTHETIC/NVILA-Lite-2B-SYNTHETIC_MIX_5PCT_2M-20260226_023301/checkpoint-6250,obj2_farther,output/phasevar_5/0009_phA09_phB07.png,Is the yellow cube farther from the camera than the green sphere? Answer with yes or no.,No,No,19.515625,19.59375,True
/data/shared/Qwen/mydisk/output/SYNTHETIC/NVILA-Lite-2B-SYNTHETIC_MIX_5PCT_2M-20260226_023301/checkpoint-6250,obj2_farther,output/phasevar_5/0009_phA09_phB08.png,Is the yellow cube farther from the camera than the green sphere? Answer with yes or no.,No,No,19.4375,19.90625,True
/data/shared/Qwen/mydisk/output/SYNTHETIC/NVILA-Lite-2B-SYNTHETIC_MIX_5PCT_2M-20260226_023301/checkpoint-6250,obj2_farther,output/phasevar_5/0009_phA09_phB09.png,Is the yellow cube farther from the camera than the green sphere? Answer with yes or no.,No,No,19.484375,20.21875,True
/data/shared/Qwen/mydisk/output/SYNTHETIC/NVILA-Lite-2B-SYNTHETIC_MIX_5PCT_2M-20260226_023301/checkpoint-6250,obj2_farther,output/phasevar_5/0009_phA09_phB10.png,Is the yellow cube farther from the camera than the green sphere? Answer with yes or no.,No,No,20.109375,20.765625,True
/data/shared/Qwen/mydisk/output/SYNTHETIC/NVILA-Lite-2B-SYNTHETIC_MIX_5PCT_2M-20260226_023301/checkpoint-6250,obj2_farther,output/phasevar_5/0009_phA09_phB11.png,Is the yellow cube farther from the camera than the green sphere? Answer with yes or no.,No,No,19.5,20.5,True
/data/shared/Qwen/mydisk/output/SYNTHETIC/NVILA-Lite-2B-SYNTHETIC_MIX_5PCT_2M-20260226_023301/checkpoint-6250,obj2_farther,output/phasevar_5/0009_phA09_phB12.png,Is the yellow cube farther from the camera than the green sphere? Answer with yes or no.,No,No,19.46875,20.359375,True
/data/shared/Qwen/mydisk/output/SYNTHETIC/NVILA-Lite-2B-SYNTHETIC_MIX_5PCT_2M-20260226_023301/checkpoint-6250,obj2_farther,output/phasevar_5/0009_phA09_phB13.png,Is the yellow cube farther from the camera than the green sphere? Answer with yes or no.,No,No,19.75,20.21875,True
/data/shared/Qwen/mydisk/output/SYNTHETIC/NVILA-Lite-2B-SYNTHETIC_MIX_5PCT_2M-20260226_023301/checkpoint-6250,obj2_farther,output/phasevar_5/0009_phA09_phB14.png,Is the yellow cube farther from the camera than the green sphere? Answer with yes or no.,No,No,20.015625,20.40625,True
/data/shared/Qwen/mydisk/output/SYNTHETIC/NVILA-Lite-2B-SYNTHETIC_MIX_5PCT_2M-20260226_023301/checkpoint-6250,obj2_farther,output/phasevar_5/0009_phA09_phB15.png,Is the yellow cube farther from the camera than the green sphere? Answer with yes or no.,No,Yes,20.609375,20.203125,False
/data/shared/Qwen/mydisk/output/SYNTHETIC/NVILA-Lite-2B-SYNTHETIC_MIX_5PCT_2M-20260226_023301/checkpoint-6250,obj2_farther,output/phasevar_5/0009_phA10_phB00.png,Is the yellow cube farther from the camera than the green sphere? Answer with yes or no.,No,Yes,20.390625,19.921875,False
/data/shared/Qwen/mydisk/output/SYNTHETIC/NVILA-Lite-2B-SYNTHETIC_MIX_5PCT_2M-20260226_023301/checkpoint-6250,obj2_farther,output/phasevar_5/0009_phA10_phB01.png,Is the yellow cube farther from the camera than the green sphere? Answer with yes or no.,No,Yes,21.484375,20.375,False
/data/shared/Qwen/mydisk/output/SYNTHETIC/NVILA-Lite-2B-SYNTHETIC_MIX_5PCT_2M-20260226_023301/checkpoint-6250,obj2_farther,output/phasevar_5/0009_phA10_phB02.png,Is the yellow cube farther from the camera than the green sphere? Answer with yes or no.,No,Yes,22.109375,20.703125,False
/data/shared/Qwen/mydisk/output/SYNTHETIC/NVILA-Lite-2B-SYNTHETIC_MIX_5PCT_2M-20260226_023301/checkpoint-6250,obj2_farther,output/phasevar_5/0009_phA10_phB03.png,Is the yellow cube farther from the camera than the green sphere? Answer with yes or no.,No,Yes,21.34375,19.90625,False
/data/shared/Qwen/mydisk/output/SYNTHETIC/NVILA-Lite-2B-SYNTHETIC_MIX_5PCT_2M-20260226_023301/checkpoint-6250,obj2_farther,output/phasevar_5/0009_phA10_phB04.png,Is the yellow cube farther from the camera than the green sphere? Answer with yes or no.,No,Yes,20.0625,19.609375,False
/data/shared/Qwen/mydisk/output/SYNTHETIC/NVILA-Lite-2B-SYNTHETIC_MIX_5PCT_2M-20260226_023301/checkpoint-6250,obj2_farther,output/phasevar_5/0009_phA10_phB05.png,Is the yellow cube farther from the camera than the green sphere? Answer with yes or no.,No,Yes,20.328125,19.78125,False
/data/shared/Qwen/mydisk/output/SYNTHETIC/NVILA-Lite-2B-SYNTHETIC_MIX_5PCT_2M-20260226_023301/checkpoint-6250,obj2_farther,output/phasevar_5/0009_phA10_phB06.png,Is the yellow cube farther from the camera than the green sphere? Answer with yes or no.,No,Yes,20.40625,19.828125,False
/data/shared/Qwen/mydisk/output/SYNTHETIC/NVILA-Lite-2B-SYNTHETIC_MIX_5PCT_2M-20260226_023301/checkpoint-6250,obj2_farther,output/phasevar_5/0009_phA10_phB07.png,Is the yellow cube farther from the camera than the green sphere? Answer with yes or no.,No,Yes,19.90625,19.65625,False
/data/shared/Qwen/mydisk/output/SYNTHETIC/NVILA-Lite-2B-SYNTHETIC_MIX_5PCT_2M-20260226_023301/checkpoint-6250,obj2_farther,output/phasevar_5/0009_phA10_phB08.png,Is the yellow cube farther from the camera than the green sphere? Answer with yes or no.,No,No,19.65625,19.703125,True
/data/shared/Qwen/mydisk/output/SYNTHETIC/NVILA-Lite-2B-SYNTHETIC_MIX_5PCT_2M-20260226_023301/checkpoint-6250,obj2_farther,output/phasevar_5/0009_phA10_phB09.png,Is the yellow cube farther from the camera than the green sphere? Answer with yes or no.,No,No,19.515625,20.015625,True
/data/shared/Qwen/mydisk/output/SYNTHETIC/NVILA-Lite-2B-SYNTHETIC_MIX_5PCT_2M-20260226_023301/checkpoint-6250,obj2_farther,output/phasevar_5/0009_phA10_phB10.png,Is the yellow cube farther from the camera than the green sphere? Answer with yes or no.,No,No,20.171875,20.96875,True
/data/shared/Qwen/mydisk/output/SYNTHETIC/NVILA-Lite-2B-SYNTHETIC_MIX_5PCT_2M-20260226_023301/checkpoint-6250,obj2_farther,output/phasevar_5/0009_phA10_phB11.png,Is the yellow cube farther from the camera than the green sphere? Answer with yes or no.,No,No,19.40625,20.59375,True
/data/shared/Qwen/mydisk/output/SYNTHETIC/NVILA-Lite-2B-SYNTHETIC_MIX_5PCT_2M-20260226_023301/checkpoint-6250,obj2_farther,output/phasevar_5/0009_phA10_phB12.png,Is the yellow cube farther from the camera than the green sphere? Answer with yes or no.,No,No,19.4375,20.40625,True
/data/shared/Qwen/mydisk/output/SYNTHETIC/NVILA-Lite-2B-SYNTHETIC_MIX_5PCT_2M-20260226_023301/checkpoint-6250,obj2_farther,output/phasevar_5/0009_phA10_phB13.png,Is the yellow cube farther from the camera than the green sphere? Answer with yes or no.,No,No,19.625,20.171875,True
/data/shared/Qwen/mydisk/output/SYNTHETIC/NVILA-Lite-2B-SYNTHETIC_MIX_5PCT_2M-20260226_023301/checkpoint-6250,obj2_farther,output/phasevar_5/0009_phA10_phB14.png,Is the yellow cube farther from the camera than the green sphere? Answer with yes or no.,No,No,20.140625,20.53125,True
/data/shared/Qwen/mydisk/output/SYNTHETIC/NVILA-Lite-2B-SYNTHETIC_MIX_5PCT_2M-20260226_023301/checkpoint-6250,obj2_farther,output/phasevar_5/0009_phA10_phB15.png,Is the yellow cube farther from the camera than the green sphere? Answer with yes or no.,No,Yes,21.203125,20.40625,False
/data/shared/Qwen/mydisk/output/SYNTHETIC/NVILA-Lite-2B-SYNTHETIC_MIX_5PCT_2M-20260226_023301/checkpoint-6250,obj2_farther,output/phasevar_5/0009_phA11_phB00.png,Is the yellow cube farther from the camera than the green sphere? Answer with yes or no.,No,Yes,20.28125,19.875,False
/data/shared/Qwen/mydisk/output/SYNTHETIC/NVILA-Lite-2B-SYNTHETIC_MIX_5PCT_2M-20260226_023301/checkpoint-6250,obj2_farther,output/phasevar_5/0009_phA11_phB01.png,Is the yellow cube farther from the camera than the green sphere? Answer with yes or no.,No,Yes,21.40625,20.3125,False
/data/shared/Qwen/mydisk/output/SYNTHETIC/NVILA-Lite-2B-SYNTHETIC_MIX_5PCT_2M-20260226_023301/checkpoint-6250,obj2_farther,output/phasevar_5/0009_phA11_phB02.png,Is the yellow cube farther from the camera than the green sphere? Answer with yes or no.,No,Yes,21.84375,20.828125,False
/data/shared/Qwen/mydisk/output/SYNTHETIC/NVILA-Lite-2B-SYNTHETIC_MIX_5PCT_2M-20260226_023301/checkpoint-6250,obj2_farther,output/phasevar_5/0009_phA11_phB03.png,Is the yellow cube farther from the camera than the green sphere? Answer with yes or no.,No,Yes,21.203125,19.9375,False
/data/shared/Qwen/mydisk/output/SYNTHETIC/NVILA-Lite-2B-SYNTHETIC_MIX_5PCT_2M-20260226_023301/checkpoint-6250,obj2_farther,output/phasevar_5/0009_phA11_phB04.png,Is the yellow cube farther from the camera than the green sphere? Answer with yes or no.,No,Yes,19.984375,19.640625,False
/data/shared/Qwen/mydisk/output/SYNTHETIC/NVILA-Lite-2B-SYNTHETIC_MIX_5PCT_2M-20260226_023301/checkpoint-6250,obj2_farther,output/phasevar_5/0009_phA11_phB05.png,Is the yellow cube farther from the camera than the green sphere? Answer with yes or no.,No,Yes,20.546875,19.953125,False
/data/shared/Qwen/mydisk/output/SYNTHETIC/NVILA-Lite-2B-SYNTHETIC_MIX_5PCT_2M-20260226_023301/checkpoint-6250,obj2_farther,output/phasevar_5/0009_phA11_phB06.png,Is the yellow cube farther from the camera than the green sphere? Answer with yes or no.,No,Yes,20.53125,19.859375,False
/data/shared/Qwen/mydisk/output/SYNTHETIC/NVILA-Lite-2B-SYNTHETIC_MIX_5PCT_2M-20260226_023301/checkpoint-6250,obj2_farther,output/phasevar_5/0009_phA11_phB07.png,Is the yellow cube farther from the camera than the green sphere? Answer with yes or no.,No,Yes,19.875,19.546875,False
/data/shared/Qwen/mydisk/output/SYNTHETIC/NVILA-Lite-2B-SYNTHETIC_MIX_5PCT_2M-20260226_023301/checkpoint-6250,obj2_farther,output/phasevar_5/0009_phA11_phB08.png,Is the yellow cube farther from the camera than the green sphere? Answer with yes or no.,No,No,19.625,19.71875,True
/data/shared/Qwen/mydisk/output/SYNTHETIC/NVILA-Lite-2B-SYNTHETIC_MIX_5PCT_2M-20260226_023301/checkpoint-6250,obj2_farther,output/phasevar_5/0009_phA11_phB09.png,Is the yellow cube farther from the camera than the green sphere? Answer with yes or no.,No,No,19.5,19.78125,True
/data/shared/Qwen/mydisk/output/SYNTHETIC/NVILA-Lite-2B-SYNTHETIC_MIX_5PCT_2M-20260226_023301/checkpoint-6250,obj2_farther,output/phasevar_5/0009_phA11_phB10.png,Is the yellow cube farther from the camera than the green sphere? Answer with yes or no.,No,No,20.28125,20.890625,True
/data/shared/Qwen/mydisk/output/SYNTHETIC/NVILA-Lite-2B-SYNTHETIC_MIX_5PCT_2M-20260226_023301/checkpoint-6250,obj2_farther,output/phasevar_5/0009_phA11_phB11.png,Is the yellow cube farther from the camera than the green sphere? Answer with yes or no.,No,No,19.390625,20.359375,True
/data/shared/Qwen/mydisk/output/SYNTHETIC/NVILA-Lite-2B-SYNTHETIC_MIX_5PCT_2M-20260226_023301/checkpoint-6250,obj2_farther,output/phasevar_5/0009_phA11_phB12.png,Is the yellow cube farther from the camera than the green sphere? Answer with yes or no.,No,No,19.234375,20.234375,True
/data/shared/Qwen/mydisk/output/SYNTHETIC/NVILA-Lite-2B-SYNTHETIC_MIX_5PCT_2M-20260226_023301/checkpoint-6250,obj2_farther,output/phasevar_5/0009_phA11_phB13.png,Is the yellow cube farther from the camera than the green sphere? Answer with yes or no.,No,No,19.421875,20.078125,True
/data/shared/Qwen/mydisk/output/SYNTHETIC/NVILA-Lite-2B-SYNTHETIC_MIX_5PCT_2M-20260226_023301/checkpoint-6250,obj2_farther,output/phasevar_5/0009_phA11_phB14.png,Is the yellow cube farther from the camera than the green sphere? Answer with yes or no.,No,No,20.140625,20.65625,True
/data/shared/Qwen/mydisk/output/SYNTHETIC/NVILA-Lite-2B-SYNTHETIC_MIX_5PCT_2M-20260226_023301/checkpoint-6250,obj2_farther,output/phasevar_5/0009_phA11_phB15.png,Is the yellow cube farther from the camera than the green sphere? Answer with yes or no.,No,Yes,21.125,20.34375,False
/data/shared/Qwen/mydisk/output/SYNTHETIC/NVILA-Lite-2B-SYNTHETIC_MIX_5PCT_2M-20260226_023301/checkpoint-6250,obj2_farther,output/phasevar_5/0009_phA12_phB00.png,Is the yellow cube farther from the camera than the green sphere? Answer with yes or no.,No,Yes,20.71875,20.03125,False
/data/shared/Qwen/mydisk/output/SYNTHETIC/NVILA-Lite-2B-SYNTHETIC_MIX_5PCT_2M-20260226_023301/checkpoint-6250,obj2_farther,output/phasevar_5/0009_phA12_phB01.png,Is the yellow cube farther from the camera than the green sphere? Answer with yes or no.,No,Yes,21.6875,20.28125,False
/data/shared/Qwen/mydisk/output/SYNTHETIC/NVILA-Lite-2B-SYNTHETIC_MIX_5PCT_2M-20260226_023301/checkpoint-6250,obj2_farther,output/phasevar_5/0009_phA12_phB02.png,Is the yellow cube farther from the camera than the green sphere? Answer with yes or no.,No,Yes,21.953125,20.71875,False
/data/shared/Qwen/mydisk/output/SYNTHETIC/NVILA-Lite-2B-SYNTHETIC_MIX_5PCT_2M-20260226_023301/checkpoint-6250,obj2_farther,output/phasevar_5/0009_phA12_phB03.png,Is the yellow cube farther from the camera than the green sphere? Answer with yes or no.,No,Yes,21.28125,19.875,False
/data/shared/Qwen/mydisk/output/SYNTHETIC/NVILA-Lite-2B-SYNTHETIC_MIX_5PCT_2M-20260226_023301/checkpoint-6250,obj2_farther,output/phasevar_5/0009_phA12_phB04.png,Is the yellow cube farther from the camera than the green sphere? Answer with yes or no.,No,Yes,20.109375,19.5625,False
/data/shared/Qwen/mydisk/output/SYNTHETIC/NVILA-Lite-2B-SYNTHETIC_MIX_5PCT_2M-20260226_023301/checkpoint-6250,obj2_farther,output/phasevar_5/0009_phA12_phB05.png,Is the yellow cube farther from the camera than the green sphere? Answer with yes or no.,No,Yes,20.75,19.9375,False
/data/shared/Qwen/mydisk/output/SYNTHETIC/NVILA-Lite-2B-SYNTHETIC_MIX_5PCT_2M-20260226_023301/checkpoint-6250,obj2_farther,output/phasevar_5/0009_phA12_phB06.png,Is the yellow cube farther from the camera than the green sphere? Answer with yes or no.,No,Yes,20.703125,19.8125,False
/data/shared/Qwen/mydisk/output/SYNTHETIC/NVILA-Lite-2B-SYNTHETIC_MIX_5PCT_2M-20260226_023301/checkpoint-6250,obj2_farther,output/phasevar_5/0009_phA12_phB07.png,Is the yellow cube farther from the camera than the green sphere? Answer with yes or no.,No,Yes,20.09375,19.59375,False
/data/shared/Qwen/mydisk/output/SYNTHETIC/NVILA-Lite-2B-SYNTHETIC_MIX_5PCT_2M-20260226_023301/checkpoint-6250,obj2_farther,output/phasevar_5/0009_phA12_phB08.png,Is the yellow cube farther from the camera than the green sphere? Answer with yes or no.,No,Yes,19.765625,19.625,False
/data/shared/Qwen/mydisk/output/SYNTHETIC/NVILA-Lite-2B-SYNTHETIC_MIX_5PCT_2M-20260226_023301/checkpoint-6250,obj2_farther,output/phasevar_5/0009_phA12_phB09.png,Is the yellow cube farther from the camera than the green sphere? Answer with yes or no.,No,Yes,19.65625,19.609375,False
/data/shared/Qwen/mydisk/output/SYNTHETIC/NVILA-Lite-2B-SYNTHETIC_MIX_5PCT_2M-20260226_023301/checkpoint-6250,obj2_farther,output/phasevar_5/0009_phA12_phB10.png,Is the yellow cube farther from the camera than the green sphere? Answer with yes or no.,No,No,20.484375,20.8125,True
/data/shared/Qwen/mydisk/output/SYNTHETIC/NVILA-Lite-2B-SYNTHETIC_MIX_5PCT_2M-20260226_023301/checkpoint-6250,obj2_farther,output/phasevar_5/0009_phA12_phB11.png,Is the yellow cube farther from the camera than the green sphere? Answer with yes or no.,No,No,19.625,20.515625,True
/data/shared/Qwen/mydisk/output/SYNTHETIC/NVILA-Lite-2B-SYNTHETIC_MIX_5PCT_2M-20260226_023301/checkpoint-6250,obj2_farther,output/phasevar_5/0009_phA12_phB12.png,Is the yellow cube farther from the camera than the green sphere? Answer with yes or no.,No,No,19.34375,20.328125,True
/data/shared/Qwen/mydisk/output/SYNTHETIC/NVILA-Lite-2B-SYNTHETIC_MIX_5PCT_2M-20260226_023301/checkpoint-6250,obj2_farther,output/phasevar_5/0009_phA12_phB13.png,Is the yellow cube farther from the camera than the green sphere? Answer with yes or no.,No,No,19.578125,20.015625,True
/data/shared/Qwen/mydisk/output/SYNTHETIC/NVILA-Lite-2B-SYNTHETIC_MIX_5PCT_2M-20260226_023301/checkpoint-6250,obj2_farther,output/phasevar_5/0009_phA12_phB14.png,Is the yellow cube farther from the camera than the green sphere? Answer with yes or no.,No,No,20.5,20.734375,True
/data/shared/Qwen/mydisk/output/SYNTHETIC/NVILA-Lite-2B-SYNTHETIC_MIX_5PCT_2M-20260226_023301/checkpoint-6250,obj2_farther,output/phasevar_5/0009_phA12_phB15.png,Is the yellow cube farther from the camera than the green sphere? Answer with yes or no.,No,Yes,21.515625,20.4375,False
/data/shared/Qwen/mydisk/output/SYNTHETIC/NVILA-Lite-2B-SYNTHETIC_MIX_5PCT_2M-20260226_023301/checkpoint-6250,obj2_farther,output/phasevar_5/0009_phA13_phB00.png,Is the yellow cube farther from the camera than the green sphere? Answer with yes or no.,No,Yes,20.59375,19.921875,False
/data/shared/Qwen/mydisk/output/SYNTHETIC/NVILA-Lite-2B-SYNTHETIC_MIX_5PCT_2M-20260226_023301/checkpoint-6250,obj2_farther,output/phasevar_5/0009_phA13_phB01.png,Is the yellow cube farther from the camera than the green sphere? Answer with yes or no.,No,Yes,21.609375,20.3125,False
/data/shared/Qwen/mydisk/output/SYNTHETIC/NVILA-Lite-2B-SYNTHETIC_MIX_5PCT_2M-20260226_023301/checkpoint-6250,obj2_farther,output/phasevar_5/0009_phA13_phB02.png,Is the yellow cube farther from the camera than the green sphere? Answer with yes or no.,No,Yes,21.75,20.71875,False
/data/shared/Qwen/mydisk/output/SYNTHETIC/NVILA-Lite-2B-SYNTHETIC_MIX_5PCT_2M-20260226_023301/checkpoint-6250,obj2_farther,output/phasevar_5/0009_phA13_phB03.png,Is the yellow cube farther from the camera than the green sphere? Answer with yes or no.,No,Yes,21.046875,19.828125,False
/data/shared/Qwen/mydisk/output/SYNTHETIC/NVILA-Lite-2B-SYNTHETIC_MIX_5PCT_2M-20260226_023301/checkpoint-6250,obj2_farther,output/phasevar_5/0009_phA13_phB04.png,Is the yellow cube farther from the camera than the green sphere? Answer with yes or no.,No,Yes,20.078125,19.625,False
/data/shared/Qwen/mydisk/output/SYNTHETIC/NVILA-Lite-2B-SYNTHETIC_MIX_5PCT_2M-20260226_023301/checkpoint-6250,obj2_farther,output/phasevar_5/0009_phA13_phB05.png,Is the yellow cube farther from the camera than the green sphere? Answer with yes or no.,No,Yes,20.609375,19.96875,False
/data/shared/Qwen/mydisk/output/SYNTHETIC/NVILA-Lite-2B-SYNTHETIC_MIX_5PCT_2M-20260226_023301/checkpoint-6250,obj2_farther,output/phasevar_5/0009_phA13_phB06.png,Is the yellow cube farther from the camera than the green sphere? Answer with yes or no.,No,Yes,20.59375,19.796875,False
/data/shared/Qwen/mydisk/output/SYNTHETIC/NVILA-Lite-2B-SYNTHETIC_MIX_5PCT_2M-20260226_023301/checkpoint-6250,obj2_farther,output/phasevar_5/0009_phA13_phB07.png,Is the yellow cube farther from the camera than the green sphere? Answer with yes or no.,No,Yes,19.953125,19.640625,False
/data/shared/Qwen/mydisk/output/SYNTHETIC/NVILA-Lite-2B-SYNTHETIC_MIX_5PCT_2M-20260226_023301/checkpoint-6250,obj2_farther,output/phasevar_5/0009_phA13_phB08.png,Is the yellow cube farther from the camera than the green sphere? Answer with yes or no.,No,Yes,19.671875,19.65625,False
/data/shared/Qwen/mydisk/output/SYNTHETIC/NVILA-Lite-2B-SYNTHETIC_MIX_5PCT_2M-20260226_023301/checkpoint-6250,obj2_farther,output/phasevar_5/0009_phA13_phB09.png,Is the yellow cube farther from the camera than the green sphere? Answer with yes or no.,No,No,19.59375,19.65625,True
/data/shared/Qwen/mydisk/output/SYNTHETIC/NVILA-Lite-2B-SYNTHETIC_MIX_5PCT_2M-20260226_023301/checkpoint-6250,obj2_farther,output/phasevar_5/0009_phA13_phB10.png,Is the yellow cube farther from the camera than the green sphere? Answer with yes or no.,No,No,20.625,21.046875,True
/data/shared/Qwen/mydisk/output/SYNTHETIC/NVILA-Lite-2B-SYNTHETIC_MIX_5PCT_2M-20260226_023301/checkpoint-6250,obj2_farther,output/phasevar_5/0009_phA13_phB11.png,Is the yellow cube farther from the camera than the green sphere? Answer with yes or no.,No,No,19.78125,20.75,True
/data/shared/Qwen/mydisk/output/SYNTHETIC/NVILA-Lite-2B-SYNTHETIC_MIX_5PCT_2M-20260226_023301/checkpoint-6250,obj2_farther,output/phasevar_5/0009_phA13_phB12.png,Is the yellow cube farther from the camera than the green sphere? Answer with yes or no.,No,No,19.484375,20.671875,True
/data/shared/Qwen/mydisk/output/SYNTHETIC/NVILA-Lite-2B-SYNTHETIC_MIX_5PCT_2M-20260226_023301/checkpoint-6250,obj2_farther,output/phasevar_5/0009_phA13_phB13.png,Is the yellow cube farther from the camera than the green sphere? Answer with yes or no.,No,No,19.375,20.109375,True
/data/shared/Qwen/mydisk/output/SYNTHETIC/NVILA-Lite-2B-SYNTHETIC_MIX_5PCT_2M-20260226_023301/checkpoint-6250,obj2_farther,output/phasevar_5/0009_phA13_phB14.png,Is the yellow cube farther from the camera than the green sphere? Answer with yes or no.,No,No,20.40625,20.84375,True
/data/shared/Qwen/mydisk/output/SYNTHETIC/NVILA-Lite-2B-SYNTHETIC_MIX_5PCT_2M-20260226_023301/checkpoint-6250,obj2_farther,output/phasevar_5/0009_phA13_phB15.png,Is the yellow cube farther from the camera than the green sphere? Answer with yes or no.,No,Yes,21.296875,20.296875,False
/data/shared/Qwen/mydisk/output/SYNTHETIC/NVILA-Lite-2B-SYNTHETIC_MIX_5PCT_2M-20260226_023301/checkpoint-6250,obj2_farther,output/phasevar_5/0009_phA14_phB00.png,Is the yellow cube farther from the camera than the green sphere? Answer with yes or no.,No,Yes,20.28125,20.234375,False
/data/shared/Qwen/mydisk/output/SYNTHETIC/NVILA-Lite-2B-SYNTHETIC_MIX_5PCT_2M-20260226_023301/checkpoint-6250,obj2_farther,output/phasevar_5/0009_phA14_phB01.png,Is the yellow cube farther from the camera than the green sphere? Answer with yes or no.,No,Yes,21.3125,20.59375,False
/data/shared/Qwen/mydisk/output/SYNTHETIC/NVILA-Lite-2B-SYNTHETIC_MIX_5PCT_2M-20260226_023301/checkpoint-6250,obj2_farther,output/phasevar_5/0009_phA14_phB02.png,Is the yellow cube farther from the camera than the green sphere? Answer with yes or no.,No,Yes,21.5,20.953125,False
/data/shared/Qwen/mydisk/output/SYNTHETIC/NVILA-Lite-2B-SYNTHETIC_MIX_5PCT_2M-20260226_023301/checkpoint-6250,obj2_farther,output/phasevar_5/0009_phA14_phB03.png,Is the yellow cube farther from the camera than the green sphere? Answer with yes or no.,No,Yes,20.6875,19.90625,False
/data/shared/Qwen/mydisk/output/SYNTHETIC/NVILA-Lite-2B-SYNTHETIC_MIX_5PCT_2M-20260226_023301/checkpoint-6250,obj2_farther,output/phasevar_5/0009_phA14_phB04.png,Is the yellow cube farther from the camera than the green sphere? Answer with yes or no.,No,Yes,20.140625,19.859375,False
/data/shared/Qwen/mydisk/output/SYNTHETIC/NVILA-Lite-2B-SYNTHETIC_MIX_5PCT_2M-20260226_023301/checkpoint-6250,obj2_farther,output/phasevar_5/0009_phA14_phB05.png,Is the yellow cube farther from the camera than the green sphere? Answer with yes or no.,No,Yes,20.671875,20.234375,False
/data/shared/Qwen/mydisk/output/SYNTHETIC/NVILA-Lite-2B-SYNTHETIC_MIX_5PCT_2M-20260226_023301/checkpoint-6250,obj2_farther,output/phasevar_5/0009_phA14_phB06.png,Is the yellow cube farther from the camera than the green sphere? Answer with yes or no.,No,Yes,20.578125,20.15625,False
/data/shared/Qwen/mydisk/output/SYNTHETIC/NVILA-Lite-2B-SYNTHETIC_MIX_5PCT_2M-20260226_023301/checkpoint-6250,obj2_farther,output/phasevar_5/0009_phA14_phB07.png,Is the yellow cube farther from the camera than the green sphere? Answer with yes or no.,No,Yes,20.234375,20.21875,False
/data/shared/Qwen/mydisk/output/SYNTHETIC/NVILA-Lite-2B-SYNTHETIC_MIX_5PCT_2M-20260226_023301/checkpoint-6250,obj2_farther,output/phasevar_5/0009_phA14_phB08.png,Is the yellow cube farther from the camera than the green sphere? Answer with yes or no.,No,No,20.0,20.28125,True
/data/shared/Qwen/mydisk/output/SYNTHETIC/NVILA-Lite-2B-SYNTHETIC_MIX_5PCT_2M-20260226_023301/checkpoint-6250,obj2_farther,output/phasevar_5/0009_phA14_phB09.png,Is the yellow cube farther from the camera than the green sphere? Answer with yes or no.,No,No,19.921875,20.25,True
/data/shared/Qwen/mydisk/output/SYNTHETIC/NVILA-Lite-2B-SYNTHETIC_MIX_5PCT_2M-20260226_023301/checkpoint-6250,obj2_farther,output/phasevar_5/0009_phA14_phB10.png,Is the yellow cube farther from the camera than the green sphere? Answer with yes or no.,No,No,20.90625,21.703125,True
/data/shared/Qwen/mydisk/output/SYNTHETIC/NVILA-Lite-2B-SYNTHETIC_MIX_5PCT_2M-20260226_023301/checkpoint-6250,obj2_farther,output/phasevar_5/0009_phA14_phB11.png,Is the yellow cube farther from the camera than the green sphere? Answer with yes or no.,No,No,19.984375,21.1875,True
/data/shared/Qwen/mydisk/output/SYNTHETIC/NVILA-Lite-2B-SYNTHETIC_MIX_5PCT_2M-20260226_023301/checkpoint-6250,obj2_farther,output/phasevar_5/0009_phA14_phB12.png,Is the yellow cube farther from the camera than the green sphere? Answer with yes or no.,No,No,19.734375,21.140625,True
/data/shared/Qwen/mydisk/output/SYNTHETIC/NVILA-Lite-2B-SYNTHETIC_MIX_5PCT_2M-20260226_023301/checkpoint-6250,obj2_farther,output/phasevar_5/0009_phA14_phB13.png,Is the yellow cube farther from the camera than the green sphere? Answer with yes or no.,No,No,19.375,20.75,True
/data/shared/Qwen/mydisk/output/SYNTHETIC/NVILA-Lite-2B-SYNTHETIC_MIX_5PCT_2M-20260226_023301/checkpoint-6250,obj2_farther,output/phasevar_5/0009_phA14_phB14.png,Is the yellow cube farther from the camera than the green sphere? Answer with yes or no.,No,No,20.25,21.140625,True
/data/shared/Qwen/mydisk/output/SYNTHETIC/NVILA-Lite-2B-SYNTHETIC_MIX_5PCT_2M-20260226_023301/checkpoint-6250,obj2_farther,output/phasevar_5/0009_phA14_phB15.png,Is the yellow cube farther from the camera than the green sphere? Answer with yes or no.,No,Yes,20.84375,20.296875,False
/data/shared/Qwen/mydisk/output/SYNTHETIC/NVILA-Lite-2B-SYNTHETIC_MIX_5PCT_2M-20260226_023301/checkpoint-6250,obj2_farther,output/phasevar_5/0009_phA15_phB00.png,Is the yellow cube farther from the camera than the green sphere? Answer with yes or no.,No,No,20.0625,20.375,True
/data/shared/Qwen/mydisk/output/SYNTHETIC/NVILA-Lite-2B-SYNTHETIC_MIX_5PCT_2M-20260226_023301/checkpoint-6250,obj2_farther,output/phasevar_5/0009_phA15_phB01.png,Is the yellow cube farther from the camera than the green sphere? Answer with yes or no.,No,Yes,21.125,20.859375,False
/data/shared/Qwen/mydisk/output/SYNTHETIC/NVILA-Lite-2B-SYNTHETIC_MIX_5PCT_2M-20260226_023301/checkpoint-6250,obj2_farther,output/phasevar_5/0009_phA15_phB02.png,Is the yellow cube farther from the camera than the green sphere? Answer with yes or no.,No,Yes,21.4375,21.125,False
/data/shared/Qwen/mydisk/output/SYNTHETIC/NVILA-Lite-2B-SYNTHETIC_MIX_5PCT_2M-20260226_023301/checkpoint-6250,obj2_farther,output/phasevar_5/0009_phA15_phB03.png,Is the yellow cube farther from the camera than the green sphere? Answer with yes or no.,No,Yes,20.5,20.109375,False
/data/shared/Qwen/mydisk/output/SYNTHETIC/NVILA-Lite-2B-SYNTHETIC_MIX_5PCT_2M-20260226_023301/checkpoint-6250,obj2_farther,output/phasevar_5/0009_phA15_phB04.png,Is the yellow cube farther from the camera than the green sphere? Answer with yes or no.,No,No,19.921875,20.171875,True
/data/shared/Qwen/mydisk/output/SYNTHETIC/NVILA-Lite-2B-SYNTHETIC_MIX_5PCT_2M-20260226_023301/checkpoint-6250,obj2_farther,output/phasevar_5/0009_phA15_phB05.png,Is the yellow cube farther from the camera than the green sphere? Answer with yes or no.,No,No,20.546875,20.5625,True
/data/shared/Qwen/mydisk/output/SYNTHETIC/NVILA-Lite-2B-SYNTHETIC_MIX_5PCT_2M-20260226_023301/checkpoint-6250,obj2_farther,output/phasevar_5/0009_phA15_phB06.png,Is the yellow cube farther from the camera than the green sphere? Answer with yes or no.,No,Yes,20.390625,20.234375,False
/data/shared/Qwen/mydisk/output/SYNTHETIC/NVILA-Lite-2B-SYNTHETIC_MIX_5PCT_2M-20260226_023301/checkpoint-6250,obj2_farther,output/phasevar_5/0009_phA15_phB07.png,Is the yellow cube farther from the camera than the green sphere? Answer with yes or no.,No,No,20.0,20.515625,True
/data/shared/Qwen/mydisk/output/SYNTHETIC/NVILA-Lite-2B-SYNTHETIC_MIX_5PCT_2M-20260226_023301/checkpoint-6250,obj2_farther,output/phasevar_5/0009_phA15_phB08.png,Is the yellow cube farther from the camera than the green sphere? Answer with yes or no.,No,No,19.828125,20.421875,True
/data/shared/Qwen/mydisk/output/SYNTHETIC/NVILA-Lite-2B-SYNTHETIC_MIX_5PCT_2M-20260226_023301/checkpoint-6250,obj2_farther,output/phasevar_5/0009_phA15_phB09.png,Is the yellow cube farther from the camera than the green sphere? Answer with yes or no.,No,No,19.921875,20.609375,True
/data/shared/Qwen/mydisk/output/SYNTHETIC/NVILA-Lite-2B-SYNTHETIC_MIX_5PCT_2M-20260226_023301/checkpoint-6250,obj2_farther,output/phasevar_5/0009_phA15_phB10.png,Is the yellow cube farther from the camera than the green sphere? Answer with yes or no.,No,No,21.109375,21.671875,True
/data/shared/Qwen/mydisk/output/SYNTHETIC/NVILA-Lite-2B-SYNTHETIC_MIX_5PCT_2M-20260226_023301/checkpoint-6250,obj2_farther,output/phasevar_5/0009_phA15_phB11.png,Is the yellow cube farther from the camera than the green sphere? Answer with yes or no.,No,No,20.09375,21.25,True
/data/shared/Qwen/mydisk/output/SYNTHETIC/NVILA-Lite-2B-SYNTHETIC_MIX_5PCT_2M-20260226_023301/checkpoint-6250,obj2_farther,output/phasevar_5/0009_phA15_phB12.png,Is the yellow cube farther from the camera than the green sphere? Answer with yes or no.,No,No,19.953125,21.0625,True
/data/shared/Qwen/mydisk/output/SYNTHETIC/NVILA-Lite-2B-SYNTHETIC_MIX_5PCT_2M-20260226_023301/checkpoint-6250,obj2_farther,output/phasevar_5/0009_phA15_phB13.png,Is the yellow cube farther from the camera than the green sphere? Answer with yes or no.,No,No,19.65625,20.796875,True
/data/shared/Qwen/mydisk/output/SYNTHETIC/NVILA-Lite-2B-SYNTHETIC_MIX_5PCT_2M-20260226_023301/checkpoint-6250,obj2_farther,output/phasevar_5/0009_phA15_phB14.png,Is the yellow cube farther from the camera than the green sphere? Answer with yes or no.,No,No,20.609375,21.390625,True
/data/shared/Qwen/mydisk/output/SYNTHETIC/NVILA-Lite-2B-SYNTHETIC_MIX_5PCT_2M-20260226_023301/checkpoint-6250,obj2_farther,output/phasevar_5/0009_phA15_phB15.png,Is the yellow cube farther from the camera than the green sphere? Answer with yes or no.,No,No,20.546875,20.65625,True
/data/shared/Qwen/mydisk/output/SYNTHETIC/NVILA-Lite-2B-SYNTHETIC_MIX_5PCT_2M-20260226_023301/checkpoint-6250,obj2_farther,output/phasevar_5/0010_phA00_phB00.png,Is the magenta cube farther from the camera than the cyan sphere? Answer with yes or no.,No,No,19.75,20.34375,True
/data/shared/Qwen/mydisk/output/SYNTHETIC/NVILA-Lite-2B-SYNTHETIC_MIX_5PCT_2M-20260226_023301/checkpoint-6250,obj2_farther,output/phasevar_5/0010_phA00_phB01.png,Is the magenta cube farther from the camera than the cyan sphere? Answer with yes or no.,No,No,20.640625,20.78125,True
/data/shared/Qwen/mydisk/output/SYNTHETIC/NVILA-Lite-2B-SYNTHETIC_MIX_5PCT_2M-20260226_023301/checkpoint-6250,obj2_farther,output/phasevar_5/0010_phA00_phB02.png,Is the magenta cube farther from the camera than the cyan sphere? Answer with yes or no.,No,Yes,21.171875,21.015625,False
/data/shared/Qwen/mydisk/output/SYNTHETIC/NVILA-Lite-2B-SYNTHETIC_MIX_5PCT_2M-20260226_023301/checkpoint-6250,obj2_farther,output/phasevar_5/0010_phA00_phB03.png,Is the magenta cube farther from the camera than the cyan sphere? Answer with yes or no.,No,Yes,20.609375,20.171875,False
/data/shared/Qwen/mydisk/output/SYNTHETIC/NVILA-Lite-2B-SYNTHETIC_MIX_5PCT_2M-20260226_023301/checkpoint-6250,obj2_farther,output/phasevar_5/0010_phA00_phB04.png,Is the magenta cube farther from the camera than the cyan sphere? Answer with yes or no.,No,No,20.0625,20.53125,True
/data/shared/Qwen/mydisk/output/SYNTHETIC/NVILA-Lite-2B-SYNTHETIC_MIX_5PCT_2M-20260226_023301/checkpoint-6250,obj2_farther,output/phasevar_5/0010_phA00_phB05.png,Is the magenta cube farther from the camera than the cyan sphere? Answer with yes or no.,No,No,20.375,20.421875,True
/data/shared/Qwen/mydisk/output/SYNTHETIC/NVILA-Lite-2B-SYNTHETIC_MIX_5PCT_2M-20260226_023301/checkpoint-6250,obj2_farther,output/phasevar_5/0010_phA00_phB06.png,Is the magenta cube farther from the camera than the cyan sphere? Answer with yes or no.,No,Yes,20.734375,20.421875,False
/data/shared/Qwen/mydisk/output/SYNTHETIC/NVILA-Lite-2B-SYNTHETIC_MIX_5PCT_2M-20260226_023301/checkpoint-6250,obj2_farther,output/phasevar_5/0010_phA00_phB07.png,Is the magenta cube farther from the camera than the cyan sphere? Answer with yes or no.,No,No,20.078125,20.453125,True
/data/shared/Qwen/mydisk/output/SYNTHETIC/NVILA-Lite-2B-SYNTHETIC_MIX_5PCT_2M-20260226_023301/checkpoint-6250,obj2_farther,output/phasevar_5/0010_phA00_phB08.png,Is the magenta cube farther from the camera than the cyan sphere? Answer with yes or no.,No,No,20.328125,20.609375,True
/data/shared/Qwen/mydisk/output/SYNTHETIC/NVILA-Lite-2B-SYNTHETIC_MIX_5PCT_2M-20260226_023301/checkpoint-6250,obj2_farther,output/phasevar_5/0010_phA00_phB09.png,Is the magenta cube farther from the camera than the cyan sphere? Answer with yes or no.,No,No,20.5625,21.03125,True
/data/shared/Qwen/mydisk/output/SYNTHETIC/NVILA-Lite-2B-SYNTHETIC_MIX_5PCT_2M-20260226_023301/checkpoint-6250,obj2_farther,output/phasevar_5/0010_phA00_phB10.png,Is the magenta cube farther from the camera than the cyan sphere? Answer with yes or no.,No,No,21.328125,21.5625,True
/data/shared/Qwen/mydisk/output/SYNTHETIC/NVILA-Lite-2B-SYNTHETIC_MIX_5PCT_2M-20260226_023301/checkpoint-6250,obj2_farther,output/phasevar_5/0010_phA00_phB11.png,Is the magenta cube farther from the camera than the cyan sphere? Answer with yes or no.,No,No,21.125,21.703125,True
/data/shared/Qwen/mydisk/output/SYNTHETIC/NVILA-Lite-2B-SYNTHETIC_MIX_5PCT_2M-20260226_023301/checkpoint-6250,obj2_farther,output/phasevar_5/0010_phA00_phB12.png,Is the magenta cube farther from the camera than the cyan sphere? Answer with yes or no.,No,No,20.25,21.015625,True
/data/shared/Qwen/mydisk/output/SYNTHETIC/NVILA-Lite-2B-SYNTHETIC_MIX_5PCT_2M-20260226_023301/checkpoint-6250,obj2_farther,output/phasevar_5/0010_phA00_phB13.png,Is the magenta cube farther from the camera than the cyan sphere? Answer with yes or no.,No,No,20.296875,20.59375,True
/data/shared/Qwen/mydisk/output/SYNTHETIC/NVILA-Lite-2B-SYNTHETIC_MIX_5PCT_2M-20260226_023301/checkpoint-6250,obj2_farther,output/phasevar_5/0010_phA00_phB14.png,Is the magenta cube farther from the camera than the cyan sphere? Answer with yes or no.,No,No,20.578125,20.96875,True
/data/shared/Qwen/mydisk/output/SYNTHETIC/NVILA-Lite-2B-SYNTHETIC_MIX_5PCT_2M-20260226_023301/checkpoint-6250,obj2_farther,output/phasevar_5/0010_phA00_phB15.png,Is the magenta cube farther from the camera than the cyan sphere? Answer with yes or no.,No,No,20.203125,20.59375,True
/data/shared/Qwen/mydisk/output/SYNTHETIC/NVILA-Lite-2B-SYNTHETIC_MIX_5PCT_2M-20260226_023301/checkpoint-6250,obj2_farther,output/phasevar_5/0010_phA01_phB00.png,Is the magenta cube farther from the camera than the cyan sphere? Answer with yes or no.,No,No,19.734375,20.234375,True
/data/shared/Qwen/mydisk/output/SYNTHETIC/NVILA-Lite-2B-SYNTHETIC_MIX_5PCT_2M-20260226_023301/checkpoint-6250,obj2_farther,output/phasevar_5/0010_phA01_phB01.png,Is the magenta cube farther from the camera than the cyan sphere? Answer with yes or no.,No,No,20.515625,20.8125,True
/data/shared/Qwen/mydisk/output/SYNTHETIC/NVILA-Lite-2B-SYNTHETIC_MIX_5PCT_2M-20260226_023301/checkpoint-6250,obj2_farther,output/phasevar_5/0010_phA01_phB02.png,Is the magenta cube farther from the camera than the cyan sphere? Answer with yes or no.,No,Yes,21.0625,21.03125,False
/data/shared/Qwen/mydisk/output/SYNTHETIC/NVILA-Lite-2B-SYNTHETIC_MIX_5PCT_2M-20260226_023301/checkpoint-6250,obj2_farther,output/phasevar_5/0010_phA01_phB03.png,Is the magenta cube farther from the camera than the cyan sphere? Answer with yes or no.,No,Yes,20.53125,20.1875,False
/data/shared/Qwen/mydisk/output/SYNTHETIC/NVILA-Lite-2B-SYNTHETIC_MIX_5PCT_2M-20260226_023301/checkpoint-6250,obj2_farther,output/phasevar_5/0010_phA01_phB04.png,Is the magenta cube farther from the camera than the cyan sphere? Answer with yes or no.,No,No,19.96875,20.609375,True
/data/shared/Qwen/mydisk/output/SYNTHETIC/NVILA-Lite-2B-SYNTHETIC_MIX_5PCT_2M-20260226_023301/checkpoint-6250,obj2_farther,output/phasevar_5/0010_phA01_phB05.png,Is the magenta cube farther from the camera than the cyan sphere? Answer with yes or no.,No,No,20.375,20.5625,True
/data/shared/Qwen/mydisk/output/SYNTHETIC/NVILA-Lite-2B-SYNTHETIC_MIX_5PCT_2M-20260226_023301/checkpoint-6250,obj2_farther,output/phasevar_5/0010_phA01_phB06.png,Is the magenta cube farther from the camera than the cyan sphere? Answer with yes or no.,No,Yes,20.703125,20.578125,False
/data/shared/Qwen/mydisk/output/SYNTHETIC/NVILA-Lite-2B-SYNTHETIC_MIX_5PCT_2M-20260226_023301/checkpoint-6250,obj2_farther,output/phasevar_5/0010_phA01_phB07.png,Is the magenta cube farther from the camera than the cyan sphere? Answer with yes or no.,No,No,19.953125,20.5,True
/data/shared/Qwen/mydisk/output/SYNTHETIC/NVILA-Lite-2B-SYNTHETIC_MIX_5PCT_2M-20260226_023301/checkpoint-6250,obj2_farther,output/phasevar_5/0010_phA01_phB08.png,Is the magenta cube farther from the camera than the cyan sphere? Answer with yes or no.,No,No,20.25,20.65625,True
/data/shared/Qwen/mydisk/output/SYNTHETIC/NVILA-Lite-2B-SYNTHETIC_MIX_5PCT_2M-20260226_023301/checkpoint-6250,obj2_farther,output/phasevar_5/0010_phA01_phB09.png,Is the magenta cube farther from the camera than the cyan sphere? Answer with yes or no.,No,No,20.640625,21.03125,True
/data/shared/Qwen/mydisk/output/SYNTHETIC/NVILA-Lite-2B-SYNTHETIC_MIX_5PCT_2M-20260226_023301/checkpoint-6250,obj2_farther,output/phasevar_5/0010_phA01_phB10.png,Is the magenta cube farther from the camera than the cyan sphere? Answer with yes or no.,No,No,21.453125,21.796875,True
/data/shared/Qwen/mydisk/output/SYNTHETIC/NVILA-Lite-2B-SYNTHETIC_MIX_5PCT_2M-20260226_023301/checkpoint-6250,obj2_farther,output/phasevar_5/0010_phA01_phB11.png,Is the magenta cube farther from the camera than the cyan sphere? Answer with yes or no.,No,No,21.265625,21.96875,True
/data/shared/Qwen/mydisk/output/SYNTHETIC/NVILA-Lite-2B-SYNTHETIC_MIX_5PCT_2M-20260226_023301/checkpoint-6250,obj2_farther,output/phasevar_5/0010_phA01_phB12.png,Is the magenta cube farther from the camera than the cyan sphere? Answer with yes or no.,No,No,20.59375,21.375,True
/data/shared/Qwen/mydisk/output/SYNTHETIC/NVILA-Lite-2B-SYNTHETIC_MIX_5PCT_2M-20260226_023301/checkpoint-6250,obj2_farther,output/phasevar_5/0010_phA01_phB13.png,Is the magenta cube farther from the camera than the cyan sphere? Answer with yes or no.,No,No,20.625,20.859375,True
/data/shared/Qwen/mydisk/output/SYNTHETIC/NVILA-Lite-2B-SYNTHETIC_MIX_5PCT_2M-20260226_023301/checkpoint-6250,obj2_farther,output/phasevar_5/0010_phA01_phB14.png,Is the magenta cube farther from the camera than the cyan sphere? Answer with yes or no.,No,No,20.671875,21.140625,True
/data/shared/Qwen/mydisk/output/SYNTHETIC/NVILA-Lite-2B-SYNTHETIC_MIX_5PCT_2M-20260226_023301/checkpoint-6250,obj2_farther,output/phasevar_5/0010_phA01_phB15.png,Is the magenta cube farther from the camera than the cyan sphere? Answer with yes or no.,No,No,20.359375,20.65625,True
/data/shared/Qwen/mydisk/output/SYNTHETIC/NVILA-Lite-2B-SYNTHETIC_MIX_5PCT_2M-20260226_023301/checkpoint-6250,obj2_farther,output/phasevar_5/0010_phA02_phB00.png,Is the magenta cube farther from the camera than the cyan sphere? Answer with yes or no.,No,No,19.921875,20.046875,True
/data/shared/Qwen/mydisk/output/SYNTHETIC/NVILA-Lite-2B-SYNTHETIC_MIX_5PCT_2M-20260226_023301/checkpoint-6250,obj2_farther,output/phasevar_5/0010_phA02_phB01.png,Is the magenta cube farther from the camera than the cyan sphere? Answer with yes or no.,No,No,20.15625,20.171875,True
/data/shared/Qwen/mydisk/output/SYNTHETIC/NVILA-Lite-2B-SYNTHETIC_MIX_5PCT_2M-20260226_023301/checkpoint-6250,obj2_farther,output/phasevar_5/0010_phA02_phB02.png,Is the magenta cube farther from the camera than the cyan sphere? Answer with yes or no.,No,Yes,20.96875,20.890625,False
/data/shared/Qwen/mydisk/output/SYNTHETIC/NVILA-Lite-2B-SYNTHETIC_MIX_5PCT_2M-20260226_023301/checkpoint-6250,obj2_farther,output/phasevar_5/0010_phA02_phB03.png,Is the magenta cube farther from the camera than the cyan sphere? Answer with yes or no.,No,Yes,20.15625,19.96875,False
/data/shared/Qwen/mydisk/output/SYNTHETIC/NVILA-Lite-2B-SYNTHETIC_MIX_5PCT_2M-20260226_023301/checkpoint-6250,obj2_farther,output/phasevar_5/0010_phA02_phB04.png,Is the magenta cube farther from the camera than the cyan sphere? Answer with yes or no.,No,No,19.8125,20.4375,True
/data/shared/Qwen/mydisk/output/SYNTHETIC/NVILA-Lite-2B-SYNTHETIC_MIX_5PCT_2M-20260226_023301/checkpoint-6250,obj2_farther,output/phasevar_5/0010_phA02_phB05.png,Is the magenta cube farther from the camera than the cyan sphere? Answer with yes or no.,No,No,20.234375,20.515625,True
/data/shared/Qwen/mydisk/output/SYNTHETIC/NVILA-Lite-2B-SYNTHETIC_MIX_5PCT_2M-20260226_023301/checkpoint-6250,obj2_farther,output/phasevar_5/0010_phA02_phB06.png,Is the magenta cube farther from the camera than the cyan sphere? Answer with yes or no.,No,Yes,20.6875,20.5625,False
/data/shared/Qwen/mydisk/output/SYNTHETIC/NVILA-Lite-2B-SYNTHETIC_MIX_5PCT_2M-20260226_023301/checkpoint-6250,obj2_farther,output/phasevar_5/0010_phA02_phB07.png,Is the magenta cube farther from the camera than the cyan sphere? Answer with yes or no.,No,No,20.03125,20.4375,True
/data/shared/Qwen/mydisk/output/SYNTHETIC/NVILA-Lite-2B-SYNTHETIC_MIX_5PCT_2M-20260226_023301/checkpoint-6250,obj2_farther,output/phasevar_5/0010_phA02_phB08.png,Is the magenta cube farther from the camera than the cyan sphere? Answer with yes or no.,No,No,20.28125,20.515625,True
/data/shared/Qwen/mydisk/output/SYNTHETIC/NVILA-Lite-2B-SYNTHETIC_MIX_5PCT_2M-20260226_023301/checkpoint-6250,obj2_farther,output/phasevar_5/0010_phA02_phB09.png,Is the magenta cube farther from the camera than the cyan sphere? Answer with yes or no.,No,No,20.671875,21.03125,True
/data/shared/Qwen/mydisk/output/SYNTHETIC/NVILA-Lite-2B-SYNTHETIC_MIX_5PCT_2M-20260226_023301/checkpoint-6250,obj2_farther,output/phasevar_5/0010_phA02_phB10.png,Is the magenta cube farther from the camera than the cyan sphere? Answer with yes or no.,No,No,21.484375,21.78125,True
/data/shared/Qwen/mydisk/output/SYNTHETIC/NVILA-Lite-2B-SYNTHETIC_MIX_5PCT_2M-20260226_023301/checkpoint-6250,obj2_farther,output/phasevar_5/0010_phA02_phB11.png,Is the magenta cube farther from the camera than the cyan sphere? Answer with yes or no.,No,No,21.28125,21.9375,True
/data/shared/Qwen/mydisk/output/SYNTHETIC/NVILA-Lite-2B-SYNTHETIC_MIX_5PCT_2M-20260226_023301/checkpoint-6250,obj2_farther,output/phasevar_5/0010_phA02_phB12.png,Is the magenta cube farther from the camera than the cyan sphere? Answer with yes or no.,No,No,20.71875,21.40625,True
/data/shared/Qwen/mydisk/output/SYNTHETIC/NVILA-Lite-2B-SYNTHETIC_MIX_5PCT_2M-20260226_023301/checkpoint-6250,obj2_farther,output/phasevar_5/0010_phA02_phB13.png,Is the magenta cube farther from the camera than the cyan sphere? Answer with yes or no.,No,No,20.84375,21.078125,True
/data/shared/Qwen/mydisk/output/SYNTHETIC/NVILA-Lite-2B-SYNTHETIC_MIX_5PCT_2M-20260226_023301/checkpoint-6250,obj2_farther,output/phasevar_5/0010_phA02_phB14.png,Is the magenta cube farther from the camera than the cyan sphere? Answer with yes or no.,No,No,20.6875,21.0,True
/data/shared/Qwen/mydisk/output/SYNTHETIC/NVILA-Lite-2B-SYNTHETIC_MIX_5PCT_2M-20260226_023301/checkpoint-6250,obj2_farther,output/phasevar_5/0010_phA02_phB15.png,Is the magenta cube farther from the camera than the cyan sphere? Answer with yes or no.,No,No,20.296875,20.53125,True
/data/shared/Qwen/mydisk/output/SYNTHETIC/NVILA-Lite-2B-SYNTHETIC_MIX_5PCT_2M-20260226_023301/checkpoint-6250,obj2_farther,output/phasevar_5/0010_phA03_phB00.png,Is the magenta cube farther from the camera than the cyan sphere? Answer with yes or no.,No,No,19.71875,19.921875,True
/data/shared/Qwen/mydisk/output/SYNTHETIC/NVILA-Lite-2B-SYNTHETIC_MIX_5PCT_2M-20260226_023301/checkpoint-6250,obj2_farther,output/phasevar_5/0010_phA03_phB01.png,Is the magenta cube farther from the camera than the cyan sphere? Answer with yes or no.,No,No,19.9375,20.0625,True
/data/shared/Qwen/mydisk/output/SYNTHETIC/NVILA-Lite-2B-SYNTHETIC_MIX_5PCT_2M-20260226_023301/checkpoint-6250,obj2_farther,output/phasevar_5/0010_phA03_phB02.png,Is the magenta cube farther from the camera than the cyan sphere? Answer with yes or no.,No,Yes,20.953125,20.75,False
/data/shared/Qwen/mydisk/output/SYNTHETIC/NVILA-Lite-2B-SYNTHETIC_MIX_5PCT_2M-20260226_023301/checkpoint-6250,obj2_farther,output/phasevar_5/0010_phA03_phB03.png,Is the magenta cube farther from the camera than the cyan sphere? Answer with yes or no.,No,Yes,20.5625,19.96875,False
/data/shared/Qwen/mydisk/output/SYNTHETIC/NVILA-Lite-2B-SYNTHETIC_MIX_5PCT_2M-20260226_023301/checkpoint-6250,obj2_farther,output/phasevar_5/0010_phA03_phB04.png,Is the magenta cube farther from the camera than the cyan sphere? Answer with yes or no.,No,No,19.703125,20.296875,True
/data/shared/Qwen/mydisk/output/SYNTHETIC/NVILA-Lite-2B-SYNTHETIC_MIX_5PCT_2M-20260226_023301/checkpoint-6250,obj2_farther,output/phasevar_5/0010_phA03_phB05.png,Is the magenta cube farther from the camera than the cyan sphere? Answer with yes or no.,No,No,19.953125,20.234375,True
/data/shared/Qwen/mydisk/output/SYNTHETIC/NVILA-Lite-2B-SYNTHETIC_MIX_5PCT_2M-20260226_023301/checkpoint-6250,obj2_farther,output/phasevar_5/0010_phA03_phB06.png,Is the magenta cube farther from the camera than the cyan sphere? Answer with yes or no.,No,Yes,20.5,20.234375,False
/data/shared/Qwen/mydisk/output/SYNTHETIC/NVILA-Lite-2B-SYNTHETIC_MIX_5PCT_2M-20260226_023301/checkpoint-6250,obj2_farther,output/phasevar_5/0010_phA03_phB07.png,Is the magenta cube farther from the camera than the cyan sphere? Answer with yes or no.,No,No,19.671875,19.953125,True
/data/shared/Qwen/mydisk/output/SYNTHETIC/NVILA-Lite-2B-SYNTHETIC_MIX_5PCT_2M-20260226_023301/checkpoint-6250,obj2_farther,output/phasevar_5/0010_phA03_phB08.png,Is the magenta cube farther from the camera than the cyan sphere? Answer with yes or no.,No,No,19.953125,20.125,True
/data/shared/Qwen/mydisk/output/SYNTHETIC/NVILA-Lite-2B-SYNTHETIC_MIX_5PCT_2M-20260226_023301/checkpoint-6250,obj2_farther,output/phasevar_5/0010_phA03_phB09.png,Is the magenta cube farther from the camera than the cyan sphere? Answer with yes or no.,No,No,20.5625,20.75,True
/data/shared/Qwen/mydisk/output/SYNTHETIC/NVILA-Lite-2B-SYNTHETIC_MIX_5PCT_2M-20260226_023301/checkpoint-6250,obj2_farther,output/phasevar_5/0010_phA03_phB10.png,Is the magenta cube farther from the camera than the cyan sphere? Answer with yes or no.,No,No,21.421875,21.671875,True
/data/shared/Qwen/mydisk/output/SYNTHETIC/NVILA-Lite-2B-SYNTHETIC_MIX_5PCT_2M-20260226_023301/checkpoint-6250,obj2_farther,output/phasevar_5/0010_phA03_phB11.png,Is the magenta cube farther from the camera than the cyan sphere? Answer with yes or no.,No,No,21.015625,21.71875,True
/data/shared/Qwen/mydisk/output/SYNTHETIC/NVILA-Lite-2B-SYNTHETIC_MIX_5PCT_2M-20260226_023301/checkpoint-6250,obj2_farther,output/phasevar_5/0010_phA03_phB12.png,Is the magenta cube farther from the camera than the cyan sphere? Answer with yes or no.,No,No,20.21875,21.078125,True
/data/shared/Qwen/mydisk/output/SYNTHETIC/NVILA-Lite-2B-SYNTHETIC_MIX_5PCT_2M-20260226_023301/checkpoint-6250,obj2_farther,output/phasevar_5/0010_phA03_phB13.png,Is the magenta cube farther from the camera than the cyan sphere? Answer with yes or no.,No,No,20.6875,20.921875,True
/data/shared/Qwen/mydisk/output/SYNTHETIC/NVILA-Lite-2B-SYNTHETIC_MIX_5PCT_2M-20260226_023301/checkpoint-6250,obj2_farther,output/phasevar_5/0010_phA03_phB14.png,Is the magenta cube farther from the camera than the cyan sphere? Answer with yes or no.,No,No,20.734375,20.953125,True
/data/shared/Qwen/mydisk/output/SYNTHETIC/NVILA-Lite-2B-SYNTHETIC_MIX_5PCT_2M-20260226_023301/checkpoint-6250,obj2_farther,output/phasevar_5/0010_phA03_phB15.png,Is the magenta cube farther from the camera than the cyan sphere? Answer with yes or no.,No,No,20.484375,20.484375,True
/data/shared/Qwen/mydisk/output/SYNTHETIC/NVILA-Lite-2B-SYNTHETIC_MIX_5PCT_2M-20260226_023301/checkpoint-6250,obj2_farther,output/phasevar_5/0010_phA04_phB00.png,Is the magenta cube farther from the camera than the cyan sphere? Answer with yes or no.,No,No,19.59375,19.734375,True
/data/shared/Qwen/mydisk/output/SYNTHETIC/NVILA-Lite-2B-SYNTHETIC_MIX_5PCT_2M-20260226_023301/checkpoint-6250,obj2_farther,output/phasevar_5/0010_phA04_phB01.png,Is the magenta cube farther from the camera than the cyan sphere? Answer with yes or no.,No,No,19.796875,19.90625,True
/data/shared/Qwen/mydisk/output/SYNTHETIC/NVILA-Lite-2B-SYNTHETIC_MIX_5PCT_2M-20260226_023301/checkpoint-6250,obj2_farther,output/phasevar_5/0010_phA04_phB02.png,Is the magenta cube farther from the camera than the cyan sphere? Answer with yes or no.,No,Yes,20.984375,20.578125,False
/data/shared/Qwen/mydisk/output/SYNTHETIC/NVILA-Lite-2B-SYNTHETIC_MIX_5PCT_2M-20260226_023301/checkpoint-6250,obj2_farther,output/phasevar_5/0010_phA04_phB03.png,Is the magenta cube farther from the camera than the cyan sphere? Answer with yes or no.,No,Yes,20.609375,19.796875,False
/data/shared/Qwen/mydisk/output/SYNTHETIC/NVILA-Lite-2B-SYNTHETIC_MIX_5PCT_2M-20260226_023301/checkpoint-6250,obj2_farther,output/phasevar_5/0010_phA04_phB04.png,Is the magenta cube farther from the camera than the cyan sphere? Answer with yes or no.,No,No,19.609375,20.015625,True
/data/shared/Qwen/mydisk/output/SYNTHETIC/NVILA-Lite-2B-SYNTHETIC_MIX_5PCT_2M-20260226_023301/checkpoint-6250,obj2_farther,output/phasevar_5/0010_phA04_phB05.png,Is the magenta cube farther from the camera than the cyan sphere? Answer with yes or no.,No,No,20.046875,20.125,True
/data/shared/Qwen/mydisk/output/SYNTHETIC/NVILA-Lite-2B-SYNTHETIC_MIX_5PCT_2M-20260226_023301/checkpoint-6250,obj2_farther,output/phasevar_5/0010_phA04_phB06.png,Is the magenta cube farther from the camera than the cyan sphere? Answer with yes or no.,No,Yes,20.359375,20.046875,False
/data/shared/Qwen/mydisk/output/SYNTHETIC/NVILA-Lite-2B-SYNTHETIC_MIX_5PCT_2M-20260226_023301/checkpoint-6250,obj2_farther,output/phasevar_5/0010_phA04_phB07.png,Is the magenta cube farther from the camera than the cyan sphere? Answer with yes or no.,No,No,19.484375,19.671875,True
/data/shared/Qwen/mydisk/output/SYNTHETIC/NVILA-Lite-2B-SYNTHETIC_MIX_5PCT_2M-20260226_023301/checkpoint-6250,obj2_farther,output/phasevar_5/0010_phA04_phB08.png,Is the magenta cube farther from the camera than the cyan sphere? Answer with yes or no.,No,No,19.796875,19.828125,True
/data/shared/Qwen/mydisk/output/SYNTHETIC/NVILA-Lite-2B-SYNTHETIC_MIX_5PCT_2M-20260226_023301/checkpoint-6250,obj2_farther,output/phasevar_5/0010_phA04_phB09.png,Is the magenta cube farther from the camera than the cyan sphere? Answer with yes or no.,No,No,20.515625,20.5625,True
/data/shared/Qwen/mydisk/output/SYNTHETIC/NVILA-Lite-2B-SYNTHETIC_MIX_5PCT_2M-20260226_023301/checkpoint-6250,obj2_farther,output/phasevar_5/0010_phA04_phB10.png,Is the magenta cube farther from the camera than the cyan sphere? Answer with yes or no.,No,No,21.296875,21.375,True
/data/shared/Qwen/mydisk/output/SYNTHETIC/NVILA-Lite-2B-SYNTHETIC_MIX_5PCT_2M-20260226_023301/checkpoint-6250,obj2_farther,output/phasevar_5/0010_phA04_phB11.png,Is the magenta cube farther from the camera than the cyan sphere? Answer with yes or no.,No,No,20.828125,21.40625,True
/data/shared/Qwen/mydisk/output/SYNTHETIC/NVILA-Lite-2B-SYNTHETIC_MIX_5PCT_2M-20260226_023301/checkpoint-6250,obj2_farther,output/phasevar_5/0010_phA04_phB12.png,Is the magenta cube farther from the camera than the cyan sphere? Answer with yes or no.,No,No,20.296875,20.78125,True
/data/shared/Qwen/mydisk/output/SYNTHETIC/NVILA-Lite-2B-SYNTHETIC_MIX_5PCT_2M-20260226_023301/checkpoint-6250,obj2_farther,output/phasevar_5/0010_phA04_phB13.png,Is the magenta cube farther from the camera than the cyan sphere? Answer with yes or no.,No,No,20.46875,20.640625,True
/data/shared/Qwen/mydisk/output/SYNTHETIC/NVILA-Lite-2B-SYNTHETIC_MIX_5PCT_2M-20260226_023301/checkpoint-6250,obj2_farther,output/phasevar_5/0010_phA04_phB14.png,Is the magenta cube farther from the camera than the cyan sphere? Answer with yes or no.,No,No,20.71875,20.796875,True
/data/shared/Qwen/mydisk/output/SYNTHETIC/NVILA-Lite-2B-SYNTHETIC_MIX_5PCT_2M-20260226_023301/checkpoint-6250,obj2_farther,output/phasevar_5/0010_phA04_phB15.png,Is the magenta cube farther from the camera than the cyan sphere? Answer with yes or no.,No,Yes,20.359375,20.34375,False
/data/shared/Qwen/mydisk/output/SYNTHETIC/NVILA-Lite-2B-SYNTHETIC_MIX_5PCT_2M-20260226_023301/checkpoint-6250,obj2_farther,output/phasevar_5/0010_phA05_phB00.png,Is the magenta cube farther from the camera than the cyan sphere? Answer with yes or no.,No,No,19.59375,19.953125,True
/data/shared/Qwen/mydisk/output/SYNTHETIC/NVILA-Lite-2B-SYNTHETIC_MIX_5PCT_2M-20260226_023301/checkpoint-6250,obj2_farther,output/phasevar_5/0010_phA05_phB01.png,Is the magenta cube farther from the camera than the cyan sphere? Answer with yes or no.,No,No,19.65625,20.078125,True
/data/shared/Qwen/mydisk/output/SYNTHETIC/NVILA-Lite-2B-SYNTHETIC_MIX_5PCT_2M-20260226_023301/checkpoint-6250,obj2_farther,output/phasevar_5/0010_phA05_phB02.png,Is the magenta cube farther from the camera than the cyan sphere? Answer with yes or no.,No,Yes,20.859375,20.734375,False
/data/shared/Qwen/mydisk/output/SYNTHETIC/NVILA-Lite-2B-SYNTHETIC_MIX_5PCT_2M-20260226_023301/checkpoint-6250,obj2_farther,output/phasevar_5/0010_phA05_phB03.png,Is the magenta cube farther from the camera than the cyan sphere? Answer with yes or no.,No,Yes,20.3125,19.84375,False
/data/shared/Qwen/mydisk/output/SYNTHETIC/NVILA-Lite-2B-SYNTHETIC_MIX_5PCT_2M-20260226_023301/checkpoint-6250,obj2_farther,output/phasevar_5/0010_phA05_phB04.png,Is the magenta cube farther from the camera than the cyan sphere? Answer with yes or no.,No,No,19.5,20.15625,True
/data/shared/Qwen/mydisk/output/SYNTHETIC/NVILA-Lite-2B-SYNTHETIC_MIX_5PCT_2M-20260226_023301/checkpoint-6250,obj2_farther,output/phasevar_5/0010_phA05_phB05.png,Is the magenta cube farther from the camera than the cyan sphere? Answer with yes or no.,No,No,19.796875,20.15625,True
/data/shared/Qwen/mydisk/output/SYNTHETIC/NVILA-Lite-2B-SYNTHETIC_MIX_5PCT_2M-20260226_023301/checkpoint-6250,obj2_farther,output/phasevar_5/0010_phA05_phB06.png,Is the magenta cube farther from the camera than the cyan sphere? Answer with yes or no.,No,No,19.9375,20.09375,True
/data/shared/Qwen/mydisk/output/SYNTHETIC/NVILA-Lite-2B-SYNTHETIC_MIX_5PCT_2M-20260226_023301/checkpoint-6250,obj2_farther,output/phasevar_5/0010_phA05_phB07.png,Is the magenta cube farther from the camera than the cyan sphere? Answer with yes or no.,No,No,19.40625,19.796875,True
/data/shared/Qwen/mydisk/output/SYNTHETIC/NVILA-Lite-2B-SYNTHETIC_MIX_5PCT_2M-20260226_023301/checkpoint-6250,obj2_farther,output/phasevar_5/0010_phA05_phB08.png,Is the magenta cube farther from the camera than the cyan sphere? Answer with yes or no.,No,No,19.703125,19.9375,True
/data/shared/Qwen/mydisk/output/SYNTHETIC/NVILA-Lite-2B-SYNTHETIC_MIX_5PCT_2M-20260226_023301/checkpoint-6250,obj2_farther,output/phasevar_5/0010_phA05_phB09.png,Is the magenta cube farther from the camera than the cyan sphere? Answer with yes or no.,No,No,20.390625,20.546875,True
/data/shared/Qwen/mydisk/output/SYNTHETIC/NVILA-Lite-2B-SYNTHETIC_MIX_5PCT_2M-20260226_023301/checkpoint-6250,obj2_farther,output/phasevar_5/0010_phA05_phB10.png,Is the magenta cube farther from the camera than the cyan sphere? Answer with yes or no.,No,No,20.859375,21.125,True
/data/shared/Qwen/mydisk/output/SYNTHETIC/NVILA-Lite-2B-SYNTHETIC_MIX_5PCT_2M-20260226_023301/checkpoint-6250,obj2_farther,output/phasevar_5/0010_phA05_phB11.png,Is the magenta cube farther from the camera than the cyan sphere? Answer with yes or no.,No,No,20.546875,21.140625,True
/data/shared/Qwen/mydisk/output/SYNTHETIC/NVILA-Lite-2B-SYNTHETIC_MIX_5PCT_2M-20260226_023301/checkpoint-6250,obj2_farther,output/phasevar_5/0010_phA05_phB12.png,Is the magenta cube farther from the camera than the cyan sphere? Answer with yes or no.,No,No,20.109375,20.734375,True
/data/shared/Qwen/mydisk/output/SYNTHETIC/NVILA-Lite-2B-SYNTHETIC_MIX_5PCT_2M-20260226_023301/checkpoint-6250,obj2_farther,output/phasevar_5/0010_phA05_phB13.png,Is the magenta cube farther from the camera than the cyan sphere? Answer with yes or no.,No,No,20.234375,20.625,True
/data/shared/Qwen/mydisk/output/SYNTHETIC/NVILA-Lite-2B-SYNTHETIC_MIX_5PCT_2M-20260226_023301/checkpoint-6250,obj2_farther,output/phasevar_5/0010_phA05_phB14.png,Is the magenta cube farther from the camera than the cyan sphere? Answer with yes or no.,No,No,20.5,20.8125,True
/data/shared/Qwen/mydisk/output/SYNTHETIC/NVILA-Lite-2B-SYNTHETIC_MIX_5PCT_2M-20260226_023301/checkpoint-6250,obj2_farther,output/phasevar_5/0010_phA05_phB15.png,Is the magenta cube farther from the camera than the cyan sphere? Answer with yes or no.,No,No,20.25,20.453125,True
/data/shared/Qwen/mydisk/output/SYNTHETIC/NVILA-Lite-2B-SYNTHETIC_MIX_5PCT_2M-20260226_023301/checkpoint-6250,obj2_farther,output/phasevar_5/0010_phA06_phB00.png,Is the magenta cube farther from the camera than the cyan sphere? Answer with yes or no.,No,No,19.71875,20.0,True
/data/shared/Qwen/mydisk/output/SYNTHETIC/NVILA-Lite-2B-SYNTHETIC_MIX_5PCT_2M-20260226_023301/checkpoint-6250,obj2_farther,output/phasevar_5/0010_phA06_phB01.png,Is the magenta cube farther from the camera than the cyan sphere? Answer with yes or no.,No,No,19.796875,20.125,True
/data/shared/Qwen/mydisk/output/SYNTHETIC/NVILA-Lite-2B-SYNTHETIC_MIX_5PCT_2M-20260226_023301/checkpoint-6250,obj2_farther,output/phasevar_5/0010_phA06_phB02.png,Is the magenta cube farther from the camera than the cyan sphere? Answer with yes or no.,No,Yes,20.890625,20.71875,False
/data/shared/Qwen/mydisk/output/SYNTHETIC/NVILA-Lite-2B-SYNTHETIC_MIX_5PCT_2M-20260226_023301/checkpoint-6250,obj2_farther,output/phasevar_5/0010_phA06_phB03.png,Is the magenta cube farther from the camera than the cyan sphere? Answer with yes or no.,No,Yes,20.3125,19.796875,False
/data/shared/Qwen/mydisk/output/SYNTHETIC/NVILA-Lite-2B-SYNTHETIC_MIX_5PCT_2M-20260226_023301/checkpoint-6250,obj2_farther,output/phasevar_5/0010_phA06_phB04.png,Is the magenta cube farther from the camera than the cyan sphere? Answer with yes or no.,No,No,19.34375,19.90625,True
/data/shared/Qwen/mydisk/output/SYNTHETIC/NVILA-Lite-2B-SYNTHETIC_MIX_5PCT_2M-20260226_023301/checkpoint-6250,obj2_farther,output/phasevar_5/0010_phA06_phB05.png,Is the magenta cube farther from the camera than the cyan sphere? Answer with yes or no.,No,No,19.640625,19.9375,True
/data/shared/Qwen/mydisk/output/SYNTHETIC/NVILA-Lite-2B-SYNTHETIC_MIX_5PCT_2M-20260226_023301/checkpoint-6250,obj2_farther,output/phasevar_5/0010_phA06_phB06.png,Is the magenta cube farther from the camera than the cyan sphere? Answer with yes or no.,No,No,19.84375,20.203125,True
/data/shared/Qwen/mydisk/output/SYNTHETIC/NVILA-Lite-2B-SYNTHETIC_MIX_5PCT_2M-20260226_023301/checkpoint-6250,obj2_farther,output/phasevar_5/0010_phA06_phB07.png,Is the magenta cube farther from the camera than the cyan sphere? Answer with yes or no.,No,No,19.453125,19.984375,True
/data/shared/Qwen/mydisk/output/SYNTHETIC/NVILA-Lite-2B-SYNTHETIC_MIX_5PCT_2M-20260226_023301/checkpoint-6250,obj2_farther,output/phasevar_5/0010_phA06_phB08.png,Is the magenta cube farther from the camera than the cyan sphere? Answer with yes or no.,No,No,19.78125,20.203125,True
/data/shared/Qwen/mydisk/output/SYNTHETIC/NVILA-Lite-2B-SYNTHETIC_MIX_5PCT_2M-20260226_023301/checkpoint-6250,obj2_farther,output/phasevar_5/0010_phA06_phB09.png,Is the magenta cube farther from the camera than the cyan sphere? Answer with yes or no.,No,No,20.359375,20.765625,True
/data/shared/Qwen/mydisk/output/SYNTHETIC/NVILA-Lite-2B-SYNTHETIC_MIX_5PCT_2M-20260226_023301/checkpoint-6250,obj2_farther,output/phasevar_5/0010_phA06_phB10.png,Is the magenta cube farther from the camera than the cyan sphere? Answer with yes or no.,No,No,20.671875,21.03125,True
/data/shared/Qwen/mydisk/output/SYNTHETIC/NVILA-Lite-2B-SYNTHETIC_MIX_5PCT_2M-20260226_023301/checkpoint-6250,obj2_farther,output/phasevar_5/0010_phA06_phB11.png,Is the magenta cube farther from the camera than the cyan sphere? Answer with yes or no.,No,No,20.453125,21.046875,True
/data/shared/Qwen/mydisk/output/SYNTHETIC/NVILA-Lite-2B-SYNTHETIC_MIX_5PCT_2M-20260226_023301/checkpoint-6250,obj2_farther,output/phasevar_5/0010_phA06_phB12.png,Is the magenta cube farther from the camera than the cyan sphere? Answer with yes or no.,No,No,20.046875,20.765625,True
/data/shared/Qwen/mydisk/output/SYNTHETIC/NVILA-Lite-2B-SYNTHETIC_MIX_5PCT_2M-20260226_023301/checkpoint-6250,obj2_farther,output/phasevar_5/0010_phA06_phB13.png,Is the magenta cube farther from the camera than the cyan sphere? Answer with yes or no.,No,No,20.25,20.78125,True
/data/shared/Qwen/mydisk/output/SYNTHETIC/NVILA-Lite-2B-SYNTHETIC_MIX_5PCT_2M-20260226_023301/checkpoint-6250,obj2_farther,output/phasevar_5/0010_phA06_phB14.png,Is the magenta cube farther from the camera than the cyan sphere? Answer with yes or no.,No,No,20.359375,20.71875,True
/data/shared/Qwen/mydisk/output/SYNTHETIC/NVILA-Lite-2B-SYNTHETIC_MIX_5PCT_2M-20260226_023301/checkpoint-6250,obj2_farther,output/phasevar_5/0010_phA06_phB15.png,Is the magenta cube farther from the camera than the cyan sphere? Answer with yes or no.,No,No,20.28125,20.5,True
/data/shared/Qwen/mydisk/output/SYNTHETIC/NVILA-Lite-2B-SYNTHETIC_MIX_5PCT_2M-20260226_023301/checkpoint-6250,obj2_farther,output/phasevar_5/0010_phA07_phB00.png,Is the magenta cube farther from the camera than the cyan sphere? Answer with yes or no.,No,No,19.71875,19.84375,True
/data/shared/Qwen/mydisk/output/SYNTHETIC/NVILA-Lite-2B-SYNTHETIC_MIX_5PCT_2M-20260226_023301/checkpoint-6250,obj2_farther,output/phasevar_5/0010_phA07_phB01.png,Is the magenta cube farther from the camera than the cyan sphere? Answer with yes or no.,No,No,19.984375,20.0625,True
/data/shared/Qwen/mydisk/output/SYNTHETIC/NVILA-Lite-2B-SYNTHETIC_MIX_5PCT_2M-20260226_023301/checkpoint-6250,obj2_farther,output/phasevar_5/0010_phA07_phB02.png,Is the magenta cube farther from the camera than the cyan sphere? Answer with yes or no.,No,Yes,20.875,20.421875,False
/data/shared/Qwen/mydisk/output/SYNTHETIC/NVILA-Lite-2B-SYNTHETIC_MIX_5PCT_2M-20260226_023301/checkpoint-6250,obj2_farther,output/phasevar_5/0010_phA07_phB03.png,Is the magenta cube farther from the camera than the cyan sphere? Answer with yes or no.,No,Yes,20.4375,19.671875,False
/data/shared/Qwen/mydisk/output/SYNTHETIC/NVILA-Lite-2B-SYNTHETIC_MIX_5PCT_2M-20260226_023301/checkpoint-6250,obj2_farther,output/phasevar_5/0010_phA07_phB04.png,Is the magenta cube farther from the camera than the cyan sphere? Answer with yes or no.,No,No,19.46875,19.71875,True
/data/shared/Qwen/mydisk/output/SYNTHETIC/NVILA-Lite-2B-SYNTHETIC_MIX_5PCT_2M-20260226_023301/checkpoint-6250,obj2_farther,output/phasevar_5/0010_phA07_phB05.png,Is the magenta cube farther from the camera than the cyan sphere? Answer with yes or no.,No,No,19.5,19.5,True
/data/shared/Qwen/mydisk/output/SYNTHETIC/NVILA-Lite-2B-SYNTHETIC_MIX_5PCT_2M-20260226_023301/checkpoint-6250,obj2_farther,output/phasevar_5/0010_phA07_phB06.png,Is the magenta cube farther from the camera than the cyan sphere? Answer with yes or no.,No,No,19.8125,19.921875,True
/data/shared/Qwen/mydisk/output/SYNTHETIC/NVILA-Lite-2B-SYNTHETIC_MIX_5PCT_2M-20260226_023301/checkpoint-6250,obj2_farther,output/phasevar_5/0010_phA07_phB07.png,Is the magenta cube farther from the camera than the cyan sphere? Answer with yes or no.,No,No,19.171875,19.578125,True
/data/shared/Qwen/mydisk/output/SYNTHETIC/NVILA-Lite-2B-SYNTHETIC_MIX_5PCT_2M-20260226_023301/checkpoint-6250,obj2_farther,output/phasevar_5/0010_phA07_phB08.png,Is the magenta cube farther from the camera than the cyan sphere? Answer with yes or no.,No,No,19.59375,20.078125,True
/data/shared/Qwen/mydisk/output/SYNTHETIC/NVILA-Lite-2B-SYNTHETIC_MIX_5PCT_2M-20260226_023301/checkpoint-6250,obj2_farther,output/phasevar_5/0010_phA07_phB09.png,Is the magenta cube farther from the camera than the cyan sphere? Answer with yes or no.,No,No,20.15625,20.59375,True
/data/shared/Qwen/mydisk/output/SYNTHETIC/NVILA-Lite-2B-SYNTHETIC_MIX_5PCT_2M-20260226_023301/checkpoint-6250,obj2_farther,output/phasevar_5/0010_phA07_phB10.png,Is the magenta cube farther from the camera than the cyan sphere? Answer with yes or no.,No,No,20.28125,20.625,True
/data/shared/Qwen/mydisk/output/SYNTHETIC/NVILA-Lite-2B-SYNTHETIC_MIX_5PCT_2M-20260226_023301/checkpoint-6250,obj2_farther,output/phasevar_5/0010_phA07_phB11.png,Is the magenta cube farther from the camera than the cyan sphere? Answer with yes or no.,No,No,20.125,20.65625,True
/data/shared/Qwen/mydisk/output/SYNTHETIC/NVILA-Lite-2B-SYNTHETIC_MIX_5PCT_2M-20260226_023301/checkpoint-6250,obj2_farther,output/phasevar_5/0010_phA07_phB12.png,Is the magenta cube farther from the camera than the cyan sphere? Answer with yes or no.,No,No,19.9375,20.40625,True
/data/shared/Qwen/mydisk/output/SYNTHETIC/NVILA-Lite-2B-SYNTHETIC_MIX_5PCT_2M-20260226_023301/checkpoint-6250,obj2_farther,output/phasevar_5/0010_phA07_phB13.png,Is the magenta cube farther from the camera than the cyan sphere? Answer with yes or no.,No,No,19.828125,20.125,True
/data/shared/Qwen/mydisk/output/SYNTHETIC/NVILA-Lite-2B-SYNTHETIC_MIX_5PCT_2M-20260226_023301/checkpoint-6250,obj2_farther,output/phasevar_5/0010_phA07_phB14.png,Is the magenta cube farther from the camera than the cyan sphere? Answer with yes or no.,No,No,20.171875,20.375,True
/data/shared/Qwen/mydisk/output/SYNTHETIC/NVILA-Lite-2B-SYNTHETIC_MIX_5PCT_2M-20260226_023301/checkpoint-6250,obj2_farther,output/phasevar_5/0010_phA07_phB15.png,Is the magenta cube farther from the camera than the cyan sphere? Answer with yes or no.,No,No,20.28125,20.359375,True
/data/shared/Qwen/mydisk/output/SYNTHETIC/NVILA-Lite-2B-SYNTHETIC_MIX_5PCT_2M-20260226_023301/checkpoint-6250,obj2_farther,output/phasevar_5/0010_phA08_phB00.png,Is the magenta cube farther from the camera than the cyan sphere? Answer with yes or no.,No,No,19.765625,19.875,True
/data/shared/Qwen/mydisk/output/SYNTHETIC/NVILA-Lite-2B-SYNTHETIC_MIX_5PCT_2M-20260226_023301/checkpoint-6250,obj2_farther,output/phasevar_5/0010_phA08_phB01.png,Is the magenta cube farther from the camera than the cyan sphere? Answer with yes or no.,No,Yes,20.359375,20.171875,False
/data/shared/Qwen/mydisk/output/SYNTHETIC/NVILA-Lite-2B-SYNTHETIC_MIX_5PCT_2M-20260226_023301/checkpoint-6250,obj2_farther,output/phasevar_5/0010_phA08_phB02.png,Is the magenta cube farther from the camera than the cyan sphere? Answer with yes or no.,No,Yes,21.078125,20.5,False
/data/shared/Qwen/mydisk/output/SYNTHETIC/NVILA-Lite-2B-SYNTHETIC_MIX_5PCT_2M-20260226_023301/checkpoint-6250,obj2_farther,output/phasevar_5/0010_phA08_phB03.png,Is the magenta cube farther from the camera than the cyan sphere? Answer with yes or no.,No,Yes,20.546875,19.734375,False
/data/shared/Qwen/mydisk/output/SYNTHETIC/NVILA-Lite-2B-SYNTHETIC_MIX_5PCT_2M-20260226_023301/checkpoint-6250,obj2_farther,output/phasevar_5/0010_phA08_phB04.png,Is the magenta cube farther from the camera than the cyan sphere? Answer with yes or no.,No,No,19.5625,19.625,True
/data/shared/Qwen/mydisk/output/SYNTHETIC/NVILA-Lite-2B-SYNTHETIC_MIX_5PCT_2M-20260226_023301/checkpoint-6250,obj2_farther,output/phasevar_5/0010_phA08_phB05.png,Is the magenta cube farther from the camera than the cyan sphere? Answer with yes or no.,No,Yes,19.765625,19.609375,False
/data/shared/Qwen/mydisk/output/SYNTHETIC/NVILA-Lite-2B-SYNTHETIC_MIX_5PCT_2M-20260226_023301/checkpoint-6250,obj2_farther,output/phasevar_5/0010_phA08_phB06.png,Is the magenta cube farther from the camera than the cyan sphere? Answer with yes or no.,No,Yes,20.0625,19.953125,False
/data/shared/Qwen/mydisk/output/SYNTHETIC/NVILA-Lite-2B-SYNTHETIC_MIX_5PCT_2M-20260226_023301/checkpoint-6250,obj2_farther,output/phasevar_5/0010_phA08_phB07.png,Is the magenta cube farther from the camera than the cyan sphere? Answer with yes or no.,No,No,19.296875,19.453125,True
/data/shared/Qwen/mydisk/output/SYNTHETIC/NVILA-Lite-2B-SYNTHETIC_MIX_5PCT_2M-20260226_023301/checkpoint-6250,obj2_farther,output/phasevar_5/0010_phA08_phB08.png,Is the magenta cube farther from the camera than the cyan sphere? Answer with yes or no.,No,No,19.515625,19.984375,True
/data/shared/Qwen/mydisk/output/SYNTHETIC/NVILA-Lite-2B-SYNTHETIC_MIX_5PCT_2M-20260226_023301/checkpoint-6250,obj2_farther,output/phasevar_5/0010_phA08_phB09.png,Is the magenta cube farther from the camera than the cyan sphere? Answer with yes or no.,No,No,19.9375,20.578125,True
/data/shared/Qwen/mydisk/output/SYNTHETIC/NVILA-Lite-2B-SYNTHETIC_MIX_5PCT_2M-20260226_023301/checkpoint-6250,obj2_farther,output/phasevar_5/0010_phA08_phB10.png,Is the magenta cube farther from the camera than the cyan sphere? Answer with yes or no.,No,No,20.15625,20.5,True
/data/shared/Qwen/mydisk/output/SYNTHETIC/NVILA-Lite-2B-SYNTHETIC_MIX_5PCT_2M-20260226_023301/checkpoint-6250,obj2_farther,output/phasevar_5/0010_phA08_phB11.png,Is the magenta cube farther from the camera than the cyan sphere? Answer with yes or no.,No,No,19.953125,20.453125,True
/data/shared/Qwen/mydisk/output/SYNTHETIC/NVILA-Lite-2B-SYNTHETIC_MIX_5PCT_2M-20260226_023301/checkpoint-6250,obj2_farther,output/phasevar_5/0010_phA08_phB12.png,Is the magenta cube farther from the camera than the cyan sphere? Answer with yes or no.,No,No,19.59375,20.09375,True
/data/shared/Qwen/mydisk/output/SYNTHETIC/NVILA-Lite-2B-SYNTHETIC_MIX_5PCT_2M-20260226_023301/checkpoint-6250,obj2_farther,output/phasevar_5/0010_phA08_phB13.png,Is the magenta cube farther from the camera than the cyan sphere? Answer with yes or no.,No,No,19.53125,19.875,True
/data/shared/Qwen/mydisk/output/SYNTHETIC/NVILA-Lite-2B-SYNTHETIC_MIX_5PCT_2M-20260226_023301/checkpoint-6250,obj2_farther,output/phasevar_5/0010_phA08_phB14.png,Is the magenta cube farther from the camera than the cyan sphere? Answer with yes or no.,No,No,20.046875,20.265625,True
/data/shared/Qwen/mydisk/output/SYNTHETIC/NVILA-Lite-2B-SYNTHETIC_MIX_5PCT_2M-20260226_023301/checkpoint-6250,obj2_farther,output/phasevar_5/0010_phA08_phB15.png,Is the magenta cube farther from the camera than the cyan sphere? Answer with yes or no.,No,No,20.234375,20.3125,True
/data/shared/Qwen/mydisk/output/SYNTHETIC/NVILA-Lite-2B-SYNTHETIC_MIX_5PCT_2M-20260226_023301/checkpoint-6250,obj2_farther,output/phasevar_5/0010_phA09_phB00.png,Is the magenta cube farther from the camera than the cyan sphere? Answer with yes or no.,No,Yes,19.984375,19.96875,False
/data/shared/Qwen/mydisk/output/SYNTHETIC/NVILA-Lite-2B-SYNTHETIC_MIX_5PCT_2M-20260226_023301/checkpoint-6250,obj2_farther,output/phasevar_5/0010_phA09_phB01.png,Is the magenta cube farther from the camera than the cyan sphere? Answer with yes or no.,No,Yes,20.859375,20.3125,False
/data/shared/Qwen/mydisk/output/SYNTHETIC/NVILA-Lite-2B-SYNTHETIC_MIX_5PCT_2M-20260226_023301/checkpoint-6250,obj2_farther,output/phasevar_5/0010_phA09_phB02.png,Is the magenta cube farther from the camera than the cyan sphere? Answer with yes or no.,No,Yes,21.390625,20.453125,False
/data/shared/Qwen/mydisk/output/SYNTHETIC/NVILA-Lite-2B-SYNTHETIC_MIX_5PCT_2M-20260226_023301/checkpoint-6250,obj2_farther,output/phasevar_5/0010_phA09_phB03.png,Is the magenta cube farther from the camera than the cyan sphere? Answer with yes or no.,No,Yes,20.890625,19.84375,False
/data/shared/Qwen/mydisk/output/SYNTHETIC/NVILA-Lite-2B-SYNTHETIC_MIX_5PCT_2M-20260226_023301/checkpoint-6250,obj2_farther,output/phasevar_5/0010_phA09_phB04.png,Is the magenta cube farther from the camera than the cyan sphere? Answer with yes or no.,No,Yes,19.71875,19.625,False
/data/shared/Qwen/mydisk/output/SYNTHETIC/NVILA-Lite-2B-SYNTHETIC_MIX_5PCT_2M-20260226_023301/checkpoint-6250,obj2_farther,output/phasevar_5/0010_phA09_phB05.png,Is the magenta cube farther from the camera than the cyan sphere? Answer with yes or no.,No,Yes,19.875,19.53125,False
/data/shared/Qwen/mydisk/output/SYNTHETIC/NVILA-Lite-2B-SYNTHETIC_MIX_5PCT_2M-20260226_023301/checkpoint-6250,obj2_farther,output/phasevar_5/0010_phA09_phB06.png,Is the magenta cube farther from the camera than the cyan sphere? Answer with yes or no.,No,Yes,20.171875,19.796875,False
/data/shared/Qwen/mydisk/output/SYNTHETIC/NVILA-Lite-2B-SYNTHETIC_MIX_5PCT_2M-20260226_023301/checkpoint-6250,obj2_farther,output/phasevar_5/0010_phA09_phB07.png,Is the magenta cube farther from the camera than the cyan sphere? Answer with yes or no.,No,Yes,19.328125,19.3125,False
/data/shared/Qwen/mydisk/output/SYNTHETIC/NVILA-Lite-2B-SYNTHETIC_MIX_5PCT_2M-20260226_023301/checkpoint-6250,obj2_farther,output/phasevar_5/0010_phA09_phB08.png,Is the magenta cube farther from the camera than the cyan sphere? Answer with yes or no.,No,No,19.609375,19.921875,True
/data/shared/Qwen/mydisk/output/SYNTHETIC/NVILA-Lite-2B-SYNTHETIC_MIX_5PCT_2M-20260226_023301/checkpoint-6250,obj2_farther,output/phasevar_5/0010_phA09_phB09.png,Is the magenta cube farther from the camera than the cyan sphere? Answer with yes or no.,No,No,19.859375,20.5625,True
/data/shared/Qwen/mydisk/output/SYNTHETIC/NVILA-Lite-2B-SYNTHETIC_MIX_5PCT_2M-20260226_023301/checkpoint-6250,obj2_farther,output/phasevar_5/0010_phA09_phB10.png,Is the magenta cube farther from the camera than the cyan sphere? Answer with yes or no.,No,No,20.015625,20.4375,True
/data/shared/Qwen/mydisk/output/SYNTHETIC/NVILA-Lite-2B-SYNTHETIC_MIX_5PCT_2M-20260226_023301/checkpoint-6250,obj2_farther,output/phasevar_5/0010_phA09_phB11.png,Is the magenta cube farther from the camera than the cyan sphere? Answer with yes or no.,No,No,19.671875,20.28125,True
/data/shared/Qwen/mydisk/output/SYNTHETIC/NVILA-Lite-2B-SYNTHETIC_MIX_5PCT_2M-20260226_023301/checkpoint-6250,obj2_farther,output/phasevar_5/0010_phA09_phB12.png,Is the magenta cube farther from the camera than the cyan sphere? Answer with yes or no.,No,No,19.484375,19.921875,True
/data/shared/Qwen/mydisk/output/SYNTHETIC/NVILA-Lite-2B-SYNTHETIC_MIX_5PCT_2M-20260226_023301/checkpoint-6250,obj2_farther,output/phasevar_5/0010_phA09_phB13.png,Is the magenta cube farther from the camera than the cyan sphere? Answer with yes or no.,No,No,19.46875,19.59375,True
/data/shared/Qwen/mydisk/output/SYNTHETIC/NVILA-Lite-2B-SYNTHETIC_MIX_5PCT_2M-20260226_023301/checkpoint-6250,obj2_farther,output/phasevar_5/0010_phA09_phB14.png,Is the magenta cube farther from the camera than the cyan sphere? Answer with yes or no.,No,No,20.078125,20.21875,True
/data/shared/Qwen/mydisk/output/SYNTHETIC/NVILA-Lite-2B-SYNTHETIC_MIX_5PCT_2M-20260226_023301/checkpoint-6250,obj2_farther,output/phasevar_5/0010_phA09_phB15.png,Is the magenta cube farther from the camera than the cyan sphere? Answer with yes or no.,No,Yes,20.40625,20.359375,False
/data/shared/Qwen/mydisk/output/SYNTHETIC/NVILA-Lite-2B-SYNTHETIC_MIX_5PCT_2M-20260226_023301/checkpoint-6250,obj2_farther,output/phasevar_5/0010_phA10_phB00.png,Is the magenta cube farther from the camera than the cyan sphere? Answer with yes or no.,No,Yes,20.421875,20.28125,False
/data/shared/Qwen/mydisk/output/SYNTHETIC/NVILA-Lite-2B-SYNTHETIC_MIX_5PCT_2M-20260226_023301/checkpoint-6250,obj2_farther,output/phasevar_5/0010_phA10_phB01.png,Is the magenta cube farther from the camera than the cyan sphere? Answer with yes or no.,No,Yes,21.09375,20.359375,False
/data/shared/Qwen/mydisk/output/SYNTHETIC/NVILA-Lite-2B-SYNTHETIC_MIX_5PCT_2M-20260226_023301/checkpoint-6250,obj2_farther,output/phasevar_5/0010_phA10_phB02.png,Is the magenta cube farther from the camera than the cyan sphere? Answer with yes or no.,No,Yes,21.640625,20.546875,False
/data/shared/Qwen/mydisk/output/SYNTHETIC/NVILA-Lite-2B-SYNTHETIC_MIX_5PCT_2M-20260226_023301/checkpoint-6250,obj2_farther,output/phasevar_5/0010_phA10_phB03.png,Is the magenta cube farther from the camera than the cyan sphere? Answer with yes or no.,No,Yes,20.953125,19.875,False
/data/shared/Qwen/mydisk/output/SYNTHETIC/NVILA-Lite-2B-SYNTHETIC_MIX_5PCT_2M-20260226_023301/checkpoint-6250,obj2_farther,output/phasevar_5/0010_phA10_phB04.png,Is the magenta cube farther from the camera than the cyan sphere? Answer with yes or no.,No,Yes,19.875,19.625,False
/data/shared/Qwen/mydisk/output/SYNTHETIC/NVILA-Lite-2B-SYNTHETIC_MIX_5PCT_2M-20260226_023301/checkpoint-6250,obj2_farther,output/phasevar_5/0010_phA10_phB05.png,Is the magenta cube farther from the camera than the cyan sphere? Answer with yes or no.,No,Yes,20.15625,19.5,False
/data/shared/Qwen/mydisk/output/SYNTHETIC/NVILA-Lite-2B-SYNTHETIC_MIX_5PCT_2M-20260226_023301/checkpoint-6250,obj2_farther,output/phasevar_5/0010_phA10_phB06.png,Is the magenta cube farther from the camera than the cyan sphere? Answer with yes or no.,No,Yes,20.296875,19.65625,False
/data/shared/Qwen/mydisk/output/SYNTHETIC/NVILA-Lite-2B-SYNTHETIC_MIX_5PCT_2M-20260226_023301/checkpoint-6250,obj2_farther,output/phasevar_5/0010_phA10_phB07.png,Is the magenta cube farther from the camera than the cyan sphere? Answer with yes or no.,No,Yes,19.671875,19.234375,False
/data/shared/Qwen/mydisk/output/SYNTHETIC/NVILA-Lite-2B-SYNTHETIC_MIX_5PCT_2M-20260226_023301/checkpoint-6250,obj2_farther,output/phasevar_5/0010_phA10_phB08.png,Is the magenta cube farther from the camera than the cyan sphere? Answer with yes or no.,No,Yes,20.078125,19.703125,False
/data/shared/Qwen/mydisk/output/SYNTHETIC/NVILA-Lite-2B-SYNTHETIC_MIX_5PCT_2M-20260226_023301/checkpoint-6250,obj2_farther,output/phasevar_5/0010_phA10_phB09.png,Is the magenta cube farther from the camera than the cyan sphere? Answer with yes or no.,No,No,20.015625,20.21875,True
/data/shared/Qwen/mydisk/output/SYNTHETIC/NVILA-Lite-2B-SYNTHETIC_MIX_5PCT_2M-20260226_023301/checkpoint-6250,obj2_farther,output/phasevar_5/0010_phA10_phB10.png,Is the magenta cube farther from the camera than the cyan sphere? Answer with yes or no.,No,No,19.984375,20.46875,True
/data/shared/Qwen/mydisk/output/SYNTHETIC/NVILA-Lite-2B-SYNTHETIC_MIX_5PCT_2M-20260226_023301/checkpoint-6250,obj2_farther,output/phasevar_5/0010_phA10_phB11.png,Is the magenta cube farther from the camera than the cyan sphere? Answer with yes or no.,No,No,19.515625,20.28125,True
/data/shared/Qwen/mydisk/output/SYNTHETIC/NVILA-Lite-2B-SYNTHETIC_MIX_5PCT_2M-20260226_023301/checkpoint-6250,obj2_farther,output/phasevar_5/0010_phA10_phB12.png,Is the magenta cube farther from the camera than the cyan sphere? Answer with yes or no.,No,No,19.171875,19.84375,True
/data/shared/Qwen/mydisk/output/SYNTHETIC/NVILA-Lite-2B-SYNTHETIC_MIX_5PCT_2M-20260226_023301/checkpoint-6250,obj2_farther,output/phasevar_5/0010_phA10_phB13.png,Is the magenta cube farther from the camera than the cyan sphere? Answer with yes or no.,No,No,19.125,19.5625,True
/data/shared/Qwen/mydisk/output/SYNTHETIC/NVILA-Lite-2B-SYNTHETIC_MIX_5PCT_2M-20260226_023301/checkpoint-6250,obj2_farther,output/phasevar_5/0010_phA10_phB14.png,Is the magenta cube farther from the camera than the cyan sphere? Answer with yes or no.,No,No,19.859375,20.15625,True
/data/shared/Qwen/mydisk/output/SYNTHETIC/NVILA-Lite-2B-SYNTHETIC_MIX_5PCT_2M-20260226_023301/checkpoint-6250,obj2_farther,output/phasevar_5/0010_phA10_phB15.png,Is the magenta cube farther from the camera than the cyan sphere? Answer with yes or no.,No,Yes,20.46875,20.453125,False
/data/shared/Qwen/mydisk/output/SYNTHETIC/NVILA-Lite-2B-SYNTHETIC_MIX_5PCT_2M-20260226_023301/checkpoint-6250,obj2_farther,output/phasevar_5/0010_phA11_phB00.png,Is the magenta cube farther from the camera than the cyan sphere? Answer with yes or no.,No,Yes,20.34375,20.21875,False
/data/shared/Qwen/mydisk/output/SYNTHETIC/NVILA-Lite-2B-SYNTHETIC_MIX_5PCT_2M-20260226_023301/checkpoint-6250,obj2_farther,output/phasevar_5/0010_phA11_phB01.png,Is the magenta cube farther from the camera than the cyan sphere? Answer with yes or no.,No,Yes,21.0625,20.328125,False
/data/shared/Qwen/mydisk/output/SYNTHETIC/NVILA-Lite-2B-SYNTHETIC_MIX_5PCT_2M-20260226_023301/checkpoint-6250,obj2_farther,output/phasevar_5/0010_phA11_phB02.png,Is the magenta cube farther from the camera than the cyan sphere? Answer with yes or no.,No,Yes,21.46875,20.484375,False
/data/shared/Qwen/mydisk/output/SYNTHETIC/NVILA-Lite-2B-SYNTHETIC_MIX_5PCT_2M-20260226_023301/checkpoint-6250,obj2_farther,output/phasevar_5/0010_phA11_phB03.png,Is the magenta cube farther from the camera than the cyan sphere? Answer with yes or no.,No,Yes,20.78125,19.75,False
/data/shared/Qwen/mydisk/output/SYNTHETIC/NVILA-Lite-2B-SYNTHETIC_MIX_5PCT_2M-20260226_023301/checkpoint-6250,obj2_farther,output/phasevar_5/0010_phA11_phB04.png,Is the magenta cube farther from the camera than the cyan sphere? Answer with yes or no.,No,Yes,19.90625,19.625,False
/data/shared/Qwen/mydisk/output/SYNTHETIC/NVILA-Lite-2B-SYNTHETIC_MIX_5PCT_2M-20260226_023301/checkpoint-6250,obj2_farther,output/phasevar_5/0010_phA11_phB05.png,Is the magenta cube farther from the camera than the cyan sphere? Answer with yes or no.,No,Yes,20.171875,19.484375,False
/data/shared/Qwen/mydisk/output/SYNTHETIC/NVILA-Lite-2B-SYNTHETIC_MIX_5PCT_2M-20260226_023301/checkpoint-6250,obj2_farther,output/phasevar_5/0010_phA11_phB06.png,Is the magenta cube farther from the camera than the cyan sphere? Answer with yes or no.,No,Yes,20.265625,19.4375,False
/data/shared/Qwen/mydisk/output/SYNTHETIC/NVILA-Lite-2B-SYNTHETIC_MIX_5PCT_2M-20260226_023301/checkpoint-6250,obj2_farther,output/phasevar_5/0010_phA11_phB07.png,Is the magenta cube farther from the camera than the cyan sphere? Answer with yes or no.,No,Yes,19.796875,19.140625,False
/data/shared/Qwen/mydisk/output/SYNTHETIC/NVILA-Lite-2B-SYNTHETIC_MIX_5PCT_2M-20260226_023301/checkpoint-6250,obj2_farther,output/phasevar_5/0010_phA11_phB08.png,Is the magenta cube farther from the camera than the cyan sphere? Answer with yes or no.,No,Yes,20.078125,19.5625,False
/data/shared/Qwen/mydisk/output/SYNTHETIC/NVILA-Lite-2B-SYNTHETIC_MIX_5PCT_2M-20260226_023301/checkpoint-6250,obj2_farther,output/phasevar_5/0010_phA11_phB09.png,Is the magenta cube farther from the camera than the cyan sphere? Answer with yes or no.,No,Yes,20.1875,20.078125,False
/data/shared/Qwen/mydisk/output/SYNTHETIC/NVILA-Lite-2B-SYNTHETIC_MIX_5PCT_2M-20260226_023301/checkpoint-6250,obj2_farther,output/phasevar_5/0010_phA11_phB10.png,Is the magenta cube farther from the camera than the cyan sphere? Answer with yes or no.,No,No,20.1875,20.328125,True
/data/shared/Qwen/mydisk/output/SYNTHETIC/NVILA-Lite-2B-SYNTHETIC_MIX_5PCT_2M-20260226_023301/checkpoint-6250,obj2_farther,output/phasevar_5/0010_phA11_phB11.png,Is the magenta cube farther from the camera than the cyan sphere? Answer with yes or no.,No,No,19.703125,20.390625,True
/data/shared/Qwen/mydisk/output/SYNTHETIC/NVILA-Lite-2B-SYNTHETIC_MIX_5PCT_2M-20260226_023301/checkpoint-6250,obj2_farther,output/phasevar_5/0010_phA11_phB12.png,Is the magenta cube farther from the camera than the cyan sphere? Answer with yes or no.,No,No,19.046875,19.890625,True
/data/shared/Qwen/mydisk/output/SYNTHETIC/NVILA-Lite-2B-SYNTHETIC_MIX_5PCT_2M-20260226_023301/checkpoint-6250,obj2_farther,output/phasevar_5/0010_phA11_phB13.png,Is the magenta cube farther from the camera than the cyan sphere? Answer with yes or no.,No,No,19.03125,19.515625,True
/data/shared/Qwen/mydisk/output/SYNTHETIC/NVILA-Lite-2B-SYNTHETIC_MIX_5PCT_2M-20260226_023301/checkpoint-6250,obj2_farther,output/phasevar_5/0010_phA11_phB14.png,Is the magenta cube farther from the camera than the cyan sphere? Answer with yes or no.,No,No,19.9375,20.1875,True
/data/shared/Qwen/mydisk/output/SYNTHETIC/NVILA-Lite-2B-SYNTHETIC_MIX_5PCT_2M-20260226_023301/checkpoint-6250,obj2_farther,output/phasevar_5/0010_phA11_phB15.png,Is the magenta cube farther from the camera than the cyan sphere? Answer with yes or no.,No,No,20.328125,20.375,True
/data/shared/Qwen/mydisk/output/SYNTHETIC/NVILA-Lite-2B-SYNTHETIC_MIX_5PCT_2M-20260226_023301/checkpoint-6250,obj2_farther,output/phasevar_5/0010_phA12_phB00.png,Is the magenta cube farther from the camera than the cyan sphere? Answer with yes or no.,No,Yes,20.578125,20.28125,False
/data/shared/Qwen/mydisk/output/SYNTHETIC/NVILA-Lite-2B-SYNTHETIC_MIX_5PCT_2M-20260226_023301/checkpoint-6250,obj2_farther,output/phasevar_5/0010_phA12_phB01.png,Is the magenta cube farther from the camera than the cyan sphere? Answer with yes or no.,No,Yes,21.140625,20.28125,False
/data/shared/Qwen/mydisk/output/SYNTHETIC/NVILA-Lite-2B-SYNTHETIC_MIX_5PCT_2M-20260226_023301/checkpoint-6250,obj2_farther,output/phasevar_5/0010_phA12_phB02.png,Is the magenta cube farther from the camera than the cyan sphere? Answer with yes or no.,No,Yes,21.484375,20.4375,False
/data/shared/Qwen/mydisk/output/SYNTHETIC/NVILA-Lite-2B-SYNTHETIC_MIX_5PCT_2M-20260226_023301/checkpoint-6250,obj2_farther,output/phasevar_5/0010_phA12_phB03.png,Is the magenta cube farther from the camera than the cyan sphere? Answer with yes or no.,No,Yes,20.828125,19.609375,False
/data/shared/Qwen/mydisk/output/SYNTHETIC/NVILA-Lite-2B-SYNTHETIC_MIX_5PCT_2M-20260226_023301/checkpoint-6250,obj2_farther,output/phasevar_5/0010_phA12_phB04.png,Is the magenta cube farther from the camera than the cyan sphere? Answer with yes or no.,No,Yes,20.140625,19.671875,False
/data/shared/Qwen/mydisk/output/SYNTHETIC/NVILA-Lite-2B-SYNTHETIC_MIX_5PCT_2M-20260226_023301/checkpoint-6250,obj2_farther,output/phasevar_5/0010_phA12_phB05.png,Is the magenta cube farther from the camera than the cyan sphere? Answer with yes or no.,No,Yes,20.40625,19.515625,False
/data/shared/Qwen/mydisk/output/SYNTHETIC/NVILA-Lite-2B-SYNTHETIC_MIX_5PCT_2M-20260226_023301/checkpoint-6250,obj2_farther,output/phasevar_5/0010_phA12_phB06.png,Is the magenta cube farther from the camera than the cyan sphere? Answer with yes or no.,No,Yes,20.671875,19.5,False
/data/shared/Qwen/mydisk/output/SYNTHETIC/NVILA-Lite-2B-SYNTHETIC_MIX_5PCT_2M-20260226_023301/checkpoint-6250,obj2_farther,output/phasevar_5/0010_phA12_phB07.png,Is the magenta cube farther from the camera than the cyan sphere? Answer with yes or no.,No,Yes,19.9375,19.234375,False
/data/shared/Qwen/mydisk/output/SYNTHETIC/NVILA-Lite-2B-SYNTHETIC_MIX_5PCT_2M-20260226_023301/checkpoint-6250,obj2_farther,output/phasevar_5/0010_phA12_phB08.png,Is the magenta cube farther from the camera than the cyan sphere? Answer with yes or no.,No,Yes,20.15625,19.59375,False
/data/shared/Qwen/mydisk/output/SYNTHETIC/NVILA-Lite-2B-SYNTHETIC_MIX_5PCT_2M-20260226_023301/checkpoint-6250,obj2_farther,output/phasevar_5/0010_phA12_phB09.png,Is the magenta cube farther from the camera than the cyan sphere? Answer with yes or no.,No,Yes,20.34375,20.0625,False
/data/shared/Qwen/mydisk/output/SYNTHETIC/NVILA-Lite-2B-SYNTHETIC_MIX_5PCT_2M-20260226_023301/checkpoint-6250,obj2_farther,output/phasevar_5/0010_phA12_phB10.png,Is the magenta cube farther from the camera than the cyan sphere? Answer with yes or no.,No,No,20.296875,20.328125,True
/data/shared/Qwen/mydisk/output/SYNTHETIC/NVILA-Lite-2B-SYNTHETIC_MIX_5PCT_2M-20260226_023301/checkpoint-6250,obj2_farther,output/phasevar_5/0010_phA12_phB11.png,Is the magenta cube farther from the camera than the cyan sphere? Answer with yes or no.,No,No,20.078125,20.59375,True
/data/shared/Qwen/mydisk/output/SYNTHETIC/NVILA-Lite-2B-SYNTHETIC_MIX_5PCT_2M-20260226_023301/checkpoint-6250,obj2_farther,output/phasevar_5/0010_phA12_phB12.png,Is the magenta cube farther from the camera than the cyan sphere? Answer with yes or no.,No,No,19.21875,20.078125,True
/data/shared/Qwen/mydisk/output/SYNTHETIC/NVILA-Lite-2B-SYNTHETIC_MIX_5PCT_2M-20260226_023301/checkpoint-6250,obj2_farther,output/phasevar_5/0010_phA12_phB13.png,Is the magenta cube farther from the camera than the cyan sphere? Answer with yes or no.,No,No,19.125,19.453125,True
/data/shared/Qwen/mydisk/output/SYNTHETIC/NVILA-Lite-2B-SYNTHETIC_MIX_5PCT_2M-20260226_023301/checkpoint-6250,obj2_farther,output/phasevar_5/0010_phA12_phB14.png,Is the magenta cube farther from the camera than the cyan sphere? Answer with yes or no.,No,No,20.015625,20.125,True
/data/shared/Qwen/mydisk/output/SYNTHETIC/NVILA-Lite-2B-SYNTHETIC_MIX_5PCT_2M-20260226_023301/checkpoint-6250,obj2_farther,output/phasevar_5/0010_phA12_phB15.png,Is the magenta cube farther from the camera than the cyan sphere? Answer with yes or no.,No,Yes,20.59375,20.359375,False
/data/shared/Qwen/mydisk/output/SYNTHETIC/NVILA-Lite-2B-SYNTHETIC_MIX_5PCT_2M-20260226_023301/checkpoint-6250,obj2_farther,output/phasevar_5/0010_phA13_phB00.png,Is the magenta cube farther from the camera than the cyan sphere? Answer with yes or no.,No,Yes,20.90625,20.625,False
/data/shared/Qwen/mydisk/output/SYNTHETIC/NVILA-Lite-2B-SYNTHETIC_MIX_5PCT_2M-20260226_023301/checkpoint-6250,obj2_farther,output/phasevar_5/0010_phA13_phB01.png,Is the magenta cube farther from the camera than the cyan sphere? Answer with yes or no.,No,Yes,21.328125,20.546875,False
/data/shared/Qwen/mydisk/output/SYNTHETIC/NVILA-Lite-2B-SYNTHETIC_MIX_5PCT_2M-20260226_023301/checkpoint-6250,obj2_farther,output/phasevar_5/0010_phA13_phB02.png,Is the magenta cube farther from the camera than the cyan sphere? Answer with yes or no.,No,Yes,21.359375,20.578125,False
/data/shared/Qwen/mydisk/output/SYNTHETIC/NVILA-Lite-2B-SYNTHETIC_MIX_5PCT_2M-20260226_023301/checkpoint-6250,obj2_farther,output/phasevar_5/0010_phA13_phB03.png,Is the magenta cube farther from the camera than the cyan sphere? Answer with yes or no.,No,Yes,20.53125,19.734375,False
/data/shared/Qwen/mydisk/output/SYNTHETIC/NVILA-Lite-2B-SYNTHETIC_MIX_5PCT_2M-20260226_023301/checkpoint-6250,obj2_farther,output/phasevar_5/0010_phA13_phB04.png,Is the magenta cube farther from the camera than the cyan sphere? Answer with yes or no.,No,Yes,20.28125,19.953125,False
/data/shared/Qwen/mydisk/output/SYNTHETIC/NVILA-Lite-2B-SYNTHETIC_MIX_5PCT_2M-20260226_023301/checkpoint-6250,obj2_farther,output/phasevar_5/0010_phA13_phB05.png,Is the magenta cube farther from the camera than the cyan sphere? Answer with yes or no.,No,Yes,20.4375,19.765625,False
/data/shared/Qwen/mydisk/output/SYNTHETIC/NVILA-Lite-2B-SYNTHETIC_MIX_5PCT_2M-20260226_023301/checkpoint-6250,obj2_farther,output/phasevar_5/0010_phA13_phB06.png,Is the magenta cube farther from the camera than the cyan sphere? Answer with yes or no.,No,Yes,20.71875,19.703125,False
/data/shared/Qwen/mydisk/output/SYNTHETIC/NVILA-Lite-2B-SYNTHETIC_MIX_5PCT_2M-20260226_023301/checkpoint-6250,obj2_farther,output/phasevar_5/0010_phA13_phB07.png,Is the magenta cube farther from the camera than the cyan sphere? Answer with yes or no.,No,Yes,20.03125,19.5,False
/data/shared/Qwen/mydisk/output/SYNTHETIC/NVILA-Lite-2B-SYNTHETIC_MIX_5PCT_2M-20260226_023301/checkpoint-6250,obj2_farther,output/phasevar_5/0010_phA13_phB08.png,Is the magenta cube farther from the camera than the cyan sphere? Answer with yes or no.,No,Yes,20.265625,19.796875,False
/data/shared/Qwen/mydisk/output/SYNTHETIC/NVILA-Lite-2B-SYNTHETIC_MIX_5PCT_2M-20260226_023301/checkpoint-6250,obj2_farther,output/phasevar_5/0010_phA13_phB09.png,Is the magenta cube farther from the camera than the cyan sphere? Answer with yes or no.,No,Yes,20.421875,20.375,False
/data/shared/Qwen/mydisk/output/SYNTHETIC/NVILA-Lite-2B-SYNTHETIC_MIX_5PCT_2M-20260226_023301/checkpoint-6250,obj2_farther,output/phasevar_5/0010_phA13_phB10.png,Is the magenta cube farther from the camera than the cyan sphere? Answer with yes or no.,No,No,20.75,20.9375,True
/data/shared/Qwen/mydisk/output/SYNTHETIC/NVILA-Lite-2B-SYNTHETIC_MIX_5PCT_2M-20260226_023301/checkpoint-6250,obj2_farther,output/phasevar_5/0010_phA13_phB11.png,Is the magenta cube farther from the camera than the cyan sphere? Answer with yes or no.,No,No,20.421875,20.96875,True
/data/shared/Qwen/mydisk/output/SYNTHETIC/NVILA-Lite-2B-SYNTHETIC_MIX_5PCT_2M-20260226_023301/checkpoint-6250,obj2_farther,output/phasevar_5/0010_phA13_phB12.png,Is the magenta cube farther from the camera than the cyan sphere? Answer with yes or no.,No,No,19.484375,20.671875,True
/data/shared/Qwen/mydisk/output/SYNTHETIC/NVILA-Lite-2B-SYNTHETIC_MIX_5PCT_2M-20260226_023301/checkpoint-6250,obj2_farther,output/phasevar_5/0010_phA13_phB13.png,Is the magenta cube farther from the camera than the cyan sphere? Answer with yes or no.,No,No,19.171875,19.828125,True
/data/shared/Qwen/mydisk/output/SYNTHETIC/NVILA-Lite-2B-SYNTHETIC_MIX_5PCT_2M-20260226_023301/checkpoint-6250,obj2_farther,output/phasevar_5/0010_phA13_phB14.png,Is the magenta cube farther from the camera than the cyan sphere? Answer with yes or no.,No,No,20.125,20.4375,True
/data/shared/Qwen/mydisk/output/SYNTHETIC/NVILA-Lite-2B-SYNTHETIC_MIX_5PCT_2M-20260226_023301/checkpoint-6250,obj2_farther,output/phasevar_5/0010_phA13_phB15.png,Is the magenta cube farther from the camera than the cyan sphere? Answer with yes or no.,No,No,20.375,20.484375,True
/data/shared/Qwen/mydisk/output/SYNTHETIC/NVILA-Lite-2B-SYNTHETIC_MIX_5PCT_2M-20260226_023301/checkpoint-6250,obj2_farther,output/phasevar_5/0010_phA14_phB00.png,Is the magenta cube farther from the camera than the cyan sphere? Answer with yes or no.,No,Yes,20.796875,20.6875,False
/data/shared/Qwen/mydisk/output/SYNTHETIC/NVILA-Lite-2B-SYNTHETIC_MIX_5PCT_2M-20260226_023301/checkpoint-6250,obj2_farther,output/phasevar_5/0010_phA14_phB01.png,Is the magenta cube farther from the camera than the cyan sphere? Answer with yes or no.,No,Yes,21.125,20.578125,False
/data/shared/Qwen/mydisk/output/SYNTHETIC/NVILA-Lite-2B-SYNTHETIC_MIX_5PCT_2M-20260226_023301/checkpoint-6250,obj2_farther,output/phasevar_5/0010_phA14_phB02.png,Is the magenta cube farther from the camera than the cyan sphere? Answer with yes or no.,No,Yes,21.375,20.71875,False
/data/shared/Qwen/mydisk/output/SYNTHETIC/NVILA-Lite-2B-SYNTHETIC_MIX_5PCT_2M-20260226_023301/checkpoint-6250,obj2_farther,output/phasevar_5/0010_phA14_phB03.png,Is the magenta cube farther from the camera than the cyan sphere? Answer with yes or no.,No,Yes,20.6875,19.921875,False
/data/shared/Qwen/mydisk/output/SYNTHETIC/NVILA-Lite-2B-SYNTHETIC_MIX_5PCT_2M-20260226_023301/checkpoint-6250,obj2_farther,output/phasevar_5/0010_phA14_phB04.png,Is the magenta cube farther from the camera than the cyan sphere? Answer with yes or no.,No,Yes,20.234375,20.078125,False
/data/shared/Qwen/mydisk/output/SYNTHETIC/NVILA-Lite-2B-SYNTHETIC_MIX_5PCT_2M-20260226_023301/checkpoint-6250,obj2_farther,output/phasevar_5/0010_phA14_phB05.png,Is the magenta cube farther from the camera than the cyan sphere? Answer with yes or no.,No,Yes,20.375,19.96875,False
/data/shared/Qwen/mydisk/output/SYNTHETIC/NVILA-Lite-2B-SYNTHETIC_MIX_5PCT_2M-20260226_023301/checkpoint-6250,obj2_farther,output/phasevar_5/0010_phA14_phB06.png,Is the magenta cube farther from the camera than the cyan sphere? Answer with yes or no.,No,Yes,20.765625,20.0625,False
/data/shared/Qwen/mydisk/output/SYNTHETIC/NVILA-Lite-2B-SYNTHETIC_MIX_5PCT_2M-20260226_023301/checkpoint-6250,obj2_farther,output/phasevar_5/0010_phA14_phB07.png,Is the magenta cube farther from the camera than the cyan sphere? Answer with yes or no.,No,Yes,20.21875,20.03125,False
/data/shared/Qwen/mydisk/output/SYNTHETIC/NVILA-Lite-2B-SYNTHETIC_MIX_5PCT_2M-20260226_023301/checkpoint-6250,obj2_farther,output/phasevar_5/0010_phA14_phB08.png,Is the magenta cube farther from the camera than the cyan sphere? Answer with yes or no.,No,Yes,20.625,20.375,False
/data/shared/Qwen/mydisk/output/SYNTHETIC/NVILA-Lite-2B-SYNTHETIC_MIX_5PCT_2M-20260226_023301/checkpoint-6250,obj2_farther,output/phasevar_5/0010_phA14_phB09.png,Is the magenta cube farther from the camera than the cyan sphere? Answer with yes or no.,No,No,20.625,20.84375,True
/data/shared/Qwen/mydisk/output/SYNTHETIC/NVILA-Lite-2B-SYNTHETIC_MIX_5PCT_2M-20260226_023301/checkpoint-6250,obj2_farther,output/phasevar_5/0010_phA14_phB10.png,Is the magenta cube farther from the camera than the cyan sphere? Answer with yes or no.,No,No,21.34375,21.515625,True
/data/shared/Qwen/mydisk/output/SYNTHETIC/NVILA-Lite-2B-SYNTHETIC_MIX_5PCT_2M-20260226_023301/checkpoint-6250,obj2_farther,output/phasevar_5/0010_phA14_phB11.png,Is the magenta cube farther from the camera than the cyan sphere? Answer with yes or no.,No,No,20.90625,21.375,True
/data/shared/Qwen/mydisk/output/SYNTHETIC/NVILA-Lite-2B-SYNTHETIC_MIX_5PCT_2M-20260226_023301/checkpoint-6250,obj2_farther,output/phasevar_5/0010_phA14_phB12.png,Is the magenta cube farther from the camera than the cyan sphere? Answer with yes or no.,No,No,20.140625,21.0,True
/data/shared/Qwen/mydisk/output/SYNTHETIC/NVILA-Lite-2B-SYNTHETIC_MIX_5PCT_2M-20260226_023301/checkpoint-6250,obj2_farther,output/phasevar_5/0010_phA14_phB13.png,Is the magenta cube farther from the camera than the cyan sphere? Answer with yes or no.,No,No,19.640625,20.53125,True
/data/shared/Qwen/mydisk/output/SYNTHETIC/NVILA-Lite-2B-SYNTHETIC_MIX_5PCT_2M-20260226_023301/checkpoint-6250,obj2_farther,output/phasevar_5/0010_phA14_phB14.png,Is the magenta cube farther from the camera than the cyan sphere? Answer with yes or no.,No,No,20.078125,20.6875,True
/data/shared/Qwen/mydisk/output/SYNTHETIC/NVILA-Lite-2B-SYNTHETIC_MIX_5PCT_2M-20260226_023301/checkpoint-6250,obj2_farther,output/phasevar_5/0010_phA14_phB15.png,Is the magenta cube farther from the camera than the cyan sphere? Answer with yes or no.,No,No,20.09375,20.4375,True
/data/shared/Qwen/mydisk/output/SYNTHETIC/NVILA-Lite-2B-SYNTHETIC_MIX_5PCT_2M-20260226_023301/checkpoint-6250,obj2_farther,output/phasevar_5/0010_phA15_phB00.png,Is the magenta cube farther from the camera than the cyan sphere? Answer with yes or no.,No,No,19.984375,20.296875,True
/data/shared/Qwen/mydisk/output/SYNTHETIC/NVILA-Lite-2B-SYNTHETIC_MIX_5PCT_2M-20260226_023301/checkpoint-6250,obj2_farther,output/phasevar_5/0010_phA15_phB01.png,Is the magenta cube farther from the camera than the cyan sphere? Answer with yes or no.,No,Yes,20.765625,20.609375,False
/data/shared/Qwen/mydisk/output/SYNTHETIC/NVILA-Lite-2B-SYNTHETIC_MIX_5PCT_2M-20260226_023301/checkpoint-6250,obj2_farther,output/phasevar_5/0010_phA15_phB02.png,Is the magenta cube farther from the camera than the cyan sphere? Answer with yes or no.,No,Yes,21.09375,20.84375,False
/data/shared/Qwen/mydisk/output/SYNTHETIC/NVILA-Lite-2B-SYNTHETIC_MIX_5PCT_2M-20260226_023301/checkpoint-6250,obj2_farther,output/phasevar_5/0010_phA15_phB03.png,Is the magenta cube farther from the camera than the cyan sphere? Answer with yes or no.,No,Yes,20.34375,19.859375,False
/data/shared/Qwen/mydisk/output/SYNTHETIC/NVILA-Lite-2B-SYNTHETIC_MIX_5PCT_2M-20260226_023301/checkpoint-6250,obj2_farther,output/phasevar_5/0010_phA15_phB04.png,Is the magenta cube farther from the camera than the cyan sphere? Answer with yes or no.,No,No,20.1875,20.265625,True
/data/shared/Qwen/mydisk/output/SYNTHETIC/NVILA-Lite-2B-SYNTHETIC_MIX_5PCT_2M-20260226_023301/checkpoint-6250,obj2_farther,output/phasevar_5/0010_phA15_phB05.png,Is the magenta cube farther from the camera than the cyan sphere? Answer with yes or no.,No,Yes,20.453125,20.25,False
/data/shared/Qwen/mydisk/output/SYNTHETIC/NVILA-Lite-2B-SYNTHETIC_MIX_5PCT_2M-20260226_023301/checkpoint-6250,obj2_farther,output/phasevar_5/0010_phA15_phB06.png,Is the magenta cube farther from the camera than the cyan sphere? Answer with yes or no.,No,Yes,20.796875,20.203125,False
/data/shared/Qwen/mydisk/output/SYNTHETIC/NVILA-Lite-2B-SYNTHETIC_MIX_5PCT_2M-20260226_023301/checkpoint-6250,obj2_farther,output/phasevar_5/0010_phA15_phB07.png,Is the magenta cube farther from the camera than the cyan sphere? Answer with yes or no.,No,No,20.109375,20.234375,True
/data/shared/Qwen/mydisk/output/SYNTHETIC/NVILA-Lite-2B-SYNTHETIC_MIX_5PCT_2M-20260226_023301/checkpoint-6250,obj2_farther,output/phasevar_5/0010_phA15_phB08.png,Is the magenta cube farther from the camera than the cyan sphere? Answer with yes or no.,No,No,20.328125,20.421875,True
/data/shared/Qwen/mydisk/output/SYNTHETIC/NVILA-Lite-2B-SYNTHETIC_MIX_5PCT_2M-20260226_023301/checkpoint-6250,obj2_farther,output/phasevar_5/0010_phA15_phB09.png,Is the magenta cube farther from the camera than the cyan sphere? Answer with yes or no.,No,No,20.46875,20.890625,True
/data/shared/Qwen/mydisk/output/SYNTHETIC/NVILA-Lite-2B-SYNTHETIC_MIX_5PCT_2M-20260226_023301/checkpoint-6250,obj2_farther,output/phasevar_5/0010_phA15_phB10.png,Is the magenta cube farther from the camera than the cyan sphere? Answer with yes or no.,No,No,21.1875,21.453125,True
/data/shared/Qwen/mydisk/output/SYNTHETIC/NVILA-Lite-2B-SYNTHETIC_MIX_5PCT_2M-20260226_023301/checkpoint-6250,obj2_farther,output/phasevar_5/0010_phA15_phB11.png,Is the magenta cube farther from the camera than the cyan sphere? Answer with yes or no.,No,No,20.765625,21.40625,True
/data/shared/Qwen/mydisk/output/SYNTHETIC/NVILA-Lite-2B-SYNTHETIC_MIX_5PCT_2M-20260226_023301/checkpoint-6250,obj2_farther,output/phasevar_5/0010_phA15_phB12.png,Is the magenta cube farther from the camera than the cyan sphere? Answer with yes or no.,No,No,20.359375,21.078125,True
/data/shared/Qwen/mydisk/output/SYNTHETIC/NVILA-Lite-2B-SYNTHETIC_MIX_5PCT_2M-20260226_023301/checkpoint-6250,obj2_farther,output/phasevar_5/0010_phA15_phB13.png,Is the magenta cube farther from the camera than the cyan sphere? Answer with yes or no.,No,No,20.109375,20.5625,True
/data/shared/Qwen/mydisk/output/SYNTHETIC/NVILA-Lite-2B-SYNTHETIC_MIX_5PCT_2M-20260226_023301/checkpoint-6250,obj2_farther,output/phasevar_5/0010_phA15_phB14.png,Is the magenta cube farther from the camera than the cyan sphere? Answer with yes or no.,No,No,20.453125,20.828125,True
/data/shared/Qwen/mydisk/output/SYNTHETIC/NVILA-Lite-2B-SYNTHETIC_MIX_5PCT_2M-20260226_023301/checkpoint-6250,obj2_farther,output/phasevar_5/0010_phA15_phB15.png,Is the magenta cube farther from the camera than the cyan sphere? Answer with yes or no.,No,No,19.96875,20.5,True
/data/shared/Qwen/mydisk/output/SYNTHETIC/NVILA-Lite-2B-SYNTHETIC_MIX_5PCT_2M-20260226_023301/checkpoint-6250,obj2_farther,output/phasevar_5/0011_phA00_phB00.png,Is the magenta cube farther from the camera than the magenta sphere? Answer with yes or no.,No,No,19.640625,20.234375,True
/data/shared/Qwen/mydisk/output/SYNTHETIC/NVILA-Lite-2B-SYNTHETIC_MIX_5PCT_2M-20260226_023301/checkpoint-6250,obj2_farther,output/phasevar_5/0011_phA00_phB01.png,Is the magenta cube farther from the camera than the magenta sphere? Answer with yes or no.,No,No,20.015625,20.34375,True
/data/shared/Qwen/mydisk/output/SYNTHETIC/NVILA-Lite-2B-SYNTHETIC_MIX_5PCT_2M-20260226_023301/checkpoint-6250,obj2_farther,output/phasevar_5/0011_phA00_phB02.png,Is the magenta cube farther from the camera than the magenta sphere? Answer with yes or no.,No,No,20.0,20.453125,True
/data/shared/Qwen/mydisk/output/SYNTHETIC/NVILA-Lite-2B-SYNTHETIC_MIX_5PCT_2M-20260226_023301/checkpoint-6250,obj2_farther,output/phasevar_5/0011_phA00_phB03.png,Is the magenta cube farther from the camera than the magenta sphere? Answer with yes or no.,No,No,19.609375,19.953125,True
/data/shared/Qwen/mydisk/output/SYNTHETIC/NVILA-Lite-2B-SYNTHETIC_MIX_5PCT_2M-20260226_023301/checkpoint-6250,obj2_farther,output/phasevar_5/0011_phA00_phB04.png,Is the magenta cube farther from the camera than the magenta sphere? Answer with yes or no.,No,No,19.453125,20.125,True
/data/shared/Qwen/mydisk/output/SYNTHETIC/NVILA-Lite-2B-SYNTHETIC_MIX_5PCT_2M-20260226_023301/checkpoint-6250,obj2_farther,output/phasevar_5/0011_phA00_phB05.png,Is the magenta cube farther from the camera than the magenta sphere? Answer with yes or no.,No,No,19.640625,20.296875,True
/data/shared/Qwen/mydisk/output/SYNTHETIC/NVILA-Lite-2B-SYNTHETIC_MIX_5PCT_2M-20260226_023301/checkpoint-6250,obj2_farther,output/phasevar_5/0011_phA00_phB06.png,Is the magenta cube farther from the camera than the magenta sphere? Answer with yes or no.,No,No,19.546875,20.03125,True
/data/shared/Qwen/mydisk/output/SYNTHETIC/NVILA-Lite-2B-SYNTHETIC_MIX_5PCT_2M-20260226_023301/checkpoint-6250,obj2_farther,output/phasevar_5/0011_phA00_phB07.png,Is the magenta cube farther from the camera than the magenta sphere? Answer with yes or no.,No,No,19.625,20.390625,True
/data/shared/Qwen/mydisk/output/SYNTHETIC/NVILA-Lite-2B-SYNTHETIC_MIX_5PCT_2M-20260226_023301/checkpoint-6250,obj2_farther,output/phasevar_5/0011_phA00_phB08.png,Is the magenta cube farther from the camera than the magenta sphere? Answer with yes or no.,No,No,19.84375,20.34375,True
/data/shared/Qwen/mydisk/output/SYNTHETIC/NVILA-Lite-2B-SYNTHETIC_MIX_5PCT_2M-20260226_023301/checkpoint-6250,obj2_farther,output/phasevar_5/0011_phA00_phB09.png,Is the magenta cube farther from the camera than the magenta sphere? Answer with yes or no.,No,No,20.125,20.765625,True
/data/shared/Qwen/mydisk/output/SYNTHETIC/NVILA-Lite-2B-SYNTHETIC_MIX_5PCT_2M-20260226_023301/checkpoint-6250,obj2_farther,output/phasevar_5/0011_phA00_phB10.png,Is the magenta cube farther from the camera than the magenta sphere? Answer with yes or no.,No,No,20.390625,20.96875,True
/data/shared/Qwen/mydisk/output/SYNTHETIC/NVILA-Lite-2B-SYNTHETIC_MIX_5PCT_2M-20260226_023301/checkpoint-6250,obj2_farther,output/phasevar_5/0011_phA00_phB11.png,Is the magenta cube farther from the camera than the magenta sphere? Answer with yes or no.,No,No,20.03125,20.96875,True
/data/shared/Qwen/mydisk/output/SYNTHETIC/NVILA-Lite-2B-SYNTHETIC_MIX_5PCT_2M-20260226_023301/checkpoint-6250,obj2_farther,output/phasevar_5/0011_phA00_phB12.png,Is the magenta cube farther from the camera than the magenta sphere? Answer with yes or no.,No,No,19.703125,20.609375,True
/data/shared/Qwen/mydisk/output/SYNTHETIC/NVILA-Lite-2B-SYNTHETIC_MIX_5PCT_2M-20260226_023301/checkpoint-6250,obj2_farther,output/phasevar_5/0011_phA00_phB13.png,Is the magenta cube farther from the camera than the magenta sphere? Answer with yes or no.,No,No,19.515625,20.296875,True
/data/shared/Qwen/mydisk/output/SYNTHETIC/NVILA-Lite-2B-SYNTHETIC_MIX_5PCT_2M-20260226_023301/checkpoint-6250,obj2_farther,output/phasevar_5/0011_phA00_phB14.png,Is the magenta cube farther from the camera than the magenta sphere? Answer with yes or no.,No,No,19.90625,20.859375,True
/data/shared/Qwen/mydisk/output/SYNTHETIC/NVILA-Lite-2B-SYNTHETIC_MIX_5PCT_2M-20260226_023301/checkpoint-6250,obj2_farther,output/phasevar_5/0011_phA00_phB15.png,Is the magenta cube farther from the camera than the magenta sphere? Answer with yes or no.,No,No,20.015625,20.59375,True
/data/shared/Qwen/mydisk/output/SYNTHETIC/NVILA-Lite-2B-SYNTHETIC_MIX_5PCT_2M-20260226_023301/checkpoint-6250,obj2_farther,output/phasevar_5/0011_phA01_phB00.png,Is the magenta cube farther from the camera than the magenta sphere? Answer with yes or no.,No,No,19.703125,20.28125,True
/data/shared/Qwen/mydisk/output/SYNTHETIC/NVILA-Lite-2B-SYNTHETIC_MIX_5PCT_2M-20260226_023301/checkpoint-6250,obj2_farther,output/phasevar_5/0011_phA01_phB01.png,Is the magenta cube farther from the camera than the magenta sphere? Answer with yes or no.,No,No,20.03125,20.46875,True
/data/shared/Qwen/mydisk/output/SYNTHETIC/NVILA-Lite-2B-SYNTHETIC_MIX_5PCT_2M-20260226_023301/checkpoint-6250,obj2_farther,output/phasevar_5/0011_phA01_phB02.png,Is the magenta cube farther from the camera than the magenta sphere? Answer with yes or no.,No,No,19.953125,20.515625,True
/data/shared/Qwen/mydisk/output/SYNTHETIC/NVILA-Lite-2B-SYNTHETIC_MIX_5PCT_2M-20260226_023301/checkpoint-6250,obj2_farther,output/phasevar_5/0011_phA01_phB03.png,Is the magenta cube farther from the camera than the magenta sphere? Answer with yes or no.,No,No,19.5625,20.046875,True
/data/shared/Qwen/mydisk/output/SYNTHETIC/NVILA-Lite-2B-SYNTHETIC_MIX_5PCT_2M-20260226_023301/checkpoint-6250,obj2_farther,output/phasevar_5/0011_phA01_phB04.png,Is the magenta cube farther from the camera than the magenta sphere? Answer with yes or no.,No,No,19.328125,20.171875,True
/data/shared/Qwen/mydisk/output/SYNTHETIC/NVILA-Lite-2B-SYNTHETIC_MIX_5PCT_2M-20260226_023301/checkpoint-6250,obj2_farther,output/phasevar_5/0011_phA01_phB05.png,Is the magenta cube farther from the camera than the magenta sphere? Answer with yes or no.,No,No,19.59375,20.375,True
/data/shared/Qwen/mydisk/output/SYNTHETIC/NVILA-Lite-2B-SYNTHETIC_MIX_5PCT_2M-20260226_023301/checkpoint-6250,obj2_farther,output/phasevar_5/0011_phA01_phB06.png,Is the magenta cube farther from the camera than the magenta sphere? Answer with yes or no.,No,No,19.53125,20.15625,True
/data/shared/Qwen/mydisk/output/SYNTHETIC/NVILA-Lite-2B-SYNTHETIC_MIX_5PCT_2M-20260226_023301/checkpoint-6250,obj2_farther,output/phasevar_5/0011_phA01_phB07.png,Is the magenta cube farther from the camera than the magenta sphere? Answer with yes or no.,No,No,19.578125,20.46875,True
/data/shared/Qwen/mydisk/output/SYNTHETIC/NVILA-Lite-2B-SYNTHETIC_MIX_5PCT_2M-20260226_023301/checkpoint-6250,obj2_farther,output/phasevar_5/0011_phA01_phB08.png,Is the magenta cube farther from the camera than the magenta sphere? Answer with yes or no.,No,No,19.828125,20.484375,True
/data/shared/Qwen/mydisk/output/SYNTHETIC/NVILA-Lite-2B-SYNTHETIC_MIX_5PCT_2M-20260226_023301/checkpoint-6250,obj2_farther,output/phasevar_5/0011_phA01_phB09.png,Is the magenta cube farther from the camera than the magenta sphere? Answer with yes or no.,No,No,20.21875,20.859375,True
/data/shared/Qwen/mydisk/output/SYNTHETIC/NVILA-Lite-2B-SYNTHETIC_MIX_5PCT_2M-20260226_023301/checkpoint-6250,obj2_farther,output/phasevar_5/0011_phA01_phB10.png,Is the magenta cube farther from the camera than the magenta sphere? Answer with yes or no.,No,No,20.53125,21.25,True
/data/shared/Qwen/mydisk/output/SYNTHETIC/NVILA-Lite-2B-SYNTHETIC_MIX_5PCT_2M-20260226_023301/checkpoint-6250,obj2_farther,output/phasevar_5/0011_phA01_phB11.png,Is the magenta cube farther from the camera than the magenta sphere? Answer with yes or no.,No,No,20.140625,21.171875,True
/data/shared/Qwen/mydisk/output/SYNTHETIC/NVILA-Lite-2B-SYNTHETIC_MIX_5PCT_2M-20260226_023301/checkpoint-6250,obj2_farther,output/phasevar_5/0011_phA01_phB12.png,Is the magenta cube farther from the camera than the magenta sphere? Answer with yes or no.,No,No,19.8125,20.8125,True
/data/shared/Qwen/mydisk/output/SYNTHETIC/NVILA-Lite-2B-SYNTHETIC_MIX_5PCT_2M-20260226_023301/checkpoint-6250,obj2_farther,output/phasevar_5/0011_phA01_phB13.png,Is the magenta cube farther from the camera than the magenta sphere? Answer with yes or no.,No,No,19.59375,20.515625,True
/data/shared/Qwen/mydisk/output/SYNTHETIC/NVILA-Lite-2B-SYNTHETIC_MIX_5PCT_2M-20260226_023301/checkpoint-6250,obj2_farther,output/phasevar_5/0011_phA01_phB14.png,Is the magenta cube farther from the camera than the magenta sphere? Answer with yes or no.,No,No,19.890625,20.984375,True
/data/shared/Qwen/mydisk/output/SYNTHETIC/NVILA-Lite-2B-SYNTHETIC_MIX_5PCT_2M-20260226_023301/checkpoint-6250,obj2_farther,output/phasevar_5/0011_phA01_phB15.png,Is the magenta cube farther from the camera than the magenta sphere? Answer with yes or no.,No,No,20.140625,20.71875,True
/data/shared/Qwen/mydisk/output/SYNTHETIC/NVILA-Lite-2B-SYNTHETIC_MIX_5PCT_2M-20260226_023301/checkpoint-6250,obj2_farther,output/phasevar_5/0011_phA02_phB00.png,Is the magenta cube farther from the camera than the magenta sphere? Answer with yes or no.,No,No,20.09375,20.234375,True
/data/shared/Qwen/mydisk/output/SYNTHETIC/NVILA-Lite-2B-SYNTHETIC_MIX_5PCT_2M-20260226_023301/checkpoint-6250,obj2_farther,output/phasevar_5/0011_phA02_phB01.png,Is the magenta cube farther from the camera than the magenta sphere? Answer with yes or no.,No,No,19.796875,19.984375,True
/data/shared/Qwen/mydisk/output/SYNTHETIC/NVILA-Lite-2B-SYNTHETIC_MIX_5PCT_2M-20260226_023301/checkpoint-6250,obj2_farther,output/phasevar_5/0011_phA02_phB02.png,Is the magenta cube farther from the camera than the magenta sphere? Answer with yes or no.,No,No,19.875,20.328125,True
/data/shared/Qwen/mydisk/output/SYNTHETIC/NVILA-Lite-2B-SYNTHETIC_MIX_5PCT_2M-20260226_023301/checkpoint-6250,obj2_farther,output/phasevar_5/0011_phA02_phB03.png,Is the magenta cube farther from the camera than the magenta sphere? Answer with yes or no.,No,No,19.53125,19.828125,True
/data/shared/Qwen/mydisk/output/SYNTHETIC/NVILA-Lite-2B-SYNTHETIC_MIX_5PCT_2M-20260226_023301/checkpoint-6250,obj2_farther,output/phasevar_5/0011_phA02_phB04.png,Is the magenta cube farther from the camera than the magenta sphere? Answer with yes or no.,No,No,19.21875,20.09375,True
/data/shared/Qwen/mydisk/output/SYNTHETIC/NVILA-Lite-2B-SYNTHETIC_MIX_5PCT_2M-20260226_023301/checkpoint-6250,obj2_farther,output/phasevar_5/0011_phA02_phB05.png,Is the magenta cube farther from the camera than the magenta sphere? Answer with yes or no.,No,No,19.578125,20.296875,True
/data/shared/Qwen/mydisk/output/SYNTHETIC/NVILA-Lite-2B-SYNTHETIC_MIX_5PCT_2M-20260226_023301/checkpoint-6250,obj2_farther,output/phasevar_5/0011_phA02_phB06.png,Is the magenta cube farther from the camera than the magenta sphere? Answer with yes or no.,No,No,19.46875,20.0,True
/data/shared/Qwen/mydisk/output/SYNTHETIC/NVILA-Lite-2B-SYNTHETIC_MIX_5PCT_2M-20260226_023301/checkpoint-6250,obj2_farther,output/phasevar_5/0011_phA02_phB07.png,Is the magenta cube farther from the camera than the magenta sphere? Answer with yes or no.,No,No,19.65625,20.265625,True
/data/shared/Qwen/mydisk/output/SYNTHETIC/NVILA-Lite-2B-SYNTHETIC_MIX_5PCT_2M-20260226_023301/checkpoint-6250,obj2_farther,output/phasevar_5/0011_phA02_phB08.png,Is the magenta cube farther from the camera than the magenta sphere? Answer with yes or no.,No,No,19.921875,20.296875,True
/data/shared/Qwen/mydisk/output/SYNTHETIC/NVILA-Lite-2B-SYNTHETIC_MIX_5PCT_2M-20260226_023301/checkpoint-6250,obj2_farther,output/phasevar_5/0011_phA02_phB09.png,Is the magenta cube farther from the camera than the magenta sphere? Answer with yes or no.,No,No,20.4375,20.78125,True
/data/shared/Qwen/mydisk/output/SYNTHETIC/NVILA-Lite-2B-SYNTHETIC_MIX_5PCT_2M-20260226_023301/checkpoint-6250,obj2_farther,output/phasevar_5/0011_phA02_phB10.png,Is the magenta cube farther from the camera than the magenta sphere? Answer with yes or no.,No,No,20.78125,21.3125,True
/data/shared/Qwen/mydisk/output/SYNTHETIC/NVILA-Lite-2B-SYNTHETIC_MIX_5PCT_2M-20260226_023301/checkpoint-6250,obj2_farther,output/phasevar_5/0011_phA02_phB11.png,Is the magenta cube farther from the camera than the magenta sphere? Answer with yes or no.,No,No,20.3125,21.28125,True
/data/shared/Qwen/mydisk/output/SYNTHETIC/NVILA-Lite-2B-SYNTHETIC_MIX_5PCT_2M-20260226_023301/checkpoint-6250,obj2_farther,output/phasevar_5/0011_phA02_phB12.png,Is the magenta cube farther from the camera than the magenta sphere? Answer with yes or no.,No,No,20.0,21.046875,True
/data/shared/Qwen/mydisk/output/SYNTHETIC/NVILA-Lite-2B-SYNTHETIC_MIX_5PCT_2M-20260226_023301/checkpoint-6250,obj2_farther,output/phasevar_5/0011_phA02_phB13.png,Is the magenta cube farther from the camera than the magenta sphere? Answer with yes or no.,No,No,19.875,20.578125,True
/data/shared/Qwen/mydisk/output/SYNTHETIC/NVILA-Lite-2B-SYNTHETIC_MIX_5PCT_2M-20260226_023301/checkpoint-6250,obj2_farther,output/phasevar_5/0011_phA02_phB14.png,Is the magenta cube farther from the camera than the magenta sphere? Answer with yes or no.,No,No,19.953125,20.828125,True
/data/shared/Qwen/mydisk/output/SYNTHETIC/NVILA-Lite-2B-SYNTHETIC_MIX_5PCT_2M-20260226_023301/checkpoint-6250,obj2_farther,output/phasevar_5/0011_phA02_phB15.png,Is the magenta cube farther from the camera than the magenta sphere? Answer with yes or no.,No,No,20.375,20.625,True
/data/shared/Qwen/mydisk/output/SYNTHETIC/NVILA-Lite-2B-SYNTHETIC_MIX_5PCT_2M-20260226_023301/checkpoint-6250,obj2_farther,output/phasevar_5/0011_phA03_phB00.png,Is the magenta cube farther from the camera than the magenta sphere? Answer with yes or no.,No,No,19.9375,20.0,True
/data/shared/Qwen/mydisk/output/SYNTHETIC/NVILA-Lite-2B-SYNTHETIC_MIX_5PCT_2M-20260226_023301/checkpoint-6250,obj2_farther,output/phasevar_5/0011_phA03_phB01.png,Is the magenta cube farther from the camera than the magenta sphere? Answer with yes or no.,No,No,19.578125,19.8125,True
/data/shared/Qwen/mydisk/output/SYNTHETIC/NVILA-Lite-2B-SYNTHETIC_MIX_5PCT_2M-20260226_023301/checkpoint-6250,obj2_farther,output/phasevar_5/0011_phA03_phB02.png,Is the magenta cube farther from the camera than the magenta sphere? Answer with yes or no.,No,No,19.71875,20.03125,True
/data/shared/Qwen/mydisk/output/SYNTHETIC/NVILA-Lite-2B-SYNTHETIC_MIX_5PCT_2M-20260226_023301/checkpoint-6250,obj2_farther,output/phasevar_5/0011_phA03_phB03.png,Is the magenta cube farther from the camera than the magenta sphere? Answer with yes or no.,No,No,19.3125,19.5,True
/data/shared/Qwen/mydisk/output/SYNTHETIC/NVILA-Lite-2B-SYNTHETIC_MIX_5PCT_2M-20260226_023301/checkpoint-6250,obj2_farther,output/phasevar_5/0011_phA03_phB04.png,Is the magenta cube farther from the camera than the magenta sphere? Answer with yes or no.,No,No,18.984375,19.765625,True
/data/shared/Qwen/mydisk/output/SYNTHETIC/NVILA-Lite-2B-SYNTHETIC_MIX_5PCT_2M-20260226_023301/checkpoint-6250,obj2_farther,output/phasevar_5/0011_phA03_phB05.png,Is the magenta cube farther from the camera than the magenta sphere? Answer with yes or no.,No,No,19.375,20.0,True
/data/shared/Qwen/mydisk/output/SYNTHETIC/NVILA-Lite-2B-SYNTHETIC_MIX_5PCT_2M-20260226_023301/checkpoint-6250,obj2_farther,output/phasevar_5/0011_phA03_phB06.png,Is the magenta cube farther from the camera than the magenta sphere? Answer with yes or no.,No,No,19.375,19.78125,True
/data/shared/Qwen/mydisk/output/SYNTHETIC/NVILA-Lite-2B-SYNTHETIC_MIX_5PCT_2M-20260226_023301/checkpoint-6250,obj2_farther,output/phasevar_5/0011_phA03_phB07.png,Is the magenta cube farther from the camera than the magenta sphere? Answer with yes or no.,No,No,19.421875,20.015625,True
/data/shared/Qwen/mydisk/output/SYNTHETIC/NVILA-Lite-2B-SYNTHETIC_MIX_5PCT_2M-20260226_023301/checkpoint-6250,obj2_farther,output/phasevar_5/0011_phA03_phB08.png,Is the magenta cube farther from the camera than the magenta sphere? Answer with yes or no.,No,No,19.734375,20.046875,True
/data/shared/Qwen/mydisk/output/SYNTHETIC/NVILA-Lite-2B-SYNTHETIC_MIX_5PCT_2M-20260226_023301/checkpoint-6250,obj2_farther,output/phasevar_5/0011_phA03_phB09.png,Is the magenta cube farther from the camera than the magenta sphere? Answer with yes or no.,No,No,20.296875,20.5625,True
/data/shared/Qwen/mydisk/output/SYNTHETIC/NVILA-Lite-2B-SYNTHETIC_MIX_5PCT_2M-20260226_023301/checkpoint-6250,obj2_farther,output/phasevar_5/0011_phA03_phB10.png,Is the magenta cube farther from the camera than the magenta sphere? Answer with yes or no.,No,No,20.53125,20.953125,True
/data/shared/Qwen/mydisk/output/SYNTHETIC/NVILA-Lite-2B-SYNTHETIC_MIX_5PCT_2M-20260226_023301/checkpoint-6250,obj2_farther,output/phasevar_5/0011_phA03_phB11.png,Is the magenta cube farther from the camera than the magenta sphere? Answer with yes or no.,No,No,20.09375,20.921875,True
/data/shared/Qwen/mydisk/output/SYNTHETIC/NVILA-Lite-2B-SYNTHETIC_MIX_5PCT_2M-20260226_023301/checkpoint-6250,obj2_farther,output/phasevar_5/0011_phA03_phB12.png,Is the magenta cube farther from the camera than the magenta sphere? Answer with yes or no.,No,No,19.734375,20.546875,True
/data/shared/Qwen/mydisk/output/SYNTHETIC/NVILA-Lite-2B-SYNTHETIC_MIX_5PCT_2M-20260226_023301/checkpoint-6250,obj2_farther,output/phasevar_5/0011_phA03_phB13.png,Is the magenta cube farther from the camera than the magenta sphere? Answer with yes or no.,No,No,19.609375,20.109375,True
/data/shared/Qwen/mydisk/output/SYNTHETIC/NVILA-Lite-2B-SYNTHETIC_MIX_5PCT_2M-20260226_023301/checkpoint-6250,obj2_farther,output/phasevar_5/0011_phA03_phB14.png,Is the magenta cube farther from the camera than the magenta sphere? Answer with yes or no.,No,No,19.984375,20.625,True
/data/shared/Qwen/mydisk/output/SYNTHETIC/NVILA-Lite-2B-SYNTHETIC_MIX_5PCT_2M-20260226_023301/checkpoint-6250,obj2_farther,output/phasevar_5/0011_phA03_phB15.png,Is the magenta cube farther from the camera than the magenta sphere? Answer with yes or no.,No,No,20.234375,20.375,True
/data/shared/Qwen/mydisk/output/SYNTHETIC/NVILA-Lite-2B-SYNTHETIC_MIX_5PCT_2M-20260226_023301/checkpoint-6250,obj2_farther,output/phasevar_5/0011_phA04_phB00.png,Is the magenta cube farther from the camera than the magenta sphere? Answer with yes or no.,No,Yes,19.875,19.859375,False
/data/shared/Qwen/mydisk/output/SYNTHETIC/NVILA-Lite-2B-SYNTHETIC_MIX_5PCT_2M-20260226_023301/checkpoint-6250,obj2_farther,output/phasevar_5/0011_phA04_phB01.png,Is the magenta cube farther from the camera than the magenta sphere? Answer with yes or no.,No,No,19.5,19.6875,True
/data/shared/Qwen/mydisk/output/SYNTHETIC/NVILA-Lite-2B-SYNTHETIC_MIX_5PCT_2M-20260226_023301/checkpoint-6250,obj2_farther,output/phasevar_5/0011_phA04_phB02.png,Is the magenta cube farther from the camera than the magenta sphere? Answer with yes or no.,No,No,19.703125,19.828125,True
/data/shared/Qwen/mydisk/output/SYNTHETIC/NVILA-Lite-2B-SYNTHETIC_MIX_5PCT_2M-20260226_023301/checkpoint-6250,obj2_farther,output/phasevar_5/0011_phA04_phB03.png,Is the magenta cube farther from the camera than the magenta sphere? Answer with yes or no.,No,No,19.421875,19.421875,True
/data/shared/Qwen/mydisk/output/SYNTHETIC/NVILA-Lite-2B-SYNTHETIC_MIX_5PCT_2M-20260226_023301/checkpoint-6250,obj2_farther,output/phasevar_5/0011_phA04_phB04.png,Is the magenta cube farther from the camera than the magenta sphere? Answer with yes or no.,No,No,18.953125,19.578125,True
/data/shared/Qwen/mydisk/output/SYNTHETIC/NVILA-Lite-2B-SYNTHETIC_MIX_5PCT_2M-20260226_023301/checkpoint-6250,obj2_farther,output/phasevar_5/0011_phA04_phB05.png,Is the magenta cube farther from the camera than the magenta sphere? Answer with yes or no.,No,No,19.3125,19.796875,True
/data/shared/Qwen/mydisk/output/SYNTHETIC/NVILA-Lite-2B-SYNTHETIC_MIX_5PCT_2M-20260226_023301/checkpoint-6250,obj2_farther,output/phasevar_5/0011_phA04_phB06.png,Is the magenta cube farther from the camera than the magenta sphere? Answer with yes or no.,No,No,19.28125,19.625,True
/data/shared/Qwen/mydisk/output/SYNTHETIC/NVILA-Lite-2B-SYNTHETIC_MIX_5PCT_2M-20260226_023301/checkpoint-6250,obj2_farther,output/phasevar_5/0011_phA04_phB07.png,Is the magenta cube farther from the camera than the magenta sphere? Answer with yes or no.,No,No,19.390625,19.8125,True
/data/shared/Qwen/mydisk/output/SYNTHETIC/NVILA-Lite-2B-SYNTHETIC_MIX_5PCT_2M-20260226_023301/checkpoint-6250,obj2_farther,output/phasevar_5/0011_phA04_phB08.png,Is the magenta cube farther from the camera than the magenta sphere? Answer with yes or no.,No,No,19.703125,19.96875,True
/data/shared/Qwen/mydisk/output/SYNTHETIC/NVILA-Lite-2B-SYNTHETIC_MIX_5PCT_2M-20260226_023301/checkpoint-6250,obj2_farther,output/phasevar_5/0011_phA04_phB09.png,Is the magenta cube farther from the camera than the magenta sphere? Answer with yes or no.,No,No,20.234375,20.4375,True
/data/shared/Qwen/mydisk/output/SYNTHETIC/NVILA-Lite-2B-SYNTHETIC_MIX_5PCT_2M-20260226_023301/checkpoint-6250,obj2_farther,output/phasevar_5/0011_phA04_phB10.png,Is the magenta cube farther from the camera than the magenta sphere? Answer with yes or no.,No,No,20.296875,20.671875,True
/data/shared/Qwen/mydisk/output/SYNTHETIC/NVILA-Lite-2B-SYNTHETIC_MIX_5PCT_2M-20260226_023301/checkpoint-6250,obj2_farther,output/phasevar_5/0011_phA04_phB11.png,Is the magenta cube farther from the camera than the magenta sphere? Answer with yes or no.,No,No,20.09375,20.671875,True
/data/shared/Qwen/mydisk/output/SYNTHETIC/NVILA-Lite-2B-SYNTHETIC_MIX_5PCT_2M-20260226_023301/checkpoint-6250,obj2_farther,output/phasevar_5/0011_phA04_phB12.png,Is the magenta cube farther from the camera than the magenta sphere? Answer with yes or no.,No,No,19.734375,20.34375,True
/data/shared/Qwen/mydisk/output/SYNTHETIC/NVILA-Lite-2B-SYNTHETIC_MIX_5PCT_2M-20260226_023301/checkpoint-6250,obj2_farther,output/phasevar_5/0011_phA04_phB13.png,Is the magenta cube farther from the camera than the magenta sphere? Answer with yes or no.,No,No,19.625,19.921875,True
/data/shared/Qwen/mydisk/output/SYNTHETIC/NVILA-Lite-2B-SYNTHETIC_MIX_5PCT_2M-20260226_023301/checkpoint-6250,obj2_farther,output/phasevar_5/0011_phA04_phB14.png,Is the magenta cube farther from the camera than the magenta sphere? Answer with yes or no.,No,No,19.953125,20.40625,True
/data/shared/Qwen/mydisk/output/SYNTHETIC/NVILA-Lite-2B-SYNTHETIC_MIX_5PCT_2M-20260226_023301/checkpoint-6250,obj2_farther,output/phasevar_5/0011_phA04_phB15.png,Is the magenta cube farther from the camera than the magenta sphere? Answer with yes or no.,No,No,20.25,20.265625,True
/data/shared/Qwen/mydisk/output/SYNTHETIC/NVILA-Lite-2B-SYNTHETIC_MIX_5PCT_2M-20260226_023301/checkpoint-6250,obj2_farther,output/phasevar_5/0011_phA05_phB00.png,Is the magenta cube farther from the camera than the magenta sphere? Answer with yes or no.,No,No,19.765625,19.984375,True
/data/shared/Qwen/mydisk/output/SYNTHETIC/NVILA-Lite-2B-SYNTHETIC_MIX_5PCT_2M-20260226_023301/checkpoint-6250,obj2_farther,output/phasevar_5/0011_phA05_phB01.png,Is the magenta cube farther from the camera than the magenta sphere? Answer with yes or no.,No,No,19.359375,19.75,True
/data/shared/Qwen/mydisk/output/SYNTHETIC/NVILA-Lite-2B-SYNTHETIC_MIX_5PCT_2M-20260226_023301/checkpoint-6250,obj2_farther,output/phasevar_5/0011_phA05_phB02.png,Is the magenta cube farther from the camera than the magenta sphere? Answer with yes or no.,No,No,19.578125,19.921875,True
/data/shared/Qwen/mydisk/output/SYNTHETIC/NVILA-Lite-2B-SYNTHETIC_MIX_5PCT_2M-20260226_023301/checkpoint-6250,obj2_farther,output/phasevar_5/0011_phA05_phB03.png,Is the magenta cube farther from the camera than the magenta sphere? Answer with yes or no.,No,No,19.28125,19.4375,True
/data/shared/Qwen/mydisk/output/SYNTHETIC/NVILA-Lite-2B-SYNTHETIC_MIX_5PCT_2M-20260226_023301/checkpoint-6250,obj2_farther,output/phasevar_5/0011_phA05_phB04.png,Is the magenta cube farther from the camera than the magenta sphere? Answer with yes or no.,No,No,18.90625,19.703125,True
/data/shared/Qwen/mydisk/output/SYNTHETIC/NVILA-Lite-2B-SYNTHETIC_MIX_5PCT_2M-20260226_023301/checkpoint-6250,obj2_farther,output/phasevar_5/0011_phA05_phB05.png,Is the magenta cube farther from the camera than the magenta sphere? Answer with yes or no.,No,No,19.234375,19.953125,True
/data/shared/Qwen/mydisk/output/SYNTHETIC/NVILA-Lite-2B-SYNTHETIC_MIX_5PCT_2M-20260226_023301/checkpoint-6250,obj2_farther,output/phasevar_5/0011_phA05_phB06.png,Is the magenta cube farther from the camera than the magenta sphere? Answer with yes or no.,No,No,19.265625,19.734375,True
/data/shared/Qwen/mydisk/output/SYNTHETIC/NVILA-Lite-2B-SYNTHETIC_MIX_5PCT_2M-20260226_023301/checkpoint-6250,obj2_farther,output/phasevar_5/0011_phA05_phB07.png,Is the magenta cube farther from the camera than the magenta sphere? Answer with yes or no.,No,No,19.296875,19.875,True
/data/shared/Qwen/mydisk/output/SYNTHETIC/NVILA-Lite-2B-SYNTHETIC_MIX_5PCT_2M-20260226_023301/checkpoint-6250,obj2_farther,output/phasevar_5/0011_phA05_phB08.png,Is the magenta cube farther from the camera than the magenta sphere? Answer with yes or no.,No,No,19.671875,20.125,True
/data/shared/Qwen/mydisk/output/SYNTHETIC/NVILA-Lite-2B-SYNTHETIC_MIX_5PCT_2M-20260226_023301/checkpoint-6250,obj2_farther,output/phasevar_5/0011_phA05_phB09.png,Is the magenta cube farther from the camera than the magenta sphere? Answer with yes or no.,No,No,20.203125,20.5,True
/data/shared/Qwen/mydisk/output/SYNTHETIC/NVILA-Lite-2B-SYNTHETIC_MIX_5PCT_2M-20260226_023301/checkpoint-6250,obj2_farther,output/phasevar_5/0011_phA05_phB10.png,Is the magenta cube farther from the camera than the magenta sphere? Answer with yes or no.,No,No,20.234375,20.75,True
/data/shared/Qwen/mydisk/output/SYNTHETIC/NVILA-Lite-2B-SYNTHETIC_MIX_5PCT_2M-20260226_023301/checkpoint-6250,obj2_farther,output/phasevar_5/0011_phA05_phB11.png,Is the magenta cube farther from the camera than the magenta sphere? Answer with yes or no.,No,No,19.9375,20.75,True
/data/shared/Qwen/mydisk/output/SYNTHETIC/NVILA-Lite-2B-SYNTHETIC_MIX_5PCT_2M-20260226_023301/checkpoint-6250,obj2_farther,output/phasevar_5/0011_phA05_phB12.png,Is the magenta cube farther from the camera than the magenta sphere? Answer with yes or no.,No,No,19.59375,20.484375,True
/data/shared/Qwen/mydisk/output/SYNTHETIC/NVILA-Lite-2B-SYNTHETIC_MIX_5PCT_2M-20260226_023301/checkpoint-6250,obj2_farther,output/phasevar_5/0011_phA05_phB13.png,Is the magenta cube farther from the camera than the magenta sphere? Answer with yes or no.,No,No,19.421875,20.0625,True
/data/shared/Qwen/mydisk/output/SYNTHETIC/NVILA-Lite-2B-SYNTHETIC_MIX_5PCT_2M-20260226_023301/checkpoint-6250,obj2_farther,output/phasevar_5/0011_phA05_phB14.png,Is the magenta cube farther from the camera than the magenta sphere? Answer with yes or no.,No,No,19.828125,20.53125,True
/data/shared/Qwen/mydisk/output/SYNTHETIC/NVILA-Lite-2B-SYNTHETIC_MIX_5PCT_2M-20260226_023301/checkpoint-6250,obj2_farther,output/phasevar_5/0011_phA05_phB15.png,Is the magenta cube farther from the camera than the magenta sphere? Answer with yes or no.,No,No,20.125,20.390625,True
/data/shared/Qwen/mydisk/output/SYNTHETIC/NVILA-Lite-2B-SYNTHETIC_MIX_5PCT_2M-20260226_023301/checkpoint-6250,obj2_farther,output/phasevar_5/0011_phA06_phB00.png,Is the magenta cube farther from the camera than the magenta sphere? Answer with yes or no.,No,No,19.75,19.765625,True
/data/shared/Qwen/mydisk/output/SYNTHETIC/NVILA-Lite-2B-SYNTHETIC_MIX_5PCT_2M-20260226_023301/checkpoint-6250,obj2_farther,output/phasevar_5/0011_phA06_phB01.png,Is the magenta cube farther from the camera than the magenta sphere? Answer with yes or no.,No,No,19.5,19.609375,True
/data/shared/Qwen/mydisk/output/SYNTHETIC/NVILA-Lite-2B-SYNTHETIC_MIX_5PCT_2M-20260226_023301/checkpoint-6250,obj2_farther,output/phasevar_5/0011_phA06_phB02.png,Is the magenta cube farther from the camera than the magenta sphere? Answer with yes or no.,No,No,19.75,19.9375,True
/data/shared/Qwen/mydisk/output/SYNTHETIC/NVILA-Lite-2B-SYNTHETIC_MIX_5PCT_2M-20260226_023301/checkpoint-6250,obj2_farther,output/phasevar_5/0011_phA06_phB03.png,Is the magenta cube farther from the camera than the magenta sphere? Answer with yes or no.,No,Yes,19.40625,19.296875,False
/data/shared/Qwen/mydisk/output/SYNTHETIC/NVILA-Lite-2B-SYNTHETIC_MIX_5PCT_2M-20260226_023301/checkpoint-6250,obj2_farther,output/phasevar_5/0011_phA06_phB04.png,Is the magenta cube farther from the camera than the magenta sphere? Answer with yes or no.,No,No,18.859375,19.40625,True
/data/shared/Qwen/mydisk/output/SYNTHETIC/NVILA-Lite-2B-SYNTHETIC_MIX_5PCT_2M-20260226_023301/checkpoint-6250,obj2_farther,output/phasevar_5/0011_phA06_phB05.png,Is the magenta cube farther from the camera than the magenta sphere? Answer with yes or no.,No,No,19.1875,19.765625,True
/data/shared/Qwen/mydisk/output/SYNTHETIC/NVILA-Lite-2B-SYNTHETIC_MIX_5PCT_2M-20260226_023301/checkpoint-6250,obj2_farther,output/phasevar_5/0011_phA06_phB06.png,Is the magenta cube farther from the camera than the magenta sphere? Answer with yes or no.,No,No,19.25,19.75,True
/data/shared/Qwen/mydisk/output/SYNTHETIC/NVILA-Lite-2B-SYNTHETIC_MIX_5PCT_2M-20260226_023301/checkpoint-6250,obj2_farther,output/phasevar_5/0011_phA06_phB07.png,Is the magenta cube farther from the camera than the magenta sphere? Answer with yes or no.,No,No,19.3125,19.921875,True
/data/shared/Qwen/mydisk/output/SYNTHETIC/NVILA-Lite-2B-SYNTHETIC_MIX_5PCT_2M-20260226_023301/checkpoint-6250,obj2_farther,output/phasevar_5/0011_phA06_phB08.png,Is the magenta cube farther from the camera than the magenta sphere? Answer with yes or no.,No,No,19.75,20.28125,True
/data/shared/Qwen/mydisk/output/SYNTHETIC/NVILA-Lite-2B-SYNTHETIC_MIX_5PCT_2M-20260226_023301/checkpoint-6250,obj2_farther,output/phasevar_5/0011_phA06_phB09.png,Is the magenta cube farther from the camera than the magenta sphere? Answer with yes or no.,No,No,20.171875,20.640625,True
/data/shared/Qwen/mydisk/output/SYNTHETIC/NVILA-Lite-2B-SYNTHETIC_MIX_5PCT_2M-20260226_023301/checkpoint-6250,obj2_farther,output/phasevar_5/0011_phA06_phB10.png,Is the magenta cube farther from the camera than the magenta sphere? Answer with yes or no.,No,No,19.90625,20.625,True
/data/shared/Qwen/mydisk/output/SYNTHETIC/NVILA-Lite-2B-SYNTHETIC_MIX_5PCT_2M-20260226_023301/checkpoint-6250,obj2_farther,output/phasevar_5/0011_phA06_phB11.png,Is the magenta cube farther from the camera than the magenta sphere? Answer with yes or no.,No,No,19.75,20.6875,True
/data/shared/Qwen/mydisk/output/SYNTHETIC/NVILA-Lite-2B-SYNTHETIC_MIX_5PCT_2M-20260226_023301/checkpoint-6250,obj2_farther,output/phasevar_5/0011_phA06_phB12.png,Is the magenta cube farther from the camera than the magenta sphere? Answer with yes or no.,No,No,19.625,20.46875,True
/data/shared/Qwen/mydisk/output/SYNTHETIC/NVILA-Lite-2B-SYNTHETIC_MIX_5PCT_2M-20260226_023301/checkpoint-6250,obj2_farther,output/phasevar_5/0011_phA06_phB13.png,Is the magenta cube farther from the camera than the magenta sphere? Answer with yes or no.,No,No,19.53125,20.078125,True
/data/shared/Qwen/mydisk/output/SYNTHETIC/NVILA-Lite-2B-SYNTHETIC_MIX_5PCT_2M-20260226_023301/checkpoint-6250,obj2_farther,output/phasevar_5/0011_phA06_phB14.png,Is the magenta cube farther from the camera than the magenta sphere? Answer with yes or no.,No,No,19.90625,20.46875,True
/data/shared/Qwen/mydisk/output/SYNTHETIC/NVILA-Lite-2B-SYNTHETIC_MIX_5PCT_2M-20260226_023301/checkpoint-6250,obj2_farther,output/phasevar_5/0011_phA06_phB15.png,Is the magenta cube farther from the camera than the magenta sphere? Answer with yes or no.,No,No,20.34375,20.34375,True
/data/shared/Qwen/mydisk/output/SYNTHETIC/NVILA-Lite-2B-SYNTHETIC_MIX_5PCT_2M-20260226_023301/checkpoint-6250,obj2_farther,output/phasevar_5/0011_phA07_phB00.png,Is the magenta cube farther from the camera than the magenta sphere? Answer with yes or no.,No,No,19.46875,19.890625,True
/data/shared/Qwen/mydisk/output/SYNTHETIC/NVILA-Lite-2B-SYNTHETIC_MIX_5PCT_2M-20260226_023301/checkpoint-6250,obj2_farther,output/phasevar_5/0011_phA07_phB01.png,Is the magenta cube farther from the camera than the magenta sphere? Answer with yes or no.,No,No,19.609375,19.984375,True
/data/shared/Qwen/mydisk/output/SYNTHETIC/NVILA-Lite-2B-SYNTHETIC_MIX_5PCT_2M-20260226_023301/checkpoint-6250,obj2_farther,output/phasevar_5/0011_phA07_phB02.png,Is the magenta cube farther from the camera than the magenta sphere? Answer with yes or no.,No,No,19.78125,20.015625,True
/data/shared/Qwen/mydisk/output/SYNTHETIC/NVILA-Lite-2B-SYNTHETIC_MIX_5PCT_2M-20260226_023301/checkpoint-6250,obj2_farther,output/phasevar_5/0011_phA07_phB03.png,Is the magenta cube farther from the camera than the magenta sphere? Answer with yes or no.,No,No,19.328125,19.375,True
/data/shared/Qwen/mydisk/output/SYNTHETIC/NVILA-Lite-2B-SYNTHETIC_MIX_5PCT_2M-20260226_023301/checkpoint-6250,obj2_farther,output/phasevar_5/0011_phA07_phB04.png,Is the magenta cube farther from the camera than the magenta sphere? Answer with yes or no.,No,No,18.84375,19.484375,True
/data/shared/Qwen/mydisk/output/SYNTHETIC/NVILA-Lite-2B-SYNTHETIC_MIX_5PCT_2M-20260226_023301/checkpoint-6250,obj2_farther,output/phasevar_5/0011_phA07_phB05.png,Is the magenta cube farther from the camera than the magenta sphere? Answer with yes or no.,No,No,19.125,19.734375,True
/data/shared/Qwen/mydisk/output/SYNTHETIC/NVILA-Lite-2B-SYNTHETIC_MIX_5PCT_2M-20260226_023301/checkpoint-6250,obj2_farther,output/phasevar_5/0011_phA07_phB06.png,Is the magenta cube farther from the camera than the magenta sphere? Answer with yes or no.,No,No,19.140625,19.6875,True
/data/shared/Qwen/mydisk/output/SYNTHETIC/NVILA-Lite-2B-SYNTHETIC_MIX_5PCT_2M-20260226_023301/checkpoint-6250,obj2_farther,output/phasevar_5/0011_phA07_phB07.png,Is the magenta cube farther from the camera than the magenta sphere? Answer with yes or no.,No,No,19.171875,19.875,True
/data/shared/Qwen/mydisk/output/SYNTHETIC/NVILA-Lite-2B-SYNTHETIC_MIX_5PCT_2M-20260226_023301/checkpoint-6250,obj2_farther,output/phasevar_5/0011_phA07_phB08.png,Is the magenta cube farther from the camera than the magenta sphere? Answer with yes or no.,No,No,19.421875,20.234375,True
/data/shared/Qwen/mydisk/output/SYNTHETIC/NVILA-Lite-2B-SYNTHETIC_MIX_5PCT_2M-20260226_023301/checkpoint-6250,obj2_farther,output/phasevar_5/0011_phA07_phB09.png,Is the magenta cube farther from the camera than the magenta sphere? Answer with yes or no.,No,No,19.859375,20.5625,True
/data/shared/Qwen/mydisk/output/SYNTHETIC/NVILA-Lite-2B-SYNTHETIC_MIX_5PCT_2M-20260226_023301/checkpoint-6250,obj2_farther,output/phasevar_5/0011_phA07_phB10.png,Is the magenta cube farther from the camera than the magenta sphere? Answer with yes or no.,No,No,19.65625,20.46875,True
/data/shared/Qwen/mydisk/output/SYNTHETIC/NVILA-Lite-2B-SYNTHETIC_MIX_5PCT_2M-20260226_023301/checkpoint-6250,obj2_farther,output/phasevar_5/0011_phA07_phB11.png,Is the magenta cube farther from the camera than the magenta sphere? Answer with yes or no.,No,No,19.5,20.390625,True
/data/shared/Qwen/mydisk/output/SYNTHETIC/NVILA-Lite-2B-SYNTHETIC_MIX_5PCT_2M-20260226_023301/checkpoint-6250,obj2_farther,output/phasevar_5/0011_phA07_phB12.png,Is the magenta cube farther from the camera than the magenta sphere? Answer with yes or no.,No,No,19.34375,20.140625,True
/data/shared/Qwen/mydisk/output/SYNTHETIC/NVILA-Lite-2B-SYNTHETIC_MIX_5PCT_2M-20260226_023301/checkpoint-6250,obj2_farther,output/phasevar_5/0011_phA07_phB13.png,Is the magenta cube farther from the camera than the magenta sphere? Answer with yes or no.,No,No,19.125,19.734375,True
/data/shared/Qwen/mydisk/output/SYNTHETIC/NVILA-Lite-2B-SYNTHETIC_MIX_5PCT_2M-20260226_023301/checkpoint-6250,obj2_farther,output/phasevar_5/0011_phA07_phB14.png,Is the magenta cube farther from the camera than the magenta sphere? Answer with yes or no.,No,No,19.671875,20.4375,True
/data/shared/Qwen/mydisk/output/SYNTHETIC/NVILA-Lite-2B-SYNTHETIC_MIX_5PCT_2M-20260226_023301/checkpoint-6250,obj2_farther,output/phasevar_5/0011_phA07_phB15.png,Is the magenta cube farther from the camera than the magenta sphere? Answer with yes or no.,No,No,20.0625,20.421875,True
/data/shared/Qwen/mydisk/output/SYNTHETIC/NVILA-Lite-2B-SYNTHETIC_MIX_5PCT_2M-20260226_023301/checkpoint-6250,obj2_farther,output/phasevar_5/0011_phA08_phB00.png,Is the magenta cube farther from the camera than the magenta sphere? Answer with yes or no.,No,No,19.5,19.765625,True
/data/shared/Qwen/mydisk/output/SYNTHETIC/NVILA-Lite-2B-SYNTHETIC_MIX_5PCT_2M-20260226_023301/checkpoint-6250,obj2_farther,output/phasevar_5/0011_phA08_phB01.png,Is the magenta cube farther from the camera than the magenta sphere? Answer with yes or no.,No,Yes,20.03125,20.0,False
/data/shared/Qwen/mydisk/output/SYNTHETIC/NVILA-Lite-2B-SYNTHETIC_MIX_5PCT_2M-20260226_023301/checkpoint-6250,obj2_farther,output/phasevar_5/0011_phA08_phB02.png,Is the magenta cube farther from the camera than the magenta sphere? Answer with yes or no.,No,Yes,20.109375,20.078125,False
/data/shared/Qwen/mydisk/output/SYNTHETIC/NVILA-Lite-2B-SYNTHETIC_MIX_5PCT_2M-20260226_023301/checkpoint-6250,obj2_farther,output/phasevar_5/0011_phA08_phB03.png,Is the magenta cube farther from the camera than the magenta sphere? Answer with yes or no.,No,Yes,19.609375,19.421875,False
/data/shared/Qwen/mydisk/output/SYNTHETIC/NVILA-Lite-2B-SYNTHETIC_MIX_5PCT_2M-20260226_023301/checkpoint-6250,obj2_farther,output/phasevar_5/0011_phA08_phB04.png,Is the magenta cube farther from the camera than the magenta sphere? Answer with yes or no.,No,No,19.046875,19.46875,True
/data/shared/Qwen/mydisk/output/SYNTHETIC/NVILA-Lite-2B-SYNTHETIC_MIX_5PCT_2M-20260226_023301/checkpoint-6250,obj2_farther,output/phasevar_5/0011_phA08_phB05.png,Is the magenta cube farther from the camera than the magenta sphere? Answer with yes or no.,No,No,19.375,19.59375,True
/data/shared/Qwen/mydisk/output/SYNTHETIC/NVILA-Lite-2B-SYNTHETIC_MIX_5PCT_2M-20260226_023301/checkpoint-6250,obj2_farther,output/phasevar_5/0011_phA08_phB06.png,Is the magenta cube farther from the camera than the magenta sphere? Answer with yes or no.,No,No,19.265625,19.625,True
/data/shared/Qwen/mydisk/output/SYNTHETIC/NVILA-Lite-2B-SYNTHETIC_MIX_5PCT_2M-20260226_023301/checkpoint-6250,obj2_farther,output/phasevar_5/0011_phA08_phB07.png,Is the magenta cube farther from the camera than the magenta sphere? Answer with yes or no.,No,No,19.296875,19.765625,True
/data/shared/Qwen/mydisk/output/SYNTHETIC/NVILA-Lite-2B-SYNTHETIC_MIX_5PCT_2M-20260226_023301/checkpoint-6250,obj2_farther,output/phasevar_5/0011_phA08_phB08.png,Is the magenta cube farther from the camera than the magenta sphere? Answer with yes or no.,No,No,19.515625,20.203125,True
/data/shared/Qwen/mydisk/output/SYNTHETIC/NVILA-Lite-2B-SYNTHETIC_MIX_5PCT_2M-20260226_023301/checkpoint-6250,obj2_farther,output/phasevar_5/0011_phA08_phB09.png,Is the magenta cube farther from the camera than the magenta sphere? Answer with yes or no.,No,No,19.84375,20.640625,True
/data/shared/Qwen/mydisk/output/SYNTHETIC/NVILA-Lite-2B-SYNTHETIC_MIX_5PCT_2M-20260226_023301/checkpoint-6250,obj2_farther,output/phasevar_5/0011_phA08_phB10.png,Is the magenta cube farther from the camera than the magenta sphere? Answer with yes or no.,No,No,19.765625,20.484375,True
/data/shared/Qwen/mydisk/output/SYNTHETIC/NVILA-Lite-2B-SYNTHETIC_MIX_5PCT_2M-20260226_023301/checkpoint-6250,obj2_farther,output/phasevar_5/0011_phA08_phB11.png,Is the magenta cube farther from the camera than the magenta sphere? Answer with yes or no.,No,No,19.453125,20.375,True
/data/shared/Qwen/mydisk/output/SYNTHETIC/NVILA-Lite-2B-SYNTHETIC_MIX_5PCT_2M-20260226_023301/checkpoint-6250,obj2_farther,output/phasevar_5/0011_phA08_phB12.png,Is the magenta cube farther from the camera than the magenta sphere? Answer with yes or no.,No,No,19.25,20.03125,True
/data/shared/Qwen/mydisk/output/SYNTHETIC/NVILA-Lite-2B-SYNTHETIC_MIX_5PCT_2M-20260226_023301/checkpoint-6250,obj2_farther,output/phasevar_5/0011_phA08_phB13.png,Is the magenta cube farther from the camera than the magenta sphere? Answer with yes or no.,No,No,19.0625,19.625,True
/data/shared/Qwen/mydisk/output/SYNTHETIC/NVILA-Lite-2B-SYNTHETIC_MIX_5PCT_2M-20260226_023301/checkpoint-6250,obj2_farther,output/phasevar_5/0011_phA08_phB14.png,Is the magenta cube farther from the camera than the magenta sphere? Answer with yes or no.,No,No,19.78125,20.453125,True
/data/shared/Qwen/mydisk/output/SYNTHETIC/NVILA-Lite-2B-SYNTHETIC_MIX_5PCT_2M-20260226_023301/checkpoint-6250,obj2_farther,output/phasevar_5/0011_phA08_phB15.png,Is the magenta cube farther from the camera than the magenta sphere? Answer with yes or no.,No,No,20.171875,20.40625,True
/data/shared/Qwen/mydisk/output/SYNTHETIC/NVILA-Lite-2B-SYNTHETIC_MIX_5PCT_2M-20260226_023301/checkpoint-6250,obj2_farther,output/phasevar_5/0011_phA09_phB00.png,Is the magenta cube farther from the camera than the magenta sphere? Answer with yes or no.,No,Yes,19.75,19.703125,False
/data/shared/Qwen/mydisk/output/SYNTHETIC/NVILA-Lite-2B-SYNTHETIC_MIX_5PCT_2M-20260226_023301/checkpoint-6250,obj2_farther,output/phasevar_5/0011_phA09_phB01.png,Is the magenta cube farther from the camera than the magenta sphere? Answer with yes or no.,No,Yes,20.359375,19.96875,False
/data/shared/Qwen/mydisk/output/SYNTHETIC/NVILA-Lite-2B-SYNTHETIC_MIX_5PCT_2M-20260226_023301/checkpoint-6250,obj2_farther,output/phasevar_5/0011_phA09_phB02.png,Is the magenta cube farther from the camera than the magenta sphere? Answer with yes or no.,No,Yes,20.421875,20.015625,False
/data/shared/Qwen/mydisk/output/SYNTHETIC/NVILA-Lite-2B-SYNTHETIC_MIX_5PCT_2M-20260226_023301/checkpoint-6250,obj2_farther,output/phasevar_5/0011_phA09_phB03.png,Is the magenta cube farther from the camera than the magenta sphere? Answer with yes or no.,No,Yes,19.9375,19.46875,False
/data/shared/Qwen/mydisk/output/SYNTHETIC/NVILA-Lite-2B-SYNTHETIC_MIX_5PCT_2M-20260226_023301/checkpoint-6250,obj2_farther,output/phasevar_5/0011_phA09_phB04.png,Is the magenta cube farther from the camera than the magenta sphere? Answer with yes or no.,No,No,19.203125,19.328125,True
/data/shared/Qwen/mydisk/output/SYNTHETIC/NVILA-Lite-2B-SYNTHETIC_MIX_5PCT_2M-20260226_023301/checkpoint-6250,obj2_farther,output/phasevar_5/0011_phA09_phB05.png,Is the magenta cube farther from the camera than the magenta sphere? Answer with yes or no.,No,Yes,19.5,19.453125,False
/data/shared/Qwen/mydisk/output/SYNTHETIC/NVILA-Lite-2B-SYNTHETIC_MIX_5PCT_2M-20260226_023301/checkpoint-6250,obj2_farther,output/phasevar_5/0011_phA09_phB06.png,Is the magenta cube farther from the camera than the magenta sphere? Answer with yes or no.,No,No,19.375,19.515625,True
/data/shared/Qwen/mydisk/output/SYNTHETIC/NVILA-Lite-2B-SYNTHETIC_MIX_5PCT_2M-20260226_023301/checkpoint-6250,obj2_farther,output/phasevar_5/0011_phA09_phB07.png,Is the magenta cube farther from the camera than the magenta sphere? Answer with yes or no.,No,No,19.328125,19.59375,True
/data/shared/Qwen/mydisk/output/SYNTHETIC/NVILA-Lite-2B-SYNTHETIC_MIX_5PCT_2M-20260226_023301/checkpoint-6250,obj2_farther,output/phasevar_5/0011_phA09_phB08.png,Is the magenta cube farther from the camera than the magenta sphere? Answer with yes or no.,No,No,19.5625,20.0625,True
/data/shared/Qwen/mydisk/output/SYNTHETIC/NVILA-Lite-2B-SYNTHETIC_MIX_5PCT_2M-20260226_023301/checkpoint-6250,obj2_farther,output/phasevar_5/0011_phA09_phB09.png,Is the magenta cube farther from the camera than the magenta sphere? Answer with yes or no.,No,No,19.71875,20.515625,True
/data/shared/Qwen/mydisk/output/SYNTHETIC/NVILA-Lite-2B-SYNTHETIC_MIX_5PCT_2M-20260226_023301/checkpoint-6250,obj2_farther,output/phasevar_5/0011_phA09_phB10.png,Is the magenta cube farther from the camera than the magenta sphere? Answer with yes or no.,No,No,19.609375,20.171875,True
/data/shared/Qwen/mydisk/output/SYNTHETIC/NVILA-Lite-2B-SYNTHETIC_MIX_5PCT_2M-20260226_023301/checkpoint-6250,obj2_farther,output/phasevar_5/0011_phA09_phB11.png,Is the magenta cube farther from the camera than the magenta sphere? Answer with yes or no.,No,No,19.34375,20.078125,True
/data/shared/Qwen/mydisk/output/SYNTHETIC/NVILA-Lite-2B-SYNTHETIC_MIX_5PCT_2M-20260226_023301/checkpoint-6250,obj2_farther,output/phasevar_5/0011_phA09_phB12.png,Is the magenta cube farther from the camera than the magenta sphere? Answer with yes or no.,No,No,19.078125,19.640625,True
/data/shared/Qwen/mydisk/output/SYNTHETIC/NVILA-Lite-2B-SYNTHETIC_MIX_5PCT_2M-20260226_023301/checkpoint-6250,obj2_farther,output/phasevar_5/0011_phA09_phB13.png,Is the magenta cube farther from the camera than the magenta sphere? Answer with yes or no.,No,No,18.9375,19.25,True
/data/shared/Qwen/mydisk/output/SYNTHETIC/NVILA-Lite-2B-SYNTHETIC_MIX_5PCT_2M-20260226_023301/checkpoint-6250,obj2_farther,output/phasevar_5/0011_phA09_phB14.png,Is the magenta cube farther from the camera than the magenta sphere? Answer with yes or no.,No,No,19.875,20.3125,True
/data/shared/Qwen/mydisk/output/SYNTHETIC/NVILA-Lite-2B-SYNTHETIC_MIX_5PCT_2M-20260226_023301/checkpoint-6250,obj2_farther,output/phasevar_5/0011_phA09_phB15.png,Is the magenta cube farther from the camera than the magenta sphere? Answer with yes or no.,No,Yes,20.3125,20.28125,False
/data/shared/Qwen/mydisk/output/SYNTHETIC/NVILA-Lite-2B-SYNTHETIC_MIX_5PCT_2M-20260226_023301/checkpoint-6250,obj2_farther,output/phasevar_5/0011_phA10_phB00.png,Is the magenta cube farther from the camera than the magenta sphere? Answer with yes or no.,No,Yes,20.421875,20.15625,False
/data/shared/Qwen/mydisk/output/SYNTHETIC/NVILA-Lite-2B-SYNTHETIC_MIX_5PCT_2M-20260226_023301/checkpoint-6250,obj2_farther,output/phasevar_5/0011_phA10_phB01.png,Is the magenta cube farther from the camera than the magenta sphere? Answer with yes or no.,No,Yes,20.828125,20.125,False
/data/shared/Qwen/mydisk/output/SYNTHETIC/NVILA-Lite-2B-SYNTHETIC_MIX_5PCT_2M-20260226_023301/checkpoint-6250,obj2_farther,output/phasevar_5/0011_phA10_phB02.png,Is the magenta cube farther from the camera than the magenta sphere? Answer with yes or no.,No,Yes,20.84375,20.203125,False
/data/shared/Qwen/mydisk/output/SYNTHETIC/NVILA-Lite-2B-SYNTHETIC_MIX_5PCT_2M-20260226_023301/checkpoint-6250,obj2_farther,output/phasevar_5/0011_phA10_phB03.png,Is the magenta cube farther from the camera than the magenta sphere? Answer with yes or no.,No,Yes,20.265625,19.59375,False
/data/shared/Qwen/mydisk/output/SYNTHETIC/NVILA-Lite-2B-SYNTHETIC_MIX_5PCT_2M-20260226_023301/checkpoint-6250,obj2_farther,output/phasevar_5/0011_phA10_phB04.png,Is the magenta cube farther from the camera than the magenta sphere? Answer with yes or no.,No,Yes,19.671875,19.484375,False
/data/shared/Qwen/mydisk/output/SYNTHETIC/NVILA-Lite-2B-SYNTHETIC_MIX_5PCT_2M-20260226_023301/checkpoint-6250,obj2_farther,output/phasevar_5/0011_phA10_phB05.png,Is the magenta cube farther from the camera than the magenta sphere? Answer with yes or no.,No,Yes,19.84375,19.640625,False
/data/shared/Qwen/mydisk/output/SYNTHETIC/NVILA-Lite-2B-SYNTHETIC_MIX_5PCT_2M-20260226_023301/checkpoint-6250,obj2_farther,output/phasevar_5/0011_phA10_phB06.png,Is the magenta cube farther from the camera than the magenta sphere? Answer with yes or no.,No,Yes,19.71875,19.640625,False
/data/shared/Qwen/mydisk/output/SYNTHETIC/NVILA-Lite-2B-SYNTHETIC_MIX_5PCT_2M-20260226_023301/checkpoint-6250,obj2_farther,output/phasevar_5/0011_phA10_phB07.png,Is the magenta cube farther from the camera than the magenta sphere? Answer with yes or no.,No,Yes,19.671875,19.65625,False
/data/shared/Qwen/mydisk/output/SYNTHETIC/NVILA-Lite-2B-SYNTHETIC_MIX_5PCT_2M-20260226_023301/checkpoint-6250,obj2_farther,output/phasevar_5/0011_phA10_phB08.png,Is the magenta cube farther from the camera than the magenta sphere? Answer with yes or no.,No,No,19.78125,20.015625,True
/data/shared/Qwen/mydisk/output/SYNTHETIC/NVILA-Lite-2B-SYNTHETIC_MIX_5PCT_2M-20260226_023301/checkpoint-6250,obj2_farther,output/phasevar_5/0011_phA10_phB09.png,Is the magenta cube farther from the camera than the magenta sphere? Answer with yes or no.,No,No,19.90625,20.53125,True
/data/shared/Qwen/mydisk/output/SYNTHETIC/NVILA-Lite-2B-SYNTHETIC_MIX_5PCT_2M-20260226_023301/checkpoint-6250,obj2_farther,output/phasevar_5/0011_phA10_phB10.png,Is the magenta cube farther from the camera than the magenta sphere? Answer with yes or no.,No,No,19.6875,20.296875,True
/data/shared/Qwen/mydisk/output/SYNTHETIC/NVILA-Lite-2B-SYNTHETIC_MIX_5PCT_2M-20260226_023301/checkpoint-6250,obj2_farther,output/phasevar_5/0011_phA10_phB11.png,Is the magenta cube farther from the camera than the magenta sphere? Answer with yes or no.,No,No,19.34375,20.15625,True
/data/shared/Qwen/mydisk/output/SYNTHETIC/NVILA-Lite-2B-SYNTHETIC_MIX_5PCT_2M-20260226_023301/checkpoint-6250,obj2_farther,output/phasevar_5/0011_phA10_phB12.png,Is the magenta cube farther from the camera than the magenta sphere? Answer with yes or no.,No,No,19.0625,19.71875,True
/data/shared/Qwen/mydisk/output/SYNTHETIC/NVILA-Lite-2B-SYNTHETIC_MIX_5PCT_2M-20260226_023301/checkpoint-6250,obj2_farther,output/phasevar_5/0011_phA10_phB13.png,Is the magenta cube farther from the camera than the magenta sphere? Answer with yes or no.,No,No,18.9375,19.390625,True
/data/shared/Qwen/mydisk/output/SYNTHETIC/NVILA-Lite-2B-SYNTHETIC_MIX_5PCT_2M-20260226_023301/checkpoint-6250,obj2_farther,output/phasevar_5/0011_phA10_phB14.png,Is the magenta cube farther from the camera than the magenta sphere? Answer with yes or no.,No,No,19.96875,20.4375,True
/data/shared/Qwen/mydisk/output/SYNTHETIC/NVILA-Lite-2B-SYNTHETIC_MIX_5PCT_2M-20260226_023301/checkpoint-6250,obj2_farther,output/phasevar_5/0011_phA10_phB15.png,Is the magenta cube farther from the camera than the magenta sphere? Answer with yes or no.,No,Yes,20.65625,20.40625,False
/data/shared/Qwen/mydisk/output/SYNTHETIC/NVILA-Lite-2B-SYNTHETIC_MIX_5PCT_2M-20260226_023301/checkpoint-6250,obj2_farther,output/phasevar_5/0011_phA11_phB00.png,Is the magenta cube farther from the camera than the magenta sphere? Answer with yes or no.,No,Yes,20.3125,20.03125,False
/data/shared/Qwen/mydisk/output/SYNTHETIC/NVILA-Lite-2B-SYNTHETIC_MIX_5PCT_2M-20260226_023301/checkpoint-6250,obj2_farther,output/phasevar_5/0011_phA11_phB01.png,Is the magenta cube farther from the camera than the magenta sphere? Answer with yes or no.,No,Yes,20.84375,20.03125,False
/data/shared/Qwen/mydisk/output/SYNTHETIC/NVILA-Lite-2B-SYNTHETIC_MIX_5PCT_2M-20260226_023301/checkpoint-6250,obj2_farther,output/phasevar_5/0011_phA11_phB02.png,Is the magenta cube farther from the camera than the magenta sphere? Answer with yes or no.,No,Yes,20.75,20.15625,False
/data/shared/Qwen/mydisk/output/SYNTHETIC/NVILA-Lite-2B-SYNTHETIC_MIX_5PCT_2M-20260226_023301/checkpoint-6250,obj2_farther,output/phasevar_5/0011_phA11_phB03.png,Is the magenta cube farther from the camera than the magenta sphere? Answer with yes or no.,No,Yes,20.28125,19.625,False
/data/shared/Qwen/mydisk/output/SYNTHETIC/NVILA-Lite-2B-SYNTHETIC_MIX_5PCT_2M-20260226_023301/checkpoint-6250,obj2_farther,output/phasevar_5/0011_phA11_phB04.png,Is the magenta cube farther from the camera than the magenta sphere? Answer with yes or no.,No,Yes,19.78125,19.53125,False
/data/shared/Qwen/mydisk/output/SYNTHETIC/NVILA-Lite-2B-SYNTHETIC_MIX_5PCT_2M-20260226_023301/checkpoint-6250,obj2_farther,output/phasevar_5/0011_phA11_phB05.png,Is the magenta cube farther from the camera than the magenta sphere? Answer with yes or no.,No,Yes,19.921875,19.671875,False
/data/shared/Qwen/mydisk/output/SYNTHETIC/NVILA-Lite-2B-SYNTHETIC_MIX_5PCT_2M-20260226_023301/checkpoint-6250,obj2_farther,output/phasevar_5/0011_phA11_phB06.png,Is the magenta cube farther from the camera than the magenta sphere? Answer with yes or no.,No,Yes,19.828125,19.5625,False
/data/shared/Qwen/mydisk/output/SYNTHETIC/NVILA-Lite-2B-SYNTHETIC_MIX_5PCT_2M-20260226_023301/checkpoint-6250,obj2_farther,output/phasevar_5/0011_phA11_phB07.png,Is the magenta cube farther from the camera than the magenta sphere? Answer with yes or no.,No,Yes,19.703125,19.4375,False
/data/shared/Qwen/mydisk/output/SYNTHETIC/NVILA-Lite-2B-SYNTHETIC_MIX_5PCT_2M-20260226_023301/checkpoint-6250,obj2_farther,output/phasevar_5/0011_phA11_phB08.png,Is the magenta cube farther from the camera than the magenta sphere? Answer with yes or no.,No,Yes,19.625,19.609375,False
/data/shared/Qwen/mydisk/output/SYNTHETIC/NVILA-Lite-2B-SYNTHETIC_MIX_5PCT_2M-20260226_023301/checkpoint-6250,obj2_farther,output/phasevar_5/0011_phA11_phB09.png,Is the magenta cube farther from the camera than the magenta sphere? Answer with yes or no.,No,No,19.984375,20.140625,True
/data/shared/Qwen/mydisk/output/SYNTHETIC/NVILA-Lite-2B-SYNTHETIC_MIX_5PCT_2M-20260226_023301/checkpoint-6250,obj2_farther,output/phasevar_5/0011_phA11_phB10.png,Is the magenta cube farther from the camera than the magenta sphere? Answer with yes or no.,No,No,19.890625,20.25,True
/data/shared/Qwen/mydisk/output/SYNTHETIC/NVILA-Lite-2B-SYNTHETIC_MIX_5PCT_2M-20260226_023301/checkpoint-6250,obj2_farther,output/phasevar_5/0011_phA11_phB11.png,Is the magenta cube farther from the camera than the magenta sphere? Answer with yes or no.,No,No,19.59375,20.34375,True
/data/shared/Qwen/mydisk/output/SYNTHETIC/NVILA-Lite-2B-SYNTHETIC_MIX_5PCT_2M-20260226_023301/checkpoint-6250,obj2_farther,output/phasevar_5/0011_phA11_phB12.png,Is the magenta cube farther from the camera than the magenta sphere? Answer with yes or no.,No,No,19.046875,19.796875,True
/data/shared/Qwen/mydisk/output/SYNTHETIC/NVILA-Lite-2B-SYNTHETIC_MIX_5PCT_2M-20260226_023301/checkpoint-6250,obj2_farther,output/phasevar_5/0011_phA11_phB13.png,Is the magenta cube farther from the camera than the magenta sphere? Answer with yes or no.,No,No,18.921875,19.421875,True
/data/shared/Qwen/mydisk/output/SYNTHETIC/NVILA-Lite-2B-SYNTHETIC_MIX_5PCT_2M-20260226_023301/checkpoint-6250,obj2_farther,output/phasevar_5/0011_phA11_phB14.png,Is the magenta cube farther from the camera than the magenta sphere? Answer with yes or no.,No,No,19.875,20.390625,True
/data/shared/Qwen/mydisk/output/SYNTHETIC/NVILA-Lite-2B-SYNTHETIC_MIX_5PCT_2M-20260226_023301/checkpoint-6250,obj2_farther,output/phasevar_5/0011_phA11_phB15.png,Is the magenta cube farther from the camera than the magenta sphere? Answer with yes or no.,No,No,20.34375,20.34375,True
/data/shared/Qwen/mydisk/output/SYNTHETIC/NVILA-Lite-2B-SYNTHETIC_MIX_5PCT_2M-20260226_023301/checkpoint-6250,obj2_farther,output/phasevar_5/0011_phA12_phB00.png,Is the magenta cube farther from the camera than the magenta sphere? Answer with yes or no.,No,Yes,20.328125,19.953125,False
/data/shared/Qwen/mydisk/output/SYNTHETIC/NVILA-Lite-2B-SYNTHETIC_MIX_5PCT_2M-20260226_023301/checkpoint-6250,obj2_farther,output/phasevar_5/0011_phA12_phB01.png,Is the magenta cube farther from the camera than the magenta sphere? Answer with yes or no.,No,Yes,20.796875,19.984375,False
/data/shared/Qwen/mydisk/output/SYNTHETIC/NVILA-Lite-2B-SYNTHETIC_MIX_5PCT_2M-20260226_023301/checkpoint-6250,obj2_farther,output/phasevar_5/0011_phA12_phB02.png,Is the magenta cube farther from the camera than the magenta sphere? Answer with yes or no.,No,Yes,20.65625,20.125,False
/data/shared/Qwen/mydisk/output/SYNTHETIC/NVILA-Lite-2B-SYNTHETIC_MIX_5PCT_2M-20260226_023301/checkpoint-6250,obj2_farther,output/phasevar_5/0011_phA12_phB03.png,Is the magenta cube farther from the camera than the magenta sphere? Answer with yes or no.,No,Yes,20.125,19.53125,False
/data/shared/Qwen/mydisk/output/SYNTHETIC/NVILA-Lite-2B-SYNTHETIC_MIX_5PCT_2M-20260226_023301/checkpoint-6250,obj2_farther,output/phasevar_5/0011_phA12_phB04.png,Is the magenta cube farther from the camera than the magenta sphere? Answer with yes or no.,No,Yes,19.734375,19.484375,False
/data/shared/Qwen/mydisk/output/SYNTHETIC/NVILA-Lite-2B-SYNTHETIC_MIX_5PCT_2M-20260226_023301/checkpoint-6250,obj2_farther,output/phasevar_5/0011_phA12_phB05.png,Is the magenta cube farther from the camera than the magenta sphere? Answer with yes or no.,No,Yes,19.796875,19.5625,False
/data/shared/Qwen/mydisk/output/SYNTHETIC/NVILA-Lite-2B-SYNTHETIC_MIX_5PCT_2M-20260226_023301/checkpoint-6250,obj2_farther,output/phasevar_5/0011_phA12_phB06.png,Is the magenta cube farther from the camera than the magenta sphere? Answer with yes or no.,No,Yes,19.671875,19.34375,False
/data/shared/Qwen/mydisk/output/SYNTHETIC/NVILA-Lite-2B-SYNTHETIC_MIX_5PCT_2M-20260226_023301/checkpoint-6250,obj2_farther,output/phasevar_5/0011_phA12_phB07.png,Is the magenta cube farther from the camera than the magenta sphere? Answer with yes or no.,No,Yes,19.6875,19.390625,False
/data/shared/Qwen/mydisk/output/SYNTHETIC/NVILA-Lite-2B-SYNTHETIC_MIX_5PCT_2M-20260226_023301/checkpoint-6250,obj2_farther,output/phasevar_5/0011_phA12_phB08.png,Is the magenta cube farther from the camera than the magenta sphere? Answer with yes or no.,No,Yes,19.671875,19.5625,False
/data/shared/Qwen/mydisk/output/SYNTHETIC/NVILA-Lite-2B-SYNTHETIC_MIX_5PCT_2M-20260226_023301/checkpoint-6250,obj2_farther,output/phasevar_5/0011_phA12_phB09.png,Is the magenta cube farther from the camera than the magenta sphere? Answer with yes or no.,No,No,19.8125,19.90625,True
/data/shared/Qwen/mydisk/output/SYNTHETIC/NVILA-Lite-2B-SYNTHETIC_MIX_5PCT_2M-20260226_023301/checkpoint-6250,obj2_farther,output/phasevar_5/0011_phA12_phB10.png,Is the magenta cube farther from the camera than the magenta sphere? Answer with yes or no.,No,No,19.84375,20.09375,True
/data/shared/Qwen/mydisk/output/SYNTHETIC/NVILA-Lite-2B-SYNTHETIC_MIX_5PCT_2M-20260226_023301/checkpoint-6250,obj2_farther,output/phasevar_5/0011_phA12_phB11.png,Is the magenta cube farther from the camera than the magenta sphere? Answer with yes or no.,No,No,19.734375,20.3125,True
/data/shared/Qwen/mydisk/output/SYNTHETIC/NVILA-Lite-2B-SYNTHETIC_MIX_5PCT_2M-20260226_023301/checkpoint-6250,obj2_farther,output/phasevar_5/0011_phA12_phB12.png,Is the magenta cube farther from the camera than the magenta sphere? Answer with yes or no.,No,No,19.140625,19.78125,True
/data/shared/Qwen/mydisk/output/SYNTHETIC/NVILA-Lite-2B-SYNTHETIC_MIX_5PCT_2M-20260226_023301/checkpoint-6250,obj2_farther,output/phasevar_5/0011_phA12_phB13.png,Is the magenta cube farther from the camera than the magenta sphere? Answer with yes or no.,No,No,18.9375,19.328125,True
/data/shared/Qwen/mydisk/output/SYNTHETIC/NVILA-Lite-2B-SYNTHETIC_MIX_5PCT_2M-20260226_023301/checkpoint-6250,obj2_farther,output/phasevar_5/0011_phA12_phB14.png,Is the magenta cube farther from the camera than the magenta sphere? Answer with yes or no.,No,No,19.875,20.34375,True
/data/shared/Qwen/mydisk/output/SYNTHETIC/NVILA-Lite-2B-SYNTHETIC_MIX_5PCT_2M-20260226_023301/checkpoint-6250,obj2_farther,output/phasevar_5/0011_phA12_phB15.png,Is the magenta cube farther from the camera than the magenta sphere? Answer with yes or no.,No,Yes,20.328125,20.234375,False
/data/shared/Qwen/mydisk/output/SYNTHETIC/NVILA-Lite-2B-SYNTHETIC_MIX_5PCT_2M-20260226_023301/checkpoint-6250,obj2_farther,output/phasevar_5/0011_phA13_phB00.png,Is the magenta cube farther from the camera than the magenta sphere? Answer with yes or no.,No,Yes,20.34375,20.015625,False
/data/shared/Qwen/mydisk/output/SYNTHETIC/NVILA-Lite-2B-SYNTHETIC_MIX_5PCT_2M-20260226_023301/checkpoint-6250,obj2_farther,output/phasevar_5/0011_phA13_phB01.png,Is the magenta cube farther from the camera than the magenta sphere? Answer with yes or no.,No,Yes,20.78125,20.0625,False
/data/shared/Qwen/mydisk/output/SYNTHETIC/NVILA-Lite-2B-SYNTHETIC_MIX_5PCT_2M-20260226_023301/checkpoint-6250,obj2_farther,output/phasevar_5/0011_phA13_phB02.png,Is the magenta cube farther from the camera than the magenta sphere? Answer with yes or no.,No,Yes,20.734375,20.28125,False
/data/shared/Qwen/mydisk/output/SYNTHETIC/NVILA-Lite-2B-SYNTHETIC_MIX_5PCT_2M-20260226_023301/checkpoint-6250,obj2_farther,output/phasevar_5/0011_phA13_phB03.png,Is the magenta cube farther from the camera than the magenta sphere? Answer with yes or no.,No,Yes,20.171875,19.625,False
/data/shared/Qwen/mydisk/output/SYNTHETIC/NVILA-Lite-2B-SYNTHETIC_MIX_5PCT_2M-20260226_023301/checkpoint-6250,obj2_farther,output/phasevar_5/0011_phA13_phB04.png,Is the magenta cube farther from the camera than the magenta sphere? Answer with yes or no.,No,Yes,19.84375,19.71875,False
/data/shared/Qwen/mydisk/output/SYNTHETIC/NVILA-Lite-2B-SYNTHETIC_MIX_5PCT_2M-20260226_023301/checkpoint-6250,obj2_farther,output/phasevar_5/0011_phA13_phB05.png,Is the magenta cube farther from the camera than the magenta sphere? Answer with yes or no.,No,Yes,19.953125,19.8125,False
/data/shared/Qwen/mydisk/output/SYNTHETIC/NVILA-Lite-2B-SYNTHETIC_MIX_5PCT_2M-20260226_023301/checkpoint-6250,obj2_farther,output/phasevar_5/0011_phA13_phB06.png,Is the magenta cube farther from the camera than the magenta sphere? Answer with yes or no.,No,Yes,19.828125,19.546875,False
/data/shared/Qwen/mydisk/output/SYNTHETIC/NVILA-Lite-2B-SYNTHETIC_MIX_5PCT_2M-20260226_023301/checkpoint-6250,obj2_farther,output/phasevar_5/0011_phA13_phB07.png,Is the magenta cube farther from the camera than the magenta sphere? Answer with yes or no.,No,Yes,19.78125,19.640625,False
/data/shared/Qwen/mydisk/output/SYNTHETIC/NVILA-Lite-2B-SYNTHETIC_MIX_5PCT_2M-20260226_023301/checkpoint-6250,obj2_farther,output/phasevar_5/0011_phA13_phB08.png,Is the magenta cube farther from the camera than the magenta sphere? Answer with yes or no.,No,Yes,19.765625,19.703125,False
/data/shared/Qwen/mydisk/output/SYNTHETIC/NVILA-Lite-2B-SYNTHETIC_MIX_5PCT_2M-20260226_023301/checkpoint-6250,obj2_farther,output/phasevar_5/0011_phA13_phB09.png,Is the magenta cube farther from the camera than the magenta sphere? Answer with yes or no.,No,No,19.921875,20.125,True
/data/shared/Qwen/mydisk/output/SYNTHETIC/NVILA-Lite-2B-SYNTHETIC_MIX_5PCT_2M-20260226_023301/checkpoint-6250,obj2_farther,output/phasevar_5/0011_phA13_phB10.png,Is the magenta cube farther from the camera than the magenta sphere? Answer with yes or no.,No,No,20.046875,20.359375,True
/data/shared/Qwen/mydisk/output/SYNTHETIC/NVILA-Lite-2B-SYNTHETIC_MIX_5PCT_2M-20260226_023301/checkpoint-6250,obj2_farther,output/phasevar_5/0011_phA13_phB11.png,Is the magenta cube farther from the camera than the magenta sphere? Answer with yes or no.,No,No,19.84375,20.515625,True
/data/shared/Qwen/mydisk/output/SYNTHETIC/NVILA-Lite-2B-SYNTHETIC_MIX_5PCT_2M-20260226_023301/checkpoint-6250,obj2_farther,output/phasevar_5/0011_phA13_phB12.png,Is the magenta cube farther from the camera than the magenta sphere? Answer with yes or no.,No,No,19.25,20.109375,True
/data/shared/Qwen/mydisk/output/SYNTHETIC/NVILA-Lite-2B-SYNTHETIC_MIX_5PCT_2M-20260226_023301/checkpoint-6250,obj2_farther,output/phasevar_5/0011_phA13_phB13.png,Is the magenta cube farther from the camera than the magenta sphere? Answer with yes or no.,No,No,19.015625,19.5625,True
/data/shared/Qwen/mydisk/output/SYNTHETIC/NVILA-Lite-2B-SYNTHETIC_MIX_5PCT_2M-20260226_023301/checkpoint-6250,obj2_farther,output/phasevar_5/0011_phA13_phB14.png,Is the magenta cube farther from the camera than the magenta sphere? Answer with yes or no.,No,No,19.9375,20.46875,True
/data/shared/Qwen/mydisk/output/SYNTHETIC/NVILA-Lite-2B-SYNTHETIC_MIX_5PCT_2M-20260226_023301/checkpoint-6250,obj2_farther,output/phasevar_5/0011_phA13_phB15.png,Is the magenta cube farther from the camera than the magenta sphere? Answer with yes or no.,No,No,20.265625,20.28125,True
/data/shared/Qwen/mydisk/output/SYNTHETIC/NVILA-Lite-2B-SYNTHETIC_MIX_5PCT_2M-20260226_023301/checkpoint-6250,obj2_farther,output/phasevar_5/0011_phA14_phB00.png,Is the magenta cube farther from the camera than the magenta sphere? Answer with yes or no.,No,Yes,20.328125,20.171875,False
/data/shared/Qwen/mydisk/output/SYNTHETIC/NVILA-Lite-2B-SYNTHETIC_MIX_5PCT_2M-20260226_023301/checkpoint-6250,obj2_farther,output/phasevar_5/0011_phA14_phB01.png,Is the magenta cube farther from the camera than the magenta sphere? Answer with yes or no.,No,Yes,20.78125,20.171875,False
/data/shared/Qwen/mydisk/output/SYNTHETIC/NVILA-Lite-2B-SYNTHETIC_MIX_5PCT_2M-20260226_023301/checkpoint-6250,obj2_farther,output/phasevar_5/0011_phA14_phB02.png,Is the magenta cube farther from the camera than the magenta sphere? Answer with yes or no.,No,Yes,20.609375,20.390625,False
/data/shared/Qwen/mydisk/output/SYNTHETIC/NVILA-Lite-2B-SYNTHETIC_MIX_5PCT_2M-20260226_023301/checkpoint-6250,obj2_farther,output/phasevar_5/0011_phA14_phB03.png,Is the magenta cube farther from the camera than the magenta sphere? Answer with yes or no.,No,Yes,20.15625,19.6875,False
/data/shared/Qwen/mydisk/output/SYNTHETIC/NVILA-Lite-2B-SYNTHETIC_MIX_5PCT_2M-20260226_023301/checkpoint-6250,obj2_farther,output/phasevar_5/0011_phA14_phB04.png,Is the magenta cube farther from the camera than the magenta sphere? Answer with yes or no.,No,Yes,19.875,19.84375,False
/data/shared/Qwen/mydisk/output/SYNTHETIC/NVILA-Lite-2B-SYNTHETIC_MIX_5PCT_2M-20260226_023301/checkpoint-6250,obj2_farther,output/phasevar_5/0011_phA14_phB05.png,Is the magenta cube farther from the camera than the magenta sphere? Answer with yes or no.,No,Yes,20.03125,19.984375,False
/data/shared/Qwen/mydisk/output/SYNTHETIC/NVILA-Lite-2B-SYNTHETIC_MIX_5PCT_2M-20260226_023301/checkpoint-6250,obj2_farther,output/phasevar_5/0011_phA14_phB06.png,Is the magenta cube farther from the camera than the magenta sphere? Answer with yes or no.,No,Yes,19.90625,19.71875,False
/data/shared/Qwen/mydisk/output/SYNTHETIC/NVILA-Lite-2B-SYNTHETIC_MIX_5PCT_2M-20260226_023301/checkpoint-6250,obj2_farther,output/phasevar_5/0011_phA14_phB07.png,Is the magenta cube farther from the camera than the magenta sphere? Answer with yes or no.,No,Yes,20.078125,19.953125,False
/data/shared/Qwen/mydisk/output/SYNTHETIC/NVILA-Lite-2B-SYNTHETIC_MIX_5PCT_2M-20260226_023301/checkpoint-6250,obj2_farther,output/phasevar_5/0011_phA14_phB08.png,Is the magenta cube farther from the camera than the magenta sphere? Answer with yes or no.,No,Yes,20.078125,20.046875,False
/data/shared/Qwen/mydisk/output/SYNTHETIC/NVILA-Lite-2B-SYNTHETIC_MIX_5PCT_2M-20260226_023301/checkpoint-6250,obj2_farther,output/phasevar_5/0011_phA14_phB09.png,Is the magenta cube farther from the camera than the magenta sphere? Answer with yes or no.,No,No,20.234375,20.40625,True
/data/shared/Qwen/mydisk/output/SYNTHETIC/NVILA-Lite-2B-SYNTHETIC_MIX_5PCT_2M-20260226_023301/checkpoint-6250,obj2_farther,output/phasevar_5/0011_phA14_phB10.png,Is the magenta cube farther from the camera than the magenta sphere? Answer with yes or no.,No,No,20.328125,20.6875,True
/data/shared/Qwen/mydisk/output/SYNTHETIC/NVILA-Lite-2B-SYNTHETIC_MIX_5PCT_2M-20260226_023301/checkpoint-6250,obj2_farther,output/phasevar_5/0011_phA14_phB11.png,Is the magenta cube farther from the camera than the magenta sphere? Answer with yes or no.,No,No,19.890625,20.6875,True
/data/shared/Qwen/mydisk/output/SYNTHETIC/NVILA-Lite-2B-SYNTHETIC_MIX_5PCT_2M-20260226_023301/checkpoint-6250,obj2_farther,output/phasevar_5/0011_phA14_phB12.png,Is the magenta cube farther from the camera than the magenta sphere? Answer with yes or no.,No,No,19.421875,20.390625,True
/data/shared/Qwen/mydisk/output/SYNTHETIC/NVILA-Lite-2B-SYNTHETIC_MIX_5PCT_2M-20260226_023301/checkpoint-6250,obj2_farther,output/phasevar_5/0011_phA14_phB13.png,Is the magenta cube farther from the camera than the magenta sphere? Answer with yes or no.,No,No,19.1875,19.828125,True
/data/shared/Qwen/mydisk/output/SYNTHETIC/NVILA-Lite-2B-SYNTHETIC_MIX_5PCT_2M-20260226_023301/checkpoint-6250,obj2_farther,output/phasevar_5/0011_phA14_phB14.png,Is the magenta cube farther from the camera than the magenta sphere? Answer with yes or no.,No,No,19.78125,20.703125,True
/data/shared/Qwen/mydisk/output/SYNTHETIC/NVILA-Lite-2B-SYNTHETIC_MIX_5PCT_2M-20260226_023301/checkpoint-6250,obj2_farther,output/phasevar_5/0011_phA14_phB15.png,Is the magenta cube farther from the camera than the magenta sphere? Answer with yes or no.,No,No,19.953125,20.34375,True
/data/shared/Qwen/mydisk/output/SYNTHETIC/NVILA-Lite-2B-SYNTHETIC_MIX_5PCT_2M-20260226_023301/checkpoint-6250,obj2_farther,output/phasevar_5/0011_phA15_phB00.png,Is the magenta cube farther from the camera than the magenta sphere? Answer with yes or no.,No,No,19.6875,20.09375,True
/data/shared/Qwen/mydisk/output/SYNTHETIC/NVILA-Lite-2B-SYNTHETIC_MIX_5PCT_2M-20260226_023301/checkpoint-6250,obj2_farther,output/phasevar_5/0011_phA15_phB01.png,Is the magenta cube farther from the camera than the magenta sphere? Answer with yes or no.,No,Yes,20.203125,20.171875,False
/data/shared/Qwen/mydisk/output/SYNTHETIC/NVILA-Lite-2B-SYNTHETIC_MIX_5PCT_2M-20260226_023301/checkpoint-6250,obj2_farther,output/phasevar_5/0011_phA15_phB02.png,Is the magenta cube farther from the camera than the magenta sphere? Answer with yes or no.,No,No,20.203125,20.359375,True
/data/shared/Qwen/mydisk/output/SYNTHETIC/NVILA-Lite-2B-SYNTHETIC_MIX_5PCT_2M-20260226_023301/checkpoint-6250,obj2_farther,output/phasevar_5/0011_phA15_phB03.png,Is the magenta cube farther from the camera than the magenta sphere? Answer with yes or no.,No,Yes,19.84375,19.75,False
/data/shared/Qwen/mydisk/output/SYNTHETIC/NVILA-Lite-2B-SYNTHETIC_MIX_5PCT_2M-20260226_023301/checkpoint-6250,obj2_farther,output/phasevar_5/0011_phA15_phB04.png,Is the magenta cube farther from the camera than the magenta sphere? Answer with yes or no.,No,No,19.578125,19.9375,True
/data/shared/Qwen/mydisk/output/SYNTHETIC/NVILA-Lite-2B-SYNTHETIC_MIX_5PCT_2M-20260226_023301/checkpoint-6250,obj2_farther,output/phasevar_5/0011_phA15_phB05.png,Is the magenta cube farther from the camera than the magenta sphere? Answer with yes or no.,No,No,19.8125,20.125,True
/data/shared/Qwen/mydisk/output/SYNTHETIC/NVILA-Lite-2B-SYNTHETIC_MIX_5PCT_2M-20260226_023301/checkpoint-6250,obj2_farther,output/phasevar_5/0011_phA15_phB06.png,Is the magenta cube farther from the camera than the magenta sphere? Answer with yes or no.,No,No,19.609375,19.84375,True
/data/shared/Qwen/mydisk/output/SYNTHETIC/NVILA-Lite-2B-SYNTHETIC_MIX_5PCT_2M-20260226_023301/checkpoint-6250,obj2_farther,output/phasevar_5/0011_phA15_phB07.png,Is the magenta cube farther from the camera than the magenta sphere? Answer with yes or no.,No,No,19.796875,20.1875,True
/data/shared/Qwen/mydisk/output/SYNTHETIC/NVILA-Lite-2B-SYNTHETIC_MIX_5PCT_2M-20260226_023301/checkpoint-6250,obj2_farther,output/phasevar_5/0011_phA15_phB08.png,Is the magenta cube farther from the camera than the magenta sphere? Answer with yes or no.,No,No,19.8125,20.171875,True
/data/shared/Qwen/mydisk/output/SYNTHETIC/NVILA-Lite-2B-SYNTHETIC_MIX_5PCT_2M-20260226_023301/checkpoint-6250,obj2_farther,output/phasevar_5/0011_phA15_phB09.png,Is the magenta cube farther from the camera than the magenta sphere? Answer with yes or no.,No,No,20.109375,20.53125,True
/data/shared/Qwen/mydisk/output/SYNTHETIC/NVILA-Lite-2B-SYNTHETIC_MIX_5PCT_2M-20260226_023301/checkpoint-6250,obj2_farther,output/phasevar_5/0011_phA15_phB10.png,Is the magenta cube farther from the camera than the magenta sphere? Answer with yes or no.,No,No,20.328125,20.75,True
/data/shared/Qwen/mydisk/output/SYNTHETIC/NVILA-Lite-2B-SYNTHETIC_MIX_5PCT_2M-20260226_023301/checkpoint-6250,obj2_farther,output/phasevar_5/0011_phA15_phB11.png,Is the magenta cube farther from the camera than the magenta sphere? Answer with yes or no.,No,No,19.9375,20.8125,True
/data/shared/Qwen/mydisk/output/SYNTHETIC/NVILA-Lite-2B-SYNTHETIC_MIX_5PCT_2M-20260226_023301/checkpoint-6250,obj2_farther,output/phasevar_5/0011_phA15_phB12.png,Is the magenta cube farther from the camera than the magenta sphere? Answer with yes or no.,No,No,19.484375,20.375,True
/data/shared/Qwen/mydisk/output/SYNTHETIC/NVILA-Lite-2B-SYNTHETIC_MIX_5PCT_2M-20260226_023301/checkpoint-6250,obj2_farther,output/phasevar_5/0011_phA15_phB13.png,Is the magenta cube farther from the camera than the magenta sphere? Answer with yes or no.,No,No,19.328125,20.078125,True
/data/shared/Qwen/mydisk/output/SYNTHETIC/NVILA-Lite-2B-SYNTHETIC_MIX_5PCT_2M-20260226_023301/checkpoint-6250,obj2_farther,output/phasevar_5/0011_phA15_phB14.png,Is the magenta cube farther from the camera than the magenta sphere? Answer with yes or no.,No,No,19.796875,20.65625,True
/data/shared/Qwen/mydisk/output/SYNTHETIC/NVILA-Lite-2B-SYNTHETIC_MIX_5PCT_2M-20260226_023301/checkpoint-6250,obj2_farther,output/phasevar_5/0011_phA15_phB15.png,Is the magenta cube farther from the camera than the magenta sphere? Answer with yes or no.,No,No,19.84375,20.515625,True
