model_path,variant,image,question,ground_truth,prediction,Yes_logit,No_logit,correct
/data/shared/Qwen/mydisk/output/SYNTHETIC/NVILA-Lite-2B-SYNTHETIC_MIX_5PCT_2M-20260226_023301/checkpoint-12500,obj2_closer,output/phasevar_5/0000_phA00_phB00.png,Is the green sphere closer to the camera than the cyan cube? Answer with yes or no.,Yes,Yes,24.171875,19.25,True
/data/shared/Qwen/mydisk/output/SYNTHETIC/NVILA-Lite-2B-SYNTHETIC_MIX_5PCT_2M-20260226_023301/checkpoint-12500,obj2_closer,output/phasevar_5/0000_phA00_phB01.png,Is the green sphere closer to the camera than the cyan cube? Answer with yes or no.,Yes,Yes,25.28125,20.140625,True
/data/shared/Qwen/mydisk/output/SYNTHETIC/NVILA-Lite-2B-SYNTHETIC_MIX_5PCT_2M-20260226_023301/checkpoint-12500,obj2_closer,output/phasevar_5/0000_phA00_phB02.png,Is the green sphere closer to the camera than the cyan cube? Answer with yes or no.,Yes,Yes,24.609375,20.015625,True
/data/shared/Qwen/mydisk/output/SYNTHETIC/NVILA-Lite-2B-SYNTHETIC_MIX_5PCT_2M-20260226_023301/checkpoint-12500,obj2_closer,output/phasevar_5/0000_phA00_phB03.png,Is the green sphere closer to the camera than the cyan cube? Answer with yes or no.,Yes,Yes,26.015625,20.34375,True
/data/shared/Qwen/mydisk/output/SYNTHETIC/NVILA-Lite-2B-SYNTHETIC_MIX_5PCT_2M-20260226_023301/checkpoint-12500,obj2_closer,output/phasevar_5/0000_phA00_phB04.png,Is the green sphere closer to the camera than the cyan cube? Answer with yes or no.,Yes,Yes,26.75,20.390625,True
/data/shared/Qwen/mydisk/output/SYNTHETIC/NVILA-Lite-2B-SYNTHETIC_MIX_5PCT_2M-20260226_023301/checkpoint-12500,obj2_closer,output/phasevar_5/0000_phA00_phB05.png,Is the green sphere closer to the camera than the cyan cube? Answer with yes or no.,Yes,Yes,26.609375,20.3125,True
/data/shared/Qwen/mydisk/output/SYNTHETIC/NVILA-Lite-2B-SYNTHETIC_MIX_5PCT_2M-20260226_023301/checkpoint-12500,obj2_closer,output/phasevar_5/0000_phA00_phB06.png,Is the green sphere closer to the camera than the cyan cube? Answer with yes or no.,Yes,Yes,24.953125,19.4375,True
/data/shared/Qwen/mydisk/output/SYNTHETIC/NVILA-Lite-2B-SYNTHETIC_MIX_5PCT_2M-20260226_023301/checkpoint-12500,obj2_closer,output/phasevar_5/0000_phA00_phB07.png,Is the green sphere closer to the camera than the cyan cube? Answer with yes or no.,Yes,Yes,24.796875,18.90625,True
/data/shared/Qwen/mydisk/output/SYNTHETIC/NVILA-Lite-2B-SYNTHETIC_MIX_5PCT_2M-20260226_023301/checkpoint-12500,obj2_closer,output/phasevar_5/0000_phA00_phB08.png,Is the green sphere closer to the camera than the cyan cube? Answer with yes or no.,Yes,Yes,25.21875,19.15625,True
/data/shared/Qwen/mydisk/output/SYNTHETIC/NVILA-Lite-2B-SYNTHETIC_MIX_5PCT_2M-20260226_023301/checkpoint-12500,obj2_closer,output/phasevar_5/0000_phA00_phB09.png,Is the green sphere closer to the camera than the cyan cube? Answer with yes or no.,Yes,Yes,24.0625,17.96875,True
/data/shared/Qwen/mydisk/output/SYNTHETIC/NVILA-Lite-2B-SYNTHETIC_MIX_5PCT_2M-20260226_023301/checkpoint-12500,obj2_closer,output/phasevar_5/0000_phA00_phB10.png,Is the green sphere closer to the camera than the cyan cube? Answer with yes or no.,Yes,Yes,23.765625,18.0,True
/data/shared/Qwen/mydisk/output/SYNTHETIC/NVILA-Lite-2B-SYNTHETIC_MIX_5PCT_2M-20260226_023301/checkpoint-12500,obj2_closer,output/phasevar_5/0000_phA00_phB11.png,Is the green sphere closer to the camera than the cyan cube? Answer with yes or no.,Yes,Yes,24.46875,18.703125,True
/data/shared/Qwen/mydisk/output/SYNTHETIC/NVILA-Lite-2B-SYNTHETIC_MIX_5PCT_2M-20260226_023301/checkpoint-12500,obj2_closer,output/phasevar_5/0000_phA00_phB12.png,Is the green sphere closer to the camera than the cyan cube? Answer with yes or no.,Yes,Yes,24.40625,18.375,True
/data/shared/Qwen/mydisk/output/SYNTHETIC/NVILA-Lite-2B-SYNTHETIC_MIX_5PCT_2M-20260226_023301/checkpoint-12500,obj2_closer,output/phasevar_5/0000_phA00_phB13.png,Is the green sphere closer to the camera than the cyan cube? Answer with yes or no.,Yes,Yes,24.359375,18.65625,True
/data/shared/Qwen/mydisk/output/SYNTHETIC/NVILA-Lite-2B-SYNTHETIC_MIX_5PCT_2M-20260226_023301/checkpoint-12500,obj2_closer,output/phasevar_5/0000_phA00_phB14.png,Is the green sphere closer to the camera than the cyan cube? Answer with yes or no.,Yes,Yes,24.21875,18.859375,True
/data/shared/Qwen/mydisk/output/SYNTHETIC/NVILA-Lite-2B-SYNTHETIC_MIX_5PCT_2M-20260226_023301/checkpoint-12500,obj2_closer,output/phasevar_5/0000_phA00_phB15.png,Is the green sphere closer to the camera than the cyan cube? Answer with yes or no.,Yes,Yes,24.015625,18.890625,True
/data/shared/Qwen/mydisk/output/SYNTHETIC/NVILA-Lite-2B-SYNTHETIC_MIX_5PCT_2M-20260226_023301/checkpoint-12500,obj2_closer,output/phasevar_5/0000_phA01_phB00.png,Is the green sphere closer to the camera than the cyan cube? Answer with yes or no.,Yes,Yes,23.3125,18.703125,True
/data/shared/Qwen/mydisk/output/SYNTHETIC/NVILA-Lite-2B-SYNTHETIC_MIX_5PCT_2M-20260226_023301/checkpoint-12500,obj2_closer,output/phasevar_5/0000_phA01_phB01.png,Is the green sphere closer to the camera than the cyan cube? Answer with yes or no.,Yes,Yes,24.546875,19.609375,True
/data/shared/Qwen/mydisk/output/SYNTHETIC/NVILA-Lite-2B-SYNTHETIC_MIX_5PCT_2M-20260226_023301/checkpoint-12500,obj2_closer,output/phasevar_5/0000_phA01_phB02.png,Is the green sphere closer to the camera than the cyan cube? Answer with yes or no.,Yes,Yes,24.109375,19.640625,True
/data/shared/Qwen/mydisk/output/SYNTHETIC/NVILA-Lite-2B-SYNTHETIC_MIX_5PCT_2M-20260226_023301/checkpoint-12500,obj2_closer,output/phasevar_5/0000_phA01_phB03.png,Is the green sphere closer to the camera than the cyan cube? Answer with yes or no.,Yes,Yes,25.6875,19.984375,True
/data/shared/Qwen/mydisk/output/SYNTHETIC/NVILA-Lite-2B-SYNTHETIC_MIX_5PCT_2M-20260226_023301/checkpoint-12500,obj2_closer,output/phasevar_5/0000_phA01_phB04.png,Is the green sphere closer to the camera than the cyan cube? Answer with yes or no.,Yes,Yes,26.375,20.140625,True
/data/shared/Qwen/mydisk/output/SYNTHETIC/NVILA-Lite-2B-SYNTHETIC_MIX_5PCT_2M-20260226_023301/checkpoint-12500,obj2_closer,output/phasevar_5/0000_phA01_phB05.png,Is the green sphere closer to the camera than the cyan cube? Answer with yes or no.,Yes,Yes,26.015625,19.9375,True
/data/shared/Qwen/mydisk/output/SYNTHETIC/NVILA-Lite-2B-SYNTHETIC_MIX_5PCT_2M-20260226_023301/checkpoint-12500,obj2_closer,output/phasevar_5/0000_phA01_phB06.png,Is the green sphere closer to the camera than the cyan cube? Answer with yes or no.,Yes,Yes,24.484375,19.140625,True
/data/shared/Qwen/mydisk/output/SYNTHETIC/NVILA-Lite-2B-SYNTHETIC_MIX_5PCT_2M-20260226_023301/checkpoint-12500,obj2_closer,output/phasevar_5/0000_phA01_phB07.png,Is the green sphere closer to the camera than the cyan cube? Answer with yes or no.,Yes,Yes,24.328125,18.640625,True
/data/shared/Qwen/mydisk/output/SYNTHETIC/NVILA-Lite-2B-SYNTHETIC_MIX_5PCT_2M-20260226_023301/checkpoint-12500,obj2_closer,output/phasevar_5/0000_phA01_phB08.png,Is the green sphere closer to the camera than the cyan cube? Answer with yes or no.,Yes,Yes,24.65625,18.921875,True
/data/shared/Qwen/mydisk/output/SYNTHETIC/NVILA-Lite-2B-SYNTHETIC_MIX_5PCT_2M-20260226_023301/checkpoint-12500,obj2_closer,output/phasevar_5/0000_phA01_phB09.png,Is the green sphere closer to the camera than the cyan cube? Answer with yes or no.,Yes,Yes,23.609375,17.796875,True
/data/shared/Qwen/mydisk/output/SYNTHETIC/NVILA-Lite-2B-SYNTHETIC_MIX_5PCT_2M-20260226_023301/checkpoint-12500,obj2_closer,output/phasevar_5/0000_phA01_phB10.png,Is the green sphere closer to the camera than the cyan cube? Answer with yes or no.,Yes,Yes,23.453125,17.875,True
/data/shared/Qwen/mydisk/output/SYNTHETIC/NVILA-Lite-2B-SYNTHETIC_MIX_5PCT_2M-20260226_023301/checkpoint-12500,obj2_closer,output/phasevar_5/0000_phA01_phB11.png,Is the green sphere closer to the camera than the cyan cube? Answer with yes or no.,Yes,Yes,24.09375,18.484375,True
/data/shared/Qwen/mydisk/output/SYNTHETIC/NVILA-Lite-2B-SYNTHETIC_MIX_5PCT_2M-20260226_023301/checkpoint-12500,obj2_closer,output/phasevar_5/0000_phA01_phB12.png,Is the green sphere closer to the camera than the cyan cube? Answer with yes or no.,Yes,Yes,24.046875,18.140625,True
/data/shared/Qwen/mydisk/output/SYNTHETIC/NVILA-Lite-2B-SYNTHETIC_MIX_5PCT_2M-20260226_023301/checkpoint-12500,obj2_closer,output/phasevar_5/0000_phA01_phB13.png,Is the green sphere closer to the camera than the cyan cube? Answer with yes or no.,Yes,Yes,23.765625,18.25,True
/data/shared/Qwen/mydisk/output/SYNTHETIC/NVILA-Lite-2B-SYNTHETIC_MIX_5PCT_2M-20260226_023301/checkpoint-12500,obj2_closer,output/phasevar_5/0000_phA01_phB14.png,Is the green sphere closer to the camera than the cyan cube? Answer with yes or no.,Yes,Yes,23.59375,18.515625,True
/data/shared/Qwen/mydisk/output/SYNTHETIC/NVILA-Lite-2B-SYNTHETIC_MIX_5PCT_2M-20260226_023301/checkpoint-12500,obj2_closer,output/phasevar_5/0000_phA01_phB15.png,Is the green sphere closer to the camera than the cyan cube? Answer with yes or no.,Yes,Yes,23.234375,18.515625,True
/data/shared/Qwen/mydisk/output/SYNTHETIC/NVILA-Lite-2B-SYNTHETIC_MIX_5PCT_2M-20260226_023301/checkpoint-12500,obj2_closer,output/phasevar_5/0000_phA02_phB00.png,Is the green sphere closer to the camera than the cyan cube? Answer with yes or no.,Yes,Yes,23.09375,18.625,True
/data/shared/Qwen/mydisk/output/SYNTHETIC/NVILA-Lite-2B-SYNTHETIC_MIX_5PCT_2M-20260226_023301/checkpoint-12500,obj2_closer,output/phasevar_5/0000_phA02_phB01.png,Is the green sphere closer to the camera than the cyan cube? Answer with yes or no.,Yes,Yes,23.796875,19.046875,True
/data/shared/Qwen/mydisk/output/SYNTHETIC/NVILA-Lite-2B-SYNTHETIC_MIX_5PCT_2M-20260226_023301/checkpoint-12500,obj2_closer,output/phasevar_5/0000_phA02_phB02.png,Is the green sphere closer to the camera than the cyan cube? Answer with yes or no.,Yes,Yes,23.6875,19.390625,True
/data/shared/Qwen/mydisk/output/SYNTHETIC/NVILA-Lite-2B-SYNTHETIC_MIX_5PCT_2M-20260226_023301/checkpoint-12500,obj2_closer,output/phasevar_5/0000_phA02_phB03.png,Is the green sphere closer to the camera than the cyan cube? Answer with yes or no.,Yes,Yes,25.21875,19.515625,True
/data/shared/Qwen/mydisk/output/SYNTHETIC/NVILA-Lite-2B-SYNTHETIC_MIX_5PCT_2M-20260226_023301/checkpoint-12500,obj2_closer,output/phasevar_5/0000_phA02_phB04.png,Is the green sphere closer to the camera than the cyan cube? Answer with yes or no.,Yes,Yes,25.671875,19.484375,True
/data/shared/Qwen/mydisk/output/SYNTHETIC/NVILA-Lite-2B-SYNTHETIC_MIX_5PCT_2M-20260226_023301/checkpoint-12500,obj2_closer,output/phasevar_5/0000_phA02_phB05.png,Is the green sphere closer to the camera than the cyan cube? Answer with yes or no.,Yes,Yes,25.0625,19.296875,True
/data/shared/Qwen/mydisk/output/SYNTHETIC/NVILA-Lite-2B-SYNTHETIC_MIX_5PCT_2M-20260226_023301/checkpoint-12500,obj2_closer,output/phasevar_5/0000_phA02_phB06.png,Is the green sphere closer to the camera than the cyan cube? Answer with yes or no.,Yes,Yes,23.671875,18.578125,True
/data/shared/Qwen/mydisk/output/SYNTHETIC/NVILA-Lite-2B-SYNTHETIC_MIX_5PCT_2M-20260226_023301/checkpoint-12500,obj2_closer,output/phasevar_5/0000_phA02_phB07.png,Is the green sphere closer to the camera than the cyan cube? Answer with yes or no.,Yes,Yes,23.734375,18.3125,True
/data/shared/Qwen/mydisk/output/SYNTHETIC/NVILA-Lite-2B-SYNTHETIC_MIX_5PCT_2M-20260226_023301/checkpoint-12500,obj2_closer,output/phasevar_5/0000_phA02_phB08.png,Is the green sphere closer to the camera than the cyan cube? Answer with yes or no.,Yes,Yes,23.859375,18.75,True
/data/shared/Qwen/mydisk/output/SYNTHETIC/NVILA-Lite-2B-SYNTHETIC_MIX_5PCT_2M-20260226_023301/checkpoint-12500,obj2_closer,output/phasevar_5/0000_phA02_phB09.png,Is the green sphere closer to the camera than the cyan cube? Answer with yes or no.,Yes,Yes,23.109375,17.6875,True
/data/shared/Qwen/mydisk/output/SYNTHETIC/NVILA-Lite-2B-SYNTHETIC_MIX_5PCT_2M-20260226_023301/checkpoint-12500,obj2_closer,output/phasevar_5/0000_phA02_phB10.png,Is the green sphere closer to the camera than the cyan cube? Answer with yes or no.,Yes,Yes,23.078125,17.921875,True
/data/shared/Qwen/mydisk/output/SYNTHETIC/NVILA-Lite-2B-SYNTHETIC_MIX_5PCT_2M-20260226_023301/checkpoint-12500,obj2_closer,output/phasevar_5/0000_phA02_phB11.png,Is the green sphere closer to the camera than the cyan cube? Answer with yes or no.,Yes,Yes,23.53125,18.65625,True
/data/shared/Qwen/mydisk/output/SYNTHETIC/NVILA-Lite-2B-SYNTHETIC_MIX_5PCT_2M-20260226_023301/checkpoint-12500,obj2_closer,output/phasevar_5/0000_phA02_phB12.png,Is the green sphere closer to the camera than the cyan cube? Answer with yes or no.,Yes,Yes,23.609375,18.234375,True
/data/shared/Qwen/mydisk/output/SYNTHETIC/NVILA-Lite-2B-SYNTHETIC_MIX_5PCT_2M-20260226_023301/checkpoint-12500,obj2_closer,output/phasevar_5/0000_phA02_phB13.png,Is the green sphere closer to the camera than the cyan cube? Answer with yes or no.,Yes,Yes,23.421875,18.390625,True
/data/shared/Qwen/mydisk/output/SYNTHETIC/NVILA-Lite-2B-SYNTHETIC_MIX_5PCT_2M-20260226_023301/checkpoint-12500,obj2_closer,output/phasevar_5/0000_phA02_phB14.png,Is the green sphere closer to the camera than the cyan cube? Answer with yes or no.,Yes,Yes,23.265625,18.5,True
/data/shared/Qwen/mydisk/output/SYNTHETIC/NVILA-Lite-2B-SYNTHETIC_MIX_5PCT_2M-20260226_023301/checkpoint-12500,obj2_closer,output/phasevar_5/0000_phA02_phB15.png,Is the green sphere closer to the camera than the cyan cube? Answer with yes or no.,Yes,Yes,23.125,18.578125,True
/data/shared/Qwen/mydisk/output/SYNTHETIC/NVILA-Lite-2B-SYNTHETIC_MIX_5PCT_2M-20260226_023301/checkpoint-12500,obj2_closer,output/phasevar_5/0000_phA03_phB00.png,Is the green sphere closer to the camera than the cyan cube? Answer with yes or no.,Yes,Yes,23.234375,18.59375,True
/data/shared/Qwen/mydisk/output/SYNTHETIC/NVILA-Lite-2B-SYNTHETIC_MIX_5PCT_2M-20260226_023301/checkpoint-12500,obj2_closer,output/phasevar_5/0000_phA03_phB01.png,Is the green sphere closer to the camera than the cyan cube? Answer with yes or no.,Yes,Yes,24.234375,19.234375,True
/data/shared/Qwen/mydisk/output/SYNTHETIC/NVILA-Lite-2B-SYNTHETIC_MIX_5PCT_2M-20260226_023301/checkpoint-12500,obj2_closer,output/phasevar_5/0000_phA03_phB02.png,Is the green sphere closer to the camera than the cyan cube? Answer with yes or no.,Yes,Yes,23.765625,19.34375,True
/data/shared/Qwen/mydisk/output/SYNTHETIC/NVILA-Lite-2B-SYNTHETIC_MIX_5PCT_2M-20260226_023301/checkpoint-12500,obj2_closer,output/phasevar_5/0000_phA03_phB03.png,Is the green sphere closer to the camera than the cyan cube? Answer with yes or no.,Yes,Yes,25.484375,19.75,True
/data/shared/Qwen/mydisk/output/SYNTHETIC/NVILA-Lite-2B-SYNTHETIC_MIX_5PCT_2M-20260226_023301/checkpoint-12500,obj2_closer,output/phasevar_5/0000_phA03_phB04.png,Is the green sphere closer to the camera than the cyan cube? Answer with yes or no.,Yes,Yes,26.265625,19.53125,True
/data/shared/Qwen/mydisk/output/SYNTHETIC/NVILA-Lite-2B-SYNTHETIC_MIX_5PCT_2M-20260226_023301/checkpoint-12500,obj2_closer,output/phasevar_5/0000_phA03_phB05.png,Is the green sphere closer to the camera than the cyan cube? Answer with yes or no.,Yes,Yes,25.4375,19.21875,True
/data/shared/Qwen/mydisk/output/SYNTHETIC/NVILA-Lite-2B-SYNTHETIC_MIX_5PCT_2M-20260226_023301/checkpoint-12500,obj2_closer,output/phasevar_5/0000_phA03_phB06.png,Is the green sphere closer to the camera than the cyan cube? Answer with yes or no.,Yes,Yes,23.03125,17.859375,True
/data/shared/Qwen/mydisk/output/SYNTHETIC/NVILA-Lite-2B-SYNTHETIC_MIX_5PCT_2M-20260226_023301/checkpoint-12500,obj2_closer,output/phasevar_5/0000_phA03_phB07.png,Is the green sphere closer to the camera than the cyan cube? Answer with yes or no.,Yes,Yes,22.859375,17.265625,True
/data/shared/Qwen/mydisk/output/SYNTHETIC/NVILA-Lite-2B-SYNTHETIC_MIX_5PCT_2M-20260226_023301/checkpoint-12500,obj2_closer,output/phasevar_5/0000_phA03_phB08.png,Is the green sphere closer to the camera than the cyan cube? Answer with yes or no.,Yes,Yes,23.671875,17.953125,True
/data/shared/Qwen/mydisk/output/SYNTHETIC/NVILA-Lite-2B-SYNTHETIC_MIX_5PCT_2M-20260226_023301/checkpoint-12500,obj2_closer,output/phasevar_5/0000_phA03_phB09.png,Is the green sphere closer to the camera than the cyan cube? Answer with yes or no.,Yes,Yes,22.5625,16.75,True
/data/shared/Qwen/mydisk/output/SYNTHETIC/NVILA-Lite-2B-SYNTHETIC_MIX_5PCT_2M-20260226_023301/checkpoint-12500,obj2_closer,output/phasevar_5/0000_phA03_phB10.png,Is the green sphere closer to the camera than the cyan cube? Answer with yes or no.,Yes,Yes,22.484375,16.953125,True
/data/shared/Qwen/mydisk/output/SYNTHETIC/NVILA-Lite-2B-SYNTHETIC_MIX_5PCT_2M-20260226_023301/checkpoint-12500,obj2_closer,output/phasevar_5/0000_phA03_phB11.png,Is the green sphere closer to the camera than the cyan cube? Answer with yes or no.,Yes,Yes,23.75,17.953125,True
/data/shared/Qwen/mydisk/output/SYNTHETIC/NVILA-Lite-2B-SYNTHETIC_MIX_5PCT_2M-20260226_023301/checkpoint-12500,obj2_closer,output/phasevar_5/0000_phA03_phB12.png,Is the green sphere closer to the camera than the cyan cube? Answer with yes or no.,Yes,Yes,23.8125,17.828125,True
/data/shared/Qwen/mydisk/output/SYNTHETIC/NVILA-Lite-2B-SYNTHETIC_MIX_5PCT_2M-20260226_023301/checkpoint-12500,obj2_closer,output/phasevar_5/0000_phA03_phB13.png,Is the green sphere closer to the camera than the cyan cube? Answer with yes or no.,Yes,Yes,23.328125,17.734375,True
/data/shared/Qwen/mydisk/output/SYNTHETIC/NVILA-Lite-2B-SYNTHETIC_MIX_5PCT_2M-20260226_023301/checkpoint-12500,obj2_closer,output/phasevar_5/0000_phA03_phB14.png,Is the green sphere closer to the camera than the cyan cube? Answer with yes or no.,Yes,Yes,23.375,18.15625,True
/data/shared/Qwen/mydisk/output/SYNTHETIC/NVILA-Lite-2B-SYNTHETIC_MIX_5PCT_2M-20260226_023301/checkpoint-12500,obj2_closer,output/phasevar_5/0000_phA03_phB15.png,Is the green sphere closer to the camera than the cyan cube? Answer with yes or no.,Yes,Yes,23.3125,18.4375,True
/data/shared/Qwen/mydisk/output/SYNTHETIC/NVILA-Lite-2B-SYNTHETIC_MIX_5PCT_2M-20260226_023301/checkpoint-12500,obj2_closer,output/phasevar_5/0000_phA04_phB00.png,Is the green sphere closer to the camera than the cyan cube? Answer with yes or no.,Yes,Yes,23.40625,18.9375,True
/data/shared/Qwen/mydisk/output/SYNTHETIC/NVILA-Lite-2B-SYNTHETIC_MIX_5PCT_2M-20260226_023301/checkpoint-12500,obj2_closer,output/phasevar_5/0000_phA04_phB01.png,Is the green sphere closer to the camera than the cyan cube? Answer with yes or no.,Yes,Yes,24.4375,19.578125,True
/data/shared/Qwen/mydisk/output/SYNTHETIC/NVILA-Lite-2B-SYNTHETIC_MIX_5PCT_2M-20260226_023301/checkpoint-12500,obj2_closer,output/phasevar_5/0000_phA04_phB02.png,Is the green sphere closer to the camera than the cyan cube? Answer with yes or no.,Yes,Yes,24.21875,19.734375,True
/data/shared/Qwen/mydisk/output/SYNTHETIC/NVILA-Lite-2B-SYNTHETIC_MIX_5PCT_2M-20260226_023301/checkpoint-12500,obj2_closer,output/phasevar_5/0000_phA04_phB03.png,Is the green sphere closer to the camera than the cyan cube? Answer with yes or no.,Yes,Yes,25.78125,20.078125,True
/data/shared/Qwen/mydisk/output/SYNTHETIC/NVILA-Lite-2B-SYNTHETIC_MIX_5PCT_2M-20260226_023301/checkpoint-12500,obj2_closer,output/phasevar_5/0000_phA04_phB04.png,Is the green sphere closer to the camera than the cyan cube? Answer with yes or no.,Yes,Yes,26.46875,19.6875,True
/data/shared/Qwen/mydisk/output/SYNTHETIC/NVILA-Lite-2B-SYNTHETIC_MIX_5PCT_2M-20260226_023301/checkpoint-12500,obj2_closer,output/phasevar_5/0000_phA04_phB05.png,Is the green sphere closer to the camera than the cyan cube? Answer with yes or no.,Yes,Yes,25.65625,19.40625,True
/data/shared/Qwen/mydisk/output/SYNTHETIC/NVILA-Lite-2B-SYNTHETIC_MIX_5PCT_2M-20260226_023301/checkpoint-12500,obj2_closer,output/phasevar_5/0000_phA04_phB06.png,Is the green sphere closer to the camera than the cyan cube? Answer with yes or no.,Yes,Yes,23.015625,18.0,True
/data/shared/Qwen/mydisk/output/SYNTHETIC/NVILA-Lite-2B-SYNTHETIC_MIX_5PCT_2M-20260226_023301/checkpoint-12500,obj2_closer,output/phasevar_5/0000_phA04_phB07.png,Is the green sphere closer to the camera than the cyan cube? Answer with yes or no.,Yes,Yes,22.484375,17.109375,True
/data/shared/Qwen/mydisk/output/SYNTHETIC/NVILA-Lite-2B-SYNTHETIC_MIX_5PCT_2M-20260226_023301/checkpoint-12500,obj2_closer,output/phasevar_5/0000_phA04_phB08.png,Is the green sphere closer to the camera than the cyan cube? Answer with yes or no.,Yes,Yes,23.0625,17.59375,True
/data/shared/Qwen/mydisk/output/SYNTHETIC/NVILA-Lite-2B-SYNTHETIC_MIX_5PCT_2M-20260226_023301/checkpoint-12500,obj2_closer,output/phasevar_5/0000_phA04_phB09.png,Is the green sphere closer to the camera than the cyan cube? Answer with yes or no.,Yes,Yes,22.0,16.515625,True
/data/shared/Qwen/mydisk/output/SYNTHETIC/NVILA-Lite-2B-SYNTHETIC_MIX_5PCT_2M-20260226_023301/checkpoint-12500,obj2_closer,output/phasevar_5/0000_phA04_phB10.png,Is the green sphere closer to the camera than the cyan cube? Answer with yes or no.,Yes,Yes,22.140625,16.84375,True
/data/shared/Qwen/mydisk/output/SYNTHETIC/NVILA-Lite-2B-SYNTHETIC_MIX_5PCT_2M-20260226_023301/checkpoint-12500,obj2_closer,output/phasevar_5/0000_phA04_phB11.png,Is the green sphere closer to the camera than the cyan cube? Answer with yes or no.,Yes,Yes,23.5625,17.734375,True
/data/shared/Qwen/mydisk/output/SYNTHETIC/NVILA-Lite-2B-SYNTHETIC_MIX_5PCT_2M-20260226_023301/checkpoint-12500,obj2_closer,output/phasevar_5/0000_phA04_phB12.png,Is the green sphere closer to the camera than the cyan cube? Answer with yes or no.,Yes,Yes,23.9375,17.9375,True
/data/shared/Qwen/mydisk/output/SYNTHETIC/NVILA-Lite-2B-SYNTHETIC_MIX_5PCT_2M-20260226_023301/checkpoint-12500,obj2_closer,output/phasevar_5/0000_phA04_phB13.png,Is the green sphere closer to the camera than the cyan cube? Answer with yes or no.,Yes,Yes,23.5625,18.015625,True
/data/shared/Qwen/mydisk/output/SYNTHETIC/NVILA-Lite-2B-SYNTHETIC_MIX_5PCT_2M-20260226_023301/checkpoint-12500,obj2_closer,output/phasevar_5/0000_phA04_phB14.png,Is the green sphere closer to the camera than the cyan cube? Answer with yes or no.,Yes,Yes,23.65625,18.5,True
/data/shared/Qwen/mydisk/output/SYNTHETIC/NVILA-Lite-2B-SYNTHETIC_MIX_5PCT_2M-20260226_023301/checkpoint-12500,obj2_closer,output/phasevar_5/0000_phA04_phB15.png,Is the green sphere closer to the camera than the cyan cube? Answer with yes or no.,Yes,Yes,23.546875,18.734375,True
/data/shared/Qwen/mydisk/output/SYNTHETIC/NVILA-Lite-2B-SYNTHETIC_MIX_5PCT_2M-20260226_023301/checkpoint-12500,obj2_closer,output/phasevar_5/0000_phA05_phB00.png,Is the green sphere closer to the camera than the cyan cube? Answer with yes or no.,Yes,Yes,23.53125,18.96875,True
/data/shared/Qwen/mydisk/output/SYNTHETIC/NVILA-Lite-2B-SYNTHETIC_MIX_5PCT_2M-20260226_023301/checkpoint-12500,obj2_closer,output/phasevar_5/0000_phA05_phB01.png,Is the green sphere closer to the camera than the cyan cube? Answer with yes or no.,Yes,Yes,24.421875,19.53125,True
/data/shared/Qwen/mydisk/output/SYNTHETIC/NVILA-Lite-2B-SYNTHETIC_MIX_5PCT_2M-20260226_023301/checkpoint-12500,obj2_closer,output/phasevar_5/0000_phA05_phB02.png,Is the green sphere closer to the camera than the cyan cube? Answer with yes or no.,Yes,Yes,24.234375,19.71875,True
/data/shared/Qwen/mydisk/output/SYNTHETIC/NVILA-Lite-2B-SYNTHETIC_MIX_5PCT_2M-20260226_023301/checkpoint-12500,obj2_closer,output/phasevar_5/0000_phA05_phB03.png,Is the green sphere closer to the camera than the cyan cube? Answer with yes or no.,Yes,Yes,25.953125,20.0625,True
/data/shared/Qwen/mydisk/output/SYNTHETIC/NVILA-Lite-2B-SYNTHETIC_MIX_5PCT_2M-20260226_023301/checkpoint-12500,obj2_closer,output/phasevar_5/0000_phA05_phB04.png,Is the green sphere closer to the camera than the cyan cube? Answer with yes or no.,Yes,Yes,26.421875,19.75,True
/data/shared/Qwen/mydisk/output/SYNTHETIC/NVILA-Lite-2B-SYNTHETIC_MIX_5PCT_2M-20260226_023301/checkpoint-12500,obj2_closer,output/phasevar_5/0000_phA05_phB05.png,Is the green sphere closer to the camera than the cyan cube? Answer with yes or no.,Yes,Yes,25.921875,19.46875,True
/data/shared/Qwen/mydisk/output/SYNTHETIC/NVILA-Lite-2B-SYNTHETIC_MIX_5PCT_2M-20260226_023301/checkpoint-12500,obj2_closer,output/phasevar_5/0000_phA05_phB06.png,Is the green sphere closer to the camera than the cyan cube? Answer with yes or no.,Yes,Yes,22.921875,17.890625,True
/data/shared/Qwen/mydisk/output/SYNTHETIC/NVILA-Lite-2B-SYNTHETIC_MIX_5PCT_2M-20260226_023301/checkpoint-12500,obj2_closer,output/phasevar_5/0000_phA05_phB07.png,Is the green sphere closer to the camera than the cyan cube? Answer with yes or no.,Yes,Yes,22.28125,16.859375,True
/data/shared/Qwen/mydisk/output/SYNTHETIC/NVILA-Lite-2B-SYNTHETIC_MIX_5PCT_2M-20260226_023301/checkpoint-12500,obj2_closer,output/phasevar_5/0000_phA05_phB08.png,Is the green sphere closer to the camera than the cyan cube? Answer with yes or no.,Yes,Yes,22.84375,17.296875,True
/data/shared/Qwen/mydisk/output/SYNTHETIC/NVILA-Lite-2B-SYNTHETIC_MIX_5PCT_2M-20260226_023301/checkpoint-12500,obj2_closer,output/phasevar_5/0000_phA05_phB09.png,Is the green sphere closer to the camera than the cyan cube? Answer with yes or no.,Yes,Yes,21.953125,16.359375,True
/data/shared/Qwen/mydisk/output/SYNTHETIC/NVILA-Lite-2B-SYNTHETIC_MIX_5PCT_2M-20260226_023301/checkpoint-12500,obj2_closer,output/phasevar_5/0000_phA05_phB10.png,Is the green sphere closer to the camera than the cyan cube? Answer with yes or no.,Yes,Yes,22.140625,16.765625,True
/data/shared/Qwen/mydisk/output/SYNTHETIC/NVILA-Lite-2B-SYNTHETIC_MIX_5PCT_2M-20260226_023301/checkpoint-12500,obj2_closer,output/phasevar_5/0000_phA05_phB11.png,Is the green sphere closer to the camera than the cyan cube? Answer with yes or no.,Yes,Yes,23.671875,17.625,True
/data/shared/Qwen/mydisk/output/SYNTHETIC/NVILA-Lite-2B-SYNTHETIC_MIX_5PCT_2M-20260226_023301/checkpoint-12500,obj2_closer,output/phasevar_5/0000_phA05_phB12.png,Is the green sphere closer to the camera than the cyan cube? Answer with yes or no.,Yes,Yes,23.9375,17.9375,True
/data/shared/Qwen/mydisk/output/SYNTHETIC/NVILA-Lite-2B-SYNTHETIC_MIX_5PCT_2M-20260226_023301/checkpoint-12500,obj2_closer,output/phasevar_5/0000_phA05_phB13.png,Is the green sphere closer to the camera than the cyan cube? Answer with yes or no.,Yes,Yes,23.625,18.109375,True
/data/shared/Qwen/mydisk/output/SYNTHETIC/NVILA-Lite-2B-SYNTHETIC_MIX_5PCT_2M-20260226_023301/checkpoint-12500,obj2_closer,output/phasevar_5/0000_phA05_phB14.png,Is the green sphere closer to the camera than the cyan cube? Answer with yes or no.,Yes,Yes,23.671875,18.5,True
/data/shared/Qwen/mydisk/output/SYNTHETIC/NVILA-Lite-2B-SYNTHETIC_MIX_5PCT_2M-20260226_023301/checkpoint-12500,obj2_closer,output/phasevar_5/0000_phA05_phB15.png,Is the green sphere closer to the camera than the cyan cube? Answer with yes or no.,Yes,Yes,23.5625,18.71875,True
/data/shared/Qwen/mydisk/output/SYNTHETIC/NVILA-Lite-2B-SYNTHETIC_MIX_5PCT_2M-20260226_023301/checkpoint-12500,obj2_closer,output/phasevar_5/0000_phA06_phB00.png,Is the green sphere closer to the camera than the cyan cube? Answer with yes or no.,Yes,Yes,22.203125,18.96875,True
/data/shared/Qwen/mydisk/output/SYNTHETIC/NVILA-Lite-2B-SYNTHETIC_MIX_5PCT_2M-20260226_023301/checkpoint-12500,obj2_closer,output/phasevar_5/0000_phA06_phB01.png,Is the green sphere closer to the camera than the cyan cube? Answer with yes or no.,Yes,Yes,22.953125,19.359375,True
/data/shared/Qwen/mydisk/output/SYNTHETIC/NVILA-Lite-2B-SYNTHETIC_MIX_5PCT_2M-20260226_023301/checkpoint-12500,obj2_closer,output/phasevar_5/0000_phA06_phB02.png,Is the green sphere closer to the camera than the cyan cube? Answer with yes or no.,Yes,Yes,23.328125,19.765625,True
/data/shared/Qwen/mydisk/output/SYNTHETIC/NVILA-Lite-2B-SYNTHETIC_MIX_5PCT_2M-20260226_023301/checkpoint-12500,obj2_closer,output/phasevar_5/0000_phA06_phB03.png,Is the green sphere closer to the camera than the cyan cube? Answer with yes or no.,Yes,Yes,25.390625,20.390625,True
/data/shared/Qwen/mydisk/output/SYNTHETIC/NVILA-Lite-2B-SYNTHETIC_MIX_5PCT_2M-20260226_023301/checkpoint-12500,obj2_closer,output/phasevar_5/0000_phA06_phB04.png,Is the green sphere closer to the camera than the cyan cube? Answer with yes or no.,Yes,Yes,26.03125,20.390625,True
/data/shared/Qwen/mydisk/output/SYNTHETIC/NVILA-Lite-2B-SYNTHETIC_MIX_5PCT_2M-20260226_023301/checkpoint-12500,obj2_closer,output/phasevar_5/0000_phA06_phB05.png,Is the green sphere closer to the camera than the cyan cube? Answer with yes or no.,Yes,Yes,25.09375,19.84375,True
/data/shared/Qwen/mydisk/output/SYNTHETIC/NVILA-Lite-2B-SYNTHETIC_MIX_5PCT_2M-20260226_023301/checkpoint-12500,obj2_closer,output/phasevar_5/0000_phA06_phB06.png,Is the green sphere closer to the camera than the cyan cube? Answer with yes or no.,Yes,Yes,22.390625,18.375,True
/data/shared/Qwen/mydisk/output/SYNTHETIC/NVILA-Lite-2B-SYNTHETIC_MIX_5PCT_2M-20260226_023301/checkpoint-12500,obj2_closer,output/phasevar_5/0000_phA06_phB07.png,Is the green sphere closer to the camera than the cyan cube? Answer with yes or no.,Yes,Yes,21.65625,17.234375,True
/data/shared/Qwen/mydisk/output/SYNTHETIC/NVILA-Lite-2B-SYNTHETIC_MIX_5PCT_2M-20260226_023301/checkpoint-12500,obj2_closer,output/phasevar_5/0000_phA06_phB08.png,Is the green sphere closer to the camera than the cyan cube? Answer with yes or no.,Yes,Yes,21.75,17.609375,True
/data/shared/Qwen/mydisk/output/SYNTHETIC/NVILA-Lite-2B-SYNTHETIC_MIX_5PCT_2M-20260226_023301/checkpoint-12500,obj2_closer,output/phasevar_5/0000_phA06_phB09.png,Is the green sphere closer to the camera than the cyan cube? Answer with yes or no.,Yes,Yes,21.328125,17.21875,True
/data/shared/Qwen/mydisk/output/SYNTHETIC/NVILA-Lite-2B-SYNTHETIC_MIX_5PCT_2M-20260226_023301/checkpoint-12500,obj2_closer,output/phasevar_5/0000_phA06_phB10.png,Is the green sphere closer to the camera than the cyan cube? Answer with yes or no.,Yes,Yes,21.765625,17.828125,True
/data/shared/Qwen/mydisk/output/SYNTHETIC/NVILA-Lite-2B-SYNTHETIC_MIX_5PCT_2M-20260226_023301/checkpoint-12500,obj2_closer,output/phasevar_5/0000_phA06_phB11.png,Is the green sphere closer to the camera than the cyan cube? Answer with yes or no.,Yes,Yes,22.796875,18.703125,True
/data/shared/Qwen/mydisk/output/SYNTHETIC/NVILA-Lite-2B-SYNTHETIC_MIX_5PCT_2M-20260226_023301/checkpoint-12500,obj2_closer,output/phasevar_5/0000_phA06_phB12.png,Is the green sphere closer to the camera than the cyan cube? Answer with yes or no.,Yes,Yes,23.25,18.859375,True
/data/shared/Qwen/mydisk/output/SYNTHETIC/NVILA-Lite-2B-SYNTHETIC_MIX_5PCT_2M-20260226_023301/checkpoint-12500,obj2_closer,output/phasevar_5/0000_phA06_phB13.png,Is the green sphere closer to the camera than the cyan cube? Answer with yes or no.,Yes,Yes,22.8125,18.84375,True
/data/shared/Qwen/mydisk/output/SYNTHETIC/NVILA-Lite-2B-SYNTHETIC_MIX_5PCT_2M-20260226_023301/checkpoint-12500,obj2_closer,output/phasevar_5/0000_phA06_phB14.png,Is the green sphere closer to the camera than the cyan cube? Answer with yes or no.,Yes,Yes,22.9375,19.15625,True
/data/shared/Qwen/mydisk/output/SYNTHETIC/NVILA-Lite-2B-SYNTHETIC_MIX_5PCT_2M-20260226_023301/checkpoint-12500,obj2_closer,output/phasevar_5/0000_phA06_phB15.png,Is the green sphere closer to the camera than the cyan cube? Answer with yes or no.,Yes,Yes,22.546875,19.03125,True
/data/shared/Qwen/mydisk/output/SYNTHETIC/NVILA-Lite-2B-SYNTHETIC_MIX_5PCT_2M-20260226_023301/checkpoint-12500,obj2_closer,output/phasevar_5/0000_phA07_phB00.png,Is the green sphere closer to the camera than the cyan cube? Answer with yes or no.,Yes,Yes,23.640625,19.46875,True
/data/shared/Qwen/mydisk/output/SYNTHETIC/NVILA-Lite-2B-SYNTHETIC_MIX_5PCT_2M-20260226_023301/checkpoint-12500,obj2_closer,output/phasevar_5/0000_phA07_phB01.png,Is the green sphere closer to the camera than the cyan cube? Answer with yes or no.,Yes,Yes,24.484375,20.046875,True
/data/shared/Qwen/mydisk/output/SYNTHETIC/NVILA-Lite-2B-SYNTHETIC_MIX_5PCT_2M-20260226_023301/checkpoint-12500,obj2_closer,output/phasevar_5/0000_phA07_phB02.png,Is the green sphere closer to the camera than the cyan cube? Answer with yes or no.,Yes,Yes,24.375,20.203125,True
/data/shared/Qwen/mydisk/output/SYNTHETIC/NVILA-Lite-2B-SYNTHETIC_MIX_5PCT_2M-20260226_023301/checkpoint-12500,obj2_closer,output/phasevar_5/0000_phA07_phB03.png,Is the green sphere closer to the camera than the cyan cube? Answer with yes or no.,Yes,Yes,26.421875,20.859375,True
/data/shared/Qwen/mydisk/output/SYNTHETIC/NVILA-Lite-2B-SYNTHETIC_MIX_5PCT_2M-20260226_023301/checkpoint-12500,obj2_closer,output/phasevar_5/0000_phA07_phB04.png,Is the green sphere closer to the camera than the cyan cube? Answer with yes or no.,Yes,Yes,27.1875,20.796875,True
/data/shared/Qwen/mydisk/output/SYNTHETIC/NVILA-Lite-2B-SYNTHETIC_MIX_5PCT_2M-20260226_023301/checkpoint-12500,obj2_closer,output/phasevar_5/0000_phA07_phB05.png,Is the green sphere closer to the camera than the cyan cube? Answer with yes or no.,Yes,Yes,26.515625,20.265625,True
/data/shared/Qwen/mydisk/output/SYNTHETIC/NVILA-Lite-2B-SYNTHETIC_MIX_5PCT_2M-20260226_023301/checkpoint-12500,obj2_closer,output/phasevar_5/0000_phA07_phB06.png,Is the green sphere closer to the camera than the cyan cube? Answer with yes or no.,Yes,Yes,23.328125,18.625,True
/data/shared/Qwen/mydisk/output/SYNTHETIC/NVILA-Lite-2B-SYNTHETIC_MIX_5PCT_2M-20260226_023301/checkpoint-12500,obj2_closer,output/phasevar_5/0000_phA07_phB07.png,Is the green sphere closer to the camera than the cyan cube? Answer with yes or no.,Yes,Yes,22.609375,17.453125,True
/data/shared/Qwen/mydisk/output/SYNTHETIC/NVILA-Lite-2B-SYNTHETIC_MIX_5PCT_2M-20260226_023301/checkpoint-12500,obj2_closer,output/phasevar_5/0000_phA07_phB08.png,Is the green sphere closer to the camera than the cyan cube? Answer with yes or no.,Yes,Yes,22.703125,17.1875,True
/data/shared/Qwen/mydisk/output/SYNTHETIC/NVILA-Lite-2B-SYNTHETIC_MIX_5PCT_2M-20260226_023301/checkpoint-12500,obj2_closer,output/phasevar_5/0000_phA07_phB09.png,Is the green sphere closer to the camera than the cyan cube? Answer with yes or no.,Yes,Yes,22.0625,16.546875,True
/data/shared/Qwen/mydisk/output/SYNTHETIC/NVILA-Lite-2B-SYNTHETIC_MIX_5PCT_2M-20260226_023301/checkpoint-12500,obj2_closer,output/phasevar_5/0000_phA07_phB10.png,Is the green sphere closer to the camera than the cyan cube? Answer with yes or no.,Yes,Yes,22.140625,17.015625,True
/data/shared/Qwen/mydisk/output/SYNTHETIC/NVILA-Lite-2B-SYNTHETIC_MIX_5PCT_2M-20260226_023301/checkpoint-12500,obj2_closer,output/phasevar_5/0000_phA07_phB11.png,Is the green sphere closer to the camera than the cyan cube? Answer with yes or no.,Yes,Yes,23.671875,18.1875,True
/data/shared/Qwen/mydisk/output/SYNTHETIC/NVILA-Lite-2B-SYNTHETIC_MIX_5PCT_2M-20260226_023301/checkpoint-12500,obj2_closer,output/phasevar_5/0000_phA07_phB12.png,Is the green sphere closer to the camera than the cyan cube? Answer with yes or no.,Yes,Yes,24.15625,18.609375,True
/data/shared/Qwen/mydisk/output/SYNTHETIC/NVILA-Lite-2B-SYNTHETIC_MIX_5PCT_2M-20260226_023301/checkpoint-12500,obj2_closer,output/phasevar_5/0000_phA07_phB13.png,Is the green sphere closer to the camera than the cyan cube? Answer with yes or no.,Yes,Yes,23.796875,18.75,True
/data/shared/Qwen/mydisk/output/SYNTHETIC/NVILA-Lite-2B-SYNTHETIC_MIX_5PCT_2M-20260226_023301/checkpoint-12500,obj2_closer,output/phasevar_5/0000_phA07_phB14.png,Is the green sphere closer to the camera than the cyan cube? Answer with yes or no.,Yes,Yes,23.828125,19.25,True
/data/shared/Qwen/mydisk/output/SYNTHETIC/NVILA-Lite-2B-SYNTHETIC_MIX_5PCT_2M-20260226_023301/checkpoint-12500,obj2_closer,output/phasevar_5/0000_phA07_phB15.png,Is the green sphere closer to the camera than the cyan cube? Answer with yes or no.,Yes,Yes,23.59375,19.25,True
/data/shared/Qwen/mydisk/output/SYNTHETIC/NVILA-Lite-2B-SYNTHETIC_MIX_5PCT_2M-20260226_023301/checkpoint-12500,obj2_closer,output/phasevar_5/0000_phA08_phB00.png,Is the green sphere closer to the camera than the cyan cube? Answer with yes or no.,Yes,Yes,23.53125,19.65625,True
/data/shared/Qwen/mydisk/output/SYNTHETIC/NVILA-Lite-2B-SYNTHETIC_MIX_5PCT_2M-20260226_023301/checkpoint-12500,obj2_closer,output/phasevar_5/0000_phA08_phB01.png,Is the green sphere closer to the camera than the cyan cube? Answer with yes or no.,Yes,Yes,24.46875,20.28125,True
/data/shared/Qwen/mydisk/output/SYNTHETIC/NVILA-Lite-2B-SYNTHETIC_MIX_5PCT_2M-20260226_023301/checkpoint-12500,obj2_closer,output/phasevar_5/0000_phA08_phB02.png,Is the green sphere closer to the camera than the cyan cube? Answer with yes or no.,Yes,Yes,24.21875,20.3125,True
/data/shared/Qwen/mydisk/output/SYNTHETIC/NVILA-Lite-2B-SYNTHETIC_MIX_5PCT_2M-20260226_023301/checkpoint-12500,obj2_closer,output/phasevar_5/0000_phA08_phB03.png,Is the green sphere closer to the camera than the cyan cube? Answer with yes or no.,Yes,Yes,26.09375,20.890625,True
/data/shared/Qwen/mydisk/output/SYNTHETIC/NVILA-Lite-2B-SYNTHETIC_MIX_5PCT_2M-20260226_023301/checkpoint-12500,obj2_closer,output/phasevar_5/0000_phA08_phB04.png,Is the green sphere closer to the camera than the cyan cube? Answer with yes or no.,Yes,Yes,27.125,21.203125,True
/data/shared/Qwen/mydisk/output/SYNTHETIC/NVILA-Lite-2B-SYNTHETIC_MIX_5PCT_2M-20260226_023301/checkpoint-12500,obj2_closer,output/phasevar_5/0000_phA08_phB05.png,Is the green sphere closer to the camera than the cyan cube? Answer with yes or no.,Yes,Yes,26.6875,21.03125,True
/data/shared/Qwen/mydisk/output/SYNTHETIC/NVILA-Lite-2B-SYNTHETIC_MIX_5PCT_2M-20260226_023301/checkpoint-12500,obj2_closer,output/phasevar_5/0000_phA08_phB06.png,Is the green sphere closer to the camera than the cyan cube? Answer with yes or no.,Yes,Yes,23.515625,19.265625,True
/data/shared/Qwen/mydisk/output/SYNTHETIC/NVILA-Lite-2B-SYNTHETIC_MIX_5PCT_2M-20260226_023301/checkpoint-12500,obj2_closer,output/phasevar_5/0000_phA08_phB07.png,Is the green sphere closer to the camera than the cyan cube? Answer with yes or no.,Yes,Yes,23.0,18.28125,True
/data/shared/Qwen/mydisk/output/SYNTHETIC/NVILA-Lite-2B-SYNTHETIC_MIX_5PCT_2M-20260226_023301/checkpoint-12500,obj2_closer,output/phasevar_5/0000_phA08_phB08.png,Is the green sphere closer to the camera than the cyan cube? Answer with yes or no.,Yes,Yes,22.953125,17.9375,True
/data/shared/Qwen/mydisk/output/SYNTHETIC/NVILA-Lite-2B-SYNTHETIC_MIX_5PCT_2M-20260226_023301/checkpoint-12500,obj2_closer,output/phasevar_5/0000_phA08_phB09.png,Is the green sphere closer to the camera than the cyan cube? Answer with yes or no.,Yes,Yes,22.125,16.875,True
/data/shared/Qwen/mydisk/output/SYNTHETIC/NVILA-Lite-2B-SYNTHETIC_MIX_5PCT_2M-20260226_023301/checkpoint-12500,obj2_closer,output/phasevar_5/0000_phA08_phB10.png,Is the green sphere closer to the camera than the cyan cube? Answer with yes or no.,Yes,Yes,22.109375,17.375,True
/data/shared/Qwen/mydisk/output/SYNTHETIC/NVILA-Lite-2B-SYNTHETIC_MIX_5PCT_2M-20260226_023301/checkpoint-12500,obj2_closer,output/phasevar_5/0000_phA08_phB11.png,Is the green sphere closer to the camera than the cyan cube? Answer with yes or no.,Yes,Yes,23.53125,18.515625,True
/data/shared/Qwen/mydisk/output/SYNTHETIC/NVILA-Lite-2B-SYNTHETIC_MIX_5PCT_2M-20260226_023301/checkpoint-12500,obj2_closer,output/phasevar_5/0000_phA08_phB12.png,Is the green sphere closer to the camera than the cyan cube? Answer with yes or no.,Yes,Yes,24.125,19.046875,True
/data/shared/Qwen/mydisk/output/SYNTHETIC/NVILA-Lite-2B-SYNTHETIC_MIX_5PCT_2M-20260226_023301/checkpoint-12500,obj2_closer,output/phasevar_5/0000_phA08_phB13.png,Is the green sphere closer to the camera than the cyan cube? Answer with yes or no.,Yes,Yes,23.671875,19.03125,True
/data/shared/Qwen/mydisk/output/SYNTHETIC/NVILA-Lite-2B-SYNTHETIC_MIX_5PCT_2M-20260226_023301/checkpoint-12500,obj2_closer,output/phasevar_5/0000_phA08_phB14.png,Is the green sphere closer to the camera than the cyan cube? Answer with yes or no.,Yes,Yes,23.859375,19.546875,True
/data/shared/Qwen/mydisk/output/SYNTHETIC/NVILA-Lite-2B-SYNTHETIC_MIX_5PCT_2M-20260226_023301/checkpoint-12500,obj2_closer,output/phasevar_5/0000_phA08_phB15.png,Is the green sphere closer to the camera than the cyan cube? Answer with yes or no.,Yes,Yes,23.671875,19.484375,True
/data/shared/Qwen/mydisk/output/SYNTHETIC/NVILA-Lite-2B-SYNTHETIC_MIX_5PCT_2M-20260226_023301/checkpoint-12500,obj2_closer,output/phasevar_5/0000_phA09_phB00.png,Is the green sphere closer to the camera than the cyan cube? Answer with yes or no.,Yes,Yes,24.21875,20.109375,True
/data/shared/Qwen/mydisk/output/SYNTHETIC/NVILA-Lite-2B-SYNTHETIC_MIX_5PCT_2M-20260226_023301/checkpoint-12500,obj2_closer,output/phasevar_5/0000_phA09_phB01.png,Is the green sphere closer to the camera than the cyan cube? Answer with yes or no.,Yes,Yes,24.921875,20.625,True
/data/shared/Qwen/mydisk/output/SYNTHETIC/NVILA-Lite-2B-SYNTHETIC_MIX_5PCT_2M-20260226_023301/checkpoint-12500,obj2_closer,output/phasevar_5/0000_phA09_phB02.png,Is the green sphere closer to the camera than the cyan cube? Answer with yes or no.,Yes,Yes,24.5,20.546875,True
/data/shared/Qwen/mydisk/output/SYNTHETIC/NVILA-Lite-2B-SYNTHETIC_MIX_5PCT_2M-20260226_023301/checkpoint-12500,obj2_closer,output/phasevar_5/0000_phA09_phB03.png,Is the green sphere closer to the camera than the cyan cube? Answer with yes or no.,Yes,Yes,26.1875,21.0625,True
/data/shared/Qwen/mydisk/output/SYNTHETIC/NVILA-Lite-2B-SYNTHETIC_MIX_5PCT_2M-20260226_023301/checkpoint-12500,obj2_closer,output/phasevar_5/0000_phA09_phB04.png,Is the green sphere closer to the camera than the cyan cube? Answer with yes or no.,Yes,Yes,27.28125,21.453125,True
/data/shared/Qwen/mydisk/output/SYNTHETIC/NVILA-Lite-2B-SYNTHETIC_MIX_5PCT_2M-20260226_023301/checkpoint-12500,obj2_closer,output/phasevar_5/0000_phA09_phB05.png,Is the green sphere closer to the camera than the cyan cube? Answer with yes or no.,Yes,Yes,26.921875,21.296875,True
/data/shared/Qwen/mydisk/output/SYNTHETIC/NVILA-Lite-2B-SYNTHETIC_MIX_5PCT_2M-20260226_023301/checkpoint-12500,obj2_closer,output/phasevar_5/0000_phA09_phB06.png,Is the green sphere closer to the camera than the cyan cube? Answer with yes or no.,Yes,Yes,24.03125,19.65625,True
/data/shared/Qwen/mydisk/output/SYNTHETIC/NVILA-Lite-2B-SYNTHETIC_MIX_5PCT_2M-20260226_023301/checkpoint-12500,obj2_closer,output/phasevar_5/0000_phA09_phB07.png,Is the green sphere closer to the camera than the cyan cube? Answer with yes or no.,Yes,Yes,23.578125,18.765625,True
/data/shared/Qwen/mydisk/output/SYNTHETIC/NVILA-Lite-2B-SYNTHETIC_MIX_5PCT_2M-20260226_023301/checkpoint-12500,obj2_closer,output/phasevar_5/0000_phA09_phB08.png,Is the green sphere closer to the camera than the cyan cube? Answer with yes or no.,Yes,Yes,23.65625,18.65625,True
/data/shared/Qwen/mydisk/output/SYNTHETIC/NVILA-Lite-2B-SYNTHETIC_MIX_5PCT_2M-20260226_023301/checkpoint-12500,obj2_closer,output/phasevar_5/0000_phA09_phB09.png,Is the green sphere closer to the camera than the cyan cube? Answer with yes or no.,Yes,Yes,22.84375,17.265625,True
/data/shared/Qwen/mydisk/output/SYNTHETIC/NVILA-Lite-2B-SYNTHETIC_MIX_5PCT_2M-20260226_023301/checkpoint-12500,obj2_closer,output/phasevar_5/0000_phA09_phB10.png,Is the green sphere closer to the camera than the cyan cube? Answer with yes or no.,Yes,Yes,22.609375,17.515625,True
/data/shared/Qwen/mydisk/output/SYNTHETIC/NVILA-Lite-2B-SYNTHETIC_MIX_5PCT_2M-20260226_023301/checkpoint-12500,obj2_closer,output/phasevar_5/0000_phA09_phB11.png,Is the green sphere closer to the camera than the cyan cube? Answer with yes or no.,Yes,Yes,23.84375,18.5,True
/data/shared/Qwen/mydisk/output/SYNTHETIC/NVILA-Lite-2B-SYNTHETIC_MIX_5PCT_2M-20260226_023301/checkpoint-12500,obj2_closer,output/phasevar_5/0000_phA09_phB12.png,Is the green sphere closer to the camera than the cyan cube? Answer with yes or no.,Yes,Yes,24.453125,19.0,True
/data/shared/Qwen/mydisk/output/SYNTHETIC/NVILA-Lite-2B-SYNTHETIC_MIX_5PCT_2M-20260226_023301/checkpoint-12500,obj2_closer,output/phasevar_5/0000_phA09_phB13.png,Is the green sphere closer to the camera than the cyan cube? Answer with yes or no.,Yes,Yes,23.96875,19.09375,True
/data/shared/Qwen/mydisk/output/SYNTHETIC/NVILA-Lite-2B-SYNTHETIC_MIX_5PCT_2M-20260226_023301/checkpoint-12500,obj2_closer,output/phasevar_5/0000_phA09_phB14.png,Is the green sphere closer to the camera than the cyan cube? Answer with yes or no.,Yes,Yes,24.296875,19.78125,True
/data/shared/Qwen/mydisk/output/SYNTHETIC/NVILA-Lite-2B-SYNTHETIC_MIX_5PCT_2M-20260226_023301/checkpoint-12500,obj2_closer,output/phasevar_5/0000_phA09_phB15.png,Is the green sphere closer to the camera than the cyan cube? Answer with yes or no.,Yes,Yes,24.25,19.796875,True
/data/shared/Qwen/mydisk/output/SYNTHETIC/NVILA-Lite-2B-SYNTHETIC_MIX_5PCT_2M-20260226_023301/checkpoint-12500,obj2_closer,output/phasevar_5/0000_phA10_phB00.png,Is the green sphere closer to the camera than the cyan cube? Answer with yes or no.,Yes,Yes,23.828125,20.09375,True
/data/shared/Qwen/mydisk/output/SYNTHETIC/NVILA-Lite-2B-SYNTHETIC_MIX_5PCT_2M-20260226_023301/checkpoint-12500,obj2_closer,output/phasevar_5/0000_phA10_phB01.png,Is the green sphere closer to the camera than the cyan cube? Answer with yes or no.,Yes,Yes,24.359375,20.4375,True
/data/shared/Qwen/mydisk/output/SYNTHETIC/NVILA-Lite-2B-SYNTHETIC_MIX_5PCT_2M-20260226_023301/checkpoint-12500,obj2_closer,output/phasevar_5/0000_phA10_phB02.png,Is the green sphere closer to the camera than the cyan cube? Answer with yes or no.,Yes,Yes,24.328125,20.578125,True
/data/shared/Qwen/mydisk/output/SYNTHETIC/NVILA-Lite-2B-SYNTHETIC_MIX_5PCT_2M-20260226_023301/checkpoint-12500,obj2_closer,output/phasevar_5/0000_phA10_phB03.png,Is the green sphere closer to the camera than the cyan cube? Answer with yes or no.,Yes,Yes,25.921875,21.0625,True
/data/shared/Qwen/mydisk/output/SYNTHETIC/NVILA-Lite-2B-SYNTHETIC_MIX_5PCT_2M-20260226_023301/checkpoint-12500,obj2_closer,output/phasevar_5/0000_phA10_phB04.png,Is the green sphere closer to the camera than the cyan cube? Answer with yes or no.,Yes,Yes,26.9375,21.453125,True
/data/shared/Qwen/mydisk/output/SYNTHETIC/NVILA-Lite-2B-SYNTHETIC_MIX_5PCT_2M-20260226_023301/checkpoint-12500,obj2_closer,output/phasevar_5/0000_phA10_phB05.png,Is the green sphere closer to the camera than the cyan cube? Answer with yes or no.,Yes,Yes,26.640625,21.4375,True
/data/shared/Qwen/mydisk/output/SYNTHETIC/NVILA-Lite-2B-SYNTHETIC_MIX_5PCT_2M-20260226_023301/checkpoint-12500,obj2_closer,output/phasevar_5/0000_phA10_phB06.png,Is the green sphere closer to the camera than the cyan cube? Answer with yes or no.,Yes,Yes,24.078125,20.0,True
/data/shared/Qwen/mydisk/output/SYNTHETIC/NVILA-Lite-2B-SYNTHETIC_MIX_5PCT_2M-20260226_023301/checkpoint-12500,obj2_closer,output/phasevar_5/0000_phA10_phB07.png,Is the green sphere closer to the camera than the cyan cube? Answer with yes or no.,Yes,Yes,23.4375,19.265625,True
/data/shared/Qwen/mydisk/output/SYNTHETIC/NVILA-Lite-2B-SYNTHETIC_MIX_5PCT_2M-20260226_023301/checkpoint-12500,obj2_closer,output/phasevar_5/0000_phA10_phB08.png,Is the green sphere closer to the camera than the cyan cube? Answer with yes or no.,Yes,Yes,23.390625,19.203125,True
/data/shared/Qwen/mydisk/output/SYNTHETIC/NVILA-Lite-2B-SYNTHETIC_MIX_5PCT_2M-20260226_023301/checkpoint-12500,obj2_closer,output/phasevar_5/0000_phA10_phB09.png,Is the green sphere closer to the camera than the cyan cube? Answer with yes or no.,Yes,Yes,22.34375,17.984375,True
/data/shared/Qwen/mydisk/output/SYNTHETIC/NVILA-Lite-2B-SYNTHETIC_MIX_5PCT_2M-20260226_023301/checkpoint-12500,obj2_closer,output/phasevar_5/0000_phA10_phB10.png,Is the green sphere closer to the camera than the cyan cube? Answer with yes or no.,Yes,Yes,22.3125,17.890625,True
/data/shared/Qwen/mydisk/output/SYNTHETIC/NVILA-Lite-2B-SYNTHETIC_MIX_5PCT_2M-20260226_023301/checkpoint-12500,obj2_closer,output/phasevar_5/0000_phA10_phB11.png,Is the green sphere closer to the camera than the cyan cube? Answer with yes or no.,Yes,Yes,23.390625,18.546875,True
/data/shared/Qwen/mydisk/output/SYNTHETIC/NVILA-Lite-2B-SYNTHETIC_MIX_5PCT_2M-20260226_023301/checkpoint-12500,obj2_closer,output/phasevar_5/0000_phA10_phB12.png,Is the green sphere closer to the camera than the cyan cube? Answer with yes or no.,Yes,Yes,23.984375,19.125,True
/data/shared/Qwen/mydisk/output/SYNTHETIC/NVILA-Lite-2B-SYNTHETIC_MIX_5PCT_2M-20260226_023301/checkpoint-12500,obj2_closer,output/phasevar_5/0000_phA10_phB13.png,Is the green sphere closer to the camera than the cyan cube? Answer with yes or no.,Yes,Yes,23.71875,19.25,True
/data/shared/Qwen/mydisk/output/SYNTHETIC/NVILA-Lite-2B-SYNTHETIC_MIX_5PCT_2M-20260226_023301/checkpoint-12500,obj2_closer,output/phasevar_5/0000_phA10_phB14.png,Is the green sphere closer to the camera than the cyan cube? Answer with yes or no.,Yes,Yes,24.0,19.875,True
/data/shared/Qwen/mydisk/output/SYNTHETIC/NVILA-Lite-2B-SYNTHETIC_MIX_5PCT_2M-20260226_023301/checkpoint-12500,obj2_closer,output/phasevar_5/0000_phA10_phB15.png,Is the green sphere closer to the camera than the cyan cube? Answer with yes or no.,Yes,Yes,23.71875,19.8125,True
/data/shared/Qwen/mydisk/output/SYNTHETIC/NVILA-Lite-2B-SYNTHETIC_MIX_5PCT_2M-20260226_023301/checkpoint-12500,obj2_closer,output/phasevar_5/0000_phA11_phB00.png,Is the green sphere closer to the camera than the cyan cube? Answer with yes or no.,Yes,Yes,24.03125,19.96875,True
/data/shared/Qwen/mydisk/output/SYNTHETIC/NVILA-Lite-2B-SYNTHETIC_MIX_5PCT_2M-20260226_023301/checkpoint-12500,obj2_closer,output/phasevar_5/0000_phA11_phB01.png,Is the green sphere closer to the camera than the cyan cube? Answer with yes or no.,Yes,Yes,24.671875,20.34375,True
/data/shared/Qwen/mydisk/output/SYNTHETIC/NVILA-Lite-2B-SYNTHETIC_MIX_5PCT_2M-20260226_023301/checkpoint-12500,obj2_closer,output/phasevar_5/0000_phA11_phB02.png,Is the green sphere closer to the camera than the cyan cube? Answer with yes or no.,Yes,Yes,24.34375,20.40625,True
/data/shared/Qwen/mydisk/output/SYNTHETIC/NVILA-Lite-2B-SYNTHETIC_MIX_5PCT_2M-20260226_023301/checkpoint-12500,obj2_closer,output/phasevar_5/0000_phA11_phB03.png,Is the green sphere closer to the camera than the cyan cube? Answer with yes or no.,Yes,Yes,26.140625,21.046875,True
/data/shared/Qwen/mydisk/output/SYNTHETIC/NVILA-Lite-2B-SYNTHETIC_MIX_5PCT_2M-20260226_023301/checkpoint-12500,obj2_closer,output/phasevar_5/0000_phA11_phB04.png,Is the green sphere closer to the camera than the cyan cube? Answer with yes or no.,Yes,Yes,27.078125,21.34375,True
/data/shared/Qwen/mydisk/output/SYNTHETIC/NVILA-Lite-2B-SYNTHETIC_MIX_5PCT_2M-20260226_023301/checkpoint-12500,obj2_closer,output/phasevar_5/0000_phA11_phB05.png,Is the green sphere closer to the camera than the cyan cube? Answer with yes or no.,Yes,Yes,26.84375,21.375,True
/data/shared/Qwen/mydisk/output/SYNTHETIC/NVILA-Lite-2B-SYNTHETIC_MIX_5PCT_2M-20260226_023301/checkpoint-12500,obj2_closer,output/phasevar_5/0000_phA11_phB06.png,Is the green sphere closer to the camera than the cyan cube? Answer with yes or no.,Yes,Yes,24.15625,19.8125,True
/data/shared/Qwen/mydisk/output/SYNTHETIC/NVILA-Lite-2B-SYNTHETIC_MIX_5PCT_2M-20260226_023301/checkpoint-12500,obj2_closer,output/phasevar_5/0000_phA11_phB07.png,Is the green sphere closer to the camera than the cyan cube? Answer with yes or no.,Yes,Yes,23.375,18.9375,True
/data/shared/Qwen/mydisk/output/SYNTHETIC/NVILA-Lite-2B-SYNTHETIC_MIX_5PCT_2M-20260226_023301/checkpoint-12500,obj2_closer,output/phasevar_5/0000_phA11_phB08.png,Is the green sphere closer to the camera than the cyan cube? Answer with yes or no.,Yes,Yes,23.28125,19.015625,True
/data/shared/Qwen/mydisk/output/SYNTHETIC/NVILA-Lite-2B-SYNTHETIC_MIX_5PCT_2M-20260226_023301/checkpoint-12500,obj2_closer,output/phasevar_5/0000_phA11_phB09.png,Is the green sphere closer to the camera than the cyan cube? Answer with yes or no.,Yes,Yes,22.828125,18.1875,True
/data/shared/Qwen/mydisk/output/SYNTHETIC/NVILA-Lite-2B-SYNTHETIC_MIX_5PCT_2M-20260226_023301/checkpoint-12500,obj2_closer,output/phasevar_5/0000_phA11_phB10.png,Is the green sphere closer to the camera than the cyan cube? Answer with yes or no.,Yes,Yes,22.265625,17.890625,True
/data/shared/Qwen/mydisk/output/SYNTHETIC/NVILA-Lite-2B-SYNTHETIC_MIX_5PCT_2M-20260226_023301/checkpoint-12500,obj2_closer,output/phasevar_5/0000_phA11_phB11.png,Is the green sphere closer to the camera than the cyan cube? Answer with yes or no.,Yes,Yes,23.390625,18.5,True
/data/shared/Qwen/mydisk/output/SYNTHETIC/NVILA-Lite-2B-SYNTHETIC_MIX_5PCT_2M-20260226_023301/checkpoint-12500,obj2_closer,output/phasevar_5/0000_phA11_phB12.png,Is the green sphere closer to the camera than the cyan cube? Answer with yes or no.,Yes,Yes,24.109375,18.5625,True
/data/shared/Qwen/mydisk/output/SYNTHETIC/NVILA-Lite-2B-SYNTHETIC_MIX_5PCT_2M-20260226_023301/checkpoint-12500,obj2_closer,output/phasevar_5/0000_phA11_phB13.png,Is the green sphere closer to the camera than the cyan cube? Answer with yes or no.,Yes,Yes,24.28125,19.21875,True
/data/shared/Qwen/mydisk/output/SYNTHETIC/NVILA-Lite-2B-SYNTHETIC_MIX_5PCT_2M-20260226_023301/checkpoint-12500,obj2_closer,output/phasevar_5/0000_phA11_phB14.png,Is the green sphere closer to the camera than the cyan cube? Answer with yes or no.,Yes,Yes,24.28125,19.828125,True
/data/shared/Qwen/mydisk/output/SYNTHETIC/NVILA-Lite-2B-SYNTHETIC_MIX_5PCT_2M-20260226_023301/checkpoint-12500,obj2_closer,output/phasevar_5/0000_phA11_phB15.png,Is the green sphere closer to the camera than the cyan cube? Answer with yes or no.,Yes,Yes,24.1875,19.828125,True
/data/shared/Qwen/mydisk/output/SYNTHETIC/NVILA-Lite-2B-SYNTHETIC_MIX_5PCT_2M-20260226_023301/checkpoint-12500,obj2_closer,output/phasevar_5/0000_phA12_phB00.png,Is the green sphere closer to the camera than the cyan cube? Answer with yes or no.,Yes,Yes,23.875,19.953125,True
/data/shared/Qwen/mydisk/output/SYNTHETIC/NVILA-Lite-2B-SYNTHETIC_MIX_5PCT_2M-20260226_023301/checkpoint-12500,obj2_closer,output/phasevar_5/0000_phA12_phB01.png,Is the green sphere closer to the camera than the cyan cube? Answer with yes or no.,Yes,Yes,24.625,20.390625,True
/data/shared/Qwen/mydisk/output/SYNTHETIC/NVILA-Lite-2B-SYNTHETIC_MIX_5PCT_2M-20260226_023301/checkpoint-12500,obj2_closer,output/phasevar_5/0000_phA12_phB02.png,Is the green sphere closer to the camera than the cyan cube? Answer with yes or no.,Yes,Yes,24.09375,20.265625,True
/data/shared/Qwen/mydisk/output/SYNTHETIC/NVILA-Lite-2B-SYNTHETIC_MIX_5PCT_2M-20260226_023301/checkpoint-12500,obj2_closer,output/phasevar_5/0000_phA12_phB03.png,Is the green sphere closer to the camera than the cyan cube? Answer with yes or no.,Yes,Yes,25.609375,20.765625,True
/data/shared/Qwen/mydisk/output/SYNTHETIC/NVILA-Lite-2B-SYNTHETIC_MIX_5PCT_2M-20260226_023301/checkpoint-12500,obj2_closer,output/phasevar_5/0000_phA12_phB04.png,Is the green sphere closer to the camera than the cyan cube? Answer with yes or no.,Yes,Yes,26.921875,21.28125,True
/data/shared/Qwen/mydisk/output/SYNTHETIC/NVILA-Lite-2B-SYNTHETIC_MIX_5PCT_2M-20260226_023301/checkpoint-12500,obj2_closer,output/phasevar_5/0000_phA12_phB05.png,Is the green sphere closer to the camera than the cyan cube? Answer with yes or no.,Yes,Yes,26.71875,21.34375,True
/data/shared/Qwen/mydisk/output/SYNTHETIC/NVILA-Lite-2B-SYNTHETIC_MIX_5PCT_2M-20260226_023301/checkpoint-12500,obj2_closer,output/phasevar_5/0000_phA12_phB06.png,Is the green sphere closer to the camera than the cyan cube? Answer with yes or no.,Yes,Yes,24.109375,19.78125,True
/data/shared/Qwen/mydisk/output/SYNTHETIC/NVILA-Lite-2B-SYNTHETIC_MIX_5PCT_2M-20260226_023301/checkpoint-12500,obj2_closer,output/phasevar_5/0000_phA12_phB07.png,Is the green sphere closer to the camera than the cyan cube? Answer with yes or no.,Yes,Yes,23.453125,19.015625,True
/data/shared/Qwen/mydisk/output/SYNTHETIC/NVILA-Lite-2B-SYNTHETIC_MIX_5PCT_2M-20260226_023301/checkpoint-12500,obj2_closer,output/phasevar_5/0000_phA12_phB08.png,Is the green sphere closer to the camera than the cyan cube? Answer with yes or no.,Yes,Yes,23.8125,19.359375,True
/data/shared/Qwen/mydisk/output/SYNTHETIC/NVILA-Lite-2B-SYNTHETIC_MIX_5PCT_2M-20260226_023301/checkpoint-12500,obj2_closer,output/phasevar_5/0000_phA12_phB09.png,Is the green sphere closer to the camera than the cyan cube? Answer with yes or no.,Yes,Yes,23.328125,18.515625,True
/data/shared/Qwen/mydisk/output/SYNTHETIC/NVILA-Lite-2B-SYNTHETIC_MIX_5PCT_2M-20260226_023301/checkpoint-12500,obj2_closer,output/phasevar_5/0000_phA12_phB10.png,Is the green sphere closer to the camera than the cyan cube? Answer with yes or no.,Yes,Yes,22.359375,18.09375,True
/data/shared/Qwen/mydisk/output/SYNTHETIC/NVILA-Lite-2B-SYNTHETIC_MIX_5PCT_2M-20260226_023301/checkpoint-12500,obj2_closer,output/phasevar_5/0000_phA12_phB11.png,Is the green sphere closer to the camera than the cyan cube? Answer with yes or no.,Yes,Yes,23.390625,18.6875,True
/data/shared/Qwen/mydisk/output/SYNTHETIC/NVILA-Lite-2B-SYNTHETIC_MIX_5PCT_2M-20260226_023301/checkpoint-12500,obj2_closer,output/phasevar_5/0000_phA12_phB12.png,Is the green sphere closer to the camera than the cyan cube? Answer with yes or no.,Yes,Yes,23.828125,18.328125,True
/data/shared/Qwen/mydisk/output/SYNTHETIC/NVILA-Lite-2B-SYNTHETIC_MIX_5PCT_2M-20260226_023301/checkpoint-12500,obj2_closer,output/phasevar_5/0000_phA12_phB13.png,Is the green sphere closer to the camera than the cyan cube? Answer with yes or no.,Yes,Yes,23.921875,19.109375,True
/data/shared/Qwen/mydisk/output/SYNTHETIC/NVILA-Lite-2B-SYNTHETIC_MIX_5PCT_2M-20260226_023301/checkpoint-12500,obj2_closer,output/phasevar_5/0000_phA12_phB14.png,Is the green sphere closer to the camera than the cyan cube? Answer with yes or no.,Yes,Yes,24.015625,19.6875,True
/data/shared/Qwen/mydisk/output/SYNTHETIC/NVILA-Lite-2B-SYNTHETIC_MIX_5PCT_2M-20260226_023301/checkpoint-12500,obj2_closer,output/phasevar_5/0000_phA12_phB15.png,Is the green sphere closer to the camera than the cyan cube? Answer with yes or no.,Yes,Yes,23.796875,19.703125,True
/data/shared/Qwen/mydisk/output/SYNTHETIC/NVILA-Lite-2B-SYNTHETIC_MIX_5PCT_2M-20260226_023301/checkpoint-12500,obj2_closer,output/phasevar_5/0000_phA13_phB00.png,Is the green sphere closer to the camera than the cyan cube? Answer with yes or no.,Yes,Yes,23.375,19.8125,True
/data/shared/Qwen/mydisk/output/SYNTHETIC/NVILA-Lite-2B-SYNTHETIC_MIX_5PCT_2M-20260226_023301/checkpoint-12500,obj2_closer,output/phasevar_5/0000_phA13_phB01.png,Is the green sphere closer to the camera than the cyan cube? Answer with yes or no.,Yes,Yes,24.09375,20.25,True
/data/shared/Qwen/mydisk/output/SYNTHETIC/NVILA-Lite-2B-SYNTHETIC_MIX_5PCT_2M-20260226_023301/checkpoint-12500,obj2_closer,output/phasevar_5/0000_phA13_phB02.png,Is the green sphere closer to the camera than the cyan cube? Answer with yes or no.,Yes,Yes,23.78125,20.21875,True
/data/shared/Qwen/mydisk/output/SYNTHETIC/NVILA-Lite-2B-SYNTHETIC_MIX_5PCT_2M-20260226_023301/checkpoint-12500,obj2_closer,output/phasevar_5/0000_phA13_phB03.png,Is the green sphere closer to the camera than the cyan cube? Answer with yes or no.,Yes,Yes,25.5,20.78125,True
/data/shared/Qwen/mydisk/output/SYNTHETIC/NVILA-Lite-2B-SYNTHETIC_MIX_5PCT_2M-20260226_023301/checkpoint-12500,obj2_closer,output/phasevar_5/0000_phA13_phB04.png,Is the green sphere closer to the camera than the cyan cube? Answer with yes or no.,Yes,Yes,26.5,21.171875,True
/data/shared/Qwen/mydisk/output/SYNTHETIC/NVILA-Lite-2B-SYNTHETIC_MIX_5PCT_2M-20260226_023301/checkpoint-12500,obj2_closer,output/phasevar_5/0000_phA13_phB05.png,Is the green sphere closer to the camera than the cyan cube? Answer with yes or no.,Yes,Yes,26.34375,21.234375,True
/data/shared/Qwen/mydisk/output/SYNTHETIC/NVILA-Lite-2B-SYNTHETIC_MIX_5PCT_2M-20260226_023301/checkpoint-12500,obj2_closer,output/phasevar_5/0000_phA13_phB06.png,Is the green sphere closer to the camera than the cyan cube? Answer with yes or no.,Yes,Yes,24.296875,20.0,True
/data/shared/Qwen/mydisk/output/SYNTHETIC/NVILA-Lite-2B-SYNTHETIC_MIX_5PCT_2M-20260226_023301/checkpoint-12500,obj2_closer,output/phasevar_5/0000_phA13_phB07.png,Is the green sphere closer to the camera than the cyan cube? Answer with yes or no.,Yes,Yes,23.6875,19.359375,True
/data/shared/Qwen/mydisk/output/SYNTHETIC/NVILA-Lite-2B-SYNTHETIC_MIX_5PCT_2M-20260226_023301/checkpoint-12500,obj2_closer,output/phasevar_5/0000_phA13_phB08.png,Is the green sphere closer to the camera than the cyan cube? Answer with yes or no.,Yes,Yes,24.015625,19.71875,True
/data/shared/Qwen/mydisk/output/SYNTHETIC/NVILA-Lite-2B-SYNTHETIC_MIX_5PCT_2M-20260226_023301/checkpoint-12500,obj2_closer,output/phasevar_5/0000_phA13_phB09.png,Is the green sphere closer to the camera than the cyan cube? Answer with yes or no.,Yes,Yes,23.625,18.921875,True
/data/shared/Qwen/mydisk/output/SYNTHETIC/NVILA-Lite-2B-SYNTHETIC_MIX_5PCT_2M-20260226_023301/checkpoint-12500,obj2_closer,output/phasevar_5/0000_phA13_phB10.png,Is the green sphere closer to the camera than the cyan cube? Answer with yes or no.,Yes,Yes,22.65625,18.53125,True
/data/shared/Qwen/mydisk/output/SYNTHETIC/NVILA-Lite-2B-SYNTHETIC_MIX_5PCT_2M-20260226_023301/checkpoint-12500,obj2_closer,output/phasevar_5/0000_phA13_phB11.png,Is the green sphere closer to the camera than the cyan cube? Answer with yes or no.,Yes,Yes,23.453125,18.96875,True
/data/shared/Qwen/mydisk/output/SYNTHETIC/NVILA-Lite-2B-SYNTHETIC_MIX_5PCT_2M-20260226_023301/checkpoint-12500,obj2_closer,output/phasevar_5/0000_phA13_phB12.png,Is the green sphere closer to the camera than the cyan cube? Answer with yes or no.,Yes,Yes,23.671875,18.296875,True
/data/shared/Qwen/mydisk/output/SYNTHETIC/NVILA-Lite-2B-SYNTHETIC_MIX_5PCT_2M-20260226_023301/checkpoint-12500,obj2_closer,output/phasevar_5/0000_phA13_phB13.png,Is the green sphere closer to the camera than the cyan cube? Answer with yes or no.,Yes,Yes,23.734375,19.0625,True
/data/shared/Qwen/mydisk/output/SYNTHETIC/NVILA-Lite-2B-SYNTHETIC_MIX_5PCT_2M-20260226_023301/checkpoint-12500,obj2_closer,output/phasevar_5/0000_phA13_phB14.png,Is the green sphere closer to the camera than the cyan cube? Answer with yes or no.,Yes,Yes,23.609375,19.609375,True
/data/shared/Qwen/mydisk/output/SYNTHETIC/NVILA-Lite-2B-SYNTHETIC_MIX_5PCT_2M-20260226_023301/checkpoint-12500,obj2_closer,output/phasevar_5/0000_phA13_phB15.png,Is the green sphere closer to the camera than the cyan cube? Answer with yes or no.,Yes,Yes,23.296875,19.578125,True
/data/shared/Qwen/mydisk/output/SYNTHETIC/NVILA-Lite-2B-SYNTHETIC_MIX_5PCT_2M-20260226_023301/checkpoint-12500,obj2_closer,output/phasevar_5/0000_phA14_phB00.png,Is the green sphere closer to the camera than the cyan cube? Answer with yes or no.,Yes,Yes,24.390625,20.09375,True
/data/shared/Qwen/mydisk/output/SYNTHETIC/NVILA-Lite-2B-SYNTHETIC_MIX_5PCT_2M-20260226_023301/checkpoint-12500,obj2_closer,output/phasevar_5/0000_phA14_phB01.png,Is the green sphere closer to the camera than the cyan cube? Answer with yes or no.,Yes,Yes,24.8125,20.484375,True
/data/shared/Qwen/mydisk/output/SYNTHETIC/NVILA-Lite-2B-SYNTHETIC_MIX_5PCT_2M-20260226_023301/checkpoint-12500,obj2_closer,output/phasevar_5/0000_phA14_phB02.png,Is the green sphere closer to the camera than the cyan cube? Answer with yes or no.,Yes,Yes,24.328125,20.328125,True
/data/shared/Qwen/mydisk/output/SYNTHETIC/NVILA-Lite-2B-SYNTHETIC_MIX_5PCT_2M-20260226_023301/checkpoint-12500,obj2_closer,output/phasevar_5/0000_phA14_phB03.png,Is the green sphere closer to the camera than the cyan cube? Answer with yes or no.,Yes,Yes,25.53125,20.6875,True
/data/shared/Qwen/mydisk/output/SYNTHETIC/NVILA-Lite-2B-SYNTHETIC_MIX_5PCT_2M-20260226_023301/checkpoint-12500,obj2_closer,output/phasevar_5/0000_phA14_phB04.png,Is the green sphere closer to the camera than the cyan cube? Answer with yes or no.,Yes,Yes,26.515625,21.0625,True
/data/shared/Qwen/mydisk/output/SYNTHETIC/NVILA-Lite-2B-SYNTHETIC_MIX_5PCT_2M-20260226_023301/checkpoint-12500,obj2_closer,output/phasevar_5/0000_phA14_phB05.png,Is the green sphere closer to the camera than the cyan cube? Answer with yes or no.,Yes,Yes,26.59375,21.1875,True
/data/shared/Qwen/mydisk/output/SYNTHETIC/NVILA-Lite-2B-SYNTHETIC_MIX_5PCT_2M-20260226_023301/checkpoint-12500,obj2_closer,output/phasevar_5/0000_phA14_phB06.png,Is the green sphere closer to the camera than the cyan cube? Answer with yes or no.,Yes,Yes,25.3125,20.46875,True
/data/shared/Qwen/mydisk/output/SYNTHETIC/NVILA-Lite-2B-SYNTHETIC_MIX_5PCT_2M-20260226_023301/checkpoint-12500,obj2_closer,output/phasevar_5/0000_phA14_phB07.png,Is the green sphere closer to the camera than the cyan cube? Answer with yes or no.,Yes,Yes,24.953125,20.09375,True
/data/shared/Qwen/mydisk/output/SYNTHETIC/NVILA-Lite-2B-SYNTHETIC_MIX_5PCT_2M-20260226_023301/checkpoint-12500,obj2_closer,output/phasevar_5/0000_phA14_phB08.png,Is the green sphere closer to the camera than the cyan cube? Answer with yes or no.,Yes,Yes,25.15625,20.390625,True
/data/shared/Qwen/mydisk/output/SYNTHETIC/NVILA-Lite-2B-SYNTHETIC_MIX_5PCT_2M-20260226_023301/checkpoint-12500,obj2_closer,output/phasevar_5/0000_phA14_phB09.png,Is the green sphere closer to the camera than the cyan cube? Answer with yes or no.,Yes,Yes,24.34375,19.375,True
/data/shared/Qwen/mydisk/output/SYNTHETIC/NVILA-Lite-2B-SYNTHETIC_MIX_5PCT_2M-20260226_023301/checkpoint-12500,obj2_closer,output/phasevar_5/0000_phA14_phB10.png,Is the green sphere closer to the camera than the cyan cube? Answer with yes or no.,Yes,Yes,23.875,19.0625,True
/data/shared/Qwen/mydisk/output/SYNTHETIC/NVILA-Lite-2B-SYNTHETIC_MIX_5PCT_2M-20260226_023301/checkpoint-12500,obj2_closer,output/phasevar_5/0000_phA14_phB11.png,Is the green sphere closer to the camera than the cyan cube? Answer with yes or no.,Yes,Yes,23.59375,19.234375,True
/data/shared/Qwen/mydisk/output/SYNTHETIC/NVILA-Lite-2B-SYNTHETIC_MIX_5PCT_2M-20260226_023301/checkpoint-12500,obj2_closer,output/phasevar_5/0000_phA14_phB12.png,Is the green sphere closer to the camera than the cyan cube? Answer with yes or no.,Yes,Yes,23.71875,18.703125,True
/data/shared/Qwen/mydisk/output/SYNTHETIC/NVILA-Lite-2B-SYNTHETIC_MIX_5PCT_2M-20260226_023301/checkpoint-12500,obj2_closer,output/phasevar_5/0000_phA14_phB13.png,Is the green sphere closer to the camera than the cyan cube? Answer with yes or no.,Yes,Yes,23.90625,18.9375,True
/data/shared/Qwen/mydisk/output/SYNTHETIC/NVILA-Lite-2B-SYNTHETIC_MIX_5PCT_2M-20260226_023301/checkpoint-12500,obj2_closer,output/phasevar_5/0000_phA14_phB14.png,Is the green sphere closer to the camera than the cyan cube? Answer with yes or no.,Yes,Yes,24.421875,19.640625,True
/data/shared/Qwen/mydisk/output/SYNTHETIC/NVILA-Lite-2B-SYNTHETIC_MIX_5PCT_2M-20260226_023301/checkpoint-12500,obj2_closer,output/phasevar_5/0000_phA14_phB15.png,Is the green sphere closer to the camera than the cyan cube? Answer with yes or no.,Yes,Yes,24.109375,19.59375,True
/data/shared/Qwen/mydisk/output/SYNTHETIC/NVILA-Lite-2B-SYNTHETIC_MIX_5PCT_2M-20260226_023301/checkpoint-12500,obj2_closer,output/phasevar_5/0000_phA15_phB00.png,Is the green sphere closer to the camera than the cyan cube? Answer with yes or no.,Yes,Yes,24.421875,19.890625,True
/data/shared/Qwen/mydisk/output/SYNTHETIC/NVILA-Lite-2B-SYNTHETIC_MIX_5PCT_2M-20260226_023301/checkpoint-12500,obj2_closer,output/phasevar_5/0000_phA15_phB01.png,Is the green sphere closer to the camera than the cyan cube? Answer with yes or no.,Yes,Yes,24.984375,20.5,True
/data/shared/Qwen/mydisk/output/SYNTHETIC/NVILA-Lite-2B-SYNTHETIC_MIX_5PCT_2M-20260226_023301/checkpoint-12500,obj2_closer,output/phasevar_5/0000_phA15_phB02.png,Is the green sphere closer to the camera than the cyan cube? Answer with yes or no.,Yes,Yes,24.234375,20.265625,True
/data/shared/Qwen/mydisk/output/SYNTHETIC/NVILA-Lite-2B-SYNTHETIC_MIX_5PCT_2M-20260226_023301/checkpoint-12500,obj2_closer,output/phasevar_5/0000_phA15_phB03.png,Is the green sphere closer to the camera than the cyan cube? Answer with yes or no.,Yes,Yes,25.0625,20.453125,True
/data/shared/Qwen/mydisk/output/SYNTHETIC/NVILA-Lite-2B-SYNTHETIC_MIX_5PCT_2M-20260226_023301/checkpoint-12500,obj2_closer,output/phasevar_5/0000_phA15_phB04.png,Is the green sphere closer to the camera than the cyan cube? Answer with yes or no.,Yes,Yes,26.21875,20.8125,True
/data/shared/Qwen/mydisk/output/SYNTHETIC/NVILA-Lite-2B-SYNTHETIC_MIX_5PCT_2M-20260226_023301/checkpoint-12500,obj2_closer,output/phasevar_5/0000_phA15_phB05.png,Is the green sphere closer to the camera than the cyan cube? Answer with yes or no.,Yes,Yes,26.265625,20.796875,True
/data/shared/Qwen/mydisk/output/SYNTHETIC/NVILA-Lite-2B-SYNTHETIC_MIX_5PCT_2M-20260226_023301/checkpoint-12500,obj2_closer,output/phasevar_5/0000_phA15_phB06.png,Is the green sphere closer to the camera than the cyan cube? Answer with yes or no.,Yes,Yes,25.34375,20.234375,True
/data/shared/Qwen/mydisk/output/SYNTHETIC/NVILA-Lite-2B-SYNTHETIC_MIX_5PCT_2M-20260226_023301/checkpoint-12500,obj2_closer,output/phasevar_5/0000_phA15_phB07.png,Is the green sphere closer to the camera than the cyan cube? Answer with yes or no.,Yes,Yes,25.09375,19.859375,True
/data/shared/Qwen/mydisk/output/SYNTHETIC/NVILA-Lite-2B-SYNTHETIC_MIX_5PCT_2M-20260226_023301/checkpoint-12500,obj2_closer,output/phasevar_5/0000_phA15_phB08.png,Is the green sphere closer to the camera than the cyan cube? Answer with yes or no.,Yes,Yes,25.390625,20.09375,True
/data/shared/Qwen/mydisk/output/SYNTHETIC/NVILA-Lite-2B-SYNTHETIC_MIX_5PCT_2M-20260226_023301/checkpoint-12500,obj2_closer,output/phasevar_5/0000_phA15_phB09.png,Is the green sphere closer to the camera than the cyan cube? Answer with yes or no.,Yes,Yes,24.484375,18.984375,True
/data/shared/Qwen/mydisk/output/SYNTHETIC/NVILA-Lite-2B-SYNTHETIC_MIX_5PCT_2M-20260226_023301/checkpoint-12500,obj2_closer,output/phasevar_5/0000_phA15_phB10.png,Is the green sphere closer to the camera than the cyan cube? Answer with yes or no.,Yes,Yes,23.984375,18.734375,True
/data/shared/Qwen/mydisk/output/SYNTHETIC/NVILA-Lite-2B-SYNTHETIC_MIX_5PCT_2M-20260226_023301/checkpoint-12500,obj2_closer,output/phasevar_5/0000_phA15_phB11.png,Is the green sphere closer to the camera than the cyan cube? Answer with yes or no.,Yes,Yes,24.09375,19.234375,True
/data/shared/Qwen/mydisk/output/SYNTHETIC/NVILA-Lite-2B-SYNTHETIC_MIX_5PCT_2M-20260226_023301/checkpoint-12500,obj2_closer,output/phasevar_5/0000_phA15_phB12.png,Is the green sphere closer to the camera than the cyan cube? Answer with yes or no.,Yes,Yes,24.0,18.71875,True
/data/shared/Qwen/mydisk/output/SYNTHETIC/NVILA-Lite-2B-SYNTHETIC_MIX_5PCT_2M-20260226_023301/checkpoint-12500,obj2_closer,output/phasevar_5/0000_phA15_phB13.png,Is the green sphere closer to the camera than the cyan cube? Answer with yes or no.,Yes,Yes,24.0625,19.140625,True
/data/shared/Qwen/mydisk/output/SYNTHETIC/NVILA-Lite-2B-SYNTHETIC_MIX_5PCT_2M-20260226_023301/checkpoint-12500,obj2_closer,output/phasevar_5/0000_phA15_phB14.png,Is the green sphere closer to the camera than the cyan cube? Answer with yes or no.,Yes,Yes,24.421875,19.453125,True
/data/shared/Qwen/mydisk/output/SYNTHETIC/NVILA-Lite-2B-SYNTHETIC_MIX_5PCT_2M-20260226_023301/checkpoint-12500,obj2_closer,output/phasevar_5/0000_phA15_phB15.png,Is the green sphere closer to the camera than the cyan cube? Answer with yes or no.,Yes,Yes,24.125,19.328125,True
/data/shared/Qwen/mydisk/output/SYNTHETIC/NVILA-Lite-2B-SYNTHETIC_MIX_5PCT_2M-20260226_023301/checkpoint-12500,obj2_closer,output/phasevar_5/0001_phA00_phB00.png,Is the blue cube closer to the camera than the green sphere? Answer with yes or no.,Yes,Yes,22.15625,18.6875,True
/data/shared/Qwen/mydisk/output/SYNTHETIC/NVILA-Lite-2B-SYNTHETIC_MIX_5PCT_2M-20260226_023301/checkpoint-12500,obj2_closer,output/phasevar_5/0001_phA00_phB01.png,Is the blue cube closer to the camera than the green sphere? Answer with yes or no.,Yes,Yes,22.53125,18.796875,True
/data/shared/Qwen/mydisk/output/SYNTHETIC/NVILA-Lite-2B-SYNTHETIC_MIX_5PCT_2M-20260226_023301/checkpoint-12500,obj2_closer,output/phasevar_5/0001_phA00_phB02.png,Is the blue cube closer to the camera than the green sphere? Answer with yes or no.,Yes,Yes,23.40625,18.921875,True
/data/shared/Qwen/mydisk/output/SYNTHETIC/NVILA-Lite-2B-SYNTHETIC_MIX_5PCT_2M-20260226_023301/checkpoint-12500,obj2_closer,output/phasevar_5/0001_phA00_phB03.png,Is the blue cube closer to the camera than the green sphere? Answer with yes or no.,Yes,Yes,25.375,20.34375,True
/data/shared/Qwen/mydisk/output/SYNTHETIC/NVILA-Lite-2B-SYNTHETIC_MIX_5PCT_2M-20260226_023301/checkpoint-12500,obj2_closer,output/phasevar_5/0001_phA00_phB04.png,Is the blue cube closer to the camera than the green sphere? Answer with yes or no.,Yes,Yes,25.609375,20.203125,True
/data/shared/Qwen/mydisk/output/SYNTHETIC/NVILA-Lite-2B-SYNTHETIC_MIX_5PCT_2M-20260226_023301/checkpoint-12500,obj2_closer,output/phasevar_5/0001_phA00_phB05.png,Is the blue cube closer to the camera than the green sphere? Answer with yes or no.,Yes,Yes,25.59375,19.828125,True
/data/shared/Qwen/mydisk/output/SYNTHETIC/NVILA-Lite-2B-SYNTHETIC_MIX_5PCT_2M-20260226_023301/checkpoint-12500,obj2_closer,output/phasevar_5/0001_phA00_phB06.png,Is the blue cube closer to the camera than the green sphere? Answer with yes or no.,Yes,Yes,23.671875,18.546875,True
/data/shared/Qwen/mydisk/output/SYNTHETIC/NVILA-Lite-2B-SYNTHETIC_MIX_5PCT_2M-20260226_023301/checkpoint-12500,obj2_closer,output/phasevar_5/0001_phA00_phB07.png,Is the blue cube closer to the camera than the green sphere? Answer with yes or no.,Yes,Yes,22.78125,17.75,True
/data/shared/Qwen/mydisk/output/SYNTHETIC/NVILA-Lite-2B-SYNTHETIC_MIX_5PCT_2M-20260226_023301/checkpoint-12500,obj2_closer,output/phasevar_5/0001_phA00_phB08.png,Is the blue cube closer to the camera than the green sphere? Answer with yes or no.,Yes,Yes,23.1875,18.359375,True
/data/shared/Qwen/mydisk/output/SYNTHETIC/NVILA-Lite-2B-SYNTHETIC_MIX_5PCT_2M-20260226_023301/checkpoint-12500,obj2_closer,output/phasevar_5/0001_phA00_phB09.png,Is the blue cube closer to the camera than the green sphere? Answer with yes or no.,Yes,Yes,23.34375,18.046875,True
/data/shared/Qwen/mydisk/output/SYNTHETIC/NVILA-Lite-2B-SYNTHETIC_MIX_5PCT_2M-20260226_023301/checkpoint-12500,obj2_closer,output/phasevar_5/0001_phA00_phB10.png,Is the blue cube closer to the camera than the green sphere? Answer with yes or no.,Yes,Yes,23.09375,18.234375,True
/data/shared/Qwen/mydisk/output/SYNTHETIC/NVILA-Lite-2B-SYNTHETIC_MIX_5PCT_2M-20260226_023301/checkpoint-12500,obj2_closer,output/phasevar_5/0001_phA00_phB11.png,Is the blue cube closer to the camera than the green sphere? Answer with yes or no.,Yes,Yes,23.515625,18.21875,True
/data/shared/Qwen/mydisk/output/SYNTHETIC/NVILA-Lite-2B-SYNTHETIC_MIX_5PCT_2M-20260226_023301/checkpoint-12500,obj2_closer,output/phasevar_5/0001_phA00_phB12.png,Is the blue cube closer to the camera than the green sphere? Answer with yes or no.,Yes,Yes,23.46875,18.296875,True
/data/shared/Qwen/mydisk/output/SYNTHETIC/NVILA-Lite-2B-SYNTHETIC_MIX_5PCT_2M-20260226_023301/checkpoint-12500,obj2_closer,output/phasevar_5/0001_phA00_phB13.png,Is the blue cube closer to the camera than the green sphere? Answer with yes or no.,Yes,Yes,23.5,18.546875,True
/data/shared/Qwen/mydisk/output/SYNTHETIC/NVILA-Lite-2B-SYNTHETIC_MIX_5PCT_2M-20260226_023301/checkpoint-12500,obj2_closer,output/phasevar_5/0001_phA00_phB14.png,Is the blue cube closer to the camera than the green sphere? Answer with yes or no.,Yes,Yes,23.0,18.421875,True
/data/shared/Qwen/mydisk/output/SYNTHETIC/NVILA-Lite-2B-SYNTHETIC_MIX_5PCT_2M-20260226_023301/checkpoint-12500,obj2_closer,output/phasevar_5/0001_phA00_phB15.png,Is the blue cube closer to the camera than the green sphere? Answer with yes or no.,Yes,Yes,22.125,18.4375,True
/data/shared/Qwen/mydisk/output/SYNTHETIC/NVILA-Lite-2B-SYNTHETIC_MIX_5PCT_2M-20260226_023301/checkpoint-12500,obj2_closer,output/phasevar_5/0001_phA01_phB00.png,Is the blue cube closer to the camera than the green sphere? Answer with yes or no.,Yes,Yes,21.921875,18.40625,True
/data/shared/Qwen/mydisk/output/SYNTHETIC/NVILA-Lite-2B-SYNTHETIC_MIX_5PCT_2M-20260226_023301/checkpoint-12500,obj2_closer,output/phasevar_5/0001_phA01_phB01.png,Is the blue cube closer to the camera than the green sphere? Answer with yes or no.,Yes,Yes,22.40625,18.640625,True
/data/shared/Qwen/mydisk/output/SYNTHETIC/NVILA-Lite-2B-SYNTHETIC_MIX_5PCT_2M-20260226_023301/checkpoint-12500,obj2_closer,output/phasevar_5/0001_phA01_phB02.png,Is the blue cube closer to the camera than the green sphere? Answer with yes or no.,Yes,Yes,23.140625,18.71875,True
/data/shared/Qwen/mydisk/output/SYNTHETIC/NVILA-Lite-2B-SYNTHETIC_MIX_5PCT_2M-20260226_023301/checkpoint-12500,obj2_closer,output/phasevar_5/0001_phA01_phB03.png,Is the blue cube closer to the camera than the green sphere? Answer with yes or no.,Yes,Yes,24.984375,20.078125,True
/data/shared/Qwen/mydisk/output/SYNTHETIC/NVILA-Lite-2B-SYNTHETIC_MIX_5PCT_2M-20260226_023301/checkpoint-12500,obj2_closer,output/phasevar_5/0001_phA01_phB04.png,Is the blue cube closer to the camera than the green sphere? Answer with yes or no.,Yes,Yes,25.171875,19.859375,True
/data/shared/Qwen/mydisk/output/SYNTHETIC/NVILA-Lite-2B-SYNTHETIC_MIX_5PCT_2M-20260226_023301/checkpoint-12500,obj2_closer,output/phasevar_5/0001_phA01_phB05.png,Is the blue cube closer to the camera than the green sphere? Answer with yes or no.,Yes,Yes,25.140625,19.5625,True
/data/shared/Qwen/mydisk/output/SYNTHETIC/NVILA-Lite-2B-SYNTHETIC_MIX_5PCT_2M-20260226_023301/checkpoint-12500,obj2_closer,output/phasevar_5/0001_phA01_phB06.png,Is the blue cube closer to the camera than the green sphere? Answer with yes or no.,Yes,Yes,23.390625,18.359375,True
/data/shared/Qwen/mydisk/output/SYNTHETIC/NVILA-Lite-2B-SYNTHETIC_MIX_5PCT_2M-20260226_023301/checkpoint-12500,obj2_closer,output/phasevar_5/0001_phA01_phB07.png,Is the blue cube closer to the camera than the green sphere? Answer with yes or no.,Yes,Yes,22.65625,17.671875,True
/data/shared/Qwen/mydisk/output/SYNTHETIC/NVILA-Lite-2B-SYNTHETIC_MIX_5PCT_2M-20260226_023301/checkpoint-12500,obj2_closer,output/phasevar_5/0001_phA01_phB08.png,Is the blue cube closer to the camera than the green sphere? Answer with yes or no.,Yes,Yes,23.046875,18.28125,True
/data/shared/Qwen/mydisk/output/SYNTHETIC/NVILA-Lite-2B-SYNTHETIC_MIX_5PCT_2M-20260226_023301/checkpoint-12500,obj2_closer,output/phasevar_5/0001_phA01_phB09.png,Is the blue cube closer to the camera than the green sphere? Answer with yes or no.,Yes,Yes,23.265625,18.0,True
/data/shared/Qwen/mydisk/output/SYNTHETIC/NVILA-Lite-2B-SYNTHETIC_MIX_5PCT_2M-20260226_023301/checkpoint-12500,obj2_closer,output/phasevar_5/0001_phA01_phB10.png,Is the blue cube closer to the camera than the green sphere? Answer with yes or no.,Yes,Yes,23.0625,18.234375,True
/data/shared/Qwen/mydisk/output/SYNTHETIC/NVILA-Lite-2B-SYNTHETIC_MIX_5PCT_2M-20260226_023301/checkpoint-12500,obj2_closer,output/phasevar_5/0001_phA01_phB11.png,Is the blue cube closer to the camera than the green sphere? Answer with yes or no.,Yes,Yes,23.34375,18.15625,True
/data/shared/Qwen/mydisk/output/SYNTHETIC/NVILA-Lite-2B-SYNTHETIC_MIX_5PCT_2M-20260226_023301/checkpoint-12500,obj2_closer,output/phasevar_5/0001_phA01_phB12.png,Is the blue cube closer to the camera than the green sphere? Answer with yes or no.,Yes,Yes,23.296875,18.15625,True
/data/shared/Qwen/mydisk/output/SYNTHETIC/NVILA-Lite-2B-SYNTHETIC_MIX_5PCT_2M-20260226_023301/checkpoint-12500,obj2_closer,output/phasevar_5/0001_phA01_phB13.png,Is the blue cube closer to the camera than the green sphere? Answer with yes or no.,Yes,Yes,23.203125,18.328125,True
/data/shared/Qwen/mydisk/output/SYNTHETIC/NVILA-Lite-2B-SYNTHETIC_MIX_5PCT_2M-20260226_023301/checkpoint-12500,obj2_closer,output/phasevar_5/0001_phA01_phB14.png,Is the blue cube closer to the camera than the green sphere? Answer with yes or no.,Yes,Yes,22.828125,18.25,True
/data/shared/Qwen/mydisk/output/SYNTHETIC/NVILA-Lite-2B-SYNTHETIC_MIX_5PCT_2M-20260226_023301/checkpoint-12500,obj2_closer,output/phasevar_5/0001_phA01_phB15.png,Is the blue cube closer to the camera than the green sphere? Answer with yes or no.,Yes,Yes,22.0,18.3125,True
/data/shared/Qwen/mydisk/output/SYNTHETIC/NVILA-Lite-2B-SYNTHETIC_MIX_5PCT_2M-20260226_023301/checkpoint-12500,obj2_closer,output/phasevar_5/0001_phA02_phB00.png,Is the blue cube closer to the camera than the green sphere? Answer with yes or no.,Yes,Yes,21.328125,18.265625,True
/data/shared/Qwen/mydisk/output/SYNTHETIC/NVILA-Lite-2B-SYNTHETIC_MIX_5PCT_2M-20260226_023301/checkpoint-12500,obj2_closer,output/phasevar_5/0001_phA02_phB01.png,Is the blue cube closer to the camera than the green sphere? Answer with yes or no.,Yes,Yes,21.609375,18.234375,True
/data/shared/Qwen/mydisk/output/SYNTHETIC/NVILA-Lite-2B-SYNTHETIC_MIX_5PCT_2M-20260226_023301/checkpoint-12500,obj2_closer,output/phasevar_5/0001_phA02_phB02.png,Is the blue cube closer to the camera than the green sphere? Answer with yes or no.,Yes,Yes,22.5,18.421875,True
/data/shared/Qwen/mydisk/output/SYNTHETIC/NVILA-Lite-2B-SYNTHETIC_MIX_5PCT_2M-20260226_023301/checkpoint-12500,obj2_closer,output/phasevar_5/0001_phA02_phB03.png,Is the blue cube closer to the camera than the green sphere? Answer with yes or no.,Yes,Yes,23.984375,19.71875,True
/data/shared/Qwen/mydisk/output/SYNTHETIC/NVILA-Lite-2B-SYNTHETIC_MIX_5PCT_2M-20260226_023301/checkpoint-12500,obj2_closer,output/phasevar_5/0001_phA02_phB04.png,Is the blue cube closer to the camera than the green sphere? Answer with yes or no.,Yes,Yes,24.359375,19.546875,True
/data/shared/Qwen/mydisk/output/SYNTHETIC/NVILA-Lite-2B-SYNTHETIC_MIX_5PCT_2M-20260226_023301/checkpoint-12500,obj2_closer,output/phasevar_5/0001_phA02_phB05.png,Is the blue cube closer to the camera than the green sphere? Answer with yes or no.,Yes,Yes,24.53125,19.359375,True
/data/shared/Qwen/mydisk/output/SYNTHETIC/NVILA-Lite-2B-SYNTHETIC_MIX_5PCT_2M-20260226_023301/checkpoint-12500,obj2_closer,output/phasevar_5/0001_phA02_phB06.png,Is the blue cube closer to the camera than the green sphere? Answer with yes or no.,Yes,Yes,22.78125,17.984375,True
/data/shared/Qwen/mydisk/output/SYNTHETIC/NVILA-Lite-2B-SYNTHETIC_MIX_5PCT_2M-20260226_023301/checkpoint-12500,obj2_closer,output/phasevar_5/0001_phA02_phB07.png,Is the blue cube closer to the camera than the green sphere? Answer with yes or no.,Yes,Yes,22.109375,17.359375,True
/data/shared/Qwen/mydisk/output/SYNTHETIC/NVILA-Lite-2B-SYNTHETIC_MIX_5PCT_2M-20260226_023301/checkpoint-12500,obj2_closer,output/phasevar_5/0001_phA02_phB08.png,Is the blue cube closer to the camera than the green sphere? Answer with yes or no.,Yes,Yes,22.59375,18.078125,True
/data/shared/Qwen/mydisk/output/SYNTHETIC/NVILA-Lite-2B-SYNTHETIC_MIX_5PCT_2M-20260226_023301/checkpoint-12500,obj2_closer,output/phasevar_5/0001_phA02_phB09.png,Is the blue cube closer to the camera than the green sphere? Answer with yes or no.,Yes,Yes,22.78125,17.84375,True
/data/shared/Qwen/mydisk/output/SYNTHETIC/NVILA-Lite-2B-SYNTHETIC_MIX_5PCT_2M-20260226_023301/checkpoint-12500,obj2_closer,output/phasevar_5/0001_phA02_phB10.png,Is the blue cube closer to the camera than the green sphere? Answer with yes or no.,Yes,Yes,22.71875,18.171875,True
/data/shared/Qwen/mydisk/output/SYNTHETIC/NVILA-Lite-2B-SYNTHETIC_MIX_5PCT_2M-20260226_023301/checkpoint-12500,obj2_closer,output/phasevar_5/0001_phA02_phB11.png,Is the blue cube closer to the camera than the green sphere? Answer with yes or no.,Yes,Yes,22.90625,18.140625,True
/data/shared/Qwen/mydisk/output/SYNTHETIC/NVILA-Lite-2B-SYNTHETIC_MIX_5PCT_2M-20260226_023301/checkpoint-12500,obj2_closer,output/phasevar_5/0001_phA02_phB12.png,Is the blue cube closer to the camera than the green sphere? Answer with yes or no.,Yes,Yes,22.859375,18.171875,True
/data/shared/Qwen/mydisk/output/SYNTHETIC/NVILA-Lite-2B-SYNTHETIC_MIX_5PCT_2M-20260226_023301/checkpoint-12500,obj2_closer,output/phasevar_5/0001_phA02_phB13.png,Is the blue cube closer to the camera than the green sphere? Answer with yes or no.,Yes,Yes,22.71875,18.34375,True
/data/shared/Qwen/mydisk/output/SYNTHETIC/NVILA-Lite-2B-SYNTHETIC_MIX_5PCT_2M-20260226_023301/checkpoint-12500,obj2_closer,output/phasevar_5/0001_phA02_phB14.png,Is the blue cube closer to the camera than the green sphere? Answer with yes or no.,Yes,Yes,22.4375,18.171875,True
/data/shared/Qwen/mydisk/output/SYNTHETIC/NVILA-Lite-2B-SYNTHETIC_MIX_5PCT_2M-20260226_023301/checkpoint-12500,obj2_closer,output/phasevar_5/0001_phA02_phB15.png,Is the blue cube closer to the camera than the green sphere? Answer with yes or no.,Yes,Yes,21.46875,18.171875,True
/data/shared/Qwen/mydisk/output/SYNTHETIC/NVILA-Lite-2B-SYNTHETIC_MIX_5PCT_2M-20260226_023301/checkpoint-12500,obj2_closer,output/phasevar_5/0001_phA03_phB00.png,Is the blue cube closer to the camera than the green sphere? Answer with yes or no.,Yes,Yes,21.703125,18.484375,True
/data/shared/Qwen/mydisk/output/SYNTHETIC/NVILA-Lite-2B-SYNTHETIC_MIX_5PCT_2M-20260226_023301/checkpoint-12500,obj2_closer,output/phasevar_5/0001_phA03_phB01.png,Is the blue cube closer to the camera than the green sphere? Answer with yes or no.,Yes,Yes,21.96875,18.40625,True
/data/shared/Qwen/mydisk/output/SYNTHETIC/NVILA-Lite-2B-SYNTHETIC_MIX_5PCT_2M-20260226_023301/checkpoint-12500,obj2_closer,output/phasevar_5/0001_phA03_phB02.png,Is the blue cube closer to the camera than the green sphere? Answer with yes or no.,Yes,Yes,22.546875,18.484375,True
/data/shared/Qwen/mydisk/output/SYNTHETIC/NVILA-Lite-2B-SYNTHETIC_MIX_5PCT_2M-20260226_023301/checkpoint-12500,obj2_closer,output/phasevar_5/0001_phA03_phB03.png,Is the blue cube closer to the camera than the green sphere? Answer with yes or no.,Yes,Yes,24.4375,19.90625,True
/data/shared/Qwen/mydisk/output/SYNTHETIC/NVILA-Lite-2B-SYNTHETIC_MIX_5PCT_2M-20260226_023301/checkpoint-12500,obj2_closer,output/phasevar_5/0001_phA03_phB04.png,Is the blue cube closer to the camera than the green sphere? Answer with yes or no.,Yes,Yes,24.984375,19.609375,True
/data/shared/Qwen/mydisk/output/SYNTHETIC/NVILA-Lite-2B-SYNTHETIC_MIX_5PCT_2M-20260226_023301/checkpoint-12500,obj2_closer,output/phasevar_5/0001_phA03_phB05.png,Is the blue cube closer to the camera than the green sphere? Answer with yes or no.,Yes,Yes,24.609375,19.203125,True
/data/shared/Qwen/mydisk/output/SYNTHETIC/NVILA-Lite-2B-SYNTHETIC_MIX_5PCT_2M-20260226_023301/checkpoint-12500,obj2_closer,output/phasevar_5/0001_phA03_phB06.png,Is the blue cube closer to the camera than the green sphere? Answer with yes or no.,Yes,Yes,22.6875,17.8125,True
/data/shared/Qwen/mydisk/output/SYNTHETIC/NVILA-Lite-2B-SYNTHETIC_MIX_5PCT_2M-20260226_023301/checkpoint-12500,obj2_closer,output/phasevar_5/0001_phA03_phB07.png,Is the blue cube closer to the camera than the green sphere? Answer with yes or no.,Yes,Yes,21.828125,17.078125,True
/data/shared/Qwen/mydisk/output/SYNTHETIC/NVILA-Lite-2B-SYNTHETIC_MIX_5PCT_2M-20260226_023301/checkpoint-12500,obj2_closer,output/phasevar_5/0001_phA03_phB08.png,Is the blue cube closer to the camera than the green sphere? Answer with yes or no.,Yes,Yes,22.296875,17.8125,True
/data/shared/Qwen/mydisk/output/SYNTHETIC/NVILA-Lite-2B-SYNTHETIC_MIX_5PCT_2M-20260226_023301/checkpoint-12500,obj2_closer,output/phasevar_5/0001_phA03_phB09.png,Is the blue cube closer to the camera than the green sphere? Answer with yes or no.,Yes,Yes,22.5,17.578125,True
/data/shared/Qwen/mydisk/output/SYNTHETIC/NVILA-Lite-2B-SYNTHETIC_MIX_5PCT_2M-20260226_023301/checkpoint-12500,obj2_closer,output/phasevar_5/0001_phA03_phB10.png,Is the blue cube closer to the camera than the green sphere? Answer with yes or no.,Yes,Yes,22.46875,17.890625,True
/data/shared/Qwen/mydisk/output/SYNTHETIC/NVILA-Lite-2B-SYNTHETIC_MIX_5PCT_2M-20260226_023301/checkpoint-12500,obj2_closer,output/phasevar_5/0001_phA03_phB11.png,Is the blue cube closer to the camera than the green sphere? Answer with yes or no.,Yes,Yes,22.890625,17.90625,True
/data/shared/Qwen/mydisk/output/SYNTHETIC/NVILA-Lite-2B-SYNTHETIC_MIX_5PCT_2M-20260226_023301/checkpoint-12500,obj2_closer,output/phasevar_5/0001_phA03_phB12.png,Is the blue cube closer to the camera than the green sphere? Answer with yes or no.,Yes,Yes,22.765625,18.015625,True
/data/shared/Qwen/mydisk/output/SYNTHETIC/NVILA-Lite-2B-SYNTHETIC_MIX_5PCT_2M-20260226_023301/checkpoint-12500,obj2_closer,output/phasevar_5/0001_phA03_phB13.png,Is the blue cube closer to the camera than the green sphere? Answer with yes or no.,Yes,Yes,22.671875,18.28125,True
/data/shared/Qwen/mydisk/output/SYNTHETIC/NVILA-Lite-2B-SYNTHETIC_MIX_5PCT_2M-20260226_023301/checkpoint-12500,obj2_closer,output/phasevar_5/0001_phA03_phB14.png,Is the blue cube closer to the camera than the green sphere? Answer with yes or no.,Yes,Yes,22.5,18.234375,True
/data/shared/Qwen/mydisk/output/SYNTHETIC/NVILA-Lite-2B-SYNTHETIC_MIX_5PCT_2M-20260226_023301/checkpoint-12500,obj2_closer,output/phasevar_5/0001_phA03_phB15.png,Is the blue cube closer to the camera than the green sphere? Answer with yes or no.,Yes,Yes,21.71875,18.3125,True
/data/shared/Qwen/mydisk/output/SYNTHETIC/NVILA-Lite-2B-SYNTHETIC_MIX_5PCT_2M-20260226_023301/checkpoint-12500,obj2_closer,output/phasevar_5/0001_phA04_phB00.png,Is the blue cube closer to the camera than the green sphere? Answer with yes or no.,Yes,Yes,21.59375,18.484375,True
/data/shared/Qwen/mydisk/output/SYNTHETIC/NVILA-Lite-2B-SYNTHETIC_MIX_5PCT_2M-20260226_023301/checkpoint-12500,obj2_closer,output/phasevar_5/0001_phA04_phB01.png,Is the blue cube closer to the camera than the green sphere? Answer with yes or no.,Yes,Yes,21.875,18.453125,True
/data/shared/Qwen/mydisk/output/SYNTHETIC/NVILA-Lite-2B-SYNTHETIC_MIX_5PCT_2M-20260226_023301/checkpoint-12500,obj2_closer,output/phasevar_5/0001_phA04_phB02.png,Is the blue cube closer to the camera than the green sphere? Answer with yes or no.,Yes,Yes,22.484375,18.609375,True
/data/shared/Qwen/mydisk/output/SYNTHETIC/NVILA-Lite-2B-SYNTHETIC_MIX_5PCT_2M-20260226_023301/checkpoint-12500,obj2_closer,output/phasevar_5/0001_phA04_phB03.png,Is the blue cube closer to the camera than the green sphere? Answer with yes or no.,Yes,Yes,24.0625,19.8125,True
/data/shared/Qwen/mydisk/output/SYNTHETIC/NVILA-Lite-2B-SYNTHETIC_MIX_5PCT_2M-20260226_023301/checkpoint-12500,obj2_closer,output/phasevar_5/0001_phA04_phB04.png,Is the blue cube closer to the camera than the green sphere? Answer with yes or no.,Yes,Yes,24.8125,19.765625,True
/data/shared/Qwen/mydisk/output/SYNTHETIC/NVILA-Lite-2B-SYNTHETIC_MIX_5PCT_2M-20260226_023301/checkpoint-12500,obj2_closer,output/phasevar_5/0001_phA04_phB05.png,Is the blue cube closer to the camera than the green sphere? Answer with yes or no.,Yes,Yes,24.5,19.3125,True
/data/shared/Qwen/mydisk/output/SYNTHETIC/NVILA-Lite-2B-SYNTHETIC_MIX_5PCT_2M-20260226_023301/checkpoint-12500,obj2_closer,output/phasevar_5/0001_phA04_phB06.png,Is the blue cube closer to the camera than the green sphere? Answer with yes or no.,Yes,Yes,22.390625,17.84375,True
/data/shared/Qwen/mydisk/output/SYNTHETIC/NVILA-Lite-2B-SYNTHETIC_MIX_5PCT_2M-20260226_023301/checkpoint-12500,obj2_closer,output/phasevar_5/0001_phA04_phB07.png,Is the blue cube closer to the camera than the green sphere? Answer with yes or no.,Yes,Yes,21.484375,17.03125,True
/data/shared/Qwen/mydisk/output/SYNTHETIC/NVILA-Lite-2B-SYNTHETIC_MIX_5PCT_2M-20260226_023301/checkpoint-12500,obj2_closer,output/phasevar_5/0001_phA04_phB08.png,Is the blue cube closer to the camera than the green sphere? Answer with yes or no.,Yes,Yes,21.9375,17.65625,True
/data/shared/Qwen/mydisk/output/SYNTHETIC/NVILA-Lite-2B-SYNTHETIC_MIX_5PCT_2M-20260226_023301/checkpoint-12500,obj2_closer,output/phasevar_5/0001_phA04_phB09.png,Is the blue cube closer to the camera than the green sphere? Answer with yes or no.,Yes,Yes,22.234375,17.59375,True
/data/shared/Qwen/mydisk/output/SYNTHETIC/NVILA-Lite-2B-SYNTHETIC_MIX_5PCT_2M-20260226_023301/checkpoint-12500,obj2_closer,output/phasevar_5/0001_phA04_phB10.png,Is the blue cube closer to the camera than the green sphere? Answer with yes or no.,Yes,Yes,22.171875,17.90625,True
/data/shared/Qwen/mydisk/output/SYNTHETIC/NVILA-Lite-2B-SYNTHETIC_MIX_5PCT_2M-20260226_023301/checkpoint-12500,obj2_closer,output/phasevar_5/0001_phA04_phB11.png,Is the blue cube closer to the camera than the green sphere? Answer with yes or no.,Yes,Yes,22.6875,17.9375,True
/data/shared/Qwen/mydisk/output/SYNTHETIC/NVILA-Lite-2B-SYNTHETIC_MIX_5PCT_2M-20260226_023301/checkpoint-12500,obj2_closer,output/phasevar_5/0001_phA04_phB12.png,Is the blue cube closer to the camera than the green sphere? Answer with yes or no.,Yes,Yes,22.671875,18.125,True
/data/shared/Qwen/mydisk/output/SYNTHETIC/NVILA-Lite-2B-SYNTHETIC_MIX_5PCT_2M-20260226_023301/checkpoint-12500,obj2_closer,output/phasevar_5/0001_phA04_phB13.png,Is the blue cube closer to the camera than the green sphere? Answer with yes or no.,Yes,Yes,22.546875,18.390625,True
/data/shared/Qwen/mydisk/output/SYNTHETIC/NVILA-Lite-2B-SYNTHETIC_MIX_5PCT_2M-20260226_023301/checkpoint-12500,obj2_closer,output/phasevar_5/0001_phA04_phB14.png,Is the blue cube closer to the camera than the green sphere? Answer with yes or no.,Yes,Yes,22.484375,18.4375,True
/data/shared/Qwen/mydisk/output/SYNTHETIC/NVILA-Lite-2B-SYNTHETIC_MIX_5PCT_2M-20260226_023301/checkpoint-12500,obj2_closer,output/phasevar_5/0001_phA04_phB15.png,Is the blue cube closer to the camera than the green sphere? Answer with yes or no.,Yes,Yes,21.703125,18.421875,True
/data/shared/Qwen/mydisk/output/SYNTHETIC/NVILA-Lite-2B-SYNTHETIC_MIX_5PCT_2M-20260226_023301/checkpoint-12500,obj2_closer,output/phasevar_5/0001_phA05_phB00.png,Is the blue cube closer to the camera than the green sphere? Answer with yes or no.,Yes,Yes,21.8125,18.546875,True
/data/shared/Qwen/mydisk/output/SYNTHETIC/NVILA-Lite-2B-SYNTHETIC_MIX_5PCT_2M-20260226_023301/checkpoint-12500,obj2_closer,output/phasevar_5/0001_phA05_phB01.png,Is the blue cube closer to the camera than the green sphere? Answer with yes or no.,Yes,Yes,22.171875,18.53125,True
/data/shared/Qwen/mydisk/output/SYNTHETIC/NVILA-Lite-2B-SYNTHETIC_MIX_5PCT_2M-20260226_023301/checkpoint-12500,obj2_closer,output/phasevar_5/0001_phA05_phB02.png,Is the blue cube closer to the camera than the green sphere? Answer with yes or no.,Yes,Yes,22.953125,18.78125,True
/data/shared/Qwen/mydisk/output/SYNTHETIC/NVILA-Lite-2B-SYNTHETIC_MIX_5PCT_2M-20260226_023301/checkpoint-12500,obj2_closer,output/phasevar_5/0001_phA05_phB03.png,Is the blue cube closer to the camera than the green sphere? Answer with yes or no.,Yes,Yes,24.546875,20.046875,True
/data/shared/Qwen/mydisk/output/SYNTHETIC/NVILA-Lite-2B-SYNTHETIC_MIX_5PCT_2M-20260226_023301/checkpoint-12500,obj2_closer,output/phasevar_5/0001_phA05_phB04.png,Is the blue cube closer to the camera than the green sphere? Answer with yes or no.,Yes,Yes,25.0,19.828125,True
/data/shared/Qwen/mydisk/output/SYNTHETIC/NVILA-Lite-2B-SYNTHETIC_MIX_5PCT_2M-20260226_023301/checkpoint-12500,obj2_closer,output/phasevar_5/0001_phA05_phB05.png,Is the blue cube closer to the camera than the green sphere? Answer with yes or no.,Yes,Yes,24.8125,19.421875,True
/data/shared/Qwen/mydisk/output/SYNTHETIC/NVILA-Lite-2B-SYNTHETIC_MIX_5PCT_2M-20260226_023301/checkpoint-12500,obj2_closer,output/phasevar_5/0001_phA05_phB06.png,Is the blue cube closer to the camera than the green sphere? Answer with yes or no.,Yes,Yes,22.625,17.875,True
/data/shared/Qwen/mydisk/output/SYNTHETIC/NVILA-Lite-2B-SYNTHETIC_MIX_5PCT_2M-20260226_023301/checkpoint-12500,obj2_closer,output/phasevar_5/0001_phA05_phB07.png,Is the blue cube closer to the camera than the green sphere? Answer with yes or no.,Yes,Yes,21.6875,17.140625,True
/data/shared/Qwen/mydisk/output/SYNTHETIC/NVILA-Lite-2B-SYNTHETIC_MIX_5PCT_2M-20260226_023301/checkpoint-12500,obj2_closer,output/phasevar_5/0001_phA05_phB08.png,Is the blue cube closer to the camera than the green sphere? Answer with yes or no.,Yes,Yes,22.0625,17.65625,True
/data/shared/Qwen/mydisk/output/SYNTHETIC/NVILA-Lite-2B-SYNTHETIC_MIX_5PCT_2M-20260226_023301/checkpoint-12500,obj2_closer,output/phasevar_5/0001_phA05_phB09.png,Is the blue cube closer to the camera than the green sphere? Answer with yes or no.,Yes,Yes,22.53125,17.625,True
/data/shared/Qwen/mydisk/output/SYNTHETIC/NVILA-Lite-2B-SYNTHETIC_MIX_5PCT_2M-20260226_023301/checkpoint-12500,obj2_closer,output/phasevar_5/0001_phA05_phB10.png,Is the blue cube closer to the camera than the green sphere? Answer with yes or no.,Yes,Yes,22.59375,18.0,True
/data/shared/Qwen/mydisk/output/SYNTHETIC/NVILA-Lite-2B-SYNTHETIC_MIX_5PCT_2M-20260226_023301/checkpoint-12500,obj2_closer,output/phasevar_5/0001_phA05_phB11.png,Is the blue cube closer to the camera than the green sphere? Answer with yes or no.,Yes,Yes,23.03125,17.90625,True
/data/shared/Qwen/mydisk/output/SYNTHETIC/NVILA-Lite-2B-SYNTHETIC_MIX_5PCT_2M-20260226_023301/checkpoint-12500,obj2_closer,output/phasevar_5/0001_phA05_phB12.png,Is the blue cube closer to the camera than the green sphere? Answer with yes or no.,Yes,Yes,22.984375,18.15625,True
/data/shared/Qwen/mydisk/output/SYNTHETIC/NVILA-Lite-2B-SYNTHETIC_MIX_5PCT_2M-20260226_023301/checkpoint-12500,obj2_closer,output/phasevar_5/0001_phA05_phB13.png,Is the blue cube closer to the camera than the green sphere? Answer with yes or no.,Yes,Yes,22.828125,18.4375,True
/data/shared/Qwen/mydisk/output/SYNTHETIC/NVILA-Lite-2B-SYNTHETIC_MIX_5PCT_2M-20260226_023301/checkpoint-12500,obj2_closer,output/phasevar_5/0001_phA05_phB14.png,Is the blue cube closer to the camera than the green sphere? Answer with yes or no.,Yes,Yes,22.734375,18.46875,True
/data/shared/Qwen/mydisk/output/SYNTHETIC/NVILA-Lite-2B-SYNTHETIC_MIX_5PCT_2M-20260226_023301/checkpoint-12500,obj2_closer,output/phasevar_5/0001_phA05_phB15.png,Is the blue cube closer to the camera than the green sphere? Answer with yes or no.,Yes,Yes,21.96875,18.46875,True
/data/shared/Qwen/mydisk/output/SYNTHETIC/NVILA-Lite-2B-SYNTHETIC_MIX_5PCT_2M-20260226_023301/checkpoint-12500,obj2_closer,output/phasevar_5/0001_phA06_phB00.png,Is the blue cube closer to the camera than the green sphere? Answer with yes or no.,Yes,Yes,21.453125,18.6875,True
/data/shared/Qwen/mydisk/output/SYNTHETIC/NVILA-Lite-2B-SYNTHETIC_MIX_5PCT_2M-20260226_023301/checkpoint-12500,obj2_closer,output/phasevar_5/0001_phA06_phB01.png,Is the blue cube closer to the camera than the green sphere? Answer with yes or no.,Yes,Yes,22.0,18.765625,True
/data/shared/Qwen/mydisk/output/SYNTHETIC/NVILA-Lite-2B-SYNTHETIC_MIX_5PCT_2M-20260226_023301/checkpoint-12500,obj2_closer,output/phasevar_5/0001_phA06_phB02.png,Is the blue cube closer to the camera than the green sphere? Answer with yes or no.,Yes,Yes,23.125,19.265625,True
/data/shared/Qwen/mydisk/output/SYNTHETIC/NVILA-Lite-2B-SYNTHETIC_MIX_5PCT_2M-20260226_023301/checkpoint-12500,obj2_closer,output/phasevar_5/0001_phA06_phB03.png,Is the blue cube closer to the camera than the green sphere? Answer with yes or no.,Yes,Yes,24.3125,20.203125,True
/data/shared/Qwen/mydisk/output/SYNTHETIC/NVILA-Lite-2B-SYNTHETIC_MIX_5PCT_2M-20260226_023301/checkpoint-12500,obj2_closer,output/phasevar_5/0001_phA06_phB04.png,Is the blue cube closer to the camera than the green sphere? Answer with yes or no.,Yes,Yes,24.859375,20.234375,True
/data/shared/Qwen/mydisk/output/SYNTHETIC/NVILA-Lite-2B-SYNTHETIC_MIX_5PCT_2M-20260226_023301/checkpoint-12500,obj2_closer,output/phasevar_5/0001_phA06_phB05.png,Is the blue cube closer to the camera than the green sphere? Answer with yes or no.,Yes,Yes,24.640625,19.8125,True
/data/shared/Qwen/mydisk/output/SYNTHETIC/NVILA-Lite-2B-SYNTHETIC_MIX_5PCT_2M-20260226_023301/checkpoint-12500,obj2_closer,output/phasevar_5/0001_phA06_phB06.png,Is the blue cube closer to the camera than the green sphere? Answer with yes or no.,Yes,Yes,22.671875,18.578125,True
/data/shared/Qwen/mydisk/output/SYNTHETIC/NVILA-Lite-2B-SYNTHETIC_MIX_5PCT_2M-20260226_023301/checkpoint-12500,obj2_closer,output/phasevar_5/0001_phA06_phB07.png,Is the blue cube closer to the camera than the green sphere? Answer with yes or no.,Yes,Yes,21.65625,17.5625,True
/data/shared/Qwen/mydisk/output/SYNTHETIC/NVILA-Lite-2B-SYNTHETIC_MIX_5PCT_2M-20260226_023301/checkpoint-12500,obj2_closer,output/phasevar_5/0001_phA06_phB08.png,Is the blue cube closer to the camera than the green sphere? Answer with yes or no.,Yes,Yes,21.546875,17.84375,True
/data/shared/Qwen/mydisk/output/SYNTHETIC/NVILA-Lite-2B-SYNTHETIC_MIX_5PCT_2M-20260226_023301/checkpoint-12500,obj2_closer,output/phasevar_5/0001_phA06_phB09.png,Is the blue cube closer to the camera than the green sphere? Answer with yes or no.,Yes,Yes,22.0625,17.90625,True
/data/shared/Qwen/mydisk/output/SYNTHETIC/NVILA-Lite-2B-SYNTHETIC_MIX_5PCT_2M-20260226_023301/checkpoint-12500,obj2_closer,output/phasevar_5/0001_phA06_phB10.png,Is the blue cube closer to the camera than the green sphere? Answer with yes or no.,Yes,Yes,22.21875,18.21875,True
/data/shared/Qwen/mydisk/output/SYNTHETIC/NVILA-Lite-2B-SYNTHETIC_MIX_5PCT_2M-20260226_023301/checkpoint-12500,obj2_closer,output/phasevar_5/0001_phA06_phB11.png,Is the blue cube closer to the camera than the green sphere? Answer with yes or no.,Yes,Yes,22.578125,18.15625,True
/data/shared/Qwen/mydisk/output/SYNTHETIC/NVILA-Lite-2B-SYNTHETIC_MIX_5PCT_2M-20260226_023301/checkpoint-12500,obj2_closer,output/phasevar_5/0001_phA06_phB12.png,Is the blue cube closer to the camera than the green sphere? Answer with yes or no.,Yes,Yes,22.6875,18.5,True
/data/shared/Qwen/mydisk/output/SYNTHETIC/NVILA-Lite-2B-SYNTHETIC_MIX_5PCT_2M-20260226_023301/checkpoint-12500,obj2_closer,output/phasevar_5/0001_phA06_phB13.png,Is the blue cube closer to the camera than the green sphere? Answer with yes or no.,Yes,Yes,22.515625,18.703125,True
/data/shared/Qwen/mydisk/output/SYNTHETIC/NVILA-Lite-2B-SYNTHETIC_MIX_5PCT_2M-20260226_023301/checkpoint-12500,obj2_closer,output/phasevar_5/0001_phA06_phB14.png,Is the blue cube closer to the camera than the green sphere? Answer with yes or no.,Yes,Yes,22.609375,18.796875,True
/data/shared/Qwen/mydisk/output/SYNTHETIC/NVILA-Lite-2B-SYNTHETIC_MIX_5PCT_2M-20260226_023301/checkpoint-12500,obj2_closer,output/phasevar_5/0001_phA06_phB15.png,Is the blue cube closer to the camera than the green sphere? Answer with yes or no.,Yes,Yes,21.71875,18.703125,True
/data/shared/Qwen/mydisk/output/SYNTHETIC/NVILA-Lite-2B-SYNTHETIC_MIX_5PCT_2M-20260226_023301/checkpoint-12500,obj2_closer,output/phasevar_5/0001_phA07_phB00.png,Is the blue cube closer to the camera than the green sphere? Answer with yes or no.,Yes,Yes,22.0625,18.78125,True
/data/shared/Qwen/mydisk/output/SYNTHETIC/NVILA-Lite-2B-SYNTHETIC_MIX_5PCT_2M-20260226_023301/checkpoint-12500,obj2_closer,output/phasevar_5/0001_phA07_phB01.png,Is the blue cube closer to the camera than the green sphere? Answer with yes or no.,Yes,Yes,22.546875,18.90625,True
/data/shared/Qwen/mydisk/output/SYNTHETIC/NVILA-Lite-2B-SYNTHETIC_MIX_5PCT_2M-20260226_023301/checkpoint-12500,obj2_closer,output/phasevar_5/0001_phA07_phB02.png,Is the blue cube closer to the camera than the green sphere? Answer with yes or no.,Yes,Yes,23.296875,19.125,True
/data/shared/Qwen/mydisk/output/SYNTHETIC/NVILA-Lite-2B-SYNTHETIC_MIX_5PCT_2M-20260226_023301/checkpoint-12500,obj2_closer,output/phasevar_5/0001_phA07_phB03.png,Is the blue cube closer to the camera than the green sphere? Answer with yes or no.,Yes,Yes,24.921875,20.359375,True
/data/shared/Qwen/mydisk/output/SYNTHETIC/NVILA-Lite-2B-SYNTHETIC_MIX_5PCT_2M-20260226_023301/checkpoint-12500,obj2_closer,output/phasevar_5/0001_phA07_phB04.png,Is the blue cube closer to the camera than the green sphere? Answer with yes or no.,Yes,Yes,25.625,20.3125,True
/data/shared/Qwen/mydisk/output/SYNTHETIC/NVILA-Lite-2B-SYNTHETIC_MIX_5PCT_2M-20260226_023301/checkpoint-12500,obj2_closer,output/phasevar_5/0001_phA07_phB05.png,Is the blue cube closer to the camera than the green sphere? Answer with yes or no.,Yes,Yes,25.34375,19.828125,True
/data/shared/Qwen/mydisk/output/SYNTHETIC/NVILA-Lite-2B-SYNTHETIC_MIX_5PCT_2M-20260226_023301/checkpoint-12500,obj2_closer,output/phasevar_5/0001_phA07_phB06.png,Is the blue cube closer to the camera than the green sphere? Answer with yes or no.,Yes,Yes,22.96875,18.484375,True
/data/shared/Qwen/mydisk/output/SYNTHETIC/NVILA-Lite-2B-SYNTHETIC_MIX_5PCT_2M-20260226_023301/checkpoint-12500,obj2_closer,output/phasevar_5/0001_phA07_phB07.png,Is the blue cube closer to the camera than the green sphere? Answer with yes or no.,Yes,Yes,22.296875,17.71875,True
/data/shared/Qwen/mydisk/output/SYNTHETIC/NVILA-Lite-2B-SYNTHETIC_MIX_5PCT_2M-20260226_023301/checkpoint-12500,obj2_closer,output/phasevar_5/0001_phA07_phB08.png,Is the blue cube closer to the camera than the green sphere? Answer with yes or no.,Yes,Yes,22.359375,17.96875,True
/data/shared/Qwen/mydisk/output/SYNTHETIC/NVILA-Lite-2B-SYNTHETIC_MIX_5PCT_2M-20260226_023301/checkpoint-12500,obj2_closer,output/phasevar_5/0001_phA07_phB09.png,Is the blue cube closer to the camera than the green sphere? Answer with yes or no.,Yes,Yes,22.75,17.890625,True
/data/shared/Qwen/mydisk/output/SYNTHETIC/NVILA-Lite-2B-SYNTHETIC_MIX_5PCT_2M-20260226_023301/checkpoint-12500,obj2_closer,output/phasevar_5/0001_phA07_phB10.png,Is the blue cube closer to the camera than the green sphere? Answer with yes or no.,Yes,Yes,22.796875,18.140625,True
/data/shared/Qwen/mydisk/output/SYNTHETIC/NVILA-Lite-2B-SYNTHETIC_MIX_5PCT_2M-20260226_023301/checkpoint-12500,obj2_closer,output/phasevar_5/0001_phA07_phB11.png,Is the blue cube closer to the camera than the green sphere? Answer with yes or no.,Yes,Yes,23.125,18.078125,True
/data/shared/Qwen/mydisk/output/SYNTHETIC/NVILA-Lite-2B-SYNTHETIC_MIX_5PCT_2M-20260226_023301/checkpoint-12500,obj2_closer,output/phasevar_5/0001_phA07_phB12.png,Is the blue cube closer to the camera than the green sphere? Answer with yes or no.,Yes,Yes,23.1875,18.390625,True
/data/shared/Qwen/mydisk/output/SYNTHETIC/NVILA-Lite-2B-SYNTHETIC_MIX_5PCT_2M-20260226_023301/checkpoint-12500,obj2_closer,output/phasevar_5/0001_phA07_phB13.png,Is the blue cube closer to the camera than the green sphere? Answer with yes or no.,Yes,Yes,22.875,18.578125,True
/data/shared/Qwen/mydisk/output/SYNTHETIC/NVILA-Lite-2B-SYNTHETIC_MIX_5PCT_2M-20260226_023301/checkpoint-12500,obj2_closer,output/phasevar_5/0001_phA07_phB14.png,Is the blue cube closer to the camera than the green sphere? Answer with yes or no.,Yes,Yes,23.015625,18.71875,True
/data/shared/Qwen/mydisk/output/SYNTHETIC/NVILA-Lite-2B-SYNTHETIC_MIX_5PCT_2M-20260226_023301/checkpoint-12500,obj2_closer,output/phasevar_5/0001_phA07_phB15.png,Is the blue cube closer to the camera than the green sphere? Answer with yes or no.,Yes,Yes,22.078125,18.59375,True
/data/shared/Qwen/mydisk/output/SYNTHETIC/NVILA-Lite-2B-SYNTHETIC_MIX_5PCT_2M-20260226_023301/checkpoint-12500,obj2_closer,output/phasevar_5/0001_phA08_phB00.png,Is the blue cube closer to the camera than the green sphere? Answer with yes or no.,Yes,Yes,22.234375,18.890625,True
/data/shared/Qwen/mydisk/output/SYNTHETIC/NVILA-Lite-2B-SYNTHETIC_MIX_5PCT_2M-20260226_023301/checkpoint-12500,obj2_closer,output/phasevar_5/0001_phA08_phB01.png,Is the blue cube closer to the camera than the green sphere? Answer with yes or no.,Yes,Yes,22.609375,18.96875,True
/data/shared/Qwen/mydisk/output/SYNTHETIC/NVILA-Lite-2B-SYNTHETIC_MIX_5PCT_2M-20260226_023301/checkpoint-12500,obj2_closer,output/phasevar_5/0001_phA08_phB02.png,Is the blue cube closer to the camera than the green sphere? Answer with yes or no.,Yes,Yes,23.546875,19.296875,True
/data/shared/Qwen/mydisk/output/SYNTHETIC/NVILA-Lite-2B-SYNTHETIC_MIX_5PCT_2M-20260226_023301/checkpoint-12500,obj2_closer,output/phasevar_5/0001_phA08_phB03.png,Is the blue cube closer to the camera than the green sphere? Answer with yes or no.,Yes,Yes,25.375,20.59375,True
/data/shared/Qwen/mydisk/output/SYNTHETIC/NVILA-Lite-2B-SYNTHETIC_MIX_5PCT_2M-20260226_023301/checkpoint-12500,obj2_closer,output/phasevar_5/0001_phA08_phB04.png,Is the blue cube closer to the camera than the green sphere? Answer with yes or no.,Yes,Yes,25.96875,20.46875,True
/data/shared/Qwen/mydisk/output/SYNTHETIC/NVILA-Lite-2B-SYNTHETIC_MIX_5PCT_2M-20260226_023301/checkpoint-12500,obj2_closer,output/phasevar_5/0001_phA08_phB05.png,Is the blue cube closer to the camera than the green sphere? Answer with yes or no.,Yes,Yes,25.828125,20.140625,True
/data/shared/Qwen/mydisk/output/SYNTHETIC/NVILA-Lite-2B-SYNTHETIC_MIX_5PCT_2M-20260226_023301/checkpoint-12500,obj2_closer,output/phasevar_5/0001_phA08_phB06.png,Is the blue cube closer to the camera than the green sphere? Answer with yes or no.,Yes,Yes,23.328125,18.75,True
/data/shared/Qwen/mydisk/output/SYNTHETIC/NVILA-Lite-2B-SYNTHETIC_MIX_5PCT_2M-20260226_023301/checkpoint-12500,obj2_closer,output/phasevar_5/0001_phA08_phB07.png,Is the blue cube closer to the camera than the green sphere? Answer with yes or no.,Yes,Yes,22.546875,17.96875,True
/data/shared/Qwen/mydisk/output/SYNTHETIC/NVILA-Lite-2B-SYNTHETIC_MIX_5PCT_2M-20260226_023301/checkpoint-12500,obj2_closer,output/phasevar_5/0001_phA08_phB08.png,Is the blue cube closer to the camera than the green sphere? Answer with yes or no.,Yes,Yes,22.546875,18.203125,True
/data/shared/Qwen/mydisk/output/SYNTHETIC/NVILA-Lite-2B-SYNTHETIC_MIX_5PCT_2M-20260226_023301/checkpoint-12500,obj2_closer,output/phasevar_5/0001_phA08_phB09.png,Is the blue cube closer to the camera than the green sphere? Answer with yes or no.,Yes,Yes,23.03125,18.078125,True
/data/shared/Qwen/mydisk/output/SYNTHETIC/NVILA-Lite-2B-SYNTHETIC_MIX_5PCT_2M-20260226_023301/checkpoint-12500,obj2_closer,output/phasevar_5/0001_phA08_phB10.png,Is the blue cube closer to the camera than the green sphere? Answer with yes or no.,Yes,Yes,22.9375,18.265625,True
/data/shared/Qwen/mydisk/output/SYNTHETIC/NVILA-Lite-2B-SYNTHETIC_MIX_5PCT_2M-20260226_023301/checkpoint-12500,obj2_closer,output/phasevar_5/0001_phA08_phB11.png,Is the blue cube closer to the camera than the green sphere? Answer with yes or no.,Yes,Yes,23.40625,18.234375,True
/data/shared/Qwen/mydisk/output/SYNTHETIC/NVILA-Lite-2B-SYNTHETIC_MIX_5PCT_2M-20260226_023301/checkpoint-12500,obj2_closer,output/phasevar_5/0001_phA08_phB12.png,Is the blue cube closer to the camera than the green sphere? Answer with yes or no.,Yes,Yes,23.3125,18.546875,True
/data/shared/Qwen/mydisk/output/SYNTHETIC/NVILA-Lite-2B-SYNTHETIC_MIX_5PCT_2M-20260226_023301/checkpoint-12500,obj2_closer,output/phasevar_5/0001_phA08_phB13.png,Is the blue cube closer to the camera than the green sphere? Answer with yes or no.,Yes,Yes,23.09375,18.71875,True
/data/shared/Qwen/mydisk/output/SYNTHETIC/NVILA-Lite-2B-SYNTHETIC_MIX_5PCT_2M-20260226_023301/checkpoint-12500,obj2_closer,output/phasevar_5/0001_phA08_phB14.png,Is the blue cube closer to the camera than the green sphere? Answer with yes or no.,Yes,Yes,23.171875,18.859375,True
/data/shared/Qwen/mydisk/output/SYNTHETIC/NVILA-Lite-2B-SYNTHETIC_MIX_5PCT_2M-20260226_023301/checkpoint-12500,obj2_closer,output/phasevar_5/0001_phA08_phB15.png,Is the blue cube closer to the camera than the green sphere? Answer with yes or no.,Yes,Yes,22.265625,18.703125,True
/data/shared/Qwen/mydisk/output/SYNTHETIC/NVILA-Lite-2B-SYNTHETIC_MIX_5PCT_2M-20260226_023301/checkpoint-12500,obj2_closer,output/phasevar_5/0001_phA09_phB00.png,Is the blue cube closer to the camera than the green sphere? Answer with yes or no.,Yes,Yes,22.125,19.03125,True
/data/shared/Qwen/mydisk/output/SYNTHETIC/NVILA-Lite-2B-SYNTHETIC_MIX_5PCT_2M-20260226_023301/checkpoint-12500,obj2_closer,output/phasevar_5/0001_phA09_phB01.png,Is the blue cube closer to the camera than the green sphere? Answer with yes or no.,Yes,Yes,22.546875,19.171875,True
/data/shared/Qwen/mydisk/output/SYNTHETIC/NVILA-Lite-2B-SYNTHETIC_MIX_5PCT_2M-20260226_023301/checkpoint-12500,obj2_closer,output/phasevar_5/0001_phA09_phB02.png,Is the blue cube closer to the camera than the green sphere? Answer with yes or no.,Yes,Yes,23.765625,19.609375,True
/data/shared/Qwen/mydisk/output/SYNTHETIC/NVILA-Lite-2B-SYNTHETIC_MIX_5PCT_2M-20260226_023301/checkpoint-12500,obj2_closer,output/phasevar_5/0001_phA09_phB03.png,Is the blue cube closer to the camera than the green sphere? Answer with yes or no.,Yes,Yes,24.875,20.609375,True
/data/shared/Qwen/mydisk/output/SYNTHETIC/NVILA-Lite-2B-SYNTHETIC_MIX_5PCT_2M-20260226_023301/checkpoint-12500,obj2_closer,output/phasevar_5/0001_phA09_phB04.png,Is the blue cube closer to the camera than the green sphere? Answer with yes or no.,Yes,Yes,25.875,20.828125,True
/data/shared/Qwen/mydisk/output/SYNTHETIC/NVILA-Lite-2B-SYNTHETIC_MIX_5PCT_2M-20260226_023301/checkpoint-12500,obj2_closer,output/phasevar_5/0001_phA09_phB05.png,Is the blue cube closer to the camera than the green sphere? Answer with yes or no.,Yes,Yes,25.90625,20.703125,True
/data/shared/Qwen/mydisk/output/SYNTHETIC/NVILA-Lite-2B-SYNTHETIC_MIX_5PCT_2M-20260226_023301/checkpoint-12500,obj2_closer,output/phasevar_5/0001_phA09_phB06.png,Is the blue cube closer to the camera than the green sphere? Answer with yes or no.,Yes,Yes,23.484375,19.28125,True
/data/shared/Qwen/mydisk/output/SYNTHETIC/NVILA-Lite-2B-SYNTHETIC_MIX_5PCT_2M-20260226_023301/checkpoint-12500,obj2_closer,output/phasevar_5/0001_phA09_phB07.png,Is the blue cube closer to the camera than the green sphere? Answer with yes or no.,Yes,Yes,22.703125,18.5,True
/data/shared/Qwen/mydisk/output/SYNTHETIC/NVILA-Lite-2B-SYNTHETIC_MIX_5PCT_2M-20260226_023301/checkpoint-12500,obj2_closer,output/phasevar_5/0001_phA09_phB08.png,Is the blue cube closer to the camera than the green sphere? Answer with yes or no.,Yes,Yes,22.625,18.640625,True
/data/shared/Qwen/mydisk/output/SYNTHETIC/NVILA-Lite-2B-SYNTHETIC_MIX_5PCT_2M-20260226_023301/checkpoint-12500,obj2_closer,output/phasevar_5/0001_phA09_phB09.png,Is the blue cube closer to the camera than the green sphere? Answer with yes or no.,Yes,Yes,22.875,18.3125,True
/data/shared/Qwen/mydisk/output/SYNTHETIC/NVILA-Lite-2B-SYNTHETIC_MIX_5PCT_2M-20260226_023301/checkpoint-12500,obj2_closer,output/phasevar_5/0001_phA09_phB10.png,Is the blue cube closer to the camera than the green sphere? Answer with yes or no.,Yes,Yes,22.9375,18.53125,True
/data/shared/Qwen/mydisk/output/SYNTHETIC/NVILA-Lite-2B-SYNTHETIC_MIX_5PCT_2M-20260226_023301/checkpoint-12500,obj2_closer,output/phasevar_5/0001_phA09_phB11.png,Is the blue cube closer to the camera than the green sphere? Answer with yes or no.,Yes,Yes,23.40625,18.390625,True
/data/shared/Qwen/mydisk/output/SYNTHETIC/NVILA-Lite-2B-SYNTHETIC_MIX_5PCT_2M-20260226_023301/checkpoint-12500,obj2_closer,output/phasevar_5/0001_phA09_phB12.png,Is the blue cube closer to the camera than the green sphere? Answer with yes or no.,Yes,Yes,23.140625,18.609375,True
/data/shared/Qwen/mydisk/output/SYNTHETIC/NVILA-Lite-2B-SYNTHETIC_MIX_5PCT_2M-20260226_023301/checkpoint-12500,obj2_closer,output/phasevar_5/0001_phA09_phB13.png,Is the blue cube closer to the camera than the green sphere? Answer with yes or no.,Yes,Yes,22.921875,18.8125,True
/data/shared/Qwen/mydisk/output/SYNTHETIC/NVILA-Lite-2B-SYNTHETIC_MIX_5PCT_2M-20260226_023301/checkpoint-12500,obj2_closer,output/phasevar_5/0001_phA09_phB14.png,Is the blue cube closer to the camera than the green sphere? Answer with yes or no.,Yes,Yes,23.140625,19.03125,True
/data/shared/Qwen/mydisk/output/SYNTHETIC/NVILA-Lite-2B-SYNTHETIC_MIX_5PCT_2M-20260226_023301/checkpoint-12500,obj2_closer,output/phasevar_5/0001_phA09_phB15.png,Is the blue cube closer to the camera than the green sphere? Answer with yes or no.,Yes,Yes,22.21875,18.859375,True
/data/shared/Qwen/mydisk/output/SYNTHETIC/NVILA-Lite-2B-SYNTHETIC_MIX_5PCT_2M-20260226_023301/checkpoint-12500,obj2_closer,output/phasevar_5/0001_phA10_phB00.png,Is the blue cube closer to the camera than the green sphere? Answer with yes or no.,Yes,Yes,21.46875,18.984375,True
/data/shared/Qwen/mydisk/output/SYNTHETIC/NVILA-Lite-2B-SYNTHETIC_MIX_5PCT_2M-20260226_023301/checkpoint-12500,obj2_closer,output/phasevar_5/0001_phA10_phB01.png,Is the blue cube closer to the camera than the green sphere? Answer with yes or no.,Yes,Yes,21.875,19.078125,True
/data/shared/Qwen/mydisk/output/SYNTHETIC/NVILA-Lite-2B-SYNTHETIC_MIX_5PCT_2M-20260226_023301/checkpoint-12500,obj2_closer,output/phasevar_5/0001_phA10_phB02.png,Is the blue cube closer to the camera than the green sphere? Answer with yes or no.,Yes,Yes,23.109375,19.640625,True
/data/shared/Qwen/mydisk/output/SYNTHETIC/NVILA-Lite-2B-SYNTHETIC_MIX_5PCT_2M-20260226_023301/checkpoint-12500,obj2_closer,output/phasevar_5/0001_phA10_phB03.png,Is the blue cube closer to the camera than the green sphere? Answer with yes or no.,Yes,Yes,24.265625,20.53125,True
/data/shared/Qwen/mydisk/output/SYNTHETIC/NVILA-Lite-2B-SYNTHETIC_MIX_5PCT_2M-20260226_023301/checkpoint-12500,obj2_closer,output/phasevar_5/0001_phA10_phB04.png,Is the blue cube closer to the camera than the green sphere? Answer with yes or no.,Yes,Yes,24.90625,20.71875,True
/data/shared/Qwen/mydisk/output/SYNTHETIC/NVILA-Lite-2B-SYNTHETIC_MIX_5PCT_2M-20260226_023301/checkpoint-12500,obj2_closer,output/phasevar_5/0001_phA10_phB05.png,Is the blue cube closer to the camera than the green sphere? Answer with yes or no.,Yes,Yes,25.4375,20.921875,True
/data/shared/Qwen/mydisk/output/SYNTHETIC/NVILA-Lite-2B-SYNTHETIC_MIX_5PCT_2M-20260226_023301/checkpoint-12500,obj2_closer,output/phasevar_5/0001_phA10_phB06.png,Is the blue cube closer to the camera than the green sphere? Answer with yes or no.,Yes,Yes,23.390625,19.734375,True
/data/shared/Qwen/mydisk/output/SYNTHETIC/NVILA-Lite-2B-SYNTHETIC_MIX_5PCT_2M-20260226_023301/checkpoint-12500,obj2_closer,output/phasevar_5/0001_phA10_phB07.png,Is the blue cube closer to the camera than the green sphere? Answer with yes or no.,Yes,Yes,22.46875,18.90625,True
/data/shared/Qwen/mydisk/output/SYNTHETIC/NVILA-Lite-2B-SYNTHETIC_MIX_5PCT_2M-20260226_023301/checkpoint-12500,obj2_closer,output/phasevar_5/0001_phA10_phB08.png,Is the blue cube closer to the camera than the green sphere? Answer with yes or no.,Yes,Yes,22.28125,18.96875,True
/data/shared/Qwen/mydisk/output/SYNTHETIC/NVILA-Lite-2B-SYNTHETIC_MIX_5PCT_2M-20260226_023301/checkpoint-12500,obj2_closer,output/phasevar_5/0001_phA10_phB09.png,Is the blue cube closer to the camera than the green sphere? Answer with yes or no.,Yes,Yes,22.484375,18.890625,True
/data/shared/Qwen/mydisk/output/SYNTHETIC/NVILA-Lite-2B-SYNTHETIC_MIX_5PCT_2M-20260226_023301/checkpoint-12500,obj2_closer,output/phasevar_5/0001_phA10_phB10.png,Is the blue cube closer to the camera than the green sphere? Answer with yes or no.,Yes,Yes,22.359375,18.875,True
/data/shared/Qwen/mydisk/output/SYNTHETIC/NVILA-Lite-2B-SYNTHETIC_MIX_5PCT_2M-20260226_023301/checkpoint-12500,obj2_closer,output/phasevar_5/0001_phA10_phB11.png,Is the blue cube closer to the camera than the green sphere? Answer with yes or no.,Yes,Yes,22.5,18.53125,True
/data/shared/Qwen/mydisk/output/SYNTHETIC/NVILA-Lite-2B-SYNTHETIC_MIX_5PCT_2M-20260226_023301/checkpoint-12500,obj2_closer,output/phasevar_5/0001_phA10_phB12.png,Is the blue cube closer to the camera than the green sphere? Answer with yes or no.,Yes,Yes,22.765625,18.859375,True
/data/shared/Qwen/mydisk/output/SYNTHETIC/NVILA-Lite-2B-SYNTHETIC_MIX_5PCT_2M-20260226_023301/checkpoint-12500,obj2_closer,output/phasevar_5/0001_phA10_phB13.png,Is the blue cube closer to the camera than the green sphere? Answer with yes or no.,Yes,Yes,22.59375,19.140625,True
/data/shared/Qwen/mydisk/output/SYNTHETIC/NVILA-Lite-2B-SYNTHETIC_MIX_5PCT_2M-20260226_023301/checkpoint-12500,obj2_closer,output/phasevar_5/0001_phA10_phB14.png,Is the blue cube closer to the camera than the green sphere? Answer with yes or no.,Yes,Yes,22.765625,19.265625,True
/data/shared/Qwen/mydisk/output/SYNTHETIC/NVILA-Lite-2B-SYNTHETIC_MIX_5PCT_2M-20260226_023301/checkpoint-12500,obj2_closer,output/phasevar_5/0001_phA10_phB15.png,Is the blue cube closer to the camera than the green sphere? Answer with yes or no.,Yes,Yes,21.625,18.890625,True
/data/shared/Qwen/mydisk/output/SYNTHETIC/NVILA-Lite-2B-SYNTHETIC_MIX_5PCT_2M-20260226_023301/checkpoint-12500,obj2_closer,output/phasevar_5/0001_phA11_phB00.png,Is the blue cube closer to the camera than the green sphere? Answer with yes or no.,Yes,Yes,22.296875,19.21875,True
/data/shared/Qwen/mydisk/output/SYNTHETIC/NVILA-Lite-2B-SYNTHETIC_MIX_5PCT_2M-20260226_023301/checkpoint-12500,obj2_closer,output/phasevar_5/0001_phA11_phB01.png,Is the blue cube closer to the camera than the green sphere? Answer with yes or no.,Yes,Yes,22.640625,19.265625,True
/data/shared/Qwen/mydisk/output/SYNTHETIC/NVILA-Lite-2B-SYNTHETIC_MIX_5PCT_2M-20260226_023301/checkpoint-12500,obj2_closer,output/phasevar_5/0001_phA11_phB02.png,Is the blue cube closer to the camera than the green sphere? Answer with yes or no.,Yes,Yes,23.796875,19.78125,True
/data/shared/Qwen/mydisk/output/SYNTHETIC/NVILA-Lite-2B-SYNTHETIC_MIX_5PCT_2M-20260226_023301/checkpoint-12500,obj2_closer,output/phasevar_5/0001_phA11_phB03.png,Is the blue cube closer to the camera than the green sphere? Answer with yes or no.,Yes,Yes,25.34375,20.84375,True
/data/shared/Qwen/mydisk/output/SYNTHETIC/NVILA-Lite-2B-SYNTHETIC_MIX_5PCT_2M-20260226_023301/checkpoint-12500,obj2_closer,output/phasevar_5/0001_phA11_phB04.png,Is the blue cube closer to the camera than the green sphere? Answer with yes or no.,Yes,Yes,25.953125,20.96875,True
/data/shared/Qwen/mydisk/output/SYNTHETIC/NVILA-Lite-2B-SYNTHETIC_MIX_5PCT_2M-20260226_023301/checkpoint-12500,obj2_closer,output/phasevar_5/0001_phA11_phB05.png,Is the blue cube closer to the camera than the green sphere? Answer with yes or no.,Yes,Yes,26.125,20.90625,True
/data/shared/Qwen/mydisk/output/SYNTHETIC/NVILA-Lite-2B-SYNTHETIC_MIX_5PCT_2M-20260226_023301/checkpoint-12500,obj2_closer,output/phasevar_5/0001_phA11_phB06.png,Is the blue cube closer to the camera than the green sphere? Answer with yes or no.,Yes,Yes,23.78125,19.53125,True
/data/shared/Qwen/mydisk/output/SYNTHETIC/NVILA-Lite-2B-SYNTHETIC_MIX_5PCT_2M-20260226_023301/checkpoint-12500,obj2_closer,output/phasevar_5/0001_phA11_phB07.png,Is the blue cube closer to the camera than the green sphere? Answer with yes or no.,Yes,Yes,22.8125,18.609375,True
/data/shared/Qwen/mydisk/output/SYNTHETIC/NVILA-Lite-2B-SYNTHETIC_MIX_5PCT_2M-20260226_023301/checkpoint-12500,obj2_closer,output/phasevar_5/0001_phA11_phB08.png,Is the blue cube closer to the camera than the green sphere? Answer with yes or no.,Yes,Yes,22.71875,18.78125,True
/data/shared/Qwen/mydisk/output/SYNTHETIC/NVILA-Lite-2B-SYNTHETIC_MIX_5PCT_2M-20260226_023301/checkpoint-12500,obj2_closer,output/phasevar_5/0001_phA11_phB09.png,Is the blue cube closer to the camera than the green sphere? Answer with yes or no.,Yes,Yes,23.046875,18.71875,True
/data/shared/Qwen/mydisk/output/SYNTHETIC/NVILA-Lite-2B-SYNTHETIC_MIX_5PCT_2M-20260226_023301/checkpoint-12500,obj2_closer,output/phasevar_5/0001_phA11_phB10.png,Is the blue cube closer to the camera than the green sphere? Answer with yes or no.,Yes,Yes,22.640625,18.578125,True
/data/shared/Qwen/mydisk/output/SYNTHETIC/NVILA-Lite-2B-SYNTHETIC_MIX_5PCT_2M-20260226_023301/checkpoint-12500,obj2_closer,output/phasevar_5/0001_phA11_phB11.png,Is the blue cube closer to the camera than the green sphere? Answer with yes or no.,Yes,Yes,23.34375,18.53125,True
/data/shared/Qwen/mydisk/output/SYNTHETIC/NVILA-Lite-2B-SYNTHETIC_MIX_5PCT_2M-20260226_023301/checkpoint-12500,obj2_closer,output/phasevar_5/0001_phA11_phB12.png,Is the blue cube closer to the camera than the green sphere? Answer with yes or no.,Yes,Yes,23.3125,18.71875,True
/data/shared/Qwen/mydisk/output/SYNTHETIC/NVILA-Lite-2B-SYNTHETIC_MIX_5PCT_2M-20260226_023301/checkpoint-12500,obj2_closer,output/phasevar_5/0001_phA11_phB13.png,Is the blue cube closer to the camera than the green sphere? Answer with yes or no.,Yes,Yes,23.015625,18.953125,True
/data/shared/Qwen/mydisk/output/SYNTHETIC/NVILA-Lite-2B-SYNTHETIC_MIX_5PCT_2M-20260226_023301/checkpoint-12500,obj2_closer,output/phasevar_5/0001_phA11_phB14.png,Is the blue cube closer to the camera than the green sphere? Answer with yes or no.,Yes,Yes,23.046875,19.109375,True
/data/shared/Qwen/mydisk/output/SYNTHETIC/NVILA-Lite-2B-SYNTHETIC_MIX_5PCT_2M-20260226_023301/checkpoint-12500,obj2_closer,output/phasevar_5/0001_phA11_phB15.png,Is the blue cube closer to the camera than the green sphere? Answer with yes or no.,Yes,Yes,22.40625,19.046875,True
/data/shared/Qwen/mydisk/output/SYNTHETIC/NVILA-Lite-2B-SYNTHETIC_MIX_5PCT_2M-20260226_023301/checkpoint-12500,obj2_closer,output/phasevar_5/0001_phA12_phB00.png,Is the blue cube closer to the camera than the green sphere? Answer with yes or no.,Yes,Yes,22.046875,19.09375,True
/data/shared/Qwen/mydisk/output/SYNTHETIC/NVILA-Lite-2B-SYNTHETIC_MIX_5PCT_2M-20260226_023301/checkpoint-12500,obj2_closer,output/phasevar_5/0001_phA12_phB01.png,Is the blue cube closer to the camera than the green sphere? Answer with yes or no.,Yes,Yes,22.484375,19.171875,True
/data/shared/Qwen/mydisk/output/SYNTHETIC/NVILA-Lite-2B-SYNTHETIC_MIX_5PCT_2M-20260226_023301/checkpoint-12500,obj2_closer,output/phasevar_5/0001_phA12_phB02.png,Is the blue cube closer to the camera than the green sphere? Answer with yes or no.,Yes,Yes,23.4375,19.5625,True
/data/shared/Qwen/mydisk/output/SYNTHETIC/NVILA-Lite-2B-SYNTHETIC_MIX_5PCT_2M-20260226_023301/checkpoint-12500,obj2_closer,output/phasevar_5/0001_phA12_phB03.png,Is the blue cube closer to the camera than the green sphere? Answer with yes or no.,Yes,Yes,24.921875,20.578125,True
/data/shared/Qwen/mydisk/output/SYNTHETIC/NVILA-Lite-2B-SYNTHETIC_MIX_5PCT_2M-20260226_023301/checkpoint-12500,obj2_closer,output/phasevar_5/0001_phA12_phB04.png,Is the blue cube closer to the camera than the green sphere? Answer with yes or no.,Yes,Yes,25.4375,20.671875,True
/data/shared/Qwen/mydisk/output/SYNTHETIC/NVILA-Lite-2B-SYNTHETIC_MIX_5PCT_2M-20260226_023301/checkpoint-12500,obj2_closer,output/phasevar_5/0001_phA12_phB05.png,Is the blue cube closer to the camera than the green sphere? Answer with yes or no.,Yes,Yes,25.796875,20.6875,True
/data/shared/Qwen/mydisk/output/SYNTHETIC/NVILA-Lite-2B-SYNTHETIC_MIX_5PCT_2M-20260226_023301/checkpoint-12500,obj2_closer,output/phasevar_5/0001_phA12_phB06.png,Is the blue cube closer to the camera than the green sphere? Answer with yes or no.,Yes,Yes,23.765625,19.421875,True
/data/shared/Qwen/mydisk/output/SYNTHETIC/NVILA-Lite-2B-SYNTHETIC_MIX_5PCT_2M-20260226_023301/checkpoint-12500,obj2_closer,output/phasevar_5/0001_phA12_phB07.png,Is the blue cube closer to the camera than the green sphere? Answer with yes or no.,Yes,Yes,22.640625,18.4375,True
/data/shared/Qwen/mydisk/output/SYNTHETIC/NVILA-Lite-2B-SYNTHETIC_MIX_5PCT_2M-20260226_023301/checkpoint-12500,obj2_closer,output/phasevar_5/0001_phA12_phB08.png,Is the blue cube closer to the camera than the green sphere? Answer with yes or no.,Yes,Yes,22.640625,18.734375,True
/data/shared/Qwen/mydisk/output/SYNTHETIC/NVILA-Lite-2B-SYNTHETIC_MIX_5PCT_2M-20260226_023301/checkpoint-12500,obj2_closer,output/phasevar_5/0001_phA12_phB09.png,Is the blue cube closer to the camera than the green sphere? Answer with yes or no.,Yes,Yes,22.90625,18.640625,True
/data/shared/Qwen/mydisk/output/SYNTHETIC/NVILA-Lite-2B-SYNTHETIC_MIX_5PCT_2M-20260226_023301/checkpoint-12500,obj2_closer,output/phasevar_5/0001_phA12_phB10.png,Is the blue cube closer to the camera than the green sphere? Answer with yes or no.,Yes,Yes,22.4375,18.453125,True
/data/shared/Qwen/mydisk/output/SYNTHETIC/NVILA-Lite-2B-SYNTHETIC_MIX_5PCT_2M-20260226_023301/checkpoint-12500,obj2_closer,output/phasevar_5/0001_phA12_phB11.png,Is the blue cube closer to the camera than the green sphere? Answer with yes or no.,Yes,Yes,23.015625,18.46875,True
/data/shared/Qwen/mydisk/output/SYNTHETIC/NVILA-Lite-2B-SYNTHETIC_MIX_5PCT_2M-20260226_023301/checkpoint-12500,obj2_closer,output/phasevar_5/0001_phA12_phB12.png,Is the blue cube closer to the camera than the green sphere? Answer with yes or no.,Yes,Yes,22.875,18.53125,True
/data/shared/Qwen/mydisk/output/SYNTHETIC/NVILA-Lite-2B-SYNTHETIC_MIX_5PCT_2M-20260226_023301/checkpoint-12500,obj2_closer,output/phasevar_5/0001_phA12_phB13.png,Is the blue cube closer to the camera than the green sphere? Answer with yes or no.,Yes,Yes,22.640625,18.828125,True
/data/shared/Qwen/mydisk/output/SYNTHETIC/NVILA-Lite-2B-SYNTHETIC_MIX_5PCT_2M-20260226_023301/checkpoint-12500,obj2_closer,output/phasevar_5/0001_phA12_phB14.png,Is the blue cube closer to the camera than the green sphere? Answer with yes or no.,Yes,Yes,22.8125,19.046875,True
/data/shared/Qwen/mydisk/output/SYNTHETIC/NVILA-Lite-2B-SYNTHETIC_MIX_5PCT_2M-20260226_023301/checkpoint-12500,obj2_closer,output/phasevar_5/0001_phA12_phB15.png,Is the blue cube closer to the camera than the green sphere? Answer with yes or no.,Yes,Yes,22.125,18.90625,True
/data/shared/Qwen/mydisk/output/SYNTHETIC/NVILA-Lite-2B-SYNTHETIC_MIX_5PCT_2M-20260226_023301/checkpoint-12500,obj2_closer,output/phasevar_5/0001_phA13_phB00.png,Is the blue cube closer to the camera than the green sphere? Answer with yes or no.,Yes,Yes,22.40625,19.296875,True
/data/shared/Qwen/mydisk/output/SYNTHETIC/NVILA-Lite-2B-SYNTHETIC_MIX_5PCT_2M-20260226_023301/checkpoint-12500,obj2_closer,output/phasevar_5/0001_phA13_phB01.png,Is the blue cube closer to the camera than the green sphere? Answer with yes or no.,Yes,Yes,22.765625,19.3125,True
/data/shared/Qwen/mydisk/output/SYNTHETIC/NVILA-Lite-2B-SYNTHETIC_MIX_5PCT_2M-20260226_023301/checkpoint-12500,obj2_closer,output/phasevar_5/0001_phA13_phB02.png,Is the blue cube closer to the camera than the green sphere? Answer with yes or no.,Yes,Yes,23.71875,19.625,True
/data/shared/Qwen/mydisk/output/SYNTHETIC/NVILA-Lite-2B-SYNTHETIC_MIX_5PCT_2M-20260226_023301/checkpoint-12500,obj2_closer,output/phasevar_5/0001_phA13_phB03.png,Is the blue cube closer to the camera than the green sphere? Answer with yes or no.,Yes,Yes,25.421875,20.8125,True
/data/shared/Qwen/mydisk/output/SYNTHETIC/NVILA-Lite-2B-SYNTHETIC_MIX_5PCT_2M-20260226_023301/checkpoint-12500,obj2_closer,output/phasevar_5/0001_phA13_phB04.png,Is the blue cube closer to the camera than the green sphere? Answer with yes or no.,Yes,Yes,26.0,20.984375,True
/data/shared/Qwen/mydisk/output/SYNTHETIC/NVILA-Lite-2B-SYNTHETIC_MIX_5PCT_2M-20260226_023301/checkpoint-12500,obj2_closer,output/phasevar_5/0001_phA13_phB05.png,Is the blue cube closer to the camera than the green sphere? Answer with yes or no.,Yes,Yes,26.109375,20.828125,True
/data/shared/Qwen/mydisk/output/SYNTHETIC/NVILA-Lite-2B-SYNTHETIC_MIX_5PCT_2M-20260226_023301/checkpoint-12500,obj2_closer,output/phasevar_5/0001_phA13_phB06.png,Is the blue cube closer to the camera than the green sphere? Answer with yes or no.,Yes,Yes,24.25,19.515625,True
/data/shared/Qwen/mydisk/output/SYNTHETIC/NVILA-Lite-2B-SYNTHETIC_MIX_5PCT_2M-20260226_023301/checkpoint-12500,obj2_closer,output/phasevar_5/0001_phA13_phB07.png,Is the blue cube closer to the camera than the green sphere? Answer with yes or no.,Yes,Yes,23.0625,18.546875,True
/data/shared/Qwen/mydisk/output/SYNTHETIC/NVILA-Lite-2B-SYNTHETIC_MIX_5PCT_2M-20260226_023301/checkpoint-12500,obj2_closer,output/phasevar_5/0001_phA13_phB08.png,Is the blue cube closer to the camera than the green sphere? Answer with yes or no.,Yes,Yes,23.015625,18.84375,True
/data/shared/Qwen/mydisk/output/SYNTHETIC/NVILA-Lite-2B-SYNTHETIC_MIX_5PCT_2M-20260226_023301/checkpoint-12500,obj2_closer,output/phasevar_5/0001_phA13_phB09.png,Is the blue cube closer to the camera than the green sphere? Answer with yes or no.,Yes,Yes,23.390625,18.71875,True
/data/shared/Qwen/mydisk/output/SYNTHETIC/NVILA-Lite-2B-SYNTHETIC_MIX_5PCT_2M-20260226_023301/checkpoint-12500,obj2_closer,output/phasevar_5/0001_phA13_phB10.png,Is the blue cube closer to the camera than the green sphere? Answer with yes or no.,Yes,Yes,22.921875,18.546875,True
/data/shared/Qwen/mydisk/output/SYNTHETIC/NVILA-Lite-2B-SYNTHETIC_MIX_5PCT_2M-20260226_023301/checkpoint-12500,obj2_closer,output/phasevar_5/0001_phA13_phB11.png,Is the blue cube closer to the camera than the green sphere? Answer with yes or no.,Yes,Yes,23.46875,18.640625,True
/data/shared/Qwen/mydisk/output/SYNTHETIC/NVILA-Lite-2B-SYNTHETIC_MIX_5PCT_2M-20260226_023301/checkpoint-12500,obj2_closer,output/phasevar_5/0001_phA13_phB12.png,Is the blue cube closer to the camera than the green sphere? Answer with yes or no.,Yes,Yes,23.328125,18.59375,True
/data/shared/Qwen/mydisk/output/SYNTHETIC/NVILA-Lite-2B-SYNTHETIC_MIX_5PCT_2M-20260226_023301/checkpoint-12500,obj2_closer,output/phasevar_5/0001_phA13_phB13.png,Is the blue cube closer to the camera than the green sphere? Answer with yes or no.,Yes,Yes,23.015625,18.828125,True
/data/shared/Qwen/mydisk/output/SYNTHETIC/NVILA-Lite-2B-SYNTHETIC_MIX_5PCT_2M-20260226_023301/checkpoint-12500,obj2_closer,output/phasevar_5/0001_phA13_phB14.png,Is the blue cube closer to the camera than the green sphere? Answer with yes or no.,Yes,Yes,23.140625,19.015625,True
/data/shared/Qwen/mydisk/output/SYNTHETIC/NVILA-Lite-2B-SYNTHETIC_MIX_5PCT_2M-20260226_023301/checkpoint-12500,obj2_closer,output/phasevar_5/0001_phA13_phB15.png,Is the blue cube closer to the camera than the green sphere? Answer with yes or no.,Yes,Yes,22.34375,18.96875,True
/data/shared/Qwen/mydisk/output/SYNTHETIC/NVILA-Lite-2B-SYNTHETIC_MIX_5PCT_2M-20260226_023301/checkpoint-12500,obj2_closer,output/phasevar_5/0001_phA14_phB00.png,Is the blue cube closer to the camera than the green sphere? Answer with yes or no.,Yes,Yes,22.09375,19.21875,True
/data/shared/Qwen/mydisk/output/SYNTHETIC/NVILA-Lite-2B-SYNTHETIC_MIX_5PCT_2M-20260226_023301/checkpoint-12500,obj2_closer,output/phasevar_5/0001_phA14_phB01.png,Is the blue cube closer to the camera than the green sphere? Answer with yes or no.,Yes,Yes,22.671875,19.359375,True
/data/shared/Qwen/mydisk/output/SYNTHETIC/NVILA-Lite-2B-SYNTHETIC_MIX_5PCT_2M-20260226_023301/checkpoint-12500,obj2_closer,output/phasevar_5/0001_phA14_phB02.png,Is the blue cube closer to the camera than the green sphere? Answer with yes or no.,Yes,Yes,23.859375,19.75,True
/data/shared/Qwen/mydisk/output/SYNTHETIC/NVILA-Lite-2B-SYNTHETIC_MIX_5PCT_2M-20260226_023301/checkpoint-12500,obj2_closer,output/phasevar_5/0001_phA14_phB03.png,Is the blue cube closer to the camera than the green sphere? Answer with yes or no.,Yes,Yes,25.453125,20.9375,True
/data/shared/Qwen/mydisk/output/SYNTHETIC/NVILA-Lite-2B-SYNTHETIC_MIX_5PCT_2M-20260226_023301/checkpoint-12500,obj2_closer,output/phasevar_5/0001_phA14_phB04.png,Is the blue cube closer to the camera than the green sphere? Answer with yes or no.,Yes,Yes,25.984375,21.078125,True
/data/shared/Qwen/mydisk/output/SYNTHETIC/NVILA-Lite-2B-SYNTHETIC_MIX_5PCT_2M-20260226_023301/checkpoint-12500,obj2_closer,output/phasevar_5/0001_phA14_phB05.png,Is the blue cube closer to the camera than the green sphere? Answer with yes or no.,Yes,Yes,26.46875,21.046875,True
/data/shared/Qwen/mydisk/output/SYNTHETIC/NVILA-Lite-2B-SYNTHETIC_MIX_5PCT_2M-20260226_023301/checkpoint-12500,obj2_closer,output/phasevar_5/0001_phA14_phB06.png,Is the blue cube closer to the camera than the green sphere? Answer with yes or no.,Yes,Yes,24.859375,20.015625,True
/data/shared/Qwen/mydisk/output/SYNTHETIC/NVILA-Lite-2B-SYNTHETIC_MIX_5PCT_2M-20260226_023301/checkpoint-12500,obj2_closer,output/phasevar_5/0001_phA14_phB07.png,Is the blue cube closer to the camera than the green sphere? Answer with yes or no.,Yes,Yes,23.796875,19.09375,True
/data/shared/Qwen/mydisk/output/SYNTHETIC/NVILA-Lite-2B-SYNTHETIC_MIX_5PCT_2M-20260226_023301/checkpoint-12500,obj2_closer,output/phasevar_5/0001_phA14_phB08.png,Is the blue cube closer to the camera than the green sphere? Answer with yes or no.,Yes,Yes,23.71875,19.3125,True
/data/shared/Qwen/mydisk/output/SYNTHETIC/NVILA-Lite-2B-SYNTHETIC_MIX_5PCT_2M-20260226_023301/checkpoint-12500,obj2_closer,output/phasevar_5/0001_phA14_phB09.png,Is the blue cube closer to the camera than the green sphere? Answer with yes or no.,Yes,Yes,23.890625,19.03125,True
/data/shared/Qwen/mydisk/output/SYNTHETIC/NVILA-Lite-2B-SYNTHETIC_MIX_5PCT_2M-20260226_023301/checkpoint-12500,obj2_closer,output/phasevar_5/0001_phA14_phB10.png,Is the blue cube closer to the camera than the green sphere? Answer with yes or no.,Yes,Yes,23.59375,18.890625,True
/data/shared/Qwen/mydisk/output/SYNTHETIC/NVILA-Lite-2B-SYNTHETIC_MIX_5PCT_2M-20260226_023301/checkpoint-12500,obj2_closer,output/phasevar_5/0001_phA14_phB11.png,Is the blue cube closer to the camera than the green sphere? Answer with yes or no.,Yes,Yes,23.8125,18.9375,True
/data/shared/Qwen/mydisk/output/SYNTHETIC/NVILA-Lite-2B-SYNTHETIC_MIX_5PCT_2M-20260226_023301/checkpoint-12500,obj2_closer,output/phasevar_5/0001_phA14_phB12.png,Is the blue cube closer to the camera than the green sphere? Answer with yes or no.,Yes,Yes,23.5625,18.75,True
/data/shared/Qwen/mydisk/output/SYNTHETIC/NVILA-Lite-2B-SYNTHETIC_MIX_5PCT_2M-20260226_023301/checkpoint-12500,obj2_closer,output/phasevar_5/0001_phA14_phB13.png,Is the blue cube closer to the camera than the green sphere? Answer with yes or no.,Yes,Yes,23.0,18.859375,True
/data/shared/Qwen/mydisk/output/SYNTHETIC/NVILA-Lite-2B-SYNTHETIC_MIX_5PCT_2M-20260226_023301/checkpoint-12500,obj2_closer,output/phasevar_5/0001_phA14_phB14.png,Is the blue cube closer to the camera than the green sphere? Answer with yes or no.,Yes,Yes,23.171875,18.96875,True
/data/shared/Qwen/mydisk/output/SYNTHETIC/NVILA-Lite-2B-SYNTHETIC_MIX_5PCT_2M-20260226_023301/checkpoint-12500,obj2_closer,output/phasevar_5/0001_phA14_phB15.png,Is the blue cube closer to the camera than the green sphere? Answer with yes or no.,Yes,Yes,22.078125,18.828125,True
/data/shared/Qwen/mydisk/output/SYNTHETIC/NVILA-Lite-2B-SYNTHETIC_MIX_5PCT_2M-20260226_023301/checkpoint-12500,obj2_closer,output/phasevar_5/0001_phA15_phB00.png,Is the blue cube closer to the camera than the green sphere? Answer with yes or no.,Yes,Yes,22.296875,19.046875,True
/data/shared/Qwen/mydisk/output/SYNTHETIC/NVILA-Lite-2B-SYNTHETIC_MIX_5PCT_2M-20260226_023301/checkpoint-12500,obj2_closer,output/phasevar_5/0001_phA15_phB01.png,Is the blue cube closer to the camera than the green sphere? Answer with yes or no.,Yes,Yes,22.671875,19.09375,True
/data/shared/Qwen/mydisk/output/SYNTHETIC/NVILA-Lite-2B-SYNTHETIC_MIX_5PCT_2M-20260226_023301/checkpoint-12500,obj2_closer,output/phasevar_5/0001_phA15_phB02.png,Is the blue cube closer to the camera than the green sphere? Answer with yes or no.,Yes,Yes,23.65625,19.34375,True
/data/shared/Qwen/mydisk/output/SYNTHETIC/NVILA-Lite-2B-SYNTHETIC_MIX_5PCT_2M-20260226_023301/checkpoint-12500,obj2_closer,output/phasevar_5/0001_phA15_phB03.png,Is the blue cube closer to the camera than the green sphere? Answer with yes or no.,Yes,Yes,25.40625,20.625,True
/data/shared/Qwen/mydisk/output/SYNTHETIC/NVILA-Lite-2B-SYNTHETIC_MIX_5PCT_2M-20260226_023301/checkpoint-12500,obj2_closer,output/phasevar_5/0001_phA15_phB04.png,Is the blue cube closer to the camera than the green sphere? Answer with yes or no.,Yes,Yes,25.734375,20.5625,True
/data/shared/Qwen/mydisk/output/SYNTHETIC/NVILA-Lite-2B-SYNTHETIC_MIX_5PCT_2M-20260226_023301/checkpoint-12500,obj2_closer,output/phasevar_5/0001_phA15_phB05.png,Is the blue cube closer to the camera than the green sphere? Answer with yes or no.,Yes,Yes,25.921875,20.296875,True
/data/shared/Qwen/mydisk/output/SYNTHETIC/NVILA-Lite-2B-SYNTHETIC_MIX_5PCT_2M-20260226_023301/checkpoint-12500,obj2_closer,output/phasevar_5/0001_phA15_phB06.png,Is the blue cube closer to the camera than the green sphere? Answer with yes or no.,Yes,Yes,24.140625,19.15625,True
/data/shared/Qwen/mydisk/output/SYNTHETIC/NVILA-Lite-2B-SYNTHETIC_MIX_5PCT_2M-20260226_023301/checkpoint-12500,obj2_closer,output/phasevar_5/0001_phA15_phB07.png,Is the blue cube closer to the camera than the green sphere? Answer with yes or no.,Yes,Yes,23.03125,18.21875,True
/data/shared/Qwen/mydisk/output/SYNTHETIC/NVILA-Lite-2B-SYNTHETIC_MIX_5PCT_2M-20260226_023301/checkpoint-12500,obj2_closer,output/phasevar_5/0001_phA15_phB08.png,Is the blue cube closer to the camera than the green sphere? Answer with yes or no.,Yes,Yes,23.234375,18.671875,True
/data/shared/Qwen/mydisk/output/SYNTHETIC/NVILA-Lite-2B-SYNTHETIC_MIX_5PCT_2M-20260226_023301/checkpoint-12500,obj2_closer,output/phasevar_5/0001_phA15_phB09.png,Is the blue cube closer to the camera than the green sphere? Answer with yes or no.,Yes,Yes,23.484375,18.375,True
/data/shared/Qwen/mydisk/output/SYNTHETIC/NVILA-Lite-2B-SYNTHETIC_MIX_5PCT_2M-20260226_023301/checkpoint-12500,obj2_closer,output/phasevar_5/0001_phA15_phB10.png,Is the blue cube closer to the camera than the green sphere? Answer with yes or no.,Yes,Yes,23.28125,18.515625,True
/data/shared/Qwen/mydisk/output/SYNTHETIC/NVILA-Lite-2B-SYNTHETIC_MIX_5PCT_2M-20260226_023301/checkpoint-12500,obj2_closer,output/phasevar_5/0001_phA15_phB11.png,Is the blue cube closer to the camera than the green sphere? Answer with yes or no.,Yes,Yes,23.625,18.453125,True
/data/shared/Qwen/mydisk/output/SYNTHETIC/NVILA-Lite-2B-SYNTHETIC_MIX_5PCT_2M-20260226_023301/checkpoint-12500,obj2_closer,output/phasevar_5/0001_phA15_phB12.png,Is the blue cube closer to the camera than the green sphere? Answer with yes or no.,Yes,Yes,23.6875,18.515625,True
/data/shared/Qwen/mydisk/output/SYNTHETIC/NVILA-Lite-2B-SYNTHETIC_MIX_5PCT_2M-20260226_023301/checkpoint-12500,obj2_closer,output/phasevar_5/0001_phA15_phB13.png,Is the blue cube closer to the camera than the green sphere? Answer with yes or no.,Yes,Yes,23.40625,18.71875,True
/data/shared/Qwen/mydisk/output/SYNTHETIC/NVILA-Lite-2B-SYNTHETIC_MIX_5PCT_2M-20260226_023301/checkpoint-12500,obj2_closer,output/phasevar_5/0001_phA15_phB14.png,Is the blue cube closer to the camera than the green sphere? Answer with yes or no.,Yes,Yes,23.125,18.703125,True
/data/shared/Qwen/mydisk/output/SYNTHETIC/NVILA-Lite-2B-SYNTHETIC_MIX_5PCT_2M-20260226_023301/checkpoint-12500,obj2_closer,output/phasevar_5/0001_phA15_phB15.png,Is the blue cube closer to the camera than the green sphere? Answer with yes or no.,Yes,Yes,22.140625,18.59375,True
/data/shared/Qwen/mydisk/output/SYNTHETIC/NVILA-Lite-2B-SYNTHETIC_MIX_5PCT_2M-20260226_023301/checkpoint-12500,obj2_closer,output/phasevar_5/0002_phA00_phB00.png,Is the black sphere closer to the camera than the magenta sphere? Answer with yes or no.,Yes,Yes,22.921875,18.875,True
/data/shared/Qwen/mydisk/output/SYNTHETIC/NVILA-Lite-2B-SYNTHETIC_MIX_5PCT_2M-20260226_023301/checkpoint-12500,obj2_closer,output/phasevar_5/0002_phA00_phB01.png,Is the black sphere closer to the camera than the magenta sphere? Answer with yes or no.,Yes,Yes,23.65625,18.96875,True
/data/shared/Qwen/mydisk/output/SYNTHETIC/NVILA-Lite-2B-SYNTHETIC_MIX_5PCT_2M-20260226_023301/checkpoint-12500,obj2_closer,output/phasevar_5/0002_phA00_phB02.png,Is the black sphere closer to the camera than the magenta sphere? Answer with yes or no.,Yes,Yes,22.921875,19.234375,True
/data/shared/Qwen/mydisk/output/SYNTHETIC/NVILA-Lite-2B-SYNTHETIC_MIX_5PCT_2M-20260226_023301/checkpoint-12500,obj2_closer,output/phasevar_5/0002_phA00_phB03.png,Is the black sphere closer to the camera than the magenta sphere? Answer with yes or no.,Yes,Yes,24.953125,19.6875,True
/data/shared/Qwen/mydisk/output/SYNTHETIC/NVILA-Lite-2B-SYNTHETIC_MIX_5PCT_2M-20260226_023301/checkpoint-12500,obj2_closer,output/phasevar_5/0002_phA00_phB04.png,Is the black sphere closer to the camera than the magenta sphere? Answer with yes or no.,Yes,Yes,24.546875,19.171875,True
/data/shared/Qwen/mydisk/output/SYNTHETIC/NVILA-Lite-2B-SYNTHETIC_MIX_5PCT_2M-20260226_023301/checkpoint-12500,obj2_closer,output/phasevar_5/0002_phA00_phB05.png,Is the black sphere closer to the camera than the magenta sphere? Answer with yes or no.,Yes,Yes,24.53125,19.171875,True
/data/shared/Qwen/mydisk/output/SYNTHETIC/NVILA-Lite-2B-SYNTHETIC_MIX_5PCT_2M-20260226_023301/checkpoint-12500,obj2_closer,output/phasevar_5/0002_phA00_phB06.png,Is the black sphere closer to the camera than the magenta sphere? Answer with yes or no.,Yes,Yes,22.59375,18.203125,True
/data/shared/Qwen/mydisk/output/SYNTHETIC/NVILA-Lite-2B-SYNTHETIC_MIX_5PCT_2M-20260226_023301/checkpoint-12500,obj2_closer,output/phasevar_5/0002_phA00_phB07.png,Is the black sphere closer to the camera than the magenta sphere? Answer with yes or no.,Yes,Yes,22.671875,17.828125,True
/data/shared/Qwen/mydisk/output/SYNTHETIC/NVILA-Lite-2B-SYNTHETIC_MIX_5PCT_2M-20260226_023301/checkpoint-12500,obj2_closer,output/phasevar_5/0002_phA00_phB08.png,Is the black sphere closer to the camera than the magenta sphere? Answer with yes or no.,Yes,Yes,23.296875,18.203125,True
/data/shared/Qwen/mydisk/output/SYNTHETIC/NVILA-Lite-2B-SYNTHETIC_MIX_5PCT_2M-20260226_023301/checkpoint-12500,obj2_closer,output/phasevar_5/0002_phA00_phB09.png,Is the black sphere closer to the camera than the magenta sphere? Answer with yes or no.,Yes,Yes,23.03125,17.75,True
/data/shared/Qwen/mydisk/output/SYNTHETIC/NVILA-Lite-2B-SYNTHETIC_MIX_5PCT_2M-20260226_023301/checkpoint-12500,obj2_closer,output/phasevar_5/0002_phA00_phB10.png,Is the black sphere closer to the camera than the magenta sphere? Answer with yes or no.,Yes,Yes,21.796875,17.8125,True
/data/shared/Qwen/mydisk/output/SYNTHETIC/NVILA-Lite-2B-SYNTHETIC_MIX_5PCT_2M-20260226_023301/checkpoint-12500,obj2_closer,output/phasevar_5/0002_phA00_phB11.png,Is the black sphere closer to the camera than the magenta sphere? Answer with yes or no.,Yes,Yes,23.4375,18.265625,True
/data/shared/Qwen/mydisk/output/SYNTHETIC/NVILA-Lite-2B-SYNTHETIC_MIX_5PCT_2M-20260226_023301/checkpoint-12500,obj2_closer,output/phasevar_5/0002_phA00_phB12.png,Is the black sphere closer to the camera than the magenta sphere? Answer with yes or no.,Yes,Yes,23.421875,18.171875,True
/data/shared/Qwen/mydisk/output/SYNTHETIC/NVILA-Lite-2B-SYNTHETIC_MIX_5PCT_2M-20260226_023301/checkpoint-12500,obj2_closer,output/phasevar_5/0002_phA00_phB13.png,Is the black sphere closer to the camera than the magenta sphere? Answer with yes or no.,Yes,Yes,23.453125,18.46875,True
/data/shared/Qwen/mydisk/output/SYNTHETIC/NVILA-Lite-2B-SYNTHETIC_MIX_5PCT_2M-20260226_023301/checkpoint-12500,obj2_closer,output/phasevar_5/0002_phA00_phB14.png,Is the black sphere closer to the camera than the magenta sphere? Answer with yes or no.,Yes,Yes,22.625,17.921875,True
/data/shared/Qwen/mydisk/output/SYNTHETIC/NVILA-Lite-2B-SYNTHETIC_MIX_5PCT_2M-20260226_023301/checkpoint-12500,obj2_closer,output/phasevar_5/0002_phA00_phB15.png,Is the black sphere closer to the camera than the magenta sphere? Answer with yes or no.,Yes,Yes,22.65625,18.484375,True
/data/shared/Qwen/mydisk/output/SYNTHETIC/NVILA-Lite-2B-SYNTHETIC_MIX_5PCT_2M-20260226_023301/checkpoint-12500,obj2_closer,output/phasevar_5/0002_phA01_phB00.png,Is the black sphere closer to the camera than the magenta sphere? Answer with yes or no.,Yes,Yes,22.4375,18.640625,True
/data/shared/Qwen/mydisk/output/SYNTHETIC/NVILA-Lite-2B-SYNTHETIC_MIX_5PCT_2M-20260226_023301/checkpoint-12500,obj2_closer,output/phasevar_5/0002_phA01_phB01.png,Is the black sphere closer to the camera than the magenta sphere? Answer with yes or no.,Yes,Yes,23.359375,18.828125,True
/data/shared/Qwen/mydisk/output/SYNTHETIC/NVILA-Lite-2B-SYNTHETIC_MIX_5PCT_2M-20260226_023301/checkpoint-12500,obj2_closer,output/phasevar_5/0002_phA01_phB02.png,Is the black sphere closer to the camera than the magenta sphere? Answer with yes or no.,Yes,Yes,22.546875,19.09375,True
/data/shared/Qwen/mydisk/output/SYNTHETIC/NVILA-Lite-2B-SYNTHETIC_MIX_5PCT_2M-20260226_023301/checkpoint-12500,obj2_closer,output/phasevar_5/0002_phA01_phB03.png,Is the black sphere closer to the camera than the magenta sphere? Answer with yes or no.,Yes,Yes,23.9375,19.28125,True
/data/shared/Qwen/mydisk/output/SYNTHETIC/NVILA-Lite-2B-SYNTHETIC_MIX_5PCT_2M-20260226_023301/checkpoint-12500,obj2_closer,output/phasevar_5/0002_phA01_phB04.png,Is the black sphere closer to the camera than the magenta sphere? Answer with yes or no.,Yes,Yes,23.796875,19.0625,True
/data/shared/Qwen/mydisk/output/SYNTHETIC/NVILA-Lite-2B-SYNTHETIC_MIX_5PCT_2M-20260226_023301/checkpoint-12500,obj2_closer,output/phasevar_5/0002_phA01_phB05.png,Is the black sphere closer to the camera than the magenta sphere? Answer with yes or no.,Yes,Yes,23.890625,19.078125,True
/data/shared/Qwen/mydisk/output/SYNTHETIC/NVILA-Lite-2B-SYNTHETIC_MIX_5PCT_2M-20260226_023301/checkpoint-12500,obj2_closer,output/phasevar_5/0002_phA01_phB06.png,Is the black sphere closer to the camera than the magenta sphere? Answer with yes or no.,Yes,Yes,22.21875,18.140625,True
/data/shared/Qwen/mydisk/output/SYNTHETIC/NVILA-Lite-2B-SYNTHETIC_MIX_5PCT_2M-20260226_023301/checkpoint-12500,obj2_closer,output/phasevar_5/0002_phA01_phB07.png,Is the black sphere closer to the camera than the magenta sphere? Answer with yes or no.,Yes,Yes,22.265625,17.71875,True
/data/shared/Qwen/mydisk/output/SYNTHETIC/NVILA-Lite-2B-SYNTHETIC_MIX_5PCT_2M-20260226_023301/checkpoint-12500,obj2_closer,output/phasevar_5/0002_phA01_phB08.png,Is the black sphere closer to the camera than the magenta sphere? Answer with yes or no.,Yes,Yes,22.765625,18.0625,True
/data/shared/Qwen/mydisk/output/SYNTHETIC/NVILA-Lite-2B-SYNTHETIC_MIX_5PCT_2M-20260226_023301/checkpoint-12500,obj2_closer,output/phasevar_5/0002_phA01_phB09.png,Is the black sphere closer to the camera than the magenta sphere? Answer with yes or no.,Yes,Yes,22.578125,17.65625,True
/data/shared/Qwen/mydisk/output/SYNTHETIC/NVILA-Lite-2B-SYNTHETIC_MIX_5PCT_2M-20260226_023301/checkpoint-12500,obj2_closer,output/phasevar_5/0002_phA01_phB10.png,Is the black sphere closer to the camera than the magenta sphere? Answer with yes or no.,Yes,Yes,21.5625,17.859375,True
/data/shared/Qwen/mydisk/output/SYNTHETIC/NVILA-Lite-2B-SYNTHETIC_MIX_5PCT_2M-20260226_023301/checkpoint-12500,obj2_closer,output/phasevar_5/0002_phA01_phB11.png,Is the black sphere closer to the camera than the magenta sphere? Answer with yes or no.,Yes,Yes,23.078125,18.34375,True
/data/shared/Qwen/mydisk/output/SYNTHETIC/NVILA-Lite-2B-SYNTHETIC_MIX_5PCT_2M-20260226_023301/checkpoint-12500,obj2_closer,output/phasevar_5/0002_phA01_phB12.png,Is the black sphere closer to the camera than the magenta sphere? Answer with yes or no.,Yes,Yes,22.984375,18.1875,True
/data/shared/Qwen/mydisk/output/SYNTHETIC/NVILA-Lite-2B-SYNTHETIC_MIX_5PCT_2M-20260226_023301/checkpoint-12500,obj2_closer,output/phasevar_5/0002_phA01_phB13.png,Is the black sphere closer to the camera than the magenta sphere? Answer with yes or no.,Yes,Yes,22.96875,18.40625,True
/data/shared/Qwen/mydisk/output/SYNTHETIC/NVILA-Lite-2B-SYNTHETIC_MIX_5PCT_2M-20260226_023301/checkpoint-12500,obj2_closer,output/phasevar_5/0002_phA01_phB14.png,Is the black sphere closer to the camera than the magenta sphere? Answer with yes or no.,Yes,Yes,22.421875,18.03125,True
/data/shared/Qwen/mydisk/output/SYNTHETIC/NVILA-Lite-2B-SYNTHETIC_MIX_5PCT_2M-20260226_023301/checkpoint-12500,obj2_closer,output/phasevar_5/0002_phA01_phB15.png,Is the black sphere closer to the camera than the magenta sphere? Answer with yes or no.,Yes,Yes,22.3125,18.40625,True
/data/shared/Qwen/mydisk/output/SYNTHETIC/NVILA-Lite-2B-SYNTHETIC_MIX_5PCT_2M-20260226_023301/checkpoint-12500,obj2_closer,output/phasevar_5/0002_phA02_phB00.png,Is the black sphere closer to the camera than the magenta sphere? Answer with yes or no.,Yes,Yes,21.1875,18.328125,True
/data/shared/Qwen/mydisk/output/SYNTHETIC/NVILA-Lite-2B-SYNTHETIC_MIX_5PCT_2M-20260226_023301/checkpoint-12500,obj2_closer,output/phasevar_5/0002_phA02_phB01.png,Is the black sphere closer to the camera than the magenta sphere? Answer with yes or no.,Yes,Yes,22.34375,18.65625,True
/data/shared/Qwen/mydisk/output/SYNTHETIC/NVILA-Lite-2B-SYNTHETIC_MIX_5PCT_2M-20260226_023301/checkpoint-12500,obj2_closer,output/phasevar_5/0002_phA02_phB02.png,Is the black sphere closer to the camera than the magenta sphere? Answer with yes or no.,Yes,Yes,21.65625,18.84375,True
/data/shared/Qwen/mydisk/output/SYNTHETIC/NVILA-Lite-2B-SYNTHETIC_MIX_5PCT_2M-20260226_023301/checkpoint-12500,obj2_closer,output/phasevar_5/0002_phA02_phB03.png,Is the black sphere closer to the camera than the magenta sphere? Answer with yes or no.,Yes,Yes,22.765625,18.875,True
/data/shared/Qwen/mydisk/output/SYNTHETIC/NVILA-Lite-2B-SYNTHETIC_MIX_5PCT_2M-20260226_023301/checkpoint-12500,obj2_closer,output/phasevar_5/0002_phA02_phB04.png,Is the black sphere closer to the camera than the magenta sphere? Answer with yes or no.,Yes,Yes,22.734375,18.75,True
/data/shared/Qwen/mydisk/output/SYNTHETIC/NVILA-Lite-2B-SYNTHETIC_MIX_5PCT_2M-20260226_023301/checkpoint-12500,obj2_closer,output/phasevar_5/0002_phA02_phB05.png,Is the black sphere closer to the camera than the magenta sphere? Answer with yes or no.,Yes,Yes,23.015625,18.8125,True
/data/shared/Qwen/mydisk/output/SYNTHETIC/NVILA-Lite-2B-SYNTHETIC_MIX_5PCT_2M-20260226_023301/checkpoint-12500,obj2_closer,output/phasevar_5/0002_phA02_phB06.png,Is the black sphere closer to the camera than the magenta sphere? Answer with yes or no.,Yes,Yes,21.265625,17.890625,True
/data/shared/Qwen/mydisk/output/SYNTHETIC/NVILA-Lite-2B-SYNTHETIC_MIX_5PCT_2M-20260226_023301/checkpoint-12500,obj2_closer,output/phasevar_5/0002_phA02_phB07.png,Is the black sphere closer to the camera than the magenta sphere? Answer with yes or no.,Yes,Yes,21.265625,17.546875,True
/data/shared/Qwen/mydisk/output/SYNTHETIC/NVILA-Lite-2B-SYNTHETIC_MIX_5PCT_2M-20260226_023301/checkpoint-12500,obj2_closer,output/phasevar_5/0002_phA02_phB08.png,Is the black sphere closer to the camera than the magenta sphere? Answer with yes or no.,Yes,Yes,21.8125,18.125,True
/data/shared/Qwen/mydisk/output/SYNTHETIC/NVILA-Lite-2B-SYNTHETIC_MIX_5PCT_2M-20260226_023301/checkpoint-12500,obj2_closer,output/phasevar_5/0002_phA02_phB09.png,Is the black sphere closer to the camera than the magenta sphere? Answer with yes or no.,Yes,Yes,21.875,17.90625,True
/data/shared/Qwen/mydisk/output/SYNTHETIC/NVILA-Lite-2B-SYNTHETIC_MIX_5PCT_2M-20260226_023301/checkpoint-12500,obj2_closer,output/phasevar_5/0002_phA02_phB10.png,Is the black sphere closer to the camera than the magenta sphere? Answer with yes or no.,Yes,Yes,20.984375,18.203125,True
/data/shared/Qwen/mydisk/output/SYNTHETIC/NVILA-Lite-2B-SYNTHETIC_MIX_5PCT_2M-20260226_023301/checkpoint-12500,obj2_closer,output/phasevar_5/0002_phA02_phB11.png,Is the black sphere closer to the camera than the magenta sphere? Answer with yes or no.,Yes,Yes,22.328125,18.703125,True
/data/shared/Qwen/mydisk/output/SYNTHETIC/NVILA-Lite-2B-SYNTHETIC_MIX_5PCT_2M-20260226_023301/checkpoint-12500,obj2_closer,output/phasevar_5/0002_phA02_phB12.png,Is the black sphere closer to the camera than the magenta sphere? Answer with yes or no.,Yes,Yes,22.171875,18.609375,True
/data/shared/Qwen/mydisk/output/SYNTHETIC/NVILA-Lite-2B-SYNTHETIC_MIX_5PCT_2M-20260226_023301/checkpoint-12500,obj2_closer,output/phasevar_5/0002_phA02_phB13.png,Is the black sphere closer to the camera than the magenta sphere? Answer with yes or no.,Yes,Yes,22.125,18.890625,True
/data/shared/Qwen/mydisk/output/SYNTHETIC/NVILA-Lite-2B-SYNTHETIC_MIX_5PCT_2M-20260226_023301/checkpoint-12500,obj2_closer,output/phasevar_5/0002_phA02_phB14.png,Is the black sphere closer to the camera than the magenta sphere? Answer with yes or no.,Yes,Yes,21.9375,18.328125,True
/data/shared/Qwen/mydisk/output/SYNTHETIC/NVILA-Lite-2B-SYNTHETIC_MIX_5PCT_2M-20260226_023301/checkpoint-12500,obj2_closer,output/phasevar_5/0002_phA02_phB15.png,Is the black sphere closer to the camera than the magenta sphere? Answer with yes or no.,Yes,Yes,21.171875,18.328125,True
/data/shared/Qwen/mydisk/output/SYNTHETIC/NVILA-Lite-2B-SYNTHETIC_MIX_5PCT_2M-20260226_023301/checkpoint-12500,obj2_closer,output/phasevar_5/0002_phA03_phB00.png,Is the black sphere closer to the camera than the magenta sphere? Answer with yes or no.,Yes,Yes,21.1875,18.328125,True
/data/shared/Qwen/mydisk/output/SYNTHETIC/NVILA-Lite-2B-SYNTHETIC_MIX_5PCT_2M-20260226_023301/checkpoint-12500,obj2_closer,output/phasevar_5/0002_phA03_phB01.png,Is the black sphere closer to the camera than the magenta sphere? Answer with yes or no.,Yes,Yes,22.40625,18.71875,True
/data/shared/Qwen/mydisk/output/SYNTHETIC/NVILA-Lite-2B-SYNTHETIC_MIX_5PCT_2M-20260226_023301/checkpoint-12500,obj2_closer,output/phasevar_5/0002_phA03_phB02.png,Is the black sphere closer to the camera than the magenta sphere? Answer with yes or no.,Yes,Yes,21.859375,18.890625,True
/data/shared/Qwen/mydisk/output/SYNTHETIC/NVILA-Lite-2B-SYNTHETIC_MIX_5PCT_2M-20260226_023301/checkpoint-12500,obj2_closer,output/phasevar_5/0002_phA03_phB03.png,Is the black sphere closer to the camera than the magenta sphere? Answer with yes or no.,Yes,Yes,23.46875,19.140625,True
/data/shared/Qwen/mydisk/output/SYNTHETIC/NVILA-Lite-2B-SYNTHETIC_MIX_5PCT_2M-20260226_023301/checkpoint-12500,obj2_closer,output/phasevar_5/0002_phA03_phB04.png,Is the black sphere closer to the camera than the magenta sphere? Answer with yes or no.,Yes,Yes,23.109375,18.765625,True
/data/shared/Qwen/mydisk/output/SYNTHETIC/NVILA-Lite-2B-SYNTHETIC_MIX_5PCT_2M-20260226_023301/checkpoint-12500,obj2_closer,output/phasevar_5/0002_phA03_phB05.png,Is the black sphere closer to the camera than the magenta sphere? Answer with yes or no.,Yes,Yes,23.34375,18.71875,True
/data/shared/Qwen/mydisk/output/SYNTHETIC/NVILA-Lite-2B-SYNTHETIC_MIX_5PCT_2M-20260226_023301/checkpoint-12500,obj2_closer,output/phasevar_5/0002_phA03_phB06.png,Is the black sphere closer to the camera than the magenta sphere? Answer with yes or no.,Yes,Yes,21.53125,17.890625,True
/data/shared/Qwen/mydisk/output/SYNTHETIC/NVILA-Lite-2B-SYNTHETIC_MIX_5PCT_2M-20260226_023301/checkpoint-12500,obj2_closer,output/phasevar_5/0002_phA03_phB07.png,Is the black sphere closer to the camera than the magenta sphere? Answer with yes or no.,Yes,Yes,20.9375,17.203125,True
/data/shared/Qwen/mydisk/output/SYNTHETIC/NVILA-Lite-2B-SYNTHETIC_MIX_5PCT_2M-20260226_023301/checkpoint-12500,obj2_closer,output/phasevar_5/0002_phA03_phB08.png,Is the black sphere closer to the camera than the magenta sphere? Answer with yes or no.,Yes,Yes,21.484375,17.734375,True
/data/shared/Qwen/mydisk/output/SYNTHETIC/NVILA-Lite-2B-SYNTHETIC_MIX_5PCT_2M-20260226_023301/checkpoint-12500,obj2_closer,output/phasevar_5/0002_phA03_phB09.png,Is the black sphere closer to the camera than the magenta sphere? Answer with yes or no.,Yes,Yes,21.4375,17.375,True
/data/shared/Qwen/mydisk/output/SYNTHETIC/NVILA-Lite-2B-SYNTHETIC_MIX_5PCT_2M-20260226_023301/checkpoint-12500,obj2_closer,output/phasevar_5/0002_phA03_phB10.png,Is the black sphere closer to the camera than the magenta sphere? Answer with yes or no.,Yes,Yes,20.640625,17.859375,True
/data/shared/Qwen/mydisk/output/SYNTHETIC/NVILA-Lite-2B-SYNTHETIC_MIX_5PCT_2M-20260226_023301/checkpoint-12500,obj2_closer,output/phasevar_5/0002_phA03_phB11.png,Is the black sphere closer to the camera than the magenta sphere? Answer with yes or no.,Yes,Yes,22.296875,18.390625,True
/data/shared/Qwen/mydisk/output/SYNTHETIC/NVILA-Lite-2B-SYNTHETIC_MIX_5PCT_2M-20260226_023301/checkpoint-12500,obj2_closer,output/phasevar_5/0002_phA03_phB12.png,Is the black sphere closer to the camera than the magenta sphere? Answer with yes or no.,Yes,Yes,22.28125,18.328125,True
/data/shared/Qwen/mydisk/output/SYNTHETIC/NVILA-Lite-2B-SYNTHETIC_MIX_5PCT_2M-20260226_023301/checkpoint-12500,obj2_closer,output/phasevar_5/0002_phA03_phB13.png,Is the black sphere closer to the camera than the magenta sphere? Answer with yes or no.,Yes,Yes,22.53125,18.78125,True
/data/shared/Qwen/mydisk/output/SYNTHETIC/NVILA-Lite-2B-SYNTHETIC_MIX_5PCT_2M-20260226_023301/checkpoint-12500,obj2_closer,output/phasevar_5/0002_phA03_phB14.png,Is the black sphere closer to the camera than the magenta sphere? Answer with yes or no.,Yes,Yes,22.046875,18.4375,True
/data/shared/Qwen/mydisk/output/SYNTHETIC/NVILA-Lite-2B-SYNTHETIC_MIX_5PCT_2M-20260226_023301/checkpoint-12500,obj2_closer,output/phasevar_5/0002_phA03_phB15.png,Is the black sphere closer to the camera than the magenta sphere? Answer with yes or no.,Yes,Yes,21.265625,18.328125,True
/data/shared/Qwen/mydisk/output/SYNTHETIC/NVILA-Lite-2B-SYNTHETIC_MIX_5PCT_2M-20260226_023301/checkpoint-12500,obj2_closer,output/phasevar_5/0002_phA04_phB00.png,Is the black sphere closer to the camera than the magenta sphere? Answer with yes or no.,Yes,Yes,21.234375,18.3125,True
/data/shared/Qwen/mydisk/output/SYNTHETIC/NVILA-Lite-2B-SYNTHETIC_MIX_5PCT_2M-20260226_023301/checkpoint-12500,obj2_closer,output/phasevar_5/0002_phA04_phB01.png,Is the black sphere closer to the camera than the magenta sphere? Answer with yes or no.,Yes,Yes,22.6875,18.8125,True
/data/shared/Qwen/mydisk/output/SYNTHETIC/NVILA-Lite-2B-SYNTHETIC_MIX_5PCT_2M-20260226_023301/checkpoint-12500,obj2_closer,output/phasevar_5/0002_phA04_phB02.png,Is the black sphere closer to the camera than the magenta sphere? Answer with yes or no.,Yes,Yes,22.234375,19.015625,True
/data/shared/Qwen/mydisk/output/SYNTHETIC/NVILA-Lite-2B-SYNTHETIC_MIX_5PCT_2M-20260226_023301/checkpoint-12500,obj2_closer,output/phasevar_5/0002_phA04_phB03.png,Is the black sphere closer to the camera than the magenta sphere? Answer with yes or no.,Yes,Yes,24.03125,19.359375,True
/data/shared/Qwen/mydisk/output/SYNTHETIC/NVILA-Lite-2B-SYNTHETIC_MIX_5PCT_2M-20260226_023301/checkpoint-12500,obj2_closer,output/phasevar_5/0002_phA04_phB04.png,Is the black sphere closer to the camera than the magenta sphere? Answer with yes or no.,Yes,Yes,23.4375,18.671875,True
/data/shared/Qwen/mydisk/output/SYNTHETIC/NVILA-Lite-2B-SYNTHETIC_MIX_5PCT_2M-20260226_023301/checkpoint-12500,obj2_closer,output/phasevar_5/0002_phA04_phB05.png,Is the black sphere closer to the camera than the magenta sphere? Answer with yes or no.,Yes,Yes,23.234375,18.546875,True
/data/shared/Qwen/mydisk/output/SYNTHETIC/NVILA-Lite-2B-SYNTHETIC_MIX_5PCT_2M-20260226_023301/checkpoint-12500,obj2_closer,output/phasevar_5/0002_phA04_phB06.png,Is the black sphere closer to the camera than the magenta sphere? Answer with yes or no.,Yes,Yes,21.515625,17.765625,True
/data/shared/Qwen/mydisk/output/SYNTHETIC/NVILA-Lite-2B-SYNTHETIC_MIX_5PCT_2M-20260226_023301/checkpoint-12500,obj2_closer,output/phasevar_5/0002_phA04_phB07.png,Is the black sphere closer to the camera than the magenta sphere? Answer with yes or no.,Yes,Yes,20.796875,17.015625,True
/data/shared/Qwen/mydisk/output/SYNTHETIC/NVILA-Lite-2B-SYNTHETIC_MIX_5PCT_2M-20260226_023301/checkpoint-12500,obj2_closer,output/phasevar_5/0002_phA04_phB08.png,Is the black sphere closer to the camera than the magenta sphere? Answer with yes or no.,Yes,Yes,21.359375,17.546875,True
/data/shared/Qwen/mydisk/output/SYNTHETIC/NVILA-Lite-2B-SYNTHETIC_MIX_5PCT_2M-20260226_023301/checkpoint-12500,obj2_closer,output/phasevar_5/0002_phA04_phB09.png,Is the black sphere closer to the camera than the magenta sphere? Answer with yes or no.,Yes,Yes,21.34375,17.15625,True
/data/shared/Qwen/mydisk/output/SYNTHETIC/NVILA-Lite-2B-SYNTHETIC_MIX_5PCT_2M-20260226_023301/checkpoint-12500,obj2_closer,output/phasevar_5/0002_phA04_phB10.png,Is the black sphere closer to the camera than the magenta sphere? Answer with yes or no.,Yes,Yes,20.609375,17.71875,True
/data/shared/Qwen/mydisk/output/SYNTHETIC/NVILA-Lite-2B-SYNTHETIC_MIX_5PCT_2M-20260226_023301/checkpoint-12500,obj2_closer,output/phasevar_5/0002_phA04_phB11.png,Is the black sphere closer to the camera than the magenta sphere? Answer with yes or no.,Yes,Yes,22.421875,18.1875,True
/data/shared/Qwen/mydisk/output/SYNTHETIC/NVILA-Lite-2B-SYNTHETIC_MIX_5PCT_2M-20260226_023301/checkpoint-12500,obj2_closer,output/phasevar_5/0002_phA04_phB12.png,Is the black sphere closer to the camera than the magenta sphere? Answer with yes or no.,Yes,Yes,22.5625,18.328125,True
/data/shared/Qwen/mydisk/output/SYNTHETIC/NVILA-Lite-2B-SYNTHETIC_MIX_5PCT_2M-20260226_023301/checkpoint-12500,obj2_closer,output/phasevar_5/0002_phA04_phB13.png,Is the black sphere closer to the camera than the magenta sphere? Answer with yes or no.,Yes,Yes,22.984375,18.953125,True
/data/shared/Qwen/mydisk/output/SYNTHETIC/NVILA-Lite-2B-SYNTHETIC_MIX_5PCT_2M-20260226_023301/checkpoint-12500,obj2_closer,output/phasevar_5/0002_phA04_phB14.png,Is the black sphere closer to the camera than the magenta sphere? Answer with yes or no.,Yes,Yes,22.234375,18.484375,True
/data/shared/Qwen/mydisk/output/SYNTHETIC/NVILA-Lite-2B-SYNTHETIC_MIX_5PCT_2M-20260226_023301/checkpoint-12500,obj2_closer,output/phasevar_5/0002_phA04_phB15.png,Is the black sphere closer to the camera than the magenta sphere? Answer with yes or no.,Yes,Yes,21.5,18.4375,True
/data/shared/Qwen/mydisk/output/SYNTHETIC/NVILA-Lite-2B-SYNTHETIC_MIX_5PCT_2M-20260226_023301/checkpoint-12500,obj2_closer,output/phasevar_5/0002_phA05_phB00.png,Is the black sphere closer to the camera than the magenta sphere? Answer with yes or no.,Yes,Yes,21.53125,18.328125,True
/data/shared/Qwen/mydisk/output/SYNTHETIC/NVILA-Lite-2B-SYNTHETIC_MIX_5PCT_2M-20260226_023301/checkpoint-12500,obj2_closer,output/phasevar_5/0002_phA05_phB01.png,Is the black sphere closer to the camera than the magenta sphere? Answer with yes or no.,Yes,Yes,22.921875,18.796875,True
/data/shared/Qwen/mydisk/output/SYNTHETIC/NVILA-Lite-2B-SYNTHETIC_MIX_5PCT_2M-20260226_023301/checkpoint-12500,obj2_closer,output/phasevar_5/0002_phA05_phB02.png,Is the black sphere closer to the camera than the magenta sphere? Answer with yes or no.,Yes,Yes,22.421875,18.984375,True
/data/shared/Qwen/mydisk/output/SYNTHETIC/NVILA-Lite-2B-SYNTHETIC_MIX_5PCT_2M-20260226_023301/checkpoint-12500,obj2_closer,output/phasevar_5/0002_phA05_phB03.png,Is the black sphere closer to the camera than the magenta sphere? Answer with yes or no.,Yes,Yes,24.140625,19.296875,True
/data/shared/Qwen/mydisk/output/SYNTHETIC/NVILA-Lite-2B-SYNTHETIC_MIX_5PCT_2M-20260226_023301/checkpoint-12500,obj2_closer,output/phasevar_5/0002_phA05_phB04.png,Is the black sphere closer to the camera than the magenta sphere? Answer with yes or no.,Yes,Yes,23.734375,18.640625,True
/data/shared/Qwen/mydisk/output/SYNTHETIC/NVILA-Lite-2B-SYNTHETIC_MIX_5PCT_2M-20260226_023301/checkpoint-12500,obj2_closer,output/phasevar_5/0002_phA05_phB05.png,Is the black sphere closer to the camera than the magenta sphere? Answer with yes or no.,Yes,Yes,23.0625,18.21875,True
/data/shared/Qwen/mydisk/output/SYNTHETIC/NVILA-Lite-2B-SYNTHETIC_MIX_5PCT_2M-20260226_023301/checkpoint-12500,obj2_closer,output/phasevar_5/0002_phA05_phB06.png,Is the black sphere closer to the camera than the magenta sphere? Answer with yes or no.,Yes,Yes,21.234375,17.40625,True
/data/shared/Qwen/mydisk/output/SYNTHETIC/NVILA-Lite-2B-SYNTHETIC_MIX_5PCT_2M-20260226_023301/checkpoint-12500,obj2_closer,output/phasevar_5/0002_phA05_phB07.png,Is the black sphere closer to the camera than the magenta sphere? Answer with yes or no.,Yes,Yes,20.640625,16.78125,True
/data/shared/Qwen/mydisk/output/SYNTHETIC/NVILA-Lite-2B-SYNTHETIC_MIX_5PCT_2M-20260226_023301/checkpoint-12500,obj2_closer,output/phasevar_5/0002_phA05_phB08.png,Is the black sphere closer to the camera than the magenta sphere? Answer with yes or no.,Yes,Yes,21.21875,17.3125,True
/data/shared/Qwen/mydisk/output/SYNTHETIC/NVILA-Lite-2B-SYNTHETIC_MIX_5PCT_2M-20260226_023301/checkpoint-12500,obj2_closer,output/phasevar_5/0002_phA05_phB09.png,Is the black sphere closer to the camera than the magenta sphere? Answer with yes or no.,Yes,Yes,21.34375,16.984375,True
/data/shared/Qwen/mydisk/output/SYNTHETIC/NVILA-Lite-2B-SYNTHETIC_MIX_5PCT_2M-20260226_023301/checkpoint-12500,obj2_closer,output/phasevar_5/0002_phA05_phB10.png,Is the black sphere closer to the camera than the magenta sphere? Answer with yes or no.,Yes,Yes,20.6875,17.5625,True
/data/shared/Qwen/mydisk/output/SYNTHETIC/NVILA-Lite-2B-SYNTHETIC_MIX_5PCT_2M-20260226_023301/checkpoint-12500,obj2_closer,output/phasevar_5/0002_phA05_phB11.png,Is the black sphere closer to the camera than the magenta sphere? Answer with yes or no.,Yes,Yes,22.515625,17.984375,True
/data/shared/Qwen/mydisk/output/SYNTHETIC/NVILA-Lite-2B-SYNTHETIC_MIX_5PCT_2M-20260226_023301/checkpoint-12500,obj2_closer,output/phasevar_5/0002_phA05_phB12.png,Is the black sphere closer to the camera than the magenta sphere? Answer with yes or no.,Yes,Yes,22.75,18.28125,True
/data/shared/Qwen/mydisk/output/SYNTHETIC/NVILA-Lite-2B-SYNTHETIC_MIX_5PCT_2M-20260226_023301/checkpoint-12500,obj2_closer,output/phasevar_5/0002_phA05_phB13.png,Is the black sphere closer to the camera than the magenta sphere? Answer with yes or no.,Yes,Yes,23.203125,18.921875,True
/data/shared/Qwen/mydisk/output/SYNTHETIC/NVILA-Lite-2B-SYNTHETIC_MIX_5PCT_2M-20260226_023301/checkpoint-12500,obj2_closer,output/phasevar_5/0002_phA05_phB14.png,Is the black sphere closer to the camera than the magenta sphere? Answer with yes or no.,Yes,Yes,22.4375,18.421875,True
/data/shared/Qwen/mydisk/output/SYNTHETIC/NVILA-Lite-2B-SYNTHETIC_MIX_5PCT_2M-20260226_023301/checkpoint-12500,obj2_closer,output/phasevar_5/0002_phA05_phB15.png,Is the black sphere closer to the camera than the magenta sphere? Answer with yes or no.,Yes,Yes,21.84375,18.484375,True
/data/shared/Qwen/mydisk/output/SYNTHETIC/NVILA-Lite-2B-SYNTHETIC_MIX_5PCT_2M-20260226_023301/checkpoint-12500,obj2_closer,output/phasevar_5/0002_phA06_phB00.png,Is the black sphere closer to the camera than the magenta sphere? Answer with yes or no.,Yes,Yes,21.21875,18.40625,True
/data/shared/Qwen/mydisk/output/SYNTHETIC/NVILA-Lite-2B-SYNTHETIC_MIX_5PCT_2M-20260226_023301/checkpoint-12500,obj2_closer,output/phasevar_5/0002_phA06_phB01.png,Is the black sphere closer to the camera than the magenta sphere? Answer with yes or no.,Yes,Yes,22.546875,18.84375,True
/data/shared/Qwen/mydisk/output/SYNTHETIC/NVILA-Lite-2B-SYNTHETIC_MIX_5PCT_2M-20260226_023301/checkpoint-12500,obj2_closer,output/phasevar_5/0002_phA06_phB02.png,Is the black sphere closer to the camera than the magenta sphere? Answer with yes or no.,Yes,Yes,22.171875,19.0625,True
/data/shared/Qwen/mydisk/output/SYNTHETIC/NVILA-Lite-2B-SYNTHETIC_MIX_5PCT_2M-20260226_023301/checkpoint-12500,obj2_closer,output/phasevar_5/0002_phA06_phB03.png,Is the black sphere closer to the camera than the magenta sphere? Answer with yes or no.,Yes,Yes,23.578125,19.390625,True
/data/shared/Qwen/mydisk/output/SYNTHETIC/NVILA-Lite-2B-SYNTHETIC_MIX_5PCT_2M-20260226_023301/checkpoint-12500,obj2_closer,output/phasevar_5/0002_phA06_phB04.png,Is the black sphere closer to the camera than the magenta sphere? Answer with yes or no.,Yes,Yes,23.71875,19.171875,True
/data/shared/Qwen/mydisk/output/SYNTHETIC/NVILA-Lite-2B-SYNTHETIC_MIX_5PCT_2M-20260226_023301/checkpoint-12500,obj2_closer,output/phasevar_5/0002_phA06_phB05.png,Is the black sphere closer to the camera than the magenta sphere? Answer with yes or no.,Yes,Yes,23.125,18.734375,True
/data/shared/Qwen/mydisk/output/SYNTHETIC/NVILA-Lite-2B-SYNTHETIC_MIX_5PCT_2M-20260226_023301/checkpoint-12500,obj2_closer,output/phasevar_5/0002_phA06_phB06.png,Is the black sphere closer to the camera than the magenta sphere? Answer with yes or no.,Yes,Yes,21.3125,17.890625,True
/data/shared/Qwen/mydisk/output/SYNTHETIC/NVILA-Lite-2B-SYNTHETIC_MIX_5PCT_2M-20260226_023301/checkpoint-12500,obj2_closer,output/phasevar_5/0002_phA06_phB07.png,Is the black sphere closer to the camera than the magenta sphere? Answer with yes or no.,Yes,Yes,20.75,17.1875,True
/data/shared/Qwen/mydisk/output/SYNTHETIC/NVILA-Lite-2B-SYNTHETIC_MIX_5PCT_2M-20260226_023301/checkpoint-12500,obj2_closer,output/phasevar_5/0002_phA06_phB08.png,Is the black sphere closer to the camera than the magenta sphere? Answer with yes or no.,Yes,Yes,20.96875,17.5625,True
/data/shared/Qwen/mydisk/output/SYNTHETIC/NVILA-Lite-2B-SYNTHETIC_MIX_5PCT_2M-20260226_023301/checkpoint-12500,obj2_closer,output/phasevar_5/0002_phA06_phB09.png,Is the black sphere closer to the camera than the magenta sphere? Answer with yes or no.,Yes,Yes,21.140625,17.296875,True
/data/shared/Qwen/mydisk/output/SYNTHETIC/NVILA-Lite-2B-SYNTHETIC_MIX_5PCT_2M-20260226_023301/checkpoint-12500,obj2_closer,output/phasevar_5/0002_phA06_phB10.png,Is the black sphere closer to the camera than the magenta sphere? Answer with yes or no.,Yes,Yes,20.609375,17.875,True
/data/shared/Qwen/mydisk/output/SYNTHETIC/NVILA-Lite-2B-SYNTHETIC_MIX_5PCT_2M-20260226_023301/checkpoint-12500,obj2_closer,output/phasevar_5/0002_phA06_phB11.png,Is the black sphere closer to the camera than the magenta sphere? Answer with yes or no.,Yes,Yes,22.140625,18.265625,True
/data/shared/Qwen/mydisk/output/SYNTHETIC/NVILA-Lite-2B-SYNTHETIC_MIX_5PCT_2M-20260226_023301/checkpoint-12500,obj2_closer,output/phasevar_5/0002_phA06_phB12.png,Is the black sphere closer to the camera than the magenta sphere? Answer with yes or no.,Yes,Yes,22.5,18.59375,True
/data/shared/Qwen/mydisk/output/SYNTHETIC/NVILA-Lite-2B-SYNTHETIC_MIX_5PCT_2M-20260226_023301/checkpoint-12500,obj2_closer,output/phasevar_5/0002_phA06_phB13.png,Is the black sphere closer to the camera than the magenta sphere? Answer with yes or no.,Yes,Yes,22.78125,19.078125,True
/data/shared/Qwen/mydisk/output/SYNTHETIC/NVILA-Lite-2B-SYNTHETIC_MIX_5PCT_2M-20260226_023301/checkpoint-12500,obj2_closer,output/phasevar_5/0002_phA06_phB14.png,Is the black sphere closer to the camera than the magenta sphere? Answer with yes or no.,Yes,Yes,22.4375,18.734375,True
/data/shared/Qwen/mydisk/output/SYNTHETIC/NVILA-Lite-2B-SYNTHETIC_MIX_5PCT_2M-20260226_023301/checkpoint-12500,obj2_closer,output/phasevar_5/0002_phA06_phB15.png,Is the black sphere closer to the camera than the magenta sphere? Answer with yes or no.,Yes,Yes,21.3125,18.484375,True
/data/shared/Qwen/mydisk/output/SYNTHETIC/NVILA-Lite-2B-SYNTHETIC_MIX_5PCT_2M-20260226_023301/checkpoint-12500,obj2_closer,output/phasevar_5/0002_phA07_phB00.png,Is the black sphere closer to the camera than the magenta sphere? Answer with yes or no.,Yes,Yes,22.734375,18.6875,True
/data/shared/Qwen/mydisk/output/SYNTHETIC/NVILA-Lite-2B-SYNTHETIC_MIX_5PCT_2M-20260226_023301/checkpoint-12500,obj2_closer,output/phasevar_5/0002_phA07_phB01.png,Is the black sphere closer to the camera than the magenta sphere? Answer with yes or no.,Yes,Yes,23.796875,18.953125,True
/data/shared/Qwen/mydisk/output/SYNTHETIC/NVILA-Lite-2B-SYNTHETIC_MIX_5PCT_2M-20260226_023301/checkpoint-12500,obj2_closer,output/phasevar_5/0002_phA07_phB02.png,Is the black sphere closer to the camera than the magenta sphere? Answer with yes or no.,Yes,Yes,23.421875,19.34375,True
/data/shared/Qwen/mydisk/output/SYNTHETIC/NVILA-Lite-2B-SYNTHETIC_MIX_5PCT_2M-20260226_023301/checkpoint-12500,obj2_closer,output/phasevar_5/0002_phA07_phB03.png,Is the black sphere closer to the camera than the magenta sphere? Answer with yes or no.,Yes,Yes,24.8125,19.578125,True
/data/shared/Qwen/mydisk/output/SYNTHETIC/NVILA-Lite-2B-SYNTHETIC_MIX_5PCT_2M-20260226_023301/checkpoint-12500,obj2_closer,output/phasevar_5/0002_phA07_phB04.png,Is the black sphere closer to the camera than the magenta sphere? Answer with yes or no.,Yes,Yes,24.78125,19.234375,True
/data/shared/Qwen/mydisk/output/SYNTHETIC/NVILA-Lite-2B-SYNTHETIC_MIX_5PCT_2M-20260226_023301/checkpoint-12500,obj2_closer,output/phasevar_5/0002_phA07_phB05.png,Is the black sphere closer to the camera than the magenta sphere? Answer with yes or no.,Yes,Yes,24.28125,18.765625,True
/data/shared/Qwen/mydisk/output/SYNTHETIC/NVILA-Lite-2B-SYNTHETIC_MIX_5PCT_2M-20260226_023301/checkpoint-12500,obj2_closer,output/phasevar_5/0002_phA07_phB06.png,Is the black sphere closer to the camera than the magenta sphere? Answer with yes or no.,Yes,Yes,22.0625,17.78125,True
/data/shared/Qwen/mydisk/output/SYNTHETIC/NVILA-Lite-2B-SYNTHETIC_MIX_5PCT_2M-20260226_023301/checkpoint-12500,obj2_closer,output/phasevar_5/0002_phA07_phB07.png,Is the black sphere closer to the camera than the magenta sphere? Answer with yes or no.,Yes,Yes,21.78125,17.28125,True
/data/shared/Qwen/mydisk/output/SYNTHETIC/NVILA-Lite-2B-SYNTHETIC_MIX_5PCT_2M-20260226_023301/checkpoint-12500,obj2_closer,output/phasevar_5/0002_phA07_phB08.png,Is the black sphere closer to the camera than the magenta sphere? Answer with yes or no.,Yes,Yes,22.40625,17.59375,True
/data/shared/Qwen/mydisk/output/SYNTHETIC/NVILA-Lite-2B-SYNTHETIC_MIX_5PCT_2M-20260226_023301/checkpoint-12500,obj2_closer,output/phasevar_5/0002_phA07_phB09.png,Is the black sphere closer to the camera than the magenta sphere? Answer with yes or no.,Yes,Yes,22.265625,17.109375,True
/data/shared/Qwen/mydisk/output/SYNTHETIC/NVILA-Lite-2B-SYNTHETIC_MIX_5PCT_2M-20260226_023301/checkpoint-12500,obj2_closer,output/phasevar_5/0002_phA07_phB10.png,Is the black sphere closer to the camera than the magenta sphere? Answer with yes or no.,Yes,Yes,21.375,17.34375,True
/data/shared/Qwen/mydisk/output/SYNTHETIC/NVILA-Lite-2B-SYNTHETIC_MIX_5PCT_2M-20260226_023301/checkpoint-12500,obj2_closer,output/phasevar_5/0002_phA07_phB11.png,Is the black sphere closer to the camera than the magenta sphere? Answer with yes or no.,Yes,Yes,22.96875,17.78125,True
/data/shared/Qwen/mydisk/output/SYNTHETIC/NVILA-Lite-2B-SYNTHETIC_MIX_5PCT_2M-20260226_023301/checkpoint-12500,obj2_closer,output/phasevar_5/0002_phA07_phB12.png,Is the black sphere closer to the camera than the magenta sphere? Answer with yes or no.,Yes,Yes,23.390625,18.234375,True
/data/shared/Qwen/mydisk/output/SYNTHETIC/NVILA-Lite-2B-SYNTHETIC_MIX_5PCT_2M-20260226_023301/checkpoint-12500,obj2_closer,output/phasevar_5/0002_phA07_phB13.png,Is the black sphere closer to the camera than the magenta sphere? Answer with yes or no.,Yes,Yes,23.796875,18.8125,True
/data/shared/Qwen/mydisk/output/SYNTHETIC/NVILA-Lite-2B-SYNTHETIC_MIX_5PCT_2M-20260226_023301/checkpoint-12500,obj2_closer,output/phasevar_5/0002_phA07_phB14.png,Is the black sphere closer to the camera than the magenta sphere? Answer with yes or no.,Yes,Yes,23.140625,18.453125,True
/data/shared/Qwen/mydisk/output/SYNTHETIC/NVILA-Lite-2B-SYNTHETIC_MIX_5PCT_2M-20260226_023301/checkpoint-12500,obj2_closer,output/phasevar_5/0002_phA07_phB15.png,Is the black sphere closer to the camera than the magenta sphere? Answer with yes or no.,Yes,Yes,22.8125,18.75,True
/data/shared/Qwen/mydisk/output/SYNTHETIC/NVILA-Lite-2B-SYNTHETIC_MIX_5PCT_2M-20260226_023301/checkpoint-12500,obj2_closer,output/phasevar_5/0002_phA08_phB00.png,Is the black sphere closer to the camera than the magenta sphere? Answer with yes or no.,Yes,Yes,23.03125,18.90625,True
/data/shared/Qwen/mydisk/output/SYNTHETIC/NVILA-Lite-2B-SYNTHETIC_MIX_5PCT_2M-20260226_023301/checkpoint-12500,obj2_closer,output/phasevar_5/0002_phA08_phB01.png,Is the black sphere closer to the camera than the magenta sphere? Answer with yes or no.,Yes,Yes,24.0,19.25,True
/data/shared/Qwen/mydisk/output/SYNTHETIC/NVILA-Lite-2B-SYNTHETIC_MIX_5PCT_2M-20260226_023301/checkpoint-12500,obj2_closer,output/phasevar_5/0002_phA08_phB02.png,Is the black sphere closer to the camera than the magenta sphere? Answer with yes or no.,Yes,Yes,23.59375,19.578125,True
/data/shared/Qwen/mydisk/output/SYNTHETIC/NVILA-Lite-2B-SYNTHETIC_MIX_5PCT_2M-20260226_023301/checkpoint-12500,obj2_closer,output/phasevar_5/0002_phA08_phB03.png,Is the black sphere closer to the camera than the magenta sphere? Answer with yes or no.,Yes,Yes,24.90625,19.796875,True
/data/shared/Qwen/mydisk/output/SYNTHETIC/NVILA-Lite-2B-SYNTHETIC_MIX_5PCT_2M-20260226_023301/checkpoint-12500,obj2_closer,output/phasevar_5/0002_phA08_phB04.png,Is the black sphere closer to the camera than the magenta sphere? Answer with yes or no.,Yes,Yes,25.15625,19.609375,True
/data/shared/Qwen/mydisk/output/SYNTHETIC/NVILA-Lite-2B-SYNTHETIC_MIX_5PCT_2M-20260226_023301/checkpoint-12500,obj2_closer,output/phasevar_5/0002_phA08_phB05.png,Is the black sphere closer to the camera than the magenta sphere? Answer with yes or no.,Yes,Yes,24.984375,19.515625,True
/data/shared/Qwen/mydisk/output/SYNTHETIC/NVILA-Lite-2B-SYNTHETIC_MIX_5PCT_2M-20260226_023301/checkpoint-12500,obj2_closer,output/phasevar_5/0002_phA08_phB06.png,Is the black sphere closer to the camera than the magenta sphere? Answer with yes or no.,Yes,Yes,22.5625,18.359375,True
/data/shared/Qwen/mydisk/output/SYNTHETIC/NVILA-Lite-2B-SYNTHETIC_MIX_5PCT_2M-20260226_023301/checkpoint-12500,obj2_closer,output/phasevar_5/0002_phA08_phB07.png,Is the black sphere closer to the camera than the magenta sphere? Answer with yes or no.,Yes,Yes,22.09375,17.625,True
/data/shared/Qwen/mydisk/output/SYNTHETIC/NVILA-Lite-2B-SYNTHETIC_MIX_5PCT_2M-20260226_023301/checkpoint-12500,obj2_closer,output/phasevar_5/0002_phA08_phB08.png,Is the black sphere closer to the camera than the magenta sphere? Answer with yes or no.,Yes,Yes,22.625,17.921875,True
/data/shared/Qwen/mydisk/output/SYNTHETIC/NVILA-Lite-2B-SYNTHETIC_MIX_5PCT_2M-20260226_023301/checkpoint-12500,obj2_closer,output/phasevar_5/0002_phA08_phB09.png,Is the black sphere closer to the camera than the magenta sphere? Answer with yes or no.,Yes,Yes,22.546875,17.5,True
/data/shared/Qwen/mydisk/output/SYNTHETIC/NVILA-Lite-2B-SYNTHETIC_MIX_5PCT_2M-20260226_023301/checkpoint-12500,obj2_closer,output/phasevar_5/0002_phA08_phB10.png,Is the black sphere closer to the camera than the magenta sphere? Answer with yes or no.,Yes,Yes,21.40625,17.484375,True
/data/shared/Qwen/mydisk/output/SYNTHETIC/NVILA-Lite-2B-SYNTHETIC_MIX_5PCT_2M-20260226_023301/checkpoint-12500,obj2_closer,output/phasevar_5/0002_phA08_phB11.png,Is the black sphere closer to the camera than the magenta sphere? Answer with yes or no.,Yes,Yes,22.9375,17.90625,True
/data/shared/Qwen/mydisk/output/SYNTHETIC/NVILA-Lite-2B-SYNTHETIC_MIX_5PCT_2M-20260226_023301/checkpoint-12500,obj2_closer,output/phasevar_5/0002_phA08_phB12.png,Is the black sphere closer to the camera than the magenta sphere? Answer with yes or no.,Yes,Yes,23.625,18.46875,True
/data/shared/Qwen/mydisk/output/SYNTHETIC/NVILA-Lite-2B-SYNTHETIC_MIX_5PCT_2M-20260226_023301/checkpoint-12500,obj2_closer,output/phasevar_5/0002_phA08_phB13.png,Is the black sphere closer to the camera than the magenta sphere? Answer with yes or no.,Yes,Yes,23.953125,19.0625,True
/data/shared/Qwen/mydisk/output/SYNTHETIC/NVILA-Lite-2B-SYNTHETIC_MIX_5PCT_2M-20260226_023301/checkpoint-12500,obj2_closer,output/phasevar_5/0002_phA08_phB14.png,Is the black sphere closer to the camera than the magenta sphere? Answer with yes or no.,Yes,Yes,23.3125,18.75,True
/data/shared/Qwen/mydisk/output/SYNTHETIC/NVILA-Lite-2B-SYNTHETIC_MIX_5PCT_2M-20260226_023301/checkpoint-12500,obj2_closer,output/phasevar_5/0002_phA08_phB15.png,Is the black sphere closer to the camera than the magenta sphere? Answer with yes or no.,Yes,Yes,22.9375,18.90625,True
/data/shared/Qwen/mydisk/output/SYNTHETIC/NVILA-Lite-2B-SYNTHETIC_MIX_5PCT_2M-20260226_023301/checkpoint-12500,obj2_closer,output/phasevar_5/0002_phA09_phB00.png,Is the black sphere closer to the camera than the magenta sphere? Answer with yes or no.,Yes,Yes,22.984375,19.0625,True
/data/shared/Qwen/mydisk/output/SYNTHETIC/NVILA-Lite-2B-SYNTHETIC_MIX_5PCT_2M-20260226_023301/checkpoint-12500,obj2_closer,output/phasevar_5/0002_phA09_phB01.png,Is the black sphere closer to the camera than the magenta sphere? Answer with yes or no.,Yes,Yes,24.03125,19.515625,True
/data/shared/Qwen/mydisk/output/SYNTHETIC/NVILA-Lite-2B-SYNTHETIC_MIX_5PCT_2M-20260226_023301/checkpoint-12500,obj2_closer,output/phasevar_5/0002_phA09_phB02.png,Is the black sphere closer to the camera than the magenta sphere? Answer with yes or no.,Yes,Yes,23.59375,19.75,True
/data/shared/Qwen/mydisk/output/SYNTHETIC/NVILA-Lite-2B-SYNTHETIC_MIX_5PCT_2M-20260226_023301/checkpoint-12500,obj2_closer,output/phasevar_5/0002_phA09_phB03.png,Is the black sphere closer to the camera than the magenta sphere? Answer with yes or no.,Yes,Yes,24.875,19.890625,True
/data/shared/Qwen/mydisk/output/SYNTHETIC/NVILA-Lite-2B-SYNTHETIC_MIX_5PCT_2M-20260226_023301/checkpoint-12500,obj2_closer,output/phasevar_5/0002_phA09_phB04.png,Is the black sphere closer to the camera than the magenta sphere? Answer with yes or no.,Yes,Yes,25.265625,19.859375,True
/data/shared/Qwen/mydisk/output/SYNTHETIC/NVILA-Lite-2B-SYNTHETIC_MIX_5PCT_2M-20260226_023301/checkpoint-12500,obj2_closer,output/phasevar_5/0002_phA09_phB05.png,Is the black sphere closer to the camera than the magenta sphere? Answer with yes or no.,Yes,Yes,25.25,20.03125,True
/data/shared/Qwen/mydisk/output/SYNTHETIC/NVILA-Lite-2B-SYNTHETIC_MIX_5PCT_2M-20260226_023301/checkpoint-12500,obj2_closer,output/phasevar_5/0002_phA09_phB06.png,Is the black sphere closer to the camera than the magenta sphere? Answer with yes or no.,Yes,Yes,22.96875,18.796875,True
/data/shared/Qwen/mydisk/output/SYNTHETIC/NVILA-Lite-2B-SYNTHETIC_MIX_5PCT_2M-20260226_023301/checkpoint-12500,obj2_closer,output/phasevar_5/0002_phA09_phB07.png,Is the black sphere closer to the camera than the magenta sphere? Answer with yes or no.,Yes,Yes,22.3125,17.96875,True
/data/shared/Qwen/mydisk/output/SYNTHETIC/NVILA-Lite-2B-SYNTHETIC_MIX_5PCT_2M-20260226_023301/checkpoint-12500,obj2_closer,output/phasevar_5/0002_phA09_phB08.png,Is the black sphere closer to the camera than the magenta sphere? Answer with yes or no.,Yes,Yes,22.828125,18.09375,True
/data/shared/Qwen/mydisk/output/SYNTHETIC/NVILA-Lite-2B-SYNTHETIC_MIX_5PCT_2M-20260226_023301/checkpoint-12500,obj2_closer,output/phasevar_5/0002_phA09_phB09.png,Is the black sphere closer to the camera than the magenta sphere? Answer with yes or no.,Yes,Yes,22.40625,17.640625,True
/data/shared/Qwen/mydisk/output/SYNTHETIC/NVILA-Lite-2B-SYNTHETIC_MIX_5PCT_2M-20260226_023301/checkpoint-12500,obj2_closer,output/phasevar_5/0002_phA09_phB10.png,Is the black sphere closer to the camera than the magenta sphere? Answer with yes or no.,Yes,Yes,21.25,17.53125,True
/data/shared/Qwen/mydisk/output/SYNTHETIC/NVILA-Lite-2B-SYNTHETIC_MIX_5PCT_2M-20260226_023301/checkpoint-12500,obj2_closer,output/phasevar_5/0002_phA09_phB11.png,Is the black sphere closer to the camera than the magenta sphere? Answer with yes or no.,Yes,Yes,22.59375,17.578125,True
/data/shared/Qwen/mydisk/output/SYNTHETIC/NVILA-Lite-2B-SYNTHETIC_MIX_5PCT_2M-20260226_023301/checkpoint-12500,obj2_closer,output/phasevar_5/0002_phA09_phB12.png,Is the black sphere closer to the camera than the magenta sphere? Answer with yes or no.,Yes,Yes,23.90625,18.640625,True
/data/shared/Qwen/mydisk/output/SYNTHETIC/NVILA-Lite-2B-SYNTHETIC_MIX_5PCT_2M-20260226_023301/checkpoint-12500,obj2_closer,output/phasevar_5/0002_phA09_phB13.png,Is the black sphere closer to the camera than the magenta sphere? Answer with yes or no.,Yes,Yes,24.0,19.171875,True
/data/shared/Qwen/mydisk/output/SYNTHETIC/NVILA-Lite-2B-SYNTHETIC_MIX_5PCT_2M-20260226_023301/checkpoint-12500,obj2_closer,output/phasevar_5/0002_phA09_phB14.png,Is the black sphere closer to the camera than the magenta sphere? Answer with yes or no.,Yes,Yes,23.375,18.9375,True
/data/shared/Qwen/mydisk/output/SYNTHETIC/NVILA-Lite-2B-SYNTHETIC_MIX_5PCT_2M-20260226_023301/checkpoint-12500,obj2_closer,output/phasevar_5/0002_phA09_phB15.png,Is the black sphere closer to the camera than the magenta sphere? Answer with yes or no.,Yes,Yes,22.921875,19.015625,True
/data/shared/Qwen/mydisk/output/SYNTHETIC/NVILA-Lite-2B-SYNTHETIC_MIX_5PCT_2M-20260226_023301/checkpoint-12500,obj2_closer,output/phasevar_5/0002_phA10_phB00.png,Is the black sphere closer to the camera than the magenta sphere? Answer with yes or no.,Yes,Yes,22.0,19.140625,True
/data/shared/Qwen/mydisk/output/SYNTHETIC/NVILA-Lite-2B-SYNTHETIC_MIX_5PCT_2M-20260226_023301/checkpoint-12500,obj2_closer,output/phasevar_5/0002_phA10_phB01.png,Is the black sphere closer to the camera than the magenta sphere? Answer with yes or no.,Yes,Yes,23.328125,19.796875,True
/data/shared/Qwen/mydisk/output/SYNTHETIC/NVILA-Lite-2B-SYNTHETIC_MIX_5PCT_2M-20260226_023301/checkpoint-12500,obj2_closer,output/phasevar_5/0002_phA10_phB02.png,Is the black sphere closer to the camera than the magenta sphere? Answer with yes or no.,Yes,Yes,22.875,19.875,True
/data/shared/Qwen/mydisk/output/SYNTHETIC/NVILA-Lite-2B-SYNTHETIC_MIX_5PCT_2M-20260226_023301/checkpoint-12500,obj2_closer,output/phasevar_5/0002_phA10_phB03.png,Is the black sphere closer to the camera than the magenta sphere? Answer with yes or no.,Yes,Yes,24.21875,19.84375,True
/data/shared/Qwen/mydisk/output/SYNTHETIC/NVILA-Lite-2B-SYNTHETIC_MIX_5PCT_2M-20260226_023301/checkpoint-12500,obj2_closer,output/phasevar_5/0002_phA10_phB04.png,Is the black sphere closer to the camera than the magenta sphere? Answer with yes or no.,Yes,Yes,24.53125,20.046875,True
/data/shared/Qwen/mydisk/output/SYNTHETIC/NVILA-Lite-2B-SYNTHETIC_MIX_5PCT_2M-20260226_023301/checkpoint-12500,obj2_closer,output/phasevar_5/0002_phA10_phB05.png,Is the black sphere closer to the camera than the magenta sphere? Answer with yes or no.,Yes,Yes,24.75,20.453125,True
/data/shared/Qwen/mydisk/output/SYNTHETIC/NVILA-Lite-2B-SYNTHETIC_MIX_5PCT_2M-20260226_023301/checkpoint-12500,obj2_closer,output/phasevar_5/0002_phA10_phB06.png,Is the black sphere closer to the camera than the magenta sphere? Answer with yes or no.,Yes,Yes,22.8125,19.484375,True
/data/shared/Qwen/mydisk/output/SYNTHETIC/NVILA-Lite-2B-SYNTHETIC_MIX_5PCT_2M-20260226_023301/checkpoint-12500,obj2_closer,output/phasevar_5/0002_phA10_phB07.png,Is the black sphere closer to the camera than the magenta sphere? Answer with yes or no.,Yes,Yes,21.921875,18.65625,True
/data/shared/Qwen/mydisk/output/SYNTHETIC/NVILA-Lite-2B-SYNTHETIC_MIX_5PCT_2M-20260226_023301/checkpoint-12500,obj2_closer,output/phasevar_5/0002_phA10_phB08.png,Is the black sphere closer to the camera than the magenta sphere? Answer with yes or no.,Yes,Yes,21.9375,18.59375,True
/data/shared/Qwen/mydisk/output/SYNTHETIC/NVILA-Lite-2B-SYNTHETIC_MIX_5PCT_2M-20260226_023301/checkpoint-12500,obj2_closer,output/phasevar_5/0002_phA10_phB09.png,Is the black sphere closer to the camera than the magenta sphere? Answer with yes or no.,Yes,Yes,21.46875,17.96875,True
/data/shared/Qwen/mydisk/output/SYNTHETIC/NVILA-Lite-2B-SYNTHETIC_MIX_5PCT_2M-20260226_023301/checkpoint-12500,obj2_closer,output/phasevar_5/0002_phA10_phB10.png,Is the black sphere closer to the camera than the magenta sphere? Answer with yes or no.,Yes,Yes,20.21875,17.8125,True
/data/shared/Qwen/mydisk/output/SYNTHETIC/NVILA-Lite-2B-SYNTHETIC_MIX_5PCT_2M-20260226_023301/checkpoint-12500,obj2_closer,output/phasevar_5/0002_phA10_phB11.png,Is the black sphere closer to the camera than the magenta sphere? Answer with yes or no.,Yes,Yes,22.0625,18.25,True
/data/shared/Qwen/mydisk/output/SYNTHETIC/NVILA-Lite-2B-SYNTHETIC_MIX_5PCT_2M-20260226_023301/checkpoint-12500,obj2_closer,output/phasevar_5/0002_phA10_phB12.png,Is the black sphere closer to the camera than the magenta sphere? Answer with yes or no.,Yes,Yes,23.25,19.03125,True
/data/shared/Qwen/mydisk/output/SYNTHETIC/NVILA-Lite-2B-SYNTHETIC_MIX_5PCT_2M-20260226_023301/checkpoint-12500,obj2_closer,output/phasevar_5/0002_phA10_phB13.png,Is the black sphere closer to the camera than the magenta sphere? Answer with yes or no.,Yes,Yes,23.140625,19.359375,True
/data/shared/Qwen/mydisk/output/SYNTHETIC/NVILA-Lite-2B-SYNTHETIC_MIX_5PCT_2M-20260226_023301/checkpoint-12500,obj2_closer,output/phasevar_5/0002_phA10_phB14.png,Is the black sphere closer to the camera than the magenta sphere? Answer with yes or no.,Yes,Yes,22.625,19.21875,True
/data/shared/Qwen/mydisk/output/SYNTHETIC/NVILA-Lite-2B-SYNTHETIC_MIX_5PCT_2M-20260226_023301/checkpoint-12500,obj2_closer,output/phasevar_5/0002_phA10_phB15.png,Is the black sphere closer to the camera than the magenta sphere? Answer with yes or no.,Yes,Yes,21.703125,19.03125,True
/data/shared/Qwen/mydisk/output/SYNTHETIC/NVILA-Lite-2B-SYNTHETIC_MIX_5PCT_2M-20260226_023301/checkpoint-12500,obj2_closer,output/phasevar_5/0002_phA11_phB00.png,Is the black sphere closer to the camera than the magenta sphere? Answer with yes or no.,Yes,Yes,22.09375,19.0,True
/data/shared/Qwen/mydisk/output/SYNTHETIC/NVILA-Lite-2B-SYNTHETIC_MIX_5PCT_2M-20260226_023301/checkpoint-12500,obj2_closer,output/phasevar_5/0002_phA11_phB01.png,Is the black sphere closer to the camera than the magenta sphere? Answer with yes or no.,Yes,Yes,23.46875,19.6875,True
/data/shared/Qwen/mydisk/output/SYNTHETIC/NVILA-Lite-2B-SYNTHETIC_MIX_5PCT_2M-20260226_023301/checkpoint-12500,obj2_closer,output/phasevar_5/0002_phA11_phB02.png,Is the black sphere closer to the camera than the magenta sphere? Answer with yes or no.,Yes,Yes,22.921875,19.765625,True
/data/shared/Qwen/mydisk/output/SYNTHETIC/NVILA-Lite-2B-SYNTHETIC_MIX_5PCT_2M-20260226_023301/checkpoint-12500,obj2_closer,output/phasevar_5/0002_phA11_phB03.png,Is the black sphere closer to the camera than the magenta sphere? Answer with yes or no.,Yes,Yes,24.421875,19.8125,True
/data/shared/Qwen/mydisk/output/SYNTHETIC/NVILA-Lite-2B-SYNTHETIC_MIX_5PCT_2M-20260226_023301/checkpoint-12500,obj2_closer,output/phasevar_5/0002_phA11_phB04.png,Is the black sphere closer to the camera than the magenta sphere? Answer with yes or no.,Yes,Yes,24.859375,19.984375,True
/data/shared/Qwen/mydisk/output/SYNTHETIC/NVILA-Lite-2B-SYNTHETIC_MIX_5PCT_2M-20260226_023301/checkpoint-12500,obj2_closer,output/phasevar_5/0002_phA11_phB05.png,Is the black sphere closer to the camera than the magenta sphere? Answer with yes or no.,Yes,Yes,24.78125,20.03125,True
/data/shared/Qwen/mydisk/output/SYNTHETIC/NVILA-Lite-2B-SYNTHETIC_MIX_5PCT_2M-20260226_023301/checkpoint-12500,obj2_closer,output/phasevar_5/0002_phA11_phB06.png,Is the black sphere closer to the camera than the magenta sphere? Answer with yes or no.,Yes,Yes,22.859375,19.140625,True
/data/shared/Qwen/mydisk/output/SYNTHETIC/NVILA-Lite-2B-SYNTHETIC_MIX_5PCT_2M-20260226_023301/checkpoint-12500,obj2_closer,output/phasevar_5/0002_phA11_phB07.png,Is the black sphere closer to the camera than the magenta sphere? Answer with yes or no.,Yes,Yes,22.0,18.203125,True
/data/shared/Qwen/mydisk/output/SYNTHETIC/NVILA-Lite-2B-SYNTHETIC_MIX_5PCT_2M-20260226_023301/checkpoint-12500,obj2_closer,output/phasevar_5/0002_phA11_phB08.png,Is the black sphere closer to the camera than the magenta sphere? Answer with yes or no.,Yes,Yes,22.03125,18.15625,True
/data/shared/Qwen/mydisk/output/SYNTHETIC/NVILA-Lite-2B-SYNTHETIC_MIX_5PCT_2M-20260226_023301/checkpoint-12500,obj2_closer,output/phasevar_5/0002_phA11_phB09.png,Is the black sphere closer to the camera than the magenta sphere? Answer with yes or no.,Yes,Yes,21.53125,17.53125,True
/data/shared/Qwen/mydisk/output/SYNTHETIC/NVILA-Lite-2B-SYNTHETIC_MIX_5PCT_2M-20260226_023301/checkpoint-12500,obj2_closer,output/phasevar_5/0002_phA11_phB10.png,Is the black sphere closer to the camera than the magenta sphere? Answer with yes or no.,Yes,Yes,20.484375,17.609375,True
/data/shared/Qwen/mydisk/output/SYNTHETIC/NVILA-Lite-2B-SYNTHETIC_MIX_5PCT_2M-20260226_023301/checkpoint-12500,obj2_closer,output/phasevar_5/0002_phA11_phB11.png,Is the black sphere closer to the camera than the magenta sphere? Answer with yes or no.,Yes,Yes,22.28125,17.796875,True
/data/shared/Qwen/mydisk/output/SYNTHETIC/NVILA-Lite-2B-SYNTHETIC_MIX_5PCT_2M-20260226_023301/checkpoint-12500,obj2_closer,output/phasevar_5/0002_phA11_phB12.png,Is the black sphere closer to the camera than the magenta sphere? Answer with yes or no.,Yes,Yes,23.140625,18.40625,True
/data/shared/Qwen/mydisk/output/SYNTHETIC/NVILA-Lite-2B-SYNTHETIC_MIX_5PCT_2M-20260226_023301/checkpoint-12500,obj2_closer,output/phasevar_5/0002_phA11_phB13.png,Is the black sphere closer to the camera than the magenta sphere? Answer with yes or no.,Yes,Yes,23.515625,19.1875,True
/data/shared/Qwen/mydisk/output/SYNTHETIC/NVILA-Lite-2B-SYNTHETIC_MIX_5PCT_2M-20260226_023301/checkpoint-12500,obj2_closer,output/phasevar_5/0002_phA11_phB14.png,Is the black sphere closer to the camera than the magenta sphere? Answer with yes or no.,Yes,Yes,22.671875,19.0,True
/data/shared/Qwen/mydisk/output/SYNTHETIC/NVILA-Lite-2B-SYNTHETIC_MIX_5PCT_2M-20260226_023301/checkpoint-12500,obj2_closer,output/phasevar_5/0002_phA11_phB15.png,Is the black sphere closer to the camera than the magenta sphere? Answer with yes or no.,Yes,Yes,21.984375,18.90625,True
/data/shared/Qwen/mydisk/output/SYNTHETIC/NVILA-Lite-2B-SYNTHETIC_MIX_5PCT_2M-20260226_023301/checkpoint-12500,obj2_closer,output/phasevar_5/0002_phA12_phB00.png,Is the black sphere closer to the camera than the magenta sphere? Answer with yes or no.,Yes,Yes,21.453125,18.78125,True
/data/shared/Qwen/mydisk/output/SYNTHETIC/NVILA-Lite-2B-SYNTHETIC_MIX_5PCT_2M-20260226_023301/checkpoint-12500,obj2_closer,output/phasevar_5/0002_phA12_phB01.png,Is the black sphere closer to the camera than the magenta sphere? Answer with yes or no.,Yes,Yes,22.875,19.484375,True
/data/shared/Qwen/mydisk/output/SYNTHETIC/NVILA-Lite-2B-SYNTHETIC_MIX_5PCT_2M-20260226_023301/checkpoint-12500,obj2_closer,output/phasevar_5/0002_phA12_phB02.png,Is the black sphere closer to the camera than the magenta sphere? Answer with yes or no.,Yes,Yes,22.265625,19.59375,True
/data/shared/Qwen/mydisk/output/SYNTHETIC/NVILA-Lite-2B-SYNTHETIC_MIX_5PCT_2M-20260226_023301/checkpoint-12500,obj2_closer,output/phasevar_5/0002_phA12_phB03.png,Is the black sphere closer to the camera than the magenta sphere? Answer with yes or no.,Yes,Yes,23.5625,19.671875,True
/data/shared/Qwen/mydisk/output/SYNTHETIC/NVILA-Lite-2B-SYNTHETIC_MIX_5PCT_2M-20260226_023301/checkpoint-12500,obj2_closer,output/phasevar_5/0002_phA12_phB04.png,Is the black sphere closer to the camera than the magenta sphere? Answer with yes or no.,Yes,Yes,23.6875,19.65625,True
/data/shared/Qwen/mydisk/output/SYNTHETIC/NVILA-Lite-2B-SYNTHETIC_MIX_5PCT_2M-20260226_023301/checkpoint-12500,obj2_closer,output/phasevar_5/0002_phA12_phB05.png,Is the black sphere closer to the camera than the magenta sphere? Answer with yes or no.,Yes,Yes,23.9375,19.890625,True
/data/shared/Qwen/mydisk/output/SYNTHETIC/NVILA-Lite-2B-SYNTHETIC_MIX_5PCT_2M-20260226_023301/checkpoint-12500,obj2_closer,output/phasevar_5/0002_phA12_phB06.png,Is the black sphere closer to the camera than the magenta sphere? Answer with yes or no.,Yes,Yes,22.46875,19.171875,True
/data/shared/Qwen/mydisk/output/SYNTHETIC/NVILA-Lite-2B-SYNTHETIC_MIX_5PCT_2M-20260226_023301/checkpoint-12500,obj2_closer,output/phasevar_5/0002_phA12_phB07.png,Is the black sphere closer to the camera than the magenta sphere? Answer with yes or no.,Yes,Yes,21.640625,18.234375,True
/data/shared/Qwen/mydisk/output/SYNTHETIC/NVILA-Lite-2B-SYNTHETIC_MIX_5PCT_2M-20260226_023301/checkpoint-12500,obj2_closer,output/phasevar_5/0002_phA12_phB08.png,Is the black sphere closer to the camera than the magenta sphere? Answer with yes or no.,Yes,Yes,21.546875,18.15625,True
/data/shared/Qwen/mydisk/output/SYNTHETIC/NVILA-Lite-2B-SYNTHETIC_MIX_5PCT_2M-20260226_023301/checkpoint-12500,obj2_closer,output/phasevar_5/0002_phA12_phB09.png,Is the black sphere closer to the camera than the magenta sphere? Answer with yes or no.,Yes,Yes,21.09375,17.5625,True
/data/shared/Qwen/mydisk/output/SYNTHETIC/NVILA-Lite-2B-SYNTHETIC_MIX_5PCT_2M-20260226_023301/checkpoint-12500,obj2_closer,output/phasevar_5/0002_phA12_phB10.png,Is the black sphere closer to the camera than the magenta sphere? Answer with yes or no.,Yes,Yes,19.96875,17.59375,True
/data/shared/Qwen/mydisk/output/SYNTHETIC/NVILA-Lite-2B-SYNTHETIC_MIX_5PCT_2M-20260226_023301/checkpoint-12500,obj2_closer,output/phasevar_5/0002_phA12_phB11.png,Is the black sphere closer to the camera than the magenta sphere? Answer with yes or no.,Yes,Yes,21.578125,18.046875,True
/data/shared/Qwen/mydisk/output/SYNTHETIC/NVILA-Lite-2B-SYNTHETIC_MIX_5PCT_2M-20260226_023301/checkpoint-12500,obj2_closer,output/phasevar_5/0002_phA12_phB12.png,Is the black sphere closer to the camera than the magenta sphere? Answer with yes or no.,Yes,Yes,22.140625,18.15625,True
/data/shared/Qwen/mydisk/output/SYNTHETIC/NVILA-Lite-2B-SYNTHETIC_MIX_5PCT_2M-20260226_023301/checkpoint-12500,obj2_closer,output/phasevar_5/0002_phA12_phB13.png,Is the black sphere closer to the camera than the magenta sphere? Answer with yes or no.,Yes,Yes,22.703125,18.90625,True
/data/shared/Qwen/mydisk/output/SYNTHETIC/NVILA-Lite-2B-SYNTHETIC_MIX_5PCT_2M-20260226_023301/checkpoint-12500,obj2_closer,output/phasevar_5/0002_phA12_phB14.png,Is the black sphere closer to the camera than the magenta sphere? Answer with yes or no.,Yes,Yes,21.953125,18.84375,True
/data/shared/Qwen/mydisk/output/SYNTHETIC/NVILA-Lite-2B-SYNTHETIC_MIX_5PCT_2M-20260226_023301/checkpoint-12500,obj2_closer,output/phasevar_5/0002_phA12_phB15.png,Is the black sphere closer to the camera than the magenta sphere? Answer with yes or no.,Yes,Yes,21.140625,18.546875,True
/data/shared/Qwen/mydisk/output/SYNTHETIC/NVILA-Lite-2B-SYNTHETIC_MIX_5PCT_2M-20260226_023301/checkpoint-12500,obj2_closer,output/phasevar_5/0002_phA13_phB00.png,Is the black sphere closer to the camera than the magenta sphere? Answer with yes or no.,Yes,Yes,22.046875,19.046875,True
/data/shared/Qwen/mydisk/output/SYNTHETIC/NVILA-Lite-2B-SYNTHETIC_MIX_5PCT_2M-20260226_023301/checkpoint-12500,obj2_closer,output/phasevar_5/0002_phA13_phB01.png,Is the black sphere closer to the camera than the magenta sphere? Answer with yes or no.,Yes,Yes,23.203125,19.578125,True
/data/shared/Qwen/mydisk/output/SYNTHETIC/NVILA-Lite-2B-SYNTHETIC_MIX_5PCT_2M-20260226_023301/checkpoint-12500,obj2_closer,output/phasevar_5/0002_phA13_phB02.png,Is the black sphere closer to the camera than the magenta sphere? Answer with yes or no.,Yes,Yes,22.625,19.703125,True
/data/shared/Qwen/mydisk/output/SYNTHETIC/NVILA-Lite-2B-SYNTHETIC_MIX_5PCT_2M-20260226_023301/checkpoint-12500,obj2_closer,output/phasevar_5/0002_phA13_phB03.png,Is the black sphere closer to the camera than the magenta sphere? Answer with yes or no.,Yes,Yes,23.671875,19.6875,True
/data/shared/Qwen/mydisk/output/SYNTHETIC/NVILA-Lite-2B-SYNTHETIC_MIX_5PCT_2M-20260226_023301/checkpoint-12500,obj2_closer,output/phasevar_5/0002_phA13_phB04.png,Is the black sphere closer to the camera than the magenta sphere? Answer with yes or no.,Yes,Yes,23.90625,19.78125,True
/data/shared/Qwen/mydisk/output/SYNTHETIC/NVILA-Lite-2B-SYNTHETIC_MIX_5PCT_2M-20260226_023301/checkpoint-12500,obj2_closer,output/phasevar_5/0002_phA13_phB05.png,Is the black sphere closer to the camera than the magenta sphere? Answer with yes or no.,Yes,Yes,24.421875,20.046875,True
/data/shared/Qwen/mydisk/output/SYNTHETIC/NVILA-Lite-2B-SYNTHETIC_MIX_5PCT_2M-20260226_023301/checkpoint-12500,obj2_closer,output/phasevar_5/0002_phA13_phB06.png,Is the black sphere closer to the camera than the magenta sphere? Answer with yes or no.,Yes,Yes,22.9375,19.3125,True
/data/shared/Qwen/mydisk/output/SYNTHETIC/NVILA-Lite-2B-SYNTHETIC_MIX_5PCT_2M-20260226_023301/checkpoint-12500,obj2_closer,output/phasevar_5/0002_phA13_phB07.png,Is the black sphere closer to the camera than the magenta sphere? Answer with yes or no.,Yes,Yes,22.359375,18.59375,True
/data/shared/Qwen/mydisk/output/SYNTHETIC/NVILA-Lite-2B-SYNTHETIC_MIX_5PCT_2M-20260226_023301/checkpoint-12500,obj2_closer,output/phasevar_5/0002_phA13_phB08.png,Is the black sphere closer to the camera than the magenta sphere? Answer with yes or no.,Yes,Yes,22.328125,18.5625,True
/data/shared/Qwen/mydisk/output/SYNTHETIC/NVILA-Lite-2B-SYNTHETIC_MIX_5PCT_2M-20260226_023301/checkpoint-12500,obj2_closer,output/phasevar_5/0002_phA13_phB09.png,Is the black sphere closer to the camera than the magenta sphere? Answer with yes or no.,Yes,Yes,21.71875,17.828125,True
/data/shared/Qwen/mydisk/output/SYNTHETIC/NVILA-Lite-2B-SYNTHETIC_MIX_5PCT_2M-20260226_023301/checkpoint-12500,obj2_closer,output/phasevar_5/0002_phA13_phB10.png,Is the black sphere closer to the camera than the magenta sphere? Answer with yes or no.,Yes,Yes,20.4375,17.734375,True
/data/shared/Qwen/mydisk/output/SYNTHETIC/NVILA-Lite-2B-SYNTHETIC_MIX_5PCT_2M-20260226_023301/checkpoint-12500,obj2_closer,output/phasevar_5/0002_phA13_phB11.png,Is the black sphere closer to the camera than the magenta sphere? Answer with yes or no.,Yes,Yes,22.046875,18.203125,True
/data/shared/Qwen/mydisk/output/SYNTHETIC/NVILA-Lite-2B-SYNTHETIC_MIX_5PCT_2M-20260226_023301/checkpoint-12500,obj2_closer,output/phasevar_5/0002_phA13_phB12.png,Is the black sphere closer to the camera than the magenta sphere? Answer with yes or no.,Yes,Yes,22.59375,18.25,True
/data/shared/Qwen/mydisk/output/SYNTHETIC/NVILA-Lite-2B-SYNTHETIC_MIX_5PCT_2M-20260226_023301/checkpoint-12500,obj2_closer,output/phasevar_5/0002_phA13_phB13.png,Is the black sphere closer to the camera than the magenta sphere? Answer with yes or no.,Yes,Yes,22.625,18.578125,True
/data/shared/Qwen/mydisk/output/SYNTHETIC/NVILA-Lite-2B-SYNTHETIC_MIX_5PCT_2M-20260226_023301/checkpoint-12500,obj2_closer,output/phasevar_5/0002_phA13_phB14.png,Is the black sphere closer to the camera than the magenta sphere? Answer with yes or no.,Yes,Yes,22.109375,18.78125,True
/data/shared/Qwen/mydisk/output/SYNTHETIC/NVILA-Lite-2B-SYNTHETIC_MIX_5PCT_2M-20260226_023301/checkpoint-12500,obj2_closer,output/phasevar_5/0002_phA13_phB15.png,Is the black sphere closer to the camera than the magenta sphere? Answer with yes or no.,Yes,Yes,21.8125,18.71875,True
/data/shared/Qwen/mydisk/output/SYNTHETIC/NVILA-Lite-2B-SYNTHETIC_MIX_5PCT_2M-20260226_023301/checkpoint-12500,obj2_closer,output/phasevar_5/0002_phA14_phB00.png,Is the black sphere closer to the camera than the magenta sphere? Answer with yes or no.,Yes,Yes,22.703125,19.46875,True
/data/shared/Qwen/mydisk/output/SYNTHETIC/NVILA-Lite-2B-SYNTHETIC_MIX_5PCT_2M-20260226_023301/checkpoint-12500,obj2_closer,output/phasevar_5/0002_phA14_phB01.png,Is the black sphere closer to the camera than the magenta sphere? Answer with yes or no.,Yes,Yes,23.34375,19.625,True
/data/shared/Qwen/mydisk/output/SYNTHETIC/NVILA-Lite-2B-SYNTHETIC_MIX_5PCT_2M-20260226_023301/checkpoint-12500,obj2_closer,output/phasevar_5/0002_phA14_phB02.png,Is the black sphere closer to the camera than the magenta sphere? Answer with yes or no.,Yes,Yes,22.546875,19.59375,True
/data/shared/Qwen/mydisk/output/SYNTHETIC/NVILA-Lite-2B-SYNTHETIC_MIX_5PCT_2M-20260226_023301/checkpoint-12500,obj2_closer,output/phasevar_5/0002_phA14_phB03.png,Is the black sphere closer to the camera than the magenta sphere? Answer with yes or no.,Yes,Yes,23.609375,19.65625,True
/data/shared/Qwen/mydisk/output/SYNTHETIC/NVILA-Lite-2B-SYNTHETIC_MIX_5PCT_2M-20260226_023301/checkpoint-12500,obj2_closer,output/phasevar_5/0002_phA14_phB04.png,Is the black sphere closer to the camera than the magenta sphere? Answer with yes or no.,Yes,Yes,23.96875,19.828125,True
/data/shared/Qwen/mydisk/output/SYNTHETIC/NVILA-Lite-2B-SYNTHETIC_MIX_5PCT_2M-20260226_023301/checkpoint-12500,obj2_closer,output/phasevar_5/0002_phA14_phB05.png,Is the black sphere closer to the camera than the magenta sphere? Answer with yes or no.,Yes,Yes,24.5,20.21875,True
/data/shared/Qwen/mydisk/output/SYNTHETIC/NVILA-Lite-2B-SYNTHETIC_MIX_5PCT_2M-20260226_023301/checkpoint-12500,obj2_closer,output/phasevar_5/0002_phA14_phB06.png,Is the black sphere closer to the camera than the magenta sphere? Answer with yes or no.,Yes,Yes,23.640625,19.875,True
/data/shared/Qwen/mydisk/output/SYNTHETIC/NVILA-Lite-2B-SYNTHETIC_MIX_5PCT_2M-20260226_023301/checkpoint-12500,obj2_closer,output/phasevar_5/0002_phA14_phB07.png,Is the black sphere closer to the camera than the magenta sphere? Answer with yes or no.,Yes,Yes,23.625,19.515625,True
/data/shared/Qwen/mydisk/output/SYNTHETIC/NVILA-Lite-2B-SYNTHETIC_MIX_5PCT_2M-20260226_023301/checkpoint-12500,obj2_closer,output/phasevar_5/0002_phA14_phB08.png,Is the black sphere closer to the camera than the magenta sphere? Answer with yes or no.,Yes,Yes,23.453125,19.375,True
/data/shared/Qwen/mydisk/output/SYNTHETIC/NVILA-Lite-2B-SYNTHETIC_MIX_5PCT_2M-20260226_023301/checkpoint-12500,obj2_closer,output/phasevar_5/0002_phA14_phB09.png,Is the black sphere closer to the camera than the magenta sphere? Answer with yes or no.,Yes,Yes,22.875,18.71875,True
/data/shared/Qwen/mydisk/output/SYNTHETIC/NVILA-Lite-2B-SYNTHETIC_MIX_5PCT_2M-20260226_023301/checkpoint-12500,obj2_closer,output/phasevar_5/0002_phA14_phB10.png,Is the black sphere closer to the camera than the magenta sphere? Answer with yes or no.,Yes,Yes,21.34375,18.265625,True
/data/shared/Qwen/mydisk/output/SYNTHETIC/NVILA-Lite-2B-SYNTHETIC_MIX_5PCT_2M-20260226_023301/checkpoint-12500,obj2_closer,output/phasevar_5/0002_phA14_phB11.png,Is the black sphere closer to the camera than the magenta sphere? Answer with yes or no.,Yes,Yes,22.46875,18.609375,True
/data/shared/Qwen/mydisk/output/SYNTHETIC/NVILA-Lite-2B-SYNTHETIC_MIX_5PCT_2M-20260226_023301/checkpoint-12500,obj2_closer,output/phasevar_5/0002_phA14_phB12.png,Is the black sphere closer to the camera than the magenta sphere? Answer with yes or no.,Yes,Yes,22.796875,18.546875,True
/data/shared/Qwen/mydisk/output/SYNTHETIC/NVILA-Lite-2B-SYNTHETIC_MIX_5PCT_2M-20260226_023301/checkpoint-12500,obj2_closer,output/phasevar_5/0002_phA14_phB13.png,Is the black sphere closer to the camera than the magenta sphere? Answer with yes or no.,Yes,Yes,22.765625,18.59375,True
/data/shared/Qwen/mydisk/output/SYNTHETIC/NVILA-Lite-2B-SYNTHETIC_MIX_5PCT_2M-20260226_023301/checkpoint-12500,obj2_closer,output/phasevar_5/0002_phA14_phB14.png,Is the black sphere closer to the camera than the magenta sphere? Answer with yes or no.,Yes,Yes,22.53125,18.640625,True
/data/shared/Qwen/mydisk/output/SYNTHETIC/NVILA-Lite-2B-SYNTHETIC_MIX_5PCT_2M-20260226_023301/checkpoint-12500,obj2_closer,output/phasevar_5/0002_phA14_phB15.png,Is the black sphere closer to the camera than the magenta sphere? Answer with yes or no.,Yes,Yes,22.484375,19.0625,True
/data/shared/Qwen/mydisk/output/SYNTHETIC/NVILA-Lite-2B-SYNTHETIC_MIX_5PCT_2M-20260226_023301/checkpoint-12500,obj2_closer,output/phasevar_5/0002_phA15_phB00.png,Is the black sphere closer to the camera than the magenta sphere? Answer with yes or no.,Yes,Yes,23.265625,19.0625,True
/data/shared/Qwen/mydisk/output/SYNTHETIC/NVILA-Lite-2B-SYNTHETIC_MIX_5PCT_2M-20260226_023301/checkpoint-12500,obj2_closer,output/phasevar_5/0002_phA15_phB01.png,Is the black sphere closer to the camera than the magenta sphere? Answer with yes or no.,Yes,Yes,23.671875,19.171875,True
/data/shared/Qwen/mydisk/output/SYNTHETIC/NVILA-Lite-2B-SYNTHETIC_MIX_5PCT_2M-20260226_023301/checkpoint-12500,obj2_closer,output/phasevar_5/0002_phA15_phB02.png,Is the black sphere closer to the camera than the magenta sphere? Answer with yes or no.,Yes,Yes,22.734375,19.3125,True
/data/shared/Qwen/mydisk/output/SYNTHETIC/NVILA-Lite-2B-SYNTHETIC_MIX_5PCT_2M-20260226_023301/checkpoint-12500,obj2_closer,output/phasevar_5/0002_phA15_phB03.png,Is the black sphere closer to the camera than the magenta sphere? Answer with yes or no.,Yes,Yes,24.53125,19.78125,True
/data/shared/Qwen/mydisk/output/SYNTHETIC/NVILA-Lite-2B-SYNTHETIC_MIX_5PCT_2M-20260226_023301/checkpoint-12500,obj2_closer,output/phasevar_5/0002_phA15_phB04.png,Is the black sphere closer to the camera than the magenta sphere? Answer with yes or no.,Yes,Yes,24.046875,19.1875,True
/data/shared/Qwen/mydisk/output/SYNTHETIC/NVILA-Lite-2B-SYNTHETIC_MIX_5PCT_2M-20260226_023301/checkpoint-12500,obj2_closer,output/phasevar_5/0002_phA15_phB05.png,Is the black sphere closer to the camera than the magenta sphere? Answer with yes or no.,Yes,Yes,24.078125,19.125,True
/data/shared/Qwen/mydisk/output/SYNTHETIC/NVILA-Lite-2B-SYNTHETIC_MIX_5PCT_2M-20260226_023301/checkpoint-12500,obj2_closer,output/phasevar_5/0002_phA15_phB06.png,Is the black sphere closer to the camera than the magenta sphere? Answer with yes or no.,Yes,Yes,22.53125,18.3125,True
/data/shared/Qwen/mydisk/output/SYNTHETIC/NVILA-Lite-2B-SYNTHETIC_MIX_5PCT_2M-20260226_023301/checkpoint-12500,obj2_closer,output/phasevar_5/0002_phA15_phB07.png,Is the black sphere closer to the camera than the magenta sphere? Answer with yes or no.,Yes,Yes,22.625,17.921875,True
/data/shared/Qwen/mydisk/output/SYNTHETIC/NVILA-Lite-2B-SYNTHETIC_MIX_5PCT_2M-20260226_023301/checkpoint-12500,obj2_closer,output/phasevar_5/0002_phA15_phB08.png,Is the black sphere closer to the camera than the magenta sphere? Answer with yes or no.,Yes,Yes,23.109375,18.171875,True
/data/shared/Qwen/mydisk/output/SYNTHETIC/NVILA-Lite-2B-SYNTHETIC_MIX_5PCT_2M-20260226_023301/checkpoint-12500,obj2_closer,output/phasevar_5/0002_phA15_phB09.png,Is the black sphere closer to the camera than the magenta sphere? Answer with yes or no.,Yes,Yes,22.75,17.6875,True
/data/shared/Qwen/mydisk/output/SYNTHETIC/NVILA-Lite-2B-SYNTHETIC_MIX_5PCT_2M-20260226_023301/checkpoint-12500,obj2_closer,output/phasevar_5/0002_phA15_phB10.png,Is the black sphere closer to the camera than the magenta sphere? Answer with yes or no.,Yes,Yes,21.53125,17.671875,True
/data/shared/Qwen/mydisk/output/SYNTHETIC/NVILA-Lite-2B-SYNTHETIC_MIX_5PCT_2M-20260226_023301/checkpoint-12500,obj2_closer,output/phasevar_5/0002_phA15_phB11.png,Is the black sphere closer to the camera than the magenta sphere? Answer with yes or no.,Yes,Yes,23.0,18.125,True
/data/shared/Qwen/mydisk/output/SYNTHETIC/NVILA-Lite-2B-SYNTHETIC_MIX_5PCT_2M-20260226_023301/checkpoint-12500,obj2_closer,output/phasevar_5/0002_phA15_phB12.png,Is the black sphere closer to the camera than the magenta sphere? Answer with yes or no.,Yes,Yes,23.0,17.921875,True
/data/shared/Qwen/mydisk/output/SYNTHETIC/NVILA-Lite-2B-SYNTHETIC_MIX_5PCT_2M-20260226_023301/checkpoint-12500,obj2_closer,output/phasevar_5/0002_phA15_phB13.png,Is the black sphere closer to the camera than the magenta sphere? Answer with yes or no.,Yes,Yes,22.671875,17.796875,True
/data/shared/Qwen/mydisk/output/SYNTHETIC/NVILA-Lite-2B-SYNTHETIC_MIX_5PCT_2M-20260226_023301/checkpoint-12500,obj2_closer,output/phasevar_5/0002_phA15_phB14.png,Is the black sphere closer to the camera than the magenta sphere? Answer with yes or no.,Yes,Yes,22.703125,17.828125,True
/data/shared/Qwen/mydisk/output/SYNTHETIC/NVILA-Lite-2B-SYNTHETIC_MIX_5PCT_2M-20260226_023301/checkpoint-12500,obj2_closer,output/phasevar_5/0002_phA15_phB15.png,Is the black sphere closer to the camera than the magenta sphere? Answer with yes or no.,Yes,Yes,22.890625,18.609375,True
/data/shared/Qwen/mydisk/output/SYNTHETIC/NVILA-Lite-2B-SYNTHETIC_MIX_5PCT_2M-20260226_023301/checkpoint-12500,obj2_closer,output/phasevar_5/0003_phA00_phB00.png,Is the blue sphere closer to the camera than the black sphere? Answer with yes or no.,Yes,Yes,23.203125,18.71875,True
/data/shared/Qwen/mydisk/output/SYNTHETIC/NVILA-Lite-2B-SYNTHETIC_MIX_5PCT_2M-20260226_023301/checkpoint-12500,obj2_closer,output/phasevar_5/0003_phA00_phB01.png,Is the blue sphere closer to the camera than the black sphere? Answer with yes or no.,Yes,Yes,23.609375,19.21875,True
/data/shared/Qwen/mydisk/output/SYNTHETIC/NVILA-Lite-2B-SYNTHETIC_MIX_5PCT_2M-20260226_023301/checkpoint-12500,obj2_closer,output/phasevar_5/0003_phA00_phB02.png,Is the blue sphere closer to the camera than the black sphere? Answer with yes or no.,Yes,Yes,23.015625,18.90625,True
/data/shared/Qwen/mydisk/output/SYNTHETIC/NVILA-Lite-2B-SYNTHETIC_MIX_5PCT_2M-20260226_023301/checkpoint-12500,obj2_closer,output/phasevar_5/0003_phA00_phB03.png,Is the blue sphere closer to the camera than the black sphere? Answer with yes or no.,Yes,Yes,25.734375,19.984375,True
/data/shared/Qwen/mydisk/output/SYNTHETIC/NVILA-Lite-2B-SYNTHETIC_MIX_5PCT_2M-20260226_023301/checkpoint-12500,obj2_closer,output/phasevar_5/0003_phA00_phB04.png,Is the blue sphere closer to the camera than the black sphere? Answer with yes or no.,Yes,Yes,25.84375,19.59375,True
/data/shared/Qwen/mydisk/output/SYNTHETIC/NVILA-Lite-2B-SYNTHETIC_MIX_5PCT_2M-20260226_023301/checkpoint-12500,obj2_closer,output/phasevar_5/0003_phA00_phB05.png,Is the blue sphere closer to the camera than the black sphere? Answer with yes or no.,Yes,Yes,24.65625,18.6875,True
/data/shared/Qwen/mydisk/output/SYNTHETIC/NVILA-Lite-2B-SYNTHETIC_MIX_5PCT_2M-20260226_023301/checkpoint-12500,obj2_closer,output/phasevar_5/0003_phA00_phB06.png,Is the blue sphere closer to the camera than the black sphere? Answer with yes or no.,Yes,Yes,23.234375,18.5,True
/data/shared/Qwen/mydisk/output/SYNTHETIC/NVILA-Lite-2B-SYNTHETIC_MIX_5PCT_2M-20260226_023301/checkpoint-12500,obj2_closer,output/phasevar_5/0003_phA00_phB07.png,Is the blue sphere closer to the camera than the black sphere? Answer with yes or no.,Yes,Yes,23.421875,17.9375,True
/data/shared/Qwen/mydisk/output/SYNTHETIC/NVILA-Lite-2B-SYNTHETIC_MIX_5PCT_2M-20260226_023301/checkpoint-12500,obj2_closer,output/phasevar_5/0003_phA00_phB08.png,Is the blue sphere closer to the camera than the black sphere? Answer with yes or no.,Yes,Yes,24.140625,18.5,True
/data/shared/Qwen/mydisk/output/SYNTHETIC/NVILA-Lite-2B-SYNTHETIC_MIX_5PCT_2M-20260226_023301/checkpoint-12500,obj2_closer,output/phasevar_5/0003_phA00_phB09.png,Is the blue sphere closer to the camera than the black sphere? Answer with yes or no.,Yes,Yes,23.3125,17.609375,True
/data/shared/Qwen/mydisk/output/SYNTHETIC/NVILA-Lite-2B-SYNTHETIC_MIX_5PCT_2M-20260226_023301/checkpoint-12500,obj2_closer,output/phasevar_5/0003_phA00_phB10.png,Is the blue sphere closer to the camera than the black sphere? Answer with yes or no.,Yes,Yes,22.78125,17.96875,True
/data/shared/Qwen/mydisk/output/SYNTHETIC/NVILA-Lite-2B-SYNTHETIC_MIX_5PCT_2M-20260226_023301/checkpoint-12500,obj2_closer,output/phasevar_5/0003_phA00_phB11.png,Is the blue sphere closer to the camera than the black sphere? Answer with yes or no.,Yes,Yes,23.734375,18.109375,True
/data/shared/Qwen/mydisk/output/SYNTHETIC/NVILA-Lite-2B-SYNTHETIC_MIX_5PCT_2M-20260226_023301/checkpoint-12500,obj2_closer,output/phasevar_5/0003_phA00_phB12.png,Is the blue sphere closer to the camera than the black sphere? Answer with yes or no.,Yes,Yes,23.65625,18.25,True
/data/shared/Qwen/mydisk/output/SYNTHETIC/NVILA-Lite-2B-SYNTHETIC_MIX_5PCT_2M-20260226_023301/checkpoint-12500,obj2_closer,output/phasevar_5/0003_phA00_phB13.png,Is the blue sphere closer to the camera than the black sphere? Answer with yes or no.,Yes,Yes,23.4375,18.21875,True
/data/shared/Qwen/mydisk/output/SYNTHETIC/NVILA-Lite-2B-SYNTHETIC_MIX_5PCT_2M-20260226_023301/checkpoint-12500,obj2_closer,output/phasevar_5/0003_phA00_phB14.png,Is the blue sphere closer to the camera than the black sphere? Answer with yes or no.,Yes,Yes,23.078125,18.421875,True
/data/shared/Qwen/mydisk/output/SYNTHETIC/NVILA-Lite-2B-SYNTHETIC_MIX_5PCT_2M-20260226_023301/checkpoint-12500,obj2_closer,output/phasevar_5/0003_phA00_phB15.png,Is the blue sphere closer to the camera than the black sphere? Answer with yes or no.,Yes,Yes,23.203125,18.421875,True
/data/shared/Qwen/mydisk/output/SYNTHETIC/NVILA-Lite-2B-SYNTHETIC_MIX_5PCT_2M-20260226_023301/checkpoint-12500,obj2_closer,output/phasevar_5/0003_phA01_phB00.png,Is the blue sphere closer to the camera than the black sphere? Answer with yes or no.,Yes,Yes,23.078125,18.453125,True
/data/shared/Qwen/mydisk/output/SYNTHETIC/NVILA-Lite-2B-SYNTHETIC_MIX_5PCT_2M-20260226_023301/checkpoint-12500,obj2_closer,output/phasevar_5/0003_phA01_phB01.png,Is the blue sphere closer to the camera than the black sphere? Answer with yes or no.,Yes,Yes,23.625,19.0,True
/data/shared/Qwen/mydisk/output/SYNTHETIC/NVILA-Lite-2B-SYNTHETIC_MIX_5PCT_2M-20260226_023301/checkpoint-12500,obj2_closer,output/phasevar_5/0003_phA01_phB02.png,Is the blue sphere closer to the camera than the black sphere? Answer with yes or no.,Yes,Yes,22.765625,18.625,True
/data/shared/Qwen/mydisk/output/SYNTHETIC/NVILA-Lite-2B-SYNTHETIC_MIX_5PCT_2M-20260226_023301/checkpoint-12500,obj2_closer,output/phasevar_5/0003_phA01_phB03.png,Is the blue sphere closer to the camera than the black sphere? Answer with yes or no.,Yes,Yes,25.34375,19.390625,True
/data/shared/Qwen/mydisk/output/SYNTHETIC/NVILA-Lite-2B-SYNTHETIC_MIX_5PCT_2M-20260226_023301/checkpoint-12500,obj2_closer,output/phasevar_5/0003_phA01_phB04.png,Is the blue sphere closer to the camera than the black sphere? Answer with yes or no.,Yes,Yes,25.328125,18.984375,True
/data/shared/Qwen/mydisk/output/SYNTHETIC/NVILA-Lite-2B-SYNTHETIC_MIX_5PCT_2M-20260226_023301/checkpoint-12500,obj2_closer,output/phasevar_5/0003_phA01_phB05.png,Is the blue sphere closer to the camera than the black sphere? Answer with yes or no.,Yes,Yes,24.28125,18.328125,True
/data/shared/Qwen/mydisk/output/SYNTHETIC/NVILA-Lite-2B-SYNTHETIC_MIX_5PCT_2M-20260226_023301/checkpoint-12500,obj2_closer,output/phasevar_5/0003_phA01_phB06.png,Is the blue sphere closer to the camera than the black sphere? Answer with yes or no.,Yes,Yes,22.953125,18.1875,True
/data/shared/Qwen/mydisk/output/SYNTHETIC/NVILA-Lite-2B-SYNTHETIC_MIX_5PCT_2M-20260226_023301/checkpoint-12500,obj2_closer,output/phasevar_5/0003_phA01_phB07.png,Is the blue sphere closer to the camera than the black sphere? Answer with yes or no.,Yes,Yes,23.1875,17.625,True
/data/shared/Qwen/mydisk/output/SYNTHETIC/NVILA-Lite-2B-SYNTHETIC_MIX_5PCT_2M-20260226_023301/checkpoint-12500,obj2_closer,output/phasevar_5/0003_phA01_phB08.png,Is the blue sphere closer to the camera than the black sphere? Answer with yes or no.,Yes,Yes,23.890625,18.3125,True
/data/shared/Qwen/mydisk/output/SYNTHETIC/NVILA-Lite-2B-SYNTHETIC_MIX_5PCT_2M-20260226_023301/checkpoint-12500,obj2_closer,output/phasevar_5/0003_phA01_phB09.png,Is the blue sphere closer to the camera than the black sphere? Answer with yes or no.,Yes,Yes,23.125,17.359375,True
/data/shared/Qwen/mydisk/output/SYNTHETIC/NVILA-Lite-2B-SYNTHETIC_MIX_5PCT_2M-20260226_023301/checkpoint-12500,obj2_closer,output/phasevar_5/0003_phA01_phB10.png,Is the blue sphere closer to the camera than the black sphere? Answer with yes or no.,Yes,Yes,22.703125,17.953125,True
/data/shared/Qwen/mydisk/output/SYNTHETIC/NVILA-Lite-2B-SYNTHETIC_MIX_5PCT_2M-20260226_023301/checkpoint-12500,obj2_closer,output/phasevar_5/0003_phA01_phB11.png,Is the blue sphere closer to the camera than the black sphere? Answer with yes or no.,Yes,Yes,23.546875,17.875,True
/data/shared/Qwen/mydisk/output/SYNTHETIC/NVILA-Lite-2B-SYNTHETIC_MIX_5PCT_2M-20260226_023301/checkpoint-12500,obj2_closer,output/phasevar_5/0003_phA01_phB12.png,Is the blue sphere closer to the camera than the black sphere? Answer with yes or no.,Yes,Yes,23.390625,17.921875,True
/data/shared/Qwen/mydisk/output/SYNTHETIC/NVILA-Lite-2B-SYNTHETIC_MIX_5PCT_2M-20260226_023301/checkpoint-12500,obj2_closer,output/phasevar_5/0003_phA01_phB13.png,Is the blue sphere closer to the camera than the black sphere? Answer with yes or no.,Yes,Yes,23.203125,18.015625,True
/data/shared/Qwen/mydisk/output/SYNTHETIC/NVILA-Lite-2B-SYNTHETIC_MIX_5PCT_2M-20260226_023301/checkpoint-12500,obj2_closer,output/phasevar_5/0003_phA01_phB14.png,Is the blue sphere closer to the camera than the black sphere? Answer with yes or no.,Yes,Yes,22.859375,18.15625,True
/data/shared/Qwen/mydisk/output/SYNTHETIC/NVILA-Lite-2B-SYNTHETIC_MIX_5PCT_2M-20260226_023301/checkpoint-12500,obj2_closer,output/phasevar_5/0003_phA01_phB15.png,Is the blue sphere closer to the camera than the black sphere? Answer with yes or no.,Yes,Yes,23.21875,18.28125,True
/data/shared/Qwen/mydisk/output/SYNTHETIC/NVILA-Lite-2B-SYNTHETIC_MIX_5PCT_2M-20260226_023301/checkpoint-12500,obj2_closer,output/phasevar_5/0003_phA02_phB00.png,Is the blue sphere closer to the camera than the black sphere? Answer with yes or no.,Yes,Yes,22.296875,18.171875,True
/data/shared/Qwen/mydisk/output/SYNTHETIC/NVILA-Lite-2B-SYNTHETIC_MIX_5PCT_2M-20260226_023301/checkpoint-12500,obj2_closer,output/phasevar_5/0003_phA02_phB01.png,Is the blue sphere closer to the camera than the black sphere? Answer with yes or no.,Yes,Yes,22.90625,18.5625,True
/data/shared/Qwen/mydisk/output/SYNTHETIC/NVILA-Lite-2B-SYNTHETIC_MIX_5PCT_2M-20260226_023301/checkpoint-12500,obj2_closer,output/phasevar_5/0003_phA02_phB02.png,Is the blue sphere closer to the camera than the black sphere? Answer with yes or no.,Yes,Yes,22.34375,18.265625,True
/data/shared/Qwen/mydisk/output/SYNTHETIC/NVILA-Lite-2B-SYNTHETIC_MIX_5PCT_2M-20260226_023301/checkpoint-12500,obj2_closer,output/phasevar_5/0003_phA02_phB03.png,Is the blue sphere closer to the camera than the black sphere? Answer with yes or no.,Yes,Yes,24.859375,19.0625,True
/data/shared/Qwen/mydisk/output/SYNTHETIC/NVILA-Lite-2B-SYNTHETIC_MIX_5PCT_2M-20260226_023301/checkpoint-12500,obj2_closer,output/phasevar_5/0003_phA02_phB04.png,Is the blue sphere closer to the camera than the black sphere? Answer with yes or no.,Yes,Yes,24.9375,18.625,True
/data/shared/Qwen/mydisk/output/SYNTHETIC/NVILA-Lite-2B-SYNTHETIC_MIX_5PCT_2M-20260226_023301/checkpoint-12500,obj2_closer,output/phasevar_5/0003_phA02_phB05.png,Is the blue sphere closer to the camera than the black sphere? Answer with yes or no.,Yes,Yes,24.0625,18.0,True
/data/shared/Qwen/mydisk/output/SYNTHETIC/NVILA-Lite-2B-SYNTHETIC_MIX_5PCT_2M-20260226_023301/checkpoint-12500,obj2_closer,output/phasevar_5/0003_phA02_phB06.png,Is the blue sphere closer to the camera than the black sphere? Answer with yes or no.,Yes,Yes,22.421875,17.71875,True
/data/shared/Qwen/mydisk/output/SYNTHETIC/NVILA-Lite-2B-SYNTHETIC_MIX_5PCT_2M-20260226_023301/checkpoint-12500,obj2_closer,output/phasevar_5/0003_phA02_phB07.png,Is the blue sphere closer to the camera than the black sphere? Answer with yes or no.,Yes,Yes,22.71875,17.453125,True
/data/shared/Qwen/mydisk/output/SYNTHETIC/NVILA-Lite-2B-SYNTHETIC_MIX_5PCT_2M-20260226_023301/checkpoint-12500,obj2_closer,output/phasevar_5/0003_phA02_phB08.png,Is the blue sphere closer to the camera than the black sphere? Answer with yes or no.,Yes,Yes,23.40625,18.359375,True
/data/shared/Qwen/mydisk/output/SYNTHETIC/NVILA-Lite-2B-SYNTHETIC_MIX_5PCT_2M-20260226_023301/checkpoint-12500,obj2_closer,output/phasevar_5/0003_phA02_phB09.png,Is the blue sphere closer to the camera than the black sphere? Answer with yes or no.,Yes,Yes,22.90625,17.65625,True
/data/shared/Qwen/mydisk/output/SYNTHETIC/NVILA-Lite-2B-SYNTHETIC_MIX_5PCT_2M-20260226_023301/checkpoint-12500,obj2_closer,output/phasevar_5/0003_phA02_phB10.png,Is the blue sphere closer to the camera than the black sphere? Answer with yes or no.,Yes,Yes,22.484375,18.15625,True
/data/shared/Qwen/mydisk/output/SYNTHETIC/NVILA-Lite-2B-SYNTHETIC_MIX_5PCT_2M-20260226_023301/checkpoint-12500,obj2_closer,output/phasevar_5/0003_phA02_phB11.png,Is the blue sphere closer to the camera than the black sphere? Answer with yes or no.,Yes,Yes,23.3125,18.296875,True
/data/shared/Qwen/mydisk/output/SYNTHETIC/NVILA-Lite-2B-SYNTHETIC_MIX_5PCT_2M-20260226_023301/checkpoint-12500,obj2_closer,output/phasevar_5/0003_phA02_phB12.png,Is the blue sphere closer to the camera than the black sphere? Answer with yes or no.,Yes,Yes,23.046875,18.34375,True
/data/shared/Qwen/mydisk/output/SYNTHETIC/NVILA-Lite-2B-SYNTHETIC_MIX_5PCT_2M-20260226_023301/checkpoint-12500,obj2_closer,output/phasevar_5/0003_phA02_phB13.png,Is the blue sphere closer to the camera than the black sphere? Answer with yes or no.,Yes,Yes,22.84375,18.4375,True
/data/shared/Qwen/mydisk/output/SYNTHETIC/NVILA-Lite-2B-SYNTHETIC_MIX_5PCT_2M-20260226_023301/checkpoint-12500,obj2_closer,output/phasevar_5/0003_phA02_phB14.png,Is the blue sphere closer to the camera than the black sphere? Answer with yes or no.,Yes,Yes,22.453125,18.09375,True
/data/shared/Qwen/mydisk/output/SYNTHETIC/NVILA-Lite-2B-SYNTHETIC_MIX_5PCT_2M-20260226_023301/checkpoint-12500,obj2_closer,output/phasevar_5/0003_phA02_phB15.png,Is the blue sphere closer to the camera than the black sphere? Answer with yes or no.,Yes,Yes,22.59375,18.203125,True
/data/shared/Qwen/mydisk/output/SYNTHETIC/NVILA-Lite-2B-SYNTHETIC_MIX_5PCT_2M-20260226_023301/checkpoint-12500,obj2_closer,output/phasevar_5/0003_phA03_phB00.png,Is the blue sphere closer to the camera than the black sphere? Answer with yes or no.,Yes,Yes,22.53125,18.4375,True
/data/shared/Qwen/mydisk/output/SYNTHETIC/NVILA-Lite-2B-SYNTHETIC_MIX_5PCT_2M-20260226_023301/checkpoint-12500,obj2_closer,output/phasevar_5/0003_phA03_phB01.png,Is the blue sphere closer to the camera than the black sphere? Answer with yes or no.,Yes,Yes,23.421875,18.828125,True
/data/shared/Qwen/mydisk/output/SYNTHETIC/NVILA-Lite-2B-SYNTHETIC_MIX_5PCT_2M-20260226_023301/checkpoint-12500,obj2_closer,output/phasevar_5/0003_phA03_phB02.png,Is the blue sphere closer to the camera than the black sphere? Answer with yes or no.,Yes,Yes,22.546875,18.484375,True
/data/shared/Qwen/mydisk/output/SYNTHETIC/NVILA-Lite-2B-SYNTHETIC_MIX_5PCT_2M-20260226_023301/checkpoint-12500,obj2_closer,output/phasevar_5/0003_phA03_phB03.png,Is the blue sphere closer to the camera than the black sphere? Answer with yes or no.,Yes,Yes,25.265625,19.59375,True
/data/shared/Qwen/mydisk/output/SYNTHETIC/NVILA-Lite-2B-SYNTHETIC_MIX_5PCT_2M-20260226_023301/checkpoint-12500,obj2_closer,output/phasevar_5/0003_phA03_phB04.png,Is the blue sphere closer to the camera than the black sphere? Answer with yes or no.,Yes,Yes,25.390625,18.71875,True
/data/shared/Qwen/mydisk/output/SYNTHETIC/NVILA-Lite-2B-SYNTHETIC_MIX_5PCT_2M-20260226_023301/checkpoint-12500,obj2_closer,output/phasevar_5/0003_phA03_phB05.png,Is the blue sphere closer to the camera than the black sphere? Answer with yes or no.,Yes,Yes,23.859375,17.84375,True
/data/shared/Qwen/mydisk/output/SYNTHETIC/NVILA-Lite-2B-SYNTHETIC_MIX_5PCT_2M-20260226_023301/checkpoint-12500,obj2_closer,output/phasevar_5/0003_phA03_phB06.png,Is the blue sphere closer to the camera than the black sphere? Answer with yes or no.,Yes,Yes,21.96875,17.328125,True
/data/shared/Qwen/mydisk/output/SYNTHETIC/NVILA-Lite-2B-SYNTHETIC_MIX_5PCT_2M-20260226_023301/checkpoint-12500,obj2_closer,output/phasevar_5/0003_phA03_phB07.png,Is the blue sphere closer to the camera than the black sphere? Answer with yes or no.,Yes,Yes,22.171875,16.984375,True
/data/shared/Qwen/mydisk/output/SYNTHETIC/NVILA-Lite-2B-SYNTHETIC_MIX_5PCT_2M-20260226_023301/checkpoint-12500,obj2_closer,output/phasevar_5/0003_phA03_phB08.png,Is the blue sphere closer to the camera than the black sphere? Answer with yes or no.,Yes,Yes,23.015625,17.921875,True
/data/shared/Qwen/mydisk/output/SYNTHETIC/NVILA-Lite-2B-SYNTHETIC_MIX_5PCT_2M-20260226_023301/checkpoint-12500,obj2_closer,output/phasevar_5/0003_phA03_phB09.png,Is the blue sphere closer to the camera than the black sphere? Answer with yes or no.,Yes,Yes,22.609375,17.140625,True
/data/shared/Qwen/mydisk/output/SYNTHETIC/NVILA-Lite-2B-SYNTHETIC_MIX_5PCT_2M-20260226_023301/checkpoint-12500,obj2_closer,output/phasevar_5/0003_phA03_phB10.png,Is the blue sphere closer to the camera than the black sphere? Answer with yes or no.,Yes,Yes,22.359375,17.765625,True
/data/shared/Qwen/mydisk/output/SYNTHETIC/NVILA-Lite-2B-SYNTHETIC_MIX_5PCT_2M-20260226_023301/checkpoint-12500,obj2_closer,output/phasevar_5/0003_phA03_phB11.png,Is the blue sphere closer to the camera than the black sphere? Answer with yes or no.,Yes,Yes,23.28125,17.84375,True
/data/shared/Qwen/mydisk/output/SYNTHETIC/NVILA-Lite-2B-SYNTHETIC_MIX_5PCT_2M-20260226_023301/checkpoint-12500,obj2_closer,output/phasevar_5/0003_phA03_phB12.png,Is the blue sphere closer to the camera than the black sphere? Answer with yes or no.,Yes,Yes,23.28125,18.046875,True
/data/shared/Qwen/mydisk/output/SYNTHETIC/NVILA-Lite-2B-SYNTHETIC_MIX_5PCT_2M-20260226_023301/checkpoint-12500,obj2_closer,output/phasevar_5/0003_phA03_phB13.png,Is the blue sphere closer to the camera than the black sphere? Answer with yes or no.,Yes,Yes,23.203125,18.40625,True
/data/shared/Qwen/mydisk/output/SYNTHETIC/NVILA-Lite-2B-SYNTHETIC_MIX_5PCT_2M-20260226_023301/checkpoint-12500,obj2_closer,output/phasevar_5/0003_phA03_phB14.png,Is the blue sphere closer to the camera than the black sphere? Answer with yes or no.,Yes,Yes,22.8125,18.359375,True
/data/shared/Qwen/mydisk/output/SYNTHETIC/NVILA-Lite-2B-SYNTHETIC_MIX_5PCT_2M-20260226_023301/checkpoint-12500,obj2_closer,output/phasevar_5/0003_phA03_phB15.png,Is the blue sphere closer to the camera than the black sphere? Answer with yes or no.,Yes,Yes,22.9375,18.484375,True
/data/shared/Qwen/mydisk/output/SYNTHETIC/NVILA-Lite-2B-SYNTHETIC_MIX_5PCT_2M-20260226_023301/checkpoint-12500,obj2_closer,output/phasevar_5/0003_phA04_phB00.png,Is the blue sphere closer to the camera than the black sphere? Answer with yes or no.,Yes,Yes,22.65625,18.5625,True
/data/shared/Qwen/mydisk/output/SYNTHETIC/NVILA-Lite-2B-SYNTHETIC_MIX_5PCT_2M-20260226_023301/checkpoint-12500,obj2_closer,output/phasevar_5/0003_phA04_phB01.png,Is the blue sphere closer to the camera than the black sphere? Answer with yes or no.,Yes,Yes,23.421875,18.890625,True
/data/shared/Qwen/mydisk/output/SYNTHETIC/NVILA-Lite-2B-SYNTHETIC_MIX_5PCT_2M-20260226_023301/checkpoint-12500,obj2_closer,output/phasevar_5/0003_phA04_phB02.png,Is the blue sphere closer to the camera than the black sphere? Answer with yes or no.,Yes,Yes,22.8125,18.734375,True
/data/shared/Qwen/mydisk/output/SYNTHETIC/NVILA-Lite-2B-SYNTHETIC_MIX_5PCT_2M-20260226_023301/checkpoint-12500,obj2_closer,output/phasevar_5/0003_phA04_phB03.png,Is the blue sphere closer to the camera than the black sphere? Answer with yes or no.,Yes,Yes,25.640625,20.046875,True
/data/shared/Qwen/mydisk/output/SYNTHETIC/NVILA-Lite-2B-SYNTHETIC_MIX_5PCT_2M-20260226_023301/checkpoint-12500,obj2_closer,output/phasevar_5/0003_phA04_phB04.png,Is the blue sphere closer to the camera than the black sphere? Answer with yes or no.,Yes,Yes,25.65625,19.109375,True
/data/shared/Qwen/mydisk/output/SYNTHETIC/NVILA-Lite-2B-SYNTHETIC_MIX_5PCT_2M-20260226_023301/checkpoint-12500,obj2_closer,output/phasevar_5/0003_phA04_phB05.png,Is the blue sphere closer to the camera than the black sphere? Answer with yes or no.,Yes,Yes,23.890625,17.890625,True
/data/shared/Qwen/mydisk/output/SYNTHETIC/NVILA-Lite-2B-SYNTHETIC_MIX_5PCT_2M-20260226_023301/checkpoint-12500,obj2_closer,output/phasevar_5/0003_phA04_phB06.png,Is the blue sphere closer to the camera than the black sphere? Answer with yes or no.,Yes,Yes,21.921875,17.265625,True
/data/shared/Qwen/mydisk/output/SYNTHETIC/NVILA-Lite-2B-SYNTHETIC_MIX_5PCT_2M-20260226_023301/checkpoint-12500,obj2_closer,output/phasevar_5/0003_phA04_phB07.png,Is the blue sphere closer to the camera than the black sphere? Answer with yes or no.,Yes,Yes,21.953125,16.765625,True
/data/shared/Qwen/mydisk/output/SYNTHETIC/NVILA-Lite-2B-SYNTHETIC_MIX_5PCT_2M-20260226_023301/checkpoint-12500,obj2_closer,output/phasevar_5/0003_phA04_phB08.png,Is the blue sphere closer to the camera than the black sphere? Answer with yes or no.,Yes,Yes,22.671875,17.640625,True
/data/shared/Qwen/mydisk/output/SYNTHETIC/NVILA-Lite-2B-SYNTHETIC_MIX_5PCT_2M-20260226_023301/checkpoint-12500,obj2_closer,output/phasevar_5/0003_phA04_phB09.png,Is the blue sphere closer to the camera than the black sphere? Answer with yes or no.,Yes,Yes,22.1875,16.828125,True
/data/shared/Qwen/mydisk/output/SYNTHETIC/NVILA-Lite-2B-SYNTHETIC_MIX_5PCT_2M-20260226_023301/checkpoint-12500,obj2_closer,output/phasevar_5/0003_phA04_phB10.png,Is the blue sphere closer to the camera than the black sphere? Answer with yes or no.,Yes,Yes,21.984375,17.484375,True
/data/shared/Qwen/mydisk/output/SYNTHETIC/NVILA-Lite-2B-SYNTHETIC_MIX_5PCT_2M-20260226_023301/checkpoint-12500,obj2_closer,output/phasevar_5/0003_phA04_phB11.png,Is the blue sphere closer to the camera than the black sphere? Answer with yes or no.,Yes,Yes,23.109375,17.59375,True
/data/shared/Qwen/mydisk/output/SYNTHETIC/NVILA-Lite-2B-SYNTHETIC_MIX_5PCT_2M-20260226_023301/checkpoint-12500,obj2_closer,output/phasevar_5/0003_phA04_phB12.png,Is the blue sphere closer to the camera than the black sphere? Answer with yes or no.,Yes,Yes,23.3125,18.046875,True
/data/shared/Qwen/mydisk/output/SYNTHETIC/NVILA-Lite-2B-SYNTHETIC_MIX_5PCT_2M-20260226_023301/checkpoint-12500,obj2_closer,output/phasevar_5/0003_phA04_phB13.png,Is the blue sphere closer to the camera than the black sphere? Answer with yes or no.,Yes,Yes,23.359375,18.546875,True
/data/shared/Qwen/mydisk/output/SYNTHETIC/NVILA-Lite-2B-SYNTHETIC_MIX_5PCT_2M-20260226_023301/checkpoint-12500,obj2_closer,output/phasevar_5/0003_phA04_phB14.png,Is the blue sphere closer to the camera than the black sphere? Answer with yes or no.,Yes,Yes,22.828125,18.53125,True
/data/shared/Qwen/mydisk/output/SYNTHETIC/NVILA-Lite-2B-SYNTHETIC_MIX_5PCT_2M-20260226_023301/checkpoint-12500,obj2_closer,output/phasevar_5/0003_phA04_phB15.png,Is the blue sphere closer to the camera than the black sphere? Answer with yes or no.,Yes,Yes,23.0,18.640625,True
/data/shared/Qwen/mydisk/output/SYNTHETIC/NVILA-Lite-2B-SYNTHETIC_MIX_5PCT_2M-20260226_023301/checkpoint-12500,obj2_closer,output/phasevar_5/0003_phA05_phB00.png,Is the blue sphere closer to the camera than the black sphere? Answer with yes or no.,Yes,Yes,22.609375,18.625,True
/data/shared/Qwen/mydisk/output/SYNTHETIC/NVILA-Lite-2B-SYNTHETIC_MIX_5PCT_2M-20260226_023301/checkpoint-12500,obj2_closer,output/phasevar_5/0003_phA05_phB01.png,Is the blue sphere closer to the camera than the black sphere? Answer with yes or no.,Yes,Yes,23.28125,18.984375,True
/data/shared/Qwen/mydisk/output/SYNTHETIC/NVILA-Lite-2B-SYNTHETIC_MIX_5PCT_2M-20260226_023301/checkpoint-12500,obj2_closer,output/phasevar_5/0003_phA05_phB02.png,Is the blue sphere closer to the camera than the black sphere? Answer with yes or no.,Yes,Yes,23.0,18.9375,True
/data/shared/Qwen/mydisk/output/SYNTHETIC/NVILA-Lite-2B-SYNTHETIC_MIX_5PCT_2M-20260226_023301/checkpoint-12500,obj2_closer,output/phasevar_5/0003_phA05_phB03.png,Is the blue sphere closer to the camera than the black sphere? Answer with yes or no.,Yes,Yes,25.875,20.3125,True
/data/shared/Qwen/mydisk/output/SYNTHETIC/NVILA-Lite-2B-SYNTHETIC_MIX_5PCT_2M-20260226_023301/checkpoint-12500,obj2_closer,output/phasevar_5/0003_phA05_phB04.png,Is the blue sphere closer to the camera than the black sphere? Answer with yes or no.,Yes,Yes,25.890625,19.4375,True
/data/shared/Qwen/mydisk/output/SYNTHETIC/NVILA-Lite-2B-SYNTHETIC_MIX_5PCT_2M-20260226_023301/checkpoint-12500,obj2_closer,output/phasevar_5/0003_phA05_phB05.png,Is the blue sphere closer to the camera than the black sphere? Answer with yes or no.,Yes,Yes,23.875,17.953125,True
/data/shared/Qwen/mydisk/output/SYNTHETIC/NVILA-Lite-2B-SYNTHETIC_MIX_5PCT_2M-20260226_023301/checkpoint-12500,obj2_closer,output/phasevar_5/0003_phA05_phB06.png,Is the blue sphere closer to the camera than the black sphere? Answer with yes or no.,Yes,Yes,21.59375,17.265625,True
/data/shared/Qwen/mydisk/output/SYNTHETIC/NVILA-Lite-2B-SYNTHETIC_MIX_5PCT_2M-20260226_023301/checkpoint-12500,obj2_closer,output/phasevar_5/0003_phA05_phB07.png,Is the blue sphere closer to the camera than the black sphere? Answer with yes or no.,Yes,Yes,21.71875,16.75,True
/data/shared/Qwen/mydisk/output/SYNTHETIC/NVILA-Lite-2B-SYNTHETIC_MIX_5PCT_2M-20260226_023301/checkpoint-12500,obj2_closer,output/phasevar_5/0003_phA05_phB08.png,Is the blue sphere closer to the camera than the black sphere? Answer with yes or no.,Yes,Yes,22.359375,17.453125,True
/data/shared/Qwen/mydisk/output/SYNTHETIC/NVILA-Lite-2B-SYNTHETIC_MIX_5PCT_2M-20260226_023301/checkpoint-12500,obj2_closer,output/phasevar_5/0003_phA05_phB09.png,Is the blue sphere closer to the camera than the black sphere? Answer with yes or no.,Yes,Yes,22.0,16.6875,True
/data/shared/Qwen/mydisk/output/SYNTHETIC/NVILA-Lite-2B-SYNTHETIC_MIX_5PCT_2M-20260226_023301/checkpoint-12500,obj2_closer,output/phasevar_5/0003_phA05_phB10.png,Is the blue sphere closer to the camera than the black sphere? Answer with yes or no.,Yes,Yes,22.046875,17.421875,True
/data/shared/Qwen/mydisk/output/SYNTHETIC/NVILA-Lite-2B-SYNTHETIC_MIX_5PCT_2M-20260226_023301/checkpoint-12500,obj2_closer,output/phasevar_5/0003_phA05_phB11.png,Is the blue sphere closer to the camera than the black sphere? Answer with yes or no.,Yes,Yes,23.0625,17.625,True
/data/shared/Qwen/mydisk/output/SYNTHETIC/NVILA-Lite-2B-SYNTHETIC_MIX_5PCT_2M-20260226_023301/checkpoint-12500,obj2_closer,output/phasevar_5/0003_phA05_phB12.png,Is the blue sphere closer to the camera than the black sphere? Answer with yes or no.,Yes,Yes,23.453125,18.296875,True
/data/shared/Qwen/mydisk/output/SYNTHETIC/NVILA-Lite-2B-SYNTHETIC_MIX_5PCT_2M-20260226_023301/checkpoint-12500,obj2_closer,output/phasevar_5/0003_phA05_phB13.png,Is the blue sphere closer to the camera than the black sphere? Answer with yes or no.,Yes,Yes,23.53125,18.859375,True
/data/shared/Qwen/mydisk/output/SYNTHETIC/NVILA-Lite-2B-SYNTHETIC_MIX_5PCT_2M-20260226_023301/checkpoint-12500,obj2_closer,output/phasevar_5/0003_phA05_phB14.png,Is the blue sphere closer to the camera than the black sphere? Answer with yes or no.,Yes,Yes,23.15625,18.75,True
/data/shared/Qwen/mydisk/output/SYNTHETIC/NVILA-Lite-2B-SYNTHETIC_MIX_5PCT_2M-20260226_023301/checkpoint-12500,obj2_closer,output/phasevar_5/0003_phA05_phB15.png,Is the blue sphere closer to the camera than the black sphere? Answer with yes or no.,Yes,Yes,23.0625,18.75,True
/data/shared/Qwen/mydisk/output/SYNTHETIC/NVILA-Lite-2B-SYNTHETIC_MIX_5PCT_2M-20260226_023301/checkpoint-12500,obj2_closer,output/phasevar_5/0003_phA06_phB00.png,Is the blue sphere closer to the camera than the black sphere? Answer with yes or no.,Yes,Yes,22.21875,18.90625,True
/data/shared/Qwen/mydisk/output/SYNTHETIC/NVILA-Lite-2B-SYNTHETIC_MIX_5PCT_2M-20260226_023301/checkpoint-12500,obj2_closer,output/phasevar_5/0003_phA06_phB01.png,Is the blue sphere closer to the camera than the black sphere? Answer with yes or no.,Yes,Yes,22.953125,19.265625,True
/data/shared/Qwen/mydisk/output/SYNTHETIC/NVILA-Lite-2B-SYNTHETIC_MIX_5PCT_2M-20260226_023301/checkpoint-12500,obj2_closer,output/phasevar_5/0003_phA06_phB02.png,Is the blue sphere closer to the camera than the black sphere? Answer with yes or no.,Yes,Yes,23.171875,19.515625,True
/data/shared/Qwen/mydisk/output/SYNTHETIC/NVILA-Lite-2B-SYNTHETIC_MIX_5PCT_2M-20260226_023301/checkpoint-12500,obj2_closer,output/phasevar_5/0003_phA06_phB03.png,Is the blue sphere closer to the camera than the black sphere? Answer with yes or no.,Yes,Yes,25.71875,20.71875,True
/data/shared/Qwen/mydisk/output/SYNTHETIC/NVILA-Lite-2B-SYNTHETIC_MIX_5PCT_2M-20260226_023301/checkpoint-12500,obj2_closer,output/phasevar_5/0003_phA06_phB04.png,Is the blue sphere closer to the camera than the black sphere? Answer with yes or no.,Yes,Yes,25.875,20.171875,True
/data/shared/Qwen/mydisk/output/SYNTHETIC/NVILA-Lite-2B-SYNTHETIC_MIX_5PCT_2M-20260226_023301/checkpoint-12500,obj2_closer,output/phasevar_5/0003_phA06_phB05.png,Is the blue sphere closer to the camera than the black sphere? Answer with yes or no.,Yes,Yes,24.015625,18.6875,True
/data/shared/Qwen/mydisk/output/SYNTHETIC/NVILA-Lite-2B-SYNTHETIC_MIX_5PCT_2M-20260226_023301/checkpoint-12500,obj2_closer,output/phasevar_5/0003_phA06_phB06.png,Is the blue sphere closer to the camera than the black sphere? Answer with yes or no.,Yes,Yes,21.546875,18.015625,True
/data/shared/Qwen/mydisk/output/SYNTHETIC/NVILA-Lite-2B-SYNTHETIC_MIX_5PCT_2M-20260226_023301/checkpoint-12500,obj2_closer,output/phasevar_5/0003_phA06_phB07.png,Is the blue sphere closer to the camera than the black sphere? Answer with yes or no.,Yes,Yes,21.515625,17.390625,True
/data/shared/Qwen/mydisk/output/SYNTHETIC/NVILA-Lite-2B-SYNTHETIC_MIX_5PCT_2M-20260226_023301/checkpoint-12500,obj2_closer,output/phasevar_5/0003_phA06_phB08.png,Is the blue sphere closer to the camera than the black sphere? Answer with yes or no.,Yes,Yes,21.625,18.046875,True
/data/shared/Qwen/mydisk/output/SYNTHETIC/NVILA-Lite-2B-SYNTHETIC_MIX_5PCT_2M-20260226_023301/checkpoint-12500,obj2_closer,output/phasevar_5/0003_phA06_phB09.png,Is the blue sphere closer to the camera than the black sphere? Answer with yes or no.,Yes,Yes,21.5,17.640625,True
/data/shared/Qwen/mydisk/output/SYNTHETIC/NVILA-Lite-2B-SYNTHETIC_MIX_5PCT_2M-20260226_023301/checkpoint-12500,obj2_closer,output/phasevar_5/0003_phA06_phB10.png,Is the blue sphere closer to the camera than the black sphere? Answer with yes or no.,Yes,Yes,21.796875,18.375,True
/data/shared/Qwen/mydisk/output/SYNTHETIC/NVILA-Lite-2B-SYNTHETIC_MIX_5PCT_2M-20260226_023301/checkpoint-12500,obj2_closer,output/phasevar_5/0003_phA06_phB11.png,Is the blue sphere closer to the camera than the black sphere? Answer with yes or no.,Yes,Yes,22.625,18.671875,True
/data/shared/Qwen/mydisk/output/SYNTHETIC/NVILA-Lite-2B-SYNTHETIC_MIX_5PCT_2M-20260226_023301/checkpoint-12500,obj2_closer,output/phasevar_5/0003_phA06_phB12.png,Is the blue sphere closer to the camera than the black sphere? Answer with yes or no.,Yes,Yes,23.0625,19.0,True
/data/shared/Qwen/mydisk/output/SYNTHETIC/NVILA-Lite-2B-SYNTHETIC_MIX_5PCT_2M-20260226_023301/checkpoint-12500,obj2_closer,output/phasevar_5/0003_phA06_phB13.png,Is the blue sphere closer to the camera than the black sphere? Answer with yes or no.,Yes,Yes,22.921875,19.4375,True
/data/shared/Qwen/mydisk/output/SYNTHETIC/NVILA-Lite-2B-SYNTHETIC_MIX_5PCT_2M-20260226_023301/checkpoint-12500,obj2_closer,output/phasevar_5/0003_phA06_phB14.png,Is the blue sphere closer to the camera than the black sphere? Answer with yes or no.,Yes,Yes,23.140625,19.453125,True
/data/shared/Qwen/mydisk/output/SYNTHETIC/NVILA-Lite-2B-SYNTHETIC_MIX_5PCT_2M-20260226_023301/checkpoint-12500,obj2_closer,output/phasevar_5/0003_phA06_phB15.png,Is the blue sphere closer to the camera than the black sphere? Answer with yes or no.,Yes,Yes,22.6875,19.125,True
/data/shared/Qwen/mydisk/output/SYNTHETIC/NVILA-Lite-2B-SYNTHETIC_MIX_5PCT_2M-20260226_023301/checkpoint-12500,obj2_closer,output/phasevar_5/0003_phA07_phB00.png,Is the blue sphere closer to the camera than the black sphere? Answer with yes or no.,Yes,Yes,22.90625,19.0625,True
/data/shared/Qwen/mydisk/output/SYNTHETIC/NVILA-Lite-2B-SYNTHETIC_MIX_5PCT_2M-20260226_023301/checkpoint-12500,obj2_closer,output/phasevar_5/0003_phA07_phB01.png,Is the blue sphere closer to the camera than the black sphere? Answer with yes or no.,Yes,Yes,23.578125,19.515625,True
/data/shared/Qwen/mydisk/output/SYNTHETIC/NVILA-Lite-2B-SYNTHETIC_MIX_5PCT_2M-20260226_023301/checkpoint-12500,obj2_closer,output/phasevar_5/0003_phA07_phB02.png,Is the blue sphere closer to the camera than the black sphere? Answer with yes or no.,Yes,Yes,23.203125,19.484375,True
/data/shared/Qwen/mydisk/output/SYNTHETIC/NVILA-Lite-2B-SYNTHETIC_MIX_5PCT_2M-20260226_023301/checkpoint-12500,obj2_closer,output/phasevar_5/0003_phA07_phB03.png,Is the blue sphere closer to the camera than the black sphere? Answer with yes or no.,Yes,Yes,26.015625,20.765625,True
/data/shared/Qwen/mydisk/output/SYNTHETIC/NVILA-Lite-2B-SYNTHETIC_MIX_5PCT_2M-20260226_023301/checkpoint-12500,obj2_closer,output/phasevar_5/0003_phA07_phB04.png,Is the blue sphere closer to the camera than the black sphere? Answer with yes or no.,Yes,Yes,26.1875,20.3125,True
/data/shared/Qwen/mydisk/output/SYNTHETIC/NVILA-Lite-2B-SYNTHETIC_MIX_5PCT_2M-20260226_023301/checkpoint-12500,obj2_closer,output/phasevar_5/0003_phA07_phB05.png,Is the blue sphere closer to the camera than the black sphere? Answer with yes or no.,Yes,Yes,24.53125,19.03125,True
/data/shared/Qwen/mydisk/output/SYNTHETIC/NVILA-Lite-2B-SYNTHETIC_MIX_5PCT_2M-20260226_023301/checkpoint-12500,obj2_closer,output/phasevar_5/0003_phA07_phB06.png,Is the blue sphere closer to the camera than the black sphere? Answer with yes or no.,Yes,Yes,21.796875,18.125,True
/data/shared/Qwen/mydisk/output/SYNTHETIC/NVILA-Lite-2B-SYNTHETIC_MIX_5PCT_2M-20260226_023301/checkpoint-12500,obj2_closer,output/phasevar_5/0003_phA07_phB07.png,Is the blue sphere closer to the camera than the black sphere? Answer with yes or no.,Yes,Yes,21.875,17.53125,True
/data/shared/Qwen/mydisk/output/SYNTHETIC/NVILA-Lite-2B-SYNTHETIC_MIX_5PCT_2M-20260226_023301/checkpoint-12500,obj2_closer,output/phasevar_5/0003_phA07_phB08.png,Is the blue sphere closer to the camera than the black sphere? Answer with yes or no.,Yes,Yes,22.421875,17.703125,True
/data/shared/Qwen/mydisk/output/SYNTHETIC/NVILA-Lite-2B-SYNTHETIC_MIX_5PCT_2M-20260226_023301/checkpoint-12500,obj2_closer,output/phasevar_5/0003_phA07_phB09.png,Is the blue sphere closer to the camera than the black sphere? Answer with yes or no.,Yes,Yes,21.796875,17.078125,True
/data/shared/Qwen/mydisk/output/SYNTHETIC/NVILA-Lite-2B-SYNTHETIC_MIX_5PCT_2M-20260226_023301/checkpoint-12500,obj2_closer,output/phasevar_5/0003_phA07_phB10.png,Is the blue sphere closer to the camera than the black sphere? Answer with yes or no.,Yes,Yes,22.046875,17.9375,True
/data/shared/Qwen/mydisk/output/SYNTHETIC/NVILA-Lite-2B-SYNTHETIC_MIX_5PCT_2M-20260226_023301/checkpoint-12500,obj2_closer,output/phasevar_5/0003_phA07_phB11.png,Is the blue sphere closer to the camera than the black sphere? Answer with yes or no.,Yes,Yes,22.875,18.3125,True
/data/shared/Qwen/mydisk/output/SYNTHETIC/NVILA-Lite-2B-SYNTHETIC_MIX_5PCT_2M-20260226_023301/checkpoint-12500,obj2_closer,output/phasevar_5/0003_phA07_phB12.png,Is the blue sphere closer to the camera than the black sphere? Answer with yes or no.,Yes,Yes,23.359375,18.875,True
/data/shared/Qwen/mydisk/output/SYNTHETIC/NVILA-Lite-2B-SYNTHETIC_MIX_5PCT_2M-20260226_023301/checkpoint-12500,obj2_closer,output/phasevar_5/0003_phA07_phB13.png,Is the blue sphere closer to the camera than the black sphere? Answer with yes or no.,Yes,Yes,23.265625,19.1875,True
/data/shared/Qwen/mydisk/output/SYNTHETIC/NVILA-Lite-2B-SYNTHETIC_MIX_5PCT_2M-20260226_023301/checkpoint-12500,obj2_closer,output/phasevar_5/0003_phA07_phB14.png,Is the blue sphere closer to the camera than the black sphere? Answer with yes or no.,Yes,Yes,23.53125,19.421875,True
/data/shared/Qwen/mydisk/output/SYNTHETIC/NVILA-Lite-2B-SYNTHETIC_MIX_5PCT_2M-20260226_023301/checkpoint-12500,obj2_closer,output/phasevar_5/0003_phA07_phB15.png,Is the blue sphere closer to the camera than the black sphere? Answer with yes or no.,Yes,Yes,23.1875,19.125,True
/data/shared/Qwen/mydisk/output/SYNTHETIC/NVILA-Lite-2B-SYNTHETIC_MIX_5PCT_2M-20260226_023301/checkpoint-12500,obj2_closer,output/phasevar_5/0003_phA08_phB00.png,Is the blue sphere closer to the camera than the black sphere? Answer with yes or no.,Yes,Yes,23.234375,19.34375,True
/data/shared/Qwen/mydisk/output/SYNTHETIC/NVILA-Lite-2B-SYNTHETIC_MIX_5PCT_2M-20260226_023301/checkpoint-12500,obj2_closer,output/phasevar_5/0003_phA08_phB01.png,Is the blue sphere closer to the camera than the black sphere? Answer with yes or no.,Yes,Yes,23.90625,19.84375,True
/data/shared/Qwen/mydisk/output/SYNTHETIC/NVILA-Lite-2B-SYNTHETIC_MIX_5PCT_2M-20260226_023301/checkpoint-12500,obj2_closer,output/phasevar_5/0003_phA08_phB02.png,Is the blue sphere closer to the camera than the black sphere? Answer with yes or no.,Yes,Yes,23.5,19.734375,True
/data/shared/Qwen/mydisk/output/SYNTHETIC/NVILA-Lite-2B-SYNTHETIC_MIX_5PCT_2M-20260226_023301/checkpoint-12500,obj2_closer,output/phasevar_5/0003_phA08_phB03.png,Is the blue sphere closer to the camera than the black sphere? Answer with yes or no.,Yes,Yes,26.453125,21.109375,True
/data/shared/Qwen/mydisk/output/SYNTHETIC/NVILA-Lite-2B-SYNTHETIC_MIX_5PCT_2M-20260226_023301/checkpoint-12500,obj2_closer,output/phasevar_5/0003_phA08_phB04.png,Is the blue sphere closer to the camera than the black sphere? Answer with yes or no.,Yes,Yes,26.5,20.75,True
/data/shared/Qwen/mydisk/output/SYNTHETIC/NVILA-Lite-2B-SYNTHETIC_MIX_5PCT_2M-20260226_023301/checkpoint-12500,obj2_closer,output/phasevar_5/0003_phA08_phB05.png,Is the blue sphere closer to the camera than the black sphere? Answer with yes or no.,Yes,Yes,25.265625,19.90625,True
/data/shared/Qwen/mydisk/output/SYNTHETIC/NVILA-Lite-2B-SYNTHETIC_MIX_5PCT_2M-20260226_023301/checkpoint-12500,obj2_closer,output/phasevar_5/0003_phA08_phB06.png,Is the blue sphere closer to the camera than the black sphere? Answer with yes or no.,Yes,Yes,22.28125,18.796875,True
/data/shared/Qwen/mydisk/output/SYNTHETIC/NVILA-Lite-2B-SYNTHETIC_MIX_5PCT_2M-20260226_023301/checkpoint-12500,obj2_closer,output/phasevar_5/0003_phA08_phB07.png,Is the blue sphere closer to the camera than the black sphere? Answer with yes or no.,Yes,Yes,22.234375,18.171875,True
/data/shared/Qwen/mydisk/output/SYNTHETIC/NVILA-Lite-2B-SYNTHETIC_MIX_5PCT_2M-20260226_023301/checkpoint-12500,obj2_closer,output/phasevar_5/0003_phA08_phB08.png,Is the blue sphere closer to the camera than the black sphere? Answer with yes or no.,Yes,Yes,22.96875,18.125,True
/data/shared/Qwen/mydisk/output/SYNTHETIC/NVILA-Lite-2B-SYNTHETIC_MIX_5PCT_2M-20260226_023301/checkpoint-12500,obj2_closer,output/phasevar_5/0003_phA08_phB09.png,Is the blue sphere closer to the camera than the black sphere? Answer with yes or no.,Yes,Yes,22.0,17.359375,True
/data/shared/Qwen/mydisk/output/SYNTHETIC/NVILA-Lite-2B-SYNTHETIC_MIX_5PCT_2M-20260226_023301/checkpoint-12500,obj2_closer,output/phasevar_5/0003_phA08_phB10.png,Is the blue sphere closer to the camera than the black sphere? Answer with yes or no.,Yes,Yes,22.140625,18.109375,True
/data/shared/Qwen/mydisk/output/SYNTHETIC/NVILA-Lite-2B-SYNTHETIC_MIX_5PCT_2M-20260226_023301/checkpoint-12500,obj2_closer,output/phasevar_5/0003_phA08_phB11.png,Is the blue sphere closer to the camera than the black sphere? Answer with yes or no.,Yes,Yes,23.0625,18.5,True
/data/shared/Qwen/mydisk/output/SYNTHETIC/NVILA-Lite-2B-SYNTHETIC_MIX_5PCT_2M-20260226_023301/checkpoint-12500,obj2_closer,output/phasevar_5/0003_phA08_phB12.png,Is the blue sphere closer to the camera than the black sphere? Answer with yes or no.,Yes,Yes,23.59375,19.125,True
/data/shared/Qwen/mydisk/output/SYNTHETIC/NVILA-Lite-2B-SYNTHETIC_MIX_5PCT_2M-20260226_023301/checkpoint-12500,obj2_closer,output/phasevar_5/0003_phA08_phB13.png,Is the blue sphere closer to the camera than the black sphere? Answer with yes or no.,Yes,Yes,23.53125,19.390625,True
/data/shared/Qwen/mydisk/output/SYNTHETIC/NVILA-Lite-2B-SYNTHETIC_MIX_5PCT_2M-20260226_023301/checkpoint-12500,obj2_closer,output/phasevar_5/0003_phA08_phB14.png,Is the blue sphere closer to the camera than the black sphere? Answer with yes or no.,Yes,Yes,23.6875,19.640625,True
/data/shared/Qwen/mydisk/output/SYNTHETIC/NVILA-Lite-2B-SYNTHETIC_MIX_5PCT_2M-20260226_023301/checkpoint-12500,obj2_closer,output/phasevar_5/0003_phA08_phB15.png,Is the blue sphere closer to the camera than the black sphere? Answer with yes or no.,Yes,Yes,23.328125,19.28125,True
/data/shared/Qwen/mydisk/output/SYNTHETIC/NVILA-Lite-2B-SYNTHETIC_MIX_5PCT_2M-20260226_023301/checkpoint-12500,obj2_closer,output/phasevar_5/0003_phA09_phB00.png,Is the blue sphere closer to the camera than the black sphere? Answer with yes or no.,Yes,Yes,23.734375,19.6875,True
/data/shared/Qwen/mydisk/output/SYNTHETIC/NVILA-Lite-2B-SYNTHETIC_MIX_5PCT_2M-20260226_023301/checkpoint-12500,obj2_closer,output/phasevar_5/0003_phA09_phB01.png,Is the blue sphere closer to the camera than the black sphere? Answer with yes or no.,Yes,Yes,24.5,20.203125,True
/data/shared/Qwen/mydisk/output/SYNTHETIC/NVILA-Lite-2B-SYNTHETIC_MIX_5PCT_2M-20260226_023301/checkpoint-12500,obj2_closer,output/phasevar_5/0003_phA09_phB02.png,Is the blue sphere closer to the camera than the black sphere? Answer with yes or no.,Yes,Yes,24.046875,20.09375,True
/data/shared/Qwen/mydisk/output/SYNTHETIC/NVILA-Lite-2B-SYNTHETIC_MIX_5PCT_2M-20260226_023301/checkpoint-12500,obj2_closer,output/phasevar_5/0003_phA09_phB03.png,Is the blue sphere closer to the camera than the black sphere? Answer with yes or no.,Yes,Yes,27.125,21.59375,True
/data/shared/Qwen/mydisk/output/SYNTHETIC/NVILA-Lite-2B-SYNTHETIC_MIX_5PCT_2M-20260226_023301/checkpoint-12500,obj2_closer,output/phasevar_5/0003_phA09_phB04.png,Is the blue sphere closer to the camera than the black sphere? Answer with yes or no.,Yes,Yes,27.625,21.40625,True
/data/shared/Qwen/mydisk/output/SYNTHETIC/NVILA-Lite-2B-SYNTHETIC_MIX_5PCT_2M-20260226_023301/checkpoint-12500,obj2_closer,output/phasevar_5/0003_phA09_phB05.png,Is the blue sphere closer to the camera than the black sphere? Answer with yes or no.,Yes,Yes,25.890625,20.21875,True
/data/shared/Qwen/mydisk/output/SYNTHETIC/NVILA-Lite-2B-SYNTHETIC_MIX_5PCT_2M-20260226_023301/checkpoint-12500,obj2_closer,output/phasevar_5/0003_phA09_phB06.png,Is the blue sphere closer to the camera than the black sphere? Answer with yes or no.,Yes,Yes,22.65625,19.28125,True
/data/shared/Qwen/mydisk/output/SYNTHETIC/NVILA-Lite-2B-SYNTHETIC_MIX_5PCT_2M-20260226_023301/checkpoint-12500,obj2_closer,output/phasevar_5/0003_phA09_phB07.png,Is the blue sphere closer to the camera than the black sphere? Answer with yes or no.,Yes,Yes,22.65625,18.71875,True
/data/shared/Qwen/mydisk/output/SYNTHETIC/NVILA-Lite-2B-SYNTHETIC_MIX_5PCT_2M-20260226_023301/checkpoint-12500,obj2_closer,output/phasevar_5/0003_phA09_phB08.png,Is the blue sphere closer to the camera than the black sphere? Answer with yes or no.,Yes,Yes,23.171875,18.53125,True
/data/shared/Qwen/mydisk/output/SYNTHETIC/NVILA-Lite-2B-SYNTHETIC_MIX_5PCT_2M-20260226_023301/checkpoint-12500,obj2_closer,output/phasevar_5/0003_phA09_phB09.png,Is the blue sphere closer to the camera than the black sphere? Answer with yes or no.,Yes,Yes,22.5625,17.796875,True
/data/shared/Qwen/mydisk/output/SYNTHETIC/NVILA-Lite-2B-SYNTHETIC_MIX_5PCT_2M-20260226_023301/checkpoint-12500,obj2_closer,output/phasevar_5/0003_phA09_phB10.png,Is the blue sphere closer to the camera than the black sphere? Answer with yes or no.,Yes,Yes,22.453125,18.28125,True
/data/shared/Qwen/mydisk/output/SYNTHETIC/NVILA-Lite-2B-SYNTHETIC_MIX_5PCT_2M-20260226_023301/checkpoint-12500,obj2_closer,output/phasevar_5/0003_phA09_phB11.png,Is the blue sphere closer to the camera than the black sphere? Answer with yes or no.,Yes,Yes,23.25,18.5625,True
/data/shared/Qwen/mydisk/output/SYNTHETIC/NVILA-Lite-2B-SYNTHETIC_MIX_5PCT_2M-20260226_023301/checkpoint-12500,obj2_closer,output/phasevar_5/0003_phA09_phB12.png,Is the blue sphere closer to the camera than the black sphere? Answer with yes or no.,Yes,Yes,23.984375,19.25,True
/data/shared/Qwen/mydisk/output/SYNTHETIC/NVILA-Lite-2B-SYNTHETIC_MIX_5PCT_2M-20260226_023301/checkpoint-12500,obj2_closer,output/phasevar_5/0003_phA09_phB13.png,Is the blue sphere closer to the camera than the black sphere? Answer with yes or no.,Yes,Yes,23.859375,19.46875,True
/data/shared/Qwen/mydisk/output/SYNTHETIC/NVILA-Lite-2B-SYNTHETIC_MIX_5PCT_2M-20260226_023301/checkpoint-12500,obj2_closer,output/phasevar_5/0003_phA09_phB14.png,Is the blue sphere closer to the camera than the black sphere? Answer with yes or no.,Yes,Yes,23.953125,19.765625,True
/data/shared/Qwen/mydisk/output/SYNTHETIC/NVILA-Lite-2B-SYNTHETIC_MIX_5PCT_2M-20260226_023301/checkpoint-12500,obj2_closer,output/phasevar_5/0003_phA09_phB15.png,Is the blue sphere closer to the camera than the black sphere? Answer with yes or no.,Yes,Yes,23.671875,19.515625,True
/data/shared/Qwen/mydisk/output/SYNTHETIC/NVILA-Lite-2B-SYNTHETIC_MIX_5PCT_2M-20260226_023301/checkpoint-12500,obj2_closer,output/phasevar_5/0003_phA10_phB00.png,Is the blue sphere closer to the camera than the black sphere? Answer with yes or no.,Yes,Yes,23.34375,20.0,True
/data/shared/Qwen/mydisk/output/SYNTHETIC/NVILA-Lite-2B-SYNTHETIC_MIX_5PCT_2M-20260226_023301/checkpoint-12500,obj2_closer,output/phasevar_5/0003_phA10_phB01.png,Is the blue sphere closer to the camera than the black sphere? Answer with yes or no.,Yes,Yes,23.609375,20.15625,True
/data/shared/Qwen/mydisk/output/SYNTHETIC/NVILA-Lite-2B-SYNTHETIC_MIX_5PCT_2M-20260226_023301/checkpoint-12500,obj2_closer,output/phasevar_5/0003_phA10_phB02.png,Is the blue sphere closer to the camera than the black sphere? Answer with yes or no.,Yes,Yes,23.453125,20.203125,True
/data/shared/Qwen/mydisk/output/SYNTHETIC/NVILA-Lite-2B-SYNTHETIC_MIX_5PCT_2M-20260226_023301/checkpoint-12500,obj2_closer,output/phasevar_5/0003_phA10_phB03.png,Is the blue sphere closer to the camera than the black sphere? Answer with yes or no.,Yes,Yes,26.078125,21.5,True
/data/shared/Qwen/mydisk/output/SYNTHETIC/NVILA-Lite-2B-SYNTHETIC_MIX_5PCT_2M-20260226_023301/checkpoint-12500,obj2_closer,output/phasevar_5/0003_phA10_phB04.png,Is the blue sphere closer to the camera than the black sphere? Answer with yes or no.,Yes,Yes,26.4375,21.46875,True
/data/shared/Qwen/mydisk/output/SYNTHETIC/NVILA-Lite-2B-SYNTHETIC_MIX_5PCT_2M-20260226_023301/checkpoint-12500,obj2_closer,output/phasevar_5/0003_phA10_phB05.png,Is the blue sphere closer to the camera than the black sphere? Answer with yes or no.,Yes,Yes,24.9375,20.4375,True
/data/shared/Qwen/mydisk/output/SYNTHETIC/NVILA-Lite-2B-SYNTHETIC_MIX_5PCT_2M-20260226_023301/checkpoint-12500,obj2_closer,output/phasevar_5/0003_phA10_phB06.png,Is the blue sphere closer to the camera than the black sphere? Answer with yes or no.,Yes,Yes,22.796875,19.828125,True
/data/shared/Qwen/mydisk/output/SYNTHETIC/NVILA-Lite-2B-SYNTHETIC_MIX_5PCT_2M-20260226_023301/checkpoint-12500,obj2_closer,output/phasevar_5/0003_phA10_phB07.png,Is the blue sphere closer to the camera than the black sphere? Answer with yes or no.,Yes,Yes,22.3125,19.1875,True
/data/shared/Qwen/mydisk/output/SYNTHETIC/NVILA-Lite-2B-SYNTHETIC_MIX_5PCT_2M-20260226_023301/checkpoint-12500,obj2_closer,output/phasevar_5/0003_phA10_phB08.png,Is the blue sphere closer to the camera than the black sphere? Answer with yes or no.,Yes,Yes,22.734375,19.140625,True
/data/shared/Qwen/mydisk/output/SYNTHETIC/NVILA-Lite-2B-SYNTHETIC_MIX_5PCT_2M-20260226_023301/checkpoint-12500,obj2_closer,output/phasevar_5/0003_phA10_phB09.png,Is the blue sphere closer to the camera than the black sphere? Answer with yes or no.,Yes,Yes,22.515625,18.3125,True
/data/shared/Qwen/mydisk/output/SYNTHETIC/NVILA-Lite-2B-SYNTHETIC_MIX_5PCT_2M-20260226_023301/checkpoint-12500,obj2_closer,output/phasevar_5/0003_phA10_phB10.png,Is the blue sphere closer to the camera than the black sphere? Answer with yes or no.,Yes,Yes,21.75,18.6875,True
/data/shared/Qwen/mydisk/output/SYNTHETIC/NVILA-Lite-2B-SYNTHETIC_MIX_5PCT_2M-20260226_023301/checkpoint-12500,obj2_closer,output/phasevar_5/0003_phA10_phB11.png,Is the blue sphere closer to the camera than the black sphere? Answer with yes or no.,Yes,Yes,22.46875,18.78125,True
/data/shared/Qwen/mydisk/output/SYNTHETIC/NVILA-Lite-2B-SYNTHETIC_MIX_5PCT_2M-20260226_023301/checkpoint-12500,obj2_closer,output/phasevar_5/0003_phA10_phB12.png,Is the blue sphere closer to the camera than the black sphere? Answer with yes or no.,Yes,Yes,23.0625,19.40625,True
/data/shared/Qwen/mydisk/output/SYNTHETIC/NVILA-Lite-2B-SYNTHETIC_MIX_5PCT_2M-20260226_023301/checkpoint-12500,obj2_closer,output/phasevar_5/0003_phA10_phB13.png,Is the blue sphere closer to the camera than the black sphere? Answer with yes or no.,Yes,Yes,22.703125,19.390625,True
/data/shared/Qwen/mydisk/output/SYNTHETIC/NVILA-Lite-2B-SYNTHETIC_MIX_5PCT_2M-20260226_023301/checkpoint-12500,obj2_closer,output/phasevar_5/0003_phA10_phB14.png,Is the blue sphere closer to the camera than the black sphere? Answer with yes or no.,Yes,Yes,23.1875,19.84375,True
/data/shared/Qwen/mydisk/output/SYNTHETIC/NVILA-Lite-2B-SYNTHETIC_MIX_5PCT_2M-20260226_023301/checkpoint-12500,obj2_closer,output/phasevar_5/0003_phA10_phB15.png,Is the blue sphere closer to the camera than the black sphere? Answer with yes or no.,Yes,Yes,23.3125,19.828125,True
/data/shared/Qwen/mydisk/output/SYNTHETIC/NVILA-Lite-2B-SYNTHETIC_MIX_5PCT_2M-20260226_023301/checkpoint-12500,obj2_closer,output/phasevar_5/0003_phA11_phB00.png,Is the blue sphere closer to the camera than the black sphere? Answer with yes or no.,Yes,Yes,23.75,19.953125,True
/data/shared/Qwen/mydisk/output/SYNTHETIC/NVILA-Lite-2B-SYNTHETIC_MIX_5PCT_2M-20260226_023301/checkpoint-12500,obj2_closer,output/phasevar_5/0003_phA11_phB01.png,Is the blue sphere closer to the camera than the black sphere? Answer with yes or no.,Yes,Yes,24.203125,20.28125,True
/data/shared/Qwen/mydisk/output/SYNTHETIC/NVILA-Lite-2B-SYNTHETIC_MIX_5PCT_2M-20260226_023301/checkpoint-12500,obj2_closer,output/phasevar_5/0003_phA11_phB02.png,Is the blue sphere closer to the camera than the black sphere? Answer with yes or no.,Yes,Yes,23.75,20.109375,True
/data/shared/Qwen/mydisk/output/SYNTHETIC/NVILA-Lite-2B-SYNTHETIC_MIX_5PCT_2M-20260226_023301/checkpoint-12500,obj2_closer,output/phasevar_5/0003_phA11_phB03.png,Is the blue sphere closer to the camera than the black sphere? Answer with yes or no.,Yes,Yes,26.515625,21.59375,True
/data/shared/Qwen/mydisk/output/SYNTHETIC/NVILA-Lite-2B-SYNTHETIC_MIX_5PCT_2M-20260226_023301/checkpoint-12500,obj2_closer,output/phasevar_5/0003_phA11_phB04.png,Is the blue sphere closer to the camera than the black sphere? Answer with yes or no.,Yes,Yes,26.734375,21.46875,True
/data/shared/Qwen/mydisk/output/SYNTHETIC/NVILA-Lite-2B-SYNTHETIC_MIX_5PCT_2M-20260226_023301/checkpoint-12500,obj2_closer,output/phasevar_5/0003_phA11_phB05.png,Is the blue sphere closer to the camera than the black sphere? Answer with yes or no.,Yes,Yes,25.484375,20.453125,True
/data/shared/Qwen/mydisk/output/SYNTHETIC/NVILA-Lite-2B-SYNTHETIC_MIX_5PCT_2M-20260226_023301/checkpoint-12500,obj2_closer,output/phasevar_5/0003_phA11_phB06.png,Is the blue sphere closer to the camera than the black sphere? Answer with yes or no.,Yes,Yes,23.546875,19.953125,True
/data/shared/Qwen/mydisk/output/SYNTHETIC/NVILA-Lite-2B-SYNTHETIC_MIX_5PCT_2M-20260226_023301/checkpoint-12500,obj2_closer,output/phasevar_5/0003_phA11_phB07.png,Is the blue sphere closer to the camera than the black sphere? Answer with yes or no.,Yes,Yes,22.765625,19.140625,True
/data/shared/Qwen/mydisk/output/SYNTHETIC/NVILA-Lite-2B-SYNTHETIC_MIX_5PCT_2M-20260226_023301/checkpoint-12500,obj2_closer,output/phasevar_5/0003_phA11_phB08.png,Is the blue sphere closer to the camera than the black sphere? Answer with yes or no.,Yes,Yes,23.25,19.25,True
/data/shared/Qwen/mydisk/output/SYNTHETIC/NVILA-Lite-2B-SYNTHETIC_MIX_5PCT_2M-20260226_023301/checkpoint-12500,obj2_closer,output/phasevar_5/0003_phA11_phB09.png,Is the blue sphere closer to the camera than the black sphere? Answer with yes or no.,Yes,Yes,22.765625,18.21875,True
/data/shared/Qwen/mydisk/output/SYNTHETIC/NVILA-Lite-2B-SYNTHETIC_MIX_5PCT_2M-20260226_023301/checkpoint-12500,obj2_closer,output/phasevar_5/0003_phA11_phB10.png,Is the blue sphere closer to the camera than the black sphere? Answer with yes or no.,Yes,Yes,21.859375,18.28125,True
/data/shared/Qwen/mydisk/output/SYNTHETIC/NVILA-Lite-2B-SYNTHETIC_MIX_5PCT_2M-20260226_023301/checkpoint-12500,obj2_closer,output/phasevar_5/0003_phA11_phB11.png,Is the blue sphere closer to the camera than the black sphere? Answer with yes or no.,Yes,Yes,22.90625,18.34375,True
/data/shared/Qwen/mydisk/output/SYNTHETIC/NVILA-Lite-2B-SYNTHETIC_MIX_5PCT_2M-20260226_023301/checkpoint-12500,obj2_closer,output/phasevar_5/0003_phA11_phB12.png,Is the blue sphere closer to the camera than the black sphere? Answer with yes or no.,Yes,Yes,23.59375,18.921875,True
/data/shared/Qwen/mydisk/output/SYNTHETIC/NVILA-Lite-2B-SYNTHETIC_MIX_5PCT_2M-20260226_023301/checkpoint-12500,obj2_closer,output/phasevar_5/0003_phA11_phB13.png,Is the blue sphere closer to the camera than the black sphere? Answer with yes or no.,Yes,Yes,23.671875,19.484375,True
/data/shared/Qwen/mydisk/output/SYNTHETIC/NVILA-Lite-2B-SYNTHETIC_MIX_5PCT_2M-20260226_023301/checkpoint-12500,obj2_closer,output/phasevar_5/0003_phA11_phB14.png,Is the blue sphere closer to the camera than the black sphere? Answer with yes or no.,Yes,Yes,23.53125,19.6875,True
/data/shared/Qwen/mydisk/output/SYNTHETIC/NVILA-Lite-2B-SYNTHETIC_MIX_5PCT_2M-20260226_023301/checkpoint-12500,obj2_closer,output/phasevar_5/0003_phA11_phB15.png,Is the blue sphere closer to the camera than the black sphere? Answer with yes or no.,Yes,Yes,23.625,19.6875,True
/data/shared/Qwen/mydisk/output/SYNTHETIC/NVILA-Lite-2B-SYNTHETIC_MIX_5PCT_2M-20260226_023301/checkpoint-12500,obj2_closer,output/phasevar_5/0003_phA12_phB00.png,Is the blue sphere closer to the camera than the black sphere? Answer with yes or no.,Yes,Yes,23.53125,19.765625,True
/data/shared/Qwen/mydisk/output/SYNTHETIC/NVILA-Lite-2B-SYNTHETIC_MIX_5PCT_2M-20260226_023301/checkpoint-12500,obj2_closer,output/phasevar_5/0003_phA12_phB01.png,Is the blue sphere closer to the camera than the black sphere? Answer with yes or no.,Yes,Yes,24.125,20.171875,True
/data/shared/Qwen/mydisk/output/SYNTHETIC/NVILA-Lite-2B-SYNTHETIC_MIX_5PCT_2M-20260226_023301/checkpoint-12500,obj2_closer,output/phasevar_5/0003_phA12_phB02.png,Is the blue sphere closer to the camera than the black sphere? Answer with yes or no.,Yes,Yes,23.421875,19.875,True
/data/shared/Qwen/mydisk/output/SYNTHETIC/NVILA-Lite-2B-SYNTHETIC_MIX_5PCT_2M-20260226_023301/checkpoint-12500,obj2_closer,output/phasevar_5/0003_phA12_phB03.png,Is the blue sphere closer to the camera than the black sphere? Answer with yes or no.,Yes,Yes,25.921875,21.125,True
/data/shared/Qwen/mydisk/output/SYNTHETIC/NVILA-Lite-2B-SYNTHETIC_MIX_5PCT_2M-20260226_023301/checkpoint-12500,obj2_closer,output/phasevar_5/0003_phA12_phB04.png,Is the blue sphere closer to the camera than the black sphere? Answer with yes or no.,Yes,Yes,26.390625,21.09375,True
/data/shared/Qwen/mydisk/output/SYNTHETIC/NVILA-Lite-2B-SYNTHETIC_MIX_5PCT_2M-20260226_023301/checkpoint-12500,obj2_closer,output/phasevar_5/0003_phA12_phB05.png,Is the blue sphere closer to the camera than the black sphere? Answer with yes or no.,Yes,Yes,25.09375,20.15625,True
/data/shared/Qwen/mydisk/output/SYNTHETIC/NVILA-Lite-2B-SYNTHETIC_MIX_5PCT_2M-20260226_023301/checkpoint-12500,obj2_closer,output/phasevar_5/0003_phA12_phB06.png,Is the blue sphere closer to the camera than the black sphere? Answer with yes or no.,Yes,Yes,23.359375,19.6875,True
/data/shared/Qwen/mydisk/output/SYNTHETIC/NVILA-Lite-2B-SYNTHETIC_MIX_5PCT_2M-20260226_023301/checkpoint-12500,obj2_closer,output/phasevar_5/0003_phA12_phB07.png,Is the blue sphere closer to the camera than the black sphere? Answer with yes or no.,Yes,Yes,23.015625,19.078125,True
/data/shared/Qwen/mydisk/output/SYNTHETIC/NVILA-Lite-2B-SYNTHETIC_MIX_5PCT_2M-20260226_023301/checkpoint-12500,obj2_closer,output/phasevar_5/0003_phA12_phB08.png,Is the blue sphere closer to the camera than the black sphere? Answer with yes or no.,Yes,Yes,23.546875,19.359375,True
/data/shared/Qwen/mydisk/output/SYNTHETIC/NVILA-Lite-2B-SYNTHETIC_MIX_5PCT_2M-20260226_023301/checkpoint-12500,obj2_closer,output/phasevar_5/0003_phA12_phB09.png,Is the blue sphere closer to the camera than the black sphere? Answer with yes or no.,Yes,Yes,22.9375,18.34375,True
/data/shared/Qwen/mydisk/output/SYNTHETIC/NVILA-Lite-2B-SYNTHETIC_MIX_5PCT_2M-20260226_023301/checkpoint-12500,obj2_closer,output/phasevar_5/0003_phA12_phB10.png,Is the blue sphere closer to the camera than the black sphere? Answer with yes or no.,Yes,Yes,22.015625,18.234375,True
/data/shared/Qwen/mydisk/output/SYNTHETIC/NVILA-Lite-2B-SYNTHETIC_MIX_5PCT_2M-20260226_023301/checkpoint-12500,obj2_closer,output/phasevar_5/0003_phA12_phB11.png,Is the blue sphere closer to the camera than the black sphere? Answer with yes or no.,Yes,Yes,22.90625,18.25,True
/data/shared/Qwen/mydisk/output/SYNTHETIC/NVILA-Lite-2B-SYNTHETIC_MIX_5PCT_2M-20260226_023301/checkpoint-12500,obj2_closer,output/phasevar_5/0003_phA12_phB12.png,Is the blue sphere closer to the camera than the black sphere? Answer with yes or no.,Yes,Yes,23.0625,18.5,True
/data/shared/Qwen/mydisk/output/SYNTHETIC/NVILA-Lite-2B-SYNTHETIC_MIX_5PCT_2M-20260226_023301/checkpoint-12500,obj2_closer,output/phasevar_5/0003_phA12_phB13.png,Is the blue sphere closer to the camera than the black sphere? Answer with yes or no.,Yes,Yes,23.125,19.0625,True
/data/shared/Qwen/mydisk/output/SYNTHETIC/NVILA-Lite-2B-SYNTHETIC_MIX_5PCT_2M-20260226_023301/checkpoint-12500,obj2_closer,output/phasevar_5/0003_phA12_phB14.png,Is the blue sphere closer to the camera than the black sphere? Answer with yes or no.,Yes,Yes,23.3125,19.4375,True
/data/shared/Qwen/mydisk/output/SYNTHETIC/NVILA-Lite-2B-SYNTHETIC_MIX_5PCT_2M-20260226_023301/checkpoint-12500,obj2_closer,output/phasevar_5/0003_phA12_phB15.png,Is the blue sphere closer to the camera than the black sphere? Answer with yes or no.,Yes,Yes,23.421875,19.5,True
/data/shared/Qwen/mydisk/output/SYNTHETIC/NVILA-Lite-2B-SYNTHETIC_MIX_5PCT_2M-20260226_023301/checkpoint-12500,obj2_closer,output/phasevar_5/0003_phA13_phB00.png,Is the blue sphere closer to the camera than the black sphere? Answer with yes or no.,Yes,Yes,23.546875,19.609375,True
/data/shared/Qwen/mydisk/output/SYNTHETIC/NVILA-Lite-2B-SYNTHETIC_MIX_5PCT_2M-20260226_023301/checkpoint-12500,obj2_closer,output/phasevar_5/0003_phA13_phB01.png,Is the blue sphere closer to the camera than the black sphere? Answer with yes or no.,Yes,Yes,23.859375,19.84375,True
/data/shared/Qwen/mydisk/output/SYNTHETIC/NVILA-Lite-2B-SYNTHETIC_MIX_5PCT_2M-20260226_023301/checkpoint-12500,obj2_closer,output/phasevar_5/0003_phA13_phB02.png,Is the blue sphere closer to the camera than the black sphere? Answer with yes or no.,Yes,Yes,23.109375,19.515625,True
/data/shared/Qwen/mydisk/output/SYNTHETIC/NVILA-Lite-2B-SYNTHETIC_MIX_5PCT_2M-20260226_023301/checkpoint-12500,obj2_closer,output/phasevar_5/0003_phA13_phB03.png,Is the blue sphere closer to the camera than the black sphere? Answer with yes or no.,Yes,Yes,26.03125,20.953125,True
/data/shared/Qwen/mydisk/output/SYNTHETIC/NVILA-Lite-2B-SYNTHETIC_MIX_5PCT_2M-20260226_023301/checkpoint-12500,obj2_closer,output/phasevar_5/0003_phA13_phB04.png,Is the blue sphere closer to the camera than the black sphere? Answer with yes or no.,Yes,Yes,26.578125,20.90625,True
/data/shared/Qwen/mydisk/output/SYNTHETIC/NVILA-Lite-2B-SYNTHETIC_MIX_5PCT_2M-20260226_023301/checkpoint-12500,obj2_closer,output/phasevar_5/0003_phA13_phB05.png,Is the blue sphere closer to the camera than the black sphere? Answer with yes or no.,Yes,Yes,25.078125,19.875,True
/data/shared/Qwen/mydisk/output/SYNTHETIC/NVILA-Lite-2B-SYNTHETIC_MIX_5PCT_2M-20260226_023301/checkpoint-12500,obj2_closer,output/phasevar_5/0003_phA13_phB06.png,Is the blue sphere closer to the camera than the black sphere? Answer with yes or no.,Yes,Yes,23.140625,19.34375,True
/data/shared/Qwen/mydisk/output/SYNTHETIC/NVILA-Lite-2B-SYNTHETIC_MIX_5PCT_2M-20260226_023301/checkpoint-12500,obj2_closer,output/phasevar_5/0003_phA13_phB07.png,Is the blue sphere closer to the camera than the black sphere? Answer with yes or no.,Yes,Yes,22.953125,18.8125,True
/data/shared/Qwen/mydisk/output/SYNTHETIC/NVILA-Lite-2B-SYNTHETIC_MIX_5PCT_2M-20260226_023301/checkpoint-12500,obj2_closer,output/phasevar_5/0003_phA13_phB08.png,Is the blue sphere closer to the camera than the black sphere? Answer with yes or no.,Yes,Yes,23.96875,19.34375,True
/data/shared/Qwen/mydisk/output/SYNTHETIC/NVILA-Lite-2B-SYNTHETIC_MIX_5PCT_2M-20260226_023301/checkpoint-12500,obj2_closer,output/phasevar_5/0003_phA13_phB09.png,Is the blue sphere closer to the camera than the black sphere? Answer with yes or no.,Yes,Yes,23.5625,18.5,True
/data/shared/Qwen/mydisk/output/SYNTHETIC/NVILA-Lite-2B-SYNTHETIC_MIX_5PCT_2M-20260226_023301/checkpoint-12500,obj2_closer,output/phasevar_5/0003_phA13_phB10.png,Is the blue sphere closer to the camera than the black sphere? Answer with yes or no.,Yes,Yes,22.78125,18.34375,True
/data/shared/Qwen/mydisk/output/SYNTHETIC/NVILA-Lite-2B-SYNTHETIC_MIX_5PCT_2M-20260226_023301/checkpoint-12500,obj2_closer,output/phasevar_5/0003_phA13_phB11.png,Is the blue sphere closer to the camera than the black sphere? Answer with yes or no.,Yes,Yes,23.59375,18.359375,True
/data/shared/Qwen/mydisk/output/SYNTHETIC/NVILA-Lite-2B-SYNTHETIC_MIX_5PCT_2M-20260226_023301/checkpoint-12500,obj2_closer,output/phasevar_5/0003_phA13_phB12.png,Is the blue sphere closer to the camera than the black sphere? Answer with yes or no.,Yes,Yes,23.265625,18.34375,True
/data/shared/Qwen/mydisk/output/SYNTHETIC/NVILA-Lite-2B-SYNTHETIC_MIX_5PCT_2M-20260226_023301/checkpoint-12500,obj2_closer,output/phasevar_5/0003_phA13_phB13.png,Is the blue sphere closer to the camera than the black sphere? Answer with yes or no.,Yes,Yes,23.421875,18.8125,True
/data/shared/Qwen/mydisk/output/SYNTHETIC/NVILA-Lite-2B-SYNTHETIC_MIX_5PCT_2M-20260226_023301/checkpoint-12500,obj2_closer,output/phasevar_5/0003_phA13_phB14.png,Is the blue sphere closer to the camera than the black sphere? Answer with yes or no.,Yes,Yes,23.484375,19.265625,True
/data/shared/Qwen/mydisk/output/SYNTHETIC/NVILA-Lite-2B-SYNTHETIC_MIX_5PCT_2M-20260226_023301/checkpoint-12500,obj2_closer,output/phasevar_5/0003_phA13_phB15.png,Is the blue sphere closer to the camera than the black sphere? Answer with yes or no.,Yes,Yes,23.640625,19.296875,True
/data/shared/Qwen/mydisk/output/SYNTHETIC/NVILA-Lite-2B-SYNTHETIC_MIX_5PCT_2M-20260226_023301/checkpoint-12500,obj2_closer,output/phasevar_5/0003_phA14_phB00.png,Is the blue sphere closer to the camera than the black sphere? Answer with yes or no.,Yes,Yes,23.359375,19.59375,True
/data/shared/Qwen/mydisk/output/SYNTHETIC/NVILA-Lite-2B-SYNTHETIC_MIX_5PCT_2M-20260226_023301/checkpoint-12500,obj2_closer,output/phasevar_5/0003_phA14_phB01.png,Is the blue sphere closer to the camera than the black sphere? Answer with yes or no.,Yes,Yes,23.4375,19.71875,True
/data/shared/Qwen/mydisk/output/SYNTHETIC/NVILA-Lite-2B-SYNTHETIC_MIX_5PCT_2M-20260226_023301/checkpoint-12500,obj2_closer,output/phasevar_5/0003_phA14_phB02.png,Is the blue sphere closer to the camera than the black sphere? Answer with yes or no.,Yes,Yes,22.84375,19.609375,True
/data/shared/Qwen/mydisk/output/SYNTHETIC/NVILA-Lite-2B-SYNTHETIC_MIX_5PCT_2M-20260226_023301/checkpoint-12500,obj2_closer,output/phasevar_5/0003_phA14_phB03.png,Is the blue sphere closer to the camera than the black sphere? Answer with yes or no.,Yes,Yes,25.5625,20.90625,True
/data/shared/Qwen/mydisk/output/SYNTHETIC/NVILA-Lite-2B-SYNTHETIC_MIX_5PCT_2M-20260226_023301/checkpoint-12500,obj2_closer,output/phasevar_5/0003_phA14_phB04.png,Is the blue sphere closer to the camera than the black sphere? Answer with yes or no.,Yes,Yes,25.84375,20.875,True
/data/shared/Qwen/mydisk/output/SYNTHETIC/NVILA-Lite-2B-SYNTHETIC_MIX_5PCT_2M-20260226_023301/checkpoint-12500,obj2_closer,output/phasevar_5/0003_phA14_phB05.png,Is the blue sphere closer to the camera than the black sphere? Answer with yes or no.,Yes,Yes,24.921875,20.125,True
/data/shared/Qwen/mydisk/output/SYNTHETIC/NVILA-Lite-2B-SYNTHETIC_MIX_5PCT_2M-20260226_023301/checkpoint-12500,obj2_closer,output/phasevar_5/0003_phA14_phB06.png,Is the blue sphere closer to the camera than the black sphere? Answer with yes or no.,Yes,Yes,23.546875,19.84375,True
/data/shared/Qwen/mydisk/output/SYNTHETIC/NVILA-Lite-2B-SYNTHETIC_MIX_5PCT_2M-20260226_023301/checkpoint-12500,obj2_closer,output/phasevar_5/0003_phA14_phB07.png,Is the blue sphere closer to the camera than the black sphere? Answer with yes or no.,Yes,Yes,23.984375,19.71875,True
/data/shared/Qwen/mydisk/output/SYNTHETIC/NVILA-Lite-2B-SYNTHETIC_MIX_5PCT_2M-20260226_023301/checkpoint-12500,obj2_closer,output/phasevar_5/0003_phA14_phB08.png,Is the blue sphere closer to the camera than the black sphere? Answer with yes or no.,Yes,Yes,24.40625,20.046875,True
/data/shared/Qwen/mydisk/output/SYNTHETIC/NVILA-Lite-2B-SYNTHETIC_MIX_5PCT_2M-20260226_023301/checkpoint-12500,obj2_closer,output/phasevar_5/0003_phA14_phB09.png,Is the blue sphere closer to the camera than the black sphere? Answer with yes or no.,Yes,Yes,23.765625,19.21875,True
/data/shared/Qwen/mydisk/output/SYNTHETIC/NVILA-Lite-2B-SYNTHETIC_MIX_5PCT_2M-20260226_023301/checkpoint-12500,obj2_closer,output/phasevar_5/0003_phA14_phB10.png,Is the blue sphere closer to the camera than the black sphere? Answer with yes or no.,Yes,Yes,22.859375,18.90625,True
/data/shared/Qwen/mydisk/output/SYNTHETIC/NVILA-Lite-2B-SYNTHETIC_MIX_5PCT_2M-20260226_023301/checkpoint-12500,obj2_closer,output/phasevar_5/0003_phA14_phB11.png,Is the blue sphere closer to the camera than the black sphere? Answer with yes or no.,Yes,Yes,23.296875,19.03125,True
/data/shared/Qwen/mydisk/output/SYNTHETIC/NVILA-Lite-2B-SYNTHETIC_MIX_5PCT_2M-20260226_023301/checkpoint-12500,obj2_closer,output/phasevar_5/0003_phA14_phB12.png,Is the blue sphere closer to the camera than the black sphere? Answer with yes or no.,Yes,Yes,22.640625,18.59375,True
/data/shared/Qwen/mydisk/output/SYNTHETIC/NVILA-Lite-2B-SYNTHETIC_MIX_5PCT_2M-20260226_023301/checkpoint-12500,obj2_closer,output/phasevar_5/0003_phA14_phB13.png,Is the blue sphere closer to the camera than the black sphere? Answer with yes or no.,Yes,Yes,22.75,18.609375,True
/data/shared/Qwen/mydisk/output/SYNTHETIC/NVILA-Lite-2B-SYNTHETIC_MIX_5PCT_2M-20260226_023301/checkpoint-12500,obj2_closer,output/phasevar_5/0003_phA14_phB14.png,Is the blue sphere closer to the camera than the black sphere? Answer with yes or no.,Yes,Yes,23.21875,19.1875,True
/data/shared/Qwen/mydisk/output/SYNTHETIC/NVILA-Lite-2B-SYNTHETIC_MIX_5PCT_2M-20260226_023301/checkpoint-12500,obj2_closer,output/phasevar_5/0003_phA14_phB15.png,Is the blue sphere closer to the camera than the black sphere? Answer with yes or no.,Yes,Yes,23.453125,19.234375,True
/data/shared/Qwen/mydisk/output/SYNTHETIC/NVILA-Lite-2B-SYNTHETIC_MIX_5PCT_2M-20260226_023301/checkpoint-12500,obj2_closer,output/phasevar_5/0003_phA15_phB00.png,Is the blue sphere closer to the camera than the black sphere? Answer with yes or no.,Yes,Yes,23.796875,19.21875,True
/data/shared/Qwen/mydisk/output/SYNTHETIC/NVILA-Lite-2B-SYNTHETIC_MIX_5PCT_2M-20260226_023301/checkpoint-12500,obj2_closer,output/phasevar_5/0003_phA15_phB01.png,Is the blue sphere closer to the camera than the black sphere? Answer with yes or no.,Yes,Yes,24.1875,19.609375,True
/data/shared/Qwen/mydisk/output/SYNTHETIC/NVILA-Lite-2B-SYNTHETIC_MIX_5PCT_2M-20260226_023301/checkpoint-12500,obj2_closer,output/phasevar_5/0003_phA15_phB02.png,Is the blue sphere closer to the camera than the black sphere? Answer with yes or no.,Yes,Yes,23.4375,19.296875,True
/data/shared/Qwen/mydisk/output/SYNTHETIC/NVILA-Lite-2B-SYNTHETIC_MIX_5PCT_2M-20260226_023301/checkpoint-12500,obj2_closer,output/phasevar_5/0003_phA15_phB03.png,Is the blue sphere closer to the camera than the black sphere? Answer with yes or no.,Yes,Yes,25.9375,20.34375,True
/data/shared/Qwen/mydisk/output/SYNTHETIC/NVILA-Lite-2B-SYNTHETIC_MIX_5PCT_2M-20260226_023301/checkpoint-12500,obj2_closer,output/phasevar_5/0003_phA15_phB04.png,Is the blue sphere closer to the camera than the black sphere? Answer with yes or no.,Yes,Yes,26.4375,20.078125,True
/data/shared/Qwen/mydisk/output/SYNTHETIC/NVILA-Lite-2B-SYNTHETIC_MIX_5PCT_2M-20260226_023301/checkpoint-12500,obj2_closer,output/phasevar_5/0003_phA15_phB05.png,Is the blue sphere closer to the camera than the black sphere? Answer with yes or no.,Yes,Yes,25.046875,19.171875,True
/data/shared/Qwen/mydisk/output/SYNTHETIC/NVILA-Lite-2B-SYNTHETIC_MIX_5PCT_2M-20260226_023301/checkpoint-12500,obj2_closer,output/phasevar_5/0003_phA15_phB06.png,Is the blue sphere closer to the camera than the black sphere? Answer with yes or no.,Yes,Yes,23.734375,18.984375,True
/data/shared/Qwen/mydisk/output/SYNTHETIC/NVILA-Lite-2B-SYNTHETIC_MIX_5PCT_2M-20260226_023301/checkpoint-12500,obj2_closer,output/phasevar_5/0003_phA15_phB07.png,Is the blue sphere closer to the camera than the black sphere? Answer with yes or no.,Yes,Yes,23.953125,18.5625,True
/data/shared/Qwen/mydisk/output/SYNTHETIC/NVILA-Lite-2B-SYNTHETIC_MIX_5PCT_2M-20260226_023301/checkpoint-12500,obj2_closer,output/phasevar_5/0003_phA15_phB08.png,Is the blue sphere closer to the camera than the black sphere? Answer with yes or no.,Yes,Yes,24.78125,19.046875,True
/data/shared/Qwen/mydisk/output/SYNTHETIC/NVILA-Lite-2B-SYNTHETIC_MIX_5PCT_2M-20260226_023301/checkpoint-12500,obj2_closer,output/phasevar_5/0003_phA15_phB09.png,Is the blue sphere closer to the camera than the black sphere? Answer with yes or no.,Yes,Yes,24.0,18.171875,True
/data/shared/Qwen/mydisk/output/SYNTHETIC/NVILA-Lite-2B-SYNTHETIC_MIX_5PCT_2M-20260226_023301/checkpoint-12500,obj2_closer,output/phasevar_5/0003_phA15_phB10.png,Is the blue sphere closer to the camera than the black sphere? Answer with yes or no.,Yes,Yes,23.34375,18.296875,True
/data/shared/Qwen/mydisk/output/SYNTHETIC/NVILA-Lite-2B-SYNTHETIC_MIX_5PCT_2M-20260226_023301/checkpoint-12500,obj2_closer,output/phasevar_5/0003_phA15_phB11.png,Is the blue sphere closer to the camera than the black sphere? Answer with yes or no.,Yes,Yes,24.265625,18.453125,True
/data/shared/Qwen/mydisk/output/SYNTHETIC/NVILA-Lite-2B-SYNTHETIC_MIX_5PCT_2M-20260226_023301/checkpoint-12500,obj2_closer,output/phasevar_5/0003_phA15_phB12.png,Is the blue sphere closer to the camera than the black sphere? Answer with yes or no.,Yes,Yes,23.984375,18.484375,True
/data/shared/Qwen/mydisk/output/SYNTHETIC/NVILA-Lite-2B-SYNTHETIC_MIX_5PCT_2M-20260226_023301/checkpoint-12500,obj2_closer,output/phasevar_5/0003_phA15_phB13.png,Is the blue sphere closer to the camera than the black sphere? Answer with yes or no.,Yes,Yes,23.859375,18.484375,True
/data/shared/Qwen/mydisk/output/SYNTHETIC/NVILA-Lite-2B-SYNTHETIC_MIX_5PCT_2M-20260226_023301/checkpoint-12500,obj2_closer,output/phasevar_5/0003_phA15_phB14.png,Is the blue sphere closer to the camera than the black sphere? Answer with yes or no.,Yes,Yes,23.65625,18.828125,True
/data/shared/Qwen/mydisk/output/SYNTHETIC/NVILA-Lite-2B-SYNTHETIC_MIX_5PCT_2M-20260226_023301/checkpoint-12500,obj2_closer,output/phasevar_5/0003_phA15_phB15.png,Is the blue sphere closer to the camera than the black sphere? Answer with yes or no.,Yes,Yes,23.65625,18.71875,True
/data/shared/Qwen/mydisk/output/SYNTHETIC/NVILA-Lite-2B-SYNTHETIC_MIX_5PCT_2M-20260226_023301/checkpoint-12500,obj2_closer,output/phasevar_5/0004_phA00_phB00.png,Is the magenta sphere closer to the camera than the red cube? Answer with yes or no.,Yes,Yes,23.546875,18.359375,True
/data/shared/Qwen/mydisk/output/SYNTHETIC/NVILA-Lite-2B-SYNTHETIC_MIX_5PCT_2M-20260226_023301/checkpoint-12500,obj2_closer,output/phasevar_5/0004_phA00_phB01.png,Is the magenta sphere closer to the camera than the red cube? Answer with yes or no.,Yes,Yes,24.5,18.734375,True
/data/shared/Qwen/mydisk/output/SYNTHETIC/NVILA-Lite-2B-SYNTHETIC_MIX_5PCT_2M-20260226_023301/checkpoint-12500,obj2_closer,output/phasevar_5/0004_phA00_phB02.png,Is the magenta sphere closer to the camera than the red cube? Answer with yes or no.,Yes,Yes,23.734375,18.6875,True
/data/shared/Qwen/mydisk/output/SYNTHETIC/NVILA-Lite-2B-SYNTHETIC_MIX_5PCT_2M-20260226_023301/checkpoint-12500,obj2_closer,output/phasevar_5/0004_phA00_phB03.png,Is the magenta sphere closer to the camera than the red cube? Answer with yes or no.,Yes,Yes,25.421875,18.703125,True
/data/shared/Qwen/mydisk/output/SYNTHETIC/NVILA-Lite-2B-SYNTHETIC_MIX_5PCT_2M-20260226_023301/checkpoint-12500,obj2_closer,output/phasevar_5/0004_phA00_phB04.png,Is the magenta sphere closer to the camera than the red cube? Answer with yes or no.,Yes,Yes,24.59375,18.0625,True
/data/shared/Qwen/mydisk/output/SYNTHETIC/NVILA-Lite-2B-SYNTHETIC_MIX_5PCT_2M-20260226_023301/checkpoint-12500,obj2_closer,output/phasevar_5/0004_phA00_phB05.png,Is the magenta sphere closer to the camera than the red cube? Answer with yes or no.,Yes,Yes,24.875,18.34375,True
/data/shared/Qwen/mydisk/output/SYNTHETIC/NVILA-Lite-2B-SYNTHETIC_MIX_5PCT_2M-20260226_023301/checkpoint-12500,obj2_closer,output/phasevar_5/0004_phA00_phB06.png,Is the magenta sphere closer to the camera than the red cube? Answer with yes or no.,Yes,Yes,24.640625,18.375,True
/data/shared/Qwen/mydisk/output/SYNTHETIC/NVILA-Lite-2B-SYNTHETIC_MIX_5PCT_2M-20260226_023301/checkpoint-12500,obj2_closer,output/phasevar_5/0004_phA00_phB07.png,Is the magenta sphere closer to the camera than the red cube? Answer with yes or no.,Yes,Yes,24.78125,18.015625,True
/data/shared/Qwen/mydisk/output/SYNTHETIC/NVILA-Lite-2B-SYNTHETIC_MIX_5PCT_2M-20260226_023301/checkpoint-12500,obj2_closer,output/phasevar_5/0004_phA00_phB08.png,Is the magenta sphere closer to the camera than the red cube? Answer with yes or no.,Yes,Yes,25.125,18.28125,True
/data/shared/Qwen/mydisk/output/SYNTHETIC/NVILA-Lite-2B-SYNTHETIC_MIX_5PCT_2M-20260226_023301/checkpoint-12500,obj2_closer,output/phasevar_5/0004_phA00_phB09.png,Is the magenta sphere closer to the camera than the red cube? Answer with yes or no.,Yes,Yes,24.265625,17.375,True
/data/shared/Qwen/mydisk/output/SYNTHETIC/NVILA-Lite-2B-SYNTHETIC_MIX_5PCT_2M-20260226_023301/checkpoint-12500,obj2_closer,output/phasevar_5/0004_phA00_phB10.png,Is the magenta sphere closer to the camera than the red cube? Answer with yes or no.,Yes,Yes,23.8125,17.546875,True
/data/shared/Qwen/mydisk/output/SYNTHETIC/NVILA-Lite-2B-SYNTHETIC_MIX_5PCT_2M-20260226_023301/checkpoint-12500,obj2_closer,output/phasevar_5/0004_phA00_phB11.png,Is the magenta sphere closer to the camera than the red cube? Answer with yes or no.,Yes,Yes,24.59375,18.4375,True
/data/shared/Qwen/mydisk/output/SYNTHETIC/NVILA-Lite-2B-SYNTHETIC_MIX_5PCT_2M-20260226_023301/checkpoint-12500,obj2_closer,output/phasevar_5/0004_phA00_phB12.png,Is the magenta sphere closer to the camera than the red cube? Answer with yes or no.,Yes,Yes,24.171875,17.84375,True
/data/shared/Qwen/mydisk/output/SYNTHETIC/NVILA-Lite-2B-SYNTHETIC_MIX_5PCT_2M-20260226_023301/checkpoint-12500,obj2_closer,output/phasevar_5/0004_phA00_phB13.png,Is the magenta sphere closer to the camera than the red cube? Answer with yes or no.,Yes,Yes,24.203125,18.09375,True
/data/shared/Qwen/mydisk/output/SYNTHETIC/NVILA-Lite-2B-SYNTHETIC_MIX_5PCT_2M-20260226_023301/checkpoint-12500,obj2_closer,output/phasevar_5/0004_phA00_phB14.png,Is the magenta sphere closer to the camera than the red cube? Answer with yes or no.,Yes,Yes,23.5,17.734375,True
/data/shared/Qwen/mydisk/output/SYNTHETIC/NVILA-Lite-2B-SYNTHETIC_MIX_5PCT_2M-20260226_023301/checkpoint-12500,obj2_closer,output/phasevar_5/0004_phA00_phB15.png,Is the magenta sphere closer to the camera than the red cube? Answer with yes or no.,Yes,Yes,23.265625,17.859375,True
/data/shared/Qwen/mydisk/output/SYNTHETIC/NVILA-Lite-2B-SYNTHETIC_MIX_5PCT_2M-20260226_023301/checkpoint-12500,obj2_closer,output/phasevar_5/0004_phA01_phB00.png,Is the magenta sphere closer to the camera than the red cube? Answer with yes or no.,Yes,Yes,23.46875,18.015625,True
/data/shared/Qwen/mydisk/output/SYNTHETIC/NVILA-Lite-2B-SYNTHETIC_MIX_5PCT_2M-20260226_023301/checkpoint-12500,obj2_closer,output/phasevar_5/0004_phA01_phB01.png,Is the magenta sphere closer to the camera than the red cube? Answer with yes or no.,Yes,Yes,24.390625,18.4375,True
/data/shared/Qwen/mydisk/output/SYNTHETIC/NVILA-Lite-2B-SYNTHETIC_MIX_5PCT_2M-20260226_023301/checkpoint-12500,obj2_closer,output/phasevar_5/0004_phA01_phB02.png,Is the magenta sphere closer to the camera than the red cube? Answer with yes or no.,Yes,Yes,23.515625,18.296875,True
/data/shared/Qwen/mydisk/output/SYNTHETIC/NVILA-Lite-2B-SYNTHETIC_MIX_5PCT_2M-20260226_023301/checkpoint-12500,obj2_closer,output/phasevar_5/0004_phA01_phB03.png,Is the magenta sphere closer to the camera than the red cube? Answer with yes or no.,Yes,Yes,25.125,18.3125,True
/data/shared/Qwen/mydisk/output/SYNTHETIC/NVILA-Lite-2B-SYNTHETIC_MIX_5PCT_2M-20260226_023301/checkpoint-12500,obj2_closer,output/phasevar_5/0004_phA01_phB04.png,Is the magenta sphere closer to the camera than the red cube? Answer with yes or no.,Yes,Yes,24.296875,17.5625,True
/data/shared/Qwen/mydisk/output/SYNTHETIC/NVILA-Lite-2B-SYNTHETIC_MIX_5PCT_2M-20260226_023301/checkpoint-12500,obj2_closer,output/phasevar_5/0004_phA01_phB05.png,Is the magenta sphere closer to the camera than the red cube? Answer with yes or no.,Yes,Yes,24.59375,17.78125,True
/data/shared/Qwen/mydisk/output/SYNTHETIC/NVILA-Lite-2B-SYNTHETIC_MIX_5PCT_2M-20260226_023301/checkpoint-12500,obj2_closer,output/phasevar_5/0004_phA01_phB06.png,Is the magenta sphere closer to the camera than the red cube? Answer with yes or no.,Yes,Yes,24.171875,17.625,True
/data/shared/Qwen/mydisk/output/SYNTHETIC/NVILA-Lite-2B-SYNTHETIC_MIX_5PCT_2M-20260226_023301/checkpoint-12500,obj2_closer,output/phasevar_5/0004_phA01_phB07.png,Is the magenta sphere closer to the camera than the red cube? Answer with yes or no.,Yes,Yes,24.390625,17.421875,True
/data/shared/Qwen/mydisk/output/SYNTHETIC/NVILA-Lite-2B-SYNTHETIC_MIX_5PCT_2M-20260226_023301/checkpoint-12500,obj2_closer,output/phasevar_5/0004_phA01_phB08.png,Is the magenta sphere closer to the camera than the red cube? Answer with yes or no.,Yes,Yes,24.546875,17.546875,True
/data/shared/Qwen/mydisk/output/SYNTHETIC/NVILA-Lite-2B-SYNTHETIC_MIX_5PCT_2M-20260226_023301/checkpoint-12500,obj2_closer,output/phasevar_5/0004_phA01_phB09.png,Is the magenta sphere closer to the camera than the red cube? Answer with yes or no.,Yes,Yes,23.75,16.671875,True
/data/shared/Qwen/mydisk/output/SYNTHETIC/NVILA-Lite-2B-SYNTHETIC_MIX_5PCT_2M-20260226_023301/checkpoint-12500,obj2_closer,output/phasevar_5/0004_phA01_phB10.png,Is the magenta sphere closer to the camera than the red cube? Answer with yes or no.,Yes,Yes,23.359375,16.890625,True
/data/shared/Qwen/mydisk/output/SYNTHETIC/NVILA-Lite-2B-SYNTHETIC_MIX_5PCT_2M-20260226_023301/checkpoint-12500,obj2_closer,output/phasevar_5/0004_phA01_phB11.png,Is the magenta sphere closer to the camera than the red cube? Answer with yes or no.,Yes,Yes,24.1875,17.78125,True
/data/shared/Qwen/mydisk/output/SYNTHETIC/NVILA-Lite-2B-SYNTHETIC_MIX_5PCT_2M-20260226_023301/checkpoint-12500,obj2_closer,output/phasevar_5/0004_phA01_phB12.png,Is the magenta sphere closer to the camera than the red cube? Answer with yes or no.,Yes,Yes,23.578125,17.203125,True
/data/shared/Qwen/mydisk/output/SYNTHETIC/NVILA-Lite-2B-SYNTHETIC_MIX_5PCT_2M-20260226_023301/checkpoint-12500,obj2_closer,output/phasevar_5/0004_phA01_phB13.png,Is the magenta sphere closer to the camera than the red cube? Answer with yes or no.,Yes,Yes,23.734375,17.5,True
/data/shared/Qwen/mydisk/output/SYNTHETIC/NVILA-Lite-2B-SYNTHETIC_MIX_5PCT_2M-20260226_023301/checkpoint-12500,obj2_closer,output/phasevar_5/0004_phA01_phB14.png,Is the magenta sphere closer to the camera than the red cube? Answer with yes or no.,Yes,Yes,23.09375,17.203125,True
/data/shared/Qwen/mydisk/output/SYNTHETIC/NVILA-Lite-2B-SYNTHETIC_MIX_5PCT_2M-20260226_023301/checkpoint-12500,obj2_closer,output/phasevar_5/0004_phA01_phB15.png,Is the magenta sphere closer to the camera than the red cube? Answer with yes or no.,Yes,Yes,23.0625,17.578125,True
/data/shared/Qwen/mydisk/output/SYNTHETIC/NVILA-Lite-2B-SYNTHETIC_MIX_5PCT_2M-20260226_023301/checkpoint-12500,obj2_closer,output/phasevar_5/0004_phA02_phB00.png,Is the magenta sphere closer to the camera than the red cube? Answer with yes or no.,Yes,Yes,23.125,18.125,True
/data/shared/Qwen/mydisk/output/SYNTHETIC/NVILA-Lite-2B-SYNTHETIC_MIX_5PCT_2M-20260226_023301/checkpoint-12500,obj2_closer,output/phasevar_5/0004_phA02_phB01.png,Is the magenta sphere closer to the camera than the red cube? Answer with yes or no.,Yes,Yes,23.59375,18.234375,True
/data/shared/Qwen/mydisk/output/SYNTHETIC/NVILA-Lite-2B-SYNTHETIC_MIX_5PCT_2M-20260226_023301/checkpoint-12500,obj2_closer,output/phasevar_5/0004_phA02_phB02.png,Is the magenta sphere closer to the camera than the red cube? Answer with yes or no.,Yes,Yes,23.15625,18.234375,True
/data/shared/Qwen/mydisk/output/SYNTHETIC/NVILA-Lite-2B-SYNTHETIC_MIX_5PCT_2M-20260226_023301/checkpoint-12500,obj2_closer,output/phasevar_5/0004_phA02_phB03.png,Is the magenta sphere closer to the camera than the red cube? Answer with yes or no.,Yes,Yes,24.59375,18.15625,True
/data/shared/Qwen/mydisk/output/SYNTHETIC/NVILA-Lite-2B-SYNTHETIC_MIX_5PCT_2M-20260226_023301/checkpoint-12500,obj2_closer,output/phasevar_5/0004_phA02_phB04.png,Is the magenta sphere closer to the camera than the red cube? Answer with yes or no.,Yes,Yes,23.953125,17.484375,True
/data/shared/Qwen/mydisk/output/SYNTHETIC/NVILA-Lite-2B-SYNTHETIC_MIX_5PCT_2M-20260226_023301/checkpoint-12500,obj2_closer,output/phasevar_5/0004_phA02_phB05.png,Is the magenta sphere closer to the camera than the red cube? Answer with yes or no.,Yes,Yes,24.21875,17.75,True
/data/shared/Qwen/mydisk/output/SYNTHETIC/NVILA-Lite-2B-SYNTHETIC_MIX_5PCT_2M-20260226_023301/checkpoint-12500,obj2_closer,output/phasevar_5/0004_phA02_phB06.png,Is the magenta sphere closer to the camera than the red cube? Answer with yes or no.,Yes,Yes,24.015625,17.765625,True
/data/shared/Qwen/mydisk/output/SYNTHETIC/NVILA-Lite-2B-SYNTHETIC_MIX_5PCT_2M-20260226_023301/checkpoint-12500,obj2_closer,output/phasevar_5/0004_phA02_phB07.png,Is the magenta sphere closer to the camera than the red cube? Answer with yes or no.,Yes,Yes,24.171875,17.546875,True
/data/shared/Qwen/mydisk/output/SYNTHETIC/NVILA-Lite-2B-SYNTHETIC_MIX_5PCT_2M-20260226_023301/checkpoint-12500,obj2_closer,output/phasevar_5/0004_phA02_phB08.png,Is the magenta sphere closer to the camera than the red cube? Answer with yes or no.,Yes,Yes,24.25,17.859375,True
/data/shared/Qwen/mydisk/output/SYNTHETIC/NVILA-Lite-2B-SYNTHETIC_MIX_5PCT_2M-20260226_023301/checkpoint-12500,obj2_closer,output/phasevar_5/0004_phA02_phB09.png,Is the magenta sphere closer to the camera than the red cube? Answer with yes or no.,Yes,Yes,23.546875,17.15625,True
/data/shared/Qwen/mydisk/output/SYNTHETIC/NVILA-Lite-2B-SYNTHETIC_MIX_5PCT_2M-20260226_023301/checkpoint-12500,obj2_closer,output/phasevar_5/0004_phA02_phB10.png,Is the magenta sphere closer to the camera than the red cube? Answer with yes or no.,Yes,Yes,23.28125,17.296875,True
/data/shared/Qwen/mydisk/output/SYNTHETIC/NVILA-Lite-2B-SYNTHETIC_MIX_5PCT_2M-20260226_023301/checkpoint-12500,obj2_closer,output/phasevar_5/0004_phA02_phB11.png,Is the magenta sphere closer to the camera than the red cube? Answer with yes or no.,Yes,Yes,23.90625,18.40625,True
/data/shared/Qwen/mydisk/output/SYNTHETIC/NVILA-Lite-2B-SYNTHETIC_MIX_5PCT_2M-20260226_023301/checkpoint-12500,obj2_closer,output/phasevar_5/0004_phA02_phB12.png,Is the magenta sphere closer to the camera than the red cube? Answer with yes or no.,Yes,Yes,23.609375,17.75,True
/data/shared/Qwen/mydisk/output/SYNTHETIC/NVILA-Lite-2B-SYNTHETIC_MIX_5PCT_2M-20260226_023301/checkpoint-12500,obj2_closer,output/phasevar_5/0004_phA02_phB13.png,Is the magenta sphere closer to the camera than the red cube? Answer with yes or no.,Yes,Yes,23.546875,17.890625,True
/data/shared/Qwen/mydisk/output/SYNTHETIC/NVILA-Lite-2B-SYNTHETIC_MIX_5PCT_2M-20260226_023301/checkpoint-12500,obj2_closer,output/phasevar_5/0004_phA02_phB14.png,Is the magenta sphere closer to the camera than the red cube? Answer with yes or no.,Yes,Yes,22.96875,17.53125,True
/data/shared/Qwen/mydisk/output/SYNTHETIC/NVILA-Lite-2B-SYNTHETIC_MIX_5PCT_2M-20260226_023301/checkpoint-12500,obj2_closer,output/phasevar_5/0004_phA02_phB15.png,Is the magenta sphere closer to the camera than the red cube? Answer with yes or no.,Yes,Yes,22.921875,17.953125,True
/data/shared/Qwen/mydisk/output/SYNTHETIC/NVILA-Lite-2B-SYNTHETIC_MIX_5PCT_2M-20260226_023301/checkpoint-12500,obj2_closer,output/phasevar_5/0004_phA03_phB00.png,Is the magenta sphere closer to the camera than the red cube? Answer with yes or no.,Yes,Yes,23.03125,17.921875,True
/data/shared/Qwen/mydisk/output/SYNTHETIC/NVILA-Lite-2B-SYNTHETIC_MIX_5PCT_2M-20260226_023301/checkpoint-12500,obj2_closer,output/phasevar_5/0004_phA03_phB01.png,Is the magenta sphere closer to the camera than the red cube? Answer with yes or no.,Yes,Yes,23.734375,18.140625,True
/data/shared/Qwen/mydisk/output/SYNTHETIC/NVILA-Lite-2B-SYNTHETIC_MIX_5PCT_2M-20260226_023301/checkpoint-12500,obj2_closer,output/phasevar_5/0004_phA03_phB02.png,Is the magenta sphere closer to the camera than the red cube? Answer with yes or no.,Yes,Yes,23.0625,18.046875,True
/data/shared/Qwen/mydisk/output/SYNTHETIC/NVILA-Lite-2B-SYNTHETIC_MIX_5PCT_2M-20260226_023301/checkpoint-12500,obj2_closer,output/phasevar_5/0004_phA03_phB03.png,Is the magenta sphere closer to the camera than the red cube? Answer with yes or no.,Yes,Yes,25.015625,18.359375,True
/data/shared/Qwen/mydisk/output/SYNTHETIC/NVILA-Lite-2B-SYNTHETIC_MIX_5PCT_2M-20260226_023301/checkpoint-12500,obj2_closer,output/phasevar_5/0004_phA03_phB04.png,Is the magenta sphere closer to the camera than the red cube? Answer with yes or no.,Yes,Yes,23.9375,17.203125,True
/data/shared/Qwen/mydisk/output/SYNTHETIC/NVILA-Lite-2B-SYNTHETIC_MIX_5PCT_2M-20260226_023301/checkpoint-12500,obj2_closer,output/phasevar_5/0004_phA03_phB05.png,Is the magenta sphere closer to the camera than the red cube? Answer with yes or no.,Yes,Yes,24.0625,17.3125,True
/data/shared/Qwen/mydisk/output/SYNTHETIC/NVILA-Lite-2B-SYNTHETIC_MIX_5PCT_2M-20260226_023301/checkpoint-12500,obj2_closer,output/phasevar_5/0004_phA03_phB06.png,Is the magenta sphere closer to the camera than the red cube? Answer with yes or no.,Yes,Yes,23.515625,17.140625,True
/data/shared/Qwen/mydisk/output/SYNTHETIC/NVILA-Lite-2B-SYNTHETIC_MIX_5PCT_2M-20260226_023301/checkpoint-12500,obj2_closer,output/phasevar_5/0004_phA03_phB07.png,Is the magenta sphere closer to the camera than the red cube? Answer with yes or no.,Yes,Yes,23.375,16.53125,True
/data/shared/Qwen/mydisk/output/SYNTHETIC/NVILA-Lite-2B-SYNTHETIC_MIX_5PCT_2M-20260226_023301/checkpoint-12500,obj2_closer,output/phasevar_5/0004_phA03_phB08.png,Is the magenta sphere closer to the camera than the red cube? Answer with yes or no.,Yes,Yes,23.578125,16.734375,True
/data/shared/Qwen/mydisk/output/SYNTHETIC/NVILA-Lite-2B-SYNTHETIC_MIX_5PCT_2M-20260226_023301/checkpoint-12500,obj2_closer,output/phasevar_5/0004_phA03_phB09.png,Is the magenta sphere closer to the camera than the red cube? Answer with yes or no.,Yes,Yes,22.890625,15.953125,True
/data/shared/Qwen/mydisk/output/SYNTHETIC/NVILA-Lite-2B-SYNTHETIC_MIX_5PCT_2M-20260226_023301/checkpoint-12500,obj2_closer,output/phasevar_5/0004_phA03_phB10.png,Is the magenta sphere closer to the camera than the red cube? Answer with yes or no.,Yes,Yes,22.4375,16.0625,True
/data/shared/Qwen/mydisk/output/SYNTHETIC/NVILA-Lite-2B-SYNTHETIC_MIX_5PCT_2M-20260226_023301/checkpoint-12500,obj2_closer,output/phasevar_5/0004_phA03_phB11.png,Is the magenta sphere closer to the camera than the red cube? Answer with yes or no.,Yes,Yes,23.609375,17.234375,True
/data/shared/Qwen/mydisk/output/SYNTHETIC/NVILA-Lite-2B-SYNTHETIC_MIX_5PCT_2M-20260226_023301/checkpoint-12500,obj2_closer,output/phasevar_5/0004_phA03_phB12.png,Is the magenta sphere closer to the camera than the red cube? Answer with yes or no.,Yes,Yes,23.1875,16.71875,True
/data/shared/Qwen/mydisk/output/SYNTHETIC/NVILA-Lite-2B-SYNTHETIC_MIX_5PCT_2M-20260226_023301/checkpoint-12500,obj2_closer,output/phasevar_5/0004_phA03_phB13.png,Is the magenta sphere closer to the camera than the red cube? Answer with yes or no.,Yes,Yes,23.046875,16.921875,True
/data/shared/Qwen/mydisk/output/SYNTHETIC/NVILA-Lite-2B-SYNTHETIC_MIX_5PCT_2M-20260226_023301/checkpoint-12500,obj2_closer,output/phasevar_5/0004_phA03_phB14.png,Is the magenta sphere closer to the camera than the red cube? Answer with yes or no.,Yes,Yes,22.609375,16.84375,True
/data/shared/Qwen/mydisk/output/SYNTHETIC/NVILA-Lite-2B-SYNTHETIC_MIX_5PCT_2M-20260226_023301/checkpoint-12500,obj2_closer,output/phasevar_5/0004_phA03_phB15.png,Is the magenta sphere closer to the camera than the red cube? Answer with yes or no.,Yes,Yes,22.796875,17.578125,True
/data/shared/Qwen/mydisk/output/SYNTHETIC/NVILA-Lite-2B-SYNTHETIC_MIX_5PCT_2M-20260226_023301/checkpoint-12500,obj2_closer,output/phasevar_5/0004_phA04_phB00.png,Is the magenta sphere closer to the camera than the red cube? Answer with yes or no.,Yes,Yes,23.09375,18.328125,True
/data/shared/Qwen/mydisk/output/SYNTHETIC/NVILA-Lite-2B-SYNTHETIC_MIX_5PCT_2M-20260226_023301/checkpoint-12500,obj2_closer,output/phasevar_5/0004_phA04_phB01.png,Is the magenta sphere closer to the camera than the red cube? Answer with yes or no.,Yes,Yes,23.90625,18.5625,True
/data/shared/Qwen/mydisk/output/SYNTHETIC/NVILA-Lite-2B-SYNTHETIC_MIX_5PCT_2M-20260226_023301/checkpoint-12500,obj2_closer,output/phasevar_5/0004_phA04_phB02.png,Is the magenta sphere closer to the camera than the red cube? Answer with yes or no.,Yes,Yes,23.1875,18.453125,True
/data/shared/Qwen/mydisk/output/SYNTHETIC/NVILA-Lite-2B-SYNTHETIC_MIX_5PCT_2M-20260226_023301/checkpoint-12500,obj2_closer,output/phasevar_5/0004_phA04_phB03.png,Is the magenta sphere closer to the camera than the red cube? Answer with yes or no.,Yes,Yes,25.140625,18.71875,True
/data/shared/Qwen/mydisk/output/SYNTHETIC/NVILA-Lite-2B-SYNTHETIC_MIX_5PCT_2M-20260226_023301/checkpoint-12500,obj2_closer,output/phasevar_5/0004_phA04_phB04.png,Is the magenta sphere closer to the camera than the red cube? Answer with yes or no.,Yes,Yes,24.03125,17.40625,True
/data/shared/Qwen/mydisk/output/SYNTHETIC/NVILA-Lite-2B-SYNTHETIC_MIX_5PCT_2M-20260226_023301/checkpoint-12500,obj2_closer,output/phasevar_5/0004_phA04_phB05.png,Is the magenta sphere closer to the camera than the red cube? Answer with yes or no.,Yes,Yes,23.90625,17.328125,True
/data/shared/Qwen/mydisk/output/SYNTHETIC/NVILA-Lite-2B-SYNTHETIC_MIX_5PCT_2M-20260226_023301/checkpoint-12500,obj2_closer,output/phasevar_5/0004_phA04_phB06.png,Is the magenta sphere closer to the camera than the red cube? Answer with yes or no.,Yes,Yes,23.265625,17.25,True
/data/shared/Qwen/mydisk/output/SYNTHETIC/NVILA-Lite-2B-SYNTHETIC_MIX_5PCT_2M-20260226_023301/checkpoint-12500,obj2_closer,output/phasevar_5/0004_phA04_phB07.png,Is the magenta sphere closer to the camera than the red cube? Answer with yes or no.,Yes,Yes,22.828125,16.40625,True
/data/shared/Qwen/mydisk/output/SYNTHETIC/NVILA-Lite-2B-SYNTHETIC_MIX_5PCT_2M-20260226_023301/checkpoint-12500,obj2_closer,output/phasevar_5/0004_phA04_phB08.png,Is the magenta sphere closer to the camera than the red cube? Answer with yes or no.,Yes,Yes,23.125,16.5625,True
/data/shared/Qwen/mydisk/output/SYNTHETIC/NVILA-Lite-2B-SYNTHETIC_MIX_5PCT_2M-20260226_023301/checkpoint-12500,obj2_closer,output/phasevar_5/0004_phA04_phB09.png,Is the magenta sphere closer to the camera than the red cube? Answer with yes or no.,Yes,Yes,22.484375,15.953125,True
/data/shared/Qwen/mydisk/output/SYNTHETIC/NVILA-Lite-2B-SYNTHETIC_MIX_5PCT_2M-20260226_023301/checkpoint-12500,obj2_closer,output/phasevar_5/0004_phA04_phB10.png,Is the magenta sphere closer to the camera than the red cube? Answer with yes or no.,Yes,Yes,22.0625,16.03125,True
/data/shared/Qwen/mydisk/output/SYNTHETIC/NVILA-Lite-2B-SYNTHETIC_MIX_5PCT_2M-20260226_023301/checkpoint-12500,obj2_closer,output/phasevar_5/0004_phA04_phB11.png,Is the magenta sphere closer to the camera than the red cube? Answer with yes or no.,Yes,Yes,23.453125,17.015625,True
/data/shared/Qwen/mydisk/output/SYNTHETIC/NVILA-Lite-2B-SYNTHETIC_MIX_5PCT_2M-20260226_023301/checkpoint-12500,obj2_closer,output/phasevar_5/0004_phA04_phB12.png,Is the magenta sphere closer to the camera than the red cube? Answer with yes or no.,Yes,Yes,23.375,17.0,True
/data/shared/Qwen/mydisk/output/SYNTHETIC/NVILA-Lite-2B-SYNTHETIC_MIX_5PCT_2M-20260226_023301/checkpoint-12500,obj2_closer,output/phasevar_5/0004_phA04_phB13.png,Is the magenta sphere closer to the camera than the red cube? Answer with yes or no.,Yes,Yes,23.453125,17.609375,True
/data/shared/Qwen/mydisk/output/SYNTHETIC/NVILA-Lite-2B-SYNTHETIC_MIX_5PCT_2M-20260226_023301/checkpoint-12500,obj2_closer,output/phasevar_5/0004_phA04_phB14.png,Is the magenta sphere closer to the camera than the red cube? Answer with yes or no.,Yes,Yes,23.046875,17.484375,True
/data/shared/Qwen/mydisk/output/SYNTHETIC/NVILA-Lite-2B-SYNTHETIC_MIX_5PCT_2M-20260226_023301/checkpoint-12500,obj2_closer,output/phasevar_5/0004_phA04_phB15.png,Is the magenta sphere closer to the camera than the red cube? Answer with yes or no.,Yes,Yes,22.984375,18.03125,True
/data/shared/Qwen/mydisk/output/SYNTHETIC/NVILA-Lite-2B-SYNTHETIC_MIX_5PCT_2M-20260226_023301/checkpoint-12500,obj2_closer,output/phasevar_5/0004_phA05_phB00.png,Is the magenta sphere closer to the camera than the red cube? Answer with yes or no.,Yes,Yes,23.5,18.515625,True
/data/shared/Qwen/mydisk/output/SYNTHETIC/NVILA-Lite-2B-SYNTHETIC_MIX_5PCT_2M-20260226_023301/checkpoint-12500,obj2_closer,output/phasevar_5/0004_phA05_phB01.png,Is the magenta sphere closer to the camera than the red cube? Answer with yes or no.,Yes,Yes,24.25,18.765625,True
/data/shared/Qwen/mydisk/output/SYNTHETIC/NVILA-Lite-2B-SYNTHETIC_MIX_5PCT_2M-20260226_023301/checkpoint-12500,obj2_closer,output/phasevar_5/0004_phA05_phB02.png,Is the magenta sphere closer to the camera than the red cube? Answer with yes or no.,Yes,Yes,23.546875,18.71875,True
/data/shared/Qwen/mydisk/output/SYNTHETIC/NVILA-Lite-2B-SYNTHETIC_MIX_5PCT_2M-20260226_023301/checkpoint-12500,obj2_closer,output/phasevar_5/0004_phA05_phB03.png,Is the magenta sphere closer to the camera than the red cube? Answer with yes or no.,Yes,Yes,25.53125,19.09375,True
/data/shared/Qwen/mydisk/output/SYNTHETIC/NVILA-Lite-2B-SYNTHETIC_MIX_5PCT_2M-20260226_023301/checkpoint-12500,obj2_closer,output/phasevar_5/0004_phA05_phB04.png,Is the magenta sphere closer to the camera than the red cube? Answer with yes or no.,Yes,Yes,24.25,17.578125,True
/data/shared/Qwen/mydisk/output/SYNTHETIC/NVILA-Lite-2B-SYNTHETIC_MIX_5PCT_2M-20260226_023301/checkpoint-12500,obj2_closer,output/phasevar_5/0004_phA05_phB05.png,Is the magenta sphere closer to the camera than the red cube? Answer with yes or no.,Yes,Yes,24.125,17.4375,True
/data/shared/Qwen/mydisk/output/SYNTHETIC/NVILA-Lite-2B-SYNTHETIC_MIX_5PCT_2M-20260226_023301/checkpoint-12500,obj2_closer,output/phasevar_5/0004_phA05_phB06.png,Is the magenta sphere closer to the camera than the red cube? Answer with yes or no.,Yes,Yes,23.25,17.28125,True
/data/shared/Qwen/mydisk/output/SYNTHETIC/NVILA-Lite-2B-SYNTHETIC_MIX_5PCT_2M-20260226_023301/checkpoint-12500,obj2_closer,output/phasevar_5/0004_phA05_phB07.png,Is the magenta sphere closer to the camera than the red cube? Answer with yes or no.,Yes,Yes,22.796875,16.21875,True
/data/shared/Qwen/mydisk/output/SYNTHETIC/NVILA-Lite-2B-SYNTHETIC_MIX_5PCT_2M-20260226_023301/checkpoint-12500,obj2_closer,output/phasevar_5/0004_phA05_phB08.png,Is the magenta sphere closer to the camera than the red cube? Answer with yes or no.,Yes,Yes,23.03125,16.265625,True
/data/shared/Qwen/mydisk/output/SYNTHETIC/NVILA-Lite-2B-SYNTHETIC_MIX_5PCT_2M-20260226_023301/checkpoint-12500,obj2_closer,output/phasevar_5/0004_phA05_phB09.png,Is the magenta sphere closer to the camera than the red cube? Answer with yes or no.,Yes,Yes,22.328125,15.5859375,True
/data/shared/Qwen/mydisk/output/SYNTHETIC/NVILA-Lite-2B-SYNTHETIC_MIX_5PCT_2M-20260226_023301/checkpoint-12500,obj2_closer,output/phasevar_5/0004_phA05_phB10.png,Is the magenta sphere closer to the camera than the red cube? Answer with yes or no.,Yes,Yes,21.9375,15.8125,True
/data/shared/Qwen/mydisk/output/SYNTHETIC/NVILA-Lite-2B-SYNTHETIC_MIX_5PCT_2M-20260226_023301/checkpoint-12500,obj2_closer,output/phasevar_5/0004_phA05_phB11.png,Is the magenta sphere closer to the camera than the red cube? Answer with yes or no.,Yes,Yes,23.296875,16.84375,True
/data/shared/Qwen/mydisk/output/SYNTHETIC/NVILA-Lite-2B-SYNTHETIC_MIX_5PCT_2M-20260226_023301/checkpoint-12500,obj2_closer,output/phasevar_5/0004_phA05_phB12.png,Is the magenta sphere closer to the camera than the red cube? Answer with yes or no.,Yes,Yes,23.3125,17.046875,True
/data/shared/Qwen/mydisk/output/SYNTHETIC/NVILA-Lite-2B-SYNTHETIC_MIX_5PCT_2M-20260226_023301/checkpoint-12500,obj2_closer,output/phasevar_5/0004_phA05_phB13.png,Is the magenta sphere closer to the camera than the red cube? Answer with yes or no.,Yes,Yes,23.640625,17.765625,True
/data/shared/Qwen/mydisk/output/SYNTHETIC/NVILA-Lite-2B-SYNTHETIC_MIX_5PCT_2M-20260226_023301/checkpoint-12500,obj2_closer,output/phasevar_5/0004_phA05_phB14.png,Is the magenta sphere closer to the camera than the red cube? Answer with yes or no.,Yes,Yes,23.28125,17.578125,True
/data/shared/Qwen/mydisk/output/SYNTHETIC/NVILA-Lite-2B-SYNTHETIC_MIX_5PCT_2M-20260226_023301/checkpoint-12500,obj2_closer,output/phasevar_5/0004_phA05_phB15.png,Is the magenta sphere closer to the camera than the red cube? Answer with yes or no.,Yes,Yes,23.3125,18.15625,True
/data/shared/Qwen/mydisk/output/SYNTHETIC/NVILA-Lite-2B-SYNTHETIC_MIX_5PCT_2M-20260226_023301/checkpoint-12500,obj2_closer,output/phasevar_5/0004_phA06_phB00.png,Is the magenta sphere closer to the camera than the red cube? Answer with yes or no.,Yes,Yes,22.609375,18.71875,True
/data/shared/Qwen/mydisk/output/SYNTHETIC/NVILA-Lite-2B-SYNTHETIC_MIX_5PCT_2M-20260226_023301/checkpoint-12500,obj2_closer,output/phasevar_5/0004_phA06_phB01.png,Is the magenta sphere closer to the camera than the red cube? Answer with yes or no.,Yes,Yes,23.75,19.15625,True
/data/shared/Qwen/mydisk/output/SYNTHETIC/NVILA-Lite-2B-SYNTHETIC_MIX_5PCT_2M-20260226_023301/checkpoint-12500,obj2_closer,output/phasevar_5/0004_phA06_phB02.png,Is the magenta sphere closer to the camera than the red cube? Answer with yes or no.,Yes,Yes,23.375,19.203125,True
/data/shared/Qwen/mydisk/output/SYNTHETIC/NVILA-Lite-2B-SYNTHETIC_MIX_5PCT_2M-20260226_023301/checkpoint-12500,obj2_closer,output/phasevar_5/0004_phA06_phB03.png,Is the magenta sphere closer to the camera than the red cube? Answer with yes or no.,Yes,Yes,25.71875,19.640625,True
/data/shared/Qwen/mydisk/output/SYNTHETIC/NVILA-Lite-2B-SYNTHETIC_MIX_5PCT_2M-20260226_023301/checkpoint-12500,obj2_closer,output/phasevar_5/0004_phA06_phB04.png,Is the magenta sphere closer to the camera than the red cube? Answer with yes or no.,Yes,Yes,24.828125,18.53125,True
/data/shared/Qwen/mydisk/output/SYNTHETIC/NVILA-Lite-2B-SYNTHETIC_MIX_5PCT_2M-20260226_023301/checkpoint-12500,obj2_closer,output/phasevar_5/0004_phA06_phB05.png,Is the magenta sphere closer to the camera than the red cube? Answer with yes or no.,Yes,Yes,24.328125,18.078125,True
/data/shared/Qwen/mydisk/output/SYNTHETIC/NVILA-Lite-2B-SYNTHETIC_MIX_5PCT_2M-20260226_023301/checkpoint-12500,obj2_closer,output/phasevar_5/0004_phA06_phB06.png,Is the magenta sphere closer to the camera than the red cube? Answer with yes or no.,Yes,Yes,23.140625,17.8125,True
/data/shared/Qwen/mydisk/output/SYNTHETIC/NVILA-Lite-2B-SYNTHETIC_MIX_5PCT_2M-20260226_023301/checkpoint-12500,obj2_closer,output/phasevar_5/0004_phA06_phB07.png,Is the magenta sphere closer to the camera than the red cube? Answer with yes or no.,Yes,Yes,22.578125,16.8125,True
/data/shared/Qwen/mydisk/output/SYNTHETIC/NVILA-Lite-2B-SYNTHETIC_MIX_5PCT_2M-20260226_023301/checkpoint-12500,obj2_closer,output/phasevar_5/0004_phA06_phB08.png,Is the magenta sphere closer to the camera than the red cube? Answer with yes or no.,Yes,Yes,22.578125,16.875,True
/data/shared/Qwen/mydisk/output/SYNTHETIC/NVILA-Lite-2B-SYNTHETIC_MIX_5PCT_2M-20260226_023301/checkpoint-12500,obj2_closer,output/phasevar_5/0004_phA06_phB09.png,Is the magenta sphere closer to the camera than the red cube? Answer with yes or no.,Yes,Yes,22.15625,16.546875,True
/data/shared/Qwen/mydisk/output/SYNTHETIC/NVILA-Lite-2B-SYNTHETIC_MIX_5PCT_2M-20260226_023301/checkpoint-12500,obj2_closer,output/phasevar_5/0004_phA06_phB10.png,Is the magenta sphere closer to the camera than the red cube? Answer with yes or no.,Yes,Yes,22.171875,17.0,True
/data/shared/Qwen/mydisk/output/SYNTHETIC/NVILA-Lite-2B-SYNTHETIC_MIX_5PCT_2M-20260226_023301/checkpoint-12500,obj2_closer,output/phasevar_5/0004_phA06_phB11.png,Is the magenta sphere closer to the camera than the red cube? Answer with yes or no.,Yes,Yes,23.4375,18.203125,True
/data/shared/Qwen/mydisk/output/SYNTHETIC/NVILA-Lite-2B-SYNTHETIC_MIX_5PCT_2M-20260226_023301/checkpoint-12500,obj2_closer,output/phasevar_5/0004_phA06_phB12.png,Is the magenta sphere closer to the camera than the red cube? Answer with yes or no.,Yes,Yes,23.625,18.28125,True
/data/shared/Qwen/mydisk/output/SYNTHETIC/NVILA-Lite-2B-SYNTHETIC_MIX_5PCT_2M-20260226_023301/checkpoint-12500,obj2_closer,output/phasevar_5/0004_phA06_phB13.png,Is the magenta sphere closer to the camera than the red cube? Answer with yes or no.,Yes,Yes,23.5625,18.953125,True
/data/shared/Qwen/mydisk/output/SYNTHETIC/NVILA-Lite-2B-SYNTHETIC_MIX_5PCT_2M-20260226_023301/checkpoint-12500,obj2_closer,output/phasevar_5/0004_phA06_phB14.png,Is the magenta sphere closer to the camera than the red cube? Answer with yes or no.,Yes,Yes,23.4375,18.703125,True
/data/shared/Qwen/mydisk/output/SYNTHETIC/NVILA-Lite-2B-SYNTHETIC_MIX_5PCT_2M-20260226_023301/checkpoint-12500,obj2_closer,output/phasevar_5/0004_phA06_phB15.png,Is the magenta sphere closer to the camera than the red cube? Answer with yes or no.,Yes,Yes,22.84375,18.75,True
/data/shared/Qwen/mydisk/output/SYNTHETIC/NVILA-Lite-2B-SYNTHETIC_MIX_5PCT_2M-20260226_023301/checkpoint-12500,obj2_closer,output/phasevar_5/0004_phA07_phB00.png,Is the magenta sphere closer to the camera than the red cube? Answer with yes or no.,Yes,Yes,23.84375,18.953125,True
/data/shared/Qwen/mydisk/output/SYNTHETIC/NVILA-Lite-2B-SYNTHETIC_MIX_5PCT_2M-20260226_023301/checkpoint-12500,obj2_closer,output/phasevar_5/0004_phA07_phB01.png,Is the magenta sphere closer to the camera than the red cube? Answer with yes or no.,Yes,Yes,24.84375,19.390625,True
/data/shared/Qwen/mydisk/output/SYNTHETIC/NVILA-Lite-2B-SYNTHETIC_MIX_5PCT_2M-20260226_023301/checkpoint-12500,obj2_closer,output/phasevar_5/0004_phA07_phB02.png,Is the magenta sphere closer to the camera than the red cube? Answer with yes or no.,Yes,Yes,23.84375,19.203125,True
/data/shared/Qwen/mydisk/output/SYNTHETIC/NVILA-Lite-2B-SYNTHETIC_MIX_5PCT_2M-20260226_023301/checkpoint-12500,obj2_closer,output/phasevar_5/0004_phA07_phB03.png,Is the magenta sphere closer to the camera than the red cube? Answer with yes or no.,Yes,Yes,25.828125,19.375,True
/data/shared/Qwen/mydisk/output/SYNTHETIC/NVILA-Lite-2B-SYNTHETIC_MIX_5PCT_2M-20260226_023301/checkpoint-12500,obj2_closer,output/phasevar_5/0004_phA07_phB04.png,Is the magenta sphere closer to the camera than the red cube? Answer with yes or no.,Yes,Yes,24.90625,18.265625,True
/data/shared/Qwen/mydisk/output/SYNTHETIC/NVILA-Lite-2B-SYNTHETIC_MIX_5PCT_2M-20260226_023301/checkpoint-12500,obj2_closer,output/phasevar_5/0004_phA07_phB05.png,Is the magenta sphere closer to the camera than the red cube? Answer with yes or no.,Yes,Yes,24.625,17.9375,True
/data/shared/Qwen/mydisk/output/SYNTHETIC/NVILA-Lite-2B-SYNTHETIC_MIX_5PCT_2M-20260226_023301/checkpoint-12500,obj2_closer,output/phasevar_5/0004_phA07_phB06.png,Is the magenta sphere closer to the camera than the red cube? Answer with yes or no.,Yes,Yes,23.421875,17.53125,True
/data/shared/Qwen/mydisk/output/SYNTHETIC/NVILA-Lite-2B-SYNTHETIC_MIX_5PCT_2M-20260226_023301/checkpoint-12500,obj2_closer,output/phasevar_5/0004_phA07_phB07.png,Is the magenta sphere closer to the camera than the red cube? Answer with yes or no.,Yes,Yes,23.0625,16.859375,True
/data/shared/Qwen/mydisk/output/SYNTHETIC/NVILA-Lite-2B-SYNTHETIC_MIX_5PCT_2M-20260226_023301/checkpoint-12500,obj2_closer,output/phasevar_5/0004_phA07_phB08.png,Is the magenta sphere closer to the camera than the red cube? Answer with yes or no.,Yes,Yes,23.171875,16.71875,True
/data/shared/Qwen/mydisk/output/SYNTHETIC/NVILA-Lite-2B-SYNTHETIC_MIX_5PCT_2M-20260226_023301/checkpoint-12500,obj2_closer,output/phasevar_5/0004_phA07_phB09.png,Is the magenta sphere closer to the camera than the red cube? Answer with yes or no.,Yes,Yes,22.5625,16.109375,True
/data/shared/Qwen/mydisk/output/SYNTHETIC/NVILA-Lite-2B-SYNTHETIC_MIX_5PCT_2M-20260226_023301/checkpoint-12500,obj2_closer,output/phasevar_5/0004_phA07_phB10.png,Is the magenta sphere closer to the camera than the red cube? Answer with yes or no.,Yes,Yes,22.328125,16.453125,True
/data/shared/Qwen/mydisk/output/SYNTHETIC/NVILA-Lite-2B-SYNTHETIC_MIX_5PCT_2M-20260226_023301/checkpoint-12500,obj2_closer,output/phasevar_5/0004_phA07_phB11.png,Is the magenta sphere closer to the camera than the red cube? Answer with yes or no.,Yes,Yes,23.578125,17.375,True
/data/shared/Qwen/mydisk/output/SYNTHETIC/NVILA-Lite-2B-SYNTHETIC_MIX_5PCT_2M-20260226_023301/checkpoint-12500,obj2_closer,output/phasevar_5/0004_phA07_phB12.png,Is the magenta sphere closer to the camera than the red cube? Answer with yes or no.,Yes,Yes,23.625,17.59375,True
/data/shared/Qwen/mydisk/output/SYNTHETIC/NVILA-Lite-2B-SYNTHETIC_MIX_5PCT_2M-20260226_023301/checkpoint-12500,obj2_closer,output/phasevar_5/0004_phA07_phB13.png,Is the magenta sphere closer to the camera than the red cube? Answer with yes or no.,Yes,Yes,23.953125,18.3125,True
/data/shared/Qwen/mydisk/output/SYNTHETIC/NVILA-Lite-2B-SYNTHETIC_MIX_5PCT_2M-20260226_023301/checkpoint-12500,obj2_closer,output/phasevar_5/0004_phA07_phB14.png,Is the magenta sphere closer to the camera than the red cube? Answer with yes or no.,Yes,Yes,23.734375,18.296875,True
/data/shared/Qwen/mydisk/output/SYNTHETIC/NVILA-Lite-2B-SYNTHETIC_MIX_5PCT_2M-20260226_023301/checkpoint-12500,obj2_closer,output/phasevar_5/0004_phA07_phB15.png,Is the magenta sphere closer to the camera than the red cube? Answer with yes or no.,Yes,Yes,23.640625,18.640625,True
/data/shared/Qwen/mydisk/output/SYNTHETIC/NVILA-Lite-2B-SYNTHETIC_MIX_5PCT_2M-20260226_023301/checkpoint-12500,obj2_closer,output/phasevar_5/0004_phA08_phB00.png,Is the magenta sphere closer to the camera than the red cube? Answer with yes or no.,Yes,Yes,23.28125,19.078125,True
/data/shared/Qwen/mydisk/output/SYNTHETIC/NVILA-Lite-2B-SYNTHETIC_MIX_5PCT_2M-20260226_023301/checkpoint-12500,obj2_closer,output/phasevar_5/0004_phA08_phB01.png,Is the magenta sphere closer to the camera than the red cube? Answer with yes or no.,Yes,Yes,24.71875,19.75,True
/data/shared/Qwen/mydisk/output/SYNTHETIC/NVILA-Lite-2B-SYNTHETIC_MIX_5PCT_2M-20260226_023301/checkpoint-12500,obj2_closer,output/phasevar_5/0004_phA08_phB02.png,Is the magenta sphere closer to the camera than the red cube? Answer with yes or no.,Yes,Yes,23.53125,19.53125,True
/data/shared/Qwen/mydisk/output/SYNTHETIC/NVILA-Lite-2B-SYNTHETIC_MIX_5PCT_2M-20260226_023301/checkpoint-12500,obj2_closer,output/phasevar_5/0004_phA08_phB03.png,Is the magenta sphere closer to the camera than the red cube? Answer with yes or no.,Yes,Yes,26.234375,20.109375,True
/data/shared/Qwen/mydisk/output/SYNTHETIC/NVILA-Lite-2B-SYNTHETIC_MIX_5PCT_2M-20260226_023301/checkpoint-12500,obj2_closer,output/phasevar_5/0004_phA08_phB04.png,Is the magenta sphere closer to the camera than the red cube? Answer with yes or no.,Yes,Yes,25.59375,19.203125,True
/data/shared/Qwen/mydisk/output/SYNTHETIC/NVILA-Lite-2B-SYNTHETIC_MIX_5PCT_2M-20260226_023301/checkpoint-12500,obj2_closer,output/phasevar_5/0004_phA08_phB05.png,Is the magenta sphere closer to the camera than the red cube? Answer with yes or no.,Yes,Yes,25.515625,19.140625,True
/data/shared/Qwen/mydisk/output/SYNTHETIC/NVILA-Lite-2B-SYNTHETIC_MIX_5PCT_2M-20260226_023301/checkpoint-12500,obj2_closer,output/phasevar_5/0004_phA08_phB06.png,Is the magenta sphere closer to the camera than the red cube? Answer with yes or no.,Yes,Yes,23.765625,18.609375,True
/data/shared/Qwen/mydisk/output/SYNTHETIC/NVILA-Lite-2B-SYNTHETIC_MIX_5PCT_2M-20260226_023301/checkpoint-12500,obj2_closer,output/phasevar_5/0004_phA08_phB07.png,Is the magenta sphere closer to the camera than the red cube? Answer with yes or no.,Yes,Yes,23.421875,17.6875,True
/data/shared/Qwen/mydisk/output/SYNTHETIC/NVILA-Lite-2B-SYNTHETIC_MIX_5PCT_2M-20260226_023301/checkpoint-12500,obj2_closer,output/phasevar_5/0004_phA08_phB08.png,Is the magenta sphere closer to the camera than the red cube? Answer with yes or no.,Yes,Yes,23.234375,17.28125,True
/data/shared/Qwen/mydisk/output/SYNTHETIC/NVILA-Lite-2B-SYNTHETIC_MIX_5PCT_2M-20260226_023301/checkpoint-12500,obj2_closer,output/phasevar_5/0004_phA08_phB09.png,Is the magenta sphere closer to the camera than the red cube? Answer with yes or no.,Yes,Yes,22.765625,16.59375,True
/data/shared/Qwen/mydisk/output/SYNTHETIC/NVILA-Lite-2B-SYNTHETIC_MIX_5PCT_2M-20260226_023301/checkpoint-12500,obj2_closer,output/phasevar_5/0004_phA08_phB10.png,Is the magenta sphere closer to the camera than the red cube? Answer with yes or no.,Yes,Yes,22.484375,17.140625,True
/data/shared/Qwen/mydisk/output/SYNTHETIC/NVILA-Lite-2B-SYNTHETIC_MIX_5PCT_2M-20260226_023301/checkpoint-12500,obj2_closer,output/phasevar_5/0004_phA08_phB11.png,Is the magenta sphere closer to the camera than the red cube? Answer with yes or no.,Yes,Yes,24.015625,18.21875,True
/data/shared/Qwen/mydisk/output/SYNTHETIC/NVILA-Lite-2B-SYNTHETIC_MIX_5PCT_2M-20260226_023301/checkpoint-12500,obj2_closer,output/phasevar_5/0004_phA08_phB12.png,Is the magenta sphere closer to the camera than the red cube? Answer with yes or no.,Yes,Yes,24.046875,18.375,True
/data/shared/Qwen/mydisk/output/SYNTHETIC/NVILA-Lite-2B-SYNTHETIC_MIX_5PCT_2M-20260226_023301/checkpoint-12500,obj2_closer,output/phasevar_5/0004_phA08_phB13.png,Is the magenta sphere closer to the camera than the red cube? Answer with yes or no.,Yes,Yes,24.09375,19.0,True
/data/shared/Qwen/mydisk/output/SYNTHETIC/NVILA-Lite-2B-SYNTHETIC_MIX_5PCT_2M-20260226_023301/checkpoint-12500,obj2_closer,output/phasevar_5/0004_phA08_phB14.png,Is the magenta sphere closer to the camera than the red cube? Answer with yes or no.,Yes,Yes,23.859375,18.96875,True
/data/shared/Qwen/mydisk/output/SYNTHETIC/NVILA-Lite-2B-SYNTHETIC_MIX_5PCT_2M-20260226_023301/checkpoint-12500,obj2_closer,output/phasevar_5/0004_phA08_phB15.png,Is the magenta sphere closer to the camera than the red cube? Answer with yes or no.,Yes,Yes,23.390625,18.96875,True
/data/shared/Qwen/mydisk/output/SYNTHETIC/NVILA-Lite-2B-SYNTHETIC_MIX_5PCT_2M-20260226_023301/checkpoint-12500,obj2_closer,output/phasevar_5/0004_phA09_phB00.png,Is the magenta sphere closer to the camera than the red cube? Answer with yes or no.,Yes,Yes,24.171875,19.484375,True
/data/shared/Qwen/mydisk/output/SYNTHETIC/NVILA-Lite-2B-SYNTHETIC_MIX_5PCT_2M-20260226_023301/checkpoint-12500,obj2_closer,output/phasevar_5/0004_phA09_phB01.png,Is the magenta sphere closer to the camera than the red cube? Answer with yes or no.,Yes,Yes,25.390625,20.125,True
/data/shared/Qwen/mydisk/output/SYNTHETIC/NVILA-Lite-2B-SYNTHETIC_MIX_5PCT_2M-20260226_023301/checkpoint-12500,obj2_closer,output/phasevar_5/0004_phA09_phB02.png,Is the magenta sphere closer to the camera than the red cube? Answer with yes or no.,Yes,Yes,24.25,19.84375,True
/data/shared/Qwen/mydisk/output/SYNTHETIC/NVILA-Lite-2B-SYNTHETIC_MIX_5PCT_2M-20260226_023301/checkpoint-12500,obj2_closer,output/phasevar_5/0004_phA09_phB03.png,Is the magenta sphere closer to the camera than the red cube? Answer with yes or no.,Yes,Yes,26.640625,20.34375,True
/data/shared/Qwen/mydisk/output/SYNTHETIC/NVILA-Lite-2B-SYNTHETIC_MIX_5PCT_2M-20260226_023301/checkpoint-12500,obj2_closer,output/phasevar_5/0004_phA09_phB04.png,Is the magenta sphere closer to the camera than the red cube? Answer with yes or no.,Yes,Yes,25.890625,19.5,True
/data/shared/Qwen/mydisk/output/SYNTHETIC/NVILA-Lite-2B-SYNTHETIC_MIX_5PCT_2M-20260226_023301/checkpoint-12500,obj2_closer,output/phasevar_5/0004_phA09_phB05.png,Is the magenta sphere closer to the camera than the red cube? Answer with yes or no.,Yes,Yes,25.890625,19.515625,True
/data/shared/Qwen/mydisk/output/SYNTHETIC/NVILA-Lite-2B-SYNTHETIC_MIX_5PCT_2M-20260226_023301/checkpoint-12500,obj2_closer,output/phasevar_5/0004_phA09_phB06.png,Is the magenta sphere closer to the camera than the red cube? Answer with yes or no.,Yes,Yes,24.1875,18.96875,True
/data/shared/Qwen/mydisk/output/SYNTHETIC/NVILA-Lite-2B-SYNTHETIC_MIX_5PCT_2M-20260226_023301/checkpoint-12500,obj2_closer,output/phasevar_5/0004_phA09_phB07.png,Is the magenta sphere closer to the camera than the red cube? Answer with yes or no.,Yes,Yes,23.890625,18.09375,True
/data/shared/Qwen/mydisk/output/SYNTHETIC/NVILA-Lite-2B-SYNTHETIC_MIX_5PCT_2M-20260226_023301/checkpoint-12500,obj2_closer,output/phasevar_5/0004_phA09_phB08.png,Is the magenta sphere closer to the camera than the red cube? Answer with yes or no.,Yes,Yes,24.140625,17.8125,True
/data/shared/Qwen/mydisk/output/SYNTHETIC/NVILA-Lite-2B-SYNTHETIC_MIX_5PCT_2M-20260226_023301/checkpoint-12500,obj2_closer,output/phasevar_5/0004_phA09_phB09.png,Is the magenta sphere closer to the camera than the red cube? Answer with yes or no.,Yes,Yes,23.21875,16.71875,True
/data/shared/Qwen/mydisk/output/SYNTHETIC/NVILA-Lite-2B-SYNTHETIC_MIX_5PCT_2M-20260226_023301/checkpoint-12500,obj2_closer,output/phasevar_5/0004_phA09_phB10.png,Is the magenta sphere closer to the camera than the red cube? Answer with yes or no.,Yes,Yes,22.875,17.109375,True
/data/shared/Qwen/mydisk/output/SYNTHETIC/NVILA-Lite-2B-SYNTHETIC_MIX_5PCT_2M-20260226_023301/checkpoint-12500,obj2_closer,output/phasevar_5/0004_phA09_phB11.png,Is the magenta sphere closer to the camera than the red cube? Answer with yes or no.,Yes,Yes,24.125,18.015625,True
/data/shared/Qwen/mydisk/output/SYNTHETIC/NVILA-Lite-2B-SYNTHETIC_MIX_5PCT_2M-20260226_023301/checkpoint-12500,obj2_closer,output/phasevar_5/0004_phA09_phB12.png,Is the magenta sphere closer to the camera than the red cube? Answer with yes or no.,Yes,Yes,24.234375,18.3125,True
/data/shared/Qwen/mydisk/output/SYNTHETIC/NVILA-Lite-2B-SYNTHETIC_MIX_5PCT_2M-20260226_023301/checkpoint-12500,obj2_closer,output/phasevar_5/0004_phA09_phB13.png,Is the magenta sphere closer to the camera than the red cube? Answer with yes or no.,Yes,Yes,24.53125,18.9375,True
/data/shared/Qwen/mydisk/output/SYNTHETIC/NVILA-Lite-2B-SYNTHETIC_MIX_5PCT_2M-20260226_023301/checkpoint-12500,obj2_closer,output/phasevar_5/0004_phA09_phB14.png,Is the magenta sphere closer to the camera than the red cube? Answer with yes or no.,Yes,Yes,24.375,19.046875,True
/data/shared/Qwen/mydisk/output/SYNTHETIC/NVILA-Lite-2B-SYNTHETIC_MIX_5PCT_2M-20260226_023301/checkpoint-12500,obj2_closer,output/phasevar_5/0004_phA09_phB15.png,Is the magenta sphere closer to the camera than the red cube? Answer with yes or no.,Yes,Yes,24.109375,19.171875,True
/data/shared/Qwen/mydisk/output/SYNTHETIC/NVILA-Lite-2B-SYNTHETIC_MIX_5PCT_2M-20260226_023301/checkpoint-12500,obj2_closer,output/phasevar_5/0004_phA10_phB00.png,Is the magenta sphere closer to the camera than the red cube? Answer with yes or no.,Yes,Yes,23.234375,19.5,True
/data/shared/Qwen/mydisk/output/SYNTHETIC/NVILA-Lite-2B-SYNTHETIC_MIX_5PCT_2M-20260226_023301/checkpoint-12500,obj2_closer,output/phasevar_5/0004_phA10_phB01.png,Is the magenta sphere closer to the camera than the red cube? Answer with yes or no.,Yes,Yes,24.328125,20.03125,True
/data/shared/Qwen/mydisk/output/SYNTHETIC/NVILA-Lite-2B-SYNTHETIC_MIX_5PCT_2M-20260226_023301/checkpoint-12500,obj2_closer,output/phasevar_5/0004_phA10_phB02.png,Is the magenta sphere closer to the camera than the red cube? Answer with yes or no.,Yes,Yes,23.59375,19.9375,True
/data/shared/Qwen/mydisk/output/SYNTHETIC/NVILA-Lite-2B-SYNTHETIC_MIX_5PCT_2M-20260226_023301/checkpoint-12500,obj2_closer,output/phasevar_5/0004_phA10_phB03.png,Is the magenta sphere closer to the camera than the red cube? Answer with yes or no.,Yes,Yes,26.125,20.640625,True
/data/shared/Qwen/mydisk/output/SYNTHETIC/NVILA-Lite-2B-SYNTHETIC_MIX_5PCT_2M-20260226_023301/checkpoint-12500,obj2_closer,output/phasevar_5/0004_phA10_phB04.png,Is the magenta sphere closer to the camera than the red cube? Answer with yes or no.,Yes,Yes,25.546875,19.90625,True
/data/shared/Qwen/mydisk/output/SYNTHETIC/NVILA-Lite-2B-SYNTHETIC_MIX_5PCT_2M-20260226_023301/checkpoint-12500,obj2_closer,output/phasevar_5/0004_phA10_phB05.png,Is the magenta sphere closer to the camera than the red cube? Answer with yes or no.,Yes,Yes,25.484375,20.0,True
/data/shared/Qwen/mydisk/output/SYNTHETIC/NVILA-Lite-2B-SYNTHETIC_MIX_5PCT_2M-20260226_023301/checkpoint-12500,obj2_closer,output/phasevar_5/0004_phA10_phB06.png,Is the magenta sphere closer to the camera than the red cube? Answer with yes or no.,Yes,Yes,24.140625,19.78125,True
/data/shared/Qwen/mydisk/output/SYNTHETIC/NVILA-Lite-2B-SYNTHETIC_MIX_5PCT_2M-20260226_023301/checkpoint-12500,obj2_closer,output/phasevar_5/0004_phA10_phB07.png,Is the magenta sphere closer to the camera than the red cube? Answer with yes or no.,Yes,Yes,23.515625,19.125,True
/data/shared/Qwen/mydisk/output/SYNTHETIC/NVILA-Lite-2B-SYNTHETIC_MIX_5PCT_2M-20260226_023301/checkpoint-12500,obj2_closer,output/phasevar_5/0004_phA10_phB08.png,Is the magenta sphere closer to the camera than the red cube? Answer with yes or no.,Yes,Yes,23.90625,18.71875,True
/data/shared/Qwen/mydisk/output/SYNTHETIC/NVILA-Lite-2B-SYNTHETIC_MIX_5PCT_2M-20260226_023301/checkpoint-12500,obj2_closer,output/phasevar_5/0004_phA10_phB09.png,Is the magenta sphere closer to the camera than the red cube? Answer with yes or no.,Yes,Yes,22.78125,17.484375,True
/data/shared/Qwen/mydisk/output/SYNTHETIC/NVILA-Lite-2B-SYNTHETIC_MIX_5PCT_2M-20260226_023301/checkpoint-12500,obj2_closer,output/phasevar_5/0004_phA10_phB10.png,Is the magenta sphere closer to the camera than the red cube? Answer with yes or no.,Yes,Yes,22.484375,17.53125,True
/data/shared/Qwen/mydisk/output/SYNTHETIC/NVILA-Lite-2B-SYNTHETIC_MIX_5PCT_2M-20260226_023301/checkpoint-12500,obj2_closer,output/phasevar_5/0004_phA10_phB11.png,Is the magenta sphere closer to the camera than the red cube? Answer with yes or no.,Yes,Yes,23.90625,18.40625,True
/data/shared/Qwen/mydisk/output/SYNTHETIC/NVILA-Lite-2B-SYNTHETIC_MIX_5PCT_2M-20260226_023301/checkpoint-12500,obj2_closer,output/phasevar_5/0004_phA10_phB12.png,Is the magenta sphere closer to the camera than the red cube? Answer with yes or no.,Yes,Yes,24.109375,18.640625,True
/data/shared/Qwen/mydisk/output/SYNTHETIC/NVILA-Lite-2B-SYNTHETIC_MIX_5PCT_2M-20260226_023301/checkpoint-12500,obj2_closer,output/phasevar_5/0004_phA10_phB13.png,Is the magenta sphere closer to the camera than the red cube? Answer with yes or no.,Yes,Yes,23.890625,19.109375,True
/data/shared/Qwen/mydisk/output/SYNTHETIC/NVILA-Lite-2B-SYNTHETIC_MIX_5PCT_2M-20260226_023301/checkpoint-12500,obj2_closer,output/phasevar_5/0004_phA10_phB14.png,Is the magenta sphere closer to the camera than the red cube? Answer with yes or no.,Yes,Yes,23.96875,19.3125,True
/data/shared/Qwen/mydisk/output/SYNTHETIC/NVILA-Lite-2B-SYNTHETIC_MIX_5PCT_2M-20260226_023301/checkpoint-12500,obj2_closer,output/phasevar_5/0004_phA10_phB15.png,Is the magenta sphere closer to the camera than the red cube? Answer with yes or no.,Yes,Yes,23.34375,19.328125,True
/data/shared/Qwen/mydisk/output/SYNTHETIC/NVILA-Lite-2B-SYNTHETIC_MIX_5PCT_2M-20260226_023301/checkpoint-12500,obj2_closer,output/phasevar_5/0004_phA11_phB00.png,Is the magenta sphere closer to the camera than the red cube? Answer with yes or no.,Yes,Yes,23.96875,19.5625,True
/data/shared/Qwen/mydisk/output/SYNTHETIC/NVILA-Lite-2B-SYNTHETIC_MIX_5PCT_2M-20260226_023301/checkpoint-12500,obj2_closer,output/phasevar_5/0004_phA11_phB01.png,Is the magenta sphere closer to the camera than the red cube? Answer with yes or no.,Yes,Yes,24.90625,19.9375,True
/data/shared/Qwen/mydisk/output/SYNTHETIC/NVILA-Lite-2B-SYNTHETIC_MIX_5PCT_2M-20260226_023301/checkpoint-12500,obj2_closer,output/phasevar_5/0004_phA11_phB02.png,Is the magenta sphere closer to the camera than the red cube? Answer with yes or no.,Yes,Yes,23.8125,19.71875,True
/data/shared/Qwen/mydisk/output/SYNTHETIC/NVILA-Lite-2B-SYNTHETIC_MIX_5PCT_2M-20260226_023301/checkpoint-12500,obj2_closer,output/phasevar_5/0004_phA11_phB03.png,Is the magenta sphere closer to the camera than the red cube? Answer with yes or no.,Yes,Yes,26.15625,20.15625,True
/data/shared/Qwen/mydisk/output/SYNTHETIC/NVILA-Lite-2B-SYNTHETIC_MIX_5PCT_2M-20260226_023301/checkpoint-12500,obj2_closer,output/phasevar_5/0004_phA11_phB04.png,Is the magenta sphere closer to the camera than the red cube? Answer with yes or no.,Yes,Yes,25.359375,19.28125,True
/data/shared/Qwen/mydisk/output/SYNTHETIC/NVILA-Lite-2B-SYNTHETIC_MIX_5PCT_2M-20260226_023301/checkpoint-12500,obj2_closer,output/phasevar_5/0004_phA11_phB05.png,Is the magenta sphere closer to the camera than the red cube? Answer with yes or no.,Yes,Yes,25.046875,19.140625,True
/data/shared/Qwen/mydisk/output/SYNTHETIC/NVILA-Lite-2B-SYNTHETIC_MIX_5PCT_2M-20260226_023301/checkpoint-12500,obj2_closer,output/phasevar_5/0004_phA11_phB06.png,Is the magenta sphere closer to the camera than the red cube? Answer with yes or no.,Yes,Yes,24.140625,19.015625,True
/data/shared/Qwen/mydisk/output/SYNTHETIC/NVILA-Lite-2B-SYNTHETIC_MIX_5PCT_2M-20260226_023301/checkpoint-12500,obj2_closer,output/phasevar_5/0004_phA11_phB07.png,Is the magenta sphere closer to the camera than the red cube? Answer with yes or no.,Yes,Yes,23.484375,18.21875,True
/data/shared/Qwen/mydisk/output/SYNTHETIC/NVILA-Lite-2B-SYNTHETIC_MIX_5PCT_2M-20260226_023301/checkpoint-12500,obj2_closer,output/phasevar_5/0004_phA11_phB08.png,Is the magenta sphere closer to the camera than the red cube? Answer with yes or no.,Yes,Yes,23.875,18.265625,True
/data/shared/Qwen/mydisk/output/SYNTHETIC/NVILA-Lite-2B-SYNTHETIC_MIX_5PCT_2M-20260226_023301/checkpoint-12500,obj2_closer,output/phasevar_5/0004_phA11_phB09.png,Is the magenta sphere closer to the camera than the red cube? Answer with yes or no.,Yes,Yes,23.40625,17.515625,True
/data/shared/Qwen/mydisk/output/SYNTHETIC/NVILA-Lite-2B-SYNTHETIC_MIX_5PCT_2M-20260226_023301/checkpoint-12500,obj2_closer,output/phasevar_5/0004_phA11_phB10.png,Is the magenta sphere closer to the camera than the red cube? Answer with yes or no.,Yes,Yes,22.515625,17.265625,True
/data/shared/Qwen/mydisk/output/SYNTHETIC/NVILA-Lite-2B-SYNTHETIC_MIX_5PCT_2M-20260226_023301/checkpoint-12500,obj2_closer,output/phasevar_5/0004_phA11_phB11.png,Is the magenta sphere closer to the camera than the red cube? Answer with yes or no.,Yes,Yes,23.5625,17.859375,True
/data/shared/Qwen/mydisk/output/SYNTHETIC/NVILA-Lite-2B-SYNTHETIC_MIX_5PCT_2M-20260226_023301/checkpoint-12500,obj2_closer,output/phasevar_5/0004_phA11_phB12.png,Is the magenta sphere closer to the camera than the red cube? Answer with yes or no.,Yes,Yes,23.703125,18.0625,True
/data/shared/Qwen/mydisk/output/SYNTHETIC/NVILA-Lite-2B-SYNTHETIC_MIX_5PCT_2M-20260226_023301/checkpoint-12500,obj2_closer,output/phasevar_5/0004_phA11_phB13.png,Is the magenta sphere closer to the camera than the red cube? Answer with yes or no.,Yes,Yes,23.921875,18.609375,True
/data/shared/Qwen/mydisk/output/SYNTHETIC/NVILA-Lite-2B-SYNTHETIC_MIX_5PCT_2M-20260226_023301/checkpoint-12500,obj2_closer,output/phasevar_5/0004_phA11_phB14.png,Is the magenta sphere closer to the camera than the red cube? Answer with yes or no.,Yes,Yes,23.90625,18.765625,True
/data/shared/Qwen/mydisk/output/SYNTHETIC/NVILA-Lite-2B-SYNTHETIC_MIX_5PCT_2M-20260226_023301/checkpoint-12500,obj2_closer,output/phasevar_5/0004_phA11_phB15.png,Is the magenta sphere closer to the camera than the red cube? Answer with yes or no.,Yes,Yes,23.71875,19.09375,True
/data/shared/Qwen/mydisk/output/SYNTHETIC/NVILA-Lite-2B-SYNTHETIC_MIX_5PCT_2M-20260226_023301/checkpoint-12500,obj2_closer,output/phasevar_5/0004_phA12_phB00.png,Is the magenta sphere closer to the camera than the red cube? Answer with yes or no.,Yes,Yes,23.890625,19.59375,True
/data/shared/Qwen/mydisk/output/SYNTHETIC/NVILA-Lite-2B-SYNTHETIC_MIX_5PCT_2M-20260226_023301/checkpoint-12500,obj2_closer,output/phasevar_5/0004_phA12_phB01.png,Is the magenta sphere closer to the camera than the red cube? Answer with yes or no.,Yes,Yes,24.796875,19.953125,True
/data/shared/Qwen/mydisk/output/SYNTHETIC/NVILA-Lite-2B-SYNTHETIC_MIX_5PCT_2M-20260226_023301/checkpoint-12500,obj2_closer,output/phasevar_5/0004_phA12_phB02.png,Is the magenta sphere closer to the camera than the red cube? Answer with yes or no.,Yes,Yes,23.765625,19.671875,True
/data/shared/Qwen/mydisk/output/SYNTHETIC/NVILA-Lite-2B-SYNTHETIC_MIX_5PCT_2M-20260226_023301/checkpoint-12500,obj2_closer,output/phasevar_5/0004_phA12_phB03.png,Is the magenta sphere closer to the camera than the red cube? Answer with yes or no.,Yes,Yes,26.015625,20.09375,True
/data/shared/Qwen/mydisk/output/SYNTHETIC/NVILA-Lite-2B-SYNTHETIC_MIX_5PCT_2M-20260226_023301/checkpoint-12500,obj2_closer,output/phasevar_5/0004_phA12_phB04.png,Is the magenta sphere closer to the camera than the red cube? Answer with yes or no.,Yes,Yes,25.296875,19.234375,True
/data/shared/Qwen/mydisk/output/SYNTHETIC/NVILA-Lite-2B-SYNTHETIC_MIX_5PCT_2M-20260226_023301/checkpoint-12500,obj2_closer,output/phasevar_5/0004_phA12_phB05.png,Is the magenta sphere closer to the camera than the red cube? Answer with yes or no.,Yes,Yes,25.0625,19.15625,True
/data/shared/Qwen/mydisk/output/SYNTHETIC/NVILA-Lite-2B-SYNTHETIC_MIX_5PCT_2M-20260226_023301/checkpoint-12500,obj2_closer,output/phasevar_5/0004_phA12_phB06.png,Is the magenta sphere closer to the camera than the red cube? Answer with yes or no.,Yes,Yes,24.625,19.296875,True
/data/shared/Qwen/mydisk/output/SYNTHETIC/NVILA-Lite-2B-SYNTHETIC_MIX_5PCT_2M-20260226_023301/checkpoint-12500,obj2_closer,output/phasevar_5/0004_phA12_phB07.png,Is the magenta sphere closer to the camera than the red cube? Answer with yes or no.,Yes,Yes,23.984375,18.59375,True
/data/shared/Qwen/mydisk/output/SYNTHETIC/NVILA-Lite-2B-SYNTHETIC_MIX_5PCT_2M-20260226_023301/checkpoint-12500,obj2_closer,output/phasevar_5/0004_phA12_phB08.png,Is the magenta sphere closer to the camera than the red cube? Answer with yes or no.,Yes,Yes,24.421875,18.75,True
/data/shared/Qwen/mydisk/output/SYNTHETIC/NVILA-Lite-2B-SYNTHETIC_MIX_5PCT_2M-20260226_023301/checkpoint-12500,obj2_closer,output/phasevar_5/0004_phA12_phB09.png,Is the magenta sphere closer to the camera than the red cube? Answer with yes or no.,Yes,Yes,23.640625,17.96875,True
/data/shared/Qwen/mydisk/output/SYNTHETIC/NVILA-Lite-2B-SYNTHETIC_MIX_5PCT_2M-20260226_023301/checkpoint-12500,obj2_closer,output/phasevar_5/0004_phA12_phB10.png,Is the magenta sphere closer to the camera than the red cube? Answer with yes or no.,Yes,Yes,22.828125,17.515625,True
/data/shared/Qwen/mydisk/output/SYNTHETIC/NVILA-Lite-2B-SYNTHETIC_MIX_5PCT_2M-20260226_023301/checkpoint-12500,obj2_closer,output/phasevar_5/0004_phA12_phB11.png,Is the magenta sphere closer to the camera than the red cube? Answer with yes or no.,Yes,Yes,23.671875,18.0,True
/data/shared/Qwen/mydisk/output/SYNTHETIC/NVILA-Lite-2B-SYNTHETIC_MIX_5PCT_2M-20260226_023301/checkpoint-12500,obj2_closer,output/phasevar_5/0004_phA12_phB12.png,Is the magenta sphere closer to the camera than the red cube? Answer with yes or no.,Yes,Yes,23.859375,17.953125,True
/data/shared/Qwen/mydisk/output/SYNTHETIC/NVILA-Lite-2B-SYNTHETIC_MIX_5PCT_2M-20260226_023301/checkpoint-12500,obj2_closer,output/phasevar_5/0004_phA12_phB13.png,Is the magenta sphere closer to the camera than the red cube? Answer with yes or no.,Yes,Yes,23.9375,18.53125,True
/data/shared/Qwen/mydisk/output/SYNTHETIC/NVILA-Lite-2B-SYNTHETIC_MIX_5PCT_2M-20260226_023301/checkpoint-12500,obj2_closer,output/phasevar_5/0004_phA12_phB14.png,Is the magenta sphere closer to the camera than the red cube? Answer with yes or no.,Yes,Yes,23.875,18.78125,True
/data/shared/Qwen/mydisk/output/SYNTHETIC/NVILA-Lite-2B-SYNTHETIC_MIX_5PCT_2M-20260226_023301/checkpoint-12500,obj2_closer,output/phasevar_5/0004_phA12_phB15.png,Is the magenta sphere closer to the camera than the red cube? Answer with yes or no.,Yes,Yes,23.59375,19.078125,True
/data/shared/Qwen/mydisk/output/SYNTHETIC/NVILA-Lite-2B-SYNTHETIC_MIX_5PCT_2M-20260226_023301/checkpoint-12500,obj2_closer,output/phasevar_5/0004_phA13_phB00.png,Is the magenta sphere closer to the camera than the red cube? Answer with yes or no.,Yes,Yes,23.859375,19.4375,True
/data/shared/Qwen/mydisk/output/SYNTHETIC/NVILA-Lite-2B-SYNTHETIC_MIX_5PCT_2M-20260226_023301/checkpoint-12500,obj2_closer,output/phasevar_5/0004_phA13_phB01.png,Is the magenta sphere closer to the camera than the red cube? Answer with yes or no.,Yes,Yes,24.625,19.765625,True
/data/shared/Qwen/mydisk/output/SYNTHETIC/NVILA-Lite-2B-SYNTHETIC_MIX_5PCT_2M-20260226_023301/checkpoint-12500,obj2_closer,output/phasevar_5/0004_phA13_phB02.png,Is the magenta sphere closer to the camera than the red cube? Answer with yes or no.,Yes,Yes,23.578125,19.46875,True
/data/shared/Qwen/mydisk/output/SYNTHETIC/NVILA-Lite-2B-SYNTHETIC_MIX_5PCT_2M-20260226_023301/checkpoint-12500,obj2_closer,output/phasevar_5/0004_phA13_phB03.png,Is the magenta sphere closer to the camera than the red cube? Answer with yes or no.,Yes,Yes,25.609375,19.78125,True
/data/shared/Qwen/mydisk/output/SYNTHETIC/NVILA-Lite-2B-SYNTHETIC_MIX_5PCT_2M-20260226_023301/checkpoint-12500,obj2_closer,output/phasevar_5/0004_phA13_phB04.png,Is the magenta sphere closer to the camera than the red cube? Answer with yes or no.,Yes,Yes,24.59375,18.875,True
/data/shared/Qwen/mydisk/output/SYNTHETIC/NVILA-Lite-2B-SYNTHETIC_MIX_5PCT_2M-20260226_023301/checkpoint-12500,obj2_closer,output/phasevar_5/0004_phA13_phB05.png,Is the magenta sphere closer to the camera than the red cube? Answer with yes or no.,Yes,Yes,24.421875,18.8125,True
/data/shared/Qwen/mydisk/output/SYNTHETIC/NVILA-Lite-2B-SYNTHETIC_MIX_5PCT_2M-20260226_023301/checkpoint-12500,obj2_closer,output/phasevar_5/0004_phA13_phB06.png,Is the magenta sphere closer to the camera than the red cube? Answer with yes or no.,Yes,Yes,24.25,19.03125,True
/data/shared/Qwen/mydisk/output/SYNTHETIC/NVILA-Lite-2B-SYNTHETIC_MIX_5PCT_2M-20260226_023301/checkpoint-12500,obj2_closer,output/phasevar_5/0004_phA13_phB07.png,Is the magenta sphere closer to the camera than the red cube? Answer with yes or no.,Yes,Yes,24.03125,18.53125,True
/data/shared/Qwen/mydisk/output/SYNTHETIC/NVILA-Lite-2B-SYNTHETIC_MIX_5PCT_2M-20260226_023301/checkpoint-12500,obj2_closer,output/phasevar_5/0004_phA13_phB08.png,Is the magenta sphere closer to the camera than the red cube? Answer with yes or no.,Yes,Yes,24.484375,18.84375,True
/data/shared/Qwen/mydisk/output/SYNTHETIC/NVILA-Lite-2B-SYNTHETIC_MIX_5PCT_2M-20260226_023301/checkpoint-12500,obj2_closer,output/phasevar_5/0004_phA13_phB09.png,Is the magenta sphere closer to the camera than the red cube? Answer with yes or no.,Yes,Yes,23.71875,17.984375,True
/data/shared/Qwen/mydisk/output/SYNTHETIC/NVILA-Lite-2B-SYNTHETIC_MIX_5PCT_2M-20260226_023301/checkpoint-12500,obj2_closer,output/phasevar_5/0004_phA13_phB10.png,Is the magenta sphere closer to the camera than the red cube? Answer with yes or no.,Yes,Yes,23.078125,17.671875,True
/data/shared/Qwen/mydisk/output/SYNTHETIC/NVILA-Lite-2B-SYNTHETIC_MIX_5PCT_2M-20260226_023301/checkpoint-12500,obj2_closer,output/phasevar_5/0004_phA13_phB11.png,Is the magenta sphere closer to the camera than the red cube? Answer with yes or no.,Yes,Yes,23.578125,18.109375,True
/data/shared/Qwen/mydisk/output/SYNTHETIC/NVILA-Lite-2B-SYNTHETIC_MIX_5PCT_2M-20260226_023301/checkpoint-12500,obj2_closer,output/phasevar_5/0004_phA13_phB12.png,Is the magenta sphere closer to the camera than the red cube? Answer with yes or no.,Yes,Yes,23.390625,17.53125,True
/data/shared/Qwen/mydisk/output/SYNTHETIC/NVILA-Lite-2B-SYNTHETIC_MIX_5PCT_2M-20260226_023301/checkpoint-12500,obj2_closer,output/phasevar_5/0004_phA13_phB13.png,Is the magenta sphere closer to the camera than the red cube? Answer with yes or no.,Yes,Yes,23.59375,18.15625,True
/data/shared/Qwen/mydisk/output/SYNTHETIC/NVILA-Lite-2B-SYNTHETIC_MIX_5PCT_2M-20260226_023301/checkpoint-12500,obj2_closer,output/phasevar_5/0004_phA13_phB14.png,Is the magenta sphere closer to the camera than the red cube? Answer with yes or no.,Yes,Yes,23.546875,18.4375,True
/data/shared/Qwen/mydisk/output/SYNTHETIC/NVILA-Lite-2B-SYNTHETIC_MIX_5PCT_2M-20260226_023301/checkpoint-12500,obj2_closer,output/phasevar_5/0004_phA13_phB15.png,Is the magenta sphere closer to the camera than the red cube? Answer with yes or no.,Yes,Yes,23.390625,18.84375,True
/data/shared/Qwen/mydisk/output/SYNTHETIC/NVILA-Lite-2B-SYNTHETIC_MIX_5PCT_2M-20260226_023301/checkpoint-12500,obj2_closer,output/phasevar_5/0004_phA14_phB00.png,Is the magenta sphere closer to the camera than the red cube? Answer with yes or no.,Yes,Yes,24.96875,19.546875,True
/data/shared/Qwen/mydisk/output/SYNTHETIC/NVILA-Lite-2B-SYNTHETIC_MIX_5PCT_2M-20260226_023301/checkpoint-12500,obj2_closer,output/phasevar_5/0004_phA14_phB01.png,Is the magenta sphere closer to the camera than the red cube? Answer with yes or no.,Yes,Yes,25.59375,19.890625,True
/data/shared/Qwen/mydisk/output/SYNTHETIC/NVILA-Lite-2B-SYNTHETIC_MIX_5PCT_2M-20260226_023301/checkpoint-12500,obj2_closer,output/phasevar_5/0004_phA14_phB02.png,Is the magenta sphere closer to the camera than the red cube? Answer with yes or no.,Yes,Yes,24.578125,19.421875,True
/data/shared/Qwen/mydisk/output/SYNTHETIC/NVILA-Lite-2B-SYNTHETIC_MIX_5PCT_2M-20260226_023301/checkpoint-12500,obj2_closer,output/phasevar_5/0004_phA14_phB03.png,Is the magenta sphere closer to the camera than the red cube? Answer with yes or no.,Yes,Yes,26.234375,19.6875,True
/data/shared/Qwen/mydisk/output/SYNTHETIC/NVILA-Lite-2B-SYNTHETIC_MIX_5PCT_2M-20260226_023301/checkpoint-12500,obj2_closer,output/phasevar_5/0004_phA14_phB04.png,Is the magenta sphere closer to the camera than the red cube? Answer with yes or no.,Yes,Yes,25.5,19.140625,True
/data/shared/Qwen/mydisk/output/SYNTHETIC/NVILA-Lite-2B-SYNTHETIC_MIX_5PCT_2M-20260226_023301/checkpoint-12500,obj2_closer,output/phasevar_5/0004_phA14_phB05.png,Is the magenta sphere closer to the camera than the red cube? Answer with yes or no.,Yes,Yes,25.75,19.390625,True
/data/shared/Qwen/mydisk/output/SYNTHETIC/NVILA-Lite-2B-SYNTHETIC_MIX_5PCT_2M-20260226_023301/checkpoint-12500,obj2_closer,output/phasevar_5/0004_phA14_phB06.png,Is the magenta sphere closer to the camera than the red cube? Answer with yes or no.,Yes,Yes,26.125,19.9375,True
/data/shared/Qwen/mydisk/output/SYNTHETIC/NVILA-Lite-2B-SYNTHETIC_MIX_5PCT_2M-20260226_023301/checkpoint-12500,obj2_closer,output/phasevar_5/0004_phA14_phB07.png,Is the magenta sphere closer to the camera than the red cube? Answer with yes or no.,Yes,Yes,25.859375,19.515625,True
/data/shared/Qwen/mydisk/output/SYNTHETIC/NVILA-Lite-2B-SYNTHETIC_MIX_5PCT_2M-20260226_023301/checkpoint-12500,obj2_closer,output/phasevar_5/0004_phA14_phB08.png,Is the magenta sphere closer to the camera than the red cube? Answer with yes or no.,Yes,Yes,26.125,19.625,True
/data/shared/Qwen/mydisk/output/SYNTHETIC/NVILA-Lite-2B-SYNTHETIC_MIX_5PCT_2M-20260226_023301/checkpoint-12500,obj2_closer,output/phasevar_5/0004_phA14_phB09.png,Is the magenta sphere closer to the camera than the red cube? Answer with yes or no.,Yes,Yes,25.390625,18.65625,True
/data/shared/Qwen/mydisk/output/SYNTHETIC/NVILA-Lite-2B-SYNTHETIC_MIX_5PCT_2M-20260226_023301/checkpoint-12500,obj2_closer,output/phasevar_5/0004_phA14_phB10.png,Is the magenta sphere closer to the camera than the red cube? Answer with yes or no.,Yes,Yes,24.796875,18.28125,True
/data/shared/Qwen/mydisk/output/SYNTHETIC/NVILA-Lite-2B-SYNTHETIC_MIX_5PCT_2M-20260226_023301/checkpoint-12500,obj2_closer,output/phasevar_5/0004_phA14_phB11.png,Is the magenta sphere closer to the camera than the red cube? Answer with yes or no.,Yes,Yes,24.984375,18.734375,True
/data/shared/Qwen/mydisk/output/SYNTHETIC/NVILA-Lite-2B-SYNTHETIC_MIX_5PCT_2M-20260226_023301/checkpoint-12500,obj2_closer,output/phasevar_5/0004_phA14_phB12.png,Is the magenta sphere closer to the camera than the red cube? Answer with yes or no.,Yes,Yes,24.421875,18.125,True
/data/shared/Qwen/mydisk/output/SYNTHETIC/NVILA-Lite-2B-SYNTHETIC_MIX_5PCT_2M-20260226_023301/checkpoint-12500,obj2_closer,output/phasevar_5/0004_phA14_phB13.png,Is the magenta sphere closer to the camera than the red cube? Answer with yes or no.,Yes,Yes,24.515625,18.203125,True
/data/shared/Qwen/mydisk/output/SYNTHETIC/NVILA-Lite-2B-SYNTHETIC_MIX_5PCT_2M-20260226_023301/checkpoint-12500,obj2_closer,output/phasevar_5/0004_phA14_phB14.png,Is the magenta sphere closer to the camera than the red cube? Answer with yes or no.,Yes,Yes,24.375,18.296875,True
/data/shared/Qwen/mydisk/output/SYNTHETIC/NVILA-Lite-2B-SYNTHETIC_MIX_5PCT_2M-20260226_023301/checkpoint-12500,obj2_closer,output/phasevar_5/0004_phA14_phB15.png,Is the magenta sphere closer to the camera than the red cube? Answer with yes or no.,Yes,Yes,24.390625,18.8125,True
/data/shared/Qwen/mydisk/output/SYNTHETIC/NVILA-Lite-2B-SYNTHETIC_MIX_5PCT_2M-20260226_023301/checkpoint-12500,obj2_closer,output/phasevar_5/0004_phA15_phB00.png,Is the magenta sphere closer to the camera than the red cube? Answer with yes or no.,Yes,Yes,24.265625,18.9375,True
/data/shared/Qwen/mydisk/output/SYNTHETIC/NVILA-Lite-2B-SYNTHETIC_MIX_5PCT_2M-20260226_023301/checkpoint-12500,obj2_closer,output/phasevar_5/0004_phA15_phB01.png,Is the magenta sphere closer to the camera than the red cube? Answer with yes or no.,Yes,Yes,25.203125,19.4375,True
/data/shared/Qwen/mydisk/output/SYNTHETIC/NVILA-Lite-2B-SYNTHETIC_MIX_5PCT_2M-20260226_023301/checkpoint-12500,obj2_closer,output/phasevar_5/0004_phA15_phB02.png,Is the magenta sphere closer to the camera than the red cube? Answer with yes or no.,Yes,Yes,24.109375,19.234375,True
/data/shared/Qwen/mydisk/output/SYNTHETIC/NVILA-Lite-2B-SYNTHETIC_MIX_5PCT_2M-20260226_023301/checkpoint-12500,obj2_closer,output/phasevar_5/0004_phA15_phB03.png,Is the magenta sphere closer to the camera than the red cube? Answer with yes or no.,Yes,Yes,25.515625,19.1875,True
/data/shared/Qwen/mydisk/output/SYNTHETIC/NVILA-Lite-2B-SYNTHETIC_MIX_5PCT_2M-20260226_023301/checkpoint-12500,obj2_closer,output/phasevar_5/0004_phA15_phB04.png,Is the magenta sphere closer to the camera than the red cube? Answer with yes or no.,Yes,Yes,24.8125,18.4375,True
/data/shared/Qwen/mydisk/output/SYNTHETIC/NVILA-Lite-2B-SYNTHETIC_MIX_5PCT_2M-20260226_023301/checkpoint-12500,obj2_closer,output/phasevar_5/0004_phA15_phB05.png,Is the magenta sphere closer to the camera than the red cube? Answer with yes or no.,Yes,Yes,25.078125,18.625,True
/data/shared/Qwen/mydisk/output/SYNTHETIC/NVILA-Lite-2B-SYNTHETIC_MIX_5PCT_2M-20260226_023301/checkpoint-12500,obj2_closer,output/phasevar_5/0004_phA15_phB06.png,Is the magenta sphere closer to the camera than the red cube? Answer with yes or no.,Yes,Yes,25.03125,18.796875,True
/data/shared/Qwen/mydisk/output/SYNTHETIC/NVILA-Lite-2B-SYNTHETIC_MIX_5PCT_2M-20260226_023301/checkpoint-12500,obj2_closer,output/phasevar_5/0004_phA15_phB07.png,Is the magenta sphere closer to the camera than the red cube? Answer with yes or no.,Yes,Yes,25.109375,18.421875,True
/data/shared/Qwen/mydisk/output/SYNTHETIC/NVILA-Lite-2B-SYNTHETIC_MIX_5PCT_2M-20260226_023301/checkpoint-12500,obj2_closer,output/phasevar_5/0004_phA15_phB08.png,Is the magenta sphere closer to the camera than the red cube? Answer with yes or no.,Yes,Yes,25.515625,18.734375,True
/data/shared/Qwen/mydisk/output/SYNTHETIC/NVILA-Lite-2B-SYNTHETIC_MIX_5PCT_2M-20260226_023301/checkpoint-12500,obj2_closer,output/phasevar_5/0004_phA15_phB09.png,Is the magenta sphere closer to the camera than the red cube? Answer with yes or no.,Yes,Yes,24.734375,17.75,True
/data/shared/Qwen/mydisk/output/SYNTHETIC/NVILA-Lite-2B-SYNTHETIC_MIX_5PCT_2M-20260226_023301/checkpoint-12500,obj2_closer,output/phasevar_5/0004_phA15_phB10.png,Is the magenta sphere closer to the camera than the red cube? Answer with yes or no.,Yes,Yes,24.203125,17.78125,True
/data/shared/Qwen/mydisk/output/SYNTHETIC/NVILA-Lite-2B-SYNTHETIC_MIX_5PCT_2M-20260226_023301/checkpoint-12500,obj2_closer,output/phasevar_5/0004_phA15_phB11.png,Is the magenta sphere closer to the camera than the red cube? Answer with yes or no.,Yes,Yes,24.734375,18.59375,True
/data/shared/Qwen/mydisk/output/SYNTHETIC/NVILA-Lite-2B-SYNTHETIC_MIX_5PCT_2M-20260226_023301/checkpoint-12500,obj2_closer,output/phasevar_5/0004_phA15_phB12.png,Is the magenta sphere closer to the camera than the red cube? Answer with yes or no.,Yes,Yes,24.203125,18.0,True
/data/shared/Qwen/mydisk/output/SYNTHETIC/NVILA-Lite-2B-SYNTHETIC_MIX_5PCT_2M-20260226_023301/checkpoint-12500,obj2_closer,output/phasevar_5/0004_phA15_phB13.png,Is the magenta sphere closer to the camera than the red cube? Answer with yes or no.,Yes,Yes,24.375,18.34375,True
/data/shared/Qwen/mydisk/output/SYNTHETIC/NVILA-Lite-2B-SYNTHETIC_MIX_5PCT_2M-20260226_023301/checkpoint-12500,obj2_closer,output/phasevar_5/0004_phA15_phB14.png,Is the magenta sphere closer to the camera than the red cube? Answer with yes or no.,Yes,Yes,23.90625,18.015625,True
/data/shared/Qwen/mydisk/output/SYNTHETIC/NVILA-Lite-2B-SYNTHETIC_MIX_5PCT_2M-20260226_023301/checkpoint-12500,obj2_closer,output/phasevar_5/0004_phA15_phB15.png,Is the magenta sphere closer to the camera than the red cube? Answer with yes or no.,Yes,Yes,23.8125,18.28125,True
/data/shared/Qwen/mydisk/output/SYNTHETIC/NVILA-Lite-2B-SYNTHETIC_MIX_5PCT_2M-20260226_023301/checkpoint-12500,obj2_closer,output/phasevar_5/0005_phA00_phB00.png,Is the cyan cube closer to the camera than the magenta sphere? Answer with yes or no.,Yes,Yes,22.421875,18.5625,True
/data/shared/Qwen/mydisk/output/SYNTHETIC/NVILA-Lite-2B-SYNTHETIC_MIX_5PCT_2M-20260226_023301/checkpoint-12500,obj2_closer,output/phasevar_5/0005_phA00_phB01.png,Is the cyan cube closer to the camera than the magenta sphere? Answer with yes or no.,Yes,Yes,23.359375,19.1875,True
/data/shared/Qwen/mydisk/output/SYNTHETIC/NVILA-Lite-2B-SYNTHETIC_MIX_5PCT_2M-20260226_023301/checkpoint-12500,obj2_closer,output/phasevar_5/0005_phA00_phB02.png,Is the cyan cube closer to the camera than the magenta sphere? Answer with yes or no.,Yes,Yes,23.40625,18.921875,True
/data/shared/Qwen/mydisk/output/SYNTHETIC/NVILA-Lite-2B-SYNTHETIC_MIX_5PCT_2M-20260226_023301/checkpoint-12500,obj2_closer,output/phasevar_5/0005_phA00_phB03.png,Is the cyan cube closer to the camera than the magenta sphere? Answer with yes or no.,Yes,Yes,24.828125,20.15625,True
/data/shared/Qwen/mydisk/output/SYNTHETIC/NVILA-Lite-2B-SYNTHETIC_MIX_5PCT_2M-20260226_023301/checkpoint-12500,obj2_closer,output/phasevar_5/0005_phA00_phB04.png,Is the cyan cube closer to the camera than the magenta sphere? Answer with yes or no.,Yes,Yes,25.546875,20.0,True
/data/shared/Qwen/mydisk/output/SYNTHETIC/NVILA-Lite-2B-SYNTHETIC_MIX_5PCT_2M-20260226_023301/checkpoint-12500,obj2_closer,output/phasevar_5/0005_phA00_phB05.png,Is the cyan cube closer to the camera than the magenta sphere? Answer with yes or no.,Yes,Yes,25.65625,19.890625,True
/data/shared/Qwen/mydisk/output/SYNTHETIC/NVILA-Lite-2B-SYNTHETIC_MIX_5PCT_2M-20260226_023301/checkpoint-12500,obj2_closer,output/phasevar_5/0005_phA00_phB06.png,Is the cyan cube closer to the camera than the magenta sphere? Answer with yes or no.,Yes,Yes,24.78125,18.921875,True
/data/shared/Qwen/mydisk/output/SYNTHETIC/NVILA-Lite-2B-SYNTHETIC_MIX_5PCT_2M-20260226_023301/checkpoint-12500,obj2_closer,output/phasevar_5/0005_phA00_phB07.png,Is the cyan cube closer to the camera than the magenta sphere? Answer with yes or no.,Yes,Yes,23.09375,17.640625,True
/data/shared/Qwen/mydisk/output/SYNTHETIC/NVILA-Lite-2B-SYNTHETIC_MIX_5PCT_2M-20260226_023301/checkpoint-12500,obj2_closer,output/phasevar_5/0005_phA00_phB08.png,Is the cyan cube closer to the camera than the magenta sphere? Answer with yes or no.,Yes,Yes,23.578125,18.1875,True
/data/shared/Qwen/mydisk/output/SYNTHETIC/NVILA-Lite-2B-SYNTHETIC_MIX_5PCT_2M-20260226_023301/checkpoint-12500,obj2_closer,output/phasevar_5/0005_phA00_phB09.png,Is the cyan cube closer to the camera than the magenta sphere? Answer with yes or no.,Yes,Yes,23.53125,18.140625,True
/data/shared/Qwen/mydisk/output/SYNTHETIC/NVILA-Lite-2B-SYNTHETIC_MIX_5PCT_2M-20260226_023301/checkpoint-12500,obj2_closer,output/phasevar_5/0005_phA00_phB10.png,Is the cyan cube closer to the camera than the magenta sphere? Answer with yes or no.,Yes,Yes,23.15625,18.34375,True
/data/shared/Qwen/mydisk/output/SYNTHETIC/NVILA-Lite-2B-SYNTHETIC_MIX_5PCT_2M-20260226_023301/checkpoint-12500,obj2_closer,output/phasevar_5/0005_phA00_phB11.png,Is the cyan cube closer to the camera than the magenta sphere? Answer with yes or no.,Yes,Yes,23.484375,18.265625,True
/data/shared/Qwen/mydisk/output/SYNTHETIC/NVILA-Lite-2B-SYNTHETIC_MIX_5PCT_2M-20260226_023301/checkpoint-12500,obj2_closer,output/phasevar_5/0005_phA00_phB12.png,Is the cyan cube closer to the camera than the magenta sphere? Answer with yes or no.,Yes,Yes,23.203125,18.140625,True
/data/shared/Qwen/mydisk/output/SYNTHETIC/NVILA-Lite-2B-SYNTHETIC_MIX_5PCT_2M-20260226_023301/checkpoint-12500,obj2_closer,output/phasevar_5/0005_phA00_phB13.png,Is the cyan cube closer to the camera than the magenta sphere? Answer with yes or no.,Yes,Yes,23.15625,18.15625,True
/data/shared/Qwen/mydisk/output/SYNTHETIC/NVILA-Lite-2B-SYNTHETIC_MIX_5PCT_2M-20260226_023301/checkpoint-12500,obj2_closer,output/phasevar_5/0005_phA00_phB14.png,Is the cyan cube closer to the camera than the magenta sphere? Answer with yes or no.,Yes,Yes,22.71875,18.0,True
/data/shared/Qwen/mydisk/output/SYNTHETIC/NVILA-Lite-2B-SYNTHETIC_MIX_5PCT_2M-20260226_023301/checkpoint-12500,obj2_closer,output/phasevar_5/0005_phA00_phB15.png,Is the cyan cube closer to the camera than the magenta sphere? Answer with yes or no.,Yes,Yes,22.203125,18.359375,True
/data/shared/Qwen/mydisk/output/SYNTHETIC/NVILA-Lite-2B-SYNTHETIC_MIX_5PCT_2M-20260226_023301/checkpoint-12500,obj2_closer,output/phasevar_5/0005_phA01_phB00.png,Is the cyan cube closer to the camera than the magenta sphere? Answer with yes or no.,Yes,Yes,21.875,18.34375,True
/data/shared/Qwen/mydisk/output/SYNTHETIC/NVILA-Lite-2B-SYNTHETIC_MIX_5PCT_2M-20260226_023301/checkpoint-12500,obj2_closer,output/phasevar_5/0005_phA01_phB01.png,Is the cyan cube closer to the camera than the magenta sphere? Answer with yes or no.,Yes,Yes,23.25,19.125,True
/data/shared/Qwen/mydisk/output/SYNTHETIC/NVILA-Lite-2B-SYNTHETIC_MIX_5PCT_2M-20260226_023301/checkpoint-12500,obj2_closer,output/phasevar_5/0005_phA01_phB02.png,Is the cyan cube closer to the camera than the magenta sphere? Answer with yes or no.,Yes,Yes,23.21875,18.84375,True
/data/shared/Qwen/mydisk/output/SYNTHETIC/NVILA-Lite-2B-SYNTHETIC_MIX_5PCT_2M-20260226_023301/checkpoint-12500,obj2_closer,output/phasevar_5/0005_phA01_phB03.png,Is the cyan cube closer to the camera than the magenta sphere? Answer with yes or no.,Yes,Yes,24.546875,20.09375,True
/data/shared/Qwen/mydisk/output/SYNTHETIC/NVILA-Lite-2B-SYNTHETIC_MIX_5PCT_2M-20260226_023301/checkpoint-12500,obj2_closer,output/phasevar_5/0005_phA01_phB04.png,Is the cyan cube closer to the camera than the magenta sphere? Answer with yes or no.,Yes,Yes,25.0,19.6875,True
/data/shared/Qwen/mydisk/output/SYNTHETIC/NVILA-Lite-2B-SYNTHETIC_MIX_5PCT_2M-20260226_023301/checkpoint-12500,obj2_closer,output/phasevar_5/0005_phA01_phB05.png,Is the cyan cube closer to the camera than the magenta sphere? Answer with yes or no.,Yes,Yes,25.015625,19.65625,True
/data/shared/Qwen/mydisk/output/SYNTHETIC/NVILA-Lite-2B-SYNTHETIC_MIX_5PCT_2M-20260226_023301/checkpoint-12500,obj2_closer,output/phasevar_5/0005_phA01_phB06.png,Is the cyan cube closer to the camera than the magenta sphere? Answer with yes or no.,Yes,Yes,24.484375,18.796875,True
/data/shared/Qwen/mydisk/output/SYNTHETIC/NVILA-Lite-2B-SYNTHETIC_MIX_5PCT_2M-20260226_023301/checkpoint-12500,obj2_closer,output/phasevar_5/0005_phA01_phB07.png,Is the cyan cube closer to the camera than the magenta sphere? Answer with yes or no.,Yes,Yes,22.84375,17.5625,True
/data/shared/Qwen/mydisk/output/SYNTHETIC/NVILA-Lite-2B-SYNTHETIC_MIX_5PCT_2M-20260226_023301/checkpoint-12500,obj2_closer,output/phasevar_5/0005_phA01_phB08.png,Is the cyan cube closer to the camera than the magenta sphere? Answer with yes or no.,Yes,Yes,23.140625,18.015625,True
/data/shared/Qwen/mydisk/output/SYNTHETIC/NVILA-Lite-2B-SYNTHETIC_MIX_5PCT_2M-20260226_023301/checkpoint-12500,obj2_closer,output/phasevar_5/0005_phA01_phB09.png,Is the cyan cube closer to the camera than the magenta sphere? Answer with yes or no.,Yes,Yes,23.265625,18.03125,True
/data/shared/Qwen/mydisk/output/SYNTHETIC/NVILA-Lite-2B-SYNTHETIC_MIX_5PCT_2M-20260226_023301/checkpoint-12500,obj2_closer,output/phasevar_5/0005_phA01_phB10.png,Is the cyan cube closer to the camera than the magenta sphere? Answer with yes or no.,Yes,Yes,22.953125,18.28125,True
/data/shared/Qwen/mydisk/output/SYNTHETIC/NVILA-Lite-2B-SYNTHETIC_MIX_5PCT_2M-20260226_023301/checkpoint-12500,obj2_closer,output/phasevar_5/0005_phA01_phB11.png,Is the cyan cube closer to the camera than the magenta sphere? Answer with yes or no.,Yes,Yes,23.28125,18.21875,True
/data/shared/Qwen/mydisk/output/SYNTHETIC/NVILA-Lite-2B-SYNTHETIC_MIX_5PCT_2M-20260226_023301/checkpoint-12500,obj2_closer,output/phasevar_5/0005_phA01_phB12.png,Is the cyan cube closer to the camera than the magenta sphere? Answer with yes or no.,Yes,Yes,22.953125,18.0625,True
/data/shared/Qwen/mydisk/output/SYNTHETIC/NVILA-Lite-2B-SYNTHETIC_MIX_5PCT_2M-20260226_023301/checkpoint-12500,obj2_closer,output/phasevar_5/0005_phA01_phB13.png,Is the cyan cube closer to the camera than the magenta sphere? Answer with yes or no.,Yes,Yes,23.015625,18.09375,True
/data/shared/Qwen/mydisk/output/SYNTHETIC/NVILA-Lite-2B-SYNTHETIC_MIX_5PCT_2M-20260226_023301/checkpoint-12500,obj2_closer,output/phasevar_5/0005_phA01_phB14.png,Is the cyan cube closer to the camera than the magenta sphere? Answer with yes or no.,Yes,Yes,22.4375,17.921875,True
/data/shared/Qwen/mydisk/output/SYNTHETIC/NVILA-Lite-2B-SYNTHETIC_MIX_5PCT_2M-20260226_023301/checkpoint-12500,obj2_closer,output/phasevar_5/0005_phA01_phB15.png,Is the cyan cube closer to the camera than the magenta sphere? Answer with yes or no.,Yes,Yes,21.890625,18.296875,True
/data/shared/Qwen/mydisk/output/SYNTHETIC/NVILA-Lite-2B-SYNTHETIC_MIX_5PCT_2M-20260226_023301/checkpoint-12500,obj2_closer,output/phasevar_5/0005_phA02_phB00.png,Is the cyan cube closer to the camera than the magenta sphere? Answer with yes or no.,Yes,Yes,21.40625,18.265625,True
/data/shared/Qwen/mydisk/output/SYNTHETIC/NVILA-Lite-2B-SYNTHETIC_MIX_5PCT_2M-20260226_023301/checkpoint-12500,obj2_closer,output/phasevar_5/0005_phA02_phB01.png,Is the cyan cube closer to the camera than the magenta sphere? Answer with yes or no.,Yes,Yes,22.078125,18.484375,True
/data/shared/Qwen/mydisk/output/SYNTHETIC/NVILA-Lite-2B-SYNTHETIC_MIX_5PCT_2M-20260226_023301/checkpoint-12500,obj2_closer,output/phasevar_5/0005_phA02_phB02.png,Is the cyan cube closer to the camera than the magenta sphere? Answer with yes or no.,Yes,Yes,22.5625,18.53125,True
/data/shared/Qwen/mydisk/output/SYNTHETIC/NVILA-Lite-2B-SYNTHETIC_MIX_5PCT_2M-20260226_023301/checkpoint-12500,obj2_closer,output/phasevar_5/0005_phA02_phB03.png,Is the cyan cube closer to the camera than the magenta sphere? Answer with yes or no.,Yes,Yes,23.609375,19.75,True
/data/shared/Qwen/mydisk/output/SYNTHETIC/NVILA-Lite-2B-SYNTHETIC_MIX_5PCT_2M-20260226_023301/checkpoint-12500,obj2_closer,output/phasevar_5/0005_phA02_phB04.png,Is the cyan cube closer to the camera than the magenta sphere? Answer with yes or no.,Yes,Yes,24.515625,19.546875,True
/data/shared/Qwen/mydisk/output/SYNTHETIC/NVILA-Lite-2B-SYNTHETIC_MIX_5PCT_2M-20260226_023301/checkpoint-12500,obj2_closer,output/phasevar_5/0005_phA02_phB05.png,Is the cyan cube closer to the camera than the magenta sphere? Answer with yes or no.,Yes,Yes,24.5,19.375,True
/data/shared/Qwen/mydisk/output/SYNTHETIC/NVILA-Lite-2B-SYNTHETIC_MIX_5PCT_2M-20260226_023301/checkpoint-12500,obj2_closer,output/phasevar_5/0005_phA02_phB06.png,Is the cyan cube closer to the camera than the magenta sphere? Answer with yes or no.,Yes,Yes,23.859375,18.5,True
/data/shared/Qwen/mydisk/output/SYNTHETIC/NVILA-Lite-2B-SYNTHETIC_MIX_5PCT_2M-20260226_023301/checkpoint-12500,obj2_closer,output/phasevar_5/0005_phA02_phB07.png,Is the cyan cube closer to the camera than the magenta sphere? Answer with yes or no.,Yes,Yes,22.21875,17.265625,True
/data/shared/Qwen/mydisk/output/SYNTHETIC/NVILA-Lite-2B-SYNTHETIC_MIX_5PCT_2M-20260226_023301/checkpoint-12500,obj2_closer,output/phasevar_5/0005_phA02_phB08.png,Is the cyan cube closer to the camera than the magenta sphere? Answer with yes or no.,Yes,Yes,22.640625,17.921875,True
/data/shared/Qwen/mydisk/output/SYNTHETIC/NVILA-Lite-2B-SYNTHETIC_MIX_5PCT_2M-20260226_023301/checkpoint-12500,obj2_closer,output/phasevar_5/0005_phA02_phB09.png,Is the cyan cube closer to the camera than the magenta sphere? Answer with yes or no.,Yes,Yes,22.71875,18.078125,True
/data/shared/Qwen/mydisk/output/SYNTHETIC/NVILA-Lite-2B-SYNTHETIC_MIX_5PCT_2M-20260226_023301/checkpoint-12500,obj2_closer,output/phasevar_5/0005_phA02_phB10.png,Is the cyan cube closer to the camera than the magenta sphere? Answer with yes or no.,Yes,Yes,22.625,18.390625,True
/data/shared/Qwen/mydisk/output/SYNTHETIC/NVILA-Lite-2B-SYNTHETIC_MIX_5PCT_2M-20260226_023301/checkpoint-12500,obj2_closer,output/phasevar_5/0005_phA02_phB11.png,Is the cyan cube closer to the camera than the magenta sphere? Answer with yes or no.,Yes,Yes,22.953125,18.265625,True
/data/shared/Qwen/mydisk/output/SYNTHETIC/NVILA-Lite-2B-SYNTHETIC_MIX_5PCT_2M-20260226_023301/checkpoint-12500,obj2_closer,output/phasevar_5/0005_phA02_phB12.png,Is the cyan cube closer to the camera than the magenta sphere? Answer with yes or no.,Yes,Yes,22.640625,18.125,True
/data/shared/Qwen/mydisk/output/SYNTHETIC/NVILA-Lite-2B-SYNTHETIC_MIX_5PCT_2M-20260226_023301/checkpoint-12500,obj2_closer,output/phasevar_5/0005_phA02_phB13.png,Is the cyan cube closer to the camera than the magenta sphere? Answer with yes or no.,Yes,Yes,22.828125,18.1875,True
/data/shared/Qwen/mydisk/output/SYNTHETIC/NVILA-Lite-2B-SYNTHETIC_MIX_5PCT_2M-20260226_023301/checkpoint-12500,obj2_closer,output/phasevar_5/0005_phA02_phB14.png,Is the cyan cube closer to the camera than the magenta sphere? Answer with yes or no.,Yes,Yes,22.109375,17.953125,True
/data/shared/Qwen/mydisk/output/SYNTHETIC/NVILA-Lite-2B-SYNTHETIC_MIX_5PCT_2M-20260226_023301/checkpoint-12500,obj2_closer,output/phasevar_5/0005_phA02_phB15.png,Is the cyan cube closer to the camera than the magenta sphere? Answer with yes or no.,Yes,Yes,21.4375,18.3125,True
/data/shared/Qwen/mydisk/output/SYNTHETIC/NVILA-Lite-2B-SYNTHETIC_MIX_5PCT_2M-20260226_023301/checkpoint-12500,obj2_closer,output/phasevar_5/0005_phA03_phB00.png,Is the cyan cube closer to the camera than the magenta sphere? Answer with yes or no.,Yes,Yes,21.84375,18.4375,True
/data/shared/Qwen/mydisk/output/SYNTHETIC/NVILA-Lite-2B-SYNTHETIC_MIX_5PCT_2M-20260226_023301/checkpoint-12500,obj2_closer,output/phasevar_5/0005_phA03_phB01.png,Is the cyan cube closer to the camera than the magenta sphere? Answer with yes or no.,Yes,Yes,22.5625,18.703125,True
/data/shared/Qwen/mydisk/output/SYNTHETIC/NVILA-Lite-2B-SYNTHETIC_MIX_5PCT_2M-20260226_023301/checkpoint-12500,obj2_closer,output/phasevar_5/0005_phA03_phB02.png,Is the cyan cube closer to the camera than the magenta sphere? Answer with yes or no.,Yes,Yes,22.78125,18.59375,True
/data/shared/Qwen/mydisk/output/SYNTHETIC/NVILA-Lite-2B-SYNTHETIC_MIX_5PCT_2M-20260226_023301/checkpoint-12500,obj2_closer,output/phasevar_5/0005_phA03_phB03.png,Is the cyan cube closer to the camera than the magenta sphere? Answer with yes or no.,Yes,Yes,23.8125,19.59375,True
/data/shared/Qwen/mydisk/output/SYNTHETIC/NVILA-Lite-2B-SYNTHETIC_MIX_5PCT_2M-20260226_023301/checkpoint-12500,obj2_closer,output/phasevar_5/0005_phA03_phB04.png,Is the cyan cube closer to the camera than the magenta sphere? Answer with yes or no.,Yes,Yes,24.796875,19.4375,True
/data/shared/Qwen/mydisk/output/SYNTHETIC/NVILA-Lite-2B-SYNTHETIC_MIX_5PCT_2M-20260226_023301/checkpoint-12500,obj2_closer,output/phasevar_5/0005_phA03_phB05.png,Is the cyan cube closer to the camera than the magenta sphere? Answer with yes or no.,Yes,Yes,24.453125,19.078125,True
/data/shared/Qwen/mydisk/output/SYNTHETIC/NVILA-Lite-2B-SYNTHETIC_MIX_5PCT_2M-20260226_023301/checkpoint-12500,obj2_closer,output/phasevar_5/0005_phA03_phB06.png,Is the cyan cube closer to the camera than the magenta sphere? Answer with yes or no.,Yes,Yes,23.78125,18.3125,True
/data/shared/Qwen/mydisk/output/SYNTHETIC/NVILA-Lite-2B-SYNTHETIC_MIX_5PCT_2M-20260226_023301/checkpoint-12500,obj2_closer,output/phasevar_5/0005_phA03_phB07.png,Is the cyan cube closer to the camera than the magenta sphere? Answer with yes or no.,Yes,Yes,21.875,17.046875,True
/data/shared/Qwen/mydisk/output/SYNTHETIC/NVILA-Lite-2B-SYNTHETIC_MIX_5PCT_2M-20260226_023301/checkpoint-12500,obj2_closer,output/phasevar_5/0005_phA03_phB08.png,Is the cyan cube closer to the camera than the magenta sphere? Answer with yes or no.,Yes,Yes,22.28125,17.65625,True
/data/shared/Qwen/mydisk/output/SYNTHETIC/NVILA-Lite-2B-SYNTHETIC_MIX_5PCT_2M-20260226_023301/checkpoint-12500,obj2_closer,output/phasevar_5/0005_phA03_phB09.png,Is the cyan cube closer to the camera than the magenta sphere? Answer with yes or no.,Yes,Yes,22.421875,17.875,True
/data/shared/Qwen/mydisk/output/SYNTHETIC/NVILA-Lite-2B-SYNTHETIC_MIX_5PCT_2M-20260226_023301/checkpoint-12500,obj2_closer,output/phasevar_5/0005_phA03_phB10.png,Is the cyan cube closer to the camera than the magenta sphere? Answer with yes or no.,Yes,Yes,22.40625,18.1875,True
/data/shared/Qwen/mydisk/output/SYNTHETIC/NVILA-Lite-2B-SYNTHETIC_MIX_5PCT_2M-20260226_023301/checkpoint-12500,obj2_closer,output/phasevar_5/0005_phA03_phB11.png,Is the cyan cube closer to the camera than the magenta sphere? Answer with yes or no.,Yes,Yes,22.84375,18.109375,True
/data/shared/Qwen/mydisk/output/SYNTHETIC/NVILA-Lite-2B-SYNTHETIC_MIX_5PCT_2M-20260226_023301/checkpoint-12500,obj2_closer,output/phasevar_5/0005_phA03_phB12.png,Is the cyan cube closer to the camera than the magenta sphere? Answer with yes or no.,Yes,Yes,22.59375,18.109375,True
/data/shared/Qwen/mydisk/output/SYNTHETIC/NVILA-Lite-2B-SYNTHETIC_MIX_5PCT_2M-20260226_023301/checkpoint-12500,obj2_closer,output/phasevar_5/0005_phA03_phB13.png,Is the cyan cube closer to the camera than the magenta sphere? Answer with yes or no.,Yes,Yes,22.671875,18.203125,True
/data/shared/Qwen/mydisk/output/SYNTHETIC/NVILA-Lite-2B-SYNTHETIC_MIX_5PCT_2M-20260226_023301/checkpoint-12500,obj2_closer,output/phasevar_5/0005_phA03_phB14.png,Is the cyan cube closer to the camera than the magenta sphere? Answer with yes or no.,Yes,Yes,22.375,18.078125,True
/data/shared/Qwen/mydisk/output/SYNTHETIC/NVILA-Lite-2B-SYNTHETIC_MIX_5PCT_2M-20260226_023301/checkpoint-12500,obj2_closer,output/phasevar_5/0005_phA03_phB15.png,Is the cyan cube closer to the camera than the magenta sphere? Answer with yes or no.,Yes,Yes,21.734375,18.40625,True
/data/shared/Qwen/mydisk/output/SYNTHETIC/NVILA-Lite-2B-SYNTHETIC_MIX_5PCT_2M-20260226_023301/checkpoint-12500,obj2_closer,output/phasevar_5/0005_phA04_phB00.png,Is the cyan cube closer to the camera than the magenta sphere? Answer with yes or no.,Yes,Yes,21.90625,18.421875,True
/data/shared/Qwen/mydisk/output/SYNTHETIC/NVILA-Lite-2B-SYNTHETIC_MIX_5PCT_2M-20260226_023301/checkpoint-12500,obj2_closer,output/phasevar_5/0005_phA04_phB01.png,Is the cyan cube closer to the camera than the magenta sphere? Answer with yes or no.,Yes,Yes,22.671875,18.671875,True
/data/shared/Qwen/mydisk/output/SYNTHETIC/NVILA-Lite-2B-SYNTHETIC_MIX_5PCT_2M-20260226_023301/checkpoint-12500,obj2_closer,output/phasevar_5/0005_phA04_phB02.png,Is the cyan cube closer to the camera than the magenta sphere? Answer with yes or no.,Yes,Yes,23.015625,18.6875,True
/data/shared/Qwen/mydisk/output/SYNTHETIC/NVILA-Lite-2B-SYNTHETIC_MIX_5PCT_2M-20260226_023301/checkpoint-12500,obj2_closer,output/phasevar_5/0005_phA04_phB03.png,Is the cyan cube closer to the camera than the magenta sphere? Answer with yes or no.,Yes,Yes,24.125,19.734375,True
/data/shared/Qwen/mydisk/output/SYNTHETIC/NVILA-Lite-2B-SYNTHETIC_MIX_5PCT_2M-20260226_023301/checkpoint-12500,obj2_closer,output/phasevar_5/0005_phA04_phB04.png,Is the cyan cube closer to the camera than the magenta sphere? Answer with yes or no.,Yes,Yes,24.859375,19.53125,True
/data/shared/Qwen/mydisk/output/SYNTHETIC/NVILA-Lite-2B-SYNTHETIC_MIX_5PCT_2M-20260226_023301/checkpoint-12500,obj2_closer,output/phasevar_5/0005_phA04_phB05.png,Is the cyan cube closer to the camera than the magenta sphere? Answer with yes or no.,Yes,Yes,24.59375,19.0,True
/data/shared/Qwen/mydisk/output/SYNTHETIC/NVILA-Lite-2B-SYNTHETIC_MIX_5PCT_2M-20260226_023301/checkpoint-12500,obj2_closer,output/phasevar_5/0005_phA04_phB06.png,Is the cyan cube closer to the camera than the magenta sphere? Answer with yes or no.,Yes,Yes,23.78125,18.28125,True
/data/shared/Qwen/mydisk/output/SYNTHETIC/NVILA-Lite-2B-SYNTHETIC_MIX_5PCT_2M-20260226_023301/checkpoint-12500,obj2_closer,output/phasevar_5/0005_phA04_phB07.png,Is the cyan cube closer to the camera than the magenta sphere? Answer with yes or no.,Yes,Yes,21.59375,16.828125,True
/data/shared/Qwen/mydisk/output/SYNTHETIC/NVILA-Lite-2B-SYNTHETIC_MIX_5PCT_2M-20260226_023301/checkpoint-12500,obj2_closer,output/phasevar_5/0005_phA04_phB08.png,Is the cyan cube closer to the camera than the magenta sphere? Answer with yes or no.,Yes,Yes,22.078125,17.484375,True
/data/shared/Qwen/mydisk/output/SYNTHETIC/NVILA-Lite-2B-SYNTHETIC_MIX_5PCT_2M-20260226_023301/checkpoint-12500,obj2_closer,output/phasevar_5/0005_phA04_phB09.png,Is the cyan cube closer to the camera than the magenta sphere? Answer with yes or no.,Yes,Yes,22.28125,17.71875,True
/data/shared/Qwen/mydisk/output/SYNTHETIC/NVILA-Lite-2B-SYNTHETIC_MIX_5PCT_2M-20260226_023301/checkpoint-12500,obj2_closer,output/phasevar_5/0005_phA04_phB10.png,Is the cyan cube closer to the camera than the magenta sphere? Answer with yes or no.,Yes,Yes,22.328125,18.125,True
/data/shared/Qwen/mydisk/output/SYNTHETIC/NVILA-Lite-2B-SYNTHETIC_MIX_5PCT_2M-20260226_023301/checkpoint-12500,obj2_closer,output/phasevar_5/0005_phA04_phB11.png,Is the cyan cube closer to the camera than the magenta sphere? Answer with yes or no.,Yes,Yes,22.875,18.078125,True
/data/shared/Qwen/mydisk/output/SYNTHETIC/NVILA-Lite-2B-SYNTHETIC_MIX_5PCT_2M-20260226_023301/checkpoint-12500,obj2_closer,output/phasevar_5/0005_phA04_phB12.png,Is the cyan cube closer to the camera than the magenta sphere? Answer with yes or no.,Yes,Yes,22.71875,18.078125,True
/data/shared/Qwen/mydisk/output/SYNTHETIC/NVILA-Lite-2B-SYNTHETIC_MIX_5PCT_2M-20260226_023301/checkpoint-12500,obj2_closer,output/phasevar_5/0005_phA04_phB13.png,Is the cyan cube closer to the camera than the magenta sphere? Answer with yes or no.,Yes,Yes,22.78125,18.25,True
/data/shared/Qwen/mydisk/output/SYNTHETIC/NVILA-Lite-2B-SYNTHETIC_MIX_5PCT_2M-20260226_023301/checkpoint-12500,obj2_closer,output/phasevar_5/0005_phA04_phB14.png,Is the cyan cube closer to the camera than the magenta sphere? Answer with yes or no.,Yes,Yes,22.5,18.140625,True
/data/shared/Qwen/mydisk/output/SYNTHETIC/NVILA-Lite-2B-SYNTHETIC_MIX_5PCT_2M-20260226_023301/checkpoint-12500,obj2_closer,output/phasevar_5/0005_phA04_phB15.png,Is the cyan cube closer to the camera than the magenta sphere? Answer with yes or no.,Yes,Yes,21.765625,18.390625,True
/data/shared/Qwen/mydisk/output/SYNTHETIC/NVILA-Lite-2B-SYNTHETIC_MIX_5PCT_2M-20260226_023301/checkpoint-12500,obj2_closer,output/phasevar_5/0005_phA05_phB00.png,Is the cyan cube closer to the camera than the magenta sphere? Answer with yes or no.,Yes,Yes,22.046875,18.5,True
/data/shared/Qwen/mydisk/output/SYNTHETIC/NVILA-Lite-2B-SYNTHETIC_MIX_5PCT_2M-20260226_023301/checkpoint-12500,obj2_closer,output/phasevar_5/0005_phA05_phB01.png,Is the cyan cube closer to the camera than the magenta sphere? Answer with yes or no.,Yes,Yes,22.828125,18.796875,True
/data/shared/Qwen/mydisk/output/SYNTHETIC/NVILA-Lite-2B-SYNTHETIC_MIX_5PCT_2M-20260226_023301/checkpoint-12500,obj2_closer,output/phasevar_5/0005_phA05_phB02.png,Is the cyan cube closer to the camera than the magenta sphere? Answer with yes or no.,Yes,Yes,23.046875,18.75,True
/data/shared/Qwen/mydisk/output/SYNTHETIC/NVILA-Lite-2B-SYNTHETIC_MIX_5PCT_2M-20260226_023301/checkpoint-12500,obj2_closer,output/phasevar_5/0005_phA05_phB03.png,Is the cyan cube closer to the camera than the magenta sphere? Answer with yes or no.,Yes,Yes,24.078125,19.734375,True
/data/shared/Qwen/mydisk/output/SYNTHETIC/NVILA-Lite-2B-SYNTHETIC_MIX_5PCT_2M-20260226_023301/checkpoint-12500,obj2_closer,output/phasevar_5/0005_phA05_phB04.png,Is the cyan cube closer to the camera than the magenta sphere? Answer with yes or no.,Yes,Yes,24.78125,19.625,True
/data/shared/Qwen/mydisk/output/SYNTHETIC/NVILA-Lite-2B-SYNTHETIC_MIX_5PCT_2M-20260226_023301/checkpoint-12500,obj2_closer,output/phasevar_5/0005_phA05_phB05.png,Is the cyan cube closer to the camera than the magenta sphere? Answer with yes or no.,Yes,Yes,24.6875,19.078125,True
/data/shared/Qwen/mydisk/output/SYNTHETIC/NVILA-Lite-2B-SYNTHETIC_MIX_5PCT_2M-20260226_023301/checkpoint-12500,obj2_closer,output/phasevar_5/0005_phA05_phB06.png,Is the cyan cube closer to the camera than the magenta sphere? Answer with yes or no.,Yes,Yes,23.75,18.3125,True
/data/shared/Qwen/mydisk/output/SYNTHETIC/NVILA-Lite-2B-SYNTHETIC_MIX_5PCT_2M-20260226_023301/checkpoint-12500,obj2_closer,output/phasevar_5/0005_phA05_phB07.png,Is the cyan cube closer to the camera than the magenta sphere? Answer with yes or no.,Yes,Yes,21.5625,16.859375,True
/data/shared/Qwen/mydisk/output/SYNTHETIC/NVILA-Lite-2B-SYNTHETIC_MIX_5PCT_2M-20260226_023301/checkpoint-12500,obj2_closer,output/phasevar_5/0005_phA05_phB08.png,Is the cyan cube closer to the camera than the magenta sphere? Answer with yes or no.,Yes,Yes,21.96875,17.390625,True
/data/shared/Qwen/mydisk/output/SYNTHETIC/NVILA-Lite-2B-SYNTHETIC_MIX_5PCT_2M-20260226_023301/checkpoint-12500,obj2_closer,output/phasevar_5/0005_phA05_phB09.png,Is the cyan cube closer to the camera than the magenta sphere? Answer with yes or no.,Yes,Yes,22.1875,17.625,True
/data/shared/Qwen/mydisk/output/SYNTHETIC/NVILA-Lite-2B-SYNTHETIC_MIX_5PCT_2M-20260226_023301/checkpoint-12500,obj2_closer,output/phasevar_5/0005_phA05_phB10.png,Is the cyan cube closer to the camera than the magenta sphere? Answer with yes or no.,Yes,Yes,22.21875,18.0625,True
/data/shared/Qwen/mydisk/output/SYNTHETIC/NVILA-Lite-2B-SYNTHETIC_MIX_5PCT_2M-20260226_023301/checkpoint-12500,obj2_closer,output/phasevar_5/0005_phA05_phB11.png,Is the cyan cube closer to the camera than the magenta sphere? Answer with yes or no.,Yes,Yes,22.90625,18.046875,True
/data/shared/Qwen/mydisk/output/SYNTHETIC/NVILA-Lite-2B-SYNTHETIC_MIX_5PCT_2M-20260226_023301/checkpoint-12500,obj2_closer,output/phasevar_5/0005_phA05_phB12.png,Is the cyan cube closer to the camera than the magenta sphere? Answer with yes or no.,Yes,Yes,22.671875,18.125,True
/data/shared/Qwen/mydisk/output/SYNTHETIC/NVILA-Lite-2B-SYNTHETIC_MIX_5PCT_2M-20260226_023301/checkpoint-12500,obj2_closer,output/phasevar_5/0005_phA05_phB13.png,Is the cyan cube closer to the camera than the magenta sphere? Answer with yes or no.,Yes,Yes,22.796875,18.34375,True
/data/shared/Qwen/mydisk/output/SYNTHETIC/NVILA-Lite-2B-SYNTHETIC_MIX_5PCT_2M-20260226_023301/checkpoint-12500,obj2_closer,output/phasevar_5/0005_phA05_phB14.png,Is the cyan cube closer to the camera than the magenta sphere? Answer with yes or no.,Yes,Yes,22.609375,18.265625,True
/data/shared/Qwen/mydisk/output/SYNTHETIC/NVILA-Lite-2B-SYNTHETIC_MIX_5PCT_2M-20260226_023301/checkpoint-12500,obj2_closer,output/phasevar_5/0005_phA05_phB15.png,Is the cyan cube closer to the camera than the magenta sphere? Answer with yes or no.,Yes,Yes,21.9375,18.46875,True
/data/shared/Qwen/mydisk/output/SYNTHETIC/NVILA-Lite-2B-SYNTHETIC_MIX_5PCT_2M-20260226_023301/checkpoint-12500,obj2_closer,output/phasevar_5/0005_phA06_phB00.png,Is the cyan cube closer to the camera than the magenta sphere? Answer with yes or no.,Yes,Yes,21.5625,18.546875,True
/data/shared/Qwen/mydisk/output/SYNTHETIC/NVILA-Lite-2B-SYNTHETIC_MIX_5PCT_2M-20260226_023301/checkpoint-12500,obj2_closer,output/phasevar_5/0005_phA06_phB01.png,Is the cyan cube closer to the camera than the magenta sphere? Answer with yes or no.,Yes,Yes,22.359375,18.796875,True
/data/shared/Qwen/mydisk/output/SYNTHETIC/NVILA-Lite-2B-SYNTHETIC_MIX_5PCT_2M-20260226_023301/checkpoint-12500,obj2_closer,output/phasevar_5/0005_phA06_phB02.png,Is the cyan cube closer to the camera than the magenta sphere? Answer with yes or no.,Yes,Yes,22.90625,18.921875,True
/data/shared/Qwen/mydisk/output/SYNTHETIC/NVILA-Lite-2B-SYNTHETIC_MIX_5PCT_2M-20260226_023301/checkpoint-12500,obj2_closer,output/phasevar_5/0005_phA06_phB03.png,Is the cyan cube closer to the camera than the magenta sphere? Answer with yes or no.,Yes,Yes,23.53125,19.75,True
/data/shared/Qwen/mydisk/output/SYNTHETIC/NVILA-Lite-2B-SYNTHETIC_MIX_5PCT_2M-20260226_023301/checkpoint-12500,obj2_closer,output/phasevar_5/0005_phA06_phB04.png,Is the cyan cube closer to the camera than the magenta sphere? Answer with yes or no.,Yes,Yes,24.15625,19.765625,True
/data/shared/Qwen/mydisk/output/SYNTHETIC/NVILA-Lite-2B-SYNTHETIC_MIX_5PCT_2M-20260226_023301/checkpoint-12500,obj2_closer,output/phasevar_5/0005_phA06_phB05.png,Is the cyan cube closer to the camera than the magenta sphere? Answer with yes or no.,Yes,Yes,24.484375,19.5,True
/data/shared/Qwen/mydisk/output/SYNTHETIC/NVILA-Lite-2B-SYNTHETIC_MIX_5PCT_2M-20260226_023301/checkpoint-12500,obj2_closer,output/phasevar_5/0005_phA06_phB06.png,Is the cyan cube closer to the camera than the magenta sphere? Answer with yes or no.,Yes,Yes,23.5625,18.640625,True
/data/shared/Qwen/mydisk/output/SYNTHETIC/NVILA-Lite-2B-SYNTHETIC_MIX_5PCT_2M-20260226_023301/checkpoint-12500,obj2_closer,output/phasevar_5/0005_phA06_phB07.png,Is the cyan cube closer to the camera than the magenta sphere? Answer with yes or no.,Yes,Yes,21.3125,17.03125,True
/data/shared/Qwen/mydisk/output/SYNTHETIC/NVILA-Lite-2B-SYNTHETIC_MIX_5PCT_2M-20260226_023301/checkpoint-12500,obj2_closer,output/phasevar_5/0005_phA06_phB08.png,Is the cyan cube closer to the camera than the magenta sphere? Answer with yes or no.,Yes,Yes,21.296875,17.40625,True
/data/shared/Qwen/mydisk/output/SYNTHETIC/NVILA-Lite-2B-SYNTHETIC_MIX_5PCT_2M-20260226_023301/checkpoint-12500,obj2_closer,output/phasevar_5/0005_phA06_phB09.png,Is the cyan cube closer to the camera than the magenta sphere? Answer with yes or no.,Yes,Yes,21.609375,17.703125,True
/data/shared/Qwen/mydisk/output/SYNTHETIC/NVILA-Lite-2B-SYNTHETIC_MIX_5PCT_2M-20260226_023301/checkpoint-12500,obj2_closer,output/phasevar_5/0005_phA06_phB10.png,Is the cyan cube closer to the camera than the magenta sphere? Answer with yes or no.,Yes,Yes,21.796875,18.203125,True
/data/shared/Qwen/mydisk/output/SYNTHETIC/NVILA-Lite-2B-SYNTHETIC_MIX_5PCT_2M-20260226_023301/checkpoint-12500,obj2_closer,output/phasevar_5/0005_phA06_phB11.png,Is the cyan cube closer to the camera than the magenta sphere? Answer with yes or no.,Yes,Yes,22.546875,18.234375,True
/data/shared/Qwen/mydisk/output/SYNTHETIC/NVILA-Lite-2B-SYNTHETIC_MIX_5PCT_2M-20260226_023301/checkpoint-12500,obj2_closer,output/phasevar_5/0005_phA06_phB12.png,Is the cyan cube closer to the camera than the magenta sphere? Answer with yes or no.,Yes,Yes,22.21875,18.34375,True
/data/shared/Qwen/mydisk/output/SYNTHETIC/NVILA-Lite-2B-SYNTHETIC_MIX_5PCT_2M-20260226_023301/checkpoint-12500,obj2_closer,output/phasevar_5/0005_phA06_phB13.png,Is the cyan cube closer to the camera than the magenta sphere? Answer with yes or no.,Yes,Yes,22.46875,18.671875,True
/data/shared/Qwen/mydisk/output/SYNTHETIC/NVILA-Lite-2B-SYNTHETIC_MIX_5PCT_2M-20260226_023301/checkpoint-12500,obj2_closer,output/phasevar_5/0005_phA06_phB14.png,Is the cyan cube closer to the camera than the magenta sphere? Answer with yes or no.,Yes,Yes,22.515625,18.609375,True
/data/shared/Qwen/mydisk/output/SYNTHETIC/NVILA-Lite-2B-SYNTHETIC_MIX_5PCT_2M-20260226_023301/checkpoint-12500,obj2_closer,output/phasevar_5/0005_phA06_phB15.png,Is the cyan cube closer to the camera than the magenta sphere? Answer with yes or no.,Yes,Yes,21.53125,18.609375,True
/data/shared/Qwen/mydisk/output/SYNTHETIC/NVILA-Lite-2B-SYNTHETIC_MIX_5PCT_2M-20260226_023301/checkpoint-12500,obj2_closer,output/phasevar_5/0005_phA07_phB00.png,Is the cyan cube closer to the camera than the magenta sphere? Answer with yes or no.,Yes,Yes,22.75,18.6875,True
/data/shared/Qwen/mydisk/output/SYNTHETIC/NVILA-Lite-2B-SYNTHETIC_MIX_5PCT_2M-20260226_023301/checkpoint-12500,obj2_closer,output/phasevar_5/0005_phA07_phB01.png,Is the cyan cube closer to the camera than the magenta sphere? Answer with yes or no.,Yes,Yes,23.828125,19.28125,True
/data/shared/Qwen/mydisk/output/SYNTHETIC/NVILA-Lite-2B-SYNTHETIC_MIX_5PCT_2M-20260226_023301/checkpoint-12500,obj2_closer,output/phasevar_5/0005_phA07_phB02.png,Is the cyan cube closer to the camera than the magenta sphere? Answer with yes or no.,Yes,Yes,23.9375,19.15625,True
/data/shared/Qwen/mydisk/output/SYNTHETIC/NVILA-Lite-2B-SYNTHETIC_MIX_5PCT_2M-20260226_023301/checkpoint-12500,obj2_closer,output/phasevar_5/0005_phA07_phB03.png,Is the cyan cube closer to the camera than the magenta sphere? Answer with yes or no.,Yes,Yes,25.109375,20.15625,True
/data/shared/Qwen/mydisk/output/SYNTHETIC/NVILA-Lite-2B-SYNTHETIC_MIX_5PCT_2M-20260226_023301/checkpoint-12500,obj2_closer,output/phasevar_5/0005_phA07_phB04.png,Is the cyan cube closer to the camera than the magenta sphere? Answer with yes or no.,Yes,Yes,25.84375,19.90625,True
/data/shared/Qwen/mydisk/output/SYNTHETIC/NVILA-Lite-2B-SYNTHETIC_MIX_5PCT_2M-20260226_023301/checkpoint-12500,obj2_closer,output/phasevar_5/0005_phA07_phB05.png,Is the cyan cube closer to the camera than the magenta sphere? Answer with yes or no.,Yes,Yes,25.59375,19.53125,True
/data/shared/Qwen/mydisk/output/SYNTHETIC/NVILA-Lite-2B-SYNTHETIC_MIX_5PCT_2M-20260226_023301/checkpoint-12500,obj2_closer,output/phasevar_5/0005_phA07_phB06.png,Is the cyan cube closer to the camera than the magenta sphere? Answer with yes or no.,Yes,Yes,24.390625,18.625,True
/data/shared/Qwen/mydisk/output/SYNTHETIC/NVILA-Lite-2B-SYNTHETIC_MIX_5PCT_2M-20260226_023301/checkpoint-12500,obj2_closer,output/phasevar_5/0005_phA07_phB07.png,Is the cyan cube closer to the camera than the magenta sphere? Answer with yes or no.,Yes,Yes,22.5,17.265625,True
/data/shared/Qwen/mydisk/output/SYNTHETIC/NVILA-Lite-2B-SYNTHETIC_MIX_5PCT_2M-20260226_023301/checkpoint-12500,obj2_closer,output/phasevar_5/0005_phA07_phB08.png,Is the cyan cube closer to the camera than the magenta sphere? Answer with yes or no.,Yes,Yes,22.3125,17.421875,True
/data/shared/Qwen/mydisk/output/SYNTHETIC/NVILA-Lite-2B-SYNTHETIC_MIX_5PCT_2M-20260226_023301/checkpoint-12500,obj2_closer,output/phasevar_5/0005_phA07_phB09.png,Is the cyan cube closer to the camera than the magenta sphere? Answer with yes or no.,Yes,Yes,22.765625,17.65625,True
/data/shared/Qwen/mydisk/output/SYNTHETIC/NVILA-Lite-2B-SYNTHETIC_MIX_5PCT_2M-20260226_023301/checkpoint-12500,obj2_closer,output/phasevar_5/0005_phA07_phB10.png,Is the cyan cube closer to the camera than the magenta sphere? Answer with yes or no.,Yes,Yes,22.59375,17.9375,True
/data/shared/Qwen/mydisk/output/SYNTHETIC/NVILA-Lite-2B-SYNTHETIC_MIX_5PCT_2M-20260226_023301/checkpoint-12500,obj2_closer,output/phasevar_5/0005_phA07_phB11.png,Is the cyan cube closer to the camera than the magenta sphere? Answer with yes or no.,Yes,Yes,23.203125,17.953125,True
/data/shared/Qwen/mydisk/output/SYNTHETIC/NVILA-Lite-2B-SYNTHETIC_MIX_5PCT_2M-20260226_023301/checkpoint-12500,obj2_closer,output/phasevar_5/0005_phA07_phB12.png,Is the cyan cube closer to the camera than the magenta sphere? Answer with yes or no.,Yes,Yes,23.03125,18.125,True
/data/shared/Qwen/mydisk/output/SYNTHETIC/NVILA-Lite-2B-SYNTHETIC_MIX_5PCT_2M-20260226_023301/checkpoint-12500,obj2_closer,output/phasevar_5/0005_phA07_phB13.png,Is the cyan cube closer to the camera than the magenta sphere? Answer with yes or no.,Yes,Yes,23.171875,18.296875,True
/data/shared/Qwen/mydisk/output/SYNTHETIC/NVILA-Lite-2B-SYNTHETIC_MIX_5PCT_2M-20260226_023301/checkpoint-12500,obj2_closer,output/phasevar_5/0005_phA07_phB14.png,Is the cyan cube closer to the camera than the magenta sphere? Answer with yes or no.,Yes,Yes,23.21875,18.390625,True
/data/shared/Qwen/mydisk/output/SYNTHETIC/NVILA-Lite-2B-SYNTHETIC_MIX_5PCT_2M-20260226_023301/checkpoint-12500,obj2_closer,output/phasevar_5/0005_phA07_phB15.png,Is the cyan cube closer to the camera than the magenta sphere? Answer with yes or no.,Yes,Yes,22.578125,18.609375,True
/data/shared/Qwen/mydisk/output/SYNTHETIC/NVILA-Lite-2B-SYNTHETIC_MIX_5PCT_2M-20260226_023301/checkpoint-12500,obj2_closer,output/phasevar_5/0005_phA08_phB00.png,Is the cyan cube closer to the camera than the magenta sphere? Answer with yes or no.,Yes,Yes,22.859375,18.953125,True
/data/shared/Qwen/mydisk/output/SYNTHETIC/NVILA-Lite-2B-SYNTHETIC_MIX_5PCT_2M-20260226_023301/checkpoint-12500,obj2_closer,output/phasevar_5/0005_phA08_phB01.png,Is the cyan cube closer to the camera than the magenta sphere? Answer with yes or no.,Yes,Yes,23.875,19.53125,True
/data/shared/Qwen/mydisk/output/SYNTHETIC/NVILA-Lite-2B-SYNTHETIC_MIX_5PCT_2M-20260226_023301/checkpoint-12500,obj2_closer,output/phasevar_5/0005_phA08_phB02.png,Is the cyan cube closer to the camera than the magenta sphere? Answer with yes or no.,Yes,Yes,24.078125,19.5,True
/data/shared/Qwen/mydisk/output/SYNTHETIC/NVILA-Lite-2B-SYNTHETIC_MIX_5PCT_2M-20260226_023301/checkpoint-12500,obj2_closer,output/phasevar_5/0005_phA08_phB03.png,Is the cyan cube closer to the camera than the magenta sphere? Answer with yes or no.,Yes,Yes,25.109375,20.4375,True
/data/shared/Qwen/mydisk/output/SYNTHETIC/NVILA-Lite-2B-SYNTHETIC_MIX_5PCT_2M-20260226_023301/checkpoint-12500,obj2_closer,output/phasevar_5/0005_phA08_phB04.png,Is the cyan cube closer to the camera than the magenta sphere? Answer with yes or no.,Yes,Yes,26.078125,20.4375,True
/data/shared/Qwen/mydisk/output/SYNTHETIC/NVILA-Lite-2B-SYNTHETIC_MIX_5PCT_2M-20260226_023301/checkpoint-12500,obj2_closer,output/phasevar_5/0005_phA08_phB05.png,Is the cyan cube closer to the camera than the magenta sphere? Answer with yes or no.,Yes,Yes,26.109375,20.34375,True
/data/shared/Qwen/mydisk/output/SYNTHETIC/NVILA-Lite-2B-SYNTHETIC_MIX_5PCT_2M-20260226_023301/checkpoint-12500,obj2_closer,output/phasevar_5/0005_phA08_phB06.png,Is the cyan cube closer to the camera than the magenta sphere? Answer with yes or no.,Yes,Yes,24.96875,19.546875,True
/data/shared/Qwen/mydisk/output/SYNTHETIC/NVILA-Lite-2B-SYNTHETIC_MIX_5PCT_2M-20260226_023301/checkpoint-12500,obj2_closer,output/phasevar_5/0005_phA08_phB07.png,Is the cyan cube closer to the camera than the magenta sphere? Answer with yes or no.,Yes,Yes,22.96875,17.921875,True
/data/shared/Qwen/mydisk/output/SYNTHETIC/NVILA-Lite-2B-SYNTHETIC_MIX_5PCT_2M-20260226_023301/checkpoint-12500,obj2_closer,output/phasevar_5/0005_phA08_phB08.png,Is the cyan cube closer to the camera than the magenta sphere? Answer with yes or no.,Yes,Yes,22.796875,17.984375,True
/data/shared/Qwen/mydisk/output/SYNTHETIC/NVILA-Lite-2B-SYNTHETIC_MIX_5PCT_2M-20260226_023301/checkpoint-12500,obj2_closer,output/phasevar_5/0005_phA08_phB09.png,Is the cyan cube closer to the camera than the magenta sphere? Answer with yes or no.,Yes,Yes,22.734375,17.921875,True
/data/shared/Qwen/mydisk/output/SYNTHETIC/NVILA-Lite-2B-SYNTHETIC_MIX_5PCT_2M-20260226_023301/checkpoint-12500,obj2_closer,output/phasevar_5/0005_phA08_phB10.png,Is the cyan cube closer to the camera than the magenta sphere? Answer with yes or no.,Yes,Yes,22.46875,18.125,True
/data/shared/Qwen/mydisk/output/SYNTHETIC/NVILA-Lite-2B-SYNTHETIC_MIX_5PCT_2M-20260226_023301/checkpoint-12500,obj2_closer,output/phasevar_5/0005_phA08_phB11.png,Is the cyan cube closer to the camera than the magenta sphere? Answer with yes or no.,Yes,Yes,23.1875,18.1875,True
/data/shared/Qwen/mydisk/output/SYNTHETIC/NVILA-Lite-2B-SYNTHETIC_MIX_5PCT_2M-20260226_023301/checkpoint-12500,obj2_closer,output/phasevar_5/0005_phA08_phB12.png,Is the cyan cube closer to the camera than the magenta sphere? Answer with yes or no.,Yes,Yes,22.953125,18.296875,True
/data/shared/Qwen/mydisk/output/SYNTHETIC/NVILA-Lite-2B-SYNTHETIC_MIX_5PCT_2M-20260226_023301/checkpoint-12500,obj2_closer,output/phasevar_5/0005_phA08_phB13.png,Is the cyan cube closer to the camera than the magenta sphere? Answer with yes or no.,Yes,Yes,23.171875,18.46875,True
/data/shared/Qwen/mydisk/output/SYNTHETIC/NVILA-Lite-2B-SYNTHETIC_MIX_5PCT_2M-20260226_023301/checkpoint-12500,obj2_closer,output/phasevar_5/0005_phA08_phB14.png,Is the cyan cube closer to the camera than the magenta sphere? Answer with yes or no.,Yes,Yes,23.21875,18.625,True
/data/shared/Qwen/mydisk/output/SYNTHETIC/NVILA-Lite-2B-SYNTHETIC_MIX_5PCT_2M-20260226_023301/checkpoint-12500,obj2_closer,output/phasevar_5/0005_phA08_phB15.png,Is the cyan cube closer to the camera than the magenta sphere? Answer with yes or no.,Yes,Yes,22.65625,18.84375,True
/data/shared/Qwen/mydisk/output/SYNTHETIC/NVILA-Lite-2B-SYNTHETIC_MIX_5PCT_2M-20260226_023301/checkpoint-12500,obj2_closer,output/phasevar_5/0005_phA09_phB00.png,Is the cyan cube closer to the camera than the magenta sphere? Answer with yes or no.,Yes,Yes,22.9375,19.203125,True
/data/shared/Qwen/mydisk/output/SYNTHETIC/NVILA-Lite-2B-SYNTHETIC_MIX_5PCT_2M-20260226_023301/checkpoint-12500,obj2_closer,output/phasevar_5/0005_phA09_phB01.png,Is the cyan cube closer to the camera than the magenta sphere? Answer with yes or no.,Yes,Yes,23.96875,19.84375,True
/data/shared/Qwen/mydisk/output/SYNTHETIC/NVILA-Lite-2B-SYNTHETIC_MIX_5PCT_2M-20260226_023301/checkpoint-12500,obj2_closer,output/phasevar_5/0005_phA09_phB02.png,Is the cyan cube closer to the camera than the magenta sphere? Answer with yes or no.,Yes,Yes,24.1875,19.828125,True
/data/shared/Qwen/mydisk/output/SYNTHETIC/NVILA-Lite-2B-SYNTHETIC_MIX_5PCT_2M-20260226_023301/checkpoint-12500,obj2_closer,output/phasevar_5/0005_phA09_phB03.png,Is the cyan cube closer to the camera than the magenta sphere? Answer with yes or no.,Yes,Yes,25.03125,20.609375,True
/data/shared/Qwen/mydisk/output/SYNTHETIC/NVILA-Lite-2B-SYNTHETIC_MIX_5PCT_2M-20260226_023301/checkpoint-12500,obj2_closer,output/phasevar_5/0005_phA09_phB04.png,Is the cyan cube closer to the camera than the magenta sphere? Answer with yes or no.,Yes,Yes,26.21875,20.8125,True
/data/shared/Qwen/mydisk/output/SYNTHETIC/NVILA-Lite-2B-SYNTHETIC_MIX_5PCT_2M-20260226_023301/checkpoint-12500,obj2_closer,output/phasevar_5/0005_phA09_phB05.png,Is the cyan cube closer to the camera than the magenta sphere? Answer with yes or no.,Yes,Yes,26.4375,20.9375,True
/data/shared/Qwen/mydisk/output/SYNTHETIC/NVILA-Lite-2B-SYNTHETIC_MIX_5PCT_2M-20260226_023301/checkpoint-12500,obj2_closer,output/phasevar_5/0005_phA09_phB06.png,Is the cyan cube closer to the camera than the magenta sphere? Answer with yes or no.,Yes,Yes,25.265625,20.09375,True
/data/shared/Qwen/mydisk/output/SYNTHETIC/NVILA-Lite-2B-SYNTHETIC_MIX_5PCT_2M-20260226_023301/checkpoint-12500,obj2_closer,output/phasevar_5/0005_phA09_phB07.png,Is the cyan cube closer to the camera than the magenta sphere? Answer with yes or no.,Yes,Yes,23.40625,18.546875,True
/data/shared/Qwen/mydisk/output/SYNTHETIC/NVILA-Lite-2B-SYNTHETIC_MIX_5PCT_2M-20260226_023301/checkpoint-12500,obj2_closer,output/phasevar_5/0005_phA09_phB08.png,Is the cyan cube closer to the camera than the magenta sphere? Answer with yes or no.,Yes,Yes,23.296875,18.609375,True
/data/shared/Qwen/mydisk/output/SYNTHETIC/NVILA-Lite-2B-SYNTHETIC_MIX_5PCT_2M-20260226_023301/checkpoint-12500,obj2_closer,output/phasevar_5/0005_phA09_phB09.png,Is the cyan cube closer to the camera than the magenta sphere? Answer with yes or no.,Yes,Yes,22.859375,18.1875,True
/data/shared/Qwen/mydisk/output/SYNTHETIC/NVILA-Lite-2B-SYNTHETIC_MIX_5PCT_2M-20260226_023301/checkpoint-12500,obj2_closer,output/phasevar_5/0005_phA09_phB10.png,Is the cyan cube closer to the camera than the magenta sphere? Answer with yes or no.,Yes,Yes,22.484375,18.296875,True
/data/shared/Qwen/mydisk/output/SYNTHETIC/NVILA-Lite-2B-SYNTHETIC_MIX_5PCT_2M-20260226_023301/checkpoint-12500,obj2_closer,output/phasevar_5/0005_phA09_phB11.png,Is the cyan cube closer to the camera than the magenta sphere? Answer with yes or no.,Yes,Yes,23.078125,18.234375,True
/data/shared/Qwen/mydisk/output/SYNTHETIC/NVILA-Lite-2B-SYNTHETIC_MIX_5PCT_2M-20260226_023301/checkpoint-12500,obj2_closer,output/phasevar_5/0005_phA09_phB12.png,Is the cyan cube closer to the camera than the magenta sphere? Answer with yes or no.,Yes,Yes,22.875,18.390625,True
/data/shared/Qwen/mydisk/output/SYNTHETIC/NVILA-Lite-2B-SYNTHETIC_MIX_5PCT_2M-20260226_023301/checkpoint-12500,obj2_closer,output/phasevar_5/0005_phA09_phB13.png,Is the cyan cube closer to the camera than the magenta sphere? Answer with yes or no.,Yes,Yes,23.03125,18.578125,True
/data/shared/Qwen/mydisk/output/SYNTHETIC/NVILA-Lite-2B-SYNTHETIC_MIX_5PCT_2M-20260226_023301/checkpoint-12500,obj2_closer,output/phasevar_5/0005_phA09_phB14.png,Is the cyan cube closer to the camera than the magenta sphere? Answer with yes or no.,Yes,Yes,23.203125,18.84375,True
/data/shared/Qwen/mydisk/output/SYNTHETIC/NVILA-Lite-2B-SYNTHETIC_MIX_5PCT_2M-20260226_023301/checkpoint-12500,obj2_closer,output/phasevar_5/0005_phA09_phB15.png,Is the cyan cube closer to the camera than the magenta sphere? Answer with yes or no.,Yes,Yes,22.796875,19.109375,True
/data/shared/Qwen/mydisk/output/SYNTHETIC/NVILA-Lite-2B-SYNTHETIC_MIX_5PCT_2M-20260226_023301/checkpoint-12500,obj2_closer,output/phasevar_5/0005_phA10_phB00.png,Is the cyan cube closer to the camera than the magenta sphere? Answer with yes or no.,Yes,Yes,22.53125,19.390625,True
/data/shared/Qwen/mydisk/output/SYNTHETIC/NVILA-Lite-2B-SYNTHETIC_MIX_5PCT_2M-20260226_023301/checkpoint-12500,obj2_closer,output/phasevar_5/0005_phA10_phB01.png,Is the cyan cube closer to the camera than the magenta sphere? Answer with yes or no.,Yes,Yes,23.375,19.921875,True
/data/shared/Qwen/mydisk/output/SYNTHETIC/NVILA-Lite-2B-SYNTHETIC_MIX_5PCT_2M-20260226_023301/checkpoint-12500,obj2_closer,output/phasevar_5/0005_phA10_phB02.png,Is the cyan cube closer to the camera than the magenta sphere? Answer with yes or no.,Yes,Yes,24.015625,20.203125,True
/data/shared/Qwen/mydisk/output/SYNTHETIC/NVILA-Lite-2B-SYNTHETIC_MIX_5PCT_2M-20260226_023301/checkpoint-12500,obj2_closer,output/phasevar_5/0005_phA10_phB03.png,Is the cyan cube closer to the camera than the magenta sphere? Answer with yes or no.,Yes,Yes,24.59375,20.8125,True
/data/shared/Qwen/mydisk/output/SYNTHETIC/NVILA-Lite-2B-SYNTHETIC_MIX_5PCT_2M-20260226_023301/checkpoint-12500,obj2_closer,output/phasevar_5/0005_phA10_phB04.png,Is the cyan cube closer to the camera than the magenta sphere? Answer with yes or no.,Yes,Yes,25.34375,20.96875,True
/data/shared/Qwen/mydisk/output/SYNTHETIC/NVILA-Lite-2B-SYNTHETIC_MIX_5PCT_2M-20260226_023301/checkpoint-12500,obj2_closer,output/phasevar_5/0005_phA10_phB05.png,Is the cyan cube closer to the camera than the magenta sphere? Answer with yes or no.,Yes,Yes,26.125,21.453125,True
/data/shared/Qwen/mydisk/output/SYNTHETIC/NVILA-Lite-2B-SYNTHETIC_MIX_5PCT_2M-20260226_023301/checkpoint-12500,obj2_closer,output/phasevar_5/0005_phA10_phB06.png,Is the cyan cube closer to the camera than the magenta sphere? Answer with yes or no.,Yes,Yes,25.359375,20.828125,True
/data/shared/Qwen/mydisk/output/SYNTHETIC/NVILA-Lite-2B-SYNTHETIC_MIX_5PCT_2M-20260226_023301/checkpoint-12500,obj2_closer,output/phasevar_5/0005_phA10_phB07.png,Is the cyan cube closer to the camera than the magenta sphere? Answer with yes or no.,Yes,Yes,23.375,19.359375,True
/data/shared/Qwen/mydisk/output/SYNTHETIC/NVILA-Lite-2B-SYNTHETIC_MIX_5PCT_2M-20260226_023301/checkpoint-12500,obj2_closer,output/phasevar_5/0005_phA10_phB08.png,Is the cyan cube closer to the camera than the magenta sphere? Answer with yes or no.,Yes,Yes,22.9375,19.203125,True
/data/shared/Qwen/mydisk/output/SYNTHETIC/NVILA-Lite-2B-SYNTHETIC_MIX_5PCT_2M-20260226_023301/checkpoint-12500,obj2_closer,output/phasevar_5/0005_phA10_phB09.png,Is the cyan cube closer to the camera than the magenta sphere? Answer with yes or no.,Yes,Yes,22.28125,18.734375,True
/data/shared/Qwen/mydisk/output/SYNTHETIC/NVILA-Lite-2B-SYNTHETIC_MIX_5PCT_2M-20260226_023301/checkpoint-12500,obj2_closer,output/phasevar_5/0005_phA10_phB10.png,Is the cyan cube closer to the camera than the magenta sphere? Answer with yes or no.,Yes,Yes,21.78125,18.53125,True
/data/shared/Qwen/mydisk/output/SYNTHETIC/NVILA-Lite-2B-SYNTHETIC_MIX_5PCT_2M-20260226_023301/checkpoint-12500,obj2_closer,output/phasevar_5/0005_phA10_phB11.png,Is the cyan cube closer to the camera than the magenta sphere? Answer with yes or no.,Yes,Yes,22.59375,18.53125,True
/data/shared/Qwen/mydisk/output/SYNTHETIC/NVILA-Lite-2B-SYNTHETIC_MIX_5PCT_2M-20260226_023301/checkpoint-12500,obj2_closer,output/phasevar_5/0005_phA10_phB12.png,Is the cyan cube closer to the camera than the magenta sphere? Answer with yes or no.,Yes,Yes,22.3125,18.703125,True
/data/shared/Qwen/mydisk/output/SYNTHETIC/NVILA-Lite-2B-SYNTHETIC_MIX_5PCT_2M-20260226_023301/checkpoint-12500,obj2_closer,output/phasevar_5/0005_phA10_phB13.png,Is the cyan cube closer to the camera than the magenta sphere? Answer with yes or no.,Yes,Yes,22.578125,18.875,True
/data/shared/Qwen/mydisk/output/SYNTHETIC/NVILA-Lite-2B-SYNTHETIC_MIX_5PCT_2M-20260226_023301/checkpoint-12500,obj2_closer,output/phasevar_5/0005_phA10_phB14.png,Is the cyan cube closer to the camera than the magenta sphere? Answer with yes or no.,Yes,Yes,22.84375,19.140625,True
/data/shared/Qwen/mydisk/output/SYNTHETIC/NVILA-Lite-2B-SYNTHETIC_MIX_5PCT_2M-20260226_023301/checkpoint-12500,obj2_closer,output/phasevar_5/0005_phA10_phB15.png,Is the cyan cube closer to the camera than the magenta sphere? Answer with yes or no.,Yes,Yes,22.375,19.3125,True
/data/shared/Qwen/mydisk/output/SYNTHETIC/NVILA-Lite-2B-SYNTHETIC_MIX_5PCT_2M-20260226_023301/checkpoint-12500,obj2_closer,output/phasevar_5/0005_phA11_phB00.png,Is the cyan cube closer to the camera than the magenta sphere? Answer with yes or no.,Yes,Yes,22.8125,19.34375,True
/data/shared/Qwen/mydisk/output/SYNTHETIC/NVILA-Lite-2B-SYNTHETIC_MIX_5PCT_2M-20260226_023301/checkpoint-12500,obj2_closer,output/phasevar_5/0005_phA11_phB01.png,Is the cyan cube closer to the camera than the magenta sphere? Answer with yes or no.,Yes,Yes,23.5625,19.734375,True
/data/shared/Qwen/mydisk/output/SYNTHETIC/NVILA-Lite-2B-SYNTHETIC_MIX_5PCT_2M-20260226_023301/checkpoint-12500,obj2_closer,output/phasevar_5/0005_phA11_phB02.png,Is the cyan cube closer to the camera than the magenta sphere? Answer with yes or no.,Yes,Yes,24.015625,19.84375,True
/data/shared/Qwen/mydisk/output/SYNTHETIC/NVILA-Lite-2B-SYNTHETIC_MIX_5PCT_2M-20260226_023301/checkpoint-12500,obj2_closer,output/phasevar_5/0005_phA11_phB03.png,Is the cyan cube closer to the camera than the magenta sphere? Answer with yes or no.,Yes,Yes,24.875,20.609375,True
/data/shared/Qwen/mydisk/output/SYNTHETIC/NVILA-Lite-2B-SYNTHETIC_MIX_5PCT_2M-20260226_023301/checkpoint-12500,obj2_closer,output/phasevar_5/0005_phA11_phB04.png,Is the cyan cube closer to the camera than the magenta sphere? Answer with yes or no.,Yes,Yes,25.609375,20.875,True
/data/shared/Qwen/mydisk/output/SYNTHETIC/NVILA-Lite-2B-SYNTHETIC_MIX_5PCT_2M-20260226_023301/checkpoint-12500,obj2_closer,output/phasevar_5/0005_phA11_phB05.png,Is the cyan cube closer to the camera than the magenta sphere? Answer with yes or no.,Yes,Yes,26.15625,21.125,True
/data/shared/Qwen/mydisk/output/SYNTHETIC/NVILA-Lite-2B-SYNTHETIC_MIX_5PCT_2M-20260226_023301/checkpoint-12500,obj2_closer,output/phasevar_5/0005_phA11_phB06.png,Is the cyan cube closer to the camera than the magenta sphere? Answer with yes or no.,Yes,Yes,25.34375,20.375,True
/data/shared/Qwen/mydisk/output/SYNTHETIC/NVILA-Lite-2B-SYNTHETIC_MIX_5PCT_2M-20260226_023301/checkpoint-12500,obj2_closer,output/phasevar_5/0005_phA11_phB07.png,Is the cyan cube closer to the camera than the magenta sphere? Answer with yes or no.,Yes,Yes,23.015625,18.734375,True
/data/shared/Qwen/mydisk/output/SYNTHETIC/NVILA-Lite-2B-SYNTHETIC_MIX_5PCT_2M-20260226_023301/checkpoint-12500,obj2_closer,output/phasevar_5/0005_phA11_phB08.png,Is the cyan cube closer to the camera than the magenta sphere? Answer with yes or no.,Yes,Yes,22.890625,18.765625,True
/data/shared/Qwen/mydisk/output/SYNTHETIC/NVILA-Lite-2B-SYNTHETIC_MIX_5PCT_2M-20260226_023301/checkpoint-12500,obj2_closer,output/phasevar_5/0005_phA11_phB09.png,Is the cyan cube closer to the camera than the magenta sphere? Answer with yes or no.,Yes,Yes,22.625,18.59375,True
/data/shared/Qwen/mydisk/output/SYNTHETIC/NVILA-Lite-2B-SYNTHETIC_MIX_5PCT_2M-20260226_023301/checkpoint-12500,obj2_closer,output/phasevar_5/0005_phA11_phB10.png,Is the cyan cube closer to the camera than the magenta sphere? Answer with yes or no.,Yes,Yes,22.3125,18.65625,True
/data/shared/Qwen/mydisk/output/SYNTHETIC/NVILA-Lite-2B-SYNTHETIC_MIX_5PCT_2M-20260226_023301/checkpoint-12500,obj2_closer,output/phasevar_5/0005_phA11_phB11.png,Is the cyan cube closer to the camera than the magenta sphere? Answer with yes or no.,Yes,Yes,22.625,18.4375,True
/data/shared/Qwen/mydisk/output/SYNTHETIC/NVILA-Lite-2B-SYNTHETIC_MIX_5PCT_2M-20260226_023301/checkpoint-12500,obj2_closer,output/phasevar_5/0005_phA11_phB12.png,Is the cyan cube closer to the camera than the magenta sphere? Answer with yes or no.,Yes,Yes,22.53125,18.40625,True
/data/shared/Qwen/mydisk/output/SYNTHETIC/NVILA-Lite-2B-SYNTHETIC_MIX_5PCT_2M-20260226_023301/checkpoint-12500,obj2_closer,output/phasevar_5/0005_phA11_phB13.png,Is the cyan cube closer to the camera than the magenta sphere? Answer with yes or no.,Yes,Yes,22.84375,18.609375,True
/data/shared/Qwen/mydisk/output/SYNTHETIC/NVILA-Lite-2B-SYNTHETIC_MIX_5PCT_2M-20260226_023301/checkpoint-12500,obj2_closer,output/phasevar_5/0005_phA11_phB14.png,Is the cyan cube closer to the camera than the magenta sphere? Answer with yes or no.,Yes,Yes,22.984375,18.953125,True
/data/shared/Qwen/mydisk/output/SYNTHETIC/NVILA-Lite-2B-SYNTHETIC_MIX_5PCT_2M-20260226_023301/checkpoint-12500,obj2_closer,output/phasevar_5/0005_phA11_phB15.png,Is the cyan cube closer to the camera than the magenta sphere? Answer with yes or no.,Yes,Yes,22.65625,19.1875,True
/data/shared/Qwen/mydisk/output/SYNTHETIC/NVILA-Lite-2B-SYNTHETIC_MIX_5PCT_2M-20260226_023301/checkpoint-12500,obj2_closer,output/phasevar_5/0005_phA12_phB00.png,Is the cyan cube closer to the camera than the magenta sphere? Answer with yes or no.,Yes,Yes,22.3125,19.25,True
/data/shared/Qwen/mydisk/output/SYNTHETIC/NVILA-Lite-2B-SYNTHETIC_MIX_5PCT_2M-20260226_023301/checkpoint-12500,obj2_closer,output/phasevar_5/0005_phA12_phB01.png,Is the cyan cube closer to the camera than the magenta sphere? Answer with yes or no.,Yes,Yes,23.046875,19.640625,True
/data/shared/Qwen/mydisk/output/SYNTHETIC/NVILA-Lite-2B-SYNTHETIC_MIX_5PCT_2M-20260226_023301/checkpoint-12500,obj2_closer,output/phasevar_5/0005_phA12_phB02.png,Is the cyan cube closer to the camera than the magenta sphere? Answer with yes or no.,Yes,Yes,23.40625,19.765625,True
/data/shared/Qwen/mydisk/output/SYNTHETIC/NVILA-Lite-2B-SYNTHETIC_MIX_5PCT_2M-20260226_023301/checkpoint-12500,obj2_closer,output/phasevar_5/0005_phA12_phB03.png,Is the cyan cube closer to the camera than the magenta sphere? Answer with yes or no.,Yes,Yes,24.078125,20.421875,True
/data/shared/Qwen/mydisk/output/SYNTHETIC/NVILA-Lite-2B-SYNTHETIC_MIX_5PCT_2M-20260226_023301/checkpoint-12500,obj2_closer,output/phasevar_5/0005_phA12_phB04.png,Is the cyan cube closer to the camera than the magenta sphere? Answer with yes or no.,Yes,Yes,24.65625,20.5625,True
/data/shared/Qwen/mydisk/output/SYNTHETIC/NVILA-Lite-2B-SYNTHETIC_MIX_5PCT_2M-20260226_023301/checkpoint-12500,obj2_closer,output/phasevar_5/0005_phA12_phB05.png,Is the cyan cube closer to the camera than the magenta sphere? Answer with yes or no.,Yes,Yes,25.453125,21.0,True
/data/shared/Qwen/mydisk/output/SYNTHETIC/NVILA-Lite-2B-SYNTHETIC_MIX_5PCT_2M-20260226_023301/checkpoint-12500,obj2_closer,output/phasevar_5/0005_phA12_phB06.png,Is the cyan cube closer to the camera than the magenta sphere? Answer with yes or no.,Yes,Yes,25.1875,20.578125,True
/data/shared/Qwen/mydisk/output/SYNTHETIC/NVILA-Lite-2B-SYNTHETIC_MIX_5PCT_2M-20260226_023301/checkpoint-12500,obj2_closer,output/phasevar_5/0005_phA12_phB07.png,Is the cyan cube closer to the camera than the magenta sphere? Answer with yes or no.,Yes,Yes,22.875,18.90625,True
/data/shared/Qwen/mydisk/output/SYNTHETIC/NVILA-Lite-2B-SYNTHETIC_MIX_5PCT_2M-20260226_023301/checkpoint-12500,obj2_closer,output/phasevar_5/0005_phA12_phB08.png,Is the cyan cube closer to the camera than the magenta sphere? Answer with yes or no.,Yes,Yes,22.6875,18.921875,True
/data/shared/Qwen/mydisk/output/SYNTHETIC/NVILA-Lite-2B-SYNTHETIC_MIX_5PCT_2M-20260226_023301/checkpoint-12500,obj2_closer,output/phasevar_5/0005_phA12_phB09.png,Is the cyan cube closer to the camera than the magenta sphere? Answer with yes or no.,Yes,Yes,22.375,18.671875,True
/data/shared/Qwen/mydisk/output/SYNTHETIC/NVILA-Lite-2B-SYNTHETIC_MIX_5PCT_2M-20260226_023301/checkpoint-12500,obj2_closer,output/phasevar_5/0005_phA12_phB10.png,Is the cyan cube closer to the camera than the magenta sphere? Answer with yes or no.,Yes,Yes,22.203125,18.765625,True
/data/shared/Qwen/mydisk/output/SYNTHETIC/NVILA-Lite-2B-SYNTHETIC_MIX_5PCT_2M-20260226_023301/checkpoint-12500,obj2_closer,output/phasevar_5/0005_phA12_phB11.png,Is the cyan cube closer to the camera than the magenta sphere? Answer with yes or no.,Yes,Yes,22.296875,18.5,True
/data/shared/Qwen/mydisk/output/SYNTHETIC/NVILA-Lite-2B-SYNTHETIC_MIX_5PCT_2M-20260226_023301/checkpoint-12500,obj2_closer,output/phasevar_5/0005_phA12_phB12.png,Is the cyan cube closer to the camera than the magenta sphere? Answer with yes or no.,Yes,Yes,22.03125,18.328125,True
/data/shared/Qwen/mydisk/output/SYNTHETIC/NVILA-Lite-2B-SYNTHETIC_MIX_5PCT_2M-20260226_023301/checkpoint-12500,obj2_closer,output/phasevar_5/0005_phA12_phB13.png,Is the cyan cube closer to the camera than the magenta sphere? Answer with yes or no.,Yes,Yes,22.390625,18.609375,True
/data/shared/Qwen/mydisk/output/SYNTHETIC/NVILA-Lite-2B-SYNTHETIC_MIX_5PCT_2M-20260226_023301/checkpoint-12500,obj2_closer,output/phasevar_5/0005_phA12_phB14.png,Is the cyan cube closer to the camera than the magenta sphere? Answer with yes or no.,Yes,Yes,22.5625,18.890625,True
/data/shared/Qwen/mydisk/output/SYNTHETIC/NVILA-Lite-2B-SYNTHETIC_MIX_5PCT_2M-20260226_023301/checkpoint-12500,obj2_closer,output/phasevar_5/0005_phA12_phB15.png,Is the cyan cube closer to the camera than the magenta sphere? Answer with yes or no.,Yes,Yes,21.90625,18.984375,True
/data/shared/Qwen/mydisk/output/SYNTHETIC/NVILA-Lite-2B-SYNTHETIC_MIX_5PCT_2M-20260226_023301/checkpoint-12500,obj2_closer,output/phasevar_5/0005_phA13_phB00.png,Is the cyan cube closer to the camera than the magenta sphere? Answer with yes or no.,Yes,Yes,22.390625,19.453125,True
/data/shared/Qwen/mydisk/output/SYNTHETIC/NVILA-Lite-2B-SYNTHETIC_MIX_5PCT_2M-20260226_023301/checkpoint-12500,obj2_closer,output/phasevar_5/0005_phA13_phB01.png,Is the cyan cube closer to the camera than the magenta sphere? Answer with yes or no.,Yes,Yes,23.140625,19.84375,True
/data/shared/Qwen/mydisk/output/SYNTHETIC/NVILA-Lite-2B-SYNTHETIC_MIX_5PCT_2M-20260226_023301/checkpoint-12500,obj2_closer,output/phasevar_5/0005_phA13_phB02.png,Is the cyan cube closer to the camera than the magenta sphere? Answer with yes or no.,Yes,Yes,23.484375,19.953125,True
/data/shared/Qwen/mydisk/output/SYNTHETIC/NVILA-Lite-2B-SYNTHETIC_MIX_5PCT_2M-20260226_023301/checkpoint-12500,obj2_closer,output/phasevar_5/0005_phA13_phB03.png,Is the cyan cube closer to the camera than the magenta sphere? Answer with yes or no.,Yes,Yes,24.265625,20.625,True
/data/shared/Qwen/mydisk/output/SYNTHETIC/NVILA-Lite-2B-SYNTHETIC_MIX_5PCT_2M-20260226_023301/checkpoint-12500,obj2_closer,output/phasevar_5/0005_phA13_phB04.png,Is the cyan cube closer to the camera than the magenta sphere? Answer with yes or no.,Yes,Yes,24.890625,20.828125,True
/data/shared/Qwen/mydisk/output/SYNTHETIC/NVILA-Lite-2B-SYNTHETIC_MIX_5PCT_2M-20260226_023301/checkpoint-12500,obj2_closer,output/phasevar_5/0005_phA13_phB05.png,Is the cyan cube closer to the camera than the magenta sphere? Answer with yes or no.,Yes,Yes,25.640625,21.25,True
/data/shared/Qwen/mydisk/output/SYNTHETIC/NVILA-Lite-2B-SYNTHETIC_MIX_5PCT_2M-20260226_023301/checkpoint-12500,obj2_closer,output/phasevar_5/0005_phA13_phB06.png,Is the cyan cube closer to the camera than the magenta sphere? Answer with yes or no.,Yes,Yes,25.484375,20.796875,True
/data/shared/Qwen/mydisk/output/SYNTHETIC/NVILA-Lite-2B-SYNTHETIC_MIX_5PCT_2M-20260226_023301/checkpoint-12500,obj2_closer,output/phasevar_5/0005_phA13_phB07.png,Is the cyan cube closer to the camera than the magenta sphere? Answer with yes or no.,Yes,Yes,23.34375,19.34375,True
/data/shared/Qwen/mydisk/output/SYNTHETIC/NVILA-Lite-2B-SYNTHETIC_MIX_5PCT_2M-20260226_023301/checkpoint-12500,obj2_closer,output/phasevar_5/0005_phA13_phB08.png,Is the cyan cube closer to the camera than the magenta sphere? Answer with yes or no.,Yes,Yes,22.984375,19.25,True
/data/shared/Qwen/mydisk/output/SYNTHETIC/NVILA-Lite-2B-SYNTHETIC_MIX_5PCT_2M-20260226_023301/checkpoint-12500,obj2_closer,output/phasevar_5/0005_phA13_phB09.png,Is the cyan cube closer to the camera than the magenta sphere? Answer with yes or no.,Yes,Yes,22.84375,19.0625,True
/data/shared/Qwen/mydisk/output/SYNTHETIC/NVILA-Lite-2B-SYNTHETIC_MIX_5PCT_2M-20260226_023301/checkpoint-12500,obj2_closer,output/phasevar_5/0005_phA13_phB10.png,Is the cyan cube closer to the camera than the magenta sphere? Answer with yes or no.,Yes,Yes,22.609375,19.046875,True
/data/shared/Qwen/mydisk/output/SYNTHETIC/NVILA-Lite-2B-SYNTHETIC_MIX_5PCT_2M-20260226_023301/checkpoint-12500,obj2_closer,output/phasevar_5/0005_phA13_phB11.png,Is the cyan cube closer to the camera than the magenta sphere? Answer with yes or no.,Yes,Yes,22.46875,18.71875,True
/data/shared/Qwen/mydisk/output/SYNTHETIC/NVILA-Lite-2B-SYNTHETIC_MIX_5PCT_2M-20260226_023301/checkpoint-12500,obj2_closer,output/phasevar_5/0005_phA13_phB12.png,Is the cyan cube closer to the camera than the magenta sphere? Answer with yes or no.,Yes,Yes,22.140625,18.34375,True
/data/shared/Qwen/mydisk/output/SYNTHETIC/NVILA-Lite-2B-SYNTHETIC_MIX_5PCT_2M-20260226_023301/checkpoint-12500,obj2_closer,output/phasevar_5/0005_phA13_phB13.png,Is the cyan cube closer to the camera than the magenta sphere? Answer with yes or no.,Yes,Yes,22.34375,18.5625,True
/data/shared/Qwen/mydisk/output/SYNTHETIC/NVILA-Lite-2B-SYNTHETIC_MIX_5PCT_2M-20260226_023301/checkpoint-12500,obj2_closer,output/phasevar_5/0005_phA13_phB14.png,Is the cyan cube closer to the camera than the magenta sphere? Answer with yes or no.,Yes,Yes,22.578125,18.96875,True
/data/shared/Qwen/mydisk/output/SYNTHETIC/NVILA-Lite-2B-SYNTHETIC_MIX_5PCT_2M-20260226_023301/checkpoint-12500,obj2_closer,output/phasevar_5/0005_phA13_phB15.png,Is the cyan cube closer to the camera than the magenta sphere? Answer with yes or no.,Yes,Yes,22.125,19.1875,True
/data/shared/Qwen/mydisk/output/SYNTHETIC/NVILA-Lite-2B-SYNTHETIC_MIX_5PCT_2M-20260226_023301/checkpoint-12500,obj2_closer,output/phasevar_5/0005_phA14_phB00.png,Is the cyan cube closer to the camera than the magenta sphere? Answer with yes or no.,Yes,Yes,22.0,19.5,True
/data/shared/Qwen/mydisk/output/SYNTHETIC/NVILA-Lite-2B-SYNTHETIC_MIX_5PCT_2M-20260226_023301/checkpoint-12500,obj2_closer,output/phasevar_5/0005_phA14_phB01.png,Is the cyan cube closer to the camera than the magenta sphere? Answer with yes or no.,Yes,Yes,23.046875,19.875,True
/data/shared/Qwen/mydisk/output/SYNTHETIC/NVILA-Lite-2B-SYNTHETIC_MIX_5PCT_2M-20260226_023301/checkpoint-12500,obj2_closer,output/phasevar_5/0005_phA14_phB02.png,Is the cyan cube closer to the camera than the magenta sphere? Answer with yes or no.,Yes,Yes,23.5,20.015625,True
/data/shared/Qwen/mydisk/output/SYNTHETIC/NVILA-Lite-2B-SYNTHETIC_MIX_5PCT_2M-20260226_023301/checkpoint-12500,obj2_closer,output/phasevar_5/0005_phA14_phB03.png,Is the cyan cube closer to the camera than the magenta sphere? Answer with yes or no.,Yes,Yes,24.109375,20.59375,True
/data/shared/Qwen/mydisk/output/SYNTHETIC/NVILA-Lite-2B-SYNTHETIC_MIX_5PCT_2M-20260226_023301/checkpoint-12500,obj2_closer,output/phasevar_5/0005_phA14_phB04.png,Is the cyan cube closer to the camera than the magenta sphere? Answer with yes or no.,Yes,Yes,24.84375,20.8125,True
/data/shared/Qwen/mydisk/output/SYNTHETIC/NVILA-Lite-2B-SYNTHETIC_MIX_5PCT_2M-20260226_023301/checkpoint-12500,obj2_closer,output/phasevar_5/0005_phA14_phB05.png,Is the cyan cube closer to the camera than the magenta sphere? Answer with yes or no.,Yes,Yes,25.8125,21.40625,True
/data/shared/Qwen/mydisk/output/SYNTHETIC/NVILA-Lite-2B-SYNTHETIC_MIX_5PCT_2M-20260226_023301/checkpoint-12500,obj2_closer,output/phasevar_5/0005_phA14_phB06.png,Is the cyan cube closer to the camera than the magenta sphere? Answer with yes or no.,Yes,Yes,25.640625,21.03125,True
/data/shared/Qwen/mydisk/output/SYNTHETIC/NVILA-Lite-2B-SYNTHETIC_MIX_5PCT_2M-20260226_023301/checkpoint-12500,obj2_closer,output/phasevar_5/0005_phA14_phB07.png,Is the cyan cube closer to the camera than the magenta sphere? Answer with yes or no.,Yes,Yes,23.921875,19.796875,True
/data/shared/Qwen/mydisk/output/SYNTHETIC/NVILA-Lite-2B-SYNTHETIC_MIX_5PCT_2M-20260226_023301/checkpoint-12500,obj2_closer,output/phasevar_5/0005_phA14_phB08.png,Is the cyan cube closer to the camera than the magenta sphere? Answer with yes or no.,Yes,Yes,23.53125,19.71875,True
/data/shared/Qwen/mydisk/output/SYNTHETIC/NVILA-Lite-2B-SYNTHETIC_MIX_5PCT_2M-20260226_023301/checkpoint-12500,obj2_closer,output/phasevar_5/0005_phA14_phB09.png,Is the cyan cube closer to the camera than the magenta sphere? Answer with yes or no.,Yes,Yes,23.1875,19.421875,True
/data/shared/Qwen/mydisk/output/SYNTHETIC/NVILA-Lite-2B-SYNTHETIC_MIX_5PCT_2M-20260226_023301/checkpoint-12500,obj2_closer,output/phasevar_5/0005_phA14_phB10.png,Is the cyan cube closer to the camera than the magenta sphere? Answer with yes or no.,Yes,Yes,22.9375,19.375,True
/data/shared/Qwen/mydisk/output/SYNTHETIC/NVILA-Lite-2B-SYNTHETIC_MIX_5PCT_2M-20260226_023301/checkpoint-12500,obj2_closer,output/phasevar_5/0005_phA14_phB11.png,Is the cyan cube closer to the camera than the magenta sphere? Answer with yes or no.,Yes,Yes,22.703125,19.15625,True
/data/shared/Qwen/mydisk/output/SYNTHETIC/NVILA-Lite-2B-SYNTHETIC_MIX_5PCT_2M-20260226_023301/checkpoint-12500,obj2_closer,output/phasevar_5/0005_phA14_phB12.png,Is the cyan cube closer to the camera than the magenta sphere? Answer with yes or no.,Yes,Yes,21.953125,18.515625,True
/data/shared/Qwen/mydisk/output/SYNTHETIC/NVILA-Lite-2B-SYNTHETIC_MIX_5PCT_2M-20260226_023301/checkpoint-12500,obj2_closer,output/phasevar_5/0005_phA14_phB13.png,Is the cyan cube closer to the camera than the magenta sphere? Answer with yes or no.,Yes,Yes,22.109375,18.625,True
/data/shared/Qwen/mydisk/output/SYNTHETIC/NVILA-Lite-2B-SYNTHETIC_MIX_5PCT_2M-20260226_023301/checkpoint-12500,obj2_closer,output/phasevar_5/0005_phA14_phB14.png,Is the cyan cube closer to the camera than the magenta sphere? Answer with yes or no.,Yes,Yes,22.328125,18.984375,True
/data/shared/Qwen/mydisk/output/SYNTHETIC/NVILA-Lite-2B-SYNTHETIC_MIX_5PCT_2M-20260226_023301/checkpoint-12500,obj2_closer,output/phasevar_5/0005_phA14_phB15.png,Is the cyan cube closer to the camera than the magenta sphere? Answer with yes or no.,Yes,Yes,21.703125,19.125,True
/data/shared/Qwen/mydisk/output/SYNTHETIC/NVILA-Lite-2B-SYNTHETIC_MIX_5PCT_2M-20260226_023301/checkpoint-12500,obj2_closer,output/phasevar_5/0005_phA15_phB00.png,Is the cyan cube closer to the camera than the magenta sphere? Answer with yes or no.,Yes,Yes,22.625,19.171875,True
/data/shared/Qwen/mydisk/output/SYNTHETIC/NVILA-Lite-2B-SYNTHETIC_MIX_5PCT_2M-20260226_023301/checkpoint-12500,obj2_closer,output/phasevar_5/0005_phA15_phB01.png,Is the cyan cube closer to the camera than the magenta sphere? Answer with yes or no.,Yes,Yes,23.6875,19.78125,True
/data/shared/Qwen/mydisk/output/SYNTHETIC/NVILA-Lite-2B-SYNTHETIC_MIX_5PCT_2M-20260226_023301/checkpoint-12500,obj2_closer,output/phasevar_5/0005_phA15_phB02.png,Is the cyan cube closer to the camera than the magenta sphere? Answer with yes or no.,Yes,Yes,23.8125,19.609375,True
/data/shared/Qwen/mydisk/output/SYNTHETIC/NVILA-Lite-2B-SYNTHETIC_MIX_5PCT_2M-20260226_023301/checkpoint-12500,obj2_closer,output/phasevar_5/0005_phA15_phB03.png,Is the cyan cube closer to the camera than the magenta sphere? Answer with yes or no.,Yes,Yes,24.640625,20.46875,True
/data/shared/Qwen/mydisk/output/SYNTHETIC/NVILA-Lite-2B-SYNTHETIC_MIX_5PCT_2M-20260226_023301/checkpoint-12500,obj2_closer,output/phasevar_5/0005_phA15_phB04.png,Is the cyan cube closer to the camera than the magenta sphere? Answer with yes or no.,Yes,Yes,25.5625,20.578125,True
/data/shared/Qwen/mydisk/output/SYNTHETIC/NVILA-Lite-2B-SYNTHETIC_MIX_5PCT_2M-20260226_023301/checkpoint-12500,obj2_closer,output/phasevar_5/0005_phA15_phB05.png,Is the cyan cube closer to the camera than the magenta sphere? Answer with yes or no.,Yes,Yes,25.90625,20.609375,True
/data/shared/Qwen/mydisk/output/SYNTHETIC/NVILA-Lite-2B-SYNTHETIC_MIX_5PCT_2M-20260226_023301/checkpoint-12500,obj2_closer,output/phasevar_5/0005_phA15_phB06.png,Is the cyan cube closer to the camera than the magenta sphere? Answer with yes or no.,Yes,Yes,25.375,19.984375,True
/data/shared/Qwen/mydisk/output/SYNTHETIC/NVILA-Lite-2B-SYNTHETIC_MIX_5PCT_2M-20260226_023301/checkpoint-12500,obj2_closer,output/phasevar_5/0005_phA15_phB07.png,Is the cyan cube closer to the camera than the magenta sphere? Answer with yes or no.,Yes,Yes,23.515625,18.578125,True
/data/shared/Qwen/mydisk/output/SYNTHETIC/NVILA-Lite-2B-SYNTHETIC_MIX_5PCT_2M-20260226_023301/checkpoint-12500,obj2_closer,output/phasevar_5/0005_phA15_phB08.png,Is the cyan cube closer to the camera than the magenta sphere? Answer with yes or no.,Yes,Yes,23.625,18.8125,True
/data/shared/Qwen/mydisk/output/SYNTHETIC/NVILA-Lite-2B-SYNTHETIC_MIX_5PCT_2M-20260226_023301/checkpoint-12500,obj2_closer,output/phasevar_5/0005_phA15_phB09.png,Is the cyan cube closer to the camera than the magenta sphere? Answer with yes or no.,Yes,Yes,23.5,18.578125,True
/data/shared/Qwen/mydisk/output/SYNTHETIC/NVILA-Lite-2B-SYNTHETIC_MIX_5PCT_2M-20260226_023301/checkpoint-12500,obj2_closer,output/phasevar_5/0005_phA15_phB10.png,Is the cyan cube closer to the camera than the magenta sphere? Answer with yes or no.,Yes,Yes,23.078125,18.59375,True
/data/shared/Qwen/mydisk/output/SYNTHETIC/NVILA-Lite-2B-SYNTHETIC_MIX_5PCT_2M-20260226_023301/checkpoint-12500,obj2_closer,output/phasevar_5/0005_phA15_phB11.png,Is the cyan cube closer to the camera than the magenta sphere? Answer with yes or no.,Yes,Yes,23.28125,18.421875,True
/data/shared/Qwen/mydisk/output/SYNTHETIC/NVILA-Lite-2B-SYNTHETIC_MIX_5PCT_2M-20260226_023301/checkpoint-12500,obj2_closer,output/phasevar_5/0005_phA15_phB12.png,Is the cyan cube closer to the camera than the magenta sphere? Answer with yes or no.,Yes,Yes,23.046875,18.25,True
/data/shared/Qwen/mydisk/output/SYNTHETIC/NVILA-Lite-2B-SYNTHETIC_MIX_5PCT_2M-20260226_023301/checkpoint-12500,obj2_closer,output/phasevar_5/0005_phA15_phB13.png,Is the cyan cube closer to the camera than the magenta sphere? Answer with yes or no.,Yes,Yes,22.984375,18.328125,True
/data/shared/Qwen/mydisk/output/SYNTHETIC/NVILA-Lite-2B-SYNTHETIC_MIX_5PCT_2M-20260226_023301/checkpoint-12500,obj2_closer,output/phasevar_5/0005_phA15_phB14.png,Is the cyan cube closer to the camera than the magenta sphere? Answer with yes or no.,Yes,Yes,22.734375,18.359375,True
/data/shared/Qwen/mydisk/output/SYNTHETIC/NVILA-Lite-2B-SYNTHETIC_MIX_5PCT_2M-20260226_023301/checkpoint-12500,obj2_closer,output/phasevar_5/0005_phA15_phB15.png,Is the cyan cube closer to the camera than the magenta sphere? Answer with yes or no.,Yes,Yes,22.25,18.71875,True
/data/shared/Qwen/mydisk/output/SYNTHETIC/NVILA-Lite-2B-SYNTHETIC_MIX_5PCT_2M-20260226_023301/checkpoint-12500,obj2_closer,output/phasevar_5/0006_phA00_phB00.png,Is the blue cube closer to the camera than the red cube? Answer with yes or no.,Yes,Yes,22.1875,18.3125,True
/data/shared/Qwen/mydisk/output/SYNTHETIC/NVILA-Lite-2B-SYNTHETIC_MIX_5PCT_2M-20260226_023301/checkpoint-12500,obj2_closer,output/phasevar_5/0006_phA00_phB01.png,Is the blue cube closer to the camera than the red cube? Answer with yes or no.,Yes,Yes,22.796875,18.453125,True
/data/shared/Qwen/mydisk/output/SYNTHETIC/NVILA-Lite-2B-SYNTHETIC_MIX_5PCT_2M-20260226_023301/checkpoint-12500,obj2_closer,output/phasevar_5/0006_phA00_phB02.png,Is the blue cube closer to the camera than the red cube? Answer with yes or no.,Yes,Yes,23.203125,18.21875,True
/data/shared/Qwen/mydisk/output/SYNTHETIC/NVILA-Lite-2B-SYNTHETIC_MIX_5PCT_2M-20260226_023301/checkpoint-12500,obj2_closer,output/phasevar_5/0006_phA00_phB03.png,Is the blue cube closer to the camera than the red cube? Answer with yes or no.,Yes,Yes,24.828125,19.453125,True
/data/shared/Qwen/mydisk/output/SYNTHETIC/NVILA-Lite-2B-SYNTHETIC_MIX_5PCT_2M-20260226_023301/checkpoint-12500,obj2_closer,output/phasevar_5/0006_phA00_phB04.png,Is the blue cube closer to the camera than the red cube? Answer with yes or no.,Yes,Yes,25.59375,19.578125,True
/data/shared/Qwen/mydisk/output/SYNTHETIC/NVILA-Lite-2B-SYNTHETIC_MIX_5PCT_2M-20260226_023301/checkpoint-12500,obj2_closer,output/phasevar_5/0006_phA00_phB05.png,Is the blue cube closer to the camera than the red cube? Answer with yes or no.,Yes,Yes,25.53125,19.5625,True
/data/shared/Qwen/mydisk/output/SYNTHETIC/NVILA-Lite-2B-SYNTHETIC_MIX_5PCT_2M-20260226_023301/checkpoint-12500,obj2_closer,output/phasevar_5/0006_phA00_phB06.png,Is the blue cube closer to the camera than the red cube? Answer with yes or no.,Yes,Yes,23.609375,18.046875,True
/data/shared/Qwen/mydisk/output/SYNTHETIC/NVILA-Lite-2B-SYNTHETIC_MIX_5PCT_2M-20260226_023301/checkpoint-12500,obj2_closer,output/phasevar_5/0006_phA00_phB07.png,Is the blue cube closer to the camera than the red cube? Answer with yes or no.,Yes,Yes,22.90625,17.453125,True
/data/shared/Qwen/mydisk/output/SYNTHETIC/NVILA-Lite-2B-SYNTHETIC_MIX_5PCT_2M-20260226_023301/checkpoint-12500,obj2_closer,output/phasevar_5/0006_phA00_phB08.png,Is the blue cube closer to the camera than the red cube? Answer with yes or no.,Yes,Yes,23.421875,17.96875,True
/data/shared/Qwen/mydisk/output/SYNTHETIC/NVILA-Lite-2B-SYNTHETIC_MIX_5PCT_2M-20260226_023301/checkpoint-12500,obj2_closer,output/phasevar_5/0006_phA00_phB09.png,Is the blue cube closer to the camera than the red cube? Answer with yes or no.,Yes,Yes,23.546875,18.140625,True
/data/shared/Qwen/mydisk/output/SYNTHETIC/NVILA-Lite-2B-SYNTHETIC_MIX_5PCT_2M-20260226_023301/checkpoint-12500,obj2_closer,output/phasevar_5/0006_phA00_phB10.png,Is the blue cube closer to the camera than the red cube? Answer with yes or no.,Yes,Yes,22.84375,18.140625,True
/data/shared/Qwen/mydisk/output/SYNTHETIC/NVILA-Lite-2B-SYNTHETIC_MIX_5PCT_2M-20260226_023301/checkpoint-12500,obj2_closer,output/phasevar_5/0006_phA00_phB11.png,Is the blue cube closer to the camera than the red cube? Answer with yes or no.,Yes,Yes,23.671875,18.421875,True
/data/shared/Qwen/mydisk/output/SYNTHETIC/NVILA-Lite-2B-SYNTHETIC_MIX_5PCT_2M-20260226_023301/checkpoint-12500,obj2_closer,output/phasevar_5/0006_phA00_phB12.png,Is the blue cube closer to the camera than the red cube? Answer with yes or no.,Yes,Yes,23.703125,18.328125,True
/data/shared/Qwen/mydisk/output/SYNTHETIC/NVILA-Lite-2B-SYNTHETIC_MIX_5PCT_2M-20260226_023301/checkpoint-12500,obj2_closer,output/phasevar_5/0006_phA00_phB13.png,Is the blue cube closer to the camera than the red cube? Answer with yes or no.,Yes,Yes,23.359375,18.4375,True
/data/shared/Qwen/mydisk/output/SYNTHETIC/NVILA-Lite-2B-SYNTHETIC_MIX_5PCT_2M-20260226_023301/checkpoint-12500,obj2_closer,output/phasevar_5/0006_phA00_phB14.png,Is the blue cube closer to the camera than the red cube? Answer with yes or no.,Yes,Yes,22.71875,17.984375,True
/data/shared/Qwen/mydisk/output/SYNTHETIC/NVILA-Lite-2B-SYNTHETIC_MIX_5PCT_2M-20260226_023301/checkpoint-12500,obj2_closer,output/phasevar_5/0006_phA00_phB15.png,Is the blue cube closer to the camera than the red cube? Answer with yes or no.,Yes,Yes,22.5,18.28125,True
/data/shared/Qwen/mydisk/output/SYNTHETIC/NVILA-Lite-2B-SYNTHETIC_MIX_5PCT_2M-20260226_023301/checkpoint-12500,obj2_closer,output/phasevar_5/0006_phA01_phB00.png,Is the blue cube closer to the camera than the red cube? Answer with yes or no.,Yes,Yes,21.34375,17.9375,True
/data/shared/Qwen/mydisk/output/SYNTHETIC/NVILA-Lite-2B-SYNTHETIC_MIX_5PCT_2M-20260226_023301/checkpoint-12500,obj2_closer,output/phasevar_5/0006_phA01_phB01.png,Is the blue cube closer to the camera than the red cube? Answer with yes or no.,Yes,Yes,22.21875,18.09375,True
/data/shared/Qwen/mydisk/output/SYNTHETIC/NVILA-Lite-2B-SYNTHETIC_MIX_5PCT_2M-20260226_023301/checkpoint-12500,obj2_closer,output/phasevar_5/0006_phA01_phB02.png,Is the blue cube closer to the camera than the red cube? Answer with yes or no.,Yes,Yes,22.5625,17.921875,True
/data/shared/Qwen/mydisk/output/SYNTHETIC/NVILA-Lite-2B-SYNTHETIC_MIX_5PCT_2M-20260226_023301/checkpoint-12500,obj2_closer,output/phasevar_5/0006_phA01_phB03.png,Is the blue cube closer to the camera than the red cube? Answer with yes or no.,Yes,Yes,23.9375,19.0,True
/data/shared/Qwen/mydisk/output/SYNTHETIC/NVILA-Lite-2B-SYNTHETIC_MIX_5PCT_2M-20260226_023301/checkpoint-12500,obj2_closer,output/phasevar_5/0006_phA01_phB04.png,Is the blue cube closer to the camera than the red cube? Answer with yes or no.,Yes,Yes,24.65625,19.125,True
/data/shared/Qwen/mydisk/output/SYNTHETIC/NVILA-Lite-2B-SYNTHETIC_MIX_5PCT_2M-20260226_023301/checkpoint-12500,obj2_closer,output/phasevar_5/0006_phA01_phB05.png,Is the blue cube closer to the camera than the red cube? Answer with yes or no.,Yes,Yes,24.65625,19.25,True
/data/shared/Qwen/mydisk/output/SYNTHETIC/NVILA-Lite-2B-SYNTHETIC_MIX_5PCT_2M-20260226_023301/checkpoint-12500,obj2_closer,output/phasevar_5/0006_phA01_phB06.png,Is the blue cube closer to the camera than the red cube? Answer with yes or no.,Yes,Yes,22.96875,17.8125,True
/data/shared/Qwen/mydisk/output/SYNTHETIC/NVILA-Lite-2B-SYNTHETIC_MIX_5PCT_2M-20260226_023301/checkpoint-12500,obj2_closer,output/phasevar_5/0006_phA01_phB07.png,Is the blue cube closer to the camera than the red cube? Answer with yes or no.,Yes,Yes,22.390625,17.296875,True
/data/shared/Qwen/mydisk/output/SYNTHETIC/NVILA-Lite-2B-SYNTHETIC_MIX_5PCT_2M-20260226_023301/checkpoint-12500,obj2_closer,output/phasevar_5/0006_phA01_phB08.png,Is the blue cube closer to the camera than the red cube? Answer with yes or no.,Yes,Yes,22.9375,17.984375,True
/data/shared/Qwen/mydisk/output/SYNTHETIC/NVILA-Lite-2B-SYNTHETIC_MIX_5PCT_2M-20260226_023301/checkpoint-12500,obj2_closer,output/phasevar_5/0006_phA01_phB09.png,Is the blue cube closer to the camera than the red cube? Answer with yes or no.,Yes,Yes,23.140625,18.1875,True
/data/shared/Qwen/mydisk/output/SYNTHETIC/NVILA-Lite-2B-SYNTHETIC_MIX_5PCT_2M-20260226_023301/checkpoint-12500,obj2_closer,output/phasevar_5/0006_phA01_phB10.png,Is the blue cube closer to the camera than the red cube? Answer with yes or no.,Yes,Yes,22.421875,18.21875,True
/data/shared/Qwen/mydisk/output/SYNTHETIC/NVILA-Lite-2B-SYNTHETIC_MIX_5PCT_2M-20260226_023301/checkpoint-12500,obj2_closer,output/phasevar_5/0006_phA01_phB11.png,Is the blue cube closer to the camera than the red cube? Answer with yes or no.,Yes,Yes,23.21875,18.453125,True
/data/shared/Qwen/mydisk/output/SYNTHETIC/NVILA-Lite-2B-SYNTHETIC_MIX_5PCT_2M-20260226_023301/checkpoint-12500,obj2_closer,output/phasevar_5/0006_phA01_phB12.png,Is the blue cube closer to the camera than the red cube? Answer with yes or no.,Yes,Yes,23.203125,18.296875,True
/data/shared/Qwen/mydisk/output/SYNTHETIC/NVILA-Lite-2B-SYNTHETIC_MIX_5PCT_2M-20260226_023301/checkpoint-12500,obj2_closer,output/phasevar_5/0006_phA01_phB13.png,Is the blue cube closer to the camera than the red cube? Answer with yes or no.,Yes,Yes,23.015625,18.421875,True
/data/shared/Qwen/mydisk/output/SYNTHETIC/NVILA-Lite-2B-SYNTHETIC_MIX_5PCT_2M-20260226_023301/checkpoint-12500,obj2_closer,output/phasevar_5/0006_phA01_phB14.png,Is the blue cube closer to the camera than the red cube? Answer with yes or no.,Yes,Yes,22.203125,18.015625,True
/data/shared/Qwen/mydisk/output/SYNTHETIC/NVILA-Lite-2B-SYNTHETIC_MIX_5PCT_2M-20260226_023301/checkpoint-12500,obj2_closer,output/phasevar_5/0006_phA01_phB15.png,Is the blue cube closer to the camera than the red cube? Answer with yes or no.,Yes,Yes,21.703125,18.140625,True
/data/shared/Qwen/mydisk/output/SYNTHETIC/NVILA-Lite-2B-SYNTHETIC_MIX_5PCT_2M-20260226_023301/checkpoint-12500,obj2_closer,output/phasevar_5/0006_phA02_phB00.png,Is the blue cube closer to the camera than the red cube? Answer with yes or no.,Yes,Yes,21.046875,18.0,True
/data/shared/Qwen/mydisk/output/SYNTHETIC/NVILA-Lite-2B-SYNTHETIC_MIX_5PCT_2M-20260226_023301/checkpoint-12500,obj2_closer,output/phasevar_5/0006_phA02_phB01.png,Is the blue cube closer to the camera than the red cube? Answer with yes or no.,Yes,Yes,21.875,18.1875,True
/data/shared/Qwen/mydisk/output/SYNTHETIC/NVILA-Lite-2B-SYNTHETIC_MIX_5PCT_2M-20260226_023301/checkpoint-12500,obj2_closer,output/phasevar_5/0006_phA02_phB02.png,Is the blue cube closer to the camera than the red cube? Answer with yes or no.,Yes,Yes,22.65625,18.171875,True
/data/shared/Qwen/mydisk/output/SYNTHETIC/NVILA-Lite-2B-SYNTHETIC_MIX_5PCT_2M-20260226_023301/checkpoint-12500,obj2_closer,output/phasevar_5/0006_phA02_phB03.png,Is the blue cube closer to the camera than the red cube? Answer with yes or no.,Yes,Yes,23.453125,19.1875,True
/data/shared/Qwen/mydisk/output/SYNTHETIC/NVILA-Lite-2B-SYNTHETIC_MIX_5PCT_2M-20260226_023301/checkpoint-12500,obj2_closer,output/phasevar_5/0006_phA02_phB04.png,Is the blue cube closer to the camera than the red cube? Answer with yes or no.,Yes,Yes,24.09375,19.09375,True
/data/shared/Qwen/mydisk/output/SYNTHETIC/NVILA-Lite-2B-SYNTHETIC_MIX_5PCT_2M-20260226_023301/checkpoint-12500,obj2_closer,output/phasevar_5/0006_phA02_phB05.png,Is the blue cube closer to the camera than the red cube? Answer with yes or no.,Yes,Yes,24.03125,19.078125,True
/data/shared/Qwen/mydisk/output/SYNTHETIC/NVILA-Lite-2B-SYNTHETIC_MIX_5PCT_2M-20260226_023301/checkpoint-12500,obj2_closer,output/phasevar_5/0006_phA02_phB06.png,Is the blue cube closer to the camera than the red cube? Answer with yes or no.,Yes,Yes,22.59375,17.90625,True
/data/shared/Qwen/mydisk/output/SYNTHETIC/NVILA-Lite-2B-SYNTHETIC_MIX_5PCT_2M-20260226_023301/checkpoint-12500,obj2_closer,output/phasevar_5/0006_phA02_phB07.png,Is the blue cube closer to the camera than the red cube? Answer with yes or no.,Yes,Yes,21.90625,17.34375,True
/data/shared/Qwen/mydisk/output/SYNTHETIC/NVILA-Lite-2B-SYNTHETIC_MIX_5PCT_2M-20260226_023301/checkpoint-12500,obj2_closer,output/phasevar_5/0006_phA02_phB08.png,Is the blue cube closer to the camera than the red cube? Answer with yes or no.,Yes,Yes,22.28125,18.078125,True
/data/shared/Qwen/mydisk/output/SYNTHETIC/NVILA-Lite-2B-SYNTHETIC_MIX_5PCT_2M-20260226_023301/checkpoint-12500,obj2_closer,output/phasevar_5/0006_phA02_phB09.png,Is the blue cube closer to the camera than the red cube? Answer with yes or no.,Yes,Yes,22.453125,18.421875,True
/data/shared/Qwen/mydisk/output/SYNTHETIC/NVILA-Lite-2B-SYNTHETIC_MIX_5PCT_2M-20260226_023301/checkpoint-12500,obj2_closer,output/phasevar_5/0006_phA02_phB10.png,Is the blue cube closer to the camera than the red cube? Answer with yes or no.,Yes,Yes,22.109375,18.53125,True
/data/shared/Qwen/mydisk/output/SYNTHETIC/NVILA-Lite-2B-SYNTHETIC_MIX_5PCT_2M-20260226_023301/checkpoint-12500,obj2_closer,output/phasevar_5/0006_phA02_phB11.png,Is the blue cube closer to the camera than the red cube? Answer with yes or no.,Yes,Yes,22.796875,18.953125,True
/data/shared/Qwen/mydisk/output/SYNTHETIC/NVILA-Lite-2B-SYNTHETIC_MIX_5PCT_2M-20260226_023301/checkpoint-12500,obj2_closer,output/phasevar_5/0006_phA02_phB12.png,Is the blue cube closer to the camera than the red cube? Answer with yes or no.,Yes,Yes,22.5,18.734375,True
/data/shared/Qwen/mydisk/output/SYNTHETIC/NVILA-Lite-2B-SYNTHETIC_MIX_5PCT_2M-20260226_023301/checkpoint-12500,obj2_closer,output/phasevar_5/0006_phA02_phB13.png,Is the blue cube closer to the camera than the red cube? Answer with yes or no.,Yes,Yes,22.4375,18.875,True
/data/shared/Qwen/mydisk/output/SYNTHETIC/NVILA-Lite-2B-SYNTHETIC_MIX_5PCT_2M-20260226_023301/checkpoint-12500,obj2_closer,output/phasevar_5/0006_phA02_phB14.png,Is the blue cube closer to the camera than the red cube? Answer with yes or no.,Yes,Yes,21.984375,18.28125,True
/data/shared/Qwen/mydisk/output/SYNTHETIC/NVILA-Lite-2B-SYNTHETIC_MIX_5PCT_2M-20260226_023301/checkpoint-12500,obj2_closer,output/phasevar_5/0006_phA02_phB15.png,Is the blue cube closer to the camera than the red cube? Answer with yes or no.,Yes,Yes,21.375,18.375,True
/data/shared/Qwen/mydisk/output/SYNTHETIC/NVILA-Lite-2B-SYNTHETIC_MIX_5PCT_2M-20260226_023301/checkpoint-12500,obj2_closer,output/phasevar_5/0006_phA03_phB00.png,Is the blue cube closer to the camera than the red cube? Answer with yes or no.,Yes,Yes,21.359375,18.09375,True
/data/shared/Qwen/mydisk/output/SYNTHETIC/NVILA-Lite-2B-SYNTHETIC_MIX_5PCT_2M-20260226_023301/checkpoint-12500,obj2_closer,output/phasevar_5/0006_phA03_phB01.png,Is the blue cube closer to the camera than the red cube? Answer with yes or no.,Yes,Yes,22.1875,18.296875,True
/data/shared/Qwen/mydisk/output/SYNTHETIC/NVILA-Lite-2B-SYNTHETIC_MIX_5PCT_2M-20260226_023301/checkpoint-12500,obj2_closer,output/phasevar_5/0006_phA03_phB02.png,Is the blue cube closer to the camera than the red cube? Answer with yes or no.,Yes,Yes,22.5625,18.078125,True
/data/shared/Qwen/mydisk/output/SYNTHETIC/NVILA-Lite-2B-SYNTHETIC_MIX_5PCT_2M-20260226_023301/checkpoint-12500,obj2_closer,output/phasevar_5/0006_phA03_phB03.png,Is the blue cube closer to the camera than the red cube? Answer with yes or no.,Yes,Yes,23.8125,19.21875,True
/data/shared/Qwen/mydisk/output/SYNTHETIC/NVILA-Lite-2B-SYNTHETIC_MIX_5PCT_2M-20260226_023301/checkpoint-12500,obj2_closer,output/phasevar_5/0006_phA03_phB04.png,Is the blue cube closer to the camera than the red cube? Answer with yes or no.,Yes,Yes,24.53125,19.015625,True
/data/shared/Qwen/mydisk/output/SYNTHETIC/NVILA-Lite-2B-SYNTHETIC_MIX_5PCT_2M-20260226_023301/checkpoint-12500,obj2_closer,output/phasevar_5/0006_phA03_phB05.png,Is the blue cube closer to the camera than the red cube? Answer with yes or no.,Yes,Yes,24.15625,18.734375,True
/data/shared/Qwen/mydisk/output/SYNTHETIC/NVILA-Lite-2B-SYNTHETIC_MIX_5PCT_2M-20260226_023301/checkpoint-12500,obj2_closer,output/phasevar_5/0006_phA03_phB06.png,Is the blue cube closer to the camera than the red cube? Answer with yes or no.,Yes,Yes,22.234375,17.265625,True
/data/shared/Qwen/mydisk/output/SYNTHETIC/NVILA-Lite-2B-SYNTHETIC_MIX_5PCT_2M-20260226_023301/checkpoint-12500,obj2_closer,output/phasevar_5/0006_phA03_phB07.png,Is the blue cube closer to the camera than the red cube? Answer with yes or no.,Yes,Yes,21.34375,16.625,True
/data/shared/Qwen/mydisk/output/SYNTHETIC/NVILA-Lite-2B-SYNTHETIC_MIX_5PCT_2M-20260226_023301/checkpoint-12500,obj2_closer,output/phasevar_5/0006_phA03_phB08.png,Is the blue cube closer to the camera than the red cube? Answer with yes or no.,Yes,Yes,21.921875,17.359375,True
/data/shared/Qwen/mydisk/output/SYNTHETIC/NVILA-Lite-2B-SYNTHETIC_MIX_5PCT_2M-20260226_023301/checkpoint-12500,obj2_closer,output/phasevar_5/0006_phA03_phB09.png,Is the blue cube closer to the camera than the red cube? Answer with yes or no.,Yes,Yes,22.375,17.71875,True
/data/shared/Qwen/mydisk/output/SYNTHETIC/NVILA-Lite-2B-SYNTHETIC_MIX_5PCT_2M-20260226_023301/checkpoint-12500,obj2_closer,output/phasevar_5/0006_phA03_phB10.png,Is the blue cube closer to the camera than the red cube? Answer with yes or no.,Yes,Yes,21.953125,17.703125,True
/data/shared/Qwen/mydisk/output/SYNTHETIC/NVILA-Lite-2B-SYNTHETIC_MIX_5PCT_2M-20260226_023301/checkpoint-12500,obj2_closer,output/phasevar_5/0006_phA03_phB11.png,Is the blue cube closer to the camera than the red cube? Answer with yes or no.,Yes,Yes,22.890625,18.28125,True
/data/shared/Qwen/mydisk/output/SYNTHETIC/NVILA-Lite-2B-SYNTHETIC_MIX_5PCT_2M-20260226_023301/checkpoint-12500,obj2_closer,output/phasevar_5/0006_phA03_phB12.png,Is the blue cube closer to the camera than the red cube? Answer with yes or no.,Yes,Yes,22.75,18.25,True
/data/shared/Qwen/mydisk/output/SYNTHETIC/NVILA-Lite-2B-SYNTHETIC_MIX_5PCT_2M-20260226_023301/checkpoint-12500,obj2_closer,output/phasevar_5/0006_phA03_phB13.png,Is the blue cube closer to the camera than the red cube? Answer with yes or no.,Yes,Yes,22.5625,18.4375,True
/data/shared/Qwen/mydisk/output/SYNTHETIC/NVILA-Lite-2B-SYNTHETIC_MIX_5PCT_2M-20260226_023301/checkpoint-12500,obj2_closer,output/phasevar_5/0006_phA03_phB14.png,Is the blue cube closer to the camera than the red cube? Answer with yes or no.,Yes,Yes,22.140625,18.03125,True
/data/shared/Qwen/mydisk/output/SYNTHETIC/NVILA-Lite-2B-SYNTHETIC_MIX_5PCT_2M-20260226_023301/checkpoint-12500,obj2_closer,output/phasevar_5/0006_phA03_phB15.png,Is the blue cube closer to the camera than the red cube? Answer with yes or no.,Yes,Yes,21.671875,18.34375,True
/data/shared/Qwen/mydisk/output/SYNTHETIC/NVILA-Lite-2B-SYNTHETIC_MIX_5PCT_2M-20260226_023301/checkpoint-12500,obj2_closer,output/phasevar_5/0006_phA04_phB00.png,Is the blue cube closer to the camera than the red cube? Answer with yes or no.,Yes,Yes,21.640625,18.203125,True
/data/shared/Qwen/mydisk/output/SYNTHETIC/NVILA-Lite-2B-SYNTHETIC_MIX_5PCT_2M-20260226_023301/checkpoint-12500,obj2_closer,output/phasevar_5/0006_phA04_phB01.png,Is the blue cube closer to the camera than the red cube? Answer with yes or no.,Yes,Yes,22.21875,18.28125,True
/data/shared/Qwen/mydisk/output/SYNTHETIC/NVILA-Lite-2B-SYNTHETIC_MIX_5PCT_2M-20260226_023301/checkpoint-12500,obj2_closer,output/phasevar_5/0006_phA04_phB02.png,Is the blue cube closer to the camera than the red cube? Answer with yes or no.,Yes,Yes,22.890625,18.109375,True
/data/shared/Qwen/mydisk/output/SYNTHETIC/NVILA-Lite-2B-SYNTHETIC_MIX_5PCT_2M-20260226_023301/checkpoint-12500,obj2_closer,output/phasevar_5/0006_phA04_phB03.png,Is the blue cube closer to the camera than the red cube? Answer with yes or no.,Yes,Yes,24.03125,19.140625,True
/data/shared/Qwen/mydisk/output/SYNTHETIC/NVILA-Lite-2B-SYNTHETIC_MIX_5PCT_2M-20260226_023301/checkpoint-12500,obj2_closer,output/phasevar_5/0006_phA04_phB04.png,Is the blue cube closer to the camera than the red cube? Answer with yes or no.,Yes,Yes,24.671875,18.890625,True
/data/shared/Qwen/mydisk/output/SYNTHETIC/NVILA-Lite-2B-SYNTHETIC_MIX_5PCT_2M-20260226_023301/checkpoint-12500,obj2_closer,output/phasevar_5/0006_phA04_phB05.png,Is the blue cube closer to the camera than the red cube? Answer with yes or no.,Yes,Yes,24.265625,18.359375,True
/data/shared/Qwen/mydisk/output/SYNTHETIC/NVILA-Lite-2B-SYNTHETIC_MIX_5PCT_2M-20260226_023301/checkpoint-12500,obj2_closer,output/phasevar_5/0006_phA04_phB06.png,Is the blue cube closer to the camera than the red cube? Answer with yes or no.,Yes,Yes,22.0625,16.859375,True
/data/shared/Qwen/mydisk/output/SYNTHETIC/NVILA-Lite-2B-SYNTHETIC_MIX_5PCT_2M-20260226_023301/checkpoint-12500,obj2_closer,output/phasevar_5/0006_phA04_phB07.png,Is the blue cube closer to the camera than the red cube? Answer with yes or no.,Yes,Yes,21.15625,16.171875,True
/data/shared/Qwen/mydisk/output/SYNTHETIC/NVILA-Lite-2B-SYNTHETIC_MIX_5PCT_2M-20260226_023301/checkpoint-12500,obj2_closer,output/phasevar_5/0006_phA04_phB08.png,Is the blue cube closer to the camera than the red cube? Answer with yes or no.,Yes,Yes,21.90625,16.90625,True
/data/shared/Qwen/mydisk/output/SYNTHETIC/NVILA-Lite-2B-SYNTHETIC_MIX_5PCT_2M-20260226_023301/checkpoint-12500,obj2_closer,output/phasevar_5/0006_phA04_phB09.png,Is the blue cube closer to the camera than the red cube? Answer with yes or no.,Yes,Yes,22.28125,17.15625,True
/data/shared/Qwen/mydisk/output/SYNTHETIC/NVILA-Lite-2B-SYNTHETIC_MIX_5PCT_2M-20260226_023301/checkpoint-12500,obj2_closer,output/phasevar_5/0006_phA04_phB10.png,Is the blue cube closer to the camera than the red cube? Answer with yes or no.,Yes,Yes,21.71875,17.21875,True
/data/shared/Qwen/mydisk/output/SYNTHETIC/NVILA-Lite-2B-SYNTHETIC_MIX_5PCT_2M-20260226_023301/checkpoint-12500,obj2_closer,output/phasevar_5/0006_phA04_phB11.png,Is the blue cube closer to the camera than the red cube? Answer with yes or no.,Yes,Yes,22.765625,17.625,True
/data/shared/Qwen/mydisk/output/SYNTHETIC/NVILA-Lite-2B-SYNTHETIC_MIX_5PCT_2M-20260226_023301/checkpoint-12500,obj2_closer,output/phasevar_5/0006_phA04_phB12.png,Is the blue cube closer to the camera than the red cube? Answer with yes or no.,Yes,Yes,22.609375,17.84375,True
/data/shared/Qwen/mydisk/output/SYNTHETIC/NVILA-Lite-2B-SYNTHETIC_MIX_5PCT_2M-20260226_023301/checkpoint-12500,obj2_closer,output/phasevar_5/0006_phA04_phB13.png,Is the blue cube closer to the camera than the red cube? Answer with yes or no.,Yes,Yes,22.53125,18.21875,True
/data/shared/Qwen/mydisk/output/SYNTHETIC/NVILA-Lite-2B-SYNTHETIC_MIX_5PCT_2M-20260226_023301/checkpoint-12500,obj2_closer,output/phasevar_5/0006_phA04_phB14.png,Is the blue cube closer to the camera than the red cube? Answer with yes or no.,Yes,Yes,22.28125,17.96875,True
/data/shared/Qwen/mydisk/output/SYNTHETIC/NVILA-Lite-2B-SYNTHETIC_MIX_5PCT_2M-20260226_023301/checkpoint-12500,obj2_closer,output/phasevar_5/0006_phA04_phB15.png,Is the blue cube closer to the camera than the red cube? Answer with yes or no.,Yes,Yes,21.890625,18.40625,True
/data/shared/Qwen/mydisk/output/SYNTHETIC/NVILA-Lite-2B-SYNTHETIC_MIX_5PCT_2M-20260226_023301/checkpoint-12500,obj2_closer,output/phasevar_5/0006_phA05_phB00.png,Is the blue cube closer to the camera than the red cube? Answer with yes or no.,Yes,Yes,21.5625,18.328125,True
/data/shared/Qwen/mydisk/output/SYNTHETIC/NVILA-Lite-2B-SYNTHETIC_MIX_5PCT_2M-20260226_023301/checkpoint-12500,obj2_closer,output/phasevar_5/0006_phA05_phB01.png,Is the blue cube closer to the camera than the red cube? Answer with yes or no.,Yes,Yes,22.046875,18.40625,True
/data/shared/Qwen/mydisk/output/SYNTHETIC/NVILA-Lite-2B-SYNTHETIC_MIX_5PCT_2M-20260226_023301/checkpoint-12500,obj2_closer,output/phasevar_5/0006_phA05_phB02.png,Is the blue cube closer to the camera than the red cube? Answer with yes or no.,Yes,Yes,22.8125,18.390625,True
/data/shared/Qwen/mydisk/output/SYNTHETIC/NVILA-Lite-2B-SYNTHETIC_MIX_5PCT_2M-20260226_023301/checkpoint-12500,obj2_closer,output/phasevar_5/0006_phA05_phB03.png,Is the blue cube closer to the camera than the red cube? Answer with yes or no.,Yes,Yes,23.828125,19.21875,True
/data/shared/Qwen/mydisk/output/SYNTHETIC/NVILA-Lite-2B-SYNTHETIC_MIX_5PCT_2M-20260226_023301/checkpoint-12500,obj2_closer,output/phasevar_5/0006_phA05_phB04.png,Is the blue cube closer to the camera than the red cube? Answer with yes or no.,Yes,Yes,24.609375,19.125,True
/data/shared/Qwen/mydisk/output/SYNTHETIC/NVILA-Lite-2B-SYNTHETIC_MIX_5PCT_2M-20260226_023301/checkpoint-12500,obj2_closer,output/phasevar_5/0006_phA05_phB05.png,Is the blue cube closer to the camera than the red cube? Answer with yes or no.,Yes,Yes,24.15625,18.703125,True
/data/shared/Qwen/mydisk/output/SYNTHETIC/NVILA-Lite-2B-SYNTHETIC_MIX_5PCT_2M-20260226_023301/checkpoint-12500,obj2_closer,output/phasevar_5/0006_phA05_phB06.png,Is the blue cube closer to the camera than the red cube? Answer with yes or no.,Yes,Yes,21.953125,17.078125,True
/data/shared/Qwen/mydisk/output/SYNTHETIC/NVILA-Lite-2B-SYNTHETIC_MIX_5PCT_2M-20260226_023301/checkpoint-12500,obj2_closer,output/phasevar_5/0006_phA05_phB07.png,Is the blue cube closer to the camera than the red cube? Answer with yes or no.,Yes,Yes,20.875,16.328125,True
/data/shared/Qwen/mydisk/output/SYNTHETIC/NVILA-Lite-2B-SYNTHETIC_MIX_5PCT_2M-20260226_023301/checkpoint-12500,obj2_closer,output/phasevar_5/0006_phA05_phB08.png,Is the blue cube closer to the camera than the red cube? Answer with yes or no.,Yes,Yes,21.578125,16.90625,True
/data/shared/Qwen/mydisk/output/SYNTHETIC/NVILA-Lite-2B-SYNTHETIC_MIX_5PCT_2M-20260226_023301/checkpoint-12500,obj2_closer,output/phasevar_5/0006_phA05_phB09.png,Is the blue cube closer to the camera than the red cube? Answer with yes or no.,Yes,Yes,21.90625,17.171875,True
/data/shared/Qwen/mydisk/output/SYNTHETIC/NVILA-Lite-2B-SYNTHETIC_MIX_5PCT_2M-20260226_023301/checkpoint-12500,obj2_closer,output/phasevar_5/0006_phA05_phB10.png,Is the blue cube closer to the camera than the red cube? Answer with yes or no.,Yes,Yes,21.609375,17.28125,True
/data/shared/Qwen/mydisk/output/SYNTHETIC/NVILA-Lite-2B-SYNTHETIC_MIX_5PCT_2M-20260226_023301/checkpoint-12500,obj2_closer,output/phasevar_5/0006_phA05_phB11.png,Is the blue cube closer to the camera than the red cube? Answer with yes or no.,Yes,Yes,22.484375,17.640625,True
/data/shared/Qwen/mydisk/output/SYNTHETIC/NVILA-Lite-2B-SYNTHETIC_MIX_5PCT_2M-20260226_023301/checkpoint-12500,obj2_closer,output/phasevar_5/0006_phA05_phB12.png,Is the blue cube closer to the camera than the red cube? Answer with yes or no.,Yes,Yes,22.40625,17.984375,True
/data/shared/Qwen/mydisk/output/SYNTHETIC/NVILA-Lite-2B-SYNTHETIC_MIX_5PCT_2M-20260226_023301/checkpoint-12500,obj2_closer,output/phasevar_5/0006_phA05_phB13.png,Is the blue cube closer to the camera than the red cube? Answer with yes or no.,Yes,Yes,22.4375,18.34375,True
/data/shared/Qwen/mydisk/output/SYNTHETIC/NVILA-Lite-2B-SYNTHETIC_MIX_5PCT_2M-20260226_023301/checkpoint-12500,obj2_closer,output/phasevar_5/0006_phA05_phB14.png,Is the blue cube closer to the camera than the red cube? Answer with yes or no.,Yes,Yes,22.15625,18.171875,True
/data/shared/Qwen/mydisk/output/SYNTHETIC/NVILA-Lite-2B-SYNTHETIC_MIX_5PCT_2M-20260226_023301/checkpoint-12500,obj2_closer,output/phasevar_5/0006_phA05_phB15.png,Is the blue cube closer to the camera than the red cube? Answer with yes or no.,Yes,Yes,21.796875,18.515625,True
/data/shared/Qwen/mydisk/output/SYNTHETIC/NVILA-Lite-2B-SYNTHETIC_MIX_5PCT_2M-20260226_023301/checkpoint-12500,obj2_closer,output/phasevar_5/0006_phA06_phB00.png,Is the blue cube closer to the camera than the red cube? Answer with yes or no.,Yes,Yes,20.53125,18.421875,True
/data/shared/Qwen/mydisk/output/SYNTHETIC/NVILA-Lite-2B-SYNTHETIC_MIX_5PCT_2M-20260226_023301/checkpoint-12500,obj2_closer,output/phasevar_5/0006_phA06_phB01.png,Is the blue cube closer to the camera than the red cube? Answer with yes or no.,Yes,Yes,20.859375,18.375,True
/data/shared/Qwen/mydisk/output/SYNTHETIC/NVILA-Lite-2B-SYNTHETIC_MIX_5PCT_2M-20260226_023301/checkpoint-12500,obj2_closer,output/phasevar_5/0006_phA06_phB02.png,Is the blue cube closer to the camera than the red cube? Answer with yes or no.,Yes,Yes,22.421875,18.84375,True
/data/shared/Qwen/mydisk/output/SYNTHETIC/NVILA-Lite-2B-SYNTHETIC_MIX_5PCT_2M-20260226_023301/checkpoint-12500,obj2_closer,output/phasevar_5/0006_phA06_phB03.png,Is the blue cube closer to the camera than the red cube? Answer with yes or no.,Yes,Yes,22.46875,19.078125,True
/data/shared/Qwen/mydisk/output/SYNTHETIC/NVILA-Lite-2B-SYNTHETIC_MIX_5PCT_2M-20260226_023301/checkpoint-12500,obj2_closer,output/phasevar_5/0006_phA06_phB04.png,Is the blue cube closer to the camera than the red cube? Answer with yes or no.,Yes,Yes,23.75,19.359375,True
/data/shared/Qwen/mydisk/output/SYNTHETIC/NVILA-Lite-2B-SYNTHETIC_MIX_5PCT_2M-20260226_023301/checkpoint-12500,obj2_closer,output/phasevar_5/0006_phA06_phB05.png,Is the blue cube closer to the camera than the red cube? Answer with yes or no.,Yes,Yes,23.4375,19.15625,True
/data/shared/Qwen/mydisk/output/SYNTHETIC/NVILA-Lite-2B-SYNTHETIC_MIX_5PCT_2M-20260226_023301/checkpoint-12500,obj2_closer,output/phasevar_5/0006_phA06_phB06.png,Is the blue cube closer to the camera than the red cube? Answer with yes or no.,Yes,Yes,21.703125,17.796875,True
/data/shared/Qwen/mydisk/output/SYNTHETIC/NVILA-Lite-2B-SYNTHETIC_MIX_5PCT_2M-20260226_023301/checkpoint-12500,obj2_closer,output/phasevar_5/0006_phA06_phB07.png,Is the blue cube closer to the camera than the red cube? Answer with yes or no.,Yes,Yes,20.234375,16.625,True
/data/shared/Qwen/mydisk/output/SYNTHETIC/NVILA-Lite-2B-SYNTHETIC_MIX_5PCT_2M-20260226_023301/checkpoint-12500,obj2_closer,output/phasevar_5/0006_phA06_phB08.png,Is the blue cube closer to the camera than the red cube? Answer with yes or no.,Yes,Yes,20.46875,17.203125,True
/data/shared/Qwen/mydisk/output/SYNTHETIC/NVILA-Lite-2B-SYNTHETIC_MIX_5PCT_2M-20260226_023301/checkpoint-12500,obj2_closer,output/phasevar_5/0006_phA06_phB09.png,Is the blue cube closer to the camera than the red cube? Answer with yes or no.,Yes,Yes,20.78125,17.75,True
/data/shared/Qwen/mydisk/output/SYNTHETIC/NVILA-Lite-2B-SYNTHETIC_MIX_5PCT_2M-20260226_023301/checkpoint-12500,obj2_closer,output/phasevar_5/0006_phA06_phB10.png,Is the blue cube closer to the camera than the red cube? Answer with yes or no.,Yes,Yes,20.984375,18.15625,True
/data/shared/Qwen/mydisk/output/SYNTHETIC/NVILA-Lite-2B-SYNTHETIC_MIX_5PCT_2M-20260226_023301/checkpoint-12500,obj2_closer,output/phasevar_5/0006_phA06_phB11.png,Is the blue cube closer to the camera than the red cube? Answer with yes or no.,Yes,Yes,21.5,18.53125,True
/data/shared/Qwen/mydisk/output/SYNTHETIC/NVILA-Lite-2B-SYNTHETIC_MIX_5PCT_2M-20260226_023301/checkpoint-12500,obj2_closer,output/phasevar_5/0006_phA06_phB12.png,Is the blue cube closer to the camera than the red cube? Answer with yes or no.,Yes,Yes,21.59375,18.96875,True
/data/shared/Qwen/mydisk/output/SYNTHETIC/NVILA-Lite-2B-SYNTHETIC_MIX_5PCT_2M-20260226_023301/checkpoint-12500,obj2_closer,output/phasevar_5/0006_phA06_phB13.png,Is the blue cube closer to the camera than the red cube? Answer with yes or no.,Yes,Yes,21.5,19.390625,True
/data/shared/Qwen/mydisk/output/SYNTHETIC/NVILA-Lite-2B-SYNTHETIC_MIX_5PCT_2M-20260226_023301/checkpoint-12500,obj2_closer,output/phasevar_5/0006_phA06_phB14.png,Is the blue cube closer to the camera than the red cube? Answer with yes or no.,Yes,Yes,21.46875,18.796875,True
/data/shared/Qwen/mydisk/output/SYNTHETIC/NVILA-Lite-2B-SYNTHETIC_MIX_5PCT_2M-20260226_023301/checkpoint-12500,obj2_closer,output/phasevar_5/0006_phA06_phB15.png,Is the blue cube closer to the camera than the red cube? Answer with yes or no.,Yes,Yes,20.828125,18.828125,True
/data/shared/Qwen/mydisk/output/SYNTHETIC/NVILA-Lite-2B-SYNTHETIC_MIX_5PCT_2M-20260226_023301/checkpoint-12500,obj2_closer,output/phasevar_5/0006_phA07_phB00.png,Is the blue cube closer to the camera than the red cube? Answer with yes or no.,Yes,Yes,21.09375,18.359375,True
/data/shared/Qwen/mydisk/output/SYNTHETIC/NVILA-Lite-2B-SYNTHETIC_MIX_5PCT_2M-20260226_023301/checkpoint-12500,obj2_closer,output/phasevar_5/0006_phA07_phB01.png,Is the blue cube closer to the camera than the red cube? Answer with yes or no.,Yes,Yes,21.890625,18.515625,True
/data/shared/Qwen/mydisk/output/SYNTHETIC/NVILA-Lite-2B-SYNTHETIC_MIX_5PCT_2M-20260226_023301/checkpoint-12500,obj2_closer,output/phasevar_5/0006_phA07_phB02.png,Is the blue cube closer to the camera than the red cube? Answer with yes or no.,Yes,Yes,22.71875,18.578125,True
/data/shared/Qwen/mydisk/output/SYNTHETIC/NVILA-Lite-2B-SYNTHETIC_MIX_5PCT_2M-20260226_023301/checkpoint-12500,obj2_closer,output/phasevar_5/0006_phA07_phB03.png,Is the blue cube closer to the camera than the red cube? Answer with yes or no.,Yes,Yes,23.640625,19.21875,True
/data/shared/Qwen/mydisk/output/SYNTHETIC/NVILA-Lite-2B-SYNTHETIC_MIX_5PCT_2M-20260226_023301/checkpoint-12500,obj2_closer,output/phasevar_5/0006_phA07_phB04.png,Is the blue cube closer to the camera than the red cube? Answer with yes or no.,Yes,Yes,24.890625,19.28125,True
/data/shared/Qwen/mydisk/output/SYNTHETIC/NVILA-Lite-2B-SYNTHETIC_MIX_5PCT_2M-20260226_023301/checkpoint-12500,obj2_closer,output/phasevar_5/0006_phA07_phB05.png,Is the blue cube closer to the camera than the red cube? Answer with yes or no.,Yes,Yes,24.546875,18.890625,True
/data/shared/Qwen/mydisk/output/SYNTHETIC/NVILA-Lite-2B-SYNTHETIC_MIX_5PCT_2M-20260226_023301/checkpoint-12500,obj2_closer,output/phasevar_5/0006_phA07_phB06.png,Is the blue cube closer to the camera than the red cube? Answer with yes or no.,Yes,Yes,22.0625,17.34375,True
/data/shared/Qwen/mydisk/output/SYNTHETIC/NVILA-Lite-2B-SYNTHETIC_MIX_5PCT_2M-20260226_023301/checkpoint-12500,obj2_closer,output/phasevar_5/0006_phA07_phB07.png,Is the blue cube closer to the camera than the red cube? Answer with yes or no.,Yes,Yes,21.140625,16.46875,True
/data/shared/Qwen/mydisk/output/SYNTHETIC/NVILA-Lite-2B-SYNTHETIC_MIX_5PCT_2M-20260226_023301/checkpoint-12500,obj2_closer,output/phasevar_5/0006_phA07_phB08.png,Is the blue cube closer to the camera than the red cube? Answer with yes or no.,Yes,Yes,21.484375,17.203125,True
/data/shared/Qwen/mydisk/output/SYNTHETIC/NVILA-Lite-2B-SYNTHETIC_MIX_5PCT_2M-20260226_023301/checkpoint-12500,obj2_closer,output/phasevar_5/0006_phA07_phB09.png,Is the blue cube closer to the camera than the red cube? Answer with yes or no.,Yes,Yes,21.75,17.421875,True
/data/shared/Qwen/mydisk/output/SYNTHETIC/NVILA-Lite-2B-SYNTHETIC_MIX_5PCT_2M-20260226_023301/checkpoint-12500,obj2_closer,output/phasevar_5/0006_phA07_phB10.png,Is the blue cube closer to the camera than the red cube? Answer with yes or no.,Yes,Yes,21.453125,17.8125,True
/data/shared/Qwen/mydisk/output/SYNTHETIC/NVILA-Lite-2B-SYNTHETIC_MIX_5PCT_2M-20260226_023301/checkpoint-12500,obj2_closer,output/phasevar_5/0006_phA07_phB11.png,Is the blue cube closer to the camera than the red cube? Answer with yes or no.,Yes,Yes,22.46875,18.109375,True
/data/shared/Qwen/mydisk/output/SYNTHETIC/NVILA-Lite-2B-SYNTHETIC_MIX_5PCT_2M-20260226_023301/checkpoint-12500,obj2_closer,output/phasevar_5/0006_phA07_phB12.png,Is the blue cube closer to the camera than the red cube? Answer with yes or no.,Yes,Yes,22.46875,18.484375,True
/data/shared/Qwen/mydisk/output/SYNTHETIC/NVILA-Lite-2B-SYNTHETIC_MIX_5PCT_2M-20260226_023301/checkpoint-12500,obj2_closer,output/phasevar_5/0006_phA07_phB13.png,Is the blue cube closer to the camera than the red cube? Answer with yes or no.,Yes,Yes,22.328125,18.90625,True
/data/shared/Qwen/mydisk/output/SYNTHETIC/NVILA-Lite-2B-SYNTHETIC_MIX_5PCT_2M-20260226_023301/checkpoint-12500,obj2_closer,output/phasevar_5/0006_phA07_phB14.png,Is the blue cube closer to the camera than the red cube? Answer with yes or no.,Yes,Yes,21.953125,18.53125,True
/data/shared/Qwen/mydisk/output/SYNTHETIC/NVILA-Lite-2B-SYNTHETIC_MIX_5PCT_2M-20260226_023301/checkpoint-12500,obj2_closer,output/phasevar_5/0006_phA07_phB15.png,Is the blue cube closer to the camera than the red cube? Answer with yes or no.,Yes,Yes,21.453125,18.6875,True
/data/shared/Qwen/mydisk/output/SYNTHETIC/NVILA-Lite-2B-SYNTHETIC_MIX_5PCT_2M-20260226_023301/checkpoint-12500,obj2_closer,output/phasevar_5/0006_phA08_phB00.png,Is the blue cube closer to the camera than the red cube? Answer with yes or no.,Yes,Yes,21.28125,18.546875,True
/data/shared/Qwen/mydisk/output/SYNTHETIC/NVILA-Lite-2B-SYNTHETIC_MIX_5PCT_2M-20260226_023301/checkpoint-12500,obj2_closer,output/phasevar_5/0006_phA08_phB01.png,Is the blue cube closer to the camera than the red cube? Answer with yes or no.,Yes,Yes,22.0,18.765625,True
/data/shared/Qwen/mydisk/output/SYNTHETIC/NVILA-Lite-2B-SYNTHETIC_MIX_5PCT_2M-20260226_023301/checkpoint-12500,obj2_closer,output/phasevar_5/0006_phA08_phB02.png,Is the blue cube closer to the camera than the red cube? Answer with yes or no.,Yes,Yes,23.09375,18.984375,True
/data/shared/Qwen/mydisk/output/SYNTHETIC/NVILA-Lite-2B-SYNTHETIC_MIX_5PCT_2M-20260226_023301/checkpoint-12500,obj2_closer,output/phasevar_5/0006_phA08_phB03.png,Is the blue cube closer to the camera than the red cube? Answer with yes or no.,Yes,Yes,23.921875,19.578125,True
/data/shared/Qwen/mydisk/output/SYNTHETIC/NVILA-Lite-2B-SYNTHETIC_MIX_5PCT_2M-20260226_023301/checkpoint-12500,obj2_closer,output/phasevar_5/0006_phA08_phB04.png,Is the blue cube closer to the camera than the red cube? Answer with yes or no.,Yes,Yes,25.40625,19.9375,True
/data/shared/Qwen/mydisk/output/SYNTHETIC/NVILA-Lite-2B-SYNTHETIC_MIX_5PCT_2M-20260226_023301/checkpoint-12500,obj2_closer,output/phasevar_5/0006_phA08_phB05.png,Is the blue cube closer to the camera than the red cube? Answer with yes or no.,Yes,Yes,25.203125,19.734375,True
/data/shared/Qwen/mydisk/output/SYNTHETIC/NVILA-Lite-2B-SYNTHETIC_MIX_5PCT_2M-20260226_023301/checkpoint-12500,obj2_closer,output/phasevar_5/0006_phA08_phB06.png,Is the blue cube closer to the camera than the red cube? Answer with yes or no.,Yes,Yes,22.375,18.046875,True
/data/shared/Qwen/mydisk/output/SYNTHETIC/NVILA-Lite-2B-SYNTHETIC_MIX_5PCT_2M-20260226_023301/checkpoint-12500,obj2_closer,output/phasevar_5/0006_phA08_phB07.png,Is the blue cube closer to the camera than the red cube? Answer with yes or no.,Yes,Yes,21.515625,17.0625,True
/data/shared/Qwen/mydisk/output/SYNTHETIC/NVILA-Lite-2B-SYNTHETIC_MIX_5PCT_2M-20260226_023301/checkpoint-12500,obj2_closer,output/phasevar_5/0006_phA08_phB08.png,Is the blue cube closer to the camera than the red cube? Answer with yes or no.,Yes,Yes,21.65625,17.421875,True
/data/shared/Qwen/mydisk/output/SYNTHETIC/NVILA-Lite-2B-SYNTHETIC_MIX_5PCT_2M-20260226_023301/checkpoint-12500,obj2_closer,output/phasevar_5/0006_phA08_phB09.png,Is the blue cube closer to the camera than the red cube? Answer with yes or no.,Yes,Yes,21.8125,17.625,True
/data/shared/Qwen/mydisk/output/SYNTHETIC/NVILA-Lite-2B-SYNTHETIC_MIX_5PCT_2M-20260226_023301/checkpoint-12500,obj2_closer,output/phasevar_5/0006_phA08_phB10.png,Is the blue cube closer to the camera than the red cube? Answer with yes or no.,Yes,Yes,21.34375,17.9375,True
/data/shared/Qwen/mydisk/output/SYNTHETIC/NVILA-Lite-2B-SYNTHETIC_MIX_5PCT_2M-20260226_023301/checkpoint-12500,obj2_closer,output/phasevar_5/0006_phA08_phB11.png,Is the blue cube closer to the camera than the red cube? Answer with yes or no.,Yes,Yes,22.421875,18.203125,True
/data/shared/Qwen/mydisk/output/SYNTHETIC/NVILA-Lite-2B-SYNTHETIC_MIX_5PCT_2M-20260226_023301/checkpoint-12500,obj2_closer,output/phasevar_5/0006_phA08_phB12.png,Is the blue cube closer to the camera than the red cube? Answer with yes or no.,Yes,Yes,22.515625,18.65625,True
/data/shared/Qwen/mydisk/output/SYNTHETIC/NVILA-Lite-2B-SYNTHETIC_MIX_5PCT_2M-20260226_023301/checkpoint-12500,obj2_closer,output/phasevar_5/0006_phA08_phB13.png,Is the blue cube closer to the camera than the red cube? Answer with yes or no.,Yes,Yes,22.234375,18.9375,True
/data/shared/Qwen/mydisk/output/SYNTHETIC/NVILA-Lite-2B-SYNTHETIC_MIX_5PCT_2M-20260226_023301/checkpoint-12500,obj2_closer,output/phasevar_5/0006_phA08_phB14.png,Is the blue cube closer to the camera than the red cube? Answer with yes or no.,Yes,Yes,22.0625,18.703125,True
/data/shared/Qwen/mydisk/output/SYNTHETIC/NVILA-Lite-2B-SYNTHETIC_MIX_5PCT_2M-20260226_023301/checkpoint-12500,obj2_closer,output/phasevar_5/0006_phA08_phB15.png,Is the blue cube closer to the camera than the red cube? Answer with yes or no.,Yes,Yes,21.625,18.875,True
/data/shared/Qwen/mydisk/output/SYNTHETIC/NVILA-Lite-2B-SYNTHETIC_MIX_5PCT_2M-20260226_023301/checkpoint-12500,obj2_closer,output/phasevar_5/0006_phA09_phB00.png,Is the blue cube closer to the camera than the red cube? Answer with yes or no.,Yes,Yes,21.875,18.796875,True
/data/shared/Qwen/mydisk/output/SYNTHETIC/NVILA-Lite-2B-SYNTHETIC_MIX_5PCT_2M-20260226_023301/checkpoint-12500,obj2_closer,output/phasevar_5/0006_phA09_phB01.png,Is the blue cube closer to the camera than the red cube? Answer with yes or no.,Yes,Yes,22.734375,19.109375,True
/data/shared/Qwen/mydisk/output/SYNTHETIC/NVILA-Lite-2B-SYNTHETIC_MIX_5PCT_2M-20260226_023301/checkpoint-12500,obj2_closer,output/phasevar_5/0006_phA09_phB02.png,Is the blue cube closer to the camera than the red cube? Answer with yes or no.,Yes,Yes,23.578125,19.28125,True
/data/shared/Qwen/mydisk/output/SYNTHETIC/NVILA-Lite-2B-SYNTHETIC_MIX_5PCT_2M-20260226_023301/checkpoint-12500,obj2_closer,output/phasevar_5/0006_phA09_phB03.png,Is the blue cube closer to the camera than the red cube? Answer with yes or no.,Yes,Yes,24.578125,19.953125,True
/data/shared/Qwen/mydisk/output/SYNTHETIC/NVILA-Lite-2B-SYNTHETIC_MIX_5PCT_2M-20260226_023301/checkpoint-12500,obj2_closer,output/phasevar_5/0006_phA09_phB04.png,Is the blue cube closer to the camera than the red cube? Answer with yes or no.,Yes,Yes,25.921875,20.359375,True
/data/shared/Qwen/mydisk/output/SYNTHETIC/NVILA-Lite-2B-SYNTHETIC_MIX_5PCT_2M-20260226_023301/checkpoint-12500,obj2_closer,output/phasevar_5/0006_phA09_phB05.png,Is the blue cube closer to the camera than the red cube? Answer with yes or no.,Yes,Yes,25.78125,20.25,True
/data/shared/Qwen/mydisk/output/SYNTHETIC/NVILA-Lite-2B-SYNTHETIC_MIX_5PCT_2M-20260226_023301/checkpoint-12500,obj2_closer,output/phasevar_5/0006_phA09_phB06.png,Is the blue cube closer to the camera than the red cube? Answer with yes or no.,Yes,Yes,22.875,18.5625,True
/data/shared/Qwen/mydisk/output/SYNTHETIC/NVILA-Lite-2B-SYNTHETIC_MIX_5PCT_2M-20260226_023301/checkpoint-12500,obj2_closer,output/phasevar_5/0006_phA09_phB07.png,Is the blue cube closer to the camera than the red cube? Answer with yes or no.,Yes,Yes,21.984375,17.484375,True
/data/shared/Qwen/mydisk/output/SYNTHETIC/NVILA-Lite-2B-SYNTHETIC_MIX_5PCT_2M-20260226_023301/checkpoint-12500,obj2_closer,output/phasevar_5/0006_phA09_phB08.png,Is the blue cube closer to the camera than the red cube? Answer with yes or no.,Yes,Yes,22.125,17.734375,True
/data/shared/Qwen/mydisk/output/SYNTHETIC/NVILA-Lite-2B-SYNTHETIC_MIX_5PCT_2M-20260226_023301/checkpoint-12500,obj2_closer,output/phasevar_5/0006_phA09_phB09.png,Is the blue cube closer to the camera than the red cube? Answer with yes or no.,Yes,Yes,21.9375,17.65625,True
/data/shared/Qwen/mydisk/output/SYNTHETIC/NVILA-Lite-2B-SYNTHETIC_MIX_5PCT_2M-20260226_023301/checkpoint-12500,obj2_closer,output/phasevar_5/0006_phA09_phB10.png,Is the blue cube closer to the camera than the red cube? Answer with yes or no.,Yes,Yes,21.28125,17.78125,True
/data/shared/Qwen/mydisk/output/SYNTHETIC/NVILA-Lite-2B-SYNTHETIC_MIX_5PCT_2M-20260226_023301/checkpoint-12500,obj2_closer,output/phasevar_5/0006_phA09_phB11.png,Is the blue cube closer to the camera than the red cube? Answer with yes or no.,Yes,Yes,22.28125,18.0625,True
/data/shared/Qwen/mydisk/output/SYNTHETIC/NVILA-Lite-2B-SYNTHETIC_MIX_5PCT_2M-20260226_023301/checkpoint-12500,obj2_closer,output/phasevar_5/0006_phA09_phB12.png,Is the blue cube closer to the camera than the red cube? Answer with yes or no.,Yes,Yes,22.53125,18.546875,True
/data/shared/Qwen/mydisk/output/SYNTHETIC/NVILA-Lite-2B-SYNTHETIC_MIX_5PCT_2M-20260226_023301/checkpoint-12500,obj2_closer,output/phasevar_5/0006_phA09_phB13.png,Is the blue cube closer to the camera than the red cube? Answer with yes or no.,Yes,Yes,22.359375,18.875,True
/data/shared/Qwen/mydisk/output/SYNTHETIC/NVILA-Lite-2B-SYNTHETIC_MIX_5PCT_2M-20260226_023301/checkpoint-12500,obj2_closer,output/phasevar_5/0006_phA09_phB14.png,Is the blue cube closer to the camera than the red cube? Answer with yes or no.,Yes,Yes,22.375,18.84375,True
/data/shared/Qwen/mydisk/output/SYNTHETIC/NVILA-Lite-2B-SYNTHETIC_MIX_5PCT_2M-20260226_023301/checkpoint-12500,obj2_closer,output/phasevar_5/0006_phA09_phB15.png,Is the blue cube closer to the camera than the red cube? Answer with yes or no.,Yes,Yes,22.15625,19.03125,True
/data/shared/Qwen/mydisk/output/SYNTHETIC/NVILA-Lite-2B-SYNTHETIC_MIX_5PCT_2M-20260226_023301/checkpoint-12500,obj2_closer,output/phasevar_5/0006_phA10_phB00.png,Is the blue cube closer to the camera than the red cube? Answer with yes or no.,Yes,Yes,21.71875,18.703125,True
/data/shared/Qwen/mydisk/output/SYNTHETIC/NVILA-Lite-2B-SYNTHETIC_MIX_5PCT_2M-20260226_023301/checkpoint-12500,obj2_closer,output/phasevar_5/0006_phA10_phB01.png,Is the blue cube closer to the camera than the red cube? Answer with yes or no.,Yes,Yes,22.34375,18.921875,True
/data/shared/Qwen/mydisk/output/SYNTHETIC/NVILA-Lite-2B-SYNTHETIC_MIX_5PCT_2M-20260226_023301/checkpoint-12500,obj2_closer,output/phasevar_5/0006_phA10_phB02.png,Is the blue cube closer to the camera than the red cube? Answer with yes or no.,Yes,Yes,23.234375,19.171875,True
/data/shared/Qwen/mydisk/output/SYNTHETIC/NVILA-Lite-2B-SYNTHETIC_MIX_5PCT_2M-20260226_023301/checkpoint-12500,obj2_closer,output/phasevar_5/0006_phA10_phB03.png,Is the blue cube closer to the camera than the red cube? Answer with yes or no.,Yes,Yes,24.3125,19.90625,True
/data/shared/Qwen/mydisk/output/SYNTHETIC/NVILA-Lite-2B-SYNTHETIC_MIX_5PCT_2M-20260226_023301/checkpoint-12500,obj2_closer,output/phasevar_5/0006_phA10_phB04.png,Is the blue cube closer to the camera than the red cube? Answer with yes or no.,Yes,Yes,25.890625,20.53125,True
/data/shared/Qwen/mydisk/output/SYNTHETIC/NVILA-Lite-2B-SYNTHETIC_MIX_5PCT_2M-20260226_023301/checkpoint-12500,obj2_closer,output/phasevar_5/0006_phA10_phB05.png,Is the blue cube closer to the camera than the red cube? Answer with yes or no.,Yes,Yes,25.890625,20.484375,True
/data/shared/Qwen/mydisk/output/SYNTHETIC/NVILA-Lite-2B-SYNTHETIC_MIX_5PCT_2M-20260226_023301/checkpoint-12500,obj2_closer,output/phasevar_5/0006_phA10_phB06.png,Is the blue cube closer to the camera than the red cube? Answer with yes or no.,Yes,Yes,23.125,18.78125,True
/data/shared/Qwen/mydisk/output/SYNTHETIC/NVILA-Lite-2B-SYNTHETIC_MIX_5PCT_2M-20260226_023301/checkpoint-12500,obj2_closer,output/phasevar_5/0006_phA10_phB07.png,Is the blue cube closer to the camera than the red cube? Answer with yes or no.,Yes,Yes,22.25,17.890625,True
/data/shared/Qwen/mydisk/output/SYNTHETIC/NVILA-Lite-2B-SYNTHETIC_MIX_5PCT_2M-20260226_023301/checkpoint-12500,obj2_closer,output/phasevar_5/0006_phA10_phB08.png,Is the blue cube closer to the camera than the red cube? Answer with yes or no.,Yes,Yes,22.28125,18.03125,True
/data/shared/Qwen/mydisk/output/SYNTHETIC/NVILA-Lite-2B-SYNTHETIC_MIX_5PCT_2M-20260226_023301/checkpoint-12500,obj2_closer,output/phasevar_5/0006_phA10_phB09.png,Is the blue cube closer to the camera than the red cube? Answer with yes or no.,Yes,Yes,22.140625,18.0,True
/data/shared/Qwen/mydisk/output/SYNTHETIC/NVILA-Lite-2B-SYNTHETIC_MIX_5PCT_2M-20260226_023301/checkpoint-12500,obj2_closer,output/phasevar_5/0006_phA10_phB10.png,Is the blue cube closer to the camera than the red cube? Answer with yes or no.,Yes,Yes,21.28125,17.796875,True
/data/shared/Qwen/mydisk/output/SYNTHETIC/NVILA-Lite-2B-SYNTHETIC_MIX_5PCT_2M-20260226_023301/checkpoint-12500,obj2_closer,output/phasevar_5/0006_phA10_phB11.png,Is the blue cube closer to the camera than the red cube? Answer with yes or no.,Yes,Yes,22.0625,18.03125,True
/data/shared/Qwen/mydisk/output/SYNTHETIC/NVILA-Lite-2B-SYNTHETIC_MIX_5PCT_2M-20260226_023301/checkpoint-12500,obj2_closer,output/phasevar_5/0006_phA10_phB12.png,Is the blue cube closer to the camera than the red cube? Answer with yes or no.,Yes,Yes,22.53125,18.421875,True
/data/shared/Qwen/mydisk/output/SYNTHETIC/NVILA-Lite-2B-SYNTHETIC_MIX_5PCT_2M-20260226_023301/checkpoint-12500,obj2_closer,output/phasevar_5/0006_phA10_phB13.png,Is the blue cube closer to the camera than the red cube? Answer with yes or no.,Yes,Yes,22.09375,18.671875,True
/data/shared/Qwen/mydisk/output/SYNTHETIC/NVILA-Lite-2B-SYNTHETIC_MIX_5PCT_2M-20260226_023301/checkpoint-12500,obj2_closer,output/phasevar_5/0006_phA10_phB14.png,Is the blue cube closer to the camera than the red cube? Answer with yes or no.,Yes,Yes,22.171875,18.71875,True
/data/shared/Qwen/mydisk/output/SYNTHETIC/NVILA-Lite-2B-SYNTHETIC_MIX_5PCT_2M-20260226_023301/checkpoint-12500,obj2_closer,output/phasevar_5/0006_phA10_phB15.png,Is the blue cube closer to the camera than the red cube? Answer with yes or no.,Yes,Yes,21.890625,18.9375,True
/data/shared/Qwen/mydisk/output/SYNTHETIC/NVILA-Lite-2B-SYNTHETIC_MIX_5PCT_2M-20260226_023301/checkpoint-12500,obj2_closer,output/phasevar_5/0006_phA11_phB00.png,Is the blue cube closer to the camera than the red cube? Answer with yes or no.,Yes,Yes,21.875,18.5625,True
/data/shared/Qwen/mydisk/output/SYNTHETIC/NVILA-Lite-2B-SYNTHETIC_MIX_5PCT_2M-20260226_023301/checkpoint-12500,obj2_closer,output/phasevar_5/0006_phA11_phB01.png,Is the blue cube closer to the camera than the red cube? Answer with yes or no.,Yes,Yes,22.5625,18.78125,True
/data/shared/Qwen/mydisk/output/SYNTHETIC/NVILA-Lite-2B-SYNTHETIC_MIX_5PCT_2M-20260226_023301/checkpoint-12500,obj2_closer,output/phasevar_5/0006_phA11_phB02.png,Is the blue cube closer to the camera than the red cube? Answer with yes or no.,Yes,Yes,23.09375,18.828125,True
/data/shared/Qwen/mydisk/output/SYNTHETIC/NVILA-Lite-2B-SYNTHETIC_MIX_5PCT_2M-20260226_023301/checkpoint-12500,obj2_closer,output/phasevar_5/0006_phA11_phB03.png,Is the blue cube closer to the camera than the red cube? Answer with yes or no.,Yes,Yes,24.625,19.796875,True
/data/shared/Qwen/mydisk/output/SYNTHETIC/NVILA-Lite-2B-SYNTHETIC_MIX_5PCT_2M-20260226_023301/checkpoint-12500,obj2_closer,output/phasevar_5/0006_phA11_phB04.png,Is the blue cube closer to the camera than the red cube? Answer with yes or no.,Yes,Yes,25.828125,20.140625,True
/data/shared/Qwen/mydisk/output/SYNTHETIC/NVILA-Lite-2B-SYNTHETIC_MIX_5PCT_2M-20260226_023301/checkpoint-12500,obj2_closer,output/phasevar_5/0006_phA11_phB05.png,Is the blue cube closer to the camera than the red cube? Answer with yes or no.,Yes,Yes,25.765625,20.171875,True
/data/shared/Qwen/mydisk/output/SYNTHETIC/NVILA-Lite-2B-SYNTHETIC_MIX_5PCT_2M-20260226_023301/checkpoint-12500,obj2_closer,output/phasevar_5/0006_phA11_phB06.png,Is the blue cube closer to the camera than the red cube? Answer with yes or no.,Yes,Yes,23.015625,18.390625,True
/data/shared/Qwen/mydisk/output/SYNTHETIC/NVILA-Lite-2B-SYNTHETIC_MIX_5PCT_2M-20260226_023301/checkpoint-12500,obj2_closer,output/phasevar_5/0006_phA11_phB07.png,Is the blue cube closer to the camera than the red cube? Answer with yes or no.,Yes,Yes,21.890625,17.421875,True
/data/shared/Qwen/mydisk/output/SYNTHETIC/NVILA-Lite-2B-SYNTHETIC_MIX_5PCT_2M-20260226_023301/checkpoint-12500,obj2_closer,output/phasevar_5/0006_phA11_phB08.png,Is the blue cube closer to the camera than the red cube? Answer with yes or no.,Yes,Yes,22.09375,17.625,True
/data/shared/Qwen/mydisk/output/SYNTHETIC/NVILA-Lite-2B-SYNTHETIC_MIX_5PCT_2M-20260226_023301/checkpoint-12500,obj2_closer,output/phasevar_5/0006_phA11_phB09.png,Is the blue cube closer to the camera than the red cube? Answer with yes or no.,Yes,Yes,22.234375,17.890625,True
/data/shared/Qwen/mydisk/output/SYNTHETIC/NVILA-Lite-2B-SYNTHETIC_MIX_5PCT_2M-20260226_023301/checkpoint-12500,obj2_closer,output/phasevar_5/0006_phA11_phB10.png,Is the blue cube closer to the camera than the red cube? Answer with yes or no.,Yes,Yes,21.609375,17.671875,True
/data/shared/Qwen/mydisk/output/SYNTHETIC/NVILA-Lite-2B-SYNTHETIC_MIX_5PCT_2M-20260226_023301/checkpoint-12500,obj2_closer,output/phasevar_5/0006_phA11_phB11.png,Is the blue cube closer to the camera than the red cube? Answer with yes or no.,Yes,Yes,22.546875,17.78125,True
/data/shared/Qwen/mydisk/output/SYNTHETIC/NVILA-Lite-2B-SYNTHETIC_MIX_5PCT_2M-20260226_023301/checkpoint-12500,obj2_closer,output/phasevar_5/0006_phA11_phB12.png,Is the blue cube closer to the camera than the red cube? Answer with yes or no.,Yes,Yes,22.671875,18.0,True
/data/shared/Qwen/mydisk/output/SYNTHETIC/NVILA-Lite-2B-SYNTHETIC_MIX_5PCT_2M-20260226_023301/checkpoint-12500,obj2_closer,output/phasevar_5/0006_phA11_phB13.png,Is the blue cube closer to the camera than the red cube? Answer with yes or no.,Yes,Yes,22.578125,18.46875,True
/data/shared/Qwen/mydisk/output/SYNTHETIC/NVILA-Lite-2B-SYNTHETIC_MIX_5PCT_2M-20260226_023301/checkpoint-12500,obj2_closer,output/phasevar_5/0006_phA11_phB14.png,Is the blue cube closer to the camera than the red cube? Answer with yes or no.,Yes,Yes,22.3125,18.453125,True
/data/shared/Qwen/mydisk/output/SYNTHETIC/NVILA-Lite-2B-SYNTHETIC_MIX_5PCT_2M-20260226_023301/checkpoint-12500,obj2_closer,output/phasevar_5/0006_phA11_phB15.png,Is the blue cube closer to the camera than the red cube? Answer with yes or no.,Yes,Yes,22.203125,18.78125,True
/data/shared/Qwen/mydisk/output/SYNTHETIC/NVILA-Lite-2B-SYNTHETIC_MIX_5PCT_2M-20260226_023301/checkpoint-12500,obj2_closer,output/phasevar_5/0006_phA12_phB00.png,Is the blue cube closer to the camera than the red cube? Answer with yes or no.,Yes,Yes,22.03125,18.71875,True
/data/shared/Qwen/mydisk/output/SYNTHETIC/NVILA-Lite-2B-SYNTHETIC_MIX_5PCT_2M-20260226_023301/checkpoint-12500,obj2_closer,output/phasevar_5/0006_phA12_phB01.png,Is the blue cube closer to the camera than the red cube? Answer with yes or no.,Yes,Yes,22.625,18.890625,True
/data/shared/Qwen/mydisk/output/SYNTHETIC/NVILA-Lite-2B-SYNTHETIC_MIX_5PCT_2M-20260226_023301/checkpoint-12500,obj2_closer,output/phasevar_5/0006_phA12_phB02.png,Is the blue cube closer to the camera than the red cube? Answer with yes or no.,Yes,Yes,22.984375,18.890625,True
/data/shared/Qwen/mydisk/output/SYNTHETIC/NVILA-Lite-2B-SYNTHETIC_MIX_5PCT_2M-20260226_023301/checkpoint-12500,obj2_closer,output/phasevar_5/0006_phA12_phB03.png,Is the blue cube closer to the camera than the red cube? Answer with yes or no.,Yes,Yes,24.578125,19.875,True
/data/shared/Qwen/mydisk/output/SYNTHETIC/NVILA-Lite-2B-SYNTHETIC_MIX_5PCT_2M-20260226_023301/checkpoint-12500,obj2_closer,output/phasevar_5/0006_phA12_phB04.png,Is the blue cube closer to the camera than the red cube? Answer with yes or no.,Yes,Yes,25.625,20.15625,True
/data/shared/Qwen/mydisk/output/SYNTHETIC/NVILA-Lite-2B-SYNTHETIC_MIX_5PCT_2M-20260226_023301/checkpoint-12500,obj2_closer,output/phasevar_5/0006_phA12_phB05.png,Is the blue cube closer to the camera than the red cube? Answer with yes or no.,Yes,Yes,25.703125,20.203125,True
/data/shared/Qwen/mydisk/output/SYNTHETIC/NVILA-Lite-2B-SYNTHETIC_MIX_5PCT_2M-20260226_023301/checkpoint-12500,obj2_closer,output/phasevar_5/0006_phA12_phB06.png,Is the blue cube closer to the camera than the red cube? Answer with yes or no.,Yes,Yes,23.3125,18.578125,True
/data/shared/Qwen/mydisk/output/SYNTHETIC/NVILA-Lite-2B-SYNTHETIC_MIX_5PCT_2M-20260226_023301/checkpoint-12500,obj2_closer,output/phasevar_5/0006_phA12_phB07.png,Is the blue cube closer to the camera than the red cube? Answer with yes or no.,Yes,Yes,22.046875,17.578125,True
/data/shared/Qwen/mydisk/output/SYNTHETIC/NVILA-Lite-2B-SYNTHETIC_MIX_5PCT_2M-20260226_023301/checkpoint-12500,obj2_closer,output/phasevar_5/0006_phA12_phB08.png,Is the blue cube closer to the camera than the red cube? Answer with yes or no.,Yes,Yes,22.359375,17.796875,True
/data/shared/Qwen/mydisk/output/SYNTHETIC/NVILA-Lite-2B-SYNTHETIC_MIX_5PCT_2M-20260226_023301/checkpoint-12500,obj2_closer,output/phasevar_5/0006_phA12_phB09.png,Is the blue cube closer to the camera than the red cube? Answer with yes or no.,Yes,Yes,22.578125,17.953125,True
/data/shared/Qwen/mydisk/output/SYNTHETIC/NVILA-Lite-2B-SYNTHETIC_MIX_5PCT_2M-20260226_023301/checkpoint-12500,obj2_closer,output/phasevar_5/0006_phA12_phB10.png,Is the blue cube closer to the camera than the red cube? Answer with yes or no.,Yes,Yes,21.46875,17.65625,True
/data/shared/Qwen/mydisk/output/SYNTHETIC/NVILA-Lite-2B-SYNTHETIC_MIX_5PCT_2M-20260226_023301/checkpoint-12500,obj2_closer,output/phasevar_5/0006_phA12_phB11.png,Is the blue cube closer to the camera than the red cube? Answer with yes or no.,Yes,Yes,22.6875,17.859375,True
/data/shared/Qwen/mydisk/output/SYNTHETIC/NVILA-Lite-2B-SYNTHETIC_MIX_5PCT_2M-20260226_023301/checkpoint-12500,obj2_closer,output/phasevar_5/0006_phA12_phB12.png,Is the blue cube closer to the camera than the red cube? Answer with yes or no.,Yes,Yes,22.515625,17.84375,True
/data/shared/Qwen/mydisk/output/SYNTHETIC/NVILA-Lite-2B-SYNTHETIC_MIX_5PCT_2M-20260226_023301/checkpoint-12500,obj2_closer,output/phasevar_5/0006_phA12_phB13.png,Is the blue cube closer to the camera than the red cube? Answer with yes or no.,Yes,Yes,22.296875,18.3125,True
/data/shared/Qwen/mydisk/output/SYNTHETIC/NVILA-Lite-2B-SYNTHETIC_MIX_5PCT_2M-20260226_023301/checkpoint-12500,obj2_closer,output/phasevar_5/0006_phA12_phB14.png,Is the blue cube closer to the camera than the red cube? Answer with yes or no.,Yes,Yes,22.203125,18.46875,True
/data/shared/Qwen/mydisk/output/SYNTHETIC/NVILA-Lite-2B-SYNTHETIC_MIX_5PCT_2M-20260226_023301/checkpoint-12500,obj2_closer,output/phasevar_5/0006_phA12_phB15.png,Is the blue cube closer to the camera than the red cube? Answer with yes or no.,Yes,Yes,22.359375,18.84375,True
/data/shared/Qwen/mydisk/output/SYNTHETIC/NVILA-Lite-2B-SYNTHETIC_MIX_5PCT_2M-20260226_023301/checkpoint-12500,obj2_closer,output/phasevar_5/0006_phA13_phB00.png,Is the blue cube closer to the camera than the red cube? Answer with yes or no.,Yes,Yes,21.640625,18.546875,True
/data/shared/Qwen/mydisk/output/SYNTHETIC/NVILA-Lite-2B-SYNTHETIC_MIX_5PCT_2M-20260226_023301/checkpoint-12500,obj2_closer,output/phasevar_5/0006_phA13_phB01.png,Is the blue cube closer to the camera than the red cube? Answer with yes or no.,Yes,Yes,22.125,18.703125,True
/data/shared/Qwen/mydisk/output/SYNTHETIC/NVILA-Lite-2B-SYNTHETIC_MIX_5PCT_2M-20260226_023301/checkpoint-12500,obj2_closer,output/phasevar_5/0006_phA13_phB02.png,Is the blue cube closer to the camera than the red cube? Answer with yes or no.,Yes,Yes,22.40625,18.734375,True
/data/shared/Qwen/mydisk/output/SYNTHETIC/NVILA-Lite-2B-SYNTHETIC_MIX_5PCT_2M-20260226_023301/checkpoint-12500,obj2_closer,output/phasevar_5/0006_phA13_phB03.png,Is the blue cube closer to the camera than the red cube? Answer with yes or no.,Yes,Yes,24.265625,19.703125,True
/data/shared/Qwen/mydisk/output/SYNTHETIC/NVILA-Lite-2B-SYNTHETIC_MIX_5PCT_2M-20260226_023301/checkpoint-12500,obj2_closer,output/phasevar_5/0006_phA13_phB04.png,Is the blue cube closer to the camera than the red cube? Answer with yes or no.,Yes,Yes,25.25,20.09375,True
/data/shared/Qwen/mydisk/output/SYNTHETIC/NVILA-Lite-2B-SYNTHETIC_MIX_5PCT_2M-20260226_023301/checkpoint-12500,obj2_closer,output/phasevar_5/0006_phA13_phB05.png,Is the blue cube closer to the camera than the red cube? Answer with yes or no.,Yes,Yes,25.078125,20.015625,True
/data/shared/Qwen/mydisk/output/SYNTHETIC/NVILA-Lite-2B-SYNTHETIC_MIX_5PCT_2M-20260226_023301/checkpoint-12500,obj2_closer,output/phasevar_5/0006_phA13_phB06.png,Is the blue cube closer to the camera than the red cube? Answer with yes or no.,Yes,Yes,22.875,18.453125,True
/data/shared/Qwen/mydisk/output/SYNTHETIC/NVILA-Lite-2B-SYNTHETIC_MIX_5PCT_2M-20260226_023301/checkpoint-12500,obj2_closer,output/phasevar_5/0006_phA13_phB07.png,Is the blue cube closer to the camera than the red cube? Answer with yes or no.,Yes,Yes,21.96875,17.71875,True
/data/shared/Qwen/mydisk/output/SYNTHETIC/NVILA-Lite-2B-SYNTHETIC_MIX_5PCT_2M-20260226_023301/checkpoint-12500,obj2_closer,output/phasevar_5/0006_phA13_phB08.png,Is the blue cube closer to the camera than the red cube? Answer with yes or no.,Yes,Yes,22.171875,17.875,True
/data/shared/Qwen/mydisk/output/SYNTHETIC/NVILA-Lite-2B-SYNTHETIC_MIX_5PCT_2M-20260226_023301/checkpoint-12500,obj2_closer,output/phasevar_5/0006_phA13_phB09.png,Is the blue cube closer to the camera than the red cube? Answer with yes or no.,Yes,Yes,22.453125,18.09375,True
/data/shared/Qwen/mydisk/output/SYNTHETIC/NVILA-Lite-2B-SYNTHETIC_MIX_5PCT_2M-20260226_023301/checkpoint-12500,obj2_closer,output/phasevar_5/0006_phA13_phB10.png,Is the blue cube closer to the camera than the red cube? Answer with yes or no.,Yes,Yes,21.734375,17.984375,True
/data/shared/Qwen/mydisk/output/SYNTHETIC/NVILA-Lite-2B-SYNTHETIC_MIX_5PCT_2M-20260226_023301/checkpoint-12500,obj2_closer,output/phasevar_5/0006_phA13_phB11.png,Is the blue cube closer to the camera than the red cube? Answer with yes or no.,Yes,Yes,22.65625,18.125,True
/data/shared/Qwen/mydisk/output/SYNTHETIC/NVILA-Lite-2B-SYNTHETIC_MIX_5PCT_2M-20260226_023301/checkpoint-12500,obj2_closer,output/phasevar_5/0006_phA13_phB12.png,Is the blue cube closer to the camera than the red cube? Answer with yes or no.,Yes,Yes,23.09375,17.984375,True
/data/shared/Qwen/mydisk/output/SYNTHETIC/NVILA-Lite-2B-SYNTHETIC_MIX_5PCT_2M-20260226_023301/checkpoint-12500,obj2_closer,output/phasevar_5/0006_phA13_phB13.png,Is the blue cube closer to the camera than the red cube? Answer with yes or no.,Yes,Yes,22.65625,18.328125,True
/data/shared/Qwen/mydisk/output/SYNTHETIC/NVILA-Lite-2B-SYNTHETIC_MIX_5PCT_2M-20260226_023301/checkpoint-12500,obj2_closer,output/phasevar_5/0006_phA13_phB14.png,Is the blue cube closer to the camera than the red cube? Answer with yes or no.,Yes,Yes,21.984375,18.328125,True
/data/shared/Qwen/mydisk/output/SYNTHETIC/NVILA-Lite-2B-SYNTHETIC_MIX_5PCT_2M-20260226_023301/checkpoint-12500,obj2_closer,output/phasevar_5/0006_phA13_phB15.png,Is the blue cube closer to the camera than the red cube? Answer with yes or no.,Yes,Yes,22.03125,18.734375,True
/data/shared/Qwen/mydisk/output/SYNTHETIC/NVILA-Lite-2B-SYNTHETIC_MIX_5PCT_2M-20260226_023301/checkpoint-12500,obj2_closer,output/phasevar_5/0006_phA14_phB00.png,Is the blue cube closer to the camera than the red cube? Answer with yes or no.,Yes,Yes,22.078125,18.8125,True
/data/shared/Qwen/mydisk/output/SYNTHETIC/NVILA-Lite-2B-SYNTHETIC_MIX_5PCT_2M-20260226_023301/checkpoint-12500,obj2_closer,output/phasevar_5/0006_phA14_phB01.png,Is the blue cube closer to the camera than the red cube? Answer with yes or no.,Yes,Yes,22.625,18.96875,True
/data/shared/Qwen/mydisk/output/SYNTHETIC/NVILA-Lite-2B-SYNTHETIC_MIX_5PCT_2M-20260226_023301/checkpoint-12500,obj2_closer,output/phasevar_5/0006_phA14_phB02.png,Is the blue cube closer to the camera than the red cube? Answer with yes or no.,Yes,Yes,23.15625,19.0625,True
/data/shared/Qwen/mydisk/output/SYNTHETIC/NVILA-Lite-2B-SYNTHETIC_MIX_5PCT_2M-20260226_023301/checkpoint-12500,obj2_closer,output/phasevar_5/0006_phA14_phB03.png,Is the blue cube closer to the camera than the red cube? Answer with yes or no.,Yes,Yes,24.515625,19.984375,True
/data/shared/Qwen/mydisk/output/SYNTHETIC/NVILA-Lite-2B-SYNTHETIC_MIX_5PCT_2M-20260226_023301/checkpoint-12500,obj2_closer,output/phasevar_5/0006_phA14_phB04.png,Is the blue cube closer to the camera than the red cube? Answer with yes or no.,Yes,Yes,25.078125,20.265625,True
/data/shared/Qwen/mydisk/output/SYNTHETIC/NVILA-Lite-2B-SYNTHETIC_MIX_5PCT_2M-20260226_023301/checkpoint-12500,obj2_closer,output/phasevar_5/0006_phA14_phB05.png,Is the blue cube closer to the camera than the red cube? Answer with yes or no.,Yes,Yes,25.21875,20.359375,True
/data/shared/Qwen/mydisk/output/SYNTHETIC/NVILA-Lite-2B-SYNTHETIC_MIX_5PCT_2M-20260226_023301/checkpoint-12500,obj2_closer,output/phasevar_5/0006_phA14_phB06.png,Is the blue cube closer to the camera than the red cube? Answer with yes or no.,Yes,Yes,23.6875,19.234375,True
/data/shared/Qwen/mydisk/output/SYNTHETIC/NVILA-Lite-2B-SYNTHETIC_MIX_5PCT_2M-20260226_023301/checkpoint-12500,obj2_closer,output/phasevar_5/0006_phA14_phB07.png,Is the blue cube closer to the camera than the red cube? Answer with yes or no.,Yes,Yes,22.734375,18.484375,True
/data/shared/Qwen/mydisk/output/SYNTHETIC/NVILA-Lite-2B-SYNTHETIC_MIX_5PCT_2M-20260226_023301/checkpoint-12500,obj2_closer,output/phasevar_5/0006_phA14_phB08.png,Is the blue cube closer to the camera than the red cube? Answer with yes or no.,Yes,Yes,23.015625,18.734375,True
/data/shared/Qwen/mydisk/output/SYNTHETIC/NVILA-Lite-2B-SYNTHETIC_MIX_5PCT_2M-20260226_023301/checkpoint-12500,obj2_closer,output/phasevar_5/0006_phA14_phB09.png,Is the blue cube closer to the camera than the red cube? Answer with yes or no.,Yes,Yes,23.15625,18.75,True
/data/shared/Qwen/mydisk/output/SYNTHETIC/NVILA-Lite-2B-SYNTHETIC_MIX_5PCT_2M-20260226_023301/checkpoint-12500,obj2_closer,output/phasevar_5/0006_phA14_phB10.png,Is the blue cube closer to the camera than the red cube? Answer with yes or no.,Yes,Yes,22.25,18.671875,True
/data/shared/Qwen/mydisk/output/SYNTHETIC/NVILA-Lite-2B-SYNTHETIC_MIX_5PCT_2M-20260226_023301/checkpoint-12500,obj2_closer,output/phasevar_5/0006_phA14_phB11.png,Is the blue cube closer to the camera than the red cube? Answer with yes or no.,Yes,Yes,22.9375,18.8125,True
/data/shared/Qwen/mydisk/output/SYNTHETIC/NVILA-Lite-2B-SYNTHETIC_MIX_5PCT_2M-20260226_023301/checkpoint-12500,obj2_closer,output/phasevar_5/0006_phA14_phB12.png,Is the blue cube closer to the camera than the red cube? Answer with yes or no.,Yes,Yes,23.234375,18.421875,True
/data/shared/Qwen/mydisk/output/SYNTHETIC/NVILA-Lite-2B-SYNTHETIC_MIX_5PCT_2M-20260226_023301/checkpoint-12500,obj2_closer,output/phasevar_5/0006_phA14_phB13.png,Is the blue cube closer to the camera than the red cube? Answer with yes or no.,Yes,Yes,22.65625,18.453125,True
/data/shared/Qwen/mydisk/output/SYNTHETIC/NVILA-Lite-2B-SYNTHETIC_MIX_5PCT_2M-20260226_023301/checkpoint-12500,obj2_closer,output/phasevar_5/0006_phA14_phB14.png,Is the blue cube closer to the camera than the red cube? Answer with yes or no.,Yes,Yes,22.359375,18.28125,True
/data/shared/Qwen/mydisk/output/SYNTHETIC/NVILA-Lite-2B-SYNTHETIC_MIX_5PCT_2M-20260226_023301/checkpoint-12500,obj2_closer,output/phasevar_5/0006_phA14_phB15.png,Is the blue cube closer to the camera than the red cube? Answer with yes or no.,Yes,Yes,22.203125,18.671875,True
/data/shared/Qwen/mydisk/output/SYNTHETIC/NVILA-Lite-2B-SYNTHETIC_MIX_5PCT_2M-20260226_023301/checkpoint-12500,obj2_closer,output/phasevar_5/0006_phA15_phB00.png,Is the blue cube closer to the camera than the red cube? Answer with yes or no.,Yes,Yes,22.828125,18.546875,True
/data/shared/Qwen/mydisk/output/SYNTHETIC/NVILA-Lite-2B-SYNTHETIC_MIX_5PCT_2M-20260226_023301/checkpoint-12500,obj2_closer,output/phasevar_5/0006_phA15_phB01.png,Is the blue cube closer to the camera than the red cube? Answer with yes or no.,Yes,Yes,23.203125,18.734375,True
/data/shared/Qwen/mydisk/output/SYNTHETIC/NVILA-Lite-2B-SYNTHETIC_MIX_5PCT_2M-20260226_023301/checkpoint-12500,obj2_closer,output/phasevar_5/0006_phA15_phB02.png,Is the blue cube closer to the camera than the red cube? Answer with yes or no.,Yes,Yes,23.515625,18.546875,True
/data/shared/Qwen/mydisk/output/SYNTHETIC/NVILA-Lite-2B-SYNTHETIC_MIX_5PCT_2M-20260226_023301/checkpoint-12500,obj2_closer,output/phasevar_5/0006_phA15_phB03.png,Is the blue cube closer to the camera than the red cube? Answer with yes or no.,Yes,Yes,25.171875,19.75,True
/data/shared/Qwen/mydisk/output/SYNTHETIC/NVILA-Lite-2B-SYNTHETIC_MIX_5PCT_2M-20260226_023301/checkpoint-12500,obj2_closer,output/phasevar_5/0006_phA15_phB04.png,Is the blue cube closer to the camera than the red cube? Answer with yes or no.,Yes,Yes,25.859375,19.953125,True
/data/shared/Qwen/mydisk/output/SYNTHETIC/NVILA-Lite-2B-SYNTHETIC_MIX_5PCT_2M-20260226_023301/checkpoint-12500,obj2_closer,output/phasevar_5/0006_phA15_phB05.png,Is the blue cube closer to the camera than the red cube? Answer with yes or no.,Yes,Yes,25.78125,19.828125,True
/data/shared/Qwen/mydisk/output/SYNTHETIC/NVILA-Lite-2B-SYNTHETIC_MIX_5PCT_2M-20260226_023301/checkpoint-12500,obj2_closer,output/phasevar_5/0006_phA15_phB06.png,Is the blue cube closer to the camera than the red cube? Answer with yes or no.,Yes,Yes,23.796875,18.296875,True
/data/shared/Qwen/mydisk/output/SYNTHETIC/NVILA-Lite-2B-SYNTHETIC_MIX_5PCT_2M-20260226_023301/checkpoint-12500,obj2_closer,output/phasevar_5/0006_phA15_phB07.png,Is the blue cube closer to the camera than the red cube? Answer with yes or no.,Yes,Yes,23.109375,17.6875,True
/data/shared/Qwen/mydisk/output/SYNTHETIC/NVILA-Lite-2B-SYNTHETIC_MIX_5PCT_2M-20260226_023301/checkpoint-12500,obj2_closer,output/phasevar_5/0006_phA15_phB08.png,Is the blue cube closer to the camera than the red cube? Answer with yes or no.,Yes,Yes,23.640625,18.046875,True
/data/shared/Qwen/mydisk/output/SYNTHETIC/NVILA-Lite-2B-SYNTHETIC_MIX_5PCT_2M-20260226_023301/checkpoint-12500,obj2_closer,output/phasevar_5/0006_phA15_phB09.png,Is the blue cube closer to the camera than the red cube? Answer with yes or no.,Yes,Yes,23.78125,18.078125,True
/data/shared/Qwen/mydisk/output/SYNTHETIC/NVILA-Lite-2B-SYNTHETIC_MIX_5PCT_2M-20260226_023301/checkpoint-12500,obj2_closer,output/phasevar_5/0006_phA15_phB10.png,Is the blue cube closer to the camera than the red cube? Answer with yes or no.,Yes,Yes,22.890625,18.078125,True
/data/shared/Qwen/mydisk/output/SYNTHETIC/NVILA-Lite-2B-SYNTHETIC_MIX_5PCT_2M-20260226_023301/checkpoint-12500,obj2_closer,output/phasevar_5/0006_phA15_phB11.png,Is the blue cube closer to the camera than the red cube? Answer with yes or no.,Yes,Yes,23.75,18.28125,True
/data/shared/Qwen/mydisk/output/SYNTHETIC/NVILA-Lite-2B-SYNTHETIC_MIX_5PCT_2M-20260226_023301/checkpoint-12500,obj2_closer,output/phasevar_5/0006_phA15_phB12.png,Is the blue cube closer to the camera than the red cube? Answer with yes or no.,Yes,Yes,23.875,18.15625,True
/data/shared/Qwen/mydisk/output/SYNTHETIC/NVILA-Lite-2B-SYNTHETIC_MIX_5PCT_2M-20260226_023301/checkpoint-12500,obj2_closer,output/phasevar_5/0006_phA15_phB13.png,Is the blue cube closer to the camera than the red cube? Answer with yes or no.,Yes,Yes,23.21875,18.25,True
/data/shared/Qwen/mydisk/output/SYNTHETIC/NVILA-Lite-2B-SYNTHETIC_MIX_5PCT_2M-20260226_023301/checkpoint-12500,obj2_closer,output/phasevar_5/0006_phA15_phB14.png,Is the blue cube closer to the camera than the red cube? Answer with yes or no.,Yes,Yes,22.875,17.96875,True
/data/shared/Qwen/mydisk/output/SYNTHETIC/NVILA-Lite-2B-SYNTHETIC_MIX_5PCT_2M-20260226_023301/checkpoint-12500,obj2_closer,output/phasevar_5/0006_phA15_phB15.png,Is the blue cube closer to the camera than the red cube? Answer with yes or no.,Yes,Yes,22.765625,18.34375,True
/data/shared/Qwen/mydisk/output/SYNTHETIC/NVILA-Lite-2B-SYNTHETIC_MIX_5PCT_2M-20260226_023301/checkpoint-12500,obj2_closer,output/phasevar_5/0007_phA00_phB00.png,Is the yellow cube closer to the camera than the magenta cube? Answer with yes or no.,Yes,Yes,21.71875,18.4375,True
/data/shared/Qwen/mydisk/output/SYNTHETIC/NVILA-Lite-2B-SYNTHETIC_MIX_5PCT_2M-20260226_023301/checkpoint-12500,obj2_closer,output/phasevar_5/0007_phA00_phB01.png,Is the yellow cube closer to the camera than the magenta cube? Answer with yes or no.,Yes,Yes,22.8125,18.9375,True
/data/shared/Qwen/mydisk/output/SYNTHETIC/NVILA-Lite-2B-SYNTHETIC_MIX_5PCT_2M-20260226_023301/checkpoint-12500,obj2_closer,output/phasevar_5/0007_phA00_phB02.png,Is the yellow cube closer to the camera than the magenta cube? Answer with yes or no.,Yes,Yes,22.59375,19.046875,True
/data/shared/Qwen/mydisk/output/SYNTHETIC/NVILA-Lite-2B-SYNTHETIC_MIX_5PCT_2M-20260226_023301/checkpoint-12500,obj2_closer,output/phasevar_5/0007_phA00_phB03.png,Is the yellow cube closer to the camera than the magenta cube? Answer with yes or no.,Yes,Yes,24.109375,19.578125,True
/data/shared/Qwen/mydisk/output/SYNTHETIC/NVILA-Lite-2B-SYNTHETIC_MIX_5PCT_2M-20260226_023301/checkpoint-12500,obj2_closer,output/phasevar_5/0007_phA00_phB04.png,Is the yellow cube closer to the camera than the magenta cube? Answer with yes or no.,Yes,Yes,25.4375,19.984375,True
/data/shared/Qwen/mydisk/output/SYNTHETIC/NVILA-Lite-2B-SYNTHETIC_MIX_5PCT_2M-20260226_023301/checkpoint-12500,obj2_closer,output/phasevar_5/0007_phA00_phB05.png,Is the yellow cube closer to the camera than the magenta cube? Answer with yes or no.,Yes,Yes,25.34375,19.96875,True
/data/shared/Qwen/mydisk/output/SYNTHETIC/NVILA-Lite-2B-SYNTHETIC_MIX_5PCT_2M-20260226_023301/checkpoint-12500,obj2_closer,output/phasevar_5/0007_phA00_phB06.png,Is the yellow cube closer to the camera than the magenta cube? Answer with yes or no.,Yes,Yes,23.671875,18.484375,True
/data/shared/Qwen/mydisk/output/SYNTHETIC/NVILA-Lite-2B-SYNTHETIC_MIX_5PCT_2M-20260226_023301/checkpoint-12500,obj2_closer,output/phasevar_5/0007_phA00_phB07.png,Is the yellow cube closer to the camera than the magenta cube? Answer with yes or no.,Yes,Yes,22.578125,18.0,True
/data/shared/Qwen/mydisk/output/SYNTHETIC/NVILA-Lite-2B-SYNTHETIC_MIX_5PCT_2M-20260226_023301/checkpoint-12500,obj2_closer,output/phasevar_5/0007_phA00_phB08.png,Is the yellow cube closer to the camera than the magenta cube? Answer with yes or no.,Yes,Yes,23.15625,18.046875,True
/data/shared/Qwen/mydisk/output/SYNTHETIC/NVILA-Lite-2B-SYNTHETIC_MIX_5PCT_2M-20260226_023301/checkpoint-12500,obj2_closer,output/phasevar_5/0007_phA00_phB09.png,Is the yellow cube closer to the camera than the magenta cube? Answer with yes or no.,Yes,Yes,23.328125,18.40625,True
/data/shared/Qwen/mydisk/output/SYNTHETIC/NVILA-Lite-2B-SYNTHETIC_MIX_5PCT_2M-20260226_023301/checkpoint-12500,obj2_closer,output/phasevar_5/0007_phA00_phB10.png,Is the yellow cube closer to the camera than the magenta cube? Answer with yes or no.,Yes,Yes,23.5625,18.625,True
/data/shared/Qwen/mydisk/output/SYNTHETIC/NVILA-Lite-2B-SYNTHETIC_MIX_5PCT_2M-20260226_023301/checkpoint-12500,obj2_closer,output/phasevar_5/0007_phA00_phB11.png,Is the yellow cube closer to the camera than the magenta cube? Answer with yes or no.,Yes,Yes,23.4375,18.5,True
/data/shared/Qwen/mydisk/output/SYNTHETIC/NVILA-Lite-2B-SYNTHETIC_MIX_5PCT_2M-20260226_023301/checkpoint-12500,obj2_closer,output/phasevar_5/0007_phA00_phB12.png,Is the yellow cube closer to the camera than the magenta cube? Answer with yes or no.,Yes,Yes,23.515625,18.3125,True
/data/shared/Qwen/mydisk/output/SYNTHETIC/NVILA-Lite-2B-SYNTHETIC_MIX_5PCT_2M-20260226_023301/checkpoint-12500,obj2_closer,output/phasevar_5/0007_phA00_phB13.png,Is the yellow cube closer to the camera than the magenta cube? Answer with yes or no.,Yes,Yes,23.640625,18.578125,True
/data/shared/Qwen/mydisk/output/SYNTHETIC/NVILA-Lite-2B-SYNTHETIC_MIX_5PCT_2M-20260226_023301/checkpoint-12500,obj2_closer,output/phasevar_5/0007_phA00_phB14.png,Is the yellow cube closer to the camera than the magenta cube? Answer with yes or no.,Yes,Yes,22.734375,18.421875,True
/data/shared/Qwen/mydisk/output/SYNTHETIC/NVILA-Lite-2B-SYNTHETIC_MIX_5PCT_2M-20260226_023301/checkpoint-12500,obj2_closer,output/phasevar_5/0007_phA00_phB15.png,Is the yellow cube closer to the camera than the magenta cube? Answer with yes or no.,Yes,Yes,22.484375,18.5,True
/data/shared/Qwen/mydisk/output/SYNTHETIC/NVILA-Lite-2B-SYNTHETIC_MIX_5PCT_2M-20260226_023301/checkpoint-12500,obj2_closer,output/phasevar_5/0007_phA01_phB00.png,Is the yellow cube closer to the camera than the magenta cube? Answer with yes or no.,Yes,Yes,20.21875,17.890625,True
/data/shared/Qwen/mydisk/output/SYNTHETIC/NVILA-Lite-2B-SYNTHETIC_MIX_5PCT_2M-20260226_023301/checkpoint-12500,obj2_closer,output/phasevar_5/0007_phA01_phB01.png,Is the yellow cube closer to the camera than the magenta cube? Answer with yes or no.,Yes,Yes,21.21875,18.265625,True
/data/shared/Qwen/mydisk/output/SYNTHETIC/NVILA-Lite-2B-SYNTHETIC_MIX_5PCT_2M-20260226_023301/checkpoint-12500,obj2_closer,output/phasevar_5/0007_phA01_phB02.png,Is the yellow cube closer to the camera than the magenta cube? Answer with yes or no.,Yes,Yes,20.921875,18.328125,True
/data/shared/Qwen/mydisk/output/SYNTHETIC/NVILA-Lite-2B-SYNTHETIC_MIX_5PCT_2M-20260226_023301/checkpoint-12500,obj2_closer,output/phasevar_5/0007_phA01_phB03.png,Is the yellow cube closer to the camera than the magenta cube? Answer with yes or no.,Yes,Yes,22.015625,18.84375,True
/data/shared/Qwen/mydisk/output/SYNTHETIC/NVILA-Lite-2B-SYNTHETIC_MIX_5PCT_2M-20260226_023301/checkpoint-12500,obj2_closer,output/phasevar_5/0007_phA01_phB04.png,Is the yellow cube closer to the camera than the magenta cube? Answer with yes or no.,Yes,Yes,23.8125,19.328125,True
/data/shared/Qwen/mydisk/output/SYNTHETIC/NVILA-Lite-2B-SYNTHETIC_MIX_5PCT_2M-20260226_023301/checkpoint-12500,obj2_closer,output/phasevar_5/0007_phA01_phB05.png,Is the yellow cube closer to the camera than the magenta cube? Answer with yes or no.,Yes,Yes,23.59375,19.203125,True
/data/shared/Qwen/mydisk/output/SYNTHETIC/NVILA-Lite-2B-SYNTHETIC_MIX_5PCT_2M-20260226_023301/checkpoint-12500,obj2_closer,output/phasevar_5/0007_phA01_phB06.png,Is the yellow cube closer to the camera than the magenta cube? Answer with yes or no.,Yes,Yes,22.375,18.03125,True
/data/shared/Qwen/mydisk/output/SYNTHETIC/NVILA-Lite-2B-SYNTHETIC_MIX_5PCT_2M-20260226_023301/checkpoint-12500,obj2_closer,output/phasevar_5/0007_phA01_phB07.png,Is the yellow cube closer to the camera than the magenta cube? Answer with yes or no.,Yes,Yes,21.1875,17.640625,True
/data/shared/Qwen/mydisk/output/SYNTHETIC/NVILA-Lite-2B-SYNTHETIC_MIX_5PCT_2M-20260226_023301/checkpoint-12500,obj2_closer,output/phasevar_5/0007_phA01_phB08.png,Is the yellow cube closer to the camera than the magenta cube? Answer with yes or no.,Yes,Yes,21.6875,17.71875,True
/data/shared/Qwen/mydisk/output/SYNTHETIC/NVILA-Lite-2B-SYNTHETIC_MIX_5PCT_2M-20260226_023301/checkpoint-12500,obj2_closer,output/phasevar_5/0007_phA01_phB09.png,Is the yellow cube closer to the camera than the magenta cube? Answer with yes or no.,Yes,Yes,21.671875,18.109375,True
/data/shared/Qwen/mydisk/output/SYNTHETIC/NVILA-Lite-2B-SYNTHETIC_MIX_5PCT_2M-20260226_023301/checkpoint-12500,obj2_closer,output/phasevar_5/0007_phA01_phB10.png,Is the yellow cube closer to the camera than the magenta cube? Answer with yes or no.,Yes,Yes,22.078125,18.4375,True
/data/shared/Qwen/mydisk/output/SYNTHETIC/NVILA-Lite-2B-SYNTHETIC_MIX_5PCT_2M-20260226_023301/checkpoint-12500,obj2_closer,output/phasevar_5/0007_phA01_phB11.png,Is the yellow cube closer to the camera than the magenta cube? Answer with yes or no.,Yes,Yes,22.078125,18.359375,True
/data/shared/Qwen/mydisk/output/SYNTHETIC/NVILA-Lite-2B-SYNTHETIC_MIX_5PCT_2M-20260226_023301/checkpoint-12500,obj2_closer,output/phasevar_5/0007_phA01_phB12.png,Is the yellow cube closer to the camera than the magenta cube? Answer with yes or no.,Yes,Yes,22.359375,18.296875,True
/data/shared/Qwen/mydisk/output/SYNTHETIC/NVILA-Lite-2B-SYNTHETIC_MIX_5PCT_2M-20260226_023301/checkpoint-12500,obj2_closer,output/phasevar_5/0007_phA01_phB13.png,Is the yellow cube closer to the camera than the magenta cube? Answer with yes or no.,Yes,Yes,22.65625,18.421875,True
/data/shared/Qwen/mydisk/output/SYNTHETIC/NVILA-Lite-2B-SYNTHETIC_MIX_5PCT_2M-20260226_023301/checkpoint-12500,obj2_closer,output/phasevar_5/0007_phA01_phB14.png,Is the yellow cube closer to the camera than the magenta cube? Answer with yes or no.,Yes,Yes,21.421875,18.265625,True
/data/shared/Qwen/mydisk/output/SYNTHETIC/NVILA-Lite-2B-SYNTHETIC_MIX_5PCT_2M-20260226_023301/checkpoint-12500,obj2_closer,output/phasevar_5/0007_phA01_phB15.png,Is the yellow cube closer to the camera than the magenta cube? Answer with yes or no.,Yes,Yes,20.890625,18.3125,True
/data/shared/Qwen/mydisk/output/SYNTHETIC/NVILA-Lite-2B-SYNTHETIC_MIX_5PCT_2M-20260226_023301/checkpoint-12500,obj2_closer,output/phasevar_5/0007_phA02_phB00.png,Is the yellow cube closer to the camera than the magenta cube? Answer with yes or no.,Yes,Yes,20.34375,17.890625,True
/data/shared/Qwen/mydisk/output/SYNTHETIC/NVILA-Lite-2B-SYNTHETIC_MIX_5PCT_2M-20260226_023301/checkpoint-12500,obj2_closer,output/phasevar_5/0007_phA02_phB01.png,Is the yellow cube closer to the camera than the magenta cube? Answer with yes or no.,Yes,Yes,21.046875,18.140625,True
/data/shared/Qwen/mydisk/output/SYNTHETIC/NVILA-Lite-2B-SYNTHETIC_MIX_5PCT_2M-20260226_023301/checkpoint-12500,obj2_closer,output/phasevar_5/0007_phA02_phB02.png,Is the yellow cube closer to the camera than the magenta cube? Answer with yes or no.,Yes,Yes,22.015625,18.75,True
/data/shared/Qwen/mydisk/output/SYNTHETIC/NVILA-Lite-2B-SYNTHETIC_MIX_5PCT_2M-20260226_023301/checkpoint-12500,obj2_closer,output/phasevar_5/0007_phA02_phB03.png,Is the yellow cube closer to the camera than the magenta cube? Answer with yes or no.,Yes,Yes,22.203125,19.0,True
/data/shared/Qwen/mydisk/output/SYNTHETIC/NVILA-Lite-2B-SYNTHETIC_MIX_5PCT_2M-20260226_023301/checkpoint-12500,obj2_closer,output/phasevar_5/0007_phA02_phB04.png,Is the yellow cube closer to the camera than the magenta cube? Answer with yes or no.,Yes,Yes,24.03125,19.359375,True
/data/shared/Qwen/mydisk/output/SYNTHETIC/NVILA-Lite-2B-SYNTHETIC_MIX_5PCT_2M-20260226_023301/checkpoint-12500,obj2_closer,output/phasevar_5/0007_phA02_phB05.png,Is the yellow cube closer to the camera than the magenta cube? Answer with yes or no.,Yes,Yes,23.9375,19.296875,True
/data/shared/Qwen/mydisk/output/SYNTHETIC/NVILA-Lite-2B-SYNTHETIC_MIX_5PCT_2M-20260226_023301/checkpoint-12500,obj2_closer,output/phasevar_5/0007_phA02_phB06.png,Is the yellow cube closer to the camera than the magenta cube? Answer with yes or no.,Yes,Yes,22.75,18.078125,True
/data/shared/Qwen/mydisk/output/SYNTHETIC/NVILA-Lite-2B-SYNTHETIC_MIX_5PCT_2M-20260226_023301/checkpoint-12500,obj2_closer,output/phasevar_5/0007_phA02_phB07.png,Is the yellow cube closer to the camera than the magenta cube? Answer with yes or no.,Yes,Yes,21.578125,17.734375,True
/data/shared/Qwen/mydisk/output/SYNTHETIC/NVILA-Lite-2B-SYNTHETIC_MIX_5PCT_2M-20260226_023301/checkpoint-12500,obj2_closer,output/phasevar_5/0007_phA02_phB08.png,Is the yellow cube closer to the camera than the magenta cube? Answer with yes or no.,Yes,Yes,21.921875,17.859375,True
/data/shared/Qwen/mydisk/output/SYNTHETIC/NVILA-Lite-2B-SYNTHETIC_MIX_5PCT_2M-20260226_023301/checkpoint-12500,obj2_closer,output/phasevar_5/0007_phA02_phB09.png,Is the yellow cube closer to the camera than the magenta cube? Answer with yes or no.,Yes,Yes,21.859375,18.3125,True
/data/shared/Qwen/mydisk/output/SYNTHETIC/NVILA-Lite-2B-SYNTHETIC_MIX_5PCT_2M-20260226_023301/checkpoint-12500,obj2_closer,output/phasevar_5/0007_phA02_phB10.png,Is the yellow cube closer to the camera than the magenta cube? Answer with yes or no.,Yes,Yes,22.5625,18.765625,True
/data/shared/Qwen/mydisk/output/SYNTHETIC/NVILA-Lite-2B-SYNTHETIC_MIX_5PCT_2M-20260226_023301/checkpoint-12500,obj2_closer,output/phasevar_5/0007_phA02_phB11.png,Is the yellow cube closer to the camera than the magenta cube? Answer with yes or no.,Yes,Yes,22.390625,18.65625,True
/data/shared/Qwen/mydisk/output/SYNTHETIC/NVILA-Lite-2B-SYNTHETIC_MIX_5PCT_2M-20260226_023301/checkpoint-12500,obj2_closer,output/phasevar_5/0007_phA02_phB12.png,Is the yellow cube closer to the camera than the magenta cube? Answer with yes or no.,Yes,Yes,22.203125,18.390625,True
/data/shared/Qwen/mydisk/output/SYNTHETIC/NVILA-Lite-2B-SYNTHETIC_MIX_5PCT_2M-20260226_023301/checkpoint-12500,obj2_closer,output/phasevar_5/0007_phA02_phB13.png,Is the yellow cube closer to the camera than the magenta cube? Answer with yes or no.,Yes,Yes,22.328125,18.609375,True
/data/shared/Qwen/mydisk/output/SYNTHETIC/NVILA-Lite-2B-SYNTHETIC_MIX_5PCT_2M-20260226_023301/checkpoint-12500,obj2_closer,output/phasevar_5/0007_phA02_phB14.png,Is the yellow cube closer to the camera than the magenta cube? Answer with yes or no.,Yes,Yes,21.8125,18.453125,True
/data/shared/Qwen/mydisk/output/SYNTHETIC/NVILA-Lite-2B-SYNTHETIC_MIX_5PCT_2M-20260226_023301/checkpoint-12500,obj2_closer,output/phasevar_5/0007_phA02_phB15.png,Is the yellow cube closer to the camera than the magenta cube? Answer with yes or no.,Yes,Yes,21.078125,18.453125,True
/data/shared/Qwen/mydisk/output/SYNTHETIC/NVILA-Lite-2B-SYNTHETIC_MIX_5PCT_2M-20260226_023301/checkpoint-12500,obj2_closer,output/phasevar_5/0007_phA03_phB00.png,Is the yellow cube closer to the camera than the magenta cube? Answer with yes or no.,Yes,Yes,20.890625,17.96875,True
/data/shared/Qwen/mydisk/output/SYNTHETIC/NVILA-Lite-2B-SYNTHETIC_MIX_5PCT_2M-20260226_023301/checkpoint-12500,obj2_closer,output/phasevar_5/0007_phA03_phB01.png,Is the yellow cube closer to the camera than the magenta cube? Answer with yes or no.,Yes,Yes,21.734375,18.28125,True
/data/shared/Qwen/mydisk/output/SYNTHETIC/NVILA-Lite-2B-SYNTHETIC_MIX_5PCT_2M-20260226_023301/checkpoint-12500,obj2_closer,output/phasevar_5/0007_phA03_phB02.png,Is the yellow cube closer to the camera than the magenta cube? Answer with yes or no.,Yes,Yes,22.0625,18.65625,True
/data/shared/Qwen/mydisk/output/SYNTHETIC/NVILA-Lite-2B-SYNTHETIC_MIX_5PCT_2M-20260226_023301/checkpoint-12500,obj2_closer,output/phasevar_5/0007_phA03_phB03.png,Is the yellow cube closer to the camera than the magenta cube? Answer with yes or no.,Yes,Yes,22.703125,19.109375,True
/data/shared/Qwen/mydisk/output/SYNTHETIC/NVILA-Lite-2B-SYNTHETIC_MIX_5PCT_2M-20260226_023301/checkpoint-12500,obj2_closer,output/phasevar_5/0007_phA03_phB04.png,Is the yellow cube closer to the camera than the magenta cube? Answer with yes or no.,Yes,Yes,24.046875,19.296875,True
/data/shared/Qwen/mydisk/output/SYNTHETIC/NVILA-Lite-2B-SYNTHETIC_MIX_5PCT_2M-20260226_023301/checkpoint-12500,obj2_closer,output/phasevar_5/0007_phA03_phB05.png,Is the yellow cube closer to the camera than the magenta cube? Answer with yes or no.,Yes,Yes,24.015625,19.15625,True
/data/shared/Qwen/mydisk/output/SYNTHETIC/NVILA-Lite-2B-SYNTHETIC_MIX_5PCT_2M-20260226_023301/checkpoint-12500,obj2_closer,output/phasevar_5/0007_phA03_phB06.png,Is the yellow cube closer to the camera than the magenta cube? Answer with yes or no.,Yes,Yes,22.671875,17.8125,True
/data/shared/Qwen/mydisk/output/SYNTHETIC/NVILA-Lite-2B-SYNTHETIC_MIX_5PCT_2M-20260226_023301/checkpoint-12500,obj2_closer,output/phasevar_5/0007_phA03_phB07.png,Is the yellow cube closer to the camera than the magenta cube? Answer with yes or no.,Yes,Yes,21.21875,17.171875,True
/data/shared/Qwen/mydisk/output/SYNTHETIC/NVILA-Lite-2B-SYNTHETIC_MIX_5PCT_2M-20260226_023301/checkpoint-12500,obj2_closer,output/phasevar_5/0007_phA03_phB08.png,Is the yellow cube closer to the camera than the magenta cube? Answer with yes or no.,Yes,Yes,21.59375,17.203125,True
/data/shared/Qwen/mydisk/output/SYNTHETIC/NVILA-Lite-2B-SYNTHETIC_MIX_5PCT_2M-20260226_023301/checkpoint-12500,obj2_closer,output/phasevar_5/0007_phA03_phB09.png,Is the yellow cube closer to the camera than the magenta cube? Answer with yes or no.,Yes,Yes,21.875,17.921875,True
/data/shared/Qwen/mydisk/output/SYNTHETIC/NVILA-Lite-2B-SYNTHETIC_MIX_5PCT_2M-20260226_023301/checkpoint-12500,obj2_closer,output/phasevar_5/0007_phA03_phB10.png,Is the yellow cube closer to the camera than the magenta cube? Answer with yes or no.,Yes,Yes,22.640625,18.265625,True
/data/shared/Qwen/mydisk/output/SYNTHETIC/NVILA-Lite-2B-SYNTHETIC_MIX_5PCT_2M-20260226_023301/checkpoint-12500,obj2_closer,output/phasevar_5/0007_phA03_phB11.png,Is the yellow cube closer to the camera than the magenta cube? Answer with yes or no.,Yes,Yes,22.75,18.3125,True
/data/shared/Qwen/mydisk/output/SYNTHETIC/NVILA-Lite-2B-SYNTHETIC_MIX_5PCT_2M-20260226_023301/checkpoint-12500,obj2_closer,output/phasevar_5/0007_phA03_phB12.png,Is the yellow cube closer to the camera than the magenta cube? Answer with yes or no.,Yes,Yes,22.84375,18.265625,True
/data/shared/Qwen/mydisk/output/SYNTHETIC/NVILA-Lite-2B-SYNTHETIC_MIX_5PCT_2M-20260226_023301/checkpoint-12500,obj2_closer,output/phasevar_5/0007_phA03_phB13.png,Is the yellow cube closer to the camera than the magenta cube? Answer with yes or no.,Yes,Yes,22.71875,18.546875,True
/data/shared/Qwen/mydisk/output/SYNTHETIC/NVILA-Lite-2B-SYNTHETIC_MIX_5PCT_2M-20260226_023301/checkpoint-12500,obj2_closer,output/phasevar_5/0007_phA03_phB14.png,Is the yellow cube closer to the camera than the magenta cube? Answer with yes or no.,Yes,Yes,22.109375,18.34375,True
/data/shared/Qwen/mydisk/output/SYNTHETIC/NVILA-Lite-2B-SYNTHETIC_MIX_5PCT_2M-20260226_023301/checkpoint-12500,obj2_closer,output/phasevar_5/0007_phA03_phB15.png,Is the yellow cube closer to the camera than the magenta cube? Answer with yes or no.,Yes,Yes,21.578125,18.46875,True
/data/shared/Qwen/mydisk/output/SYNTHETIC/NVILA-Lite-2B-SYNTHETIC_MIX_5PCT_2M-20260226_023301/checkpoint-12500,obj2_closer,output/phasevar_5/0007_phA04_phB00.png,Is the yellow cube closer to the camera than the magenta cube? Answer with yes or no.,Yes,Yes,20.4375,17.96875,True
/data/shared/Qwen/mydisk/output/SYNTHETIC/NVILA-Lite-2B-SYNTHETIC_MIX_5PCT_2M-20260226_023301/checkpoint-12500,obj2_closer,output/phasevar_5/0007_phA04_phB01.png,Is the yellow cube closer to the camera than the magenta cube? Answer with yes or no.,Yes,Yes,21.21875,18.203125,True
/data/shared/Qwen/mydisk/output/SYNTHETIC/NVILA-Lite-2B-SYNTHETIC_MIX_5PCT_2M-20260226_023301/checkpoint-12500,obj2_closer,output/phasevar_5/0007_phA04_phB02.png,Is the yellow cube closer to the camera than the magenta cube? Answer with yes or no.,Yes,Yes,21.46875,18.515625,True
/data/shared/Qwen/mydisk/output/SYNTHETIC/NVILA-Lite-2B-SYNTHETIC_MIX_5PCT_2M-20260226_023301/checkpoint-12500,obj2_closer,output/phasevar_5/0007_phA04_phB03.png,Is the yellow cube closer to the camera than the magenta cube? Answer with yes or no.,Yes,Yes,22.28125,18.984375,True
/data/shared/Qwen/mydisk/output/SYNTHETIC/NVILA-Lite-2B-SYNTHETIC_MIX_5PCT_2M-20260226_023301/checkpoint-12500,obj2_closer,output/phasevar_5/0007_phA04_phB04.png,Is the yellow cube closer to the camera than the magenta cube? Answer with yes or no.,Yes,Yes,22.890625,18.984375,True
/data/shared/Qwen/mydisk/output/SYNTHETIC/NVILA-Lite-2B-SYNTHETIC_MIX_5PCT_2M-20260226_023301/checkpoint-12500,obj2_closer,output/phasevar_5/0007_phA04_phB05.png,Is the yellow cube closer to the camera than the magenta cube? Answer with yes or no.,Yes,Yes,23.6875,18.90625,True
/data/shared/Qwen/mydisk/output/SYNTHETIC/NVILA-Lite-2B-SYNTHETIC_MIX_5PCT_2M-20260226_023301/checkpoint-12500,obj2_closer,output/phasevar_5/0007_phA04_phB06.png,Is the yellow cube closer to the camera than the magenta cube? Answer with yes or no.,Yes,Yes,22.25,17.75,True
/data/shared/Qwen/mydisk/output/SYNTHETIC/NVILA-Lite-2B-SYNTHETIC_MIX_5PCT_2M-20260226_023301/checkpoint-12500,obj2_closer,output/phasevar_5/0007_phA04_phB07.png,Is the yellow cube closer to the camera than the magenta cube? Answer with yes or no.,Yes,Yes,20.40625,16.828125,True
/data/shared/Qwen/mydisk/output/SYNTHETIC/NVILA-Lite-2B-SYNTHETIC_MIX_5PCT_2M-20260226_023301/checkpoint-12500,obj2_closer,output/phasevar_5/0007_phA04_phB08.png,Is the yellow cube closer to the camera than the magenta cube? Answer with yes or no.,Yes,Yes,20.984375,17.0625,True
/data/shared/Qwen/mydisk/output/SYNTHETIC/NVILA-Lite-2B-SYNTHETIC_MIX_5PCT_2M-20260226_023301/checkpoint-12500,obj2_closer,output/phasevar_5/0007_phA04_phB09.png,Is the yellow cube closer to the camera than the magenta cube? Answer with yes or no.,Yes,Yes,21.265625,17.796875,True
/data/shared/Qwen/mydisk/output/SYNTHETIC/NVILA-Lite-2B-SYNTHETIC_MIX_5PCT_2M-20260226_023301/checkpoint-12500,obj2_closer,output/phasevar_5/0007_phA04_phB10.png,Is the yellow cube closer to the camera than the magenta cube? Answer with yes or no.,Yes,Yes,22.0,18.1875,True
/data/shared/Qwen/mydisk/output/SYNTHETIC/NVILA-Lite-2B-SYNTHETIC_MIX_5PCT_2M-20260226_023301/checkpoint-12500,obj2_closer,output/phasevar_5/0007_phA04_phB11.png,Is the yellow cube closer to the camera than the magenta cube? Answer with yes or no.,Yes,Yes,22.125,18.1875,True
/data/shared/Qwen/mydisk/output/SYNTHETIC/NVILA-Lite-2B-SYNTHETIC_MIX_5PCT_2M-20260226_023301/checkpoint-12500,obj2_closer,output/phasevar_5/0007_phA04_phB12.png,Is the yellow cube closer to the camera than the magenta cube? Answer with yes or no.,Yes,Yes,22.421875,18.34375,True
/data/shared/Qwen/mydisk/output/SYNTHETIC/NVILA-Lite-2B-SYNTHETIC_MIX_5PCT_2M-20260226_023301/checkpoint-12500,obj2_closer,output/phasevar_5/0007_phA04_phB13.png,Is the yellow cube closer to the camera than the magenta cube? Answer with yes or no.,Yes,Yes,22.375,18.765625,True
/data/shared/Qwen/mydisk/output/SYNTHETIC/NVILA-Lite-2B-SYNTHETIC_MIX_5PCT_2M-20260226_023301/checkpoint-12500,obj2_closer,output/phasevar_5/0007_phA04_phB14.png,Is the yellow cube closer to the camera than the magenta cube? Answer with yes or no.,Yes,Yes,21.671875,18.359375,True
/data/shared/Qwen/mydisk/output/SYNTHETIC/NVILA-Lite-2B-SYNTHETIC_MIX_5PCT_2M-20260226_023301/checkpoint-12500,obj2_closer,output/phasevar_5/0007_phA04_phB15.png,Is the yellow cube closer to the camera than the magenta cube? Answer with yes or no.,Yes,Yes,21.1875,18.484375,True
/data/shared/Qwen/mydisk/output/SYNTHETIC/NVILA-Lite-2B-SYNTHETIC_MIX_5PCT_2M-20260226_023301/checkpoint-12500,obj2_closer,output/phasevar_5/0007_phA05_phB00.png,Is the yellow cube closer to the camera than the magenta cube? Answer with yes or no.,Yes,Yes,21.125,18.078125,True
/data/shared/Qwen/mydisk/output/SYNTHETIC/NVILA-Lite-2B-SYNTHETIC_MIX_5PCT_2M-20260226_023301/checkpoint-12500,obj2_closer,output/phasevar_5/0007_phA05_phB01.png,Is the yellow cube closer to the camera than the magenta cube? Answer with yes or no.,Yes,Yes,21.84375,18.359375,True
/data/shared/Qwen/mydisk/output/SYNTHETIC/NVILA-Lite-2B-SYNTHETIC_MIX_5PCT_2M-20260226_023301/checkpoint-12500,obj2_closer,output/phasevar_5/0007_phA05_phB02.png,Is the yellow cube closer to the camera than the magenta cube? Answer with yes or no.,Yes,Yes,22.53125,18.8125,True
/data/shared/Qwen/mydisk/output/SYNTHETIC/NVILA-Lite-2B-SYNTHETIC_MIX_5PCT_2M-20260226_023301/checkpoint-12500,obj2_closer,output/phasevar_5/0007_phA05_phB03.png,Is the yellow cube closer to the camera than the magenta cube? Answer with yes or no.,Yes,Yes,23.3125,19.21875,True
/data/shared/Qwen/mydisk/output/SYNTHETIC/NVILA-Lite-2B-SYNTHETIC_MIX_5PCT_2M-20260226_023301/checkpoint-12500,obj2_closer,output/phasevar_5/0007_phA05_phB04.png,Is the yellow cube closer to the camera than the magenta cube? Answer with yes or no.,Yes,Yes,24.359375,19.15625,True
/data/shared/Qwen/mydisk/output/SYNTHETIC/NVILA-Lite-2B-SYNTHETIC_MIX_5PCT_2M-20260226_023301/checkpoint-12500,obj2_closer,output/phasevar_5/0007_phA05_phB05.png,Is the yellow cube closer to the camera than the magenta cube? Answer with yes or no.,Yes,Yes,24.0,19.0,True
/data/shared/Qwen/mydisk/output/SYNTHETIC/NVILA-Lite-2B-SYNTHETIC_MIX_5PCT_2M-20260226_023301/checkpoint-12500,obj2_closer,output/phasevar_5/0007_phA05_phB06.png,Is the yellow cube closer to the camera than the magenta cube? Answer with yes or no.,Yes,Yes,22.71875,17.75,True
/data/shared/Qwen/mydisk/output/SYNTHETIC/NVILA-Lite-2B-SYNTHETIC_MIX_5PCT_2M-20260226_023301/checkpoint-12500,obj2_closer,output/phasevar_5/0007_phA05_phB07.png,Is the yellow cube closer to the camera than the magenta cube? Answer with yes or no.,Yes,Yes,20.953125,16.84375,True
/data/shared/Qwen/mydisk/output/SYNTHETIC/NVILA-Lite-2B-SYNTHETIC_MIX_5PCT_2M-20260226_023301/checkpoint-12500,obj2_closer,output/phasevar_5/0007_phA05_phB08.png,Is the yellow cube closer to the camera than the magenta cube? Answer with yes or no.,Yes,Yes,21.453125,16.984375,True
/data/shared/Qwen/mydisk/output/SYNTHETIC/NVILA-Lite-2B-SYNTHETIC_MIX_5PCT_2M-20260226_023301/checkpoint-12500,obj2_closer,output/phasevar_5/0007_phA05_phB09.png,Is the yellow cube closer to the camera than the magenta cube? Answer with yes or no.,Yes,Yes,21.890625,17.703125,True
/data/shared/Qwen/mydisk/output/SYNTHETIC/NVILA-Lite-2B-SYNTHETIC_MIX_5PCT_2M-20260226_023301/checkpoint-12500,obj2_closer,output/phasevar_5/0007_phA05_phB10.png,Is the yellow cube closer to the camera than the magenta cube? Answer with yes or no.,Yes,Yes,22.609375,17.984375,True
/data/shared/Qwen/mydisk/output/SYNTHETIC/NVILA-Lite-2B-SYNTHETIC_MIX_5PCT_2M-20260226_023301/checkpoint-12500,obj2_closer,output/phasevar_5/0007_phA05_phB11.png,Is the yellow cube closer to the camera than the magenta cube? Answer with yes or no.,Yes,Yes,22.984375,17.890625,True
/data/shared/Qwen/mydisk/output/SYNTHETIC/NVILA-Lite-2B-SYNTHETIC_MIX_5PCT_2M-20260226_023301/checkpoint-12500,obj2_closer,output/phasevar_5/0007_phA05_phB12.png,Is the yellow cube closer to the camera than the magenta cube? Answer with yes or no.,Yes,Yes,23.28125,18.125,True
/data/shared/Qwen/mydisk/output/SYNTHETIC/NVILA-Lite-2B-SYNTHETIC_MIX_5PCT_2M-20260226_023301/checkpoint-12500,obj2_closer,output/phasevar_5/0007_phA05_phB13.png,Is the yellow cube closer to the camera than the magenta cube? Answer with yes or no.,Yes,Yes,23.125,18.46875,True
/data/shared/Qwen/mydisk/output/SYNTHETIC/NVILA-Lite-2B-SYNTHETIC_MIX_5PCT_2M-20260226_023301/checkpoint-12500,obj2_closer,output/phasevar_5/0007_phA05_phB14.png,Is the yellow cube closer to the camera than the magenta cube? Answer with yes or no.,Yes,Yes,22.40625,18.375,True
/data/shared/Qwen/mydisk/output/SYNTHETIC/NVILA-Lite-2B-SYNTHETIC_MIX_5PCT_2M-20260226_023301/checkpoint-12500,obj2_closer,output/phasevar_5/0007_phA05_phB15.png,Is the yellow cube closer to the camera than the magenta cube? Answer with yes or no.,Yes,Yes,21.90625,18.515625,True
/data/shared/Qwen/mydisk/output/SYNTHETIC/NVILA-Lite-2B-SYNTHETIC_MIX_5PCT_2M-20260226_023301/checkpoint-12500,obj2_closer,output/phasevar_5/0007_phA06_phB00.png,Is the yellow cube closer to the camera than the magenta cube? Answer with yes or no.,Yes,Yes,19.84375,18.15625,True
/data/shared/Qwen/mydisk/output/SYNTHETIC/NVILA-Lite-2B-SYNTHETIC_MIX_5PCT_2M-20260226_023301/checkpoint-12500,obj2_closer,output/phasevar_5/0007_phA06_phB01.png,Is the yellow cube closer to the camera than the magenta cube? Answer with yes or no.,Yes,Yes,20.40625,18.234375,True
/data/shared/Qwen/mydisk/output/SYNTHETIC/NVILA-Lite-2B-SYNTHETIC_MIX_5PCT_2M-20260226_023301/checkpoint-12500,obj2_closer,output/phasevar_5/0007_phA06_phB02.png,Is the yellow cube closer to the camera than the magenta cube? Answer with yes or no.,Yes,Yes,21.46875,18.84375,True
/data/shared/Qwen/mydisk/output/SYNTHETIC/NVILA-Lite-2B-SYNTHETIC_MIX_5PCT_2M-20260226_023301/checkpoint-12500,obj2_closer,output/phasevar_5/0007_phA06_phB03.png,Is the yellow cube closer to the camera than the magenta cube? Answer with yes or no.,Yes,Yes,22.078125,19.09375,True
/data/shared/Qwen/mydisk/output/SYNTHETIC/NVILA-Lite-2B-SYNTHETIC_MIX_5PCT_2M-20260226_023301/checkpoint-12500,obj2_closer,output/phasevar_5/0007_phA06_phB04.png,Is the yellow cube closer to the camera than the magenta cube? Answer with yes or no.,Yes,Yes,22.875,19.25,True
/data/shared/Qwen/mydisk/output/SYNTHETIC/NVILA-Lite-2B-SYNTHETIC_MIX_5PCT_2M-20260226_023301/checkpoint-12500,obj2_closer,output/phasevar_5/0007_phA06_phB05.png,Is the yellow cube closer to the camera than the magenta cube? Answer with yes or no.,Yes,Yes,21.8125,18.8125,True
/data/shared/Qwen/mydisk/output/SYNTHETIC/NVILA-Lite-2B-SYNTHETIC_MIX_5PCT_2M-20260226_023301/checkpoint-12500,obj2_closer,output/phasevar_5/0007_phA06_phB06.png,Is the yellow cube closer to the camera than the magenta cube? Answer with yes or no.,Yes,Yes,22.109375,18.140625,True
/data/shared/Qwen/mydisk/output/SYNTHETIC/NVILA-Lite-2B-SYNTHETIC_MIX_5PCT_2M-20260226_023301/checkpoint-12500,obj2_closer,output/phasevar_5/0007_phA06_phB07.png,Is the yellow cube closer to the camera than the magenta cube? Answer with yes or no.,Yes,Yes,20.109375,17.078125,True
/data/shared/Qwen/mydisk/output/SYNTHETIC/NVILA-Lite-2B-SYNTHETIC_MIX_5PCT_2M-20260226_023301/checkpoint-12500,obj2_closer,output/phasevar_5/0007_phA06_phB08.png,Is the yellow cube closer to the camera than the magenta cube? Answer with yes or no.,Yes,Yes,19.78125,17.078125,True
/data/shared/Qwen/mydisk/output/SYNTHETIC/NVILA-Lite-2B-SYNTHETIC_MIX_5PCT_2M-20260226_023301/checkpoint-12500,obj2_closer,output/phasevar_5/0007_phA06_phB09.png,Is the yellow cube closer to the camera than the magenta cube? Answer with yes or no.,Yes,Yes,19.984375,17.78125,True
/data/shared/Qwen/mydisk/output/SYNTHETIC/NVILA-Lite-2B-SYNTHETIC_MIX_5PCT_2M-20260226_023301/checkpoint-12500,obj2_closer,output/phasevar_5/0007_phA06_phB10.png,Is the yellow cube closer to the camera than the magenta cube? Answer with yes or no.,Yes,Yes,21.265625,18.390625,True
/data/shared/Qwen/mydisk/output/SYNTHETIC/NVILA-Lite-2B-SYNTHETIC_MIX_5PCT_2M-20260226_023301/checkpoint-12500,obj2_closer,output/phasevar_5/0007_phA06_phB11.png,Is the yellow cube closer to the camera than the magenta cube? Answer with yes or no.,Yes,Yes,21.453125,18.796875,True
/data/shared/Qwen/mydisk/output/SYNTHETIC/NVILA-Lite-2B-SYNTHETIC_MIX_5PCT_2M-20260226_023301/checkpoint-12500,obj2_closer,output/phasevar_5/0007_phA06_phB12.png,Is the yellow cube closer to the camera than the magenta cube? Answer with yes or no.,Yes,Yes,21.90625,19.1875,True
/data/shared/Qwen/mydisk/output/SYNTHETIC/NVILA-Lite-2B-SYNTHETIC_MIX_5PCT_2M-20260226_023301/checkpoint-12500,obj2_closer,output/phasevar_5/0007_phA06_phB13.png,Is the yellow cube closer to the camera than the magenta cube? Answer with yes or no.,Yes,Yes,21.59375,19.3125,True
/data/shared/Qwen/mydisk/output/SYNTHETIC/NVILA-Lite-2B-SYNTHETIC_MIX_5PCT_2M-20260226_023301/checkpoint-12500,obj2_closer,output/phasevar_5/0007_phA06_phB14.png,Is the yellow cube closer to the camera than the magenta cube? Answer with yes or no.,Yes,Yes,21.1875,18.78125,True
/data/shared/Qwen/mydisk/output/SYNTHETIC/NVILA-Lite-2B-SYNTHETIC_MIX_5PCT_2M-20260226_023301/checkpoint-12500,obj2_closer,output/phasevar_5/0007_phA06_phB15.png,Is the yellow cube closer to the camera than the magenta cube? Answer with yes or no.,Yes,Yes,20.78125,18.875,True
/data/shared/Qwen/mydisk/output/SYNTHETIC/NVILA-Lite-2B-SYNTHETIC_MIX_5PCT_2M-20260226_023301/checkpoint-12500,obj2_closer,output/phasevar_5/0007_phA07_phB00.png,Is the yellow cube closer to the camera than the magenta cube? Answer with yes or no.,Yes,Yes,20.109375,17.84375,True
/data/shared/Qwen/mydisk/output/SYNTHETIC/NVILA-Lite-2B-SYNTHETIC_MIX_5PCT_2M-20260226_023301/checkpoint-12500,obj2_closer,output/phasevar_5/0007_phA07_phB01.png,Is the yellow cube closer to the camera than the magenta cube? Answer with yes or no.,Yes,Yes,21.109375,18.171875,True
/data/shared/Qwen/mydisk/output/SYNTHETIC/NVILA-Lite-2B-SYNTHETIC_MIX_5PCT_2M-20260226_023301/checkpoint-12500,obj2_closer,output/phasevar_5/0007_phA07_phB02.png,Is the yellow cube closer to the camera than the magenta cube? Answer with yes or no.,Yes,Yes,21.515625,18.515625,True
/data/shared/Qwen/mydisk/output/SYNTHETIC/NVILA-Lite-2B-SYNTHETIC_MIX_5PCT_2M-20260226_023301/checkpoint-12500,obj2_closer,output/phasevar_5/0007_phA07_phB03.png,Is the yellow cube closer to the camera than the magenta cube? Answer with yes or no.,Yes,Yes,23.0,19.203125,True
/data/shared/Qwen/mydisk/output/SYNTHETIC/NVILA-Lite-2B-SYNTHETIC_MIX_5PCT_2M-20260226_023301/checkpoint-12500,obj2_closer,output/phasevar_5/0007_phA07_phB04.png,Is the yellow cube closer to the camera than the magenta cube? Answer with yes or no.,Yes,Yes,24.09375,19.1875,True
/data/shared/Qwen/mydisk/output/SYNTHETIC/NVILA-Lite-2B-SYNTHETIC_MIX_5PCT_2M-20260226_023301/checkpoint-12500,obj2_closer,output/phasevar_5/0007_phA07_phB05.png,Is the yellow cube closer to the camera than the magenta cube? Answer with yes or no.,Yes,Yes,23.984375,18.84375,True
/data/shared/Qwen/mydisk/output/SYNTHETIC/NVILA-Lite-2B-SYNTHETIC_MIX_5PCT_2M-20260226_023301/checkpoint-12500,obj2_closer,output/phasevar_5/0007_phA07_phB06.png,Is the yellow cube closer to the camera than the magenta cube? Answer with yes or no.,Yes,Yes,21.546875,17.234375,True
/data/shared/Qwen/mydisk/output/SYNTHETIC/NVILA-Lite-2B-SYNTHETIC_MIX_5PCT_2M-20260226_023301/checkpoint-12500,obj2_closer,output/phasevar_5/0007_phA07_phB07.png,Is the yellow cube closer to the camera than the magenta cube? Answer with yes or no.,Yes,Yes,20.71875,16.703125,True
/data/shared/Qwen/mydisk/output/SYNTHETIC/NVILA-Lite-2B-SYNTHETIC_MIX_5PCT_2M-20260226_023301/checkpoint-12500,obj2_closer,output/phasevar_5/0007_phA07_phB08.png,Is the yellow cube closer to the camera than the magenta cube? Answer with yes or no.,Yes,Yes,21.0,16.765625,True
/data/shared/Qwen/mydisk/output/SYNTHETIC/NVILA-Lite-2B-SYNTHETIC_MIX_5PCT_2M-20260226_023301/checkpoint-12500,obj2_closer,output/phasevar_5/0007_phA07_phB09.png,Is the yellow cube closer to the camera than the magenta cube? Answer with yes or no.,Yes,Yes,21.171875,17.234375,True
/data/shared/Qwen/mydisk/output/SYNTHETIC/NVILA-Lite-2B-SYNTHETIC_MIX_5PCT_2M-20260226_023301/checkpoint-12500,obj2_closer,output/phasevar_5/0007_phA07_phB10.png,Is the yellow cube closer to the camera than the magenta cube? Answer with yes or no.,Yes,Yes,21.578125,17.6875,True
/data/shared/Qwen/mydisk/output/SYNTHETIC/NVILA-Lite-2B-SYNTHETIC_MIX_5PCT_2M-20260226_023301/checkpoint-12500,obj2_closer,output/phasevar_5/0007_phA07_phB11.png,Is the yellow cube closer to the camera than the magenta cube? Answer with yes or no.,Yes,Yes,22.4375,18.0,True
/data/shared/Qwen/mydisk/output/SYNTHETIC/NVILA-Lite-2B-SYNTHETIC_MIX_5PCT_2M-20260226_023301/checkpoint-12500,obj2_closer,output/phasevar_5/0007_phA07_phB12.png,Is the yellow cube closer to the camera than the magenta cube? Answer with yes or no.,Yes,Yes,22.828125,18.359375,True
/data/shared/Qwen/mydisk/output/SYNTHETIC/NVILA-Lite-2B-SYNTHETIC_MIX_5PCT_2M-20260226_023301/checkpoint-12500,obj2_closer,output/phasevar_5/0007_phA07_phB13.png,Is the yellow cube closer to the camera than the magenta cube? Answer with yes or no.,Yes,Yes,22.4375,18.578125,True
/data/shared/Qwen/mydisk/output/SYNTHETIC/NVILA-Lite-2B-SYNTHETIC_MIX_5PCT_2M-20260226_023301/checkpoint-12500,obj2_closer,output/phasevar_5/0007_phA07_phB14.png,Is the yellow cube closer to the camera than the magenta cube? Answer with yes or no.,Yes,Yes,21.59375,18.25,True
/data/shared/Qwen/mydisk/output/SYNTHETIC/NVILA-Lite-2B-SYNTHETIC_MIX_5PCT_2M-20260226_023301/checkpoint-12500,obj2_closer,output/phasevar_5/0007_phA07_phB15.png,Is the yellow cube closer to the camera than the magenta cube? Answer with yes or no.,Yes,Yes,21.25,18.359375,True
/data/shared/Qwen/mydisk/output/SYNTHETIC/NVILA-Lite-2B-SYNTHETIC_MIX_5PCT_2M-20260226_023301/checkpoint-12500,obj2_closer,output/phasevar_5/0007_phA08_phB00.png,Is the yellow cube closer to the camera than the magenta cube? Answer with yes or no.,Yes,Yes,20.703125,18.25,True
/data/shared/Qwen/mydisk/output/SYNTHETIC/NVILA-Lite-2B-SYNTHETIC_MIX_5PCT_2M-20260226_023301/checkpoint-12500,obj2_closer,output/phasevar_5/0007_phA08_phB01.png,Is the yellow cube closer to the camera than the magenta cube? Answer with yes or no.,Yes,Yes,21.78125,18.71875,True
/data/shared/Qwen/mydisk/output/SYNTHETIC/NVILA-Lite-2B-SYNTHETIC_MIX_5PCT_2M-20260226_023301/checkpoint-12500,obj2_closer,output/phasevar_5/0007_phA08_phB02.png,Is the yellow cube closer to the camera than the magenta cube? Answer with yes or no.,Yes,Yes,22.390625,19.0625,True
/data/shared/Qwen/mydisk/output/SYNTHETIC/NVILA-Lite-2B-SYNTHETIC_MIX_5PCT_2M-20260226_023301/checkpoint-12500,obj2_closer,output/phasevar_5/0007_phA08_phB03.png,Is the yellow cube closer to the camera than the magenta cube? Answer with yes or no.,Yes,Yes,23.734375,19.71875,True
/data/shared/Qwen/mydisk/output/SYNTHETIC/NVILA-Lite-2B-SYNTHETIC_MIX_5PCT_2M-20260226_023301/checkpoint-12500,obj2_closer,output/phasevar_5/0007_phA08_phB04.png,Is the yellow cube closer to the camera than the magenta cube? Answer with yes or no.,Yes,Yes,24.953125,19.984375,True
/data/shared/Qwen/mydisk/output/SYNTHETIC/NVILA-Lite-2B-SYNTHETIC_MIX_5PCT_2M-20260226_023301/checkpoint-12500,obj2_closer,output/phasevar_5/0007_phA08_phB05.png,Is the yellow cube closer to the camera than the magenta cube? Answer with yes or no.,Yes,Yes,25.171875,20.015625,True
/data/shared/Qwen/mydisk/output/SYNTHETIC/NVILA-Lite-2B-SYNTHETIC_MIX_5PCT_2M-20260226_023301/checkpoint-12500,obj2_closer,output/phasevar_5/0007_phA08_phB06.png,Is the yellow cube closer to the camera than the magenta cube? Answer with yes or no.,Yes,Yes,22.59375,18.1875,True
/data/shared/Qwen/mydisk/output/SYNTHETIC/NVILA-Lite-2B-SYNTHETIC_MIX_5PCT_2M-20260226_023301/checkpoint-12500,obj2_closer,output/phasevar_5/0007_phA08_phB07.png,Is the yellow cube closer to the camera than the magenta cube? Answer with yes or no.,Yes,Yes,21.578125,17.546875,True
/data/shared/Qwen/mydisk/output/SYNTHETIC/NVILA-Lite-2B-SYNTHETIC_MIX_5PCT_2M-20260226_023301/checkpoint-12500,obj2_closer,output/phasevar_5/0007_phA08_phB08.png,Is the yellow cube closer to the camera than the magenta cube? Answer with yes or no.,Yes,Yes,21.5625,17.296875,True
/data/shared/Qwen/mydisk/output/SYNTHETIC/NVILA-Lite-2B-SYNTHETIC_MIX_5PCT_2M-20260226_023301/checkpoint-12500,obj2_closer,output/phasevar_5/0007_phA08_phB09.png,Is the yellow cube closer to the camera than the magenta cube? Answer with yes or no.,Yes,Yes,21.6875,17.53125,True
/data/shared/Qwen/mydisk/output/SYNTHETIC/NVILA-Lite-2B-SYNTHETIC_MIX_5PCT_2M-20260226_023301/checkpoint-12500,obj2_closer,output/phasevar_5/0007_phA08_phB10.png,Is the yellow cube closer to the camera than the magenta cube? Answer with yes or no.,Yes,Yes,22.015625,18.0625,True
/data/shared/Qwen/mydisk/output/SYNTHETIC/NVILA-Lite-2B-SYNTHETIC_MIX_5PCT_2M-20260226_023301/checkpoint-12500,obj2_closer,output/phasevar_5/0007_phA08_phB11.png,Is the yellow cube closer to the camera than the magenta cube? Answer with yes or no.,Yes,Yes,22.84375,18.5,True
/data/shared/Qwen/mydisk/output/SYNTHETIC/NVILA-Lite-2B-SYNTHETIC_MIX_5PCT_2M-20260226_023301/checkpoint-12500,obj2_closer,output/phasevar_5/0007_phA08_phB12.png,Is the yellow cube closer to the camera than the magenta cube? Answer with yes or no.,Yes,Yes,23.0625,18.953125,True
/data/shared/Qwen/mydisk/output/SYNTHETIC/NVILA-Lite-2B-SYNTHETIC_MIX_5PCT_2M-20260226_023301/checkpoint-12500,obj2_closer,output/phasevar_5/0007_phA08_phB13.png,Is the yellow cube closer to the camera than the magenta cube? Answer with yes or no.,Yes,Yes,22.59375,19.25,True
/data/shared/Qwen/mydisk/output/SYNTHETIC/NVILA-Lite-2B-SYNTHETIC_MIX_5PCT_2M-20260226_023301/checkpoint-12500,obj2_closer,output/phasevar_5/0007_phA08_phB14.png,Is the yellow cube closer to the camera than the magenta cube? Answer with yes or no.,Yes,Yes,22.3125,18.859375,True
/data/shared/Qwen/mydisk/output/SYNTHETIC/NVILA-Lite-2B-SYNTHETIC_MIX_5PCT_2M-20260226_023301/checkpoint-12500,obj2_closer,output/phasevar_5/0007_phA08_phB15.png,Is the yellow cube closer to the camera than the magenta cube? Answer with yes or no.,Yes,Yes,21.828125,18.953125,True
/data/shared/Qwen/mydisk/output/SYNTHETIC/NVILA-Lite-2B-SYNTHETIC_MIX_5PCT_2M-20260226_023301/checkpoint-12500,obj2_closer,output/phasevar_5/0007_phA09_phB00.png,Is the yellow cube closer to the camera than the magenta cube? Answer with yes or no.,Yes,Yes,21.171875,18.546875,True
/data/shared/Qwen/mydisk/output/SYNTHETIC/NVILA-Lite-2B-SYNTHETIC_MIX_5PCT_2M-20260226_023301/checkpoint-12500,obj2_closer,output/phasevar_5/0007_phA09_phB01.png,Is the yellow cube closer to the camera than the magenta cube? Answer with yes or no.,Yes,Yes,22.234375,19.046875,True
/data/shared/Qwen/mydisk/output/SYNTHETIC/NVILA-Lite-2B-SYNTHETIC_MIX_5PCT_2M-20260226_023301/checkpoint-12500,obj2_closer,output/phasevar_5/0007_phA09_phB02.png,Is the yellow cube closer to the camera than the magenta cube? Answer with yes or no.,Yes,Yes,22.765625,19.34375,True
/data/shared/Qwen/mydisk/output/SYNTHETIC/NVILA-Lite-2B-SYNTHETIC_MIX_5PCT_2M-20260226_023301/checkpoint-12500,obj2_closer,output/phasevar_5/0007_phA09_phB03.png,Is the yellow cube closer to the camera than the magenta cube? Answer with yes or no.,Yes,Yes,24.203125,19.96875,True
/data/shared/Qwen/mydisk/output/SYNTHETIC/NVILA-Lite-2B-SYNTHETIC_MIX_5PCT_2M-20260226_023301/checkpoint-12500,obj2_closer,output/phasevar_5/0007_phA09_phB04.png,Is the yellow cube closer to the camera than the magenta cube? Answer with yes or no.,Yes,Yes,25.09375,20.234375,True
/data/shared/Qwen/mydisk/output/SYNTHETIC/NVILA-Lite-2B-SYNTHETIC_MIX_5PCT_2M-20260226_023301/checkpoint-12500,obj2_closer,output/phasevar_5/0007_phA09_phB05.png,Is the yellow cube closer to the camera than the magenta cube? Answer with yes or no.,Yes,Yes,25.390625,20.515625,True
/data/shared/Qwen/mydisk/output/SYNTHETIC/NVILA-Lite-2B-SYNTHETIC_MIX_5PCT_2M-20260226_023301/checkpoint-12500,obj2_closer,output/phasevar_5/0007_phA09_phB06.png,Is the yellow cube closer to the camera than the magenta cube? Answer with yes or no.,Yes,Yes,23.015625,18.8125,True
/data/shared/Qwen/mydisk/output/SYNTHETIC/NVILA-Lite-2B-SYNTHETIC_MIX_5PCT_2M-20260226_023301/checkpoint-12500,obj2_closer,output/phasevar_5/0007_phA09_phB07.png,Is the yellow cube closer to the camera than the magenta cube? Answer with yes or no.,Yes,Yes,21.703125,17.90625,True
/data/shared/Qwen/mydisk/output/SYNTHETIC/NVILA-Lite-2B-SYNTHETIC_MIX_5PCT_2M-20260226_023301/checkpoint-12500,obj2_closer,output/phasevar_5/0007_phA09_phB08.png,Is the yellow cube closer to the camera than the magenta cube? Answer with yes or no.,Yes,Yes,21.953125,17.828125,True
/data/shared/Qwen/mydisk/output/SYNTHETIC/NVILA-Lite-2B-SYNTHETIC_MIX_5PCT_2M-20260226_023301/checkpoint-12500,obj2_closer,output/phasevar_5/0007_phA09_phB09.png,Is the yellow cube closer to the camera than the magenta cube? Answer with yes or no.,Yes,Yes,21.9375,17.71875,True
/data/shared/Qwen/mydisk/output/SYNTHETIC/NVILA-Lite-2B-SYNTHETIC_MIX_5PCT_2M-20260226_023301/checkpoint-12500,obj2_closer,output/phasevar_5/0007_phA09_phB10.png,Is the yellow cube closer to the camera than the magenta cube? Answer with yes or no.,Yes,Yes,22.109375,18.171875,True
/data/shared/Qwen/mydisk/output/SYNTHETIC/NVILA-Lite-2B-SYNTHETIC_MIX_5PCT_2M-20260226_023301/checkpoint-12500,obj2_closer,output/phasevar_5/0007_phA09_phB11.png,Is the yellow cube closer to the camera than the magenta cube? Answer with yes or no.,Yes,Yes,23.078125,18.484375,True
/data/shared/Qwen/mydisk/output/SYNTHETIC/NVILA-Lite-2B-SYNTHETIC_MIX_5PCT_2M-20260226_023301/checkpoint-12500,obj2_closer,output/phasevar_5/0007_phA09_phB12.png,Is the yellow cube closer to the camera than the magenta cube? Answer with yes or no.,Yes,Yes,23.421875,19.046875,True
/data/shared/Qwen/mydisk/output/SYNTHETIC/NVILA-Lite-2B-SYNTHETIC_MIX_5PCT_2M-20260226_023301/checkpoint-12500,obj2_closer,output/phasevar_5/0007_phA09_phB13.png,Is the yellow cube closer to the camera than the magenta cube? Answer with yes or no.,Yes,Yes,22.765625,19.234375,True
/data/shared/Qwen/mydisk/output/SYNTHETIC/NVILA-Lite-2B-SYNTHETIC_MIX_5PCT_2M-20260226_023301/checkpoint-12500,obj2_closer,output/phasevar_5/0007_phA09_phB14.png,Is the yellow cube closer to the camera than the magenta cube? Answer with yes or no.,Yes,Yes,22.53125,19.078125,True
/data/shared/Qwen/mydisk/output/SYNTHETIC/NVILA-Lite-2B-SYNTHETIC_MIX_5PCT_2M-20260226_023301/checkpoint-12500,obj2_closer,output/phasevar_5/0007_phA09_phB15.png,Is the yellow cube closer to the camera than the magenta cube? Answer with yes or no.,Yes,Yes,22.25,19.15625,True
/data/shared/Qwen/mydisk/output/SYNTHETIC/NVILA-Lite-2B-SYNTHETIC_MIX_5PCT_2M-20260226_023301/checkpoint-12500,obj2_closer,output/phasevar_5/0007_phA10_phB00.png,Is the yellow cube closer to the camera than the magenta cube? Answer with yes or no.,Yes,Yes,21.359375,18.65625,True
/data/shared/Qwen/mydisk/output/SYNTHETIC/NVILA-Lite-2B-SYNTHETIC_MIX_5PCT_2M-20260226_023301/checkpoint-12500,obj2_closer,output/phasevar_5/0007_phA10_phB01.png,Is the yellow cube closer to the camera than the magenta cube? Answer with yes or no.,Yes,Yes,22.046875,18.984375,True
/data/shared/Qwen/mydisk/output/SYNTHETIC/NVILA-Lite-2B-SYNTHETIC_MIX_5PCT_2M-20260226_023301/checkpoint-12500,obj2_closer,output/phasevar_5/0007_phA10_phB02.png,Is the yellow cube closer to the camera than the magenta cube? Answer with yes or no.,Yes,Yes,22.734375,19.34375,True
/data/shared/Qwen/mydisk/output/SYNTHETIC/NVILA-Lite-2B-SYNTHETIC_MIX_5PCT_2M-20260226_023301/checkpoint-12500,obj2_closer,output/phasevar_5/0007_phA10_phB03.png,Is the yellow cube closer to the camera than the magenta cube? Answer with yes or no.,Yes,Yes,23.953125,19.96875,True
/data/shared/Qwen/mydisk/output/SYNTHETIC/NVILA-Lite-2B-SYNTHETIC_MIX_5PCT_2M-20260226_023301/checkpoint-12500,obj2_closer,output/phasevar_5/0007_phA10_phB04.png,Is the yellow cube closer to the camera than the magenta cube? Answer with yes or no.,Yes,Yes,25.015625,20.328125,True
/data/shared/Qwen/mydisk/output/SYNTHETIC/NVILA-Lite-2B-SYNTHETIC_MIX_5PCT_2M-20260226_023301/checkpoint-12500,obj2_closer,output/phasevar_5/0007_phA10_phB05.png,Is the yellow cube closer to the camera than the magenta cube? Answer with yes or no.,Yes,Yes,25.953125,20.90625,True
/data/shared/Qwen/mydisk/output/SYNTHETIC/NVILA-Lite-2B-SYNTHETIC_MIX_5PCT_2M-20260226_023301/checkpoint-12500,obj2_closer,output/phasevar_5/0007_phA10_phB06.png,Is the yellow cube closer to the camera than the magenta cube? Answer with yes or no.,Yes,Yes,23.75,19.203125,True
/data/shared/Qwen/mydisk/output/SYNTHETIC/NVILA-Lite-2B-SYNTHETIC_MIX_5PCT_2M-20260226_023301/checkpoint-12500,obj2_closer,output/phasevar_5/0007_phA10_phB07.png,Is the yellow cube closer to the camera than the magenta cube? Answer with yes or no.,Yes,Yes,21.75,18.03125,True
/data/shared/Qwen/mydisk/output/SYNTHETIC/NVILA-Lite-2B-SYNTHETIC_MIX_5PCT_2M-20260226_023301/checkpoint-12500,obj2_closer,output/phasevar_5/0007_phA10_phB08.png,Is the yellow cube closer to the camera than the magenta cube? Answer with yes or no.,Yes,Yes,22.0625,18.046875,True
/data/shared/Qwen/mydisk/output/SYNTHETIC/NVILA-Lite-2B-SYNTHETIC_MIX_5PCT_2M-20260226_023301/checkpoint-12500,obj2_closer,output/phasevar_5/0007_phA10_phB09.png,Is the yellow cube closer to the camera than the magenta cube? Answer with yes or no.,Yes,Yes,21.59375,17.84375,True
/data/shared/Qwen/mydisk/output/SYNTHETIC/NVILA-Lite-2B-SYNTHETIC_MIX_5PCT_2M-20260226_023301/checkpoint-12500,obj2_closer,output/phasevar_5/0007_phA10_phB10.png,Is the yellow cube closer to the camera than the magenta cube? Answer with yes or no.,Yes,Yes,22.109375,18.015625,True
/data/shared/Qwen/mydisk/output/SYNTHETIC/NVILA-Lite-2B-SYNTHETIC_MIX_5PCT_2M-20260226_023301/checkpoint-12500,obj2_closer,output/phasevar_5/0007_phA10_phB11.png,Is the yellow cube closer to the camera than the magenta cube? Answer with yes or no.,Yes,Yes,23.234375,18.34375,True
/data/shared/Qwen/mydisk/output/SYNTHETIC/NVILA-Lite-2B-SYNTHETIC_MIX_5PCT_2M-20260226_023301/checkpoint-12500,obj2_closer,output/phasevar_5/0007_phA10_phB12.png,Is the yellow cube closer to the camera than the magenta cube? Answer with yes or no.,Yes,Yes,23.296875,18.703125,True
/data/shared/Qwen/mydisk/output/SYNTHETIC/NVILA-Lite-2B-SYNTHETIC_MIX_5PCT_2M-20260226_023301/checkpoint-12500,obj2_closer,output/phasevar_5/0007_phA10_phB13.png,Is the yellow cube closer to the camera than the magenta cube? Answer with yes or no.,Yes,Yes,22.890625,19.109375,True
/data/shared/Qwen/mydisk/output/SYNTHETIC/NVILA-Lite-2B-SYNTHETIC_MIX_5PCT_2M-20260226_023301/checkpoint-12500,obj2_closer,output/phasevar_5/0007_phA10_phB14.png,Is the yellow cube closer to the camera than the magenta cube? Answer with yes or no.,Yes,Yes,22.40625,18.96875,True
/data/shared/Qwen/mydisk/output/SYNTHETIC/NVILA-Lite-2B-SYNTHETIC_MIX_5PCT_2M-20260226_023301/checkpoint-12500,obj2_closer,output/phasevar_5/0007_phA10_phB15.png,Is the yellow cube closer to the camera than the magenta cube? Answer with yes or no.,Yes,Yes,22.265625,19.125,True
/data/shared/Qwen/mydisk/output/SYNTHETIC/NVILA-Lite-2B-SYNTHETIC_MIX_5PCT_2M-20260226_023301/checkpoint-12500,obj2_closer,output/phasevar_5/0007_phA11_phB00.png,Is the yellow cube closer to the camera than the magenta cube? Answer with yes or no.,Yes,Yes,21.703125,18.625,True
/data/shared/Qwen/mydisk/output/SYNTHETIC/NVILA-Lite-2B-SYNTHETIC_MIX_5PCT_2M-20260226_023301/checkpoint-12500,obj2_closer,output/phasevar_5/0007_phA11_phB01.png,Is the yellow cube closer to the camera than the magenta cube? Answer with yes or no.,Yes,Yes,22.484375,18.953125,True
/data/shared/Qwen/mydisk/output/SYNTHETIC/NVILA-Lite-2B-SYNTHETIC_MIX_5PCT_2M-20260226_023301/checkpoint-12500,obj2_closer,output/phasevar_5/0007_phA11_phB02.png,Is the yellow cube closer to the camera than the magenta cube? Answer with yes or no.,Yes,Yes,23.03125,19.25,True
/data/shared/Qwen/mydisk/output/SYNTHETIC/NVILA-Lite-2B-SYNTHETIC_MIX_5PCT_2M-20260226_023301/checkpoint-12500,obj2_closer,output/phasevar_5/0007_phA11_phB03.png,Is the yellow cube closer to the camera than the magenta cube? Answer with yes or no.,Yes,Yes,24.28125,19.84375,True
/data/shared/Qwen/mydisk/output/SYNTHETIC/NVILA-Lite-2B-SYNTHETIC_MIX_5PCT_2M-20260226_023301/checkpoint-12500,obj2_closer,output/phasevar_5/0007_phA11_phB04.png,Is the yellow cube closer to the camera than the magenta cube? Answer with yes or no.,Yes,Yes,25.09375,20.078125,True
/data/shared/Qwen/mydisk/output/SYNTHETIC/NVILA-Lite-2B-SYNTHETIC_MIX_5PCT_2M-20260226_023301/checkpoint-12500,obj2_closer,output/phasevar_5/0007_phA11_phB05.png,Is the yellow cube closer to the camera than the magenta cube? Answer with yes or no.,Yes,Yes,25.6875,20.484375,True
/data/shared/Qwen/mydisk/output/SYNTHETIC/NVILA-Lite-2B-SYNTHETIC_MIX_5PCT_2M-20260226_023301/checkpoint-12500,obj2_closer,output/phasevar_5/0007_phA11_phB06.png,Is the yellow cube closer to the camera than the magenta cube? Answer with yes or no.,Yes,Yes,23.78125,18.984375,True
/data/shared/Qwen/mydisk/output/SYNTHETIC/NVILA-Lite-2B-SYNTHETIC_MIX_5PCT_2M-20260226_023301/checkpoint-12500,obj2_closer,output/phasevar_5/0007_phA11_phB07.png,Is the yellow cube closer to the camera than the magenta cube? Answer with yes or no.,Yes,Yes,21.75,17.6875,True
/data/shared/Qwen/mydisk/output/SYNTHETIC/NVILA-Lite-2B-SYNTHETIC_MIX_5PCT_2M-20260226_023301/checkpoint-12500,obj2_closer,output/phasevar_5/0007_phA11_phB08.png,Is the yellow cube closer to the camera than the magenta cube? Answer with yes or no.,Yes,Yes,21.921875,17.6875,True
/data/shared/Qwen/mydisk/output/SYNTHETIC/NVILA-Lite-2B-SYNTHETIC_MIX_5PCT_2M-20260226_023301/checkpoint-12500,obj2_closer,output/phasevar_5/0007_phA11_phB09.png,Is the yellow cube closer to the camera than the magenta cube? Answer with yes or no.,Yes,Yes,21.828125,17.765625,True
/data/shared/Qwen/mydisk/output/SYNTHETIC/NVILA-Lite-2B-SYNTHETIC_MIX_5PCT_2M-20260226_023301/checkpoint-12500,obj2_closer,output/phasevar_5/0007_phA11_phB10.png,Is the yellow cube closer to the camera than the magenta cube? Answer with yes or no.,Yes,Yes,22.375,18.0,True
/data/shared/Qwen/mydisk/output/SYNTHETIC/NVILA-Lite-2B-SYNTHETIC_MIX_5PCT_2M-20260226_023301/checkpoint-12500,obj2_closer,output/phasevar_5/0007_phA11_phB11.png,Is the yellow cube closer to the camera than the magenta cube? Answer with yes or no.,Yes,Yes,22.796875,18.0625,True
/data/shared/Qwen/mydisk/output/SYNTHETIC/NVILA-Lite-2B-SYNTHETIC_MIX_5PCT_2M-20260226_023301/checkpoint-12500,obj2_closer,output/phasevar_5/0007_phA11_phB12.png,Is the yellow cube closer to the camera than the magenta cube? Answer with yes or no.,Yes,Yes,23.25,18.4375,True
/data/shared/Qwen/mydisk/output/SYNTHETIC/NVILA-Lite-2B-SYNTHETIC_MIX_5PCT_2M-20260226_023301/checkpoint-12500,obj2_closer,output/phasevar_5/0007_phA11_phB13.png,Is the yellow cube closer to the camera than the magenta cube? Answer with yes or no.,Yes,Yes,23.046875,18.78125,True
/data/shared/Qwen/mydisk/output/SYNTHETIC/NVILA-Lite-2B-SYNTHETIC_MIX_5PCT_2M-20260226_023301/checkpoint-12500,obj2_closer,output/phasevar_5/0007_phA11_phB14.png,Is the yellow cube closer to the camera than the magenta cube? Answer with yes or no.,Yes,Yes,22.609375,18.734375,True
/data/shared/Qwen/mydisk/output/SYNTHETIC/NVILA-Lite-2B-SYNTHETIC_MIX_5PCT_2M-20260226_023301/checkpoint-12500,obj2_closer,output/phasevar_5/0007_phA11_phB15.png,Is the yellow cube closer to the camera than the magenta cube? Answer with yes or no.,Yes,Yes,22.5625,18.953125,True
/data/shared/Qwen/mydisk/output/SYNTHETIC/NVILA-Lite-2B-SYNTHETIC_MIX_5PCT_2M-20260226_023301/checkpoint-12500,obj2_closer,output/phasevar_5/0007_phA12_phB00.png,Is the yellow cube closer to the camera than the magenta cube? Answer with yes or no.,Yes,Yes,21.015625,18.453125,True
/data/shared/Qwen/mydisk/output/SYNTHETIC/NVILA-Lite-2B-SYNTHETIC_MIX_5PCT_2M-20260226_023301/checkpoint-12500,obj2_closer,output/phasevar_5/0007_phA12_phB01.png,Is the yellow cube closer to the camera than the magenta cube? Answer with yes or no.,Yes,Yes,21.703125,18.796875,True
/data/shared/Qwen/mydisk/output/SYNTHETIC/NVILA-Lite-2B-SYNTHETIC_MIX_5PCT_2M-20260226_023301/checkpoint-12500,obj2_closer,output/phasevar_5/0007_phA12_phB02.png,Is the yellow cube closer to the camera than the magenta cube? Answer with yes or no.,Yes,Yes,22.109375,19.078125,True
/data/shared/Qwen/mydisk/output/SYNTHETIC/NVILA-Lite-2B-SYNTHETIC_MIX_5PCT_2M-20260226_023301/checkpoint-12500,obj2_closer,output/phasevar_5/0007_phA12_phB03.png,Is the yellow cube closer to the camera than the magenta cube? Answer with yes or no.,Yes,Yes,23.3125,19.5625,True
/data/shared/Qwen/mydisk/output/SYNTHETIC/NVILA-Lite-2B-SYNTHETIC_MIX_5PCT_2M-20260226_023301/checkpoint-12500,obj2_closer,output/phasevar_5/0007_phA12_phB04.png,Is the yellow cube closer to the camera than the magenta cube? Answer with yes or no.,Yes,Yes,24.3125,19.890625,True
/data/shared/Qwen/mydisk/output/SYNTHETIC/NVILA-Lite-2B-SYNTHETIC_MIX_5PCT_2M-20260226_023301/checkpoint-12500,obj2_closer,output/phasevar_5/0007_phA12_phB05.png,Is the yellow cube closer to the camera than the magenta cube? Answer with yes or no.,Yes,Yes,25.03125,20.375,True
/data/shared/Qwen/mydisk/output/SYNTHETIC/NVILA-Lite-2B-SYNTHETIC_MIX_5PCT_2M-20260226_023301/checkpoint-12500,obj2_closer,output/phasevar_5/0007_phA12_phB06.png,Is the yellow cube closer to the camera than the magenta cube? Answer with yes or no.,Yes,Yes,23.40625,19.09375,True
/data/shared/Qwen/mydisk/output/SYNTHETIC/NVILA-Lite-2B-SYNTHETIC_MIX_5PCT_2M-20260226_023301/checkpoint-12500,obj2_closer,output/phasevar_5/0007_phA12_phB07.png,Is the yellow cube closer to the camera than the magenta cube? Answer with yes or no.,Yes,Yes,21.46875,17.875,True
/data/shared/Qwen/mydisk/output/SYNTHETIC/NVILA-Lite-2B-SYNTHETIC_MIX_5PCT_2M-20260226_023301/checkpoint-12500,obj2_closer,output/phasevar_5/0007_phA12_phB08.png,Is the yellow cube closer to the camera than the magenta cube? Answer with yes or no.,Yes,Yes,21.65625,17.890625,True
/data/shared/Qwen/mydisk/output/SYNTHETIC/NVILA-Lite-2B-SYNTHETIC_MIX_5PCT_2M-20260226_023301/checkpoint-12500,obj2_closer,output/phasevar_5/0007_phA12_phB09.png,Is the yellow cube closer to the camera than the magenta cube? Answer with yes or no.,Yes,Yes,21.71875,18.078125,True
/data/shared/Qwen/mydisk/output/SYNTHETIC/NVILA-Lite-2B-SYNTHETIC_MIX_5PCT_2M-20260226_023301/checkpoint-12500,obj2_closer,output/phasevar_5/0007_phA12_phB10.png,Is the yellow cube closer to the camera than the magenta cube? Answer with yes or no.,Yes,Yes,22.1875,18.1875,True
/data/shared/Qwen/mydisk/output/SYNTHETIC/NVILA-Lite-2B-SYNTHETIC_MIX_5PCT_2M-20260226_023301/checkpoint-12500,obj2_closer,output/phasevar_5/0007_phA12_phB11.png,Is the yellow cube closer to the camera than the magenta cube? Answer with yes or no.,Yes,Yes,22.0,18.0,True
/data/shared/Qwen/mydisk/output/SYNTHETIC/NVILA-Lite-2B-SYNTHETIC_MIX_5PCT_2M-20260226_023301/checkpoint-12500,obj2_closer,output/phasevar_5/0007_phA12_phB12.png,Is the yellow cube closer to the camera than the magenta cube? Answer with yes or no.,Yes,Yes,22.5625,18.171875,True
/data/shared/Qwen/mydisk/output/SYNTHETIC/NVILA-Lite-2B-SYNTHETIC_MIX_5PCT_2M-20260226_023301/checkpoint-12500,obj2_closer,output/phasevar_5/0007_phA12_phB13.png,Is the yellow cube closer to the camera than the magenta cube? Answer with yes or no.,Yes,Yes,22.734375,18.75,True
/data/shared/Qwen/mydisk/output/SYNTHETIC/NVILA-Lite-2B-SYNTHETIC_MIX_5PCT_2M-20260226_023301/checkpoint-12500,obj2_closer,output/phasevar_5/0007_phA12_phB14.png,Is the yellow cube closer to the camera than the magenta cube? Answer with yes or no.,Yes,Yes,22.140625,18.71875,True
/data/shared/Qwen/mydisk/output/SYNTHETIC/NVILA-Lite-2B-SYNTHETIC_MIX_5PCT_2M-20260226_023301/checkpoint-12500,obj2_closer,output/phasevar_5/0007_phA12_phB15.png,Is the yellow cube closer to the camera than the magenta cube? Answer with yes or no.,Yes,Yes,21.921875,18.84375,True
/data/shared/Qwen/mydisk/output/SYNTHETIC/NVILA-Lite-2B-SYNTHETIC_MIX_5PCT_2M-20260226_023301/checkpoint-12500,obj2_closer,output/phasevar_5/0007_phA13_phB00.png,Is the yellow cube closer to the camera than the magenta cube? Answer with yes or no.,Yes,Yes,21.40625,18.5625,True
/data/shared/Qwen/mydisk/output/SYNTHETIC/NVILA-Lite-2B-SYNTHETIC_MIX_5PCT_2M-20260226_023301/checkpoint-12500,obj2_closer,output/phasevar_5/0007_phA13_phB01.png,Is the yellow cube closer to the camera than the magenta cube? Answer with yes or no.,Yes,Yes,21.96875,18.8125,True
/data/shared/Qwen/mydisk/output/SYNTHETIC/NVILA-Lite-2B-SYNTHETIC_MIX_5PCT_2M-20260226_023301/checkpoint-12500,obj2_closer,output/phasevar_5/0007_phA13_phB02.png,Is the yellow cube closer to the camera than the magenta cube? Answer with yes or no.,Yes,Yes,21.96875,18.890625,True
/data/shared/Qwen/mydisk/output/SYNTHETIC/NVILA-Lite-2B-SYNTHETIC_MIX_5PCT_2M-20260226_023301/checkpoint-12500,obj2_closer,output/phasevar_5/0007_phA13_phB03.png,Is the yellow cube closer to the camera than the magenta cube? Answer with yes or no.,Yes,Yes,23.5625,19.609375,True
/data/shared/Qwen/mydisk/output/SYNTHETIC/NVILA-Lite-2B-SYNTHETIC_MIX_5PCT_2M-20260226_023301/checkpoint-12500,obj2_closer,output/phasevar_5/0007_phA13_phB04.png,Is the yellow cube closer to the camera than the magenta cube? Answer with yes or no.,Yes,Yes,24.828125,20.078125,True
/data/shared/Qwen/mydisk/output/SYNTHETIC/NVILA-Lite-2B-SYNTHETIC_MIX_5PCT_2M-20260226_023301/checkpoint-12500,obj2_closer,output/phasevar_5/0007_phA13_phB05.png,Is the yellow cube closer to the camera than the magenta cube? Answer with yes or no.,Yes,Yes,25.109375,20.359375,True
/data/shared/Qwen/mydisk/output/SYNTHETIC/NVILA-Lite-2B-SYNTHETIC_MIX_5PCT_2M-20260226_023301/checkpoint-12500,obj2_closer,output/phasevar_5/0007_phA13_phB06.png,Is the yellow cube closer to the camera than the magenta cube? Answer with yes or no.,Yes,Yes,23.3125,18.8125,True
/data/shared/Qwen/mydisk/output/SYNTHETIC/NVILA-Lite-2B-SYNTHETIC_MIX_5PCT_2M-20260226_023301/checkpoint-12500,obj2_closer,output/phasevar_5/0007_phA13_phB07.png,Is the yellow cube closer to the camera than the magenta cube? Answer with yes or no.,Yes,Yes,21.859375,18.0,True
/data/shared/Qwen/mydisk/output/SYNTHETIC/NVILA-Lite-2B-SYNTHETIC_MIX_5PCT_2M-20260226_023301/checkpoint-12500,obj2_closer,output/phasevar_5/0007_phA13_phB08.png,Is the yellow cube closer to the camera than the magenta cube? Answer with yes or no.,Yes,Yes,22.171875,18.03125,True
/data/shared/Qwen/mydisk/output/SYNTHETIC/NVILA-Lite-2B-SYNTHETIC_MIX_5PCT_2M-20260226_023301/checkpoint-12500,obj2_closer,output/phasevar_5/0007_phA13_phB09.png,Is the yellow cube closer to the camera than the magenta cube? Answer with yes or no.,Yes,Yes,22.515625,18.359375,True
/data/shared/Qwen/mydisk/output/SYNTHETIC/NVILA-Lite-2B-SYNTHETIC_MIX_5PCT_2M-20260226_023301/checkpoint-12500,obj2_closer,output/phasevar_5/0007_phA13_phB10.png,Is the yellow cube closer to the camera than the magenta cube? Answer with yes or no.,Yes,Yes,22.828125,18.40625,True
/data/shared/Qwen/mydisk/output/SYNTHETIC/NVILA-Lite-2B-SYNTHETIC_MIX_5PCT_2M-20260226_023301/checkpoint-12500,obj2_closer,output/phasevar_5/0007_phA13_phB11.png,Is the yellow cube closer to the camera than the magenta cube? Answer with yes or no.,Yes,Yes,22.359375,18.203125,True
/data/shared/Qwen/mydisk/output/SYNTHETIC/NVILA-Lite-2B-SYNTHETIC_MIX_5PCT_2M-20260226_023301/checkpoint-12500,obj2_closer,output/phasevar_5/0007_phA13_phB12.png,Is the yellow cube closer to the camera than the magenta cube? Answer with yes or no.,Yes,Yes,22.8125,18.125,True
/data/shared/Qwen/mydisk/output/SYNTHETIC/NVILA-Lite-2B-SYNTHETIC_MIX_5PCT_2M-20260226_023301/checkpoint-12500,obj2_closer,output/phasevar_5/0007_phA13_phB13.png,Is the yellow cube closer to the camera than the magenta cube? Answer with yes or no.,Yes,Yes,23.078125,18.359375,True
/data/shared/Qwen/mydisk/output/SYNTHETIC/NVILA-Lite-2B-SYNTHETIC_MIX_5PCT_2M-20260226_023301/checkpoint-12500,obj2_closer,output/phasevar_5/0007_phA13_phB14.png,Is the yellow cube closer to the camera than the magenta cube? Answer with yes or no.,Yes,Yes,22.4375,18.515625,True
/data/shared/Qwen/mydisk/output/SYNTHETIC/NVILA-Lite-2B-SYNTHETIC_MIX_5PCT_2M-20260226_023301/checkpoint-12500,obj2_closer,output/phasevar_5/0007_phA13_phB15.png,Is the yellow cube closer to the camera than the magenta cube? Answer with yes or no.,Yes,Yes,22.3125,18.734375,True
/data/shared/Qwen/mydisk/output/SYNTHETIC/NVILA-Lite-2B-SYNTHETIC_MIX_5PCT_2M-20260226_023301/checkpoint-12500,obj2_closer,output/phasevar_5/0007_phA14_phB00.png,Is the yellow cube closer to the camera than the magenta cube? Answer with yes or no.,Yes,Yes,22.4375,19.109375,True
/data/shared/Qwen/mydisk/output/SYNTHETIC/NVILA-Lite-2B-SYNTHETIC_MIX_5PCT_2M-20260226_023301/checkpoint-12500,obj2_closer,output/phasevar_5/0007_phA14_phB01.png,Is the yellow cube closer to the camera than the magenta cube? Answer with yes or no.,Yes,Yes,22.859375,19.296875,True
/data/shared/Qwen/mydisk/output/SYNTHETIC/NVILA-Lite-2B-SYNTHETIC_MIX_5PCT_2M-20260226_023301/checkpoint-12500,obj2_closer,output/phasevar_5/0007_phA14_phB02.png,Is the yellow cube closer to the camera than the magenta cube? Answer with yes or no.,Yes,Yes,22.984375,19.359375,True
/data/shared/Qwen/mydisk/output/SYNTHETIC/NVILA-Lite-2B-SYNTHETIC_MIX_5PCT_2M-20260226_023301/checkpoint-12500,obj2_closer,output/phasevar_5/0007_phA14_phB03.png,Is the yellow cube closer to the camera than the magenta cube? Answer with yes or no.,Yes,Yes,24.234375,20.0,True
/data/shared/Qwen/mydisk/output/SYNTHETIC/NVILA-Lite-2B-SYNTHETIC_MIX_5PCT_2M-20260226_023301/checkpoint-12500,obj2_closer,output/phasevar_5/0007_phA14_phB04.png,Is the yellow cube closer to the camera than the magenta cube? Answer with yes or no.,Yes,Yes,25.890625,20.703125,True
/data/shared/Qwen/mydisk/output/SYNTHETIC/NVILA-Lite-2B-SYNTHETIC_MIX_5PCT_2M-20260226_023301/checkpoint-12500,obj2_closer,output/phasevar_5/0007_phA14_phB05.png,Is the yellow cube closer to the camera than the magenta cube? Answer with yes or no.,Yes,Yes,25.984375,20.890625,True
/data/shared/Qwen/mydisk/output/SYNTHETIC/NVILA-Lite-2B-SYNTHETIC_MIX_5PCT_2M-20260226_023301/checkpoint-12500,obj2_closer,output/phasevar_5/0007_phA14_phB06.png,Is the yellow cube closer to the camera than the magenta cube? Answer with yes or no.,Yes,Yes,24.65625,19.625,True
/data/shared/Qwen/mydisk/output/SYNTHETIC/NVILA-Lite-2B-SYNTHETIC_MIX_5PCT_2M-20260226_023301/checkpoint-12500,obj2_closer,output/phasevar_5/0007_phA14_phB07.png,Is the yellow cube closer to the camera than the magenta cube? Answer with yes or no.,Yes,Yes,23.359375,18.921875,True
/data/shared/Qwen/mydisk/output/SYNTHETIC/NVILA-Lite-2B-SYNTHETIC_MIX_5PCT_2M-20260226_023301/checkpoint-12500,obj2_closer,output/phasevar_5/0007_phA14_phB08.png,Is the yellow cube closer to the camera than the magenta cube? Answer with yes or no.,Yes,Yes,23.875,18.96875,True
/data/shared/Qwen/mydisk/output/SYNTHETIC/NVILA-Lite-2B-SYNTHETIC_MIX_5PCT_2M-20260226_023301/checkpoint-12500,obj2_closer,output/phasevar_5/0007_phA14_phB09.png,Is the yellow cube closer to the camera than the magenta cube? Answer with yes or no.,Yes,Yes,24.203125,19.25,True
/data/shared/Qwen/mydisk/output/SYNTHETIC/NVILA-Lite-2B-SYNTHETIC_MIX_5PCT_2M-20260226_023301/checkpoint-12500,obj2_closer,output/phasevar_5/0007_phA14_phB10.png,Is the yellow cube closer to the camera than the magenta cube? Answer with yes or no.,Yes,Yes,24.453125,19.15625,True
/data/shared/Qwen/mydisk/output/SYNTHETIC/NVILA-Lite-2B-SYNTHETIC_MIX_5PCT_2M-20260226_023301/checkpoint-12500,obj2_closer,output/phasevar_5/0007_phA14_phB11.png,Is the yellow cube closer to the camera than the magenta cube? Answer with yes or no.,Yes,Yes,23.828125,18.796875,True
/data/shared/Qwen/mydisk/output/SYNTHETIC/NVILA-Lite-2B-SYNTHETIC_MIX_5PCT_2M-20260226_023301/checkpoint-12500,obj2_closer,output/phasevar_5/0007_phA14_phB12.png,Is the yellow cube closer to the camera than the magenta cube? Answer with yes or no.,Yes,Yes,23.671875,18.453125,True
/data/shared/Qwen/mydisk/output/SYNTHETIC/NVILA-Lite-2B-SYNTHETIC_MIX_5PCT_2M-20260226_023301/checkpoint-12500,obj2_closer,output/phasevar_5/0007_phA14_phB13.png,Is the yellow cube closer to the camera than the magenta cube? Answer with yes or no.,Yes,Yes,23.671875,18.65625,True
/data/shared/Qwen/mydisk/output/SYNTHETIC/NVILA-Lite-2B-SYNTHETIC_MIX_5PCT_2M-20260226_023301/checkpoint-12500,obj2_closer,output/phasevar_5/0007_phA14_phB14.png,Is the yellow cube closer to the camera than the magenta cube? Answer with yes or no.,Yes,Yes,23.25,18.734375,True
/data/shared/Qwen/mydisk/output/SYNTHETIC/NVILA-Lite-2B-SYNTHETIC_MIX_5PCT_2M-20260226_023301/checkpoint-12500,obj2_closer,output/phasevar_5/0007_phA14_phB15.png,Is the yellow cube closer to the camera than the magenta cube? Answer with yes or no.,Yes,Yes,23.046875,19.0,True
/data/shared/Qwen/mydisk/output/SYNTHETIC/NVILA-Lite-2B-SYNTHETIC_MIX_5PCT_2M-20260226_023301/checkpoint-12500,obj2_closer,output/phasevar_5/0007_phA15_phB00.png,Is the yellow cube closer to the camera than the magenta cube? Answer with yes or no.,Yes,Yes,22.203125,18.953125,True
/data/shared/Qwen/mydisk/output/SYNTHETIC/NVILA-Lite-2B-SYNTHETIC_MIX_5PCT_2M-20260226_023301/checkpoint-12500,obj2_closer,output/phasevar_5/0007_phA15_phB01.png,Is the yellow cube closer to the camera than the magenta cube? Answer with yes or no.,Yes,Yes,22.859375,19.34375,True
/data/shared/Qwen/mydisk/output/SYNTHETIC/NVILA-Lite-2B-SYNTHETIC_MIX_5PCT_2M-20260226_023301/checkpoint-12500,obj2_closer,output/phasevar_5/0007_phA15_phB02.png,Is the yellow cube closer to the camera than the magenta cube? Answer with yes or no.,Yes,Yes,22.578125,19.328125,True
/data/shared/Qwen/mydisk/output/SYNTHETIC/NVILA-Lite-2B-SYNTHETIC_MIX_5PCT_2M-20260226_023301/checkpoint-12500,obj2_closer,output/phasevar_5/0007_phA15_phB03.png,Is the yellow cube closer to the camera than the magenta cube? Answer with yes or no.,Yes,Yes,23.921875,19.8125,True
/data/shared/Qwen/mydisk/output/SYNTHETIC/NVILA-Lite-2B-SYNTHETIC_MIX_5PCT_2M-20260226_023301/checkpoint-12500,obj2_closer,output/phasevar_5/0007_phA15_phB04.png,Is the yellow cube closer to the camera than the magenta cube? Answer with yes or no.,Yes,Yes,25.390625,20.46875,True
/data/shared/Qwen/mydisk/output/SYNTHETIC/NVILA-Lite-2B-SYNTHETIC_MIX_5PCT_2M-20260226_023301/checkpoint-12500,obj2_closer,output/phasevar_5/0007_phA15_phB05.png,Is the yellow cube closer to the camera than the magenta cube? Answer with yes or no.,Yes,Yes,25.265625,20.515625,True
/data/shared/Qwen/mydisk/output/SYNTHETIC/NVILA-Lite-2B-SYNTHETIC_MIX_5PCT_2M-20260226_023301/checkpoint-12500,obj2_closer,output/phasevar_5/0007_phA15_phB06.png,Is the yellow cube closer to the camera than the magenta cube? Answer with yes or no.,Yes,Yes,24.015625,19.296875,True
/data/shared/Qwen/mydisk/output/SYNTHETIC/NVILA-Lite-2B-SYNTHETIC_MIX_5PCT_2M-20260226_023301/checkpoint-12500,obj2_closer,output/phasevar_5/0007_phA15_phB07.png,Is the yellow cube closer to the camera than the magenta cube? Answer with yes or no.,Yes,Yes,23.015625,18.71875,True
/data/shared/Qwen/mydisk/output/SYNTHETIC/NVILA-Lite-2B-SYNTHETIC_MIX_5PCT_2M-20260226_023301/checkpoint-12500,obj2_closer,output/phasevar_5/0007_phA15_phB08.png,Is the yellow cube closer to the camera than the magenta cube? Answer with yes or no.,Yes,Yes,23.625,18.71875,True
/data/shared/Qwen/mydisk/output/SYNTHETIC/NVILA-Lite-2B-SYNTHETIC_MIX_5PCT_2M-20260226_023301/checkpoint-12500,obj2_closer,output/phasevar_5/0007_phA15_phB09.png,Is the yellow cube closer to the camera than the magenta cube? Answer with yes or no.,Yes,Yes,23.640625,18.890625,True
/data/shared/Qwen/mydisk/output/SYNTHETIC/NVILA-Lite-2B-SYNTHETIC_MIX_5PCT_2M-20260226_023301/checkpoint-12500,obj2_closer,output/phasevar_5/0007_phA15_phB10.png,Is the yellow cube closer to the camera than the magenta cube? Answer with yes or no.,Yes,Yes,23.78125,18.90625,True
/data/shared/Qwen/mydisk/output/SYNTHETIC/NVILA-Lite-2B-SYNTHETIC_MIX_5PCT_2M-20260226_023301/checkpoint-12500,obj2_closer,output/phasevar_5/0007_phA15_phB11.png,Is the yellow cube closer to the camera than the magenta cube? Answer with yes or no.,Yes,Yes,23.234375,18.71875,True
/data/shared/Qwen/mydisk/output/SYNTHETIC/NVILA-Lite-2B-SYNTHETIC_MIX_5PCT_2M-20260226_023301/checkpoint-12500,obj2_closer,output/phasevar_5/0007_phA15_phB12.png,Is the yellow cube closer to the camera than the magenta cube? Answer with yes or no.,Yes,Yes,23.265625,18.375,True
/data/shared/Qwen/mydisk/output/SYNTHETIC/NVILA-Lite-2B-SYNTHETIC_MIX_5PCT_2M-20260226_023301/checkpoint-12500,obj2_closer,output/phasevar_5/0007_phA15_phB13.png,Is the yellow cube closer to the camera than the magenta cube? Answer with yes or no.,Yes,Yes,23.484375,18.65625,True
/data/shared/Qwen/mydisk/output/SYNTHETIC/NVILA-Lite-2B-SYNTHETIC_MIX_5PCT_2M-20260226_023301/checkpoint-12500,obj2_closer,output/phasevar_5/0007_phA15_phB14.png,Is the yellow cube closer to the camera than the magenta cube? Answer with yes or no.,Yes,Yes,22.796875,18.6875,True
/data/shared/Qwen/mydisk/output/SYNTHETIC/NVILA-Lite-2B-SYNTHETIC_MIX_5PCT_2M-20260226_023301/checkpoint-12500,obj2_closer,output/phasevar_5/0007_phA15_phB15.png,Is the yellow cube closer to the camera than the magenta cube? Answer with yes or no.,Yes,Yes,22.828125,18.96875,True
/data/shared/Qwen/mydisk/output/SYNTHETIC/NVILA-Lite-2B-SYNTHETIC_MIX_5PCT_2M-20260226_023301/checkpoint-12500,obj2_closer,output/phasevar_5/0008_phA00_phB00.png,Is the cyan sphere closer to the camera than the blue cube? Answer with yes or no.,Yes,Yes,23.546875,19.140625,True
/data/shared/Qwen/mydisk/output/SYNTHETIC/NVILA-Lite-2B-SYNTHETIC_MIX_5PCT_2M-20260226_023301/checkpoint-12500,obj2_closer,output/phasevar_5/0008_phA00_phB01.png,Is the cyan sphere closer to the camera than the blue cube? Answer with yes or no.,Yes,Yes,24.296875,19.59375,True
/data/shared/Qwen/mydisk/output/SYNTHETIC/NVILA-Lite-2B-SYNTHETIC_MIX_5PCT_2M-20260226_023301/checkpoint-12500,obj2_closer,output/phasevar_5/0008_phA00_phB02.png,Is the cyan sphere closer to the camera than the blue cube? Answer with yes or no.,Yes,Yes,24.375,20.0625,True
/data/shared/Qwen/mydisk/output/SYNTHETIC/NVILA-Lite-2B-SYNTHETIC_MIX_5PCT_2M-20260226_023301/checkpoint-12500,obj2_closer,output/phasevar_5/0008_phA00_phB03.png,Is the cyan sphere closer to the camera than the blue cube? Answer with yes or no.,Yes,Yes,26.34375,20.796875,True
/data/shared/Qwen/mydisk/output/SYNTHETIC/NVILA-Lite-2B-SYNTHETIC_MIX_5PCT_2M-20260226_023301/checkpoint-12500,obj2_closer,output/phasevar_5/0008_phA00_phB04.png,Is the cyan sphere closer to the camera than the blue cube? Answer with yes or no.,Yes,Yes,26.375,20.265625,True
/data/shared/Qwen/mydisk/output/SYNTHETIC/NVILA-Lite-2B-SYNTHETIC_MIX_5PCT_2M-20260226_023301/checkpoint-12500,obj2_closer,output/phasevar_5/0008_phA00_phB05.png,Is the cyan sphere closer to the camera than the blue cube? Answer with yes or no.,Yes,Yes,25.8125,19.984375,True
/data/shared/Qwen/mydisk/output/SYNTHETIC/NVILA-Lite-2B-SYNTHETIC_MIX_5PCT_2M-20260226_023301/checkpoint-12500,obj2_closer,output/phasevar_5/0008_phA00_phB06.png,Is the cyan sphere closer to the camera than the blue cube? Answer with yes or no.,Yes,Yes,25.015625,19.765625,True
/data/shared/Qwen/mydisk/output/SYNTHETIC/NVILA-Lite-2B-SYNTHETIC_MIX_5PCT_2M-20260226_023301/checkpoint-12500,obj2_closer,output/phasevar_5/0008_phA00_phB07.png,Is the cyan sphere closer to the camera than the blue cube? Answer with yes or no.,Yes,Yes,25.125,19.28125,True
/data/shared/Qwen/mydisk/output/SYNTHETIC/NVILA-Lite-2B-SYNTHETIC_MIX_5PCT_2M-20260226_023301/checkpoint-12500,obj2_closer,output/phasevar_5/0008_phA00_phB08.png,Is the cyan sphere closer to the camera than the blue cube? Answer with yes or no.,Yes,Yes,24.734375,19.140625,True
/data/shared/Qwen/mydisk/output/SYNTHETIC/NVILA-Lite-2B-SYNTHETIC_MIX_5PCT_2M-20260226_023301/checkpoint-12500,obj2_closer,output/phasevar_5/0008_phA00_phB09.png,Is the cyan sphere closer to the camera than the blue cube? Answer with yes or no.,Yes,Yes,24.15625,18.328125,True
/data/shared/Qwen/mydisk/output/SYNTHETIC/NVILA-Lite-2B-SYNTHETIC_MIX_5PCT_2M-20260226_023301/checkpoint-12500,obj2_closer,output/phasevar_5/0008_phA00_phB10.png,Is the cyan sphere closer to the camera than the blue cube? Answer with yes or no.,Yes,Yes,23.6875,18.65625,True
/data/shared/Qwen/mydisk/output/SYNTHETIC/NVILA-Lite-2B-SYNTHETIC_MIX_5PCT_2M-20260226_023301/checkpoint-12500,obj2_closer,output/phasevar_5/0008_phA00_phB11.png,Is the cyan sphere closer to the camera than the blue cube? Answer with yes or no.,Yes,Yes,24.09375,18.9375,True
/data/shared/Qwen/mydisk/output/SYNTHETIC/NVILA-Lite-2B-SYNTHETIC_MIX_5PCT_2M-20260226_023301/checkpoint-12500,obj2_closer,output/phasevar_5/0008_phA00_phB12.png,Is the cyan sphere closer to the camera than the blue cube? Answer with yes or no.,Yes,Yes,24.3125,18.78125,True
/data/shared/Qwen/mydisk/output/SYNTHETIC/NVILA-Lite-2B-SYNTHETIC_MIX_5PCT_2M-20260226_023301/checkpoint-12500,obj2_closer,output/phasevar_5/0008_phA00_phB13.png,Is the cyan sphere closer to the camera than the blue cube? Answer with yes or no.,Yes,Yes,23.859375,18.890625,True
/data/shared/Qwen/mydisk/output/SYNTHETIC/NVILA-Lite-2B-SYNTHETIC_MIX_5PCT_2M-20260226_023301/checkpoint-12500,obj2_closer,output/phasevar_5/0008_phA00_phB14.png,Is the cyan sphere closer to the camera than the blue cube? Answer with yes or no.,Yes,Yes,23.953125,18.984375,True
/data/shared/Qwen/mydisk/output/SYNTHETIC/NVILA-Lite-2B-SYNTHETIC_MIX_5PCT_2M-20260226_023301/checkpoint-12500,obj2_closer,output/phasevar_5/0008_phA00_phB15.png,Is the cyan sphere closer to the camera than the blue cube? Answer with yes or no.,Yes,Yes,23.734375,18.984375,True
/data/shared/Qwen/mydisk/output/SYNTHETIC/NVILA-Lite-2B-SYNTHETIC_MIX_5PCT_2M-20260226_023301/checkpoint-12500,obj2_closer,output/phasevar_5/0008_phA01_phB00.png,Is the cyan sphere closer to the camera than the blue cube? Answer with yes or no.,Yes,Yes,23.328125,18.765625,True
/data/shared/Qwen/mydisk/output/SYNTHETIC/NVILA-Lite-2B-SYNTHETIC_MIX_5PCT_2M-20260226_023301/checkpoint-12500,obj2_closer,output/phasevar_5/0008_phA01_phB01.png,Is the cyan sphere closer to the camera than the blue cube? Answer with yes or no.,Yes,Yes,24.421875,19.3125,True
/data/shared/Qwen/mydisk/output/SYNTHETIC/NVILA-Lite-2B-SYNTHETIC_MIX_5PCT_2M-20260226_023301/checkpoint-12500,obj2_closer,output/phasevar_5/0008_phA01_phB02.png,Is the cyan sphere closer to the camera than the blue cube? Answer with yes or no.,Yes,Yes,24.34375,19.828125,True
/data/shared/Qwen/mydisk/output/SYNTHETIC/NVILA-Lite-2B-SYNTHETIC_MIX_5PCT_2M-20260226_023301/checkpoint-12500,obj2_closer,output/phasevar_5/0008_phA01_phB03.png,Is the cyan sphere closer to the camera than the blue cube? Answer with yes or no.,Yes,Yes,25.984375,19.984375,True
/data/shared/Qwen/mydisk/output/SYNTHETIC/NVILA-Lite-2B-SYNTHETIC_MIX_5PCT_2M-20260226_023301/checkpoint-12500,obj2_closer,output/phasevar_5/0008_phA01_phB04.png,Is the cyan sphere closer to the camera than the blue cube? Answer with yes or no.,Yes,Yes,25.921875,19.53125,True
/data/shared/Qwen/mydisk/output/SYNTHETIC/NVILA-Lite-2B-SYNTHETIC_MIX_5PCT_2M-20260226_023301/checkpoint-12500,obj2_closer,output/phasevar_5/0008_phA01_phB05.png,Is the cyan sphere closer to the camera than the blue cube? Answer with yes or no.,Yes,Yes,25.359375,19.28125,True
/data/shared/Qwen/mydisk/output/SYNTHETIC/NVILA-Lite-2B-SYNTHETIC_MIX_5PCT_2M-20260226_023301/checkpoint-12500,obj2_closer,output/phasevar_5/0008_phA01_phB06.png,Is the cyan sphere closer to the camera than the blue cube? Answer with yes or no.,Yes,Yes,24.65625,19.15625,True
/data/shared/Qwen/mydisk/output/SYNTHETIC/NVILA-Lite-2B-SYNTHETIC_MIX_5PCT_2M-20260226_023301/checkpoint-12500,obj2_closer,output/phasevar_5/0008_phA01_phB07.png,Is the cyan sphere closer to the camera than the blue cube? Answer with yes or no.,Yes,Yes,24.78125,18.671875,True
/data/shared/Qwen/mydisk/output/SYNTHETIC/NVILA-Lite-2B-SYNTHETIC_MIX_5PCT_2M-20260226_023301/checkpoint-12500,obj2_closer,output/phasevar_5/0008_phA01_phB08.png,Is the cyan sphere closer to the camera than the blue cube? Answer with yes or no.,Yes,Yes,24.640625,18.765625,True
/data/shared/Qwen/mydisk/output/SYNTHETIC/NVILA-Lite-2B-SYNTHETIC_MIX_5PCT_2M-20260226_023301/checkpoint-12500,obj2_closer,output/phasevar_5/0008_phA01_phB09.png,Is the cyan sphere closer to the camera than the blue cube? Answer with yes or no.,Yes,Yes,24.078125,17.859375,True
/data/shared/Qwen/mydisk/output/SYNTHETIC/NVILA-Lite-2B-SYNTHETIC_MIX_5PCT_2M-20260226_023301/checkpoint-12500,obj2_closer,output/phasevar_5/0008_phA01_phB10.png,Is the cyan sphere closer to the camera than the blue cube? Answer with yes or no.,Yes,Yes,23.671875,18.171875,True
/data/shared/Qwen/mydisk/output/SYNTHETIC/NVILA-Lite-2B-SYNTHETIC_MIX_5PCT_2M-20260226_023301/checkpoint-12500,obj2_closer,output/phasevar_5/0008_phA01_phB11.png,Is the cyan sphere closer to the camera than the blue cube? Answer with yes or no.,Yes,Yes,24.078125,18.5,True
/data/shared/Qwen/mydisk/output/SYNTHETIC/NVILA-Lite-2B-SYNTHETIC_MIX_5PCT_2M-20260226_023301/checkpoint-12500,obj2_closer,output/phasevar_5/0008_phA01_phB12.png,Is the cyan sphere closer to the camera than the blue cube? Answer with yes or no.,Yes,Yes,24.234375,18.359375,True
/data/shared/Qwen/mydisk/output/SYNTHETIC/NVILA-Lite-2B-SYNTHETIC_MIX_5PCT_2M-20260226_023301/checkpoint-12500,obj2_closer,output/phasevar_5/0008_phA01_phB13.png,Is the cyan sphere closer to the camera than the blue cube? Answer with yes or no.,Yes,Yes,23.84375,18.484375,True
/data/shared/Qwen/mydisk/output/SYNTHETIC/NVILA-Lite-2B-SYNTHETIC_MIX_5PCT_2M-20260226_023301/checkpoint-12500,obj2_closer,output/phasevar_5/0008_phA01_phB14.png,Is the cyan sphere closer to the camera than the blue cube? Answer with yes or no.,Yes,Yes,23.6875,18.46875,True
/data/shared/Qwen/mydisk/output/SYNTHETIC/NVILA-Lite-2B-SYNTHETIC_MIX_5PCT_2M-20260226_023301/checkpoint-12500,obj2_closer,output/phasevar_5/0008_phA01_phB15.png,Is the cyan sphere closer to the camera than the blue cube? Answer with yes or no.,Yes,Yes,23.625,18.65625,True
/data/shared/Qwen/mydisk/output/SYNTHETIC/NVILA-Lite-2B-SYNTHETIC_MIX_5PCT_2M-20260226_023301/checkpoint-12500,obj2_closer,output/phasevar_5/0008_phA02_phB00.png,Is the cyan sphere closer to the camera than the blue cube? Answer with yes or no.,Yes,Yes,22.421875,18.53125,True
/data/shared/Qwen/mydisk/output/SYNTHETIC/NVILA-Lite-2B-SYNTHETIC_MIX_5PCT_2M-20260226_023301/checkpoint-12500,obj2_closer,output/phasevar_5/0008_phA02_phB01.png,Is the cyan sphere closer to the camera than the blue cube? Answer with yes or no.,Yes,Yes,23.203125,18.734375,True
/data/shared/Qwen/mydisk/output/SYNTHETIC/NVILA-Lite-2B-SYNTHETIC_MIX_5PCT_2M-20260226_023301/checkpoint-12500,obj2_closer,output/phasevar_5/0008_phA02_phB02.png,Is the cyan sphere closer to the camera than the blue cube? Answer with yes or no.,Yes,Yes,23.25,19.21875,True
/data/shared/Qwen/mydisk/output/SYNTHETIC/NVILA-Lite-2B-SYNTHETIC_MIX_5PCT_2M-20260226_023301/checkpoint-12500,obj2_closer,output/phasevar_5/0008_phA02_phB03.png,Is the cyan sphere closer to the camera than the blue cube? Answer with yes or no.,Yes,Yes,25.015625,19.453125,True
/data/shared/Qwen/mydisk/output/SYNTHETIC/NVILA-Lite-2B-SYNTHETIC_MIX_5PCT_2M-20260226_023301/checkpoint-12500,obj2_closer,output/phasevar_5/0008_phA02_phB04.png,Is the cyan sphere closer to the camera than the blue cube? Answer with yes or no.,Yes,Yes,25.59375,19.3125,True
/data/shared/Qwen/mydisk/output/SYNTHETIC/NVILA-Lite-2B-SYNTHETIC_MIX_5PCT_2M-20260226_023301/checkpoint-12500,obj2_closer,output/phasevar_5/0008_phA02_phB05.png,Is the cyan sphere closer to the camera than the blue cube? Answer with yes or no.,Yes,Yes,24.890625,18.984375,True
/data/shared/Qwen/mydisk/output/SYNTHETIC/NVILA-Lite-2B-SYNTHETIC_MIX_5PCT_2M-20260226_023301/checkpoint-12500,obj2_closer,output/phasevar_5/0008_phA02_phB06.png,Is the cyan sphere closer to the camera than the blue cube? Answer with yes or no.,Yes,Yes,24.1875,18.90625,True
/data/shared/Qwen/mydisk/output/SYNTHETIC/NVILA-Lite-2B-SYNTHETIC_MIX_5PCT_2M-20260226_023301/checkpoint-12500,obj2_closer,output/phasevar_5/0008_phA02_phB07.png,Is the cyan sphere closer to the camera than the blue cube? Answer with yes or no.,Yes,Yes,24.375,18.59375,True
/data/shared/Qwen/mydisk/output/SYNTHETIC/NVILA-Lite-2B-SYNTHETIC_MIX_5PCT_2M-20260226_023301/checkpoint-12500,obj2_closer,output/phasevar_5/0008_phA02_phB08.png,Is the cyan sphere closer to the camera than the blue cube? Answer with yes or no.,Yes,Yes,23.84375,18.65625,True
/data/shared/Qwen/mydisk/output/SYNTHETIC/NVILA-Lite-2B-SYNTHETIC_MIX_5PCT_2M-20260226_023301/checkpoint-12500,obj2_closer,output/phasevar_5/0008_phA02_phB09.png,Is the cyan sphere closer to the camera than the blue cube? Answer with yes or no.,Yes,Yes,23.5,17.859375,True
/data/shared/Qwen/mydisk/output/SYNTHETIC/NVILA-Lite-2B-SYNTHETIC_MIX_5PCT_2M-20260226_023301/checkpoint-12500,obj2_closer,output/phasevar_5/0008_phA02_phB10.png,Is the cyan sphere closer to the camera than the blue cube? Answer with yes or no.,Yes,Yes,23.140625,18.390625,True
/data/shared/Qwen/mydisk/output/SYNTHETIC/NVILA-Lite-2B-SYNTHETIC_MIX_5PCT_2M-20260226_023301/checkpoint-12500,obj2_closer,output/phasevar_5/0008_phA02_phB11.png,Is the cyan sphere closer to the camera than the blue cube? Answer with yes or no.,Yes,Yes,23.546875,18.671875,True
/data/shared/Qwen/mydisk/output/SYNTHETIC/NVILA-Lite-2B-SYNTHETIC_MIX_5PCT_2M-20260226_023301/checkpoint-12500,obj2_closer,output/phasevar_5/0008_phA02_phB12.png,Is the cyan sphere closer to the camera than the blue cube? Answer with yes or no.,Yes,Yes,23.8125,18.484375,True
/data/shared/Qwen/mydisk/output/SYNTHETIC/NVILA-Lite-2B-SYNTHETIC_MIX_5PCT_2M-20260226_023301/checkpoint-12500,obj2_closer,output/phasevar_5/0008_phA02_phB13.png,Is the cyan sphere closer to the camera than the blue cube? Answer with yes or no.,Yes,Yes,23.25,18.65625,True
/data/shared/Qwen/mydisk/output/SYNTHETIC/NVILA-Lite-2B-SYNTHETIC_MIX_5PCT_2M-20260226_023301/checkpoint-12500,obj2_closer,output/phasevar_5/0008_phA02_phB14.png,Is the cyan sphere closer to the camera than the blue cube? Answer with yes or no.,Yes,Yes,22.9375,18.4375,True
/data/shared/Qwen/mydisk/output/SYNTHETIC/NVILA-Lite-2B-SYNTHETIC_MIX_5PCT_2M-20260226_023301/checkpoint-12500,obj2_closer,output/phasevar_5/0008_phA02_phB15.png,Is the cyan sphere closer to the camera than the blue cube? Answer with yes or no.,Yes,Yes,22.84375,18.5625,True
/data/shared/Qwen/mydisk/output/SYNTHETIC/NVILA-Lite-2B-SYNTHETIC_MIX_5PCT_2M-20260226_023301/checkpoint-12500,obj2_closer,output/phasevar_5/0008_phA03_phB00.png,Is the cyan sphere closer to the camera than the blue cube? Answer with yes or no.,Yes,Yes,22.5625,18.53125,True
/data/shared/Qwen/mydisk/output/SYNTHETIC/NVILA-Lite-2B-SYNTHETIC_MIX_5PCT_2M-20260226_023301/checkpoint-12500,obj2_closer,output/phasevar_5/0008_phA03_phB01.png,Is the cyan sphere closer to the camera than the blue cube? Answer with yes or no.,Yes,Yes,23.5,18.875,True
/data/shared/Qwen/mydisk/output/SYNTHETIC/NVILA-Lite-2B-SYNTHETIC_MIX_5PCT_2M-20260226_023301/checkpoint-12500,obj2_closer,output/phasevar_5/0008_phA03_phB02.png,Is the cyan sphere closer to the camera than the blue cube? Answer with yes or no.,Yes,Yes,23.34375,19.234375,True
/data/shared/Qwen/mydisk/output/SYNTHETIC/NVILA-Lite-2B-SYNTHETIC_MIX_5PCT_2M-20260226_023301/checkpoint-12500,obj2_closer,output/phasevar_5/0008_phA03_phB03.png,Is the cyan sphere closer to the camera than the blue cube? Answer with yes or no.,Yes,Yes,25.265625,19.765625,True
/data/shared/Qwen/mydisk/output/SYNTHETIC/NVILA-Lite-2B-SYNTHETIC_MIX_5PCT_2M-20260226_023301/checkpoint-12500,obj2_closer,output/phasevar_5/0008_phA03_phB04.png,Is the cyan sphere closer to the camera than the blue cube? Answer with yes or no.,Yes,Yes,25.5625,19.390625,True
/data/shared/Qwen/mydisk/output/SYNTHETIC/NVILA-Lite-2B-SYNTHETIC_MIX_5PCT_2M-20260226_023301/checkpoint-12500,obj2_closer,output/phasevar_5/0008_phA03_phB05.png,Is the cyan sphere closer to the camera than the blue cube? Answer with yes or no.,Yes,Yes,24.546875,18.796875,True
/data/shared/Qwen/mydisk/output/SYNTHETIC/NVILA-Lite-2B-SYNTHETIC_MIX_5PCT_2M-20260226_023301/checkpoint-12500,obj2_closer,output/phasevar_5/0008_phA03_phB06.png,Is the cyan sphere closer to the camera than the blue cube? Answer with yes or no.,Yes,Yes,23.328125,18.375,True
/data/shared/Qwen/mydisk/output/SYNTHETIC/NVILA-Lite-2B-SYNTHETIC_MIX_5PCT_2M-20260226_023301/checkpoint-12500,obj2_closer,output/phasevar_5/0008_phA03_phB07.png,Is the cyan sphere closer to the camera than the blue cube? Answer with yes or no.,Yes,Yes,23.234375,17.609375,True
/data/shared/Qwen/mydisk/output/SYNTHETIC/NVILA-Lite-2B-SYNTHETIC_MIX_5PCT_2M-20260226_023301/checkpoint-12500,obj2_closer,output/phasevar_5/0008_phA03_phB08.png,Is the cyan sphere closer to the camera than the blue cube? Answer with yes or no.,Yes,Yes,23.015625,17.6875,True
/data/shared/Qwen/mydisk/output/SYNTHETIC/NVILA-Lite-2B-SYNTHETIC_MIX_5PCT_2M-20260226_023301/checkpoint-12500,obj2_closer,output/phasevar_5/0008_phA03_phB09.png,Is the cyan sphere closer to the camera than the blue cube? Answer with yes or no.,Yes,Yes,22.640625,16.859375,True
/data/shared/Qwen/mydisk/output/SYNTHETIC/NVILA-Lite-2B-SYNTHETIC_MIX_5PCT_2M-20260226_023301/checkpoint-12500,obj2_closer,output/phasevar_5/0008_phA03_phB10.png,Is the cyan sphere closer to the camera than the blue cube? Answer with yes or no.,Yes,Yes,22.453125,17.421875,True
/data/shared/Qwen/mydisk/output/SYNTHETIC/NVILA-Lite-2B-SYNTHETIC_MIX_5PCT_2M-20260226_023301/checkpoint-12500,obj2_closer,output/phasevar_5/0008_phA03_phB11.png,Is the cyan sphere closer to the camera than the blue cube? Answer with yes or no.,Yes,Yes,23.34375,17.96875,True
/data/shared/Qwen/mydisk/output/SYNTHETIC/NVILA-Lite-2B-SYNTHETIC_MIX_5PCT_2M-20260226_023301/checkpoint-12500,obj2_closer,output/phasevar_5/0008_phA03_phB12.png,Is the cyan sphere closer to the camera than the blue cube? Answer with yes or no.,Yes,Yes,23.625,18.0625,True
/data/shared/Qwen/mydisk/output/SYNTHETIC/NVILA-Lite-2B-SYNTHETIC_MIX_5PCT_2M-20260226_023301/checkpoint-12500,obj2_closer,output/phasevar_5/0008_phA03_phB13.png,Is the cyan sphere closer to the camera than the blue cube? Answer with yes or no.,Yes,Yes,23.265625,18.21875,True
/data/shared/Qwen/mydisk/output/SYNTHETIC/NVILA-Lite-2B-SYNTHETIC_MIX_5PCT_2M-20260226_023301/checkpoint-12500,obj2_closer,output/phasevar_5/0008_phA03_phB14.png,Is the cyan sphere closer to the camera than the blue cube? Answer with yes or no.,Yes,Yes,23.03125,18.171875,True
/data/shared/Qwen/mydisk/output/SYNTHETIC/NVILA-Lite-2B-SYNTHETIC_MIX_5PCT_2M-20260226_023301/checkpoint-12500,obj2_closer,output/phasevar_5/0008_phA03_phB15.png,Is the cyan sphere closer to the camera than the blue cube? Answer with yes or no.,Yes,Yes,22.90625,18.4375,True
/data/shared/Qwen/mydisk/output/SYNTHETIC/NVILA-Lite-2B-SYNTHETIC_MIX_5PCT_2M-20260226_023301/checkpoint-12500,obj2_closer,output/phasevar_5/0008_phA04_phB00.png,Is the cyan sphere closer to the camera than the blue cube? Answer with yes or no.,Yes,Yes,22.53125,18.703125,True
/data/shared/Qwen/mydisk/output/SYNTHETIC/NVILA-Lite-2B-SYNTHETIC_MIX_5PCT_2M-20260226_023301/checkpoint-12500,obj2_closer,output/phasevar_5/0008_phA04_phB01.png,Is the cyan sphere closer to the camera than the blue cube? Answer with yes or no.,Yes,Yes,23.59375,19.09375,True
/data/shared/Qwen/mydisk/output/SYNTHETIC/NVILA-Lite-2B-SYNTHETIC_MIX_5PCT_2M-20260226_023301/checkpoint-12500,obj2_closer,output/phasevar_5/0008_phA04_phB02.png,Is the cyan sphere closer to the camera than the blue cube? Answer with yes or no.,Yes,Yes,23.5,19.453125,True
/data/shared/Qwen/mydisk/output/SYNTHETIC/NVILA-Lite-2B-SYNTHETIC_MIX_5PCT_2M-20260226_023301/checkpoint-12500,obj2_closer,output/phasevar_5/0008_phA04_phB03.png,Is the cyan sphere closer to the camera than the blue cube? Answer with yes or no.,Yes,Yes,25.40625,19.984375,True
/data/shared/Qwen/mydisk/output/SYNTHETIC/NVILA-Lite-2B-SYNTHETIC_MIX_5PCT_2M-20260226_023301/checkpoint-12500,obj2_closer,output/phasevar_5/0008_phA04_phB04.png,Is the cyan sphere closer to the camera than the blue cube? Answer with yes or no.,Yes,Yes,25.78125,19.78125,True
/data/shared/Qwen/mydisk/output/SYNTHETIC/NVILA-Lite-2B-SYNTHETIC_MIX_5PCT_2M-20260226_023301/checkpoint-12500,obj2_closer,output/phasevar_5/0008_phA04_phB05.png,Is the cyan sphere closer to the camera than the blue cube? Answer with yes or no.,Yes,Yes,24.609375,19.0,True
/data/shared/Qwen/mydisk/output/SYNTHETIC/NVILA-Lite-2B-SYNTHETIC_MIX_5PCT_2M-20260226_023301/checkpoint-12500,obj2_closer,output/phasevar_5/0008_phA04_phB06.png,Is the cyan sphere closer to the camera than the blue cube? Answer with yes or no.,Yes,Yes,23.125,18.4375,True
/data/shared/Qwen/mydisk/output/SYNTHETIC/NVILA-Lite-2B-SYNTHETIC_MIX_5PCT_2M-20260226_023301/checkpoint-12500,obj2_closer,output/phasevar_5/0008_phA04_phB07.png,Is the cyan sphere closer to the camera than the blue cube? Answer with yes or no.,Yes,Yes,22.859375,17.546875,True
/data/shared/Qwen/mydisk/output/SYNTHETIC/NVILA-Lite-2B-SYNTHETIC_MIX_5PCT_2M-20260226_023301/checkpoint-12500,obj2_closer,output/phasevar_5/0008_phA04_phB08.png,Is the cyan sphere closer to the camera than the blue cube? Answer with yes or no.,Yes,Yes,22.59375,17.640625,True
/data/shared/Qwen/mydisk/output/SYNTHETIC/NVILA-Lite-2B-SYNTHETIC_MIX_5PCT_2M-20260226_023301/checkpoint-12500,obj2_closer,output/phasevar_5/0008_phA04_phB09.png,Is the cyan sphere closer to the camera than the blue cube? Answer with yes or no.,Yes,Yes,22.328125,16.890625,True
/data/shared/Qwen/mydisk/output/SYNTHETIC/NVILA-Lite-2B-SYNTHETIC_MIX_5PCT_2M-20260226_023301/checkpoint-12500,obj2_closer,output/phasevar_5/0008_phA04_phB10.png,Is the cyan sphere closer to the camera than the blue cube? Answer with yes or no.,Yes,Yes,22.25,17.609375,True
/data/shared/Qwen/mydisk/output/SYNTHETIC/NVILA-Lite-2B-SYNTHETIC_MIX_5PCT_2M-20260226_023301/checkpoint-12500,obj2_closer,output/phasevar_5/0008_phA04_phB11.png,Is the cyan sphere closer to the camera than the blue cube? Answer with yes or no.,Yes,Yes,23.40625,18.140625,True
/data/shared/Qwen/mydisk/output/SYNTHETIC/NVILA-Lite-2B-SYNTHETIC_MIX_5PCT_2M-20260226_023301/checkpoint-12500,obj2_closer,output/phasevar_5/0008_phA04_phB12.png,Is the cyan sphere closer to the camera than the blue cube? Answer with yes or no.,Yes,Yes,23.734375,18.265625,True
/data/shared/Qwen/mydisk/output/SYNTHETIC/NVILA-Lite-2B-SYNTHETIC_MIX_5PCT_2M-20260226_023301/checkpoint-12500,obj2_closer,output/phasevar_5/0008_phA04_phB13.png,Is the cyan sphere closer to the camera than the blue cube? Answer with yes or no.,Yes,Yes,23.375,18.46875,True
/data/shared/Qwen/mydisk/output/SYNTHETIC/NVILA-Lite-2B-SYNTHETIC_MIX_5PCT_2M-20260226_023301/checkpoint-12500,obj2_closer,output/phasevar_5/0008_phA04_phB14.png,Is the cyan sphere closer to the camera than the blue cube? Answer with yes or no.,Yes,Yes,23.28125,18.53125,True
/data/shared/Qwen/mydisk/output/SYNTHETIC/NVILA-Lite-2B-SYNTHETIC_MIX_5PCT_2M-20260226_023301/checkpoint-12500,obj2_closer,output/phasevar_5/0008_phA04_phB15.png,Is the cyan sphere closer to the camera than the blue cube? Answer with yes or no.,Yes,Yes,23.046875,18.65625,True
/data/shared/Qwen/mydisk/output/SYNTHETIC/NVILA-Lite-2B-SYNTHETIC_MIX_5PCT_2M-20260226_023301/checkpoint-12500,obj2_closer,output/phasevar_5/0008_phA05_phB00.png,Is the cyan sphere closer to the camera than the blue cube? Answer with yes or no.,Yes,Yes,22.65625,18.765625,True
/data/shared/Qwen/mydisk/output/SYNTHETIC/NVILA-Lite-2B-SYNTHETIC_MIX_5PCT_2M-20260226_023301/checkpoint-12500,obj2_closer,output/phasevar_5/0008_phA05_phB01.png,Is the cyan sphere closer to the camera than the blue cube? Answer with yes or no.,Yes,Yes,23.6875,19.203125,True
/data/shared/Qwen/mydisk/output/SYNTHETIC/NVILA-Lite-2B-SYNTHETIC_MIX_5PCT_2M-20260226_023301/checkpoint-12500,obj2_closer,output/phasevar_5/0008_phA05_phB02.png,Is the cyan sphere closer to the camera than the blue cube? Answer with yes or no.,Yes,Yes,23.765625,19.609375,True
/data/shared/Qwen/mydisk/output/SYNTHETIC/NVILA-Lite-2B-SYNTHETIC_MIX_5PCT_2M-20260226_023301/checkpoint-12500,obj2_closer,output/phasevar_5/0008_phA05_phB03.png,Is the cyan sphere closer to the camera than the blue cube? Answer with yes or no.,Yes,Yes,25.6875,20.21875,True
/data/shared/Qwen/mydisk/output/SYNTHETIC/NVILA-Lite-2B-SYNTHETIC_MIX_5PCT_2M-20260226_023301/checkpoint-12500,obj2_closer,output/phasevar_5/0008_phA05_phB04.png,Is the cyan sphere closer to the camera than the blue cube? Answer with yes or no.,Yes,Yes,26.078125,20.09375,True
/data/shared/Qwen/mydisk/output/SYNTHETIC/NVILA-Lite-2B-SYNTHETIC_MIX_5PCT_2M-20260226_023301/checkpoint-12500,obj2_closer,output/phasevar_5/0008_phA05_phB05.png,Is the cyan sphere closer to the camera than the blue cube? Answer with yes or no.,Yes,Yes,24.78125,19.09375,True
/data/shared/Qwen/mydisk/output/SYNTHETIC/NVILA-Lite-2B-SYNTHETIC_MIX_5PCT_2M-20260226_023301/checkpoint-12500,obj2_closer,output/phasevar_5/0008_phA05_phB06.png,Is the cyan sphere closer to the camera than the blue cube? Answer with yes or no.,Yes,Yes,23.0625,18.390625,True
/data/shared/Qwen/mydisk/output/SYNTHETIC/NVILA-Lite-2B-SYNTHETIC_MIX_5PCT_2M-20260226_023301/checkpoint-12500,obj2_closer,output/phasevar_5/0008_phA05_phB07.png,Is the cyan sphere closer to the camera than the blue cube? Answer with yes or no.,Yes,Yes,22.640625,17.296875,True
/data/shared/Qwen/mydisk/output/SYNTHETIC/NVILA-Lite-2B-SYNTHETIC_MIX_5PCT_2M-20260226_023301/checkpoint-12500,obj2_closer,output/phasevar_5/0008_phA05_phB08.png,Is the cyan sphere closer to the camera than the blue cube? Answer with yes or no.,Yes,Yes,22.453125,17.40625,True
/data/shared/Qwen/mydisk/output/SYNTHETIC/NVILA-Lite-2B-SYNTHETIC_MIX_5PCT_2M-20260226_023301/checkpoint-12500,obj2_closer,output/phasevar_5/0008_phA05_phB09.png,Is the cyan sphere closer to the camera than the blue cube? Answer with yes or no.,Yes,Yes,22.21875,16.609375,True
/data/shared/Qwen/mydisk/output/SYNTHETIC/NVILA-Lite-2B-SYNTHETIC_MIX_5PCT_2M-20260226_023301/checkpoint-12500,obj2_closer,output/phasevar_5/0008_phA05_phB10.png,Is the cyan sphere closer to the camera than the blue cube? Answer with yes or no.,Yes,Yes,22.21875,17.46875,True
/data/shared/Qwen/mydisk/output/SYNTHETIC/NVILA-Lite-2B-SYNTHETIC_MIX_5PCT_2M-20260226_023301/checkpoint-12500,obj2_closer,output/phasevar_5/0008_phA05_phB11.png,Is the cyan sphere closer to the camera than the blue cube? Answer with yes or no.,Yes,Yes,23.4375,18.015625,True
/data/shared/Qwen/mydisk/output/SYNTHETIC/NVILA-Lite-2B-SYNTHETIC_MIX_5PCT_2M-20260226_023301/checkpoint-12500,obj2_closer,output/phasevar_5/0008_phA05_phB12.png,Is the cyan sphere closer to the camera than the blue cube? Answer with yes or no.,Yes,Yes,23.734375,18.234375,True
/data/shared/Qwen/mydisk/output/SYNTHETIC/NVILA-Lite-2B-SYNTHETIC_MIX_5PCT_2M-20260226_023301/checkpoint-12500,obj2_closer,output/phasevar_5/0008_phA05_phB13.png,Is the cyan sphere closer to the camera than the blue cube? Answer with yes or no.,Yes,Yes,23.515625,18.5625,True
/data/shared/Qwen/mydisk/output/SYNTHETIC/NVILA-Lite-2B-SYNTHETIC_MIX_5PCT_2M-20260226_023301/checkpoint-12500,obj2_closer,output/phasevar_5/0008_phA05_phB14.png,Is the cyan sphere closer to the camera than the blue cube? Answer with yes or no.,Yes,Yes,23.625,18.71875,True
/data/shared/Qwen/mydisk/output/SYNTHETIC/NVILA-Lite-2B-SYNTHETIC_MIX_5PCT_2M-20260226_023301/checkpoint-12500,obj2_closer,output/phasevar_5/0008_phA05_phB15.png,Is the cyan sphere closer to the camera than the blue cube? Answer with yes or no.,Yes,Yes,23.171875,18.75,True
/data/shared/Qwen/mydisk/output/SYNTHETIC/NVILA-Lite-2B-SYNTHETIC_MIX_5PCT_2M-20260226_023301/checkpoint-12500,obj2_closer,output/phasevar_5/0008_phA06_phB00.png,Is the cyan sphere closer to the camera than the blue cube? Answer with yes or no.,Yes,Yes,21.84375,18.921875,True
/data/shared/Qwen/mydisk/output/SYNTHETIC/NVILA-Lite-2B-SYNTHETIC_MIX_5PCT_2M-20260226_023301/checkpoint-12500,obj2_closer,output/phasevar_5/0008_phA06_phB01.png,Is the cyan sphere closer to the camera than the blue cube? Answer with yes or no.,Yes,Yes,22.84375,19.328125,True
/data/shared/Qwen/mydisk/output/SYNTHETIC/NVILA-Lite-2B-SYNTHETIC_MIX_5PCT_2M-20260226_023301/checkpoint-12500,obj2_closer,output/phasevar_5/0008_phA06_phB02.png,Is the cyan sphere closer to the camera than the blue cube? Answer with yes or no.,Yes,Yes,23.21875,19.84375,True
/data/shared/Qwen/mydisk/output/SYNTHETIC/NVILA-Lite-2B-SYNTHETIC_MIX_5PCT_2M-20260226_023301/checkpoint-12500,obj2_closer,output/phasevar_5/0008_phA06_phB03.png,Is the cyan sphere closer to the camera than the blue cube? Answer with yes or no.,Yes,Yes,25.09375,20.375,True
/data/shared/Qwen/mydisk/output/SYNTHETIC/NVILA-Lite-2B-SYNTHETIC_MIX_5PCT_2M-20260226_023301/checkpoint-12500,obj2_closer,output/phasevar_5/0008_phA06_phB04.png,Is the cyan sphere closer to the camera than the blue cube? Answer with yes or no.,Yes,Yes,25.296875,20.375,True
/data/shared/Qwen/mydisk/output/SYNTHETIC/NVILA-Lite-2B-SYNTHETIC_MIX_5PCT_2M-20260226_023301/checkpoint-12500,obj2_closer,output/phasevar_5/0008_phA06_phB05.png,Is the cyan sphere closer to the camera than the blue cube? Answer with yes or no.,Yes,Yes,23.875,19.359375,True
/data/shared/Qwen/mydisk/output/SYNTHETIC/NVILA-Lite-2B-SYNTHETIC_MIX_5PCT_2M-20260226_023301/checkpoint-12500,obj2_closer,output/phasevar_5/0008_phA06_phB06.png,Is the cyan sphere closer to the camera than the blue cube? Answer with yes or no.,Yes,Yes,22.265625,18.65625,True
/data/shared/Qwen/mydisk/output/SYNTHETIC/NVILA-Lite-2B-SYNTHETIC_MIX_5PCT_2M-20260226_023301/checkpoint-12500,obj2_closer,output/phasevar_5/0008_phA06_phB07.png,Is the cyan sphere closer to the camera than the blue cube? Answer with yes or no.,Yes,Yes,21.96875,17.953125,True
/data/shared/Qwen/mydisk/output/SYNTHETIC/NVILA-Lite-2B-SYNTHETIC_MIX_5PCT_2M-20260226_023301/checkpoint-12500,obj2_closer,output/phasevar_5/0008_phA06_phB08.png,Is the cyan sphere closer to the camera than the blue cube? Answer with yes or no.,Yes,Yes,21.34375,17.78125,True
/data/shared/Qwen/mydisk/output/SYNTHETIC/NVILA-Lite-2B-SYNTHETIC_MIX_5PCT_2M-20260226_023301/checkpoint-12500,obj2_closer,output/phasevar_5/0008_phA06_phB09.png,Is the cyan sphere closer to the camera than the blue cube? Answer with yes or no.,Yes,Yes,21.640625,17.609375,True
/data/shared/Qwen/mydisk/output/SYNTHETIC/NVILA-Lite-2B-SYNTHETIC_MIX_5PCT_2M-20260226_023301/checkpoint-12500,obj2_closer,output/phasevar_5/0008_phA06_phB10.png,Is the cyan sphere closer to the camera than the blue cube? Answer with yes or no.,Yes,Yes,21.90625,18.625,True
/data/shared/Qwen/mydisk/output/SYNTHETIC/NVILA-Lite-2B-SYNTHETIC_MIX_5PCT_2M-20260226_023301/checkpoint-12500,obj2_closer,output/phasevar_5/0008_phA06_phB11.png,Is the cyan sphere closer to the camera than the blue cube? Answer with yes or no.,Yes,Yes,22.78125,18.9375,True
/data/shared/Qwen/mydisk/output/SYNTHETIC/NVILA-Lite-2B-SYNTHETIC_MIX_5PCT_2M-20260226_023301/checkpoint-12500,obj2_closer,output/phasevar_5/0008_phA06_phB12.png,Is the cyan sphere closer to the camera than the blue cube? Answer with yes or no.,Yes,Yes,23.3125,19.046875,True
/data/shared/Qwen/mydisk/output/SYNTHETIC/NVILA-Lite-2B-SYNTHETIC_MIX_5PCT_2M-20260226_023301/checkpoint-12500,obj2_closer,output/phasevar_5/0008_phA06_phB13.png,Is the cyan sphere closer to the camera than the blue cube? Answer with yes or no.,Yes,Yes,22.859375,19.265625,True
/data/shared/Qwen/mydisk/output/SYNTHETIC/NVILA-Lite-2B-SYNTHETIC_MIX_5PCT_2M-20260226_023301/checkpoint-12500,obj2_closer,output/phasevar_5/0008_phA06_phB14.png,Is the cyan sphere closer to the camera than the blue cube? Answer with yes or no.,Yes,Yes,23.109375,19.34375,True
/data/shared/Qwen/mydisk/output/SYNTHETIC/NVILA-Lite-2B-SYNTHETIC_MIX_5PCT_2M-20260226_023301/checkpoint-12500,obj2_closer,output/phasevar_5/0008_phA06_phB15.png,Is the cyan sphere closer to the camera than the blue cube? Answer with yes or no.,Yes,Yes,22.484375,19.078125,True
/data/shared/Qwen/mydisk/output/SYNTHETIC/NVILA-Lite-2B-SYNTHETIC_MIX_5PCT_2M-20260226_023301/checkpoint-12500,obj2_closer,output/phasevar_5/0008_phA07_phB00.png,Is the cyan sphere closer to the camera than the blue cube? Answer with yes or no.,Yes,Yes,23.03125,19.40625,True
/data/shared/Qwen/mydisk/output/SYNTHETIC/NVILA-Lite-2B-SYNTHETIC_MIX_5PCT_2M-20260226_023301/checkpoint-12500,obj2_closer,output/phasevar_5/0008_phA07_phB01.png,Is the cyan sphere closer to the camera than the blue cube? Answer with yes or no.,Yes,Yes,24.046875,19.875,True
/data/shared/Qwen/mydisk/output/SYNTHETIC/NVILA-Lite-2B-SYNTHETIC_MIX_5PCT_2M-20260226_023301/checkpoint-12500,obj2_closer,output/phasevar_5/0008_phA07_phB02.png,Is the cyan sphere closer to the camera than the blue cube? Answer with yes or no.,Yes,Yes,23.875,20.109375,True
/data/shared/Qwen/mydisk/output/SYNTHETIC/NVILA-Lite-2B-SYNTHETIC_MIX_5PCT_2M-20260226_023301/checkpoint-12500,obj2_closer,output/phasevar_5/0008_phA07_phB03.png,Is the cyan sphere closer to the camera than the blue cube? Answer with yes or no.,Yes,Yes,25.671875,20.640625,True
/data/shared/Qwen/mydisk/output/SYNTHETIC/NVILA-Lite-2B-SYNTHETIC_MIX_5PCT_2M-20260226_023301/checkpoint-12500,obj2_closer,output/phasevar_5/0008_phA07_phB04.png,Is the cyan sphere closer to the camera than the blue cube? Answer with yes or no.,Yes,Yes,26.0625,20.671875,True
/data/shared/Qwen/mydisk/output/SYNTHETIC/NVILA-Lite-2B-SYNTHETIC_MIX_5PCT_2M-20260226_023301/checkpoint-12500,obj2_closer,output/phasevar_5/0008_phA07_phB05.png,Is the cyan sphere closer to the camera than the blue cube? Answer with yes or no.,Yes,Yes,24.4375,19.578125,True
/data/shared/Qwen/mydisk/output/SYNTHETIC/NVILA-Lite-2B-SYNTHETIC_MIX_5PCT_2M-20260226_023301/checkpoint-12500,obj2_closer,output/phasevar_5/0008_phA07_phB06.png,Is the cyan sphere closer to the camera than the blue cube? Answer with yes or no.,Yes,Yes,22.890625,18.84375,True
/data/shared/Qwen/mydisk/output/SYNTHETIC/NVILA-Lite-2B-SYNTHETIC_MIX_5PCT_2M-20260226_023301/checkpoint-12500,obj2_closer,output/phasevar_5/0008_phA07_phB07.png,Is the cyan sphere closer to the camera than the blue cube? Answer with yes or no.,Yes,Yes,22.859375,18.03125,True
/data/shared/Qwen/mydisk/output/SYNTHETIC/NVILA-Lite-2B-SYNTHETIC_MIX_5PCT_2M-20260226_023301/checkpoint-12500,obj2_closer,output/phasevar_5/0008_phA07_phB08.png,Is the cyan sphere closer to the camera than the blue cube? Answer with yes or no.,Yes,Yes,22.421875,17.59375,True
/data/shared/Qwen/mydisk/output/SYNTHETIC/NVILA-Lite-2B-SYNTHETIC_MIX_5PCT_2M-20260226_023301/checkpoint-12500,obj2_closer,output/phasevar_5/0008_phA07_phB09.png,Is the cyan sphere closer to the camera than the blue cube? Answer with yes or no.,Yes,Yes,22.296875,17.1875,True
/data/shared/Qwen/mydisk/output/SYNTHETIC/NVILA-Lite-2B-SYNTHETIC_MIX_5PCT_2M-20260226_023301/checkpoint-12500,obj2_closer,output/phasevar_5/0008_phA07_phB10.png,Is the cyan sphere closer to the camera than the blue cube? Answer with yes or no.,Yes,Yes,22.4375,18.140625,True
/data/shared/Qwen/mydisk/output/SYNTHETIC/NVILA-Lite-2B-SYNTHETIC_MIX_5PCT_2M-20260226_023301/checkpoint-12500,obj2_closer,output/phasevar_5/0008_phA07_phB11.png,Is the cyan sphere closer to the camera than the blue cube? Answer with yes or no.,Yes,Yes,23.390625,18.671875,True
/data/shared/Qwen/mydisk/output/SYNTHETIC/NVILA-Lite-2B-SYNTHETIC_MIX_5PCT_2M-20260226_023301/checkpoint-12500,obj2_closer,output/phasevar_5/0008_phA07_phB12.png,Is the cyan sphere closer to the camera than the blue cube? Answer with yes or no.,Yes,Yes,23.8125,18.984375,True
/data/shared/Qwen/mydisk/output/SYNTHETIC/NVILA-Lite-2B-SYNTHETIC_MIX_5PCT_2M-20260226_023301/checkpoint-12500,obj2_closer,output/phasevar_5/0008_phA07_phB13.png,Is the cyan sphere closer to the camera than the blue cube? Answer with yes or no.,Yes,Yes,23.5625,19.203125,True
/data/shared/Qwen/mydisk/output/SYNTHETIC/NVILA-Lite-2B-SYNTHETIC_MIX_5PCT_2M-20260226_023301/checkpoint-12500,obj2_closer,output/phasevar_5/0008_phA07_phB14.png,Is the cyan sphere closer to the camera than the blue cube? Answer with yes or no.,Yes,Yes,23.796875,19.53125,True
/data/shared/Qwen/mydisk/output/SYNTHETIC/NVILA-Lite-2B-SYNTHETIC_MIX_5PCT_2M-20260226_023301/checkpoint-12500,obj2_closer,output/phasevar_5/0008_phA07_phB15.png,Is the cyan sphere closer to the camera than the blue cube? Answer with yes or no.,Yes,Yes,23.296875,19.328125,True
/data/shared/Qwen/mydisk/output/SYNTHETIC/NVILA-Lite-2B-SYNTHETIC_MIX_5PCT_2M-20260226_023301/checkpoint-12500,obj2_closer,output/phasevar_5/0008_phA08_phB00.png,Is the cyan sphere closer to the camera than the blue cube? Answer with yes or no.,Yes,Yes,23.21875,19.609375,True
/data/shared/Qwen/mydisk/output/SYNTHETIC/NVILA-Lite-2B-SYNTHETIC_MIX_5PCT_2M-20260226_023301/checkpoint-12500,obj2_closer,output/phasevar_5/0008_phA08_phB01.png,Is the cyan sphere closer to the camera than the blue cube? Answer with yes or no.,Yes,Yes,24.5,20.1875,True
/data/shared/Qwen/mydisk/output/SYNTHETIC/NVILA-Lite-2B-SYNTHETIC_MIX_5PCT_2M-20260226_023301/checkpoint-12500,obj2_closer,output/phasevar_5/0008_phA08_phB02.png,Is the cyan sphere closer to the camera than the blue cube? Answer with yes or no.,Yes,Yes,24.140625,20.34375,True
/data/shared/Qwen/mydisk/output/SYNTHETIC/NVILA-Lite-2B-SYNTHETIC_MIX_5PCT_2M-20260226_023301/checkpoint-12500,obj2_closer,output/phasevar_5/0008_phA08_phB03.png,Is the cyan sphere closer to the camera than the blue cube? Answer with yes or no.,Yes,Yes,26.0,20.796875,True
/data/shared/Qwen/mydisk/output/SYNTHETIC/NVILA-Lite-2B-SYNTHETIC_MIX_5PCT_2M-20260226_023301/checkpoint-12500,obj2_closer,output/phasevar_5/0008_phA08_phB04.png,Is the cyan sphere closer to the camera than the blue cube? Answer with yes or no.,Yes,Yes,26.421875,20.9375,True
/data/shared/Qwen/mydisk/output/SYNTHETIC/NVILA-Lite-2B-SYNTHETIC_MIX_5PCT_2M-20260226_023301/checkpoint-12500,obj2_closer,output/phasevar_5/0008_phA08_phB05.png,Is the cyan sphere closer to the camera than the blue cube? Answer with yes or no.,Yes,Yes,24.953125,20.09375,True
/data/shared/Qwen/mydisk/output/SYNTHETIC/NVILA-Lite-2B-SYNTHETIC_MIX_5PCT_2M-20260226_023301/checkpoint-12500,obj2_closer,output/phasevar_5/0008_phA08_phB06.png,Is the cyan sphere closer to the camera than the blue cube? Answer with yes or no.,Yes,Yes,23.046875,19.140625,True
/data/shared/Qwen/mydisk/output/SYNTHETIC/NVILA-Lite-2B-SYNTHETIC_MIX_5PCT_2M-20260226_023301/checkpoint-12500,obj2_closer,output/phasevar_5/0008_phA08_phB07.png,Is the cyan sphere closer to the camera than the blue cube? Answer with yes or no.,Yes,Yes,22.96875,18.296875,True
/data/shared/Qwen/mydisk/output/SYNTHETIC/NVILA-Lite-2B-SYNTHETIC_MIX_5PCT_2M-20260226_023301/checkpoint-12500,obj2_closer,output/phasevar_5/0008_phA08_phB08.png,Is the cyan sphere closer to the camera than the blue cube? Answer with yes or no.,Yes,Yes,22.125,17.640625,True
/data/shared/Qwen/mydisk/output/SYNTHETIC/NVILA-Lite-2B-SYNTHETIC_MIX_5PCT_2M-20260226_023301/checkpoint-12500,obj2_closer,output/phasevar_5/0008_phA08_phB09.png,Is the cyan sphere closer to the camera than the blue cube? Answer with yes or no.,Yes,Yes,22.3125,17.34375,True
/data/shared/Qwen/mydisk/output/SYNTHETIC/NVILA-Lite-2B-SYNTHETIC_MIX_5PCT_2M-20260226_023301/checkpoint-12500,obj2_closer,output/phasevar_5/0008_phA08_phB10.png,Is the cyan sphere closer to the camera than the blue cube? Answer with yes or no.,Yes,Yes,22.25,18.328125,True
/data/shared/Qwen/mydisk/output/SYNTHETIC/NVILA-Lite-2B-SYNTHETIC_MIX_5PCT_2M-20260226_023301/checkpoint-12500,obj2_closer,output/phasevar_5/0008_phA08_phB11.png,Is the cyan sphere closer to the camera than the blue cube? Answer with yes or no.,Yes,Yes,23.375,18.890625,True
/data/shared/Qwen/mydisk/output/SYNTHETIC/NVILA-Lite-2B-SYNTHETIC_MIX_5PCT_2M-20260226_023301/checkpoint-12500,obj2_closer,output/phasevar_5/0008_phA08_phB12.png,Is the cyan sphere closer to the camera than the blue cube? Answer with yes or no.,Yes,Yes,23.96875,19.21875,True
/data/shared/Qwen/mydisk/output/SYNTHETIC/NVILA-Lite-2B-SYNTHETIC_MIX_5PCT_2M-20260226_023301/checkpoint-12500,obj2_closer,output/phasevar_5/0008_phA08_phB13.png,Is the cyan sphere closer to the camera than the blue cube? Answer with yes or no.,Yes,Yes,23.546875,19.359375,True
/data/shared/Qwen/mydisk/output/SYNTHETIC/NVILA-Lite-2B-SYNTHETIC_MIX_5PCT_2M-20260226_023301/checkpoint-12500,obj2_closer,output/phasevar_5/0008_phA08_phB14.png,Is the cyan sphere closer to the camera than the blue cube? Answer with yes or no.,Yes,Yes,23.9375,19.71875,True
/data/shared/Qwen/mydisk/output/SYNTHETIC/NVILA-Lite-2B-SYNTHETIC_MIX_5PCT_2M-20260226_023301/checkpoint-12500,obj2_closer,output/phasevar_5/0008_phA08_phB15.png,Is the cyan sphere closer to the camera than the blue cube? Answer with yes or no.,Yes,Yes,23.453125,19.5,True
/data/shared/Qwen/mydisk/output/SYNTHETIC/NVILA-Lite-2B-SYNTHETIC_MIX_5PCT_2M-20260226_023301/checkpoint-12500,obj2_closer,output/phasevar_5/0008_phA09_phB00.png,Is the cyan sphere closer to the camera than the blue cube? Answer with yes or no.,Yes,Yes,24.234375,20.1875,True
/data/shared/Qwen/mydisk/output/SYNTHETIC/NVILA-Lite-2B-SYNTHETIC_MIX_5PCT_2M-20260226_023301/checkpoint-12500,obj2_closer,output/phasevar_5/0008_phA09_phB01.png,Is the cyan sphere closer to the camera than the blue cube? Answer with yes or no.,Yes,Yes,25.328125,20.734375,True
/data/shared/Qwen/mydisk/output/SYNTHETIC/NVILA-Lite-2B-SYNTHETIC_MIX_5PCT_2M-20260226_023301/checkpoint-12500,obj2_closer,output/phasevar_5/0008_phA09_phB02.png,Is the cyan sphere closer to the camera than the blue cube? Answer with yes or no.,Yes,Yes,24.875,20.78125,True
/data/shared/Qwen/mydisk/output/SYNTHETIC/NVILA-Lite-2B-SYNTHETIC_MIX_5PCT_2M-20260226_023301/checkpoint-12500,obj2_closer,output/phasevar_5/0008_phA09_phB03.png,Is the cyan sphere closer to the camera than the blue cube? Answer with yes or no.,Yes,Yes,26.5,21.1875,True
/data/shared/Qwen/mydisk/output/SYNTHETIC/NVILA-Lite-2B-SYNTHETIC_MIX_5PCT_2M-20260226_023301/checkpoint-12500,obj2_closer,output/phasevar_5/0008_phA09_phB04.png,Is the cyan sphere closer to the camera than the blue cube? Answer with yes or no.,Yes,Yes,27.125,21.453125,True
/data/shared/Qwen/mydisk/output/SYNTHETIC/NVILA-Lite-2B-SYNTHETIC_MIX_5PCT_2M-20260226_023301/checkpoint-12500,obj2_closer,output/phasevar_5/0008_phA09_phB05.png,Is the cyan sphere closer to the camera than the blue cube? Answer with yes or no.,Yes,Yes,25.734375,20.65625,True
/data/shared/Qwen/mydisk/output/SYNTHETIC/NVILA-Lite-2B-SYNTHETIC_MIX_5PCT_2M-20260226_023301/checkpoint-12500,obj2_closer,output/phasevar_5/0008_phA09_phB06.png,Is the cyan sphere closer to the camera than the blue cube? Answer with yes or no.,Yes,Yes,23.890625,19.6875,True
/data/shared/Qwen/mydisk/output/SYNTHETIC/NVILA-Lite-2B-SYNTHETIC_MIX_5PCT_2M-20260226_023301/checkpoint-12500,obj2_closer,output/phasevar_5/0008_phA09_phB07.png,Is the cyan sphere closer to the camera than the blue cube? Answer with yes or no.,Yes,Yes,23.8125,19.09375,True
/data/shared/Qwen/mydisk/output/SYNTHETIC/NVILA-Lite-2B-SYNTHETIC_MIX_5PCT_2M-20260226_023301/checkpoint-12500,obj2_closer,output/phasevar_5/0008_phA09_phB08.png,Is the cyan sphere closer to the camera than the blue cube? Answer with yes or no.,Yes,Yes,23.265625,18.484375,True
/data/shared/Qwen/mydisk/output/SYNTHETIC/NVILA-Lite-2B-SYNTHETIC_MIX_5PCT_2M-20260226_023301/checkpoint-12500,obj2_closer,output/phasevar_5/0008_phA09_phB09.png,Is the cyan sphere closer to the camera than the blue cube? Answer with yes or no.,Yes,Yes,23.109375,17.625,True
/data/shared/Qwen/mydisk/output/SYNTHETIC/NVILA-Lite-2B-SYNTHETIC_MIX_5PCT_2M-20260226_023301/checkpoint-12500,obj2_closer,output/phasevar_5/0008_phA09_phB10.png,Is the cyan sphere closer to the camera than the blue cube? Answer with yes or no.,Yes,Yes,22.734375,18.3125,True
/data/shared/Qwen/mydisk/output/SYNTHETIC/NVILA-Lite-2B-SYNTHETIC_MIX_5PCT_2M-20260226_023301/checkpoint-12500,obj2_closer,output/phasevar_5/0008_phA09_phB11.png,Is the cyan sphere closer to the camera than the blue cube? Answer with yes or no.,Yes,Yes,23.6875,18.8125,True
/data/shared/Qwen/mydisk/output/SYNTHETIC/NVILA-Lite-2B-SYNTHETIC_MIX_5PCT_2M-20260226_023301/checkpoint-12500,obj2_closer,output/phasevar_5/0008_phA09_phB12.png,Is the cyan sphere closer to the camera than the blue cube? Answer with yes or no.,Yes,Yes,24.3125,19.203125,True
/data/shared/Qwen/mydisk/output/SYNTHETIC/NVILA-Lite-2B-SYNTHETIC_MIX_5PCT_2M-20260226_023301/checkpoint-12500,obj2_closer,output/phasevar_5/0008_phA09_phB13.png,Is the cyan sphere closer to the camera than the blue cube? Answer with yes or no.,Yes,Yes,23.96875,19.375,True
/data/shared/Qwen/mydisk/output/SYNTHETIC/NVILA-Lite-2B-SYNTHETIC_MIX_5PCT_2M-20260226_023301/checkpoint-12500,obj2_closer,output/phasevar_5/0008_phA09_phB14.png,Is the cyan sphere closer to the camera than the blue cube? Answer with yes or no.,Yes,Yes,24.734375,20.046875,True
/data/shared/Qwen/mydisk/output/SYNTHETIC/NVILA-Lite-2B-SYNTHETIC_MIX_5PCT_2M-20260226_023301/checkpoint-12500,obj2_closer,output/phasevar_5/0008_phA09_phB15.png,Is the cyan sphere closer to the camera than the blue cube? Answer with yes or no.,Yes,Yes,24.1875,19.78125,True
/data/shared/Qwen/mydisk/output/SYNTHETIC/NVILA-Lite-2B-SYNTHETIC_MIX_5PCT_2M-20260226_023301/checkpoint-12500,obj2_closer,output/phasevar_5/0008_phA10_phB00.png,Is the cyan sphere closer to the camera than the blue cube? Answer with yes or no.,Yes,Yes,24.125,20.390625,True
/data/shared/Qwen/mydisk/output/SYNTHETIC/NVILA-Lite-2B-SYNTHETIC_MIX_5PCT_2M-20260226_023301/checkpoint-12500,obj2_closer,output/phasevar_5/0008_phA10_phB01.png,Is the cyan sphere closer to the camera than the blue cube? Answer with yes or no.,Yes,Yes,25.03125,20.75,True
/data/shared/Qwen/mydisk/output/SYNTHETIC/NVILA-Lite-2B-SYNTHETIC_MIX_5PCT_2M-20260226_023301/checkpoint-12500,obj2_closer,output/phasevar_5/0008_phA10_phB02.png,Is the cyan sphere closer to the camera than the blue cube? Answer with yes or no.,Yes,Yes,24.515625,20.796875,True
/data/shared/Qwen/mydisk/output/SYNTHETIC/NVILA-Lite-2B-SYNTHETIC_MIX_5PCT_2M-20260226_023301/checkpoint-12500,obj2_closer,output/phasevar_5/0008_phA10_phB03.png,Is the cyan sphere closer to the camera than the blue cube? Answer with yes or no.,Yes,Yes,26.15625,21.140625,True
/data/shared/Qwen/mydisk/output/SYNTHETIC/NVILA-Lite-2B-SYNTHETIC_MIX_5PCT_2M-20260226_023301/checkpoint-12500,obj2_closer,output/phasevar_5/0008_phA10_phB04.png,Is the cyan sphere closer to the camera than the blue cube? Answer with yes or no.,Yes,Yes,26.328125,21.3125,True
/data/shared/Qwen/mydisk/output/SYNTHETIC/NVILA-Lite-2B-SYNTHETIC_MIX_5PCT_2M-20260226_023301/checkpoint-12500,obj2_closer,output/phasevar_5/0008_phA10_phB05.png,Is the cyan sphere closer to the camera than the blue cube? Answer with yes or no.,Yes,Yes,25.15625,20.703125,True
/data/shared/Qwen/mydisk/output/SYNTHETIC/NVILA-Lite-2B-SYNTHETIC_MIX_5PCT_2M-20260226_023301/checkpoint-12500,obj2_closer,output/phasevar_5/0008_phA10_phB06.png,Is the cyan sphere closer to the camera than the blue cube? Answer with yes or no.,Yes,Yes,23.671875,19.90625,True
/data/shared/Qwen/mydisk/output/SYNTHETIC/NVILA-Lite-2B-SYNTHETIC_MIX_5PCT_2M-20260226_023301/checkpoint-12500,obj2_closer,output/phasevar_5/0008_phA10_phB07.png,Is the cyan sphere closer to the camera than the blue cube? Answer with yes or no.,Yes,Yes,23.640625,19.484375,True
/data/shared/Qwen/mydisk/output/SYNTHETIC/NVILA-Lite-2B-SYNTHETIC_MIX_5PCT_2M-20260226_023301/checkpoint-12500,obj2_closer,output/phasevar_5/0008_phA10_phB08.png,Is the cyan sphere closer to the camera than the blue cube? Answer with yes or no.,Yes,Yes,22.984375,18.984375,True
/data/shared/Qwen/mydisk/output/SYNTHETIC/NVILA-Lite-2B-SYNTHETIC_MIX_5PCT_2M-20260226_023301/checkpoint-12500,obj2_closer,output/phasevar_5/0008_phA10_phB09.png,Is the cyan sphere closer to the camera than the blue cube? Answer with yes or no.,Yes,Yes,22.84375,18.1875,True
/data/shared/Qwen/mydisk/output/SYNTHETIC/NVILA-Lite-2B-SYNTHETIC_MIX_5PCT_2M-20260226_023301/checkpoint-12500,obj2_closer,output/phasevar_5/0008_phA10_phB10.png,Is the cyan sphere closer to the camera than the blue cube? Answer with yes or no.,Yes,Yes,22.625,18.828125,True
/data/shared/Qwen/mydisk/output/SYNTHETIC/NVILA-Lite-2B-SYNTHETIC_MIX_5PCT_2M-20260226_023301/checkpoint-12500,obj2_closer,output/phasevar_5/0008_phA10_phB11.png,Is the cyan sphere closer to the camera than the blue cube? Answer with yes or no.,Yes,Yes,22.984375,19.015625,True
/data/shared/Qwen/mydisk/output/SYNTHETIC/NVILA-Lite-2B-SYNTHETIC_MIX_5PCT_2M-20260226_023301/checkpoint-12500,obj2_closer,output/phasevar_5/0008_phA10_phB12.png,Is the cyan sphere closer to the camera than the blue cube? Answer with yes or no.,Yes,Yes,23.78125,19.359375,True
/data/shared/Qwen/mydisk/output/SYNTHETIC/NVILA-Lite-2B-SYNTHETIC_MIX_5PCT_2M-20260226_023301/checkpoint-12500,obj2_closer,output/phasevar_5/0008_phA10_phB13.png,Is the cyan sphere closer to the camera than the blue cube? Answer with yes or no.,Yes,Yes,23.3125,19.390625,True
/data/shared/Qwen/mydisk/output/SYNTHETIC/NVILA-Lite-2B-SYNTHETIC_MIX_5PCT_2M-20260226_023301/checkpoint-12500,obj2_closer,output/phasevar_5/0008_phA10_phB14.png,Is the cyan sphere closer to the camera than the blue cube? Answer with yes or no.,Yes,Yes,24.21875,20.125,True
/data/shared/Qwen/mydisk/output/SYNTHETIC/NVILA-Lite-2B-SYNTHETIC_MIX_5PCT_2M-20260226_023301/checkpoint-12500,obj2_closer,output/phasevar_5/0008_phA10_phB15.png,Is the cyan sphere closer to the camera than the blue cube? Answer with yes or no.,Yes,Yes,23.9375,20.046875,True
/data/shared/Qwen/mydisk/output/SYNTHETIC/NVILA-Lite-2B-SYNTHETIC_MIX_5PCT_2M-20260226_023301/checkpoint-12500,obj2_closer,output/phasevar_5/0008_phA11_phB00.png,Is the cyan sphere closer to the camera than the blue cube? Answer with yes or no.,Yes,Yes,23.859375,20.0,True
/data/shared/Qwen/mydisk/output/SYNTHETIC/NVILA-Lite-2B-SYNTHETIC_MIX_5PCT_2M-20260226_023301/checkpoint-12500,obj2_closer,output/phasevar_5/0008_phA11_phB01.png,Is the cyan sphere closer to the camera than the blue cube? Answer with yes or no.,Yes,Yes,24.828125,20.375,True
/data/shared/Qwen/mydisk/output/SYNTHETIC/NVILA-Lite-2B-SYNTHETIC_MIX_5PCT_2M-20260226_023301/checkpoint-12500,obj2_closer,output/phasevar_5/0008_phA11_phB02.png,Is the cyan sphere closer to the camera than the blue cube? Answer with yes or no.,Yes,Yes,24.40625,20.46875,True
/data/shared/Qwen/mydisk/output/SYNTHETIC/NVILA-Lite-2B-SYNTHETIC_MIX_5PCT_2M-20260226_023301/checkpoint-12500,obj2_closer,output/phasevar_5/0008_phA11_phB03.png,Is the cyan sphere closer to the camera than the blue cube? Answer with yes or no.,Yes,Yes,26.0,20.875,True
/data/shared/Qwen/mydisk/output/SYNTHETIC/NVILA-Lite-2B-SYNTHETIC_MIX_5PCT_2M-20260226_023301/checkpoint-12500,obj2_closer,output/phasevar_5/0008_phA11_phB04.png,Is the cyan sphere closer to the camera than the blue cube? Answer with yes or no.,Yes,Yes,26.296875,21.078125,True
/data/shared/Qwen/mydisk/output/SYNTHETIC/NVILA-Lite-2B-SYNTHETIC_MIX_5PCT_2M-20260226_023301/checkpoint-12500,obj2_closer,output/phasevar_5/0008_phA11_phB05.png,Is the cyan sphere closer to the camera than the blue cube? Answer with yes or no.,Yes,Yes,25.609375,20.6875,True
/data/shared/Qwen/mydisk/output/SYNTHETIC/NVILA-Lite-2B-SYNTHETIC_MIX_5PCT_2M-20260226_023301/checkpoint-12500,obj2_closer,output/phasevar_5/0008_phA11_phB06.png,Is the cyan sphere closer to the camera than the blue cube? Answer with yes or no.,Yes,Yes,23.796875,19.59375,True
/data/shared/Qwen/mydisk/output/SYNTHETIC/NVILA-Lite-2B-SYNTHETIC_MIX_5PCT_2M-20260226_023301/checkpoint-12500,obj2_closer,output/phasevar_5/0008_phA11_phB07.png,Is the cyan sphere closer to the camera than the blue cube? Answer with yes or no.,Yes,Yes,23.359375,18.90625,True
/data/shared/Qwen/mydisk/output/SYNTHETIC/NVILA-Lite-2B-SYNTHETIC_MIX_5PCT_2M-20260226_023301/checkpoint-12500,obj2_closer,output/phasevar_5/0008_phA11_phB08.png,Is the cyan sphere closer to the camera than the blue cube? Answer with yes or no.,Yes,Yes,22.984375,18.640625,True
/data/shared/Qwen/mydisk/output/SYNTHETIC/NVILA-Lite-2B-SYNTHETIC_MIX_5PCT_2M-20260226_023301/checkpoint-12500,obj2_closer,output/phasevar_5/0008_phA11_phB09.png,Is the cyan sphere closer to the camera than the blue cube? Answer with yes or no.,Yes,Yes,22.84375,17.875,True
/data/shared/Qwen/mydisk/output/SYNTHETIC/NVILA-Lite-2B-SYNTHETIC_MIX_5PCT_2M-20260226_023301/checkpoint-12500,obj2_closer,output/phasevar_5/0008_phA11_phB10.png,Is the cyan sphere closer to the camera than the blue cube? Answer with yes or no.,Yes,Yes,22.234375,18.21875,True
/data/shared/Qwen/mydisk/output/SYNTHETIC/NVILA-Lite-2B-SYNTHETIC_MIX_5PCT_2M-20260226_023301/checkpoint-12500,obj2_closer,output/phasevar_5/0008_phA11_phB11.png,Is the cyan sphere closer to the camera than the blue cube? Answer with yes or no.,Yes,Yes,23.125,18.609375,True
/data/shared/Qwen/mydisk/output/SYNTHETIC/NVILA-Lite-2B-SYNTHETIC_MIX_5PCT_2M-20260226_023301/checkpoint-12500,obj2_closer,output/phasevar_5/0008_phA11_phB12.png,Is the cyan sphere closer to the camera than the blue cube? Answer with yes or no.,Yes,Yes,23.828125,18.828125,True
/data/shared/Qwen/mydisk/output/SYNTHETIC/NVILA-Lite-2B-SYNTHETIC_MIX_5PCT_2M-20260226_023301/checkpoint-12500,obj2_closer,output/phasevar_5/0008_phA11_phB13.png,Is the cyan sphere closer to the camera than the blue cube? Answer with yes or no.,Yes,Yes,23.5625,19.1875,True
/data/shared/Qwen/mydisk/output/SYNTHETIC/NVILA-Lite-2B-SYNTHETIC_MIX_5PCT_2M-20260226_023301/checkpoint-12500,obj2_closer,output/phasevar_5/0008_phA11_phB14.png,Is the cyan sphere closer to the camera than the blue cube? Answer with yes or no.,Yes,Yes,24.125,19.765625,True
/data/shared/Qwen/mydisk/output/SYNTHETIC/NVILA-Lite-2B-SYNTHETIC_MIX_5PCT_2M-20260226_023301/checkpoint-12500,obj2_closer,output/phasevar_5/0008_phA11_phB15.png,Is the cyan sphere closer to the camera than the blue cube? Answer with yes or no.,Yes,Yes,23.984375,19.75,True
/data/shared/Qwen/mydisk/output/SYNTHETIC/NVILA-Lite-2B-SYNTHETIC_MIX_5PCT_2M-20260226_023301/checkpoint-12500,obj2_closer,output/phasevar_5/0008_phA12_phB00.png,Is the cyan sphere closer to the camera than the blue cube? Answer with yes or no.,Yes,Yes,23.8125,19.984375,True
/data/shared/Qwen/mydisk/output/SYNTHETIC/NVILA-Lite-2B-SYNTHETIC_MIX_5PCT_2M-20260226_023301/checkpoint-12500,obj2_closer,output/phasevar_5/0008_phA12_phB01.png,Is the cyan sphere closer to the camera than the blue cube? Answer with yes or no.,Yes,Yes,24.765625,20.375,True
/data/shared/Qwen/mydisk/output/SYNTHETIC/NVILA-Lite-2B-SYNTHETIC_MIX_5PCT_2M-20260226_023301/checkpoint-12500,obj2_closer,output/phasevar_5/0008_phA12_phB02.png,Is the cyan sphere closer to the camera than the blue cube? Answer with yes or no.,Yes,Yes,24.109375,20.359375,True
/data/shared/Qwen/mydisk/output/SYNTHETIC/NVILA-Lite-2B-SYNTHETIC_MIX_5PCT_2M-20260226_023301/checkpoint-12500,obj2_closer,output/phasevar_5/0008_phA12_phB03.png,Is the cyan sphere closer to the camera than the blue cube? Answer with yes or no.,Yes,Yes,25.5,20.671875,True
/data/shared/Qwen/mydisk/output/SYNTHETIC/NVILA-Lite-2B-SYNTHETIC_MIX_5PCT_2M-20260226_023301/checkpoint-12500,obj2_closer,output/phasevar_5/0008_phA12_phB04.png,Is the cyan sphere closer to the camera than the blue cube? Answer with yes or no.,Yes,Yes,26.15625,20.984375,True
/data/shared/Qwen/mydisk/output/SYNTHETIC/NVILA-Lite-2B-SYNTHETIC_MIX_5PCT_2M-20260226_023301/checkpoint-12500,obj2_closer,output/phasevar_5/0008_phA12_phB05.png,Is the cyan sphere closer to the camera than the blue cube? Answer with yes or no.,Yes,Yes,25.421875,20.65625,True
/data/shared/Qwen/mydisk/output/SYNTHETIC/NVILA-Lite-2B-SYNTHETIC_MIX_5PCT_2M-20260226_023301/checkpoint-12500,obj2_closer,output/phasevar_5/0008_phA12_phB06.png,Is the cyan sphere closer to the camera than the blue cube? Answer with yes or no.,Yes,Yes,24.078125,19.765625,True
/data/shared/Qwen/mydisk/output/SYNTHETIC/NVILA-Lite-2B-SYNTHETIC_MIX_5PCT_2M-20260226_023301/checkpoint-12500,obj2_closer,output/phasevar_5/0008_phA12_phB07.png,Is the cyan sphere closer to the camera than the blue cube? Answer with yes or no.,Yes,Yes,23.75,19.125,True
/data/shared/Qwen/mydisk/output/SYNTHETIC/NVILA-Lite-2B-SYNTHETIC_MIX_5PCT_2M-20260226_023301/checkpoint-12500,obj2_closer,output/phasevar_5/0008_phA12_phB08.png,Is the cyan sphere closer to the camera than the blue cube? Answer with yes or no.,Yes,Yes,23.5,18.984375,True
/data/shared/Qwen/mydisk/output/SYNTHETIC/NVILA-Lite-2B-SYNTHETIC_MIX_5PCT_2M-20260226_023301/checkpoint-12500,obj2_closer,output/phasevar_5/0008_phA12_phB09.png,Is the cyan sphere closer to the camera than the blue cube? Answer with yes or no.,Yes,Yes,23.28125,18.28125,True
/data/shared/Qwen/mydisk/output/SYNTHETIC/NVILA-Lite-2B-SYNTHETIC_MIX_5PCT_2M-20260226_023301/checkpoint-12500,obj2_closer,output/phasevar_5/0008_phA12_phB10.png,Is the cyan sphere closer to the camera than the blue cube? Answer with yes or no.,Yes,Yes,22.234375,18.359375,True
/data/shared/Qwen/mydisk/output/SYNTHETIC/NVILA-Lite-2B-SYNTHETIC_MIX_5PCT_2M-20260226_023301/checkpoint-12500,obj2_closer,output/phasevar_5/0008_phA12_phB11.png,Is the cyan sphere closer to the camera than the blue cube? Answer with yes or no.,Yes,Yes,22.890625,18.671875,True
/data/shared/Qwen/mydisk/output/SYNTHETIC/NVILA-Lite-2B-SYNTHETIC_MIX_5PCT_2M-20260226_023301/checkpoint-12500,obj2_closer,output/phasevar_5/0008_phA12_phB12.png,Is the cyan sphere closer to the camera than the blue cube? Answer with yes or no.,Yes,Yes,23.546875,18.78125,True
/data/shared/Qwen/mydisk/output/SYNTHETIC/NVILA-Lite-2B-SYNTHETIC_MIX_5PCT_2M-20260226_023301/checkpoint-12500,obj2_closer,output/phasevar_5/0008_phA12_phB13.png,Is the cyan sphere closer to the camera than the blue cube? Answer with yes or no.,Yes,Yes,23.4375,19.1875,True
/data/shared/Qwen/mydisk/output/SYNTHETIC/NVILA-Lite-2B-SYNTHETIC_MIX_5PCT_2M-20260226_023301/checkpoint-12500,obj2_closer,output/phasevar_5/0008_phA12_phB14.png,Is the cyan sphere closer to the camera than the blue cube? Answer with yes or no.,Yes,Yes,23.78125,19.640625,True
/data/shared/Qwen/mydisk/output/SYNTHETIC/NVILA-Lite-2B-SYNTHETIC_MIX_5PCT_2M-20260226_023301/checkpoint-12500,obj2_closer,output/phasevar_5/0008_phA12_phB15.png,Is the cyan sphere closer to the camera than the blue cube? Answer with yes or no.,Yes,Yes,23.859375,19.71875,True
/data/shared/Qwen/mydisk/output/SYNTHETIC/NVILA-Lite-2B-SYNTHETIC_MIX_5PCT_2M-20260226_023301/checkpoint-12500,obj2_closer,output/phasevar_5/0008_phA13_phB00.png,Is the cyan sphere closer to the camera than the blue cube? Answer with yes or no.,Yes,Yes,23.875,19.9375,True
/data/shared/Qwen/mydisk/output/SYNTHETIC/NVILA-Lite-2B-SYNTHETIC_MIX_5PCT_2M-20260226_023301/checkpoint-12500,obj2_closer,output/phasevar_5/0008_phA13_phB01.png,Is the cyan sphere closer to the camera than the blue cube? Answer with yes or no.,Yes,Yes,24.671875,20.28125,True
/data/shared/Qwen/mydisk/output/SYNTHETIC/NVILA-Lite-2B-SYNTHETIC_MIX_5PCT_2M-20260226_023301/checkpoint-12500,obj2_closer,output/phasevar_5/0008_phA13_phB02.png,Is the cyan sphere closer to the camera than the blue cube? Answer with yes or no.,Yes,Yes,23.984375,20.203125,True
/data/shared/Qwen/mydisk/output/SYNTHETIC/NVILA-Lite-2B-SYNTHETIC_MIX_5PCT_2M-20260226_023301/checkpoint-12500,obj2_closer,output/phasevar_5/0008_phA13_phB03.png,Is the cyan sphere closer to the camera than the blue cube? Answer with yes or no.,Yes,Yes,25.59375,20.671875,True
/data/shared/Qwen/mydisk/output/SYNTHETIC/NVILA-Lite-2B-SYNTHETIC_MIX_5PCT_2M-20260226_023301/checkpoint-12500,obj2_closer,output/phasevar_5/0008_phA13_phB04.png,Is the cyan sphere closer to the camera than the blue cube? Answer with yes or no.,Yes,Yes,26.046875,20.859375,True
/data/shared/Qwen/mydisk/output/SYNTHETIC/NVILA-Lite-2B-SYNTHETIC_MIX_5PCT_2M-20260226_023301/checkpoint-12500,obj2_closer,output/phasevar_5/0008_phA13_phB05.png,Is the cyan sphere closer to the camera than the blue cube? Answer with yes or no.,Yes,Yes,25.5,20.671875,True
/data/shared/Qwen/mydisk/output/SYNTHETIC/NVILA-Lite-2B-SYNTHETIC_MIX_5PCT_2M-20260226_023301/checkpoint-12500,obj2_closer,output/phasevar_5/0008_phA13_phB06.png,Is the cyan sphere closer to the camera than the blue cube? Answer with yes or no.,Yes,Yes,24.46875,19.984375,True
/data/shared/Qwen/mydisk/output/SYNTHETIC/NVILA-Lite-2B-SYNTHETIC_MIX_5PCT_2M-20260226_023301/checkpoint-12500,obj2_closer,output/phasevar_5/0008_phA13_phB07.png,Is the cyan sphere closer to the camera than the blue cube? Answer with yes or no.,Yes,Yes,24.3125,19.453125,True
/data/shared/Qwen/mydisk/output/SYNTHETIC/NVILA-Lite-2B-SYNTHETIC_MIX_5PCT_2M-20260226_023301/checkpoint-12500,obj2_closer,output/phasevar_5/0008_phA13_phB08.png,Is the cyan sphere closer to the camera than the blue cube? Answer with yes or no.,Yes,Yes,24.234375,19.484375,True
/data/shared/Qwen/mydisk/output/SYNTHETIC/NVILA-Lite-2B-SYNTHETIC_MIX_5PCT_2M-20260226_023301/checkpoint-12500,obj2_closer,output/phasevar_5/0008_phA13_phB09.png,Is the cyan sphere closer to the camera than the blue cube? Answer with yes or no.,Yes,Yes,23.8125,18.671875,True
/data/shared/Qwen/mydisk/output/SYNTHETIC/NVILA-Lite-2B-SYNTHETIC_MIX_5PCT_2M-20260226_023301/checkpoint-12500,obj2_closer,output/phasevar_5/0008_phA13_phB10.png,Is the cyan sphere closer to the camera than the blue cube? Answer with yes or no.,Yes,Yes,22.828125,18.578125,True
/data/shared/Qwen/mydisk/output/SYNTHETIC/NVILA-Lite-2B-SYNTHETIC_MIX_5PCT_2M-20260226_023301/checkpoint-12500,obj2_closer,output/phasevar_5/0008_phA13_phB11.png,Is the cyan sphere closer to the camera than the blue cube? Answer with yes or no.,Yes,Yes,23.125,18.71875,True
/data/shared/Qwen/mydisk/output/SYNTHETIC/NVILA-Lite-2B-SYNTHETIC_MIX_5PCT_2M-20260226_023301/checkpoint-12500,obj2_closer,output/phasevar_5/0008_phA13_phB12.png,Is the cyan sphere closer to the camera than the blue cube? Answer with yes or no.,Yes,Yes,23.625,18.640625,True
/data/shared/Qwen/mydisk/output/SYNTHETIC/NVILA-Lite-2B-SYNTHETIC_MIX_5PCT_2M-20260226_023301/checkpoint-12500,obj2_closer,output/phasevar_5/0008_phA13_phB13.png,Is the cyan sphere closer to the camera than the blue cube? Answer with yes or no.,Yes,Yes,23.609375,19.015625,True
/data/shared/Qwen/mydisk/output/SYNTHETIC/NVILA-Lite-2B-SYNTHETIC_MIX_5PCT_2M-20260226_023301/checkpoint-12500,obj2_closer,output/phasevar_5/0008_phA13_phB14.png,Is the cyan sphere closer to the camera than the blue cube? Answer with yes or no.,Yes,Yes,23.734375,19.484375,True
/data/shared/Qwen/mydisk/output/SYNTHETIC/NVILA-Lite-2B-SYNTHETIC_MIX_5PCT_2M-20260226_023301/checkpoint-12500,obj2_closer,output/phasevar_5/0008_phA13_phB15.png,Is the cyan sphere closer to the camera than the blue cube? Answer with yes or no.,Yes,Yes,23.875,19.640625,True
/data/shared/Qwen/mydisk/output/SYNTHETIC/NVILA-Lite-2B-SYNTHETIC_MIX_5PCT_2M-20260226_023301/checkpoint-12500,obj2_closer,output/phasevar_5/0008_phA14_phB00.png,Is the cyan sphere closer to the camera than the blue cube? Answer with yes or no.,Yes,Yes,24.59375,20.140625,True
/data/shared/Qwen/mydisk/output/SYNTHETIC/NVILA-Lite-2B-SYNTHETIC_MIX_5PCT_2M-20260226_023301/checkpoint-12500,obj2_closer,output/phasevar_5/0008_phA14_phB01.png,Is the cyan sphere closer to the camera than the blue cube? Answer with yes or no.,Yes,Yes,25.34375,20.578125,True
/data/shared/Qwen/mydisk/output/SYNTHETIC/NVILA-Lite-2B-SYNTHETIC_MIX_5PCT_2M-20260226_023301/checkpoint-12500,obj2_closer,output/phasevar_5/0008_phA14_phB02.png,Is the cyan sphere closer to the camera than the blue cube? Answer with yes or no.,Yes,Yes,24.890625,20.71875,True
/data/shared/Qwen/mydisk/output/SYNTHETIC/NVILA-Lite-2B-SYNTHETIC_MIX_5PCT_2M-20260226_023301/checkpoint-12500,obj2_closer,output/phasevar_5/0008_phA14_phB03.png,Is the cyan sphere closer to the camera than the blue cube? Answer with yes or no.,Yes,Yes,26.1875,20.921875,True
/data/shared/Qwen/mydisk/output/SYNTHETIC/NVILA-Lite-2B-SYNTHETIC_MIX_5PCT_2M-20260226_023301/checkpoint-12500,obj2_closer,output/phasevar_5/0008_phA14_phB04.png,Is the cyan sphere closer to the camera than the blue cube? Answer with yes or no.,Yes,Yes,26.828125,21.1875,True
/data/shared/Qwen/mydisk/output/SYNTHETIC/NVILA-Lite-2B-SYNTHETIC_MIX_5PCT_2M-20260226_023301/checkpoint-12500,obj2_closer,output/phasevar_5/0008_phA14_phB05.png,Is the cyan sphere closer to the camera than the blue cube? Answer with yes or no.,Yes,Yes,26.4375,21.0,True
/data/shared/Qwen/mydisk/output/SYNTHETIC/NVILA-Lite-2B-SYNTHETIC_MIX_5PCT_2M-20260226_023301/checkpoint-12500,obj2_closer,output/phasevar_5/0008_phA14_phB06.png,Is the cyan sphere closer to the camera than the blue cube? Answer with yes or no.,Yes,Yes,26.078125,20.9375,True
/data/shared/Qwen/mydisk/output/SYNTHETIC/NVILA-Lite-2B-SYNTHETIC_MIX_5PCT_2M-20260226_023301/checkpoint-12500,obj2_closer,output/phasevar_5/0008_phA14_phB07.png,Is the cyan sphere closer to the camera than the blue cube? Answer with yes or no.,Yes,Yes,26.265625,20.6875,True
/data/shared/Qwen/mydisk/output/SYNTHETIC/NVILA-Lite-2B-SYNTHETIC_MIX_5PCT_2M-20260226_023301/checkpoint-12500,obj2_closer,output/phasevar_5/0008_phA14_phB08.png,Is the cyan sphere closer to the camera than the blue cube? Answer with yes or no.,Yes,Yes,25.96875,20.34375,True
/data/shared/Qwen/mydisk/output/SYNTHETIC/NVILA-Lite-2B-SYNTHETIC_MIX_5PCT_2M-20260226_023301/checkpoint-12500,obj2_closer,output/phasevar_5/0008_phA14_phB09.png,Is the cyan sphere closer to the camera than the blue cube? Answer with yes or no.,Yes,Yes,25.21875,19.421875,True
/data/shared/Qwen/mydisk/output/SYNTHETIC/NVILA-Lite-2B-SYNTHETIC_MIX_5PCT_2M-20260226_023301/checkpoint-12500,obj2_closer,output/phasevar_5/0008_phA14_phB10.png,Is the cyan sphere closer to the camera than the blue cube? Answer with yes or no.,Yes,Yes,24.515625,19.234375,True
/data/shared/Qwen/mydisk/output/SYNTHETIC/NVILA-Lite-2B-SYNTHETIC_MIX_5PCT_2M-20260226_023301/checkpoint-12500,obj2_closer,output/phasevar_5/0008_phA14_phB11.png,Is the cyan sphere closer to the camera than the blue cube? Answer with yes or no.,Yes,Yes,24.359375,19.234375,True
/data/shared/Qwen/mydisk/output/SYNTHETIC/NVILA-Lite-2B-SYNTHETIC_MIX_5PCT_2M-20260226_023301/checkpoint-12500,obj2_closer,output/phasevar_5/0008_phA14_phB12.png,Is the cyan sphere closer to the camera than the blue cube? Answer with yes or no.,Yes,Yes,24.59375,18.984375,True
/data/shared/Qwen/mydisk/output/SYNTHETIC/NVILA-Lite-2B-SYNTHETIC_MIX_5PCT_2M-20260226_023301/checkpoint-12500,obj2_closer,output/phasevar_5/0008_phA14_phB13.png,Is the cyan sphere closer to the camera than the blue cube? Answer with yes or no.,Yes,Yes,24.171875,19.109375,True
/data/shared/Qwen/mydisk/output/SYNTHETIC/NVILA-Lite-2B-SYNTHETIC_MIX_5PCT_2M-20260226_023301/checkpoint-12500,obj2_closer,output/phasevar_5/0008_phA14_phB14.png,Is the cyan sphere closer to the camera than the blue cube? Answer with yes or no.,Yes,Yes,24.65625,19.421875,True
/data/shared/Qwen/mydisk/output/SYNTHETIC/NVILA-Lite-2B-SYNTHETIC_MIX_5PCT_2M-20260226_023301/checkpoint-12500,obj2_closer,output/phasevar_5/0008_phA14_phB15.png,Is the cyan sphere closer to the camera than the blue cube? Answer with yes or no.,Yes,Yes,24.453125,19.625,True
/data/shared/Qwen/mydisk/output/SYNTHETIC/NVILA-Lite-2B-SYNTHETIC_MIX_5PCT_2M-20260226_023301/checkpoint-12500,obj2_closer,output/phasevar_5/0008_phA15_phB00.png,Is the cyan sphere closer to the camera than the blue cube? Answer with yes or no.,Yes,Yes,24.21875,19.609375,True
/data/shared/Qwen/mydisk/output/SYNTHETIC/NVILA-Lite-2B-SYNTHETIC_MIX_5PCT_2M-20260226_023301/checkpoint-12500,obj2_closer,output/phasevar_5/0008_phA15_phB01.png,Is the cyan sphere closer to the camera than the blue cube? Answer with yes or no.,Yes,Yes,25.09375,20.203125,True
/data/shared/Qwen/mydisk/output/SYNTHETIC/NVILA-Lite-2B-SYNTHETIC_MIX_5PCT_2M-20260226_023301/checkpoint-12500,obj2_closer,output/phasevar_5/0008_phA15_phB02.png,Is the cyan sphere closer to the camera than the blue cube? Answer with yes or no.,Yes,Yes,24.890625,20.53125,True
/data/shared/Qwen/mydisk/output/SYNTHETIC/NVILA-Lite-2B-SYNTHETIC_MIX_5PCT_2M-20260226_023301/checkpoint-12500,obj2_closer,output/phasevar_5/0008_phA15_phB03.png,Is the cyan sphere closer to the camera than the blue cube? Answer with yes or no.,Yes,Yes,26.359375,20.796875,True
/data/shared/Qwen/mydisk/output/SYNTHETIC/NVILA-Lite-2B-SYNTHETIC_MIX_5PCT_2M-20260226_023301/checkpoint-12500,obj2_closer,output/phasevar_5/0008_phA15_phB04.png,Is the cyan sphere closer to the camera than the blue cube? Answer with yes or no.,Yes,Yes,26.609375,20.515625,True
/data/shared/Qwen/mydisk/output/SYNTHETIC/NVILA-Lite-2B-SYNTHETIC_MIX_5PCT_2M-20260226_023301/checkpoint-12500,obj2_closer,output/phasevar_5/0008_phA15_phB05.png,Is the cyan sphere closer to the camera than the blue cube? Answer with yes or no.,Yes,Yes,26.125,20.25,True
/data/shared/Qwen/mydisk/output/SYNTHETIC/NVILA-Lite-2B-SYNTHETIC_MIX_5PCT_2M-20260226_023301/checkpoint-12500,obj2_closer,output/phasevar_5/0008_phA15_phB06.png,Is the cyan sphere closer to the camera than the blue cube? Answer with yes or no.,Yes,Yes,25.65625,20.203125,True
/data/shared/Qwen/mydisk/output/SYNTHETIC/NVILA-Lite-2B-SYNTHETIC_MIX_5PCT_2M-20260226_023301/checkpoint-12500,obj2_closer,output/phasevar_5/0008_phA15_phB07.png,Is the cyan sphere closer to the camera than the blue cube? Answer with yes or no.,Yes,Yes,25.828125,19.796875,True
/data/shared/Qwen/mydisk/output/SYNTHETIC/NVILA-Lite-2B-SYNTHETIC_MIX_5PCT_2M-20260226_023301/checkpoint-12500,obj2_closer,output/phasevar_5/0008_phA15_phB08.png,Is the cyan sphere closer to the camera than the blue cube? Answer with yes or no.,Yes,Yes,25.453125,19.625,True
/data/shared/Qwen/mydisk/output/SYNTHETIC/NVILA-Lite-2B-SYNTHETIC_MIX_5PCT_2M-20260226_023301/checkpoint-12500,obj2_closer,output/phasevar_5/0008_phA15_phB09.png,Is the cyan sphere closer to the camera than the blue cube? Answer with yes or no.,Yes,Yes,24.796875,18.6875,True
/data/shared/Qwen/mydisk/output/SYNTHETIC/NVILA-Lite-2B-SYNTHETIC_MIX_5PCT_2M-20260226_023301/checkpoint-12500,obj2_closer,output/phasevar_5/0008_phA15_phB10.png,Is the cyan sphere closer to the camera than the blue cube? Answer with yes or no.,Yes,Yes,24.234375,18.734375,True
/data/shared/Qwen/mydisk/output/SYNTHETIC/NVILA-Lite-2B-SYNTHETIC_MIX_5PCT_2M-20260226_023301/checkpoint-12500,obj2_closer,output/phasevar_5/0008_phA15_phB11.png,Is the cyan sphere closer to the camera than the blue cube? Answer with yes or no.,Yes,Yes,24.390625,18.953125,True
/data/shared/Qwen/mydisk/output/SYNTHETIC/NVILA-Lite-2B-SYNTHETIC_MIX_5PCT_2M-20260226_023301/checkpoint-12500,obj2_closer,output/phasevar_5/0008_phA15_phB12.png,Is the cyan sphere closer to the camera than the blue cube? Answer with yes or no.,Yes,Yes,24.484375,18.703125,True
/data/shared/Qwen/mydisk/output/SYNTHETIC/NVILA-Lite-2B-SYNTHETIC_MIX_5PCT_2M-20260226_023301/checkpoint-12500,obj2_closer,output/phasevar_5/0008_phA15_phB13.png,Is the cyan sphere closer to the camera than the blue cube? Answer with yes or no.,Yes,Yes,24.25,19.03125,True
/data/shared/Qwen/mydisk/output/SYNTHETIC/NVILA-Lite-2B-SYNTHETIC_MIX_5PCT_2M-20260226_023301/checkpoint-12500,obj2_closer,output/phasevar_5/0008_phA15_phB14.png,Is the cyan sphere closer to the camera than the blue cube? Answer with yes or no.,Yes,Yes,24.6875,19.25,True
/data/shared/Qwen/mydisk/output/SYNTHETIC/NVILA-Lite-2B-SYNTHETIC_MIX_5PCT_2M-20260226_023301/checkpoint-12500,obj2_closer,output/phasevar_5/0008_phA15_phB15.png,Is the cyan sphere closer to the camera than the blue cube? Answer with yes or no.,Yes,Yes,24.328125,19.1875,True
/data/shared/Qwen/mydisk/output/SYNTHETIC/NVILA-Lite-2B-SYNTHETIC_MIX_5PCT_2M-20260226_023301/checkpoint-12500,obj2_closer,output/phasevar_5/0009_phA00_phB00.png,Is the yellow cube closer to the camera than the green sphere? Answer with yes or no.,Yes,Yes,21.65625,18.5625,True
/data/shared/Qwen/mydisk/output/SYNTHETIC/NVILA-Lite-2B-SYNTHETIC_MIX_5PCT_2M-20260226_023301/checkpoint-12500,obj2_closer,output/phasevar_5/0009_phA00_phB01.png,Is the yellow cube closer to the camera than the green sphere? Answer with yes or no.,Yes,Yes,21.953125,19.03125,True
/data/shared/Qwen/mydisk/output/SYNTHETIC/NVILA-Lite-2B-SYNTHETIC_MIX_5PCT_2M-20260226_023301/checkpoint-12500,obj2_closer,output/phasevar_5/0009_phA00_phB02.png,Is the yellow cube closer to the camera than the green sphere? Answer with yes or no.,Yes,Yes,22.453125,19.09375,True
/data/shared/Qwen/mydisk/output/SYNTHETIC/NVILA-Lite-2B-SYNTHETIC_MIX_5PCT_2M-20260226_023301/checkpoint-12500,obj2_closer,output/phasevar_5/0009_phA00_phB03.png,Is the yellow cube closer to the camera than the green sphere? Answer with yes or no.,Yes,Yes,23.796875,19.8125,True
/data/shared/Qwen/mydisk/output/SYNTHETIC/NVILA-Lite-2B-SYNTHETIC_MIX_5PCT_2M-20260226_023301/checkpoint-12500,obj2_closer,output/phasevar_5/0009_phA00_phB04.png,Is the yellow cube closer to the camera than the green sphere? Answer with yes or no.,Yes,Yes,24.90625,19.75,True
/data/shared/Qwen/mydisk/output/SYNTHETIC/NVILA-Lite-2B-SYNTHETIC_MIX_5PCT_2M-20260226_023301/checkpoint-12500,obj2_closer,output/phasevar_5/0009_phA00_phB05.png,Is the yellow cube closer to the camera than the green sphere? Answer with yes or no.,Yes,Yes,24.875,20.046875,True
/data/shared/Qwen/mydisk/output/SYNTHETIC/NVILA-Lite-2B-SYNTHETIC_MIX_5PCT_2M-20260226_023301/checkpoint-12500,obj2_closer,output/phasevar_5/0009_phA00_phB06.png,Is the yellow cube closer to the camera than the green sphere? Answer with yes or no.,Yes,Yes,23.328125,18.90625,True
/data/shared/Qwen/mydisk/output/SYNTHETIC/NVILA-Lite-2B-SYNTHETIC_MIX_5PCT_2M-20260226_023301/checkpoint-12500,obj2_closer,output/phasevar_5/0009_phA00_phB07.png,Is the yellow cube closer to the camera than the green sphere? Answer with yes or no.,Yes,Yes,22.265625,17.8125,True
/data/shared/Qwen/mydisk/output/SYNTHETIC/NVILA-Lite-2B-SYNTHETIC_MIX_5PCT_2M-20260226_023301/checkpoint-12500,obj2_closer,output/phasevar_5/0009_phA00_phB08.png,Is the yellow cube closer to the camera than the green sphere? Answer with yes or no.,Yes,Yes,23.078125,18.296875,True
/data/shared/Qwen/mydisk/output/SYNTHETIC/NVILA-Lite-2B-SYNTHETIC_MIX_5PCT_2M-20260226_023301/checkpoint-12500,obj2_closer,output/phasevar_5/0009_phA00_phB09.png,Is the yellow cube closer to the camera than the green sphere? Answer with yes or no.,Yes,Yes,22.953125,18.265625,True
/data/shared/Qwen/mydisk/output/SYNTHETIC/NVILA-Lite-2B-SYNTHETIC_MIX_5PCT_2M-20260226_023301/checkpoint-12500,obj2_closer,output/phasevar_5/0009_phA00_phB10.png,Is the yellow cube closer to the camera than the green sphere? Answer with yes or no.,Yes,Yes,23.15625,18.546875,True
/data/shared/Qwen/mydisk/output/SYNTHETIC/NVILA-Lite-2B-SYNTHETIC_MIX_5PCT_2M-20260226_023301/checkpoint-12500,obj2_closer,output/phasevar_5/0009_phA00_phB11.png,Is the yellow cube closer to the camera than the green sphere? Answer with yes or no.,Yes,Yes,23.3125,18.171875,True
/data/shared/Qwen/mydisk/output/SYNTHETIC/NVILA-Lite-2B-SYNTHETIC_MIX_5PCT_2M-20260226_023301/checkpoint-12500,obj2_closer,output/phasevar_5/0009_phA00_phB12.png,Is the yellow cube closer to the camera than the green sphere? Answer with yes or no.,Yes,Yes,23.3125,18.234375,True
/data/shared/Qwen/mydisk/output/SYNTHETIC/NVILA-Lite-2B-SYNTHETIC_MIX_5PCT_2M-20260226_023301/checkpoint-12500,obj2_closer,output/phasevar_5/0009_phA00_phB13.png,Is the yellow cube closer to the camera than the green sphere? Answer with yes or no.,Yes,Yes,23.390625,18.484375,True
/data/shared/Qwen/mydisk/output/SYNTHETIC/NVILA-Lite-2B-SYNTHETIC_MIX_5PCT_2M-20260226_023301/checkpoint-12500,obj2_closer,output/phasevar_5/0009_phA00_phB14.png,Is the yellow cube closer to the camera than the green sphere? Answer with yes or no.,Yes,Yes,22.75,18.484375,True
/data/shared/Qwen/mydisk/output/SYNTHETIC/NVILA-Lite-2B-SYNTHETIC_MIX_5PCT_2M-20260226_023301/checkpoint-12500,obj2_closer,output/phasevar_5/0009_phA00_phB15.png,Is the yellow cube closer to the camera than the green sphere? Answer with yes or no.,Yes,Yes,21.875,18.546875,True
/data/shared/Qwen/mydisk/output/SYNTHETIC/NVILA-Lite-2B-SYNTHETIC_MIX_5PCT_2M-20260226_023301/checkpoint-12500,obj2_closer,output/phasevar_5/0009_phA01_phB00.png,Is the yellow cube closer to the camera than the green sphere? Answer with yes or no.,Yes,Yes,21.484375,18.296875,True
/data/shared/Qwen/mydisk/output/SYNTHETIC/NVILA-Lite-2B-SYNTHETIC_MIX_5PCT_2M-20260226_023301/checkpoint-12500,obj2_closer,output/phasevar_5/0009_phA01_phB01.png,Is the yellow cube closer to the camera than the green sphere? Answer with yes or no.,Yes,Yes,21.875,18.765625,True
/data/shared/Qwen/mydisk/output/SYNTHETIC/NVILA-Lite-2B-SYNTHETIC_MIX_5PCT_2M-20260226_023301/checkpoint-12500,obj2_closer,output/phasevar_5/0009_phA01_phB02.png,Is the yellow cube closer to the camera than the green sphere? Answer with yes or no.,Yes,Yes,22.296875,18.859375,True
/data/shared/Qwen/mydisk/output/SYNTHETIC/NVILA-Lite-2B-SYNTHETIC_MIX_5PCT_2M-20260226_023301/checkpoint-12500,obj2_closer,output/phasevar_5/0009_phA01_phB03.png,Is the yellow cube closer to the camera than the green sphere? Answer with yes or no.,Yes,Yes,23.6875,19.6875,True
/data/shared/Qwen/mydisk/output/SYNTHETIC/NVILA-Lite-2B-SYNTHETIC_MIX_5PCT_2M-20260226_023301/checkpoint-12500,obj2_closer,output/phasevar_5/0009_phA01_phB04.png,Is the yellow cube closer to the camera than the green sphere? Answer with yes or no.,Yes,Yes,24.53125,19.328125,True
/data/shared/Qwen/mydisk/output/SYNTHETIC/NVILA-Lite-2B-SYNTHETIC_MIX_5PCT_2M-20260226_023301/checkpoint-12500,obj2_closer,output/phasevar_5/0009_phA01_phB05.png,Is the yellow cube closer to the camera than the green sphere? Answer with yes or no.,Yes,Yes,24.453125,19.640625,True
/data/shared/Qwen/mydisk/output/SYNTHETIC/NVILA-Lite-2B-SYNTHETIC_MIX_5PCT_2M-20260226_023301/checkpoint-12500,obj2_closer,output/phasevar_5/0009_phA01_phB06.png,Is the yellow cube closer to the camera than the green sphere? Answer with yes or no.,Yes,Yes,23.015625,18.453125,True
/data/shared/Qwen/mydisk/output/SYNTHETIC/NVILA-Lite-2B-SYNTHETIC_MIX_5PCT_2M-20260226_023301/checkpoint-12500,obj2_closer,output/phasevar_5/0009_phA01_phB07.png,Is the yellow cube closer to the camera than the green sphere? Answer with yes or no.,Yes,Yes,22.125,17.515625,True
/data/shared/Qwen/mydisk/output/SYNTHETIC/NVILA-Lite-2B-SYNTHETIC_MIX_5PCT_2M-20260226_023301/checkpoint-12500,obj2_closer,output/phasevar_5/0009_phA01_phB08.png,Is the yellow cube closer to the camera than the green sphere? Answer with yes or no.,Yes,Yes,23.0,18.078125,True
/data/shared/Qwen/mydisk/output/SYNTHETIC/NVILA-Lite-2B-SYNTHETIC_MIX_5PCT_2M-20260226_023301/checkpoint-12500,obj2_closer,output/phasevar_5/0009_phA01_phB09.png,Is the yellow cube closer to the camera than the green sphere? Answer with yes or no.,Yes,Yes,23.0,18.109375,True
/data/shared/Qwen/mydisk/output/SYNTHETIC/NVILA-Lite-2B-SYNTHETIC_MIX_5PCT_2M-20260226_023301/checkpoint-12500,obj2_closer,output/phasevar_5/0009_phA01_phB10.png,Is the yellow cube closer to the camera than the green sphere? Answer with yes or no.,Yes,Yes,23.125,18.375,True
/data/shared/Qwen/mydisk/output/SYNTHETIC/NVILA-Lite-2B-SYNTHETIC_MIX_5PCT_2M-20260226_023301/checkpoint-12500,obj2_closer,output/phasevar_5/0009_phA01_phB11.png,Is the yellow cube closer to the camera than the green sphere? Answer with yes or no.,Yes,Yes,23.1875,18.015625,True
/data/shared/Qwen/mydisk/output/SYNTHETIC/NVILA-Lite-2B-SYNTHETIC_MIX_5PCT_2M-20260226_023301/checkpoint-12500,obj2_closer,output/phasevar_5/0009_phA01_phB12.png,Is the yellow cube closer to the camera than the green sphere? Answer with yes or no.,Yes,Yes,23.171875,18.015625,True
/data/shared/Qwen/mydisk/output/SYNTHETIC/NVILA-Lite-2B-SYNTHETIC_MIX_5PCT_2M-20260226_023301/checkpoint-12500,obj2_closer,output/phasevar_5/0009_phA01_phB13.png,Is the yellow cube closer to the camera than the green sphere? Answer with yes or no.,Yes,Yes,23.28125,18.234375,True
/data/shared/Qwen/mydisk/output/SYNTHETIC/NVILA-Lite-2B-SYNTHETIC_MIX_5PCT_2M-20260226_023301/checkpoint-12500,obj2_closer,output/phasevar_5/0009_phA01_phB14.png,Is the yellow cube closer to the camera than the green sphere? Answer with yes or no.,Yes,Yes,22.625,18.203125,True
/data/shared/Qwen/mydisk/output/SYNTHETIC/NVILA-Lite-2B-SYNTHETIC_MIX_5PCT_2M-20260226_023301/checkpoint-12500,obj2_closer,output/phasevar_5/0009_phA01_phB15.png,Is the yellow cube closer to the camera than the green sphere? Answer with yes or no.,Yes,Yes,21.796875,18.375,True
/data/shared/Qwen/mydisk/output/SYNTHETIC/NVILA-Lite-2B-SYNTHETIC_MIX_5PCT_2M-20260226_023301/checkpoint-12500,obj2_closer,output/phasevar_5/0009_phA02_phB00.png,Is the yellow cube closer to the camera than the green sphere? Answer with yes or no.,Yes,Yes,20.84375,18.0625,True
/data/shared/Qwen/mydisk/output/SYNTHETIC/NVILA-Lite-2B-SYNTHETIC_MIX_5PCT_2M-20260226_023301/checkpoint-12500,obj2_closer,output/phasevar_5/0009_phA02_phB01.png,Is the yellow cube closer to the camera than the green sphere? Answer with yes or no.,Yes,Yes,20.796875,18.1875,True
/data/shared/Qwen/mydisk/output/SYNTHETIC/NVILA-Lite-2B-SYNTHETIC_MIX_5PCT_2M-20260226_023301/checkpoint-12500,obj2_closer,output/phasevar_5/0009_phA02_phB02.png,Is the yellow cube closer to the camera than the green sphere? Answer with yes or no.,Yes,Yes,21.78125,18.5,True
/data/shared/Qwen/mydisk/output/SYNTHETIC/NVILA-Lite-2B-SYNTHETIC_MIX_5PCT_2M-20260226_023301/checkpoint-12500,obj2_closer,output/phasevar_5/0009_phA02_phB03.png,Is the yellow cube closer to the camera than the green sphere? Answer with yes or no.,Yes,Yes,22.796875,19.34375,True
/data/shared/Qwen/mydisk/output/SYNTHETIC/NVILA-Lite-2B-SYNTHETIC_MIX_5PCT_2M-20260226_023301/checkpoint-12500,obj2_closer,output/phasevar_5/0009_phA02_phB04.png,Is the yellow cube closer to the camera than the green sphere? Answer with yes or no.,Yes,Yes,24.0625,19.3125,True
/data/shared/Qwen/mydisk/output/SYNTHETIC/NVILA-Lite-2B-SYNTHETIC_MIX_5PCT_2M-20260226_023301/checkpoint-12500,obj2_closer,output/phasevar_5/0009_phA02_phB05.png,Is the yellow cube closer to the camera than the green sphere? Answer with yes or no.,Yes,Yes,23.984375,19.4375,True
/data/shared/Qwen/mydisk/output/SYNTHETIC/NVILA-Lite-2B-SYNTHETIC_MIX_5PCT_2M-20260226_023301/checkpoint-12500,obj2_closer,output/phasevar_5/0009_phA02_phB06.png,Is the yellow cube closer to the camera than the green sphere? Answer with yes or no.,Yes,Yes,22.546875,18.03125,True
/data/shared/Qwen/mydisk/output/SYNTHETIC/NVILA-Lite-2B-SYNTHETIC_MIX_5PCT_2M-20260226_023301/checkpoint-12500,obj2_closer,output/phasevar_5/0009_phA02_phB07.png,Is the yellow cube closer to the camera than the green sphere? Answer with yes or no.,Yes,Yes,21.765625,17.34375,True
/data/shared/Qwen/mydisk/output/SYNTHETIC/NVILA-Lite-2B-SYNTHETIC_MIX_5PCT_2M-20260226_023301/checkpoint-12500,obj2_closer,output/phasevar_5/0009_phA02_phB08.png,Is the yellow cube closer to the camera than the green sphere? Answer with yes or no.,Yes,Yes,22.578125,17.875,True
/data/shared/Qwen/mydisk/output/SYNTHETIC/NVILA-Lite-2B-SYNTHETIC_MIX_5PCT_2M-20260226_023301/checkpoint-12500,obj2_closer,output/phasevar_5/0009_phA02_phB09.png,Is the yellow cube closer to the camera than the green sphere? Answer with yes or no.,Yes,Yes,22.59375,18.046875,True
/data/shared/Qwen/mydisk/output/SYNTHETIC/NVILA-Lite-2B-SYNTHETIC_MIX_5PCT_2M-20260226_023301/checkpoint-12500,obj2_closer,output/phasevar_5/0009_phA02_phB10.png,Is the yellow cube closer to the camera than the green sphere? Answer with yes or no.,Yes,Yes,22.859375,18.359375,True
/data/shared/Qwen/mydisk/output/SYNTHETIC/NVILA-Lite-2B-SYNTHETIC_MIX_5PCT_2M-20260226_023301/checkpoint-12500,obj2_closer,output/phasevar_5/0009_phA02_phB11.png,Is the yellow cube closer to the camera than the green sphere? Answer with yes or no.,Yes,Yes,22.796875,18.046875,True
/data/shared/Qwen/mydisk/output/SYNTHETIC/NVILA-Lite-2B-SYNTHETIC_MIX_5PCT_2M-20260226_023301/checkpoint-12500,obj2_closer,output/phasevar_5/0009_phA02_phB12.png,Is the yellow cube closer to the camera than the green sphere? Answer with yes or no.,Yes,Yes,22.75,18.078125,True
/data/shared/Qwen/mydisk/output/SYNTHETIC/NVILA-Lite-2B-SYNTHETIC_MIX_5PCT_2M-20260226_023301/checkpoint-12500,obj2_closer,output/phasevar_5/0009_phA02_phB13.png,Is the yellow cube closer to the camera than the green sphere? Answer with yes or no.,Yes,Yes,22.75,18.234375,True
/data/shared/Qwen/mydisk/output/SYNTHETIC/NVILA-Lite-2B-SYNTHETIC_MIX_5PCT_2M-20260226_023301/checkpoint-12500,obj2_closer,output/phasevar_5/0009_phA02_phB14.png,Is the yellow cube closer to the camera than the green sphere? Answer with yes or no.,Yes,Yes,22.296875,18.203125,True
/data/shared/Qwen/mydisk/output/SYNTHETIC/NVILA-Lite-2B-SYNTHETIC_MIX_5PCT_2M-20260226_023301/checkpoint-12500,obj2_closer,output/phasevar_5/0009_phA02_phB15.png,Is the yellow cube closer to the camera than the green sphere? Answer with yes or no.,Yes,Yes,21.265625,18.34375,True
/data/shared/Qwen/mydisk/output/SYNTHETIC/NVILA-Lite-2B-SYNTHETIC_MIX_5PCT_2M-20260226_023301/checkpoint-12500,obj2_closer,output/phasevar_5/0009_phA03_phB00.png,Is the yellow cube closer to the camera than the green sphere? Answer with yes or no.,Yes,Yes,21.078125,18.171875,True
/data/shared/Qwen/mydisk/output/SYNTHETIC/NVILA-Lite-2B-SYNTHETIC_MIX_5PCT_2M-20260226_023301/checkpoint-12500,obj2_closer,output/phasevar_5/0009_phA03_phB01.png,Is the yellow cube closer to the camera than the green sphere? Answer with yes or no.,Yes,Yes,21.234375,18.40625,True
/data/shared/Qwen/mydisk/output/SYNTHETIC/NVILA-Lite-2B-SYNTHETIC_MIX_5PCT_2M-20260226_023301/checkpoint-12500,obj2_closer,output/phasevar_5/0009_phA03_phB02.png,Is the yellow cube closer to the camera than the green sphere? Answer with yes or no.,Yes,Yes,22.0,18.6875,True
/data/shared/Qwen/mydisk/output/SYNTHETIC/NVILA-Lite-2B-SYNTHETIC_MIX_5PCT_2M-20260226_023301/checkpoint-12500,obj2_closer,output/phasevar_5/0009_phA03_phB03.png,Is the yellow cube closer to the camera than the green sphere? Answer with yes or no.,Yes,Yes,23.140625,19.484375,True
/data/shared/Qwen/mydisk/output/SYNTHETIC/NVILA-Lite-2B-SYNTHETIC_MIX_5PCT_2M-20260226_023301/checkpoint-12500,obj2_closer,output/phasevar_5/0009_phA03_phB04.png,Is the yellow cube closer to the camera than the green sphere? Answer with yes or no.,Yes,Yes,24.453125,19.25,True
/data/shared/Qwen/mydisk/output/SYNTHETIC/NVILA-Lite-2B-SYNTHETIC_MIX_5PCT_2M-20260226_023301/checkpoint-12500,obj2_closer,output/phasevar_5/0009_phA03_phB05.png,Is the yellow cube closer to the camera than the green sphere? Answer with yes or no.,Yes,Yes,24.015625,19.28125,True
/data/shared/Qwen/mydisk/output/SYNTHETIC/NVILA-Lite-2B-SYNTHETIC_MIX_5PCT_2M-20260226_023301/checkpoint-12500,obj2_closer,output/phasevar_5/0009_phA03_phB06.png,Is the yellow cube closer to the camera than the green sphere? Answer with yes or no.,Yes,Yes,22.5,18.15625,True
/data/shared/Qwen/mydisk/output/SYNTHETIC/NVILA-Lite-2B-SYNTHETIC_MIX_5PCT_2M-20260226_023301/checkpoint-12500,obj2_closer,output/phasevar_5/0009_phA03_phB07.png,Is the yellow cube closer to the camera than the green sphere? Answer with yes or no.,Yes,Yes,21.28125,17.109375,True
/data/shared/Qwen/mydisk/output/SYNTHETIC/NVILA-Lite-2B-SYNTHETIC_MIX_5PCT_2M-20260226_023301/checkpoint-12500,obj2_closer,output/phasevar_5/0009_phA03_phB08.png,Is the yellow cube closer to the camera than the green sphere? Answer with yes or no.,Yes,Yes,22.203125,17.65625,True
/data/shared/Qwen/mydisk/output/SYNTHETIC/NVILA-Lite-2B-SYNTHETIC_MIX_5PCT_2M-20260226_023301/checkpoint-12500,obj2_closer,output/phasevar_5/0009_phA03_phB09.png,Is the yellow cube closer to the camera than the green sphere? Answer with yes or no.,Yes,Yes,22.15625,17.78125,True
/data/shared/Qwen/mydisk/output/SYNTHETIC/NVILA-Lite-2B-SYNTHETIC_MIX_5PCT_2M-20260226_023301/checkpoint-12500,obj2_closer,output/phasevar_5/0009_phA03_phB10.png,Is the yellow cube closer to the camera than the green sphere? Answer with yes or no.,Yes,Yes,22.546875,18.125,True
/data/shared/Qwen/mydisk/output/SYNTHETIC/NVILA-Lite-2B-SYNTHETIC_MIX_5PCT_2M-20260226_023301/checkpoint-12500,obj2_closer,output/phasevar_5/0009_phA03_phB11.png,Is the yellow cube closer to the camera than the green sphere? Answer with yes or no.,Yes,Yes,22.765625,17.84375,True
/data/shared/Qwen/mydisk/output/SYNTHETIC/NVILA-Lite-2B-SYNTHETIC_MIX_5PCT_2M-20260226_023301/checkpoint-12500,obj2_closer,output/phasevar_5/0009_phA03_phB12.png,Is the yellow cube closer to the camera than the green sphere? Answer with yes or no.,Yes,Yes,22.765625,17.859375,True
/data/shared/Qwen/mydisk/output/SYNTHETIC/NVILA-Lite-2B-SYNTHETIC_MIX_5PCT_2M-20260226_023301/checkpoint-12500,obj2_closer,output/phasevar_5/0009_phA03_phB13.png,Is the yellow cube closer to the camera than the green sphere? Answer with yes or no.,Yes,Yes,22.71875,18.171875,True
/data/shared/Qwen/mydisk/output/SYNTHETIC/NVILA-Lite-2B-SYNTHETIC_MIX_5PCT_2M-20260226_023301/checkpoint-12500,obj2_closer,output/phasevar_5/0009_phA03_phB14.png,Is the yellow cube closer to the camera than the green sphere? Answer with yes or no.,Yes,Yes,22.25,18.25,True
/data/shared/Qwen/mydisk/output/SYNTHETIC/NVILA-Lite-2B-SYNTHETIC_MIX_5PCT_2M-20260226_023301/checkpoint-12500,obj2_closer,output/phasevar_5/0009_phA03_phB15.png,Is the yellow cube closer to the camera than the green sphere? Answer with yes or no.,Yes,Yes,21.390625,18.375,True
/data/shared/Qwen/mydisk/output/SYNTHETIC/NVILA-Lite-2B-SYNTHETIC_MIX_5PCT_2M-20260226_023301/checkpoint-12500,obj2_closer,output/phasevar_5/0009_phA04_phB00.png,Is the yellow cube closer to the camera than the green sphere? Answer with yes or no.,Yes,Yes,21.28125,18.28125,True
/data/shared/Qwen/mydisk/output/SYNTHETIC/NVILA-Lite-2B-SYNTHETIC_MIX_5PCT_2M-20260226_023301/checkpoint-12500,obj2_closer,output/phasevar_5/0009_phA04_phB01.png,Is the yellow cube closer to the camera than the green sphere? Answer with yes or no.,Yes,Yes,21.34375,18.421875,True
/data/shared/Qwen/mydisk/output/SYNTHETIC/NVILA-Lite-2B-SYNTHETIC_MIX_5PCT_2M-20260226_023301/checkpoint-12500,obj2_closer,output/phasevar_5/0009_phA04_phB02.png,Is the yellow cube closer to the camera than the green sphere? Answer with yes or no.,Yes,Yes,22.140625,18.75,True
/data/shared/Qwen/mydisk/output/SYNTHETIC/NVILA-Lite-2B-SYNTHETIC_MIX_5PCT_2M-20260226_023301/checkpoint-12500,obj2_closer,output/phasevar_5/0009_phA04_phB03.png,Is the yellow cube closer to the camera than the green sphere? Answer with yes or no.,Yes,Yes,23.15625,19.53125,True
/data/shared/Qwen/mydisk/output/SYNTHETIC/NVILA-Lite-2B-SYNTHETIC_MIX_5PCT_2M-20260226_023301/checkpoint-12500,obj2_closer,output/phasevar_5/0009_phA04_phB04.png,Is the yellow cube closer to the camera than the green sphere? Answer with yes or no.,Yes,Yes,24.4375,19.40625,True
/data/shared/Qwen/mydisk/output/SYNTHETIC/NVILA-Lite-2B-SYNTHETIC_MIX_5PCT_2M-20260226_023301/checkpoint-12500,obj2_closer,output/phasevar_5/0009_phA04_phB05.png,Is the yellow cube closer to the camera than the green sphere? Answer with yes or no.,Yes,Yes,24.0,19.296875,True
/data/shared/Qwen/mydisk/output/SYNTHETIC/NVILA-Lite-2B-SYNTHETIC_MIX_5PCT_2M-20260226_023301/checkpoint-12500,obj2_closer,output/phasevar_5/0009_phA04_phB06.png,Is the yellow cube closer to the camera than the green sphere? Answer with yes or no.,Yes,Yes,22.390625,18.09375,True
/data/shared/Qwen/mydisk/output/SYNTHETIC/NVILA-Lite-2B-SYNTHETIC_MIX_5PCT_2M-20260226_023301/checkpoint-12500,obj2_closer,output/phasevar_5/0009_phA04_phB07.png,Is the yellow cube closer to the camera than the green sphere? Answer with yes or no.,Yes,Yes,21.140625,17.03125,True
/data/shared/Qwen/mydisk/output/SYNTHETIC/NVILA-Lite-2B-SYNTHETIC_MIX_5PCT_2M-20260226_023301/checkpoint-12500,obj2_closer,output/phasevar_5/0009_phA04_phB08.png,Is the yellow cube closer to the camera than the green sphere? Answer with yes or no.,Yes,Yes,22.015625,17.546875,True
/data/shared/Qwen/mydisk/output/SYNTHETIC/NVILA-Lite-2B-SYNTHETIC_MIX_5PCT_2M-20260226_023301/checkpoint-12500,obj2_closer,output/phasevar_5/0009_phA04_phB09.png,Is the yellow cube closer to the camera than the green sphere? Answer with yes or no.,Yes,Yes,21.984375,17.65625,True
/data/shared/Qwen/mydisk/output/SYNTHETIC/NVILA-Lite-2B-SYNTHETIC_MIX_5PCT_2M-20260226_023301/checkpoint-12500,obj2_closer,output/phasevar_5/0009_phA04_phB10.png,Is the yellow cube closer to the camera than the green sphere? Answer with yes or no.,Yes,Yes,22.359375,18.046875,True
/data/shared/Qwen/mydisk/output/SYNTHETIC/NVILA-Lite-2B-SYNTHETIC_MIX_5PCT_2M-20260226_023301/checkpoint-12500,obj2_closer,output/phasevar_5/0009_phA04_phB11.png,Is the yellow cube closer to the camera than the green sphere? Answer with yes or no.,Yes,Yes,22.640625,17.828125,True
/data/shared/Qwen/mydisk/output/SYNTHETIC/NVILA-Lite-2B-SYNTHETIC_MIX_5PCT_2M-20260226_023301/checkpoint-12500,obj2_closer,output/phasevar_5/0009_phA04_phB12.png,Is the yellow cube closer to the camera than the green sphere? Answer with yes or no.,Yes,Yes,22.625,17.9375,True
/data/shared/Qwen/mydisk/output/SYNTHETIC/NVILA-Lite-2B-SYNTHETIC_MIX_5PCT_2M-20260226_023301/checkpoint-12500,obj2_closer,output/phasevar_5/0009_phA04_phB13.png,Is the yellow cube closer to the camera than the green sphere? Answer with yes or no.,Yes,Yes,22.75,18.3125,True
/data/shared/Qwen/mydisk/output/SYNTHETIC/NVILA-Lite-2B-SYNTHETIC_MIX_5PCT_2M-20260226_023301/checkpoint-12500,obj2_closer,output/phasevar_5/0009_phA04_phB14.png,Is the yellow cube closer to the camera than the green sphere? Answer with yes or no.,Yes,Yes,22.3125,18.34375,True
/data/shared/Qwen/mydisk/output/SYNTHETIC/NVILA-Lite-2B-SYNTHETIC_MIX_5PCT_2M-20260226_023301/checkpoint-12500,obj2_closer,output/phasevar_5/0009_phA04_phB15.png,Is the yellow cube closer to the camera than the green sphere? Answer with yes or no.,Yes,Yes,21.5,18.4375,True
/data/shared/Qwen/mydisk/output/SYNTHETIC/NVILA-Lite-2B-SYNTHETIC_MIX_5PCT_2M-20260226_023301/checkpoint-12500,obj2_closer,output/phasevar_5/0009_phA05_phB00.png,Is the yellow cube closer to the camera than the green sphere? Answer with yes or no.,Yes,Yes,21.265625,18.296875,True
/data/shared/Qwen/mydisk/output/SYNTHETIC/NVILA-Lite-2B-SYNTHETIC_MIX_5PCT_2M-20260226_023301/checkpoint-12500,obj2_closer,output/phasevar_5/0009_phA05_phB01.png,Is the yellow cube closer to the camera than the green sphere? Answer with yes or no.,Yes,Yes,21.265625,18.40625,True
/data/shared/Qwen/mydisk/output/SYNTHETIC/NVILA-Lite-2B-SYNTHETIC_MIX_5PCT_2M-20260226_023301/checkpoint-12500,obj2_closer,output/phasevar_5/0009_phA05_phB02.png,Is the yellow cube closer to the camera than the green sphere? Answer with yes or no.,Yes,Yes,22.21875,18.875,True
/data/shared/Qwen/mydisk/output/SYNTHETIC/NVILA-Lite-2B-SYNTHETIC_MIX_5PCT_2M-20260226_023301/checkpoint-12500,obj2_closer,output/phasevar_5/0009_phA05_phB03.png,Is the yellow cube closer to the camera than the green sphere? Answer with yes or no.,Yes,Yes,23.21875,19.515625,True
/data/shared/Qwen/mydisk/output/SYNTHETIC/NVILA-Lite-2B-SYNTHETIC_MIX_5PCT_2M-20260226_023301/checkpoint-12500,obj2_closer,output/phasevar_5/0009_phA05_phB04.png,Is the yellow cube closer to the camera than the green sphere? Answer with yes or no.,Yes,Yes,24.375,19.453125,True
/data/shared/Qwen/mydisk/output/SYNTHETIC/NVILA-Lite-2B-SYNTHETIC_MIX_5PCT_2M-20260226_023301/checkpoint-12500,obj2_closer,output/phasevar_5/0009_phA05_phB05.png,Is the yellow cube closer to the camera than the green sphere? Answer with yes or no.,Yes,Yes,24.0,19.453125,True
/data/shared/Qwen/mydisk/output/SYNTHETIC/NVILA-Lite-2B-SYNTHETIC_MIX_5PCT_2M-20260226_023301/checkpoint-12500,obj2_closer,output/phasevar_5/0009_phA05_phB06.png,Is the yellow cube closer to the camera than the green sphere? Answer with yes or no.,Yes,Yes,22.46875,18.25,True
/data/shared/Qwen/mydisk/output/SYNTHETIC/NVILA-Lite-2B-SYNTHETIC_MIX_5PCT_2M-20260226_023301/checkpoint-12500,obj2_closer,output/phasevar_5/0009_phA05_phB07.png,Is the yellow cube closer to the camera than the green sphere? Answer with yes or no.,Yes,Yes,20.984375,17.125,True
/data/shared/Qwen/mydisk/output/SYNTHETIC/NVILA-Lite-2B-SYNTHETIC_MIX_5PCT_2M-20260226_023301/checkpoint-12500,obj2_closer,output/phasevar_5/0009_phA05_phB08.png,Is the yellow cube closer to the camera than the green sphere? Answer with yes or no.,Yes,Yes,21.984375,17.578125,True
/data/shared/Qwen/mydisk/output/SYNTHETIC/NVILA-Lite-2B-SYNTHETIC_MIX_5PCT_2M-20260226_023301/checkpoint-12500,obj2_closer,output/phasevar_5/0009_phA05_phB09.png,Is the yellow cube closer to the camera than the green sphere? Answer with yes or no.,Yes,Yes,22.078125,17.71875,True
/data/shared/Qwen/mydisk/output/SYNTHETIC/NVILA-Lite-2B-SYNTHETIC_MIX_5PCT_2M-20260226_023301/checkpoint-12500,obj2_closer,output/phasevar_5/0009_phA05_phB10.png,Is the yellow cube closer to the camera than the green sphere? Answer with yes or no.,Yes,Yes,22.453125,18.09375,True
/data/shared/Qwen/mydisk/output/SYNTHETIC/NVILA-Lite-2B-SYNTHETIC_MIX_5PCT_2M-20260226_023301/checkpoint-12500,obj2_closer,output/phasevar_5/0009_phA05_phB11.png,Is the yellow cube closer to the camera than the green sphere? Answer with yes or no.,Yes,Yes,22.8125,17.828125,True
/data/shared/Qwen/mydisk/output/SYNTHETIC/NVILA-Lite-2B-SYNTHETIC_MIX_5PCT_2M-20260226_023301/checkpoint-12500,obj2_closer,output/phasevar_5/0009_phA05_phB12.png,Is the yellow cube closer to the camera than the green sphere? Answer with yes or no.,Yes,Yes,22.8125,18.046875,True
/data/shared/Qwen/mydisk/output/SYNTHETIC/NVILA-Lite-2B-SYNTHETIC_MIX_5PCT_2M-20260226_023301/checkpoint-12500,obj2_closer,output/phasevar_5/0009_phA05_phB13.png,Is the yellow cube closer to the camera than the green sphere? Answer with yes or no.,Yes,Yes,22.875,18.34375,True
/data/shared/Qwen/mydisk/output/SYNTHETIC/NVILA-Lite-2B-SYNTHETIC_MIX_5PCT_2M-20260226_023301/checkpoint-12500,obj2_closer,output/phasevar_5/0009_phA05_phB14.png,Is the yellow cube closer to the camera than the green sphere? Answer with yes or no.,Yes,Yes,22.390625,18.4375,True
/data/shared/Qwen/mydisk/output/SYNTHETIC/NVILA-Lite-2B-SYNTHETIC_MIX_5PCT_2M-20260226_023301/checkpoint-12500,obj2_closer,output/phasevar_5/0009_phA05_phB15.png,Is the yellow cube closer to the camera than the green sphere? Answer with yes or no.,Yes,Yes,21.53125,18.484375,True
/data/shared/Qwen/mydisk/output/SYNTHETIC/NVILA-Lite-2B-SYNTHETIC_MIX_5PCT_2M-20260226_023301/checkpoint-12500,obj2_closer,output/phasevar_5/0009_phA06_phB00.png,Is the yellow cube closer to the camera than the green sphere? Answer with yes or no.,Yes,Yes,20.59375,18.421875,True
/data/shared/Qwen/mydisk/output/SYNTHETIC/NVILA-Lite-2B-SYNTHETIC_MIX_5PCT_2M-20260226_023301/checkpoint-12500,obj2_closer,output/phasevar_5/0009_phA06_phB01.png,Is the yellow cube closer to the camera than the green sphere? Answer with yes or no.,Yes,Yes,20.46875,18.375,True
/data/shared/Qwen/mydisk/output/SYNTHETIC/NVILA-Lite-2B-SYNTHETIC_MIX_5PCT_2M-20260226_023301/checkpoint-12500,obj2_closer,output/phasevar_5/0009_phA06_phB02.png,Is the yellow cube closer to the camera than the green sphere? Answer with yes or no.,Yes,Yes,21.609375,18.984375,True
/data/shared/Qwen/mydisk/output/SYNTHETIC/NVILA-Lite-2B-SYNTHETIC_MIX_5PCT_2M-20260226_023301/checkpoint-12500,obj2_closer,output/phasevar_5/0009_phA06_phB03.png,Is the yellow cube closer to the camera than the green sphere? Answer with yes or no.,Yes,Yes,22.3125,19.5625,True
/data/shared/Qwen/mydisk/output/SYNTHETIC/NVILA-Lite-2B-SYNTHETIC_MIX_5PCT_2M-20260226_023301/checkpoint-12500,obj2_closer,output/phasevar_5/0009_phA06_phB04.png,Is the yellow cube closer to the camera than the green sphere? Answer with yes or no.,Yes,Yes,23.515625,19.65625,True
/data/shared/Qwen/mydisk/output/SYNTHETIC/NVILA-Lite-2B-SYNTHETIC_MIX_5PCT_2M-20260226_023301/checkpoint-12500,obj2_closer,output/phasevar_5/0009_phA06_phB05.png,Is the yellow cube closer to the camera than the green sphere? Answer with yes or no.,Yes,Yes,23.40625,19.828125,True
/data/shared/Qwen/mydisk/output/SYNTHETIC/NVILA-Lite-2B-SYNTHETIC_MIX_5PCT_2M-20260226_023301/checkpoint-12500,obj2_closer,output/phasevar_5/0009_phA06_phB06.png,Is the yellow cube closer to the camera than the green sphere? Answer with yes or no.,Yes,Yes,22.1875,18.71875,True
/data/shared/Qwen/mydisk/output/SYNTHETIC/NVILA-Lite-2B-SYNTHETIC_MIX_5PCT_2M-20260226_023301/checkpoint-12500,obj2_closer,output/phasevar_5/0009_phA06_phB07.png,Is the yellow cube closer to the camera than the green sphere? Answer with yes or no.,Yes,Yes,20.421875,17.296875,True
/data/shared/Qwen/mydisk/output/SYNTHETIC/NVILA-Lite-2B-SYNTHETIC_MIX_5PCT_2M-20260226_023301/checkpoint-12500,obj2_closer,output/phasevar_5/0009_phA06_phB08.png,Is the yellow cube closer to the camera than the green sphere? Answer with yes or no.,Yes,Yes,20.859375,17.65625,True
/data/shared/Qwen/mydisk/output/SYNTHETIC/NVILA-Lite-2B-SYNTHETIC_MIX_5PCT_2M-20260226_023301/checkpoint-12500,obj2_closer,output/phasevar_5/0009_phA06_phB09.png,Is the yellow cube closer to the camera than the green sphere? Answer with yes or no.,Yes,Yes,20.984375,17.796875,True
/data/shared/Qwen/mydisk/output/SYNTHETIC/NVILA-Lite-2B-SYNTHETIC_MIX_5PCT_2M-20260226_023301/checkpoint-12500,obj2_closer,output/phasevar_5/0009_phA06_phB10.png,Is the yellow cube closer to the camera than the green sphere? Answer with yes or no.,Yes,Yes,21.703125,18.15625,True
/data/shared/Qwen/mydisk/output/SYNTHETIC/NVILA-Lite-2B-SYNTHETIC_MIX_5PCT_2M-20260226_023301/checkpoint-12500,obj2_closer,output/phasevar_5/0009_phA06_phB11.png,Is the yellow cube closer to the camera than the green sphere? Answer with yes or no.,Yes,Yes,22.0625,18.015625,True
/data/shared/Qwen/mydisk/output/SYNTHETIC/NVILA-Lite-2B-SYNTHETIC_MIX_5PCT_2M-20260226_023301/checkpoint-12500,obj2_closer,output/phasevar_5/0009_phA06_phB12.png,Is the yellow cube closer to the camera than the green sphere? Answer with yes or no.,Yes,Yes,22.25,18.375,True
/data/shared/Qwen/mydisk/output/SYNTHETIC/NVILA-Lite-2B-SYNTHETIC_MIX_5PCT_2M-20260226_023301/checkpoint-12500,obj2_closer,output/phasevar_5/0009_phA06_phB13.png,Is the yellow cube closer to the camera than the green sphere? Answer with yes or no.,Yes,Yes,22.28125,18.75,True
/data/shared/Qwen/mydisk/output/SYNTHETIC/NVILA-Lite-2B-SYNTHETIC_MIX_5PCT_2M-20260226_023301/checkpoint-12500,obj2_closer,output/phasevar_5/0009_phA06_phB14.png,Is the yellow cube closer to the camera than the green sphere? Answer with yes or no.,Yes,Yes,21.78125,18.671875,True
/data/shared/Qwen/mydisk/output/SYNTHETIC/NVILA-Lite-2B-SYNTHETIC_MIX_5PCT_2M-20260226_023301/checkpoint-12500,obj2_closer,output/phasevar_5/0009_phA06_phB15.png,Is the yellow cube closer to the camera than the green sphere? Answer with yes or no.,Yes,Yes,20.9375,18.78125,True
/data/shared/Qwen/mydisk/output/SYNTHETIC/NVILA-Lite-2B-SYNTHETIC_MIX_5PCT_2M-20260226_023301/checkpoint-12500,obj2_closer,output/phasevar_5/0009_phA07_phB00.png,Is the yellow cube closer to the camera than the green sphere? Answer with yes or no.,Yes,Yes,21.453125,18.5,True
/data/shared/Qwen/mydisk/output/SYNTHETIC/NVILA-Lite-2B-SYNTHETIC_MIX_5PCT_2M-20260226_023301/checkpoint-12500,obj2_closer,output/phasevar_5/0009_phA07_phB01.png,Is the yellow cube closer to the camera than the green sphere? Answer with yes or no.,Yes,Yes,21.421875,18.65625,True
/data/shared/Qwen/mydisk/output/SYNTHETIC/NVILA-Lite-2B-SYNTHETIC_MIX_5PCT_2M-20260226_023301/checkpoint-12500,obj2_closer,output/phasevar_5/0009_phA07_phB02.png,Is the yellow cube closer to the camera than the green sphere? Answer with yes or no.,Yes,Yes,22.390625,19.09375,True
/data/shared/Qwen/mydisk/output/SYNTHETIC/NVILA-Lite-2B-SYNTHETIC_MIX_5PCT_2M-20260226_023301/checkpoint-12500,obj2_closer,output/phasevar_5/0009_phA07_phB03.png,Is the yellow cube closer to the camera than the green sphere? Answer with yes or no.,Yes,Yes,23.453125,19.8125,True
/data/shared/Qwen/mydisk/output/SYNTHETIC/NVILA-Lite-2B-SYNTHETIC_MIX_5PCT_2M-20260226_023301/checkpoint-12500,obj2_closer,output/phasevar_5/0009_phA07_phB04.png,Is the yellow cube closer to the camera than the green sphere? Answer with yes or no.,Yes,Yes,24.875,19.890625,True
/data/shared/Qwen/mydisk/output/SYNTHETIC/NVILA-Lite-2B-SYNTHETIC_MIX_5PCT_2M-20260226_023301/checkpoint-12500,obj2_closer,output/phasevar_5/0009_phA07_phB05.png,Is the yellow cube closer to the camera than the green sphere? Answer with yes or no.,Yes,Yes,24.53125,19.921875,True
/data/shared/Qwen/mydisk/output/SYNTHETIC/NVILA-Lite-2B-SYNTHETIC_MIX_5PCT_2M-20260226_023301/checkpoint-12500,obj2_closer,output/phasevar_5/0009_phA07_phB06.png,Is the yellow cube closer to the camera than the green sphere? Answer with yes or no.,Yes,Yes,22.75,18.734375,True
/data/shared/Qwen/mydisk/output/SYNTHETIC/NVILA-Lite-2B-SYNTHETIC_MIX_5PCT_2M-20260226_023301/checkpoint-12500,obj2_closer,output/phasevar_5/0009_phA07_phB07.png,Is the yellow cube closer to the camera than the green sphere? Answer with yes or no.,Yes,Yes,21.59375,17.59375,True
/data/shared/Qwen/mydisk/output/SYNTHETIC/NVILA-Lite-2B-SYNTHETIC_MIX_5PCT_2M-20260226_023301/checkpoint-12500,obj2_closer,output/phasevar_5/0009_phA07_phB08.png,Is the yellow cube closer to the camera than the green sphere? Answer with yes or no.,Yes,Yes,22.015625,17.828125,True
/data/shared/Qwen/mydisk/output/SYNTHETIC/NVILA-Lite-2B-SYNTHETIC_MIX_5PCT_2M-20260226_023301/checkpoint-12500,obj2_closer,output/phasevar_5/0009_phA07_phB09.png,Is the yellow cube closer to the camera than the green sphere? Answer with yes or no.,Yes,Yes,22.296875,17.859375,True
/data/shared/Qwen/mydisk/output/SYNTHETIC/NVILA-Lite-2B-SYNTHETIC_MIX_5PCT_2M-20260226_023301/checkpoint-12500,obj2_closer,output/phasevar_5/0009_phA07_phB10.png,Is the yellow cube closer to the camera than the green sphere? Answer with yes or no.,Yes,Yes,22.5,18.15625,True
/data/shared/Qwen/mydisk/output/SYNTHETIC/NVILA-Lite-2B-SYNTHETIC_MIX_5PCT_2M-20260226_023301/checkpoint-12500,obj2_closer,output/phasevar_5/0009_phA07_phB11.png,Is the yellow cube closer to the camera than the green sphere? Answer with yes or no.,Yes,Yes,22.984375,17.96875,True
/data/shared/Qwen/mydisk/output/SYNTHETIC/NVILA-Lite-2B-SYNTHETIC_MIX_5PCT_2M-20260226_023301/checkpoint-12500,obj2_closer,output/phasevar_5/0009_phA07_phB12.png,Is the yellow cube closer to the camera than the green sphere? Answer with yes or no.,Yes,Yes,23.140625,18.265625,True
/data/shared/Qwen/mydisk/output/SYNTHETIC/NVILA-Lite-2B-SYNTHETIC_MIX_5PCT_2M-20260226_023301/checkpoint-12500,obj2_closer,output/phasevar_5/0009_phA07_phB13.png,Is the yellow cube closer to the camera than the green sphere? Answer with yes or no.,Yes,Yes,22.984375,18.5,True
/data/shared/Qwen/mydisk/output/SYNTHETIC/NVILA-Lite-2B-SYNTHETIC_MIX_5PCT_2M-20260226_023301/checkpoint-12500,obj2_closer,output/phasevar_5/0009_phA07_phB14.png,Is the yellow cube closer to the camera than the green sphere? Answer with yes or no.,Yes,Yes,22.5,18.578125,True
/data/shared/Qwen/mydisk/output/SYNTHETIC/NVILA-Lite-2B-SYNTHETIC_MIX_5PCT_2M-20260226_023301/checkpoint-12500,obj2_closer,output/phasevar_5/0009_phA07_phB15.png,Is the yellow cube closer to the camera than the green sphere? Answer with yes or no.,Yes,Yes,21.671875,18.640625,True
/data/shared/Qwen/mydisk/output/SYNTHETIC/NVILA-Lite-2B-SYNTHETIC_MIX_5PCT_2M-20260226_023301/checkpoint-12500,obj2_closer,output/phasevar_5/0009_phA08_phB00.png,Is the yellow cube closer to the camera than the green sphere? Answer with yes or no.,Yes,Yes,21.46875,18.578125,True
/data/shared/Qwen/mydisk/output/SYNTHETIC/NVILA-Lite-2B-SYNTHETIC_MIX_5PCT_2M-20260226_023301/checkpoint-12500,obj2_closer,output/phasevar_5/0009_phA08_phB01.png,Is the yellow cube closer to the camera than the green sphere? Answer with yes or no.,Yes,Yes,21.515625,18.75,True
/data/shared/Qwen/mydisk/output/SYNTHETIC/NVILA-Lite-2B-SYNTHETIC_MIX_5PCT_2M-20260226_023301/checkpoint-12500,obj2_closer,output/phasevar_5/0009_phA08_phB02.png,Is the yellow cube closer to the camera than the green sphere? Answer with yes or no.,Yes,Yes,22.46875,19.1875,True
/data/shared/Qwen/mydisk/output/SYNTHETIC/NVILA-Lite-2B-SYNTHETIC_MIX_5PCT_2M-20260226_023301/checkpoint-12500,obj2_closer,output/phasevar_5/0009_phA08_phB03.png,Is the yellow cube closer to the camera than the green sphere? Answer with yes or no.,Yes,Yes,23.625,19.90625,True
/data/shared/Qwen/mydisk/output/SYNTHETIC/NVILA-Lite-2B-SYNTHETIC_MIX_5PCT_2M-20260226_023301/checkpoint-12500,obj2_closer,output/phasevar_5/0009_phA08_phB04.png,Is the yellow cube closer to the camera than the green sphere? Answer with yes or no.,Yes,Yes,25.1875,20.078125,True
/data/shared/Qwen/mydisk/output/SYNTHETIC/NVILA-Lite-2B-SYNTHETIC_MIX_5PCT_2M-20260226_023301/checkpoint-12500,obj2_closer,output/phasevar_5/0009_phA08_phB05.png,Is the yellow cube closer to the camera than the green sphere? Answer with yes or no.,Yes,Yes,25.0,20.25,True
/data/shared/Qwen/mydisk/output/SYNTHETIC/NVILA-Lite-2B-SYNTHETIC_MIX_5PCT_2M-20260226_023301/checkpoint-12500,obj2_closer,output/phasevar_5/0009_phA08_phB06.png,Is the yellow cube closer to the camera than the green sphere? Answer with yes or no.,Yes,Yes,22.96875,18.984375,True
/data/shared/Qwen/mydisk/output/SYNTHETIC/NVILA-Lite-2B-SYNTHETIC_MIX_5PCT_2M-20260226_023301/checkpoint-12500,obj2_closer,output/phasevar_5/0009_phA08_phB07.png,Is the yellow cube closer to the camera than the green sphere? Answer with yes or no.,Yes,Yes,21.71875,17.84375,True
/data/shared/Qwen/mydisk/output/SYNTHETIC/NVILA-Lite-2B-SYNTHETIC_MIX_5PCT_2M-20260226_023301/checkpoint-12500,obj2_closer,output/phasevar_5/0009_phA08_phB08.png,Is the yellow cube closer to the camera than the green sphere? Answer with yes or no.,Yes,Yes,22.296875,18.109375,True
/data/shared/Qwen/mydisk/output/SYNTHETIC/NVILA-Lite-2B-SYNTHETIC_MIX_5PCT_2M-20260226_023301/checkpoint-12500,obj2_closer,output/phasevar_5/0009_phA08_phB09.png,Is the yellow cube closer to the camera than the green sphere? Answer with yes or no.,Yes,Yes,22.296875,18.015625,True
/data/shared/Qwen/mydisk/output/SYNTHETIC/NVILA-Lite-2B-SYNTHETIC_MIX_5PCT_2M-20260226_023301/checkpoint-12500,obj2_closer,output/phasevar_5/0009_phA08_phB10.png,Is the yellow cube closer to the camera than the green sphere? Answer with yes or no.,Yes,Yes,22.515625,18.25,True
/data/shared/Qwen/mydisk/output/SYNTHETIC/NVILA-Lite-2B-SYNTHETIC_MIX_5PCT_2M-20260226_023301/checkpoint-12500,obj2_closer,output/phasevar_5/0009_phA08_phB11.png,Is the yellow cube closer to the camera than the green sphere? Answer with yes or no.,Yes,Yes,23.09375,18.109375,True
/data/shared/Qwen/mydisk/output/SYNTHETIC/NVILA-Lite-2B-SYNTHETIC_MIX_5PCT_2M-20260226_023301/checkpoint-12500,obj2_closer,output/phasevar_5/0009_phA08_phB12.png,Is the yellow cube closer to the camera than the green sphere? Answer with yes or no.,Yes,Yes,23.21875,18.375,True
/data/shared/Qwen/mydisk/output/SYNTHETIC/NVILA-Lite-2B-SYNTHETIC_MIX_5PCT_2M-20260226_023301/checkpoint-12500,obj2_closer,output/phasevar_5/0009_phA08_phB13.png,Is the yellow cube closer to the camera than the green sphere? Answer with yes or no.,Yes,Yes,22.984375,18.5625,True
/data/shared/Qwen/mydisk/output/SYNTHETIC/NVILA-Lite-2B-SYNTHETIC_MIX_5PCT_2M-20260226_023301/checkpoint-12500,obj2_closer,output/phasevar_5/0009_phA08_phB14.png,Is the yellow cube closer to the camera than the green sphere? Answer with yes or no.,Yes,Yes,22.5625,18.671875,True
/data/shared/Qwen/mydisk/output/SYNTHETIC/NVILA-Lite-2B-SYNTHETIC_MIX_5PCT_2M-20260226_023301/checkpoint-12500,obj2_closer,output/phasevar_5/0009_phA08_phB15.png,Is the yellow cube closer to the camera than the green sphere? Answer with yes or no.,Yes,Yes,21.703125,18.671875,True
/data/shared/Qwen/mydisk/output/SYNTHETIC/NVILA-Lite-2B-SYNTHETIC_MIX_5PCT_2M-20260226_023301/checkpoint-12500,obj2_closer,output/phasevar_5/0009_phA09_phB00.png,Is the yellow cube closer to the camera than the green sphere? Answer with yes or no.,Yes,Yes,21.453125,18.75,True
/data/shared/Qwen/mydisk/output/SYNTHETIC/NVILA-Lite-2B-SYNTHETIC_MIX_5PCT_2M-20260226_023301/checkpoint-12500,obj2_closer,output/phasevar_5/0009_phA09_phB01.png,Is the yellow cube closer to the camera than the green sphere? Answer with yes or no.,Yes,Yes,21.4375,18.90625,True
/data/shared/Qwen/mydisk/output/SYNTHETIC/NVILA-Lite-2B-SYNTHETIC_MIX_5PCT_2M-20260226_023301/checkpoint-12500,obj2_closer,output/phasevar_5/0009_phA09_phB02.png,Is the yellow cube closer to the camera than the green sphere? Answer with yes or no.,Yes,Yes,22.40625,19.375,True
/data/shared/Qwen/mydisk/output/SYNTHETIC/NVILA-Lite-2B-SYNTHETIC_MIX_5PCT_2M-20260226_023301/checkpoint-12500,obj2_closer,output/phasevar_5/0009_phA09_phB03.png,Is the yellow cube closer to the camera than the green sphere? Answer with yes or no.,Yes,Yes,23.46875,20.015625,True
/data/shared/Qwen/mydisk/output/SYNTHETIC/NVILA-Lite-2B-SYNTHETIC_MIX_5PCT_2M-20260226_023301/checkpoint-12500,obj2_closer,output/phasevar_5/0009_phA09_phB04.png,Is the yellow cube closer to the camera than the green sphere? Answer with yes or no.,Yes,Yes,25.125,20.359375,True
/data/shared/Qwen/mydisk/output/SYNTHETIC/NVILA-Lite-2B-SYNTHETIC_MIX_5PCT_2M-20260226_023301/checkpoint-12500,obj2_closer,output/phasevar_5/0009_phA09_phB05.png,Is the yellow cube closer to the camera than the green sphere? Answer with yes or no.,Yes,Yes,25.109375,20.78125,True
/data/shared/Qwen/mydisk/output/SYNTHETIC/NVILA-Lite-2B-SYNTHETIC_MIX_5PCT_2M-20260226_023301/checkpoint-12500,obj2_closer,output/phasevar_5/0009_phA09_phB06.png,Is the yellow cube closer to the camera than the green sphere? Answer with yes or no.,Yes,Yes,23.09375,19.4375,True
/data/shared/Qwen/mydisk/output/SYNTHETIC/NVILA-Lite-2B-SYNTHETIC_MIX_5PCT_2M-20260226_023301/checkpoint-12500,obj2_closer,output/phasevar_5/0009_phA09_phB07.png,Is the yellow cube closer to the camera than the green sphere? Answer with yes or no.,Yes,Yes,21.96875,18.375,True
/data/shared/Qwen/mydisk/output/SYNTHETIC/NVILA-Lite-2B-SYNTHETIC_MIX_5PCT_2M-20260226_023301/checkpoint-12500,obj2_closer,output/phasevar_5/0009_phA09_phB08.png,Is the yellow cube closer to the camera than the green sphere? Answer with yes or no.,Yes,Yes,22.375,18.546875,True
/data/shared/Qwen/mydisk/output/SYNTHETIC/NVILA-Lite-2B-SYNTHETIC_MIX_5PCT_2M-20260226_023301/checkpoint-12500,obj2_closer,output/phasevar_5/0009_phA09_phB09.png,Is the yellow cube closer to the camera than the green sphere? Answer with yes or no.,Yes,Yes,22.140625,18.203125,True
/data/shared/Qwen/mydisk/output/SYNTHETIC/NVILA-Lite-2B-SYNTHETIC_MIX_5PCT_2M-20260226_023301/checkpoint-12500,obj2_closer,output/phasevar_5/0009_phA09_phB10.png,Is the yellow cube closer to the camera than the green sphere? Answer with yes or no.,Yes,Yes,22.453125,18.40625,True
/data/shared/Qwen/mydisk/output/SYNTHETIC/NVILA-Lite-2B-SYNTHETIC_MIX_5PCT_2M-20260226_023301/checkpoint-12500,obj2_closer,output/phasevar_5/0009_phA09_phB11.png,Is the yellow cube closer to the camera than the green sphere? Answer with yes or no.,Yes,Yes,23.03125,18.25,True
/data/shared/Qwen/mydisk/output/SYNTHETIC/NVILA-Lite-2B-SYNTHETIC_MIX_5PCT_2M-20260226_023301/checkpoint-12500,obj2_closer,output/phasevar_5/0009_phA09_phB12.png,Is the yellow cube closer to the camera than the green sphere? Answer with yes or no.,Yes,Yes,23.09375,18.46875,True
/data/shared/Qwen/mydisk/output/SYNTHETIC/NVILA-Lite-2B-SYNTHETIC_MIX_5PCT_2M-20260226_023301/checkpoint-12500,obj2_closer,output/phasevar_5/0009_phA09_phB13.png,Is the yellow cube closer to the camera than the green sphere? Answer with yes or no.,Yes,Yes,22.796875,18.640625,True
/data/shared/Qwen/mydisk/output/SYNTHETIC/NVILA-Lite-2B-SYNTHETIC_MIX_5PCT_2M-20260226_023301/checkpoint-12500,obj2_closer,output/phasevar_5/0009_phA09_phB14.png,Is the yellow cube closer to the camera than the green sphere? Answer with yes or no.,Yes,Yes,22.5,18.828125,True
/data/shared/Qwen/mydisk/output/SYNTHETIC/NVILA-Lite-2B-SYNTHETIC_MIX_5PCT_2M-20260226_023301/checkpoint-12500,obj2_closer,output/phasevar_5/0009_phA09_phB15.png,Is the yellow cube closer to the camera than the green sphere? Answer with yes or no.,Yes,Yes,21.65625,18.8125,True
/data/shared/Qwen/mydisk/output/SYNTHETIC/NVILA-Lite-2B-SYNTHETIC_MIX_5PCT_2M-20260226_023301/checkpoint-12500,obj2_closer,output/phasevar_5/0009_phA10_phB00.png,Is the yellow cube closer to the camera than the green sphere? Answer with yes or no.,Yes,Yes,20.90625,18.703125,True
/data/shared/Qwen/mydisk/output/SYNTHETIC/NVILA-Lite-2B-SYNTHETIC_MIX_5PCT_2M-20260226_023301/checkpoint-12500,obj2_closer,output/phasevar_5/0009_phA10_phB01.png,Is the yellow cube closer to the camera than the green sphere? Answer with yes or no.,Yes,Yes,20.828125,18.890625,True
/data/shared/Qwen/mydisk/output/SYNTHETIC/NVILA-Lite-2B-SYNTHETIC_MIX_5PCT_2M-20260226_023301/checkpoint-12500,obj2_closer,output/phasevar_5/0009_phA10_phB02.png,Is the yellow cube closer to the camera than the green sphere? Answer with yes or no.,Yes,Yes,21.84375,19.4375,True
/data/shared/Qwen/mydisk/output/SYNTHETIC/NVILA-Lite-2B-SYNTHETIC_MIX_5PCT_2M-20260226_023301/checkpoint-12500,obj2_closer,output/phasevar_5/0009_phA10_phB03.png,Is the yellow cube closer to the camera than the green sphere? Answer with yes or no.,Yes,Yes,22.828125,20.03125,True
/data/shared/Qwen/mydisk/output/SYNTHETIC/NVILA-Lite-2B-SYNTHETIC_MIX_5PCT_2M-20260226_023301/checkpoint-12500,obj2_closer,output/phasevar_5/0009_phA10_phB04.png,Is the yellow cube closer to the camera than the green sphere? Answer with yes or no.,Yes,Yes,24.4375,20.3125,True
/data/shared/Qwen/mydisk/output/SYNTHETIC/NVILA-Lite-2B-SYNTHETIC_MIX_5PCT_2M-20260226_023301/checkpoint-12500,obj2_closer,output/phasevar_5/0009_phA10_phB05.png,Is the yellow cube closer to the camera than the green sphere? Answer with yes or no.,Yes,Yes,24.6875,20.90625,True
/data/shared/Qwen/mydisk/output/SYNTHETIC/NVILA-Lite-2B-SYNTHETIC_MIX_5PCT_2M-20260226_023301/checkpoint-12500,obj2_closer,output/phasevar_5/0009_phA10_phB06.png,Is the yellow cube closer to the camera than the green sphere? Answer with yes or no.,Yes,Yes,22.734375,19.640625,True
/data/shared/Qwen/mydisk/output/SYNTHETIC/NVILA-Lite-2B-SYNTHETIC_MIX_5PCT_2M-20260226_023301/checkpoint-12500,obj2_closer,output/phasevar_5/0009_phA10_phB07.png,Is the yellow cube closer to the camera than the green sphere? Answer with yes or no.,Yes,Yes,21.65625,18.609375,True
/data/shared/Qwen/mydisk/output/SYNTHETIC/NVILA-Lite-2B-SYNTHETIC_MIX_5PCT_2M-20260226_023301/checkpoint-12500,obj2_closer,output/phasevar_5/0009_phA10_phB08.png,Is the yellow cube closer to the camera than the green sphere? Answer with yes or no.,Yes,Yes,21.828125,18.75,True
/data/shared/Qwen/mydisk/output/SYNTHETIC/NVILA-Lite-2B-SYNTHETIC_MIX_5PCT_2M-20260226_023301/checkpoint-12500,obj2_closer,output/phasevar_5/0009_phA10_phB09.png,Is the yellow cube closer to the camera than the green sphere? Answer with yes or no.,Yes,Yes,21.46875,18.421875,True
/data/shared/Qwen/mydisk/output/SYNTHETIC/NVILA-Lite-2B-SYNTHETIC_MIX_5PCT_2M-20260226_023301/checkpoint-12500,obj2_closer,output/phasevar_5/0009_phA10_phB10.png,Is the yellow cube closer to the camera than the green sphere? Answer with yes or no.,Yes,Yes,21.75,18.46875,True
/data/shared/Qwen/mydisk/output/SYNTHETIC/NVILA-Lite-2B-SYNTHETIC_MIX_5PCT_2M-20260226_023301/checkpoint-12500,obj2_closer,output/phasevar_5/0009_phA10_phB11.png,Is the yellow cube closer to the camera than the green sphere? Answer with yes or no.,Yes,Yes,22.375,18.3125,True
/data/shared/Qwen/mydisk/output/SYNTHETIC/NVILA-Lite-2B-SYNTHETIC_MIX_5PCT_2M-20260226_023301/checkpoint-12500,obj2_closer,output/phasevar_5/0009_phA10_phB12.png,Is the yellow cube closer to the camera than the green sphere? Answer with yes or no.,Yes,Yes,22.421875,18.453125,True
/data/shared/Qwen/mydisk/output/SYNTHETIC/NVILA-Lite-2B-SYNTHETIC_MIX_5PCT_2M-20260226_023301/checkpoint-12500,obj2_closer,output/phasevar_5/0009_phA10_phB13.png,Is the yellow cube closer to the camera than the green sphere? Answer with yes or no.,Yes,Yes,22.296875,18.765625,True
/data/shared/Qwen/mydisk/output/SYNTHETIC/NVILA-Lite-2B-SYNTHETIC_MIX_5PCT_2M-20260226_023301/checkpoint-12500,obj2_closer,output/phasevar_5/0009_phA10_phB14.png,Is the yellow cube closer to the camera than the green sphere? Answer with yes or no.,Yes,Yes,21.90625,18.828125,True
/data/shared/Qwen/mydisk/output/SYNTHETIC/NVILA-Lite-2B-SYNTHETIC_MIX_5PCT_2M-20260226_023301/checkpoint-12500,obj2_closer,output/phasevar_5/0009_phA10_phB15.png,Is the yellow cube closer to the camera than the green sphere? Answer with yes or no.,Yes,Yes,20.90625,18.796875,True
/data/shared/Qwen/mydisk/output/SYNTHETIC/NVILA-Lite-2B-SYNTHETIC_MIX_5PCT_2M-20260226_023301/checkpoint-12500,obj2_closer,output/phasevar_5/0009_phA11_phB00.png,Is the yellow cube closer to the camera than the green sphere? Answer with yes or no.,Yes,Yes,21.28125,18.734375,True
/data/shared/Qwen/mydisk/output/SYNTHETIC/NVILA-Lite-2B-SYNTHETIC_MIX_5PCT_2M-20260226_023301/checkpoint-12500,obj2_closer,output/phasevar_5/0009_phA11_phB01.png,Is the yellow cube closer to the camera than the green sphere? Answer with yes or no.,Yes,Yes,21.265625,18.890625,True
/data/shared/Qwen/mydisk/output/SYNTHETIC/NVILA-Lite-2B-SYNTHETIC_MIX_5PCT_2M-20260226_023301/checkpoint-12500,obj2_closer,output/phasevar_5/0009_phA11_phB02.png,Is the yellow cube closer to the camera than the green sphere? Answer with yes or no.,Yes,Yes,22.0625,19.328125,True
/data/shared/Qwen/mydisk/output/SYNTHETIC/NVILA-Lite-2B-SYNTHETIC_MIX_5PCT_2M-20260226_023301/checkpoint-12500,obj2_closer,output/phasevar_5/0009_phA11_phB03.png,Is the yellow cube closer to the camera than the green sphere? Answer with yes or no.,Yes,Yes,23.203125,19.953125,True
/data/shared/Qwen/mydisk/output/SYNTHETIC/NVILA-Lite-2B-SYNTHETIC_MIX_5PCT_2M-20260226_023301/checkpoint-12500,obj2_closer,output/phasevar_5/0009_phA11_phB04.png,Is the yellow cube closer to the camera than the green sphere? Answer with yes or no.,Yes,Yes,24.828125,20.234375,True
/data/shared/Qwen/mydisk/output/SYNTHETIC/NVILA-Lite-2B-SYNTHETIC_MIX_5PCT_2M-20260226_023301/checkpoint-12500,obj2_closer,output/phasevar_5/0009_phA11_phB05.png,Is the yellow cube closer to the camera than the green sphere? Answer with yes or no.,Yes,Yes,24.96875,20.734375,True
/data/shared/Qwen/mydisk/output/SYNTHETIC/NVILA-Lite-2B-SYNTHETIC_MIX_5PCT_2M-20260226_023301/checkpoint-12500,obj2_closer,output/phasevar_5/0009_phA11_phB06.png,Is the yellow cube closer to the camera than the green sphere? Answer with yes or no.,Yes,Yes,23.28125,19.6875,True
/data/shared/Qwen/mydisk/output/SYNTHETIC/NVILA-Lite-2B-SYNTHETIC_MIX_5PCT_2M-20260226_023301/checkpoint-12500,obj2_closer,output/phasevar_5/0009_phA11_phB07.png,Is the yellow cube closer to the camera than the green sphere? Answer with yes or no.,Yes,Yes,21.875,18.421875,True
/data/shared/Qwen/mydisk/output/SYNTHETIC/NVILA-Lite-2B-SYNTHETIC_MIX_5PCT_2M-20260226_023301/checkpoint-12500,obj2_closer,output/phasevar_5/0009_phA11_phB08.png,Is the yellow cube closer to the camera than the green sphere? Answer with yes or no.,Yes,Yes,22.1875,18.578125,True
/data/shared/Qwen/mydisk/output/SYNTHETIC/NVILA-Lite-2B-SYNTHETIC_MIX_5PCT_2M-20260226_023301/checkpoint-12500,obj2_closer,output/phasevar_5/0009_phA11_phB09.png,Is the yellow cube closer to the camera than the green sphere? Answer with yes or no.,Yes,Yes,21.9375,18.5,True
/data/shared/Qwen/mydisk/output/SYNTHETIC/NVILA-Lite-2B-SYNTHETIC_MIX_5PCT_2M-20260226_023301/checkpoint-12500,obj2_closer,output/phasevar_5/0009_phA11_phB10.png,Is the yellow cube closer to the camera than the green sphere? Answer with yes or no.,Yes,Yes,22.109375,18.5,True
/data/shared/Qwen/mydisk/output/SYNTHETIC/NVILA-Lite-2B-SYNTHETIC_MIX_5PCT_2M-20260226_023301/checkpoint-12500,obj2_closer,output/phasevar_5/0009_phA11_phB11.png,Is the yellow cube closer to the camera than the green sphere? Answer with yes or no.,Yes,Yes,22.375,18.234375,True
/data/shared/Qwen/mydisk/output/SYNTHETIC/NVILA-Lite-2B-SYNTHETIC_MIX_5PCT_2M-20260226_023301/checkpoint-12500,obj2_closer,output/phasevar_5/0009_phA11_phB12.png,Is the yellow cube closer to the camera than the green sphere? Answer with yes or no.,Yes,Yes,22.71875,18.40625,True
/data/shared/Qwen/mydisk/output/SYNTHETIC/NVILA-Lite-2B-SYNTHETIC_MIX_5PCT_2M-20260226_023301/checkpoint-12500,obj2_closer,output/phasevar_5/0009_phA11_phB13.png,Is the yellow cube closer to the camera than the green sphere? Answer with yes or no.,Yes,Yes,22.609375,18.625,True
/data/shared/Qwen/mydisk/output/SYNTHETIC/NVILA-Lite-2B-SYNTHETIC_MIX_5PCT_2M-20260226_023301/checkpoint-12500,obj2_closer,output/phasevar_5/0009_phA11_phB14.png,Is the yellow cube closer to the camera than the green sphere? Answer with yes or no.,Yes,Yes,22.28125,18.84375,True
/data/shared/Qwen/mydisk/output/SYNTHETIC/NVILA-Lite-2B-SYNTHETIC_MIX_5PCT_2M-20260226_023301/checkpoint-12500,obj2_closer,output/phasevar_5/0009_phA11_phB15.png,Is the yellow cube closer to the camera than the green sphere? Answer with yes or no.,Yes,Yes,21.296875,18.75,True
/data/shared/Qwen/mydisk/output/SYNTHETIC/NVILA-Lite-2B-SYNTHETIC_MIX_5PCT_2M-20260226_023301/checkpoint-12500,obj2_closer,output/phasevar_5/0009_phA12_phB00.png,Is the yellow cube closer to the camera than the green sphere? Answer with yes or no.,Yes,Yes,21.140625,18.6875,True
/data/shared/Qwen/mydisk/output/SYNTHETIC/NVILA-Lite-2B-SYNTHETIC_MIX_5PCT_2M-20260226_023301/checkpoint-12500,obj2_closer,output/phasevar_5/0009_phA12_phB01.png,Is the yellow cube closer to the camera than the green sphere? Answer with yes or no.,Yes,Yes,21.125,18.8125,True
/data/shared/Qwen/mydisk/output/SYNTHETIC/NVILA-Lite-2B-SYNTHETIC_MIX_5PCT_2M-20260226_023301/checkpoint-12500,obj2_closer,output/phasevar_5/0009_phA12_phB02.png,Is the yellow cube closer to the camera than the green sphere? Answer with yes or no.,Yes,Yes,21.796875,19.1875,True
/data/shared/Qwen/mydisk/output/SYNTHETIC/NVILA-Lite-2B-SYNTHETIC_MIX_5PCT_2M-20260226_023301/checkpoint-12500,obj2_closer,output/phasevar_5/0009_phA12_phB03.png,Is the yellow cube closer to the camera than the green sphere? Answer with yes or no.,Yes,Yes,22.828125,19.78125,True
/data/shared/Qwen/mydisk/output/SYNTHETIC/NVILA-Lite-2B-SYNTHETIC_MIX_5PCT_2M-20260226_023301/checkpoint-12500,obj2_closer,output/phasevar_5/0009_phA12_phB04.png,Is the yellow cube closer to the camera than the green sphere? Answer with yes or no.,Yes,Yes,24.5,20.15625,True
/data/shared/Qwen/mydisk/output/SYNTHETIC/NVILA-Lite-2B-SYNTHETIC_MIX_5PCT_2M-20260226_023301/checkpoint-12500,obj2_closer,output/phasevar_5/0009_phA12_phB05.png,Is the yellow cube closer to the camera than the green sphere? Answer with yes or no.,Yes,Yes,24.5625,20.5625,True
/data/shared/Qwen/mydisk/output/SYNTHETIC/NVILA-Lite-2B-SYNTHETIC_MIX_5PCT_2M-20260226_023301/checkpoint-12500,obj2_closer,output/phasevar_5/0009_phA12_phB06.png,Is the yellow cube closer to the camera than the green sphere? Answer with yes or no.,Yes,Yes,23.296875,19.671875,True
/data/shared/Qwen/mydisk/output/SYNTHETIC/NVILA-Lite-2B-SYNTHETIC_MIX_5PCT_2M-20260226_023301/checkpoint-12500,obj2_closer,output/phasevar_5/0009_phA12_phB07.png,Is the yellow cube closer to the camera than the green sphere? Answer with yes or no.,Yes,Yes,21.6875,18.3125,True
/data/shared/Qwen/mydisk/output/SYNTHETIC/NVILA-Lite-2B-SYNTHETIC_MIX_5PCT_2M-20260226_023301/checkpoint-12500,obj2_closer,output/phasevar_5/0009_phA12_phB08.png,Is the yellow cube closer to the camera than the green sphere? Answer with yes or no.,Yes,Yes,22.15625,18.546875,True
/data/shared/Qwen/mydisk/output/SYNTHETIC/NVILA-Lite-2B-SYNTHETIC_MIX_5PCT_2M-20260226_023301/checkpoint-12500,obj2_closer,output/phasevar_5/0009_phA12_phB09.png,Is the yellow cube closer to the camera than the green sphere? Answer with yes or no.,Yes,Yes,22.015625,18.453125,True
/data/shared/Qwen/mydisk/output/SYNTHETIC/NVILA-Lite-2B-SYNTHETIC_MIX_5PCT_2M-20260226_023301/checkpoint-12500,obj2_closer,output/phasevar_5/0009_phA12_phB10.png,Is the yellow cube closer to the camera than the green sphere? Answer with yes or no.,Yes,Yes,22.0625,18.578125,True
/data/shared/Qwen/mydisk/output/SYNTHETIC/NVILA-Lite-2B-SYNTHETIC_MIX_5PCT_2M-20260226_023301/checkpoint-12500,obj2_closer,output/phasevar_5/0009_phA12_phB11.png,Is the yellow cube closer to the camera than the green sphere? Answer with yes or no.,Yes,Yes,22.09375,18.234375,True
/data/shared/Qwen/mydisk/output/SYNTHETIC/NVILA-Lite-2B-SYNTHETIC_MIX_5PCT_2M-20260226_023301/checkpoint-12500,obj2_closer,output/phasevar_5/0009_phA12_phB12.png,Is the yellow cube closer to the camera than the green sphere? Answer with yes or no.,Yes,Yes,22.4375,18.40625,True
/data/shared/Qwen/mydisk/output/SYNTHETIC/NVILA-Lite-2B-SYNTHETIC_MIX_5PCT_2M-20260226_023301/checkpoint-12500,obj2_closer,output/phasevar_5/0009_phA12_phB13.png,Is the yellow cube closer to the camera than the green sphere? Answer with yes or no.,Yes,Yes,22.140625,18.53125,True
/data/shared/Qwen/mydisk/output/SYNTHETIC/NVILA-Lite-2B-SYNTHETIC_MIX_5PCT_2M-20260226_023301/checkpoint-12500,obj2_closer,output/phasevar_5/0009_phA12_phB14.png,Is the yellow cube closer to the camera than the green sphere? Answer with yes or no.,Yes,Yes,22.015625,18.796875,True
/data/shared/Qwen/mydisk/output/SYNTHETIC/NVILA-Lite-2B-SYNTHETIC_MIX_5PCT_2M-20260226_023301/checkpoint-12500,obj2_closer,output/phasevar_5/0009_phA12_phB15.png,Is the yellow cube closer to the camera than the green sphere? Answer with yes or no.,Yes,Yes,21.203125,18.671875,True
/data/shared/Qwen/mydisk/output/SYNTHETIC/NVILA-Lite-2B-SYNTHETIC_MIX_5PCT_2M-20260226_023301/checkpoint-12500,obj2_closer,output/phasevar_5/0009_phA13_phB00.png,Is the yellow cube closer to the camera than the green sphere? Answer with yes or no.,Yes,Yes,21.609375,18.890625,True
/data/shared/Qwen/mydisk/output/SYNTHETIC/NVILA-Lite-2B-SYNTHETIC_MIX_5PCT_2M-20260226_023301/checkpoint-12500,obj2_closer,output/phasevar_5/0009_phA13_phB01.png,Is the yellow cube closer to the camera than the green sphere? Answer with yes or no.,Yes,Yes,21.578125,18.984375,True
/data/shared/Qwen/mydisk/output/SYNTHETIC/NVILA-Lite-2B-SYNTHETIC_MIX_5PCT_2M-20260226_023301/checkpoint-12500,obj2_closer,output/phasevar_5/0009_phA13_phB02.png,Is the yellow cube closer to the camera than the green sphere? Answer with yes or no.,Yes,Yes,22.296875,19.28125,True
/data/shared/Qwen/mydisk/output/SYNTHETIC/NVILA-Lite-2B-SYNTHETIC_MIX_5PCT_2M-20260226_023301/checkpoint-12500,obj2_closer,output/phasevar_5/0009_phA13_phB03.png,Is the yellow cube closer to the camera than the green sphere? Answer with yes or no.,Yes,Yes,23.609375,20.0,True
/data/shared/Qwen/mydisk/output/SYNTHETIC/NVILA-Lite-2B-SYNTHETIC_MIX_5PCT_2M-20260226_023301/checkpoint-12500,obj2_closer,output/phasevar_5/0009_phA13_phB04.png,Is the yellow cube closer to the camera than the green sphere? Answer with yes or no.,Yes,Yes,24.921875,20.140625,True
/data/shared/Qwen/mydisk/output/SYNTHETIC/NVILA-Lite-2B-SYNTHETIC_MIX_5PCT_2M-20260226_023301/checkpoint-12500,obj2_closer,output/phasevar_5/0009_phA13_phB05.png,Is the yellow cube closer to the camera than the green sphere? Answer with yes or no.,Yes,Yes,24.953125,20.484375,True
/data/shared/Qwen/mydisk/output/SYNTHETIC/NVILA-Lite-2B-SYNTHETIC_MIX_5PCT_2M-20260226_023301/checkpoint-12500,obj2_closer,output/phasevar_5/0009_phA13_phB06.png,Is the yellow cube closer to the camera than the green sphere? Answer with yes or no.,Yes,Yes,23.640625,19.515625,True
/data/shared/Qwen/mydisk/output/SYNTHETIC/NVILA-Lite-2B-SYNTHETIC_MIX_5PCT_2M-20260226_023301/checkpoint-12500,obj2_closer,output/phasevar_5/0009_phA13_phB07.png,Is the yellow cube closer to the camera than the green sphere? Answer with yes or no.,Yes,Yes,21.984375,18.234375,True
/data/shared/Qwen/mydisk/output/SYNTHETIC/NVILA-Lite-2B-SYNTHETIC_MIX_5PCT_2M-20260226_023301/checkpoint-12500,obj2_closer,output/phasevar_5/0009_phA13_phB08.png,Is the yellow cube closer to the camera than the green sphere? Answer with yes or no.,Yes,Yes,22.640625,18.59375,True
/data/shared/Qwen/mydisk/output/SYNTHETIC/NVILA-Lite-2B-SYNTHETIC_MIX_5PCT_2M-20260226_023301/checkpoint-12500,obj2_closer,output/phasevar_5/0009_phA13_phB09.png,Is the yellow cube closer to the camera than the green sphere? Answer with yes or no.,Yes,Yes,22.578125,18.515625,True
/data/shared/Qwen/mydisk/output/SYNTHETIC/NVILA-Lite-2B-SYNTHETIC_MIX_5PCT_2M-20260226_023301/checkpoint-12500,obj2_closer,output/phasevar_5/0009_phA13_phB10.png,Is the yellow cube closer to the camera than the green sphere? Answer with yes or no.,Yes,Yes,22.65625,18.640625,True
/data/shared/Qwen/mydisk/output/SYNTHETIC/NVILA-Lite-2B-SYNTHETIC_MIX_5PCT_2M-20260226_023301/checkpoint-12500,obj2_closer,output/phasevar_5/0009_phA13_phB11.png,Is the yellow cube closer to the camera than the green sphere? Answer with yes or no.,Yes,Yes,22.84375,18.296875,True
/data/shared/Qwen/mydisk/output/SYNTHETIC/NVILA-Lite-2B-SYNTHETIC_MIX_5PCT_2M-20260226_023301/checkpoint-12500,obj2_closer,output/phasevar_5/0009_phA13_phB12.png,Is the yellow cube closer to the camera than the green sphere? Answer with yes or no.,Yes,Yes,22.984375,18.421875,True
/data/shared/Qwen/mydisk/output/SYNTHETIC/NVILA-Lite-2B-SYNTHETIC_MIX_5PCT_2M-20260226_023301/checkpoint-12500,obj2_closer,output/phasevar_5/0009_phA13_phB13.png,Is the yellow cube closer to the camera than the green sphere? Answer with yes or no.,Yes,Yes,22.703125,18.46875,True
/data/shared/Qwen/mydisk/output/SYNTHETIC/NVILA-Lite-2B-SYNTHETIC_MIX_5PCT_2M-20260226_023301/checkpoint-12500,obj2_closer,output/phasevar_5/0009_phA13_phB14.png,Is the yellow cube closer to the camera than the green sphere? Answer with yes or no.,Yes,Yes,22.578125,18.765625,True
/data/shared/Qwen/mydisk/output/SYNTHETIC/NVILA-Lite-2B-SYNTHETIC_MIX_5PCT_2M-20260226_023301/checkpoint-12500,obj2_closer,output/phasevar_5/0009_phA13_phB15.png,Is the yellow cube closer to the camera than the green sphere? Answer with yes or no.,Yes,Yes,21.609375,18.765625,True
/data/shared/Qwen/mydisk/output/SYNTHETIC/NVILA-Lite-2B-SYNTHETIC_MIX_5PCT_2M-20260226_023301/checkpoint-12500,obj2_closer,output/phasevar_5/0009_phA14_phB00.png,Is the yellow cube closer to the camera than the green sphere? Answer with yes or no.,Yes,Yes,21.203125,18.78125,True
/data/shared/Qwen/mydisk/output/SYNTHETIC/NVILA-Lite-2B-SYNTHETIC_MIX_5PCT_2M-20260226_023301/checkpoint-12500,obj2_closer,output/phasevar_5/0009_phA14_phB01.png,Is the yellow cube closer to the camera than the green sphere? Answer with yes or no.,Yes,Yes,21.03125,18.84375,True
/data/shared/Qwen/mydisk/output/SYNTHETIC/NVILA-Lite-2B-SYNTHETIC_MIX_5PCT_2M-20260226_023301/checkpoint-12500,obj2_closer,output/phasevar_5/0009_phA14_phB02.png,Is the yellow cube closer to the camera than the green sphere? Answer with yes or no.,Yes,Yes,22.0625,19.234375,True
/data/shared/Qwen/mydisk/output/SYNTHETIC/NVILA-Lite-2B-SYNTHETIC_MIX_5PCT_2M-20260226_023301/checkpoint-12500,obj2_closer,output/phasevar_5/0009_phA14_phB03.png,Is the yellow cube closer to the camera than the green sphere? Answer with yes or no.,Yes,Yes,22.875,19.765625,True
/data/shared/Qwen/mydisk/output/SYNTHETIC/NVILA-Lite-2B-SYNTHETIC_MIX_5PCT_2M-20260226_023301/checkpoint-12500,obj2_closer,output/phasevar_5/0009_phA14_phB04.png,Is the yellow cube closer to the camera than the green sphere? Answer with yes or no.,Yes,Yes,24.734375,20.203125,True
/data/shared/Qwen/mydisk/output/SYNTHETIC/NVILA-Lite-2B-SYNTHETIC_MIX_5PCT_2M-20260226_023301/checkpoint-12500,obj2_closer,output/phasevar_5/0009_phA14_phB05.png,Is the yellow cube closer to the camera than the green sphere? Answer with yes or no.,Yes,Yes,24.953125,20.578125,True
/data/shared/Qwen/mydisk/output/SYNTHETIC/NVILA-Lite-2B-SYNTHETIC_MIX_5PCT_2M-20260226_023301/checkpoint-12500,obj2_closer,output/phasevar_5/0009_phA14_phB06.png,Is the yellow cube closer to the camera than the green sphere? Answer with yes or no.,Yes,Yes,23.71875,19.640625,True
/data/shared/Qwen/mydisk/output/SYNTHETIC/NVILA-Lite-2B-SYNTHETIC_MIX_5PCT_2M-20260226_023301/checkpoint-12500,obj2_closer,output/phasevar_5/0009_phA14_phB07.png,Is the yellow cube closer to the camera than the green sphere? Answer with yes or no.,Yes,Yes,22.46875,18.5625,True
/data/shared/Qwen/mydisk/output/SYNTHETIC/NVILA-Lite-2B-SYNTHETIC_MIX_5PCT_2M-20260226_023301/checkpoint-12500,obj2_closer,output/phasevar_5/0009_phA14_phB08.png,Is the yellow cube closer to the camera than the green sphere? Answer with yes or no.,Yes,Yes,23.078125,18.890625,True
/data/shared/Qwen/mydisk/output/SYNTHETIC/NVILA-Lite-2B-SYNTHETIC_MIX_5PCT_2M-20260226_023301/checkpoint-12500,obj2_closer,output/phasevar_5/0009_phA14_phB09.png,Is the yellow cube closer to the camera than the green sphere? Answer with yes or no.,Yes,Yes,22.953125,18.75,True
/data/shared/Qwen/mydisk/output/SYNTHETIC/NVILA-Lite-2B-SYNTHETIC_MIX_5PCT_2M-20260226_023301/checkpoint-12500,obj2_closer,output/phasevar_5/0009_phA14_phB10.png,Is the yellow cube closer to the camera than the green sphere? Answer with yes or no.,Yes,Yes,22.953125,18.8125,True
/data/shared/Qwen/mydisk/output/SYNTHETIC/NVILA-Lite-2B-SYNTHETIC_MIX_5PCT_2M-20260226_023301/checkpoint-12500,obj2_closer,output/phasevar_5/0009_phA14_phB11.png,Is the yellow cube closer to the camera than the green sphere? Answer with yes or no.,Yes,Yes,23.171875,18.484375,True
/data/shared/Qwen/mydisk/output/SYNTHETIC/NVILA-Lite-2B-SYNTHETIC_MIX_5PCT_2M-20260226_023301/checkpoint-12500,obj2_closer,output/phasevar_5/0009_phA14_phB12.png,Is the yellow cube closer to the camera than the green sphere? Answer with yes or no.,Yes,Yes,23.09375,18.59375,True
/data/shared/Qwen/mydisk/output/SYNTHETIC/NVILA-Lite-2B-SYNTHETIC_MIX_5PCT_2M-20260226_023301/checkpoint-12500,obj2_closer,output/phasevar_5/0009_phA14_phB13.png,Is the yellow cube closer to the camera than the green sphere? Answer with yes or no.,Yes,Yes,22.890625,18.6875,True
/data/shared/Qwen/mydisk/output/SYNTHETIC/NVILA-Lite-2B-SYNTHETIC_MIX_5PCT_2M-20260226_023301/checkpoint-12500,obj2_closer,output/phasevar_5/0009_phA14_phB14.png,Is the yellow cube closer to the camera than the green sphere? Answer with yes or no.,Yes,Yes,22.5,18.734375,True
/data/shared/Qwen/mydisk/output/SYNTHETIC/NVILA-Lite-2B-SYNTHETIC_MIX_5PCT_2M-20260226_023301/checkpoint-12500,obj2_closer,output/phasevar_5/0009_phA14_phB15.png,Is the yellow cube closer to the camera than the green sphere? Answer with yes or no.,Yes,Yes,21.1875,18.671875,True
/data/shared/Qwen/mydisk/output/SYNTHETIC/NVILA-Lite-2B-SYNTHETIC_MIX_5PCT_2M-20260226_023301/checkpoint-12500,obj2_closer,output/phasevar_5/0009_phA15_phB00.png,Is the yellow cube closer to the camera than the green sphere? Answer with yes or no.,Yes,Yes,22.078125,18.984375,True
/data/shared/Qwen/mydisk/output/SYNTHETIC/NVILA-Lite-2B-SYNTHETIC_MIX_5PCT_2M-20260226_023301/checkpoint-12500,obj2_closer,output/phasevar_5/0009_phA15_phB01.png,Is the yellow cube closer to the camera than the green sphere? Answer with yes or no.,Yes,Yes,22.203125,19.25,True
/data/shared/Qwen/mydisk/output/SYNTHETIC/NVILA-Lite-2B-SYNTHETIC_MIX_5PCT_2M-20260226_023301/checkpoint-12500,obj2_closer,output/phasevar_5/0009_phA15_phB02.png,Is the yellow cube closer to the camera than the green sphere? Answer with yes or no.,Yes,Yes,22.734375,19.359375,True
/data/shared/Qwen/mydisk/output/SYNTHETIC/NVILA-Lite-2B-SYNTHETIC_MIX_5PCT_2M-20260226_023301/checkpoint-12500,obj2_closer,output/phasevar_5/0009_phA15_phB03.png,Is the yellow cube closer to the camera than the green sphere? Answer with yes or no.,Yes,Yes,23.875,20.109375,True
/data/shared/Qwen/mydisk/output/SYNTHETIC/NVILA-Lite-2B-SYNTHETIC_MIX_5PCT_2M-20260226_023301/checkpoint-12500,obj2_closer,output/phasevar_5/0009_phA15_phB04.png,Is the yellow cube closer to the camera than the green sphere? Answer with yes or no.,Yes,Yes,25.171875,20.140625,True
/data/shared/Qwen/mydisk/output/SYNTHETIC/NVILA-Lite-2B-SYNTHETIC_MIX_5PCT_2M-20260226_023301/checkpoint-12500,obj2_closer,output/phasevar_5/0009_phA15_phB05.png,Is the yellow cube closer to the camera than the green sphere? Answer with yes or no.,Yes,Yes,25.296875,20.4375,True
/data/shared/Qwen/mydisk/output/SYNTHETIC/NVILA-Lite-2B-SYNTHETIC_MIX_5PCT_2M-20260226_023301/checkpoint-12500,obj2_closer,output/phasevar_5/0009_phA15_phB06.png,Is the yellow cube closer to the camera than the green sphere? Answer with yes or no.,Yes,Yes,23.828125,19.328125,True
/data/shared/Qwen/mydisk/output/SYNTHETIC/NVILA-Lite-2B-SYNTHETIC_MIX_5PCT_2M-20260226_023301/checkpoint-12500,obj2_closer,output/phasevar_5/0009_phA15_phB07.png,Is the yellow cube closer to the camera than the green sphere? Answer with yes or no.,Yes,Yes,22.59375,18.203125,True
/data/shared/Qwen/mydisk/output/SYNTHETIC/NVILA-Lite-2B-SYNTHETIC_MIX_5PCT_2M-20260226_023301/checkpoint-12500,obj2_closer,output/phasevar_5/0009_phA15_phB08.png,Is the yellow cube closer to the camera than the green sphere? Answer with yes or no.,Yes,Yes,23.34375,18.578125,True
/data/shared/Qwen/mydisk/output/SYNTHETIC/NVILA-Lite-2B-SYNTHETIC_MIX_5PCT_2M-20260226_023301/checkpoint-12500,obj2_closer,output/phasevar_5/0009_phA15_phB09.png,Is the yellow cube closer to the camera than the green sphere? Answer with yes or no.,Yes,Yes,23.375,18.53125,True
/data/shared/Qwen/mydisk/output/SYNTHETIC/NVILA-Lite-2B-SYNTHETIC_MIX_5PCT_2M-20260226_023301/checkpoint-12500,obj2_closer,output/phasevar_5/0009_phA15_phB10.png,Is the yellow cube closer to the camera than the green sphere? Answer with yes or no.,Yes,Yes,23.453125,18.75,True
/data/shared/Qwen/mydisk/output/SYNTHETIC/NVILA-Lite-2B-SYNTHETIC_MIX_5PCT_2M-20260226_023301/checkpoint-12500,obj2_closer,output/phasevar_5/0009_phA15_phB11.png,Is the yellow cube closer to the camera than the green sphere? Answer with yes or no.,Yes,Yes,23.546875,18.3125,True
/data/shared/Qwen/mydisk/output/SYNTHETIC/NVILA-Lite-2B-SYNTHETIC_MIX_5PCT_2M-20260226_023301/checkpoint-12500,obj2_closer,output/phasevar_5/0009_phA15_phB12.png,Is the yellow cube closer to the camera than the green sphere? Answer with yes or no.,Yes,Yes,23.65625,18.40625,True
/data/shared/Qwen/mydisk/output/SYNTHETIC/NVILA-Lite-2B-SYNTHETIC_MIX_5PCT_2M-20260226_023301/checkpoint-12500,obj2_closer,output/phasevar_5/0009_phA15_phB13.png,Is the yellow cube closer to the camera than the green sphere? Answer with yes or no.,Yes,Yes,23.5,18.546875,True
/data/shared/Qwen/mydisk/output/SYNTHETIC/NVILA-Lite-2B-SYNTHETIC_MIX_5PCT_2M-20260226_023301/checkpoint-12500,obj2_closer,output/phasevar_5/0009_phA15_phB14.png,Is the yellow cube closer to the camera than the green sphere? Answer with yes or no.,Yes,Yes,23.125,18.6875,True
/data/shared/Qwen/mydisk/output/SYNTHETIC/NVILA-Lite-2B-SYNTHETIC_MIX_5PCT_2M-20260226_023301/checkpoint-12500,obj2_closer,output/phasevar_5/0009_phA15_phB15.png,Is the yellow cube closer to the camera than the green sphere? Answer with yes or no.,Yes,Yes,22.296875,18.78125,True
/data/shared/Qwen/mydisk/output/SYNTHETIC/NVILA-Lite-2B-SYNTHETIC_MIX_5PCT_2M-20260226_023301/checkpoint-12500,obj2_closer,output/phasevar_5/0010_phA00_phB00.png,Is the magenta cube closer to the camera than the cyan sphere? Answer with yes or no.,Yes,Yes,22.390625,18.3125,True
/data/shared/Qwen/mydisk/output/SYNTHETIC/NVILA-Lite-2B-SYNTHETIC_MIX_5PCT_2M-20260226_023301/checkpoint-12500,obj2_closer,output/phasevar_5/0010_phA00_phB01.png,Is the magenta cube closer to the camera than the cyan sphere? Answer with yes or no.,Yes,Yes,22.984375,18.453125,True
/data/shared/Qwen/mydisk/output/SYNTHETIC/NVILA-Lite-2B-SYNTHETIC_MIX_5PCT_2M-20260226_023301/checkpoint-12500,obj2_closer,output/phasevar_5/0010_phA00_phB02.png,Is the magenta cube closer to the camera than the cyan sphere? Answer with yes or no.,Yes,Yes,23.328125,18.609375,True
/data/shared/Qwen/mydisk/output/SYNTHETIC/NVILA-Lite-2B-SYNTHETIC_MIX_5PCT_2M-20260226_023301/checkpoint-12500,obj2_closer,output/phasevar_5/0010_phA00_phB03.png,Is the magenta cube closer to the camera than the cyan sphere? Answer with yes or no.,Yes,Yes,25.078125,19.515625,True
/data/shared/Qwen/mydisk/output/SYNTHETIC/NVILA-Lite-2B-SYNTHETIC_MIX_5PCT_2M-20260226_023301/checkpoint-12500,obj2_closer,output/phasevar_5/0010_phA00_phB04.png,Is the magenta cube closer to the camera than the cyan sphere? Answer with yes or no.,Yes,Yes,25.0,19.03125,True
/data/shared/Qwen/mydisk/output/SYNTHETIC/NVILA-Lite-2B-SYNTHETIC_MIX_5PCT_2M-20260226_023301/checkpoint-12500,obj2_closer,output/phasevar_5/0010_phA00_phB05.png,Is the magenta cube closer to the camera than the cyan sphere? Answer with yes or no.,Yes,Yes,24.96875,19.125,True
/data/shared/Qwen/mydisk/output/SYNTHETIC/NVILA-Lite-2B-SYNTHETIC_MIX_5PCT_2M-20260226_023301/checkpoint-12500,obj2_closer,output/phasevar_5/0010_phA00_phB06.png,Is the magenta cube closer to the camera than the cyan sphere? Answer with yes or no.,Yes,Yes,25.171875,18.859375,True
/data/shared/Qwen/mydisk/output/SYNTHETIC/NVILA-Lite-2B-SYNTHETIC_MIX_5PCT_2M-20260226_023301/checkpoint-12500,obj2_closer,output/phasevar_5/0010_phA00_phB07.png,Is the magenta cube closer to the camera than the cyan sphere? Answer with yes or no.,Yes,Yes,23.421875,17.671875,True
/data/shared/Qwen/mydisk/output/SYNTHETIC/NVILA-Lite-2B-SYNTHETIC_MIX_5PCT_2M-20260226_023301/checkpoint-12500,obj2_closer,output/phasevar_5/0010_phA00_phB08.png,Is the magenta cube closer to the camera than the cyan sphere? Answer with yes or no.,Yes,Yes,23.890625,18.15625,True
/data/shared/Qwen/mydisk/output/SYNTHETIC/NVILA-Lite-2B-SYNTHETIC_MIX_5PCT_2M-20260226_023301/checkpoint-12500,obj2_closer,output/phasevar_5/0010_phA00_phB09.png,Is the magenta cube closer to the camera than the cyan sphere? Answer with yes or no.,Yes,Yes,24.25,18.5,True
/data/shared/Qwen/mydisk/output/SYNTHETIC/NVILA-Lite-2B-SYNTHETIC_MIX_5PCT_2M-20260226_023301/checkpoint-12500,obj2_closer,output/phasevar_5/0010_phA00_phB10.png,Is the magenta cube closer to the camera than the cyan sphere? Answer with yes or no.,Yes,Yes,23.890625,18.484375,True
/data/shared/Qwen/mydisk/output/SYNTHETIC/NVILA-Lite-2B-SYNTHETIC_MIX_5PCT_2M-20260226_023301/checkpoint-12500,obj2_closer,output/phasevar_5/0010_phA00_phB11.png,Is the magenta cube closer to the camera than the cyan sphere? Answer with yes or no.,Yes,Yes,23.640625,18.0625,True
/data/shared/Qwen/mydisk/output/SYNTHETIC/NVILA-Lite-2B-SYNTHETIC_MIX_5PCT_2M-20260226_023301/checkpoint-12500,obj2_closer,output/phasevar_5/0010_phA00_phB12.png,Is the magenta cube closer to the camera than the cyan sphere? Answer with yes or no.,Yes,Yes,23.40625,17.953125,True
/data/shared/Qwen/mydisk/output/SYNTHETIC/NVILA-Lite-2B-SYNTHETIC_MIX_5PCT_2M-20260226_023301/checkpoint-12500,obj2_closer,output/phasevar_5/0010_phA00_phB13.png,Is the magenta cube closer to the camera than the cyan sphere? Answer with yes or no.,Yes,Yes,23.71875,18.265625,True
/data/shared/Qwen/mydisk/output/SYNTHETIC/NVILA-Lite-2B-SYNTHETIC_MIX_5PCT_2M-20260226_023301/checkpoint-12500,obj2_closer,output/phasevar_5/0010_phA00_phB14.png,Is the magenta cube closer to the camera than the cyan sphere? Answer with yes or no.,Yes,Yes,22.578125,17.875,True
/data/shared/Qwen/mydisk/output/SYNTHETIC/NVILA-Lite-2B-SYNTHETIC_MIX_5PCT_2M-20260226_023301/checkpoint-12500,obj2_closer,output/phasevar_5/0010_phA00_phB15.png,Is the magenta cube closer to the camera than the cyan sphere? Answer with yes or no.,Yes,Yes,22.359375,18.140625,True
/data/shared/Qwen/mydisk/output/SYNTHETIC/NVILA-Lite-2B-SYNTHETIC_MIX_5PCT_2M-20260226_023301/checkpoint-12500,obj2_closer,output/phasevar_5/0010_phA01_phB00.png,Is the magenta cube closer to the camera than the cyan sphere? Answer with yes or no.,Yes,Yes,22.0,18.03125,True
/data/shared/Qwen/mydisk/output/SYNTHETIC/NVILA-Lite-2B-SYNTHETIC_MIX_5PCT_2M-20260226_023301/checkpoint-12500,obj2_closer,output/phasevar_5/0010_phA01_phB01.png,Is the magenta cube closer to the camera than the cyan sphere? Answer with yes or no.,Yes,Yes,22.796875,18.203125,True
/data/shared/Qwen/mydisk/output/SYNTHETIC/NVILA-Lite-2B-SYNTHETIC_MIX_5PCT_2M-20260226_023301/checkpoint-12500,obj2_closer,output/phasevar_5/0010_phA01_phB02.png,Is the magenta cube closer to the camera than the cyan sphere? Answer with yes or no.,Yes,Yes,23.046875,18.328125,True
/data/shared/Qwen/mydisk/output/SYNTHETIC/NVILA-Lite-2B-SYNTHETIC_MIX_5PCT_2M-20260226_023301/checkpoint-12500,obj2_closer,output/phasevar_5/0010_phA01_phB03.png,Is the magenta cube closer to the camera than the cyan sphere? Answer with yes or no.,Yes,Yes,24.703125,19.265625,True
/data/shared/Qwen/mydisk/output/SYNTHETIC/NVILA-Lite-2B-SYNTHETIC_MIX_5PCT_2M-20260226_023301/checkpoint-12500,obj2_closer,output/phasevar_5/0010_phA01_phB04.png,Is the magenta cube closer to the camera than the cyan sphere? Answer with yes or no.,Yes,Yes,24.5,18.640625,True
/data/shared/Qwen/mydisk/output/SYNTHETIC/NVILA-Lite-2B-SYNTHETIC_MIX_5PCT_2M-20260226_023301/checkpoint-12500,obj2_closer,output/phasevar_5/0010_phA01_phB05.png,Is the magenta cube closer to the camera than the cyan sphere? Answer with yes or no.,Yes,Yes,24.53125,18.765625,True
/data/shared/Qwen/mydisk/output/SYNTHETIC/NVILA-Lite-2B-SYNTHETIC_MIX_5PCT_2M-20260226_023301/checkpoint-12500,obj2_closer,output/phasevar_5/0010_phA01_phB06.png,Is the magenta cube closer to the camera than the cyan sphere? Answer with yes or no.,Yes,Yes,24.828125,18.5,True
/data/shared/Qwen/mydisk/output/SYNTHETIC/NVILA-Lite-2B-SYNTHETIC_MIX_5PCT_2M-20260226_023301/checkpoint-12500,obj2_closer,output/phasevar_5/0010_phA01_phB07.png,Is the magenta cube closer to the camera than the cyan sphere? Answer with yes or no.,Yes,Yes,23.1875,17.515625,True
/data/shared/Qwen/mydisk/output/SYNTHETIC/NVILA-Lite-2B-SYNTHETIC_MIX_5PCT_2M-20260226_023301/checkpoint-12500,obj2_closer,output/phasevar_5/0010_phA01_phB08.png,Is the magenta cube closer to the camera than the cyan sphere? Answer with yes or no.,Yes,Yes,23.625,17.96875,True
/data/shared/Qwen/mydisk/output/SYNTHETIC/NVILA-Lite-2B-SYNTHETIC_MIX_5PCT_2M-20260226_023301/checkpoint-12500,obj2_closer,output/phasevar_5/0010_phA01_phB09.png,Is the magenta cube closer to the camera than the cyan sphere? Answer with yes or no.,Yes,Yes,24.046875,18.328125,True
/data/shared/Qwen/mydisk/output/SYNTHETIC/NVILA-Lite-2B-SYNTHETIC_MIX_5PCT_2M-20260226_023301/checkpoint-12500,obj2_closer,output/phasevar_5/0010_phA01_phB10.png,Is the magenta cube closer to the camera than the cyan sphere? Answer with yes or no.,Yes,Yes,23.75,18.375,True
/data/shared/Qwen/mydisk/output/SYNTHETIC/NVILA-Lite-2B-SYNTHETIC_MIX_5PCT_2M-20260226_023301/checkpoint-12500,obj2_closer,output/phasevar_5/0010_phA01_phB11.png,Is the magenta cube closer to the camera than the cyan sphere? Answer with yes or no.,Yes,Yes,23.515625,17.9375,True
/data/shared/Qwen/mydisk/output/SYNTHETIC/NVILA-Lite-2B-SYNTHETIC_MIX_5PCT_2M-20260226_023301/checkpoint-12500,obj2_closer,output/phasevar_5/0010_phA01_phB12.png,Is the magenta cube closer to the camera than the cyan sphere? Answer with yes or no.,Yes,Yes,23.328125,17.875,True
/data/shared/Qwen/mydisk/output/SYNTHETIC/NVILA-Lite-2B-SYNTHETIC_MIX_5PCT_2M-20260226_023301/checkpoint-12500,obj2_closer,output/phasevar_5/0010_phA01_phB13.png,Is the magenta cube closer to the camera than the cyan sphere? Answer with yes or no.,Yes,Yes,23.515625,18.078125,True
/data/shared/Qwen/mydisk/output/SYNTHETIC/NVILA-Lite-2B-SYNTHETIC_MIX_5PCT_2M-20260226_023301/checkpoint-12500,obj2_closer,output/phasevar_5/0010_phA01_phB14.png,Is the magenta cube closer to the camera than the cyan sphere? Answer with yes or no.,Yes,Yes,22.453125,17.734375,True
/data/shared/Qwen/mydisk/output/SYNTHETIC/NVILA-Lite-2B-SYNTHETIC_MIX_5PCT_2M-20260226_023301/checkpoint-12500,obj2_closer,output/phasevar_5/0010_phA01_phB15.png,Is the magenta cube closer to the camera than the cyan sphere? Answer with yes or no.,Yes,Yes,22.15625,17.984375,True
/data/shared/Qwen/mydisk/output/SYNTHETIC/NVILA-Lite-2B-SYNTHETIC_MIX_5PCT_2M-20260226_023301/checkpoint-12500,obj2_closer,output/phasevar_5/0010_phA02_phB00.png,Is the magenta cube closer to the camera than the cyan sphere? Answer with yes or no.,Yes,Yes,21.671875,17.890625,True
/data/shared/Qwen/mydisk/output/SYNTHETIC/NVILA-Lite-2B-SYNTHETIC_MIX_5PCT_2M-20260226_023301/checkpoint-12500,obj2_closer,output/phasevar_5/0010_phA02_phB01.png,Is the magenta cube closer to the camera than the cyan sphere? Answer with yes or no.,Yes,Yes,22.140625,17.984375,True
/data/shared/Qwen/mydisk/output/SYNTHETIC/NVILA-Lite-2B-SYNTHETIC_MIX_5PCT_2M-20260226_023301/checkpoint-12500,obj2_closer,output/phasevar_5/0010_phA02_phB02.png,Is the magenta cube closer to the camera than the cyan sphere? Answer with yes or no.,Yes,Yes,22.6875,18.125,True
/data/shared/Qwen/mydisk/output/SYNTHETIC/NVILA-Lite-2B-SYNTHETIC_MIX_5PCT_2M-20260226_023301/checkpoint-12500,obj2_closer,output/phasevar_5/0010_phA02_phB03.png,Is the magenta cube closer to the camera than the cyan sphere? Answer with yes or no.,Yes,Yes,24.21875,19.203125,True
/data/shared/Qwen/mydisk/output/SYNTHETIC/NVILA-Lite-2B-SYNTHETIC_MIX_5PCT_2M-20260226_023301/checkpoint-12500,obj2_closer,output/phasevar_5/0010_phA02_phB04.png,Is the magenta cube closer to the camera than the cyan sphere? Answer with yes or no.,Yes,Yes,24.109375,18.59375,True
/data/shared/Qwen/mydisk/output/SYNTHETIC/NVILA-Lite-2B-SYNTHETIC_MIX_5PCT_2M-20260226_023301/checkpoint-12500,obj2_closer,output/phasevar_5/0010_phA02_phB05.png,Is the magenta cube closer to the camera than the cyan sphere? Answer with yes or no.,Yes,Yes,24.1875,18.515625,True
/data/shared/Qwen/mydisk/output/SYNTHETIC/NVILA-Lite-2B-SYNTHETIC_MIX_5PCT_2M-20260226_023301/checkpoint-12500,obj2_closer,output/phasevar_5/0010_phA02_phB06.png,Is the magenta cube closer to the camera than the cyan sphere? Answer with yes or no.,Yes,Yes,24.34375,18.0625,True
/data/shared/Qwen/mydisk/output/SYNTHETIC/NVILA-Lite-2B-SYNTHETIC_MIX_5PCT_2M-20260226_023301/checkpoint-12500,obj2_closer,output/phasevar_5/0010_phA02_phB07.png,Is the magenta cube closer to the camera than the cyan sphere? Answer with yes or no.,Yes,Yes,22.75,17.234375,True
/data/shared/Qwen/mydisk/output/SYNTHETIC/NVILA-Lite-2B-SYNTHETIC_MIX_5PCT_2M-20260226_023301/checkpoint-12500,obj2_closer,output/phasevar_5/0010_phA02_phB08.png,Is the magenta cube closer to the camera than the cyan sphere? Answer with yes or no.,Yes,Yes,23.234375,17.75,True
/data/shared/Qwen/mydisk/output/SYNTHETIC/NVILA-Lite-2B-SYNTHETIC_MIX_5PCT_2M-20260226_023301/checkpoint-12500,obj2_closer,output/phasevar_5/0010_phA02_phB09.png,Is the magenta cube closer to the camera than the cyan sphere? Answer with yes or no.,Yes,Yes,23.6875,18.171875,True
/data/shared/Qwen/mydisk/output/SYNTHETIC/NVILA-Lite-2B-SYNTHETIC_MIX_5PCT_2M-20260226_023301/checkpoint-12500,obj2_closer,output/phasevar_5/0010_phA02_phB10.png,Is the magenta cube closer to the camera than the cyan sphere? Answer with yes or no.,Yes,Yes,23.390625,18.28125,True
/data/shared/Qwen/mydisk/output/SYNTHETIC/NVILA-Lite-2B-SYNTHETIC_MIX_5PCT_2M-20260226_023301/checkpoint-12500,obj2_closer,output/phasevar_5/0010_phA02_phB11.png,Is the magenta cube closer to the camera than the cyan sphere? Answer with yes or no.,Yes,Yes,23.171875,17.921875,True
/data/shared/Qwen/mydisk/output/SYNTHETIC/NVILA-Lite-2B-SYNTHETIC_MIX_5PCT_2M-20260226_023301/checkpoint-12500,obj2_closer,output/phasevar_5/0010_phA02_phB12.png,Is the magenta cube closer to the camera than the cyan sphere? Answer with yes or no.,Yes,Yes,22.984375,17.890625,True
/data/shared/Qwen/mydisk/output/SYNTHETIC/NVILA-Lite-2B-SYNTHETIC_MIX_5PCT_2M-20260226_023301/checkpoint-12500,obj2_closer,output/phasevar_5/0010_phA02_phB13.png,Is the magenta cube closer to the camera than the cyan sphere? Answer with yes or no.,Yes,Yes,23.15625,18.0,True
/data/shared/Qwen/mydisk/output/SYNTHETIC/NVILA-Lite-2B-SYNTHETIC_MIX_5PCT_2M-20260226_023301/checkpoint-12500,obj2_closer,output/phasevar_5/0010_phA02_phB14.png,Is the magenta cube closer to the camera than the cyan sphere? Answer with yes or no.,Yes,Yes,22.15625,17.640625,True
/data/shared/Qwen/mydisk/output/SYNTHETIC/NVILA-Lite-2B-SYNTHETIC_MIX_5PCT_2M-20260226_023301/checkpoint-12500,obj2_closer,output/phasevar_5/0010_phA02_phB15.png,Is the magenta cube closer to the camera than the cyan sphere? Answer with yes or no.,Yes,Yes,21.875,17.90625,True
/data/shared/Qwen/mydisk/output/SYNTHETIC/NVILA-Lite-2B-SYNTHETIC_MIX_5PCT_2M-20260226_023301/checkpoint-12500,obj2_closer,output/phasevar_5/0010_phA03_phB00.png,Is the magenta cube closer to the camera than the cyan sphere? Answer with yes or no.,Yes,Yes,21.875,17.953125,True
/data/shared/Qwen/mydisk/output/SYNTHETIC/NVILA-Lite-2B-SYNTHETIC_MIX_5PCT_2M-20260226_023301/checkpoint-12500,obj2_closer,output/phasevar_5/0010_phA03_phB01.png,Is the magenta cube closer to the camera than the cyan sphere? Answer with yes or no.,Yes,Yes,22.546875,18.140625,True
/data/shared/Qwen/mydisk/output/SYNTHETIC/NVILA-Lite-2B-SYNTHETIC_MIX_5PCT_2M-20260226_023301/checkpoint-12500,obj2_closer,output/phasevar_5/0010_phA03_phB02.png,Is the magenta cube closer to the camera than the cyan sphere? Answer with yes or no.,Yes,Yes,22.921875,18.125,True
/data/shared/Qwen/mydisk/output/SYNTHETIC/NVILA-Lite-2B-SYNTHETIC_MIX_5PCT_2M-20260226_023301/checkpoint-12500,obj2_closer,output/phasevar_5/0010_phA03_phB03.png,Is the magenta cube closer to the camera than the cyan sphere? Answer with yes or no.,Yes,Yes,24.5,19.1875,True
/data/shared/Qwen/mydisk/output/SYNTHETIC/NVILA-Lite-2B-SYNTHETIC_MIX_5PCT_2M-20260226_023301/checkpoint-12500,obj2_closer,output/phasevar_5/0010_phA03_phB04.png,Is the magenta cube closer to the camera than the cyan sphere? Answer with yes or no.,Yes,Yes,24.59375,18.421875,True
/data/shared/Qwen/mydisk/output/SYNTHETIC/NVILA-Lite-2B-SYNTHETIC_MIX_5PCT_2M-20260226_023301/checkpoint-12500,obj2_closer,output/phasevar_5/0010_phA03_phB05.png,Is the magenta cube closer to the camera than the cyan sphere? Answer with yes or no.,Yes,Yes,24.40625,18.28125,True
/data/shared/Qwen/mydisk/output/SYNTHETIC/NVILA-Lite-2B-SYNTHETIC_MIX_5PCT_2M-20260226_023301/checkpoint-12500,obj2_closer,output/phasevar_5/0010_phA03_phB06.png,Is the magenta cube closer to the camera than the cyan sphere? Answer with yes or no.,Yes,Yes,24.296875,17.921875,True
/data/shared/Qwen/mydisk/output/SYNTHETIC/NVILA-Lite-2B-SYNTHETIC_MIX_5PCT_2M-20260226_023301/checkpoint-12500,obj2_closer,output/phasevar_5/0010_phA03_phB07.png,Is the magenta cube closer to the camera than the cyan sphere? Answer with yes or no.,Yes,Yes,22.421875,16.8125,True
/data/shared/Qwen/mydisk/output/SYNTHETIC/NVILA-Lite-2B-SYNTHETIC_MIX_5PCT_2M-20260226_023301/checkpoint-12500,obj2_closer,output/phasevar_5/0010_phA03_phB08.png,Is the magenta cube closer to the camera than the cyan sphere? Answer with yes or no.,Yes,Yes,23.03125,17.4375,True
/data/shared/Qwen/mydisk/output/SYNTHETIC/NVILA-Lite-2B-SYNTHETIC_MIX_5PCT_2M-20260226_023301/checkpoint-12500,obj2_closer,output/phasevar_5/0010_phA03_phB09.png,Is the magenta cube closer to the camera than the cyan sphere? Answer with yes or no.,Yes,Yes,23.546875,17.875,True
/data/shared/Qwen/mydisk/output/SYNTHETIC/NVILA-Lite-2B-SYNTHETIC_MIX_5PCT_2M-20260226_023301/checkpoint-12500,obj2_closer,output/phasevar_5/0010_phA03_phB10.png,Is the magenta cube closer to the camera than the cyan sphere? Answer with yes or no.,Yes,Yes,23.265625,17.984375,True
/data/shared/Qwen/mydisk/output/SYNTHETIC/NVILA-Lite-2B-SYNTHETIC_MIX_5PCT_2M-20260226_023301/checkpoint-12500,obj2_closer,output/phasevar_5/0010_phA03_phB11.png,Is the magenta cube closer to the camera than the cyan sphere? Answer with yes or no.,Yes,Yes,23.171875,17.59375,True
/data/shared/Qwen/mydisk/output/SYNTHETIC/NVILA-Lite-2B-SYNTHETIC_MIX_5PCT_2M-20260226_023301/checkpoint-12500,obj2_closer,output/phasevar_5/0010_phA03_phB12.png,Is the magenta cube closer to the camera than the cyan sphere? Answer with yes or no.,Yes,Yes,23.125,17.671875,True
/data/shared/Qwen/mydisk/output/SYNTHETIC/NVILA-Lite-2B-SYNTHETIC_MIX_5PCT_2M-20260226_023301/checkpoint-12500,obj2_closer,output/phasevar_5/0010_phA03_phB13.png,Is the magenta cube closer to the camera than the cyan sphere? Answer with yes or no.,Yes,Yes,23.28125,17.921875,True
/data/shared/Qwen/mydisk/output/SYNTHETIC/NVILA-Lite-2B-SYNTHETIC_MIX_5PCT_2M-20260226_023301/checkpoint-12500,obj2_closer,output/phasevar_5/0010_phA03_phB14.png,Is the magenta cube closer to the camera than the cyan sphere? Answer with yes or no.,Yes,Yes,22.328125,17.65625,True
/data/shared/Qwen/mydisk/output/SYNTHETIC/NVILA-Lite-2B-SYNTHETIC_MIX_5PCT_2M-20260226_023301/checkpoint-12500,obj2_closer,output/phasevar_5/0010_phA03_phB15.png,Is the magenta cube closer to the camera than the cyan sphere? Answer with yes or no.,Yes,Yes,22.078125,17.984375,True
/data/shared/Qwen/mydisk/output/SYNTHETIC/NVILA-Lite-2B-SYNTHETIC_MIX_5PCT_2M-20260226_023301/checkpoint-12500,obj2_closer,output/phasevar_5/0010_phA04_phB00.png,Is the magenta cube closer to the camera than the cyan sphere? Answer with yes or no.,Yes,Yes,21.9375,18.109375,True
/data/shared/Qwen/mydisk/output/SYNTHETIC/NVILA-Lite-2B-SYNTHETIC_MIX_5PCT_2M-20260226_023301/checkpoint-12500,obj2_closer,output/phasevar_5/0010_phA04_phB01.png,Is the magenta cube closer to the camera than the cyan sphere? Answer with yes or no.,Yes,Yes,22.671875,18.296875,True
/data/shared/Qwen/mydisk/output/SYNTHETIC/NVILA-Lite-2B-SYNTHETIC_MIX_5PCT_2M-20260226_023301/checkpoint-12500,obj2_closer,output/phasevar_5/0010_phA04_phB02.png,Is the magenta cube closer to the camera than the cyan sphere? Answer with yes or no.,Yes,Yes,22.921875,18.34375,True
/data/shared/Qwen/mydisk/output/SYNTHETIC/NVILA-Lite-2B-SYNTHETIC_MIX_5PCT_2M-20260226_023301/checkpoint-12500,obj2_closer,output/phasevar_5/0010_phA04_phB03.png,Is the magenta cube closer to the camera than the cyan sphere? Answer with yes or no.,Yes,Yes,24.390625,19.328125,True
/data/shared/Qwen/mydisk/output/SYNTHETIC/NVILA-Lite-2B-SYNTHETIC_MIX_5PCT_2M-20260226_023301/checkpoint-12500,obj2_closer,output/phasevar_5/0010_phA04_phB04.png,Is the magenta cube closer to the camera than the cyan sphere? Answer with yes or no.,Yes,Yes,24.796875,18.796875,True
/data/shared/Qwen/mydisk/output/SYNTHETIC/NVILA-Lite-2B-SYNTHETIC_MIX_5PCT_2M-20260226_023301/checkpoint-12500,obj2_closer,output/phasevar_5/0010_phA04_phB05.png,Is the magenta cube closer to the camera than the cyan sphere? Answer with yes or no.,Yes,Yes,24.484375,18.640625,True
/data/shared/Qwen/mydisk/output/SYNTHETIC/NVILA-Lite-2B-SYNTHETIC_MIX_5PCT_2M-20260226_023301/checkpoint-12500,obj2_closer,output/phasevar_5/0010_phA04_phB06.png,Is the magenta cube closer to the camera than the cyan sphere? Answer with yes or no.,Yes,Yes,24.21875,18.125,True
/data/shared/Qwen/mydisk/output/SYNTHETIC/NVILA-Lite-2B-SYNTHETIC_MIX_5PCT_2M-20260226_023301/checkpoint-12500,obj2_closer,output/phasevar_5/0010_phA04_phB07.png,Is the magenta cube closer to the camera than the cyan sphere? Answer with yes or no.,Yes,Yes,22.25,16.921875,True
/data/shared/Qwen/mydisk/output/SYNTHETIC/NVILA-Lite-2B-SYNTHETIC_MIX_5PCT_2M-20260226_023301/checkpoint-12500,obj2_closer,output/phasevar_5/0010_phA04_phB08.png,Is the magenta cube closer to the camera than the cyan sphere? Answer with yes or no.,Yes,Yes,22.8125,17.453125,True
/data/shared/Qwen/mydisk/output/SYNTHETIC/NVILA-Lite-2B-SYNTHETIC_MIX_5PCT_2M-20260226_023301/checkpoint-12500,obj2_closer,output/phasevar_5/0010_phA04_phB09.png,Is the magenta cube closer to the camera than the cyan sphere? Answer with yes or no.,Yes,Yes,23.34375,17.90625,True
/data/shared/Qwen/mydisk/output/SYNTHETIC/NVILA-Lite-2B-SYNTHETIC_MIX_5PCT_2M-20260226_023301/checkpoint-12500,obj2_closer,output/phasevar_5/0010_phA04_phB10.png,Is the magenta cube closer to the camera than the cyan sphere? Answer with yes or no.,Yes,Yes,23.0,17.984375,True
/data/shared/Qwen/mydisk/output/SYNTHETIC/NVILA-Lite-2B-SYNTHETIC_MIX_5PCT_2M-20260226_023301/checkpoint-12500,obj2_closer,output/phasevar_5/0010_phA04_phB11.png,Is the magenta cube closer to the camera than the cyan sphere? Answer with yes or no.,Yes,Yes,23.0,17.640625,True
/data/shared/Qwen/mydisk/output/SYNTHETIC/NVILA-Lite-2B-SYNTHETIC_MIX_5PCT_2M-20260226_023301/checkpoint-12500,obj2_closer,output/phasevar_5/0010_phA04_phB12.png,Is the magenta cube closer to the camera than the cyan sphere? Answer with yes or no.,Yes,Yes,23.015625,17.734375,True
/data/shared/Qwen/mydisk/output/SYNTHETIC/NVILA-Lite-2B-SYNTHETIC_MIX_5PCT_2M-20260226_023301/checkpoint-12500,obj2_closer,output/phasevar_5/0010_phA04_phB13.png,Is the magenta cube closer to the camera than the cyan sphere? Answer with yes or no.,Yes,Yes,23.21875,18.046875,True
/data/shared/Qwen/mydisk/output/SYNTHETIC/NVILA-Lite-2B-SYNTHETIC_MIX_5PCT_2M-20260226_023301/checkpoint-12500,obj2_closer,output/phasevar_5/0010_phA04_phB14.png,Is the magenta cube closer to the camera than the cyan sphere? Answer with yes or no.,Yes,Yes,22.390625,17.84375,True
/data/shared/Qwen/mydisk/output/SYNTHETIC/NVILA-Lite-2B-SYNTHETIC_MIX_5PCT_2M-20260226_023301/checkpoint-12500,obj2_closer,output/phasevar_5/0010_phA04_phB15.png,Is the magenta cube closer to the camera than the cyan sphere? Answer with yes or no.,Yes,Yes,22.09375,18.140625,True
/data/shared/Qwen/mydisk/output/SYNTHETIC/NVILA-Lite-2B-SYNTHETIC_MIX_5PCT_2M-20260226_023301/checkpoint-12500,obj2_closer,output/phasevar_5/0010_phA05_phB00.png,Is the magenta cube closer to the camera than the cyan sphere? Answer with yes or no.,Yes,Yes,22.265625,18.171875,True
/data/shared/Qwen/mydisk/output/SYNTHETIC/NVILA-Lite-2B-SYNTHETIC_MIX_5PCT_2M-20260226_023301/checkpoint-12500,obj2_closer,output/phasevar_5/0010_phA05_phB01.png,Is the magenta cube closer to the camera than the cyan sphere? Answer with yes or no.,Yes,Yes,22.9375,18.359375,True
/data/shared/Qwen/mydisk/output/SYNTHETIC/NVILA-Lite-2B-SYNTHETIC_MIX_5PCT_2M-20260226_023301/checkpoint-12500,obj2_closer,output/phasevar_5/0010_phA05_phB02.png,Is the magenta cube closer to the camera than the cyan sphere? Answer with yes or no.,Yes,Yes,23.359375,18.4375,True
/data/shared/Qwen/mydisk/output/SYNTHETIC/NVILA-Lite-2B-SYNTHETIC_MIX_5PCT_2M-20260226_023301/checkpoint-12500,obj2_closer,output/phasevar_5/0010_phA05_phB03.png,Is the magenta cube closer to the camera than the cyan sphere? Answer with yes or no.,Yes,Yes,24.765625,19.453125,True
/data/shared/Qwen/mydisk/output/SYNTHETIC/NVILA-Lite-2B-SYNTHETIC_MIX_5PCT_2M-20260226_023301/checkpoint-12500,obj2_closer,output/phasevar_5/0010_phA05_phB04.png,Is the magenta cube closer to the camera than the cyan sphere? Answer with yes or no.,Yes,Yes,25.078125,18.796875,True
/data/shared/Qwen/mydisk/output/SYNTHETIC/NVILA-Lite-2B-SYNTHETIC_MIX_5PCT_2M-20260226_023301/checkpoint-12500,obj2_closer,output/phasevar_5/0010_phA05_phB05.png,Is the magenta cube closer to the camera than the cyan sphere? Answer with yes or no.,Yes,Yes,24.8125,18.703125,True
/data/shared/Qwen/mydisk/output/SYNTHETIC/NVILA-Lite-2B-SYNTHETIC_MIX_5PCT_2M-20260226_023301/checkpoint-12500,obj2_closer,output/phasevar_5/0010_phA05_phB06.png,Is the magenta cube closer to the camera than the cyan sphere? Answer with yes or no.,Yes,Yes,24.21875,18.0625,True
/data/shared/Qwen/mydisk/output/SYNTHETIC/NVILA-Lite-2B-SYNTHETIC_MIX_5PCT_2M-20260226_023301/checkpoint-12500,obj2_closer,output/phasevar_5/0010_phA05_phB07.png,Is the magenta cube closer to the camera than the cyan sphere? Answer with yes or no.,Yes,Yes,22.234375,16.875,True
/data/shared/Qwen/mydisk/output/SYNTHETIC/NVILA-Lite-2B-SYNTHETIC_MIX_5PCT_2M-20260226_023301/checkpoint-12500,obj2_closer,output/phasevar_5/0010_phA05_phB08.png,Is the magenta cube closer to the camera than the cyan sphere? Answer with yes or no.,Yes,Yes,22.890625,17.34375,True
/data/shared/Qwen/mydisk/output/SYNTHETIC/NVILA-Lite-2B-SYNTHETIC_MIX_5PCT_2M-20260226_023301/checkpoint-12500,obj2_closer,output/phasevar_5/0010_phA05_phB09.png,Is the magenta cube closer to the camera than the cyan sphere? Answer with yes or no.,Yes,Yes,23.515625,17.8125,True
/data/shared/Qwen/mydisk/output/SYNTHETIC/NVILA-Lite-2B-SYNTHETIC_MIX_5PCT_2M-20260226_023301/checkpoint-12500,obj2_closer,output/phasevar_5/0010_phA05_phB10.png,Is the magenta cube closer to the camera than the cyan sphere? Answer with yes or no.,Yes,Yes,23.15625,17.890625,True
/data/shared/Qwen/mydisk/output/SYNTHETIC/NVILA-Lite-2B-SYNTHETIC_MIX_5PCT_2M-20260226_023301/checkpoint-12500,obj2_closer,output/phasevar_5/0010_phA05_phB11.png,Is the magenta cube closer to the camera than the cyan sphere? Answer with yes or no.,Yes,Yes,23.234375,17.5625,True
/data/shared/Qwen/mydisk/output/SYNTHETIC/NVILA-Lite-2B-SYNTHETIC_MIX_5PCT_2M-20260226_023301/checkpoint-12500,obj2_closer,output/phasevar_5/0010_phA05_phB12.png,Is the magenta cube closer to the camera than the cyan sphere? Answer with yes or no.,Yes,Yes,23.21875,17.734375,True
/data/shared/Qwen/mydisk/output/SYNTHETIC/NVILA-Lite-2B-SYNTHETIC_MIX_5PCT_2M-20260226_023301/checkpoint-12500,obj2_closer,output/phasevar_5/0010_phA05_phB13.png,Is the magenta cube closer to the camera than the cyan sphere? Answer with yes or no.,Yes,Yes,23.484375,18.09375,True
/data/shared/Qwen/mydisk/output/SYNTHETIC/NVILA-Lite-2B-SYNTHETIC_MIX_5PCT_2M-20260226_023301/checkpoint-12500,obj2_closer,output/phasevar_5/0010_phA05_phB14.png,Is the magenta cube closer to the camera than the cyan sphere? Answer with yes or no.,Yes,Yes,22.703125,17.859375,True
/data/shared/Qwen/mydisk/output/SYNTHETIC/NVILA-Lite-2B-SYNTHETIC_MIX_5PCT_2M-20260226_023301/checkpoint-12500,obj2_closer,output/phasevar_5/0010_phA05_phB15.png,Is the magenta cube closer to the camera than the cyan sphere? Answer with yes or no.,Yes,Yes,22.46875,18.203125,True
/data/shared/Qwen/mydisk/output/SYNTHETIC/NVILA-Lite-2B-SYNTHETIC_MIX_5PCT_2M-20260226_023301/checkpoint-12500,obj2_closer,output/phasevar_5/0010_phA06_phB00.png,Is the magenta cube closer to the camera than the cyan sphere? Answer with yes or no.,Yes,Yes,21.71875,18.234375,True
/data/shared/Qwen/mydisk/output/SYNTHETIC/NVILA-Lite-2B-SYNTHETIC_MIX_5PCT_2M-20260226_023301/checkpoint-12500,obj2_closer,output/phasevar_5/0010_phA06_phB01.png,Is the magenta cube closer to the camera than the cyan sphere? Answer with yes or no.,Yes,Yes,22.609375,18.5625,True
/data/shared/Qwen/mydisk/output/SYNTHETIC/NVILA-Lite-2B-SYNTHETIC_MIX_5PCT_2M-20260226_023301/checkpoint-12500,obj2_closer,output/phasevar_5/0010_phA06_phB02.png,Is the magenta cube closer to the camera than the cyan sphere? Answer with yes or no.,Yes,Yes,23.265625,18.890625,True
/data/shared/Qwen/mydisk/output/SYNTHETIC/NVILA-Lite-2B-SYNTHETIC_MIX_5PCT_2M-20260226_023301/checkpoint-12500,obj2_closer,output/phasevar_5/0010_phA06_phB03.png,Is the magenta cube closer to the camera than the cyan sphere? Answer with yes or no.,Yes,Yes,24.578125,19.921875,True
/data/shared/Qwen/mydisk/output/SYNTHETIC/NVILA-Lite-2B-SYNTHETIC_MIX_5PCT_2M-20260226_023301/checkpoint-12500,obj2_closer,output/phasevar_5/0010_phA06_phB04.png,Is the magenta cube closer to the camera than the cyan sphere? Answer with yes or no.,Yes,Yes,25.0,19.515625,True
/data/shared/Qwen/mydisk/output/SYNTHETIC/NVILA-Lite-2B-SYNTHETIC_MIX_5PCT_2M-20260226_023301/checkpoint-12500,obj2_closer,output/phasevar_5/0010_phA06_phB05.png,Is the magenta cube closer to the camera than the cyan sphere? Answer with yes or no.,Yes,Yes,24.9375,19.40625,True
/data/shared/Qwen/mydisk/output/SYNTHETIC/NVILA-Lite-2B-SYNTHETIC_MIX_5PCT_2M-20260226_023301/checkpoint-12500,obj2_closer,output/phasevar_5/0010_phA06_phB06.png,Is the magenta cube closer to the camera than the cyan sphere? Answer with yes or no.,Yes,Yes,24.625,18.828125,True
/data/shared/Qwen/mydisk/output/SYNTHETIC/NVILA-Lite-2B-SYNTHETIC_MIX_5PCT_2M-20260226_023301/checkpoint-12500,obj2_closer,output/phasevar_5/0010_phA06_phB07.png,Is the magenta cube closer to the camera than the cyan sphere? Answer with yes or no.,Yes,Yes,22.359375,17.328125,True
/data/shared/Qwen/mydisk/output/SYNTHETIC/NVILA-Lite-2B-SYNTHETIC_MIX_5PCT_2M-20260226_023301/checkpoint-12500,obj2_closer,output/phasevar_5/0010_phA06_phB08.png,Is the magenta cube closer to the camera than the cyan sphere? Answer with yes or no.,Yes,Yes,22.375,17.546875,True
/data/shared/Qwen/mydisk/output/SYNTHETIC/NVILA-Lite-2B-SYNTHETIC_MIX_5PCT_2M-20260226_023301/checkpoint-12500,obj2_closer,output/phasevar_5/0010_phA06_phB09.png,Is the magenta cube closer to the camera than the cyan sphere? Answer with yes or no.,Yes,Yes,23.0,18.03125,True
/data/shared/Qwen/mydisk/output/SYNTHETIC/NVILA-Lite-2B-SYNTHETIC_MIX_5PCT_2M-20260226_023301/checkpoint-12500,obj2_closer,output/phasevar_5/0010_phA06_phB10.png,Is the magenta cube closer to the camera than the cyan sphere? Answer with yes or no.,Yes,Yes,22.65625,17.921875,True
/data/shared/Qwen/mydisk/output/SYNTHETIC/NVILA-Lite-2B-SYNTHETIC_MIX_5PCT_2M-20260226_023301/checkpoint-12500,obj2_closer,output/phasevar_5/0010_phA06_phB11.png,Is the magenta cube closer to the camera than the cyan sphere? Answer with yes or no.,Yes,Yes,22.78125,17.734375,True
/data/shared/Qwen/mydisk/output/SYNTHETIC/NVILA-Lite-2B-SYNTHETIC_MIX_5PCT_2M-20260226_023301/checkpoint-12500,obj2_closer,output/phasevar_5/0010_phA06_phB12.png,Is the magenta cube closer to the camera than the cyan sphere? Answer with yes or no.,Yes,Yes,22.921875,17.984375,True
/data/shared/Qwen/mydisk/output/SYNTHETIC/NVILA-Lite-2B-SYNTHETIC_MIX_5PCT_2M-20260226_023301/checkpoint-12500,obj2_closer,output/phasevar_5/0010_phA06_phB13.png,Is the magenta cube closer to the camera than the cyan sphere? Answer with yes or no.,Yes,Yes,23.046875,18.328125,True
/data/shared/Qwen/mydisk/output/SYNTHETIC/NVILA-Lite-2B-SYNTHETIC_MIX_5PCT_2M-20260226_023301/checkpoint-12500,obj2_closer,output/phasevar_5/0010_phA06_phB14.png,Is the magenta cube closer to the camera than the cyan sphere? Answer with yes or no.,Yes,Yes,22.546875,18.1875,True
/data/shared/Qwen/mydisk/output/SYNTHETIC/NVILA-Lite-2B-SYNTHETIC_MIX_5PCT_2M-20260226_023301/checkpoint-12500,obj2_closer,output/phasevar_5/0010_phA06_phB15.png,Is the magenta cube closer to the camera than the cyan sphere? Answer with yes or no.,Yes,Yes,22.03125,18.34375,True
/data/shared/Qwen/mydisk/output/SYNTHETIC/NVILA-Lite-2B-SYNTHETIC_MIX_5PCT_2M-20260226_023301/checkpoint-12500,obj2_closer,output/phasevar_5/0010_phA07_phB00.png,Is the magenta cube closer to the camera than the cyan sphere? Answer with yes or no.,Yes,Yes,22.25,18.34375,True
/data/shared/Qwen/mydisk/output/SYNTHETIC/NVILA-Lite-2B-SYNTHETIC_MIX_5PCT_2M-20260226_023301/checkpoint-12500,obj2_closer,output/phasevar_5/0010_phA07_phB01.png,Is the magenta cube closer to the camera than the cyan sphere? Answer with yes or no.,Yes,Yes,23.03125,18.671875,True
/data/shared/Qwen/mydisk/output/SYNTHETIC/NVILA-Lite-2B-SYNTHETIC_MIX_5PCT_2M-20260226_023301/checkpoint-12500,obj2_closer,output/phasevar_5/0010_phA07_phB02.png,Is the magenta cube closer to the camera than the cyan sphere? Answer with yes or no.,Yes,Yes,23.546875,18.90625,True
/data/shared/Qwen/mydisk/output/SYNTHETIC/NVILA-Lite-2B-SYNTHETIC_MIX_5PCT_2M-20260226_023301/checkpoint-12500,obj2_closer,output/phasevar_5/0010_phA07_phB03.png,Is the magenta cube closer to the camera than the cyan sphere? Answer with yes or no.,Yes,Yes,25.03125,19.921875,True
/data/shared/Qwen/mydisk/output/SYNTHETIC/NVILA-Lite-2B-SYNTHETIC_MIX_5PCT_2M-20260226_023301/checkpoint-12500,obj2_closer,output/phasevar_5/0010_phA07_phB04.png,Is the magenta cube closer to the camera than the cyan sphere? Answer with yes or no.,Yes,Yes,25.46875,19.34375,True
/data/shared/Qwen/mydisk/output/SYNTHETIC/NVILA-Lite-2B-SYNTHETIC_MIX_5PCT_2M-20260226_023301/checkpoint-12500,obj2_closer,output/phasevar_5/0010_phA07_phB05.png,Is the magenta cube closer to the camera than the cyan sphere? Answer with yes or no.,Yes,Yes,25.4375,19.328125,True
/data/shared/Qwen/mydisk/output/SYNTHETIC/NVILA-Lite-2B-SYNTHETIC_MIX_5PCT_2M-20260226_023301/checkpoint-12500,obj2_closer,output/phasevar_5/0010_phA07_phB06.png,Is the magenta cube closer to the camera than the cyan sphere? Answer with yes or no.,Yes,Yes,24.71875,18.765625,True
/data/shared/Qwen/mydisk/output/SYNTHETIC/NVILA-Lite-2B-SYNTHETIC_MIX_5PCT_2M-20260226_023301/checkpoint-12500,obj2_closer,output/phasevar_5/0010_phA07_phB07.png,Is the magenta cube closer to the camera than the cyan sphere? Answer with yes or no.,Yes,Yes,22.828125,17.421875,True
/data/shared/Qwen/mydisk/output/SYNTHETIC/NVILA-Lite-2B-SYNTHETIC_MIX_5PCT_2M-20260226_023301/checkpoint-12500,obj2_closer,output/phasevar_5/0010_phA07_phB08.png,Is the magenta cube closer to the camera than the cyan sphere? Answer with yes or no.,Yes,Yes,22.921875,17.609375,True
/data/shared/Qwen/mydisk/output/SYNTHETIC/NVILA-Lite-2B-SYNTHETIC_MIX_5PCT_2M-20260226_023301/checkpoint-12500,obj2_closer,output/phasevar_5/0010_phA07_phB09.png,Is the magenta cube closer to the camera than the cyan sphere? Answer with yes or no.,Yes,Yes,23.34375,17.984375,True
/data/shared/Qwen/mydisk/output/SYNTHETIC/NVILA-Lite-2B-SYNTHETIC_MIX_5PCT_2M-20260226_023301/checkpoint-12500,obj2_closer,output/phasevar_5/0010_phA07_phB10.png,Is the magenta cube closer to the camera than the cyan sphere? Answer with yes or no.,Yes,Yes,22.953125,17.9375,True
/data/shared/Qwen/mydisk/output/SYNTHETIC/NVILA-Lite-2B-SYNTHETIC_MIX_5PCT_2M-20260226_023301/checkpoint-12500,obj2_closer,output/phasevar_5/0010_phA07_phB11.png,Is the magenta cube closer to the camera than the cyan sphere? Answer with yes or no.,Yes,Yes,23.125,17.71875,True
/data/shared/Qwen/mydisk/output/SYNTHETIC/NVILA-Lite-2B-SYNTHETIC_MIX_5PCT_2M-20260226_023301/checkpoint-12500,obj2_closer,output/phasevar_5/0010_phA07_phB12.png,Is the magenta cube closer to the camera than the cyan sphere? Answer with yes or no.,Yes,Yes,23.21875,17.9375,True
/data/shared/Qwen/mydisk/output/SYNTHETIC/NVILA-Lite-2B-SYNTHETIC_MIX_5PCT_2M-20260226_023301/checkpoint-12500,obj2_closer,output/phasevar_5/0010_phA07_phB13.png,Is the magenta cube closer to the camera than the cyan sphere? Answer with yes or no.,Yes,Yes,23.359375,18.28125,True
/data/shared/Qwen/mydisk/output/SYNTHETIC/NVILA-Lite-2B-SYNTHETIC_MIX_5PCT_2M-20260226_023301/checkpoint-12500,obj2_closer,output/phasevar_5/0010_phA07_phB14.png,Is the magenta cube closer to the camera than the cyan sphere? Answer with yes or no.,Yes,Yes,22.859375,18.203125,True
/data/shared/Qwen/mydisk/output/SYNTHETIC/NVILA-Lite-2B-SYNTHETIC_MIX_5PCT_2M-20260226_023301/checkpoint-12500,obj2_closer,output/phasevar_5/0010_phA07_phB15.png,Is the magenta cube closer to the camera than the cyan sphere? Answer with yes or no.,Yes,Yes,22.546875,18.390625,True
/data/shared/Qwen/mydisk/output/SYNTHETIC/NVILA-Lite-2B-SYNTHETIC_MIX_5PCT_2M-20260226_023301/checkpoint-12500,obj2_closer,output/phasevar_5/0010_phA08_phB00.png,Is the magenta cube closer to the camera than the cyan sphere? Answer with yes or no.,Yes,Yes,22.578125,18.5625,True
/data/shared/Qwen/mydisk/output/SYNTHETIC/NVILA-Lite-2B-SYNTHETIC_MIX_5PCT_2M-20260226_023301/checkpoint-12500,obj2_closer,output/phasevar_5/0010_phA08_phB01.png,Is the magenta cube closer to the camera than the cyan sphere? Answer with yes or no.,Yes,Yes,23.265625,18.828125,True
/data/shared/Qwen/mydisk/output/SYNTHETIC/NVILA-Lite-2B-SYNTHETIC_MIX_5PCT_2M-20260226_023301/checkpoint-12500,obj2_closer,output/phasevar_5/0010_phA08_phB02.png,Is the magenta cube closer to the camera than the cyan sphere? Answer with yes or no.,Yes,Yes,23.671875,19.046875,True
/data/shared/Qwen/mydisk/output/SYNTHETIC/NVILA-Lite-2B-SYNTHETIC_MIX_5PCT_2M-20260226_023301/checkpoint-12500,obj2_closer,output/phasevar_5/0010_phA08_phB03.png,Is the magenta cube closer to the camera than the cyan sphere? Answer with yes or no.,Yes,Yes,25.34375,20.078125,True
/data/shared/Qwen/mydisk/output/SYNTHETIC/NVILA-Lite-2B-SYNTHETIC_MIX_5PCT_2M-20260226_023301/checkpoint-12500,obj2_closer,output/phasevar_5/0010_phA08_phB04.png,Is the magenta cube closer to the camera than the cyan sphere? Answer with yes or no.,Yes,Yes,25.734375,19.53125,True
/data/shared/Qwen/mydisk/output/SYNTHETIC/NVILA-Lite-2B-SYNTHETIC_MIX_5PCT_2M-20260226_023301/checkpoint-12500,obj2_closer,output/phasevar_5/0010_phA08_phB05.png,Is the magenta cube closer to the camera than the cyan sphere? Answer with yes or no.,Yes,Yes,25.921875,19.828125,True
/data/shared/Qwen/mydisk/output/SYNTHETIC/NVILA-Lite-2B-SYNTHETIC_MIX_5PCT_2M-20260226_023301/checkpoint-12500,obj2_closer,output/phasevar_5/0010_phA08_phB06.png,Is the magenta cube closer to the camera than the cyan sphere? Answer with yes or no.,Yes,Yes,25.109375,19.28125,True
/data/shared/Qwen/mydisk/output/SYNTHETIC/NVILA-Lite-2B-SYNTHETIC_MIX_5PCT_2M-20260226_023301/checkpoint-12500,obj2_closer,output/phasevar_5/0010_phA08_phB07.png,Is the magenta cube closer to the camera than the cyan sphere? Answer with yes or no.,Yes,Yes,23.21875,17.875,True
/data/shared/Qwen/mydisk/output/SYNTHETIC/NVILA-Lite-2B-SYNTHETIC_MIX_5PCT_2M-20260226_023301/checkpoint-12500,obj2_closer,output/phasevar_5/0010_phA08_phB08.png,Is the magenta cube closer to the camera than the cyan sphere? Answer with yes or no.,Yes,Yes,23.515625,18.078125,True
/data/shared/Qwen/mydisk/output/SYNTHETIC/NVILA-Lite-2B-SYNTHETIC_MIX_5PCT_2M-20260226_023301/checkpoint-12500,obj2_closer,output/phasevar_5/0010_phA08_phB09.png,Is the magenta cube closer to the camera than the cyan sphere? Answer with yes or no.,Yes,Yes,23.625,18.203125,True
/data/shared/Qwen/mydisk/output/SYNTHETIC/NVILA-Lite-2B-SYNTHETIC_MIX_5PCT_2M-20260226_023301/checkpoint-12500,obj2_closer,output/phasevar_5/0010_phA08_phB10.png,Is the magenta cube closer to the camera than the cyan sphere? Answer with yes or no.,Yes,Yes,23.078125,18.046875,True
/data/shared/Qwen/mydisk/output/SYNTHETIC/NVILA-Lite-2B-SYNTHETIC_MIX_5PCT_2M-20260226_023301/checkpoint-12500,obj2_closer,output/phasevar_5/0010_phA08_phB11.png,Is the magenta cube closer to the camera than the cyan sphere? Answer with yes or no.,Yes,Yes,23.296875,17.859375,True
/data/shared/Qwen/mydisk/output/SYNTHETIC/NVILA-Lite-2B-SYNTHETIC_MIX_5PCT_2M-20260226_023301/checkpoint-12500,obj2_closer,output/phasevar_5/0010_phA08_phB12.png,Is the magenta cube closer to the camera than the cyan sphere? Answer with yes or no.,Yes,Yes,23.421875,18.125,True
/data/shared/Qwen/mydisk/output/SYNTHETIC/NVILA-Lite-2B-SYNTHETIC_MIX_5PCT_2M-20260226_023301/checkpoint-12500,obj2_closer,output/phasevar_5/0010_phA08_phB13.png,Is the magenta cube closer to the camera than the cyan sphere? Answer with yes or no.,Yes,Yes,23.640625,18.46875,True
/data/shared/Qwen/mydisk/output/SYNTHETIC/NVILA-Lite-2B-SYNTHETIC_MIX_5PCT_2M-20260226_023301/checkpoint-12500,obj2_closer,output/phasevar_5/0010_phA08_phB14.png,Is the magenta cube closer to the camera than the cyan sphere? Answer with yes or no.,Yes,Yes,23.078125,18.359375,True
/data/shared/Qwen/mydisk/output/SYNTHETIC/NVILA-Lite-2B-SYNTHETIC_MIX_5PCT_2M-20260226_023301/checkpoint-12500,obj2_closer,output/phasevar_5/0010_phA08_phB15.png,Is the magenta cube closer to the camera than the cyan sphere? Answer with yes or no.,Yes,Yes,22.703125,18.53125,True
/data/shared/Qwen/mydisk/output/SYNTHETIC/NVILA-Lite-2B-SYNTHETIC_MIX_5PCT_2M-20260226_023301/checkpoint-12500,obj2_closer,output/phasevar_5/0010_phA09_phB00.png,Is the magenta cube closer to the camera than the cyan sphere? Answer with yes or no.,Yes,Yes,22.578125,18.78125,True
/data/shared/Qwen/mydisk/output/SYNTHETIC/NVILA-Lite-2B-SYNTHETIC_MIX_5PCT_2M-20260226_023301/checkpoint-12500,obj2_closer,output/phasevar_5/0010_phA09_phB01.png,Is the magenta cube closer to the camera than the cyan sphere? Answer with yes or no.,Yes,Yes,23.265625,19.0625,True
/data/shared/Qwen/mydisk/output/SYNTHETIC/NVILA-Lite-2B-SYNTHETIC_MIX_5PCT_2M-20260226_023301/checkpoint-12500,obj2_closer,output/phasevar_5/0010_phA09_phB02.png,Is the magenta cube closer to the camera than the cyan sphere? Answer with yes or no.,Yes,Yes,23.703125,19.375,True
/data/shared/Qwen/mydisk/output/SYNTHETIC/NVILA-Lite-2B-SYNTHETIC_MIX_5PCT_2M-20260226_023301/checkpoint-12500,obj2_closer,output/phasevar_5/0010_phA09_phB03.png,Is the magenta cube closer to the camera than the cyan sphere? Answer with yes or no.,Yes,Yes,25.3125,20.4375,True
/data/shared/Qwen/mydisk/output/SYNTHETIC/NVILA-Lite-2B-SYNTHETIC_MIX_5PCT_2M-20260226_023301/checkpoint-12500,obj2_closer,output/phasevar_5/0010_phA09_phB04.png,Is the magenta cube closer to the camera than the cyan sphere? Answer with yes or no.,Yes,Yes,26.0,20.203125,True
/data/shared/Qwen/mydisk/output/SYNTHETIC/NVILA-Lite-2B-SYNTHETIC_MIX_5PCT_2M-20260226_023301/checkpoint-12500,obj2_closer,output/phasevar_5/0010_phA09_phB05.png,Is the magenta cube closer to the camera than the cyan sphere? Answer with yes or no.,Yes,Yes,26.28125,20.5625,True
/data/shared/Qwen/mydisk/output/SYNTHETIC/NVILA-Lite-2B-SYNTHETIC_MIX_5PCT_2M-20260226_023301/checkpoint-12500,obj2_closer,output/phasevar_5/0010_phA09_phB06.png,Is the magenta cube closer to the camera than the cyan sphere? Answer with yes or no.,Yes,Yes,25.625,19.984375,True
/data/shared/Qwen/mydisk/output/SYNTHETIC/NVILA-Lite-2B-SYNTHETIC_MIX_5PCT_2M-20260226_023301/checkpoint-12500,obj2_closer,output/phasevar_5/0010_phA09_phB07.png,Is the magenta cube closer to the camera than the cyan sphere? Answer with yes or no.,Yes,Yes,23.453125,18.390625,True
/data/shared/Qwen/mydisk/output/SYNTHETIC/NVILA-Lite-2B-SYNTHETIC_MIX_5PCT_2M-20260226_023301/checkpoint-12500,obj2_closer,output/phasevar_5/0010_phA09_phB08.png,Is the magenta cube closer to the camera than the cyan sphere? Answer with yes or no.,Yes,Yes,23.578125,18.4375,True
/data/shared/Qwen/mydisk/output/SYNTHETIC/NVILA-Lite-2B-SYNTHETIC_MIX_5PCT_2M-20260226_023301/checkpoint-12500,obj2_closer,output/phasevar_5/0010_phA09_phB09.png,Is the magenta cube closer to the camera than the cyan sphere? Answer with yes or no.,Yes,Yes,23.859375,18.5,True
/data/shared/Qwen/mydisk/output/SYNTHETIC/NVILA-Lite-2B-SYNTHETIC_MIX_5PCT_2M-20260226_023301/checkpoint-12500,obj2_closer,output/phasevar_5/0010_phA09_phB10.png,Is the magenta cube closer to the camera than the cyan sphere? Answer with yes or no.,Yes,Yes,23.171875,18.265625,True
/data/shared/Qwen/mydisk/output/SYNTHETIC/NVILA-Lite-2B-SYNTHETIC_MIX_5PCT_2M-20260226_023301/checkpoint-12500,obj2_closer,output/phasevar_5/0010_phA09_phB11.png,Is the magenta cube closer to the camera than the cyan sphere? Answer with yes or no.,Yes,Yes,23.34375,17.921875,True
/data/shared/Qwen/mydisk/output/SYNTHETIC/NVILA-Lite-2B-SYNTHETIC_MIX_5PCT_2M-20260226_023301/checkpoint-12500,obj2_closer,output/phasevar_5/0010_phA09_phB12.png,Is the magenta cube closer to the camera than the cyan sphere? Answer with yes or no.,Yes,Yes,23.421875,18.1875,True
/data/shared/Qwen/mydisk/output/SYNTHETIC/NVILA-Lite-2B-SYNTHETIC_MIX_5PCT_2M-20260226_023301/checkpoint-12500,obj2_closer,output/phasevar_5/0010_phA09_phB13.png,Is the magenta cube closer to the camera than the cyan sphere? Answer with yes or no.,Yes,Yes,23.46875,18.546875,True
/data/shared/Qwen/mydisk/output/SYNTHETIC/NVILA-Lite-2B-SYNTHETIC_MIX_5PCT_2M-20260226_023301/checkpoint-12500,obj2_closer,output/phasevar_5/0010_phA09_phB14.png,Is the magenta cube closer to the camera than the cyan sphere? Answer with yes or no.,Yes,Yes,23.046875,18.5625,True
/data/shared/Qwen/mydisk/output/SYNTHETIC/NVILA-Lite-2B-SYNTHETIC_MIX_5PCT_2M-20260226_023301/checkpoint-12500,obj2_closer,output/phasevar_5/0010_phA09_phB15.png,Is the magenta cube closer to the camera than the cyan sphere? Answer with yes or no.,Yes,Yes,22.75,18.71875,True
/data/shared/Qwen/mydisk/output/SYNTHETIC/NVILA-Lite-2B-SYNTHETIC_MIX_5PCT_2M-20260226_023301/checkpoint-12500,obj2_closer,output/phasevar_5/0010_phA10_phB00.png,Is the magenta cube closer to the camera than the cyan sphere? Answer with yes or no.,Yes,Yes,21.90625,18.796875,True
/data/shared/Qwen/mydisk/output/SYNTHETIC/NVILA-Lite-2B-SYNTHETIC_MIX_5PCT_2M-20260226_023301/checkpoint-12500,obj2_closer,output/phasevar_5/0010_phA10_phB01.png,Is the magenta cube closer to the camera than the cyan sphere? Answer with yes or no.,Yes,Yes,22.234375,18.953125,True
/data/shared/Qwen/mydisk/output/SYNTHETIC/NVILA-Lite-2B-SYNTHETIC_MIX_5PCT_2M-20260226_023301/checkpoint-12500,obj2_closer,output/phasevar_5/0010_phA10_phB02.png,Is the magenta cube closer to the camera than the cyan sphere? Answer with yes or no.,Yes,Yes,23.0625,19.546875,True
/data/shared/Qwen/mydisk/output/SYNTHETIC/NVILA-Lite-2B-SYNTHETIC_MIX_5PCT_2M-20260226_023301/checkpoint-12500,obj2_closer,output/phasevar_5/0010_phA10_phB03.png,Is the magenta cube closer to the camera than the cyan sphere? Answer with yes or no.,Yes,Yes,24.484375,20.453125,True
/data/shared/Qwen/mydisk/output/SYNTHETIC/NVILA-Lite-2B-SYNTHETIC_MIX_5PCT_2M-20260226_023301/checkpoint-12500,obj2_closer,output/phasevar_5/0010_phA10_phB04.png,Is the magenta cube closer to the camera than the cyan sphere? Answer with yes or no.,Yes,Yes,25.6875,20.828125,True
/data/shared/Qwen/mydisk/output/SYNTHETIC/NVILA-Lite-2B-SYNTHETIC_MIX_5PCT_2M-20260226_023301/checkpoint-12500,obj2_closer,output/phasevar_5/0010_phA10_phB05.png,Is the magenta cube closer to the camera than the cyan sphere? Answer with yes or no.,Yes,Yes,25.96875,21.125,True
/data/shared/Qwen/mydisk/output/SYNTHETIC/NVILA-Lite-2B-SYNTHETIC_MIX_5PCT_2M-20260226_023301/checkpoint-12500,obj2_closer,output/phasevar_5/0010_phA10_phB06.png,Is the magenta cube closer to the camera than the cyan sphere? Answer with yes or no.,Yes,Yes,25.6875,20.8125,True
/data/shared/Qwen/mydisk/output/SYNTHETIC/NVILA-Lite-2B-SYNTHETIC_MIX_5PCT_2M-20260226_023301/checkpoint-12500,obj2_closer,output/phasevar_5/0010_phA10_phB07.png,Is the magenta cube closer to the camera than the cyan sphere? Answer with yes or no.,Yes,Yes,23.265625,19.03125,True
/data/shared/Qwen/mydisk/output/SYNTHETIC/NVILA-Lite-2B-SYNTHETIC_MIX_5PCT_2M-20260226_023301/checkpoint-12500,obj2_closer,output/phasevar_5/0010_phA10_phB08.png,Is the magenta cube closer to the camera than the cyan sphere? Answer with yes or no.,Yes,Yes,23.046875,18.796875,True
/data/shared/Qwen/mydisk/output/SYNTHETIC/NVILA-Lite-2B-SYNTHETIC_MIX_5PCT_2M-20260226_023301/checkpoint-12500,obj2_closer,output/phasevar_5/0010_phA10_phB09.png,Is the magenta cube closer to the camera than the cyan sphere? Answer with yes or no.,Yes,Yes,23.34375,18.984375,True
/data/shared/Qwen/mydisk/output/SYNTHETIC/NVILA-Lite-2B-SYNTHETIC_MIX_5PCT_2M-20260226_023301/checkpoint-12500,obj2_closer,output/phasevar_5/0010_phA10_phB10.png,Is the magenta cube closer to the camera than the cyan sphere? Answer with yes or no.,Yes,Yes,22.296875,18.46875,True
/data/shared/Qwen/mydisk/output/SYNTHETIC/NVILA-Lite-2B-SYNTHETIC_MIX_5PCT_2M-20260226_023301/checkpoint-12500,obj2_closer,output/phasevar_5/0010_phA10_phB11.png,Is the magenta cube closer to the camera than the cyan sphere? Answer with yes or no.,Yes,Yes,22.734375,18.15625,True
/data/shared/Qwen/mydisk/output/SYNTHETIC/NVILA-Lite-2B-SYNTHETIC_MIX_5PCT_2M-20260226_023301/checkpoint-12500,obj2_closer,output/phasevar_5/0010_phA10_phB12.png,Is the magenta cube closer to the camera than the cyan sphere? Answer with yes or no.,Yes,Yes,22.84375,18.34375,True
/data/shared/Qwen/mydisk/output/SYNTHETIC/NVILA-Lite-2B-SYNTHETIC_MIX_5PCT_2M-20260226_023301/checkpoint-12500,obj2_closer,output/phasevar_5/0010_phA10_phB13.png,Is the magenta cube closer to the camera than the cyan sphere? Answer with yes or no.,Yes,Yes,22.9375,18.578125,True
/data/shared/Qwen/mydisk/output/SYNTHETIC/NVILA-Lite-2B-SYNTHETIC_MIX_5PCT_2M-20260226_023301/checkpoint-12500,obj2_closer,output/phasevar_5/0010_phA10_phB14.png,Is the magenta cube closer to the camera than the cyan sphere? Answer with yes or no.,Yes,Yes,22.71875,18.84375,True
/data/shared/Qwen/mydisk/output/SYNTHETIC/NVILA-Lite-2B-SYNTHETIC_MIX_5PCT_2M-20260226_023301/checkpoint-12500,obj2_closer,output/phasevar_5/0010_phA10_phB15.png,Is the magenta cube closer to the camera than the cyan sphere? Answer with yes or no.,Yes,Yes,22.046875,18.765625,True
/data/shared/Qwen/mydisk/output/SYNTHETIC/NVILA-Lite-2B-SYNTHETIC_MIX_5PCT_2M-20260226_023301/checkpoint-12500,obj2_closer,output/phasevar_5/0010_phA11_phB00.png,Is the magenta cube closer to the camera than the cyan sphere? Answer with yes or no.,Yes,Yes,22.78125,18.984375,True
/data/shared/Qwen/mydisk/output/SYNTHETIC/NVILA-Lite-2B-SYNTHETIC_MIX_5PCT_2M-20260226_023301/checkpoint-12500,obj2_closer,output/phasevar_5/0010_phA11_phB01.png,Is the magenta cube closer to the camera than the cyan sphere? Answer with yes or no.,Yes,Yes,23.125,19.078125,True
/data/shared/Qwen/mydisk/output/SYNTHETIC/NVILA-Lite-2B-SYNTHETIC_MIX_5PCT_2M-20260226_023301/checkpoint-12500,obj2_closer,output/phasevar_5/0010_phA11_phB02.png,Is the magenta cube closer to the camera than the cyan sphere? Answer with yes or no.,Yes,Yes,23.578125,19.390625,True
/data/shared/Qwen/mydisk/output/SYNTHETIC/NVILA-Lite-2B-SYNTHETIC_MIX_5PCT_2M-20260226_023301/checkpoint-12500,obj2_closer,output/phasevar_5/0010_phA11_phB03.png,Is the magenta cube closer to the camera than the cyan sphere? Answer with yes or no.,Yes,Yes,25.15625,20.28125,True
/data/shared/Qwen/mydisk/output/SYNTHETIC/NVILA-Lite-2B-SYNTHETIC_MIX_5PCT_2M-20260226_023301/checkpoint-12500,obj2_closer,output/phasevar_5/0010_phA11_phB04.png,Is the magenta cube closer to the camera than the cyan sphere? Answer with yes or no.,Yes,Yes,25.8125,20.34375,True
/data/shared/Qwen/mydisk/output/SYNTHETIC/NVILA-Lite-2B-SYNTHETIC_MIX_5PCT_2M-20260226_023301/checkpoint-12500,obj2_closer,output/phasevar_5/0010_phA11_phB05.png,Is the magenta cube closer to the camera than the cyan sphere? Answer with yes or no.,Yes,Yes,26.125,20.671875,True
/data/shared/Qwen/mydisk/output/SYNTHETIC/NVILA-Lite-2B-SYNTHETIC_MIX_5PCT_2M-20260226_023301/checkpoint-12500,obj2_closer,output/phasevar_5/0010_phA11_phB06.png,Is the magenta cube closer to the camera than the cyan sphere? Answer with yes or no.,Yes,Yes,25.8125,20.3125,True
/data/shared/Qwen/mydisk/output/SYNTHETIC/NVILA-Lite-2B-SYNTHETIC_MIX_5PCT_2M-20260226_023301/checkpoint-12500,obj2_closer,output/phasevar_5/0010_phA11_phB07.png,Is the magenta cube closer to the camera than the cyan sphere? Answer with yes or no.,Yes,Yes,23.578125,18.609375,True
/data/shared/Qwen/mydisk/output/SYNTHETIC/NVILA-Lite-2B-SYNTHETIC_MIX_5PCT_2M-20260226_023301/checkpoint-12500,obj2_closer,output/phasevar_5/0010_phA11_phB08.png,Is the magenta cube closer to the camera than the cyan sphere? Answer with yes or no.,Yes,Yes,23.328125,18.515625,True
/data/shared/Qwen/mydisk/output/SYNTHETIC/NVILA-Lite-2B-SYNTHETIC_MIX_5PCT_2M-20260226_023301/checkpoint-12500,obj2_closer,output/phasevar_5/0010_phA11_phB09.png,Is the magenta cube closer to the camera than the cyan sphere? Answer with yes or no.,Yes,Yes,23.96875,18.96875,True
/data/shared/Qwen/mydisk/output/SYNTHETIC/NVILA-Lite-2B-SYNTHETIC_MIX_5PCT_2M-20260226_023301/checkpoint-12500,obj2_closer,output/phasevar_5/0010_phA11_phB10.png,Is the magenta cube closer to the camera than the cyan sphere? Answer with yes or no.,Yes,Yes,23.0,18.515625,True
/data/shared/Qwen/mydisk/output/SYNTHETIC/NVILA-Lite-2B-SYNTHETIC_MIX_5PCT_2M-20260226_023301/checkpoint-12500,obj2_closer,output/phasevar_5/0010_phA11_phB11.png,Is the magenta cube closer to the camera than the cyan sphere? Answer with yes or no.,Yes,Yes,23.109375,18.09375,True
/data/shared/Qwen/mydisk/output/SYNTHETIC/NVILA-Lite-2B-SYNTHETIC_MIX_5PCT_2M-20260226_023301/checkpoint-12500,obj2_closer,output/phasevar_5/0010_phA11_phB12.png,Is the magenta cube closer to the camera than the cyan sphere? Answer with yes or no.,Yes,Yes,23.453125,18.265625,True
/data/shared/Qwen/mydisk/output/SYNTHETIC/NVILA-Lite-2B-SYNTHETIC_MIX_5PCT_2M-20260226_023301/checkpoint-12500,obj2_closer,output/phasevar_5/0010_phA11_phB13.png,Is the magenta cube closer to the camera than the cyan sphere? Answer with yes or no.,Yes,Yes,23.515625,18.5,True
/data/shared/Qwen/mydisk/output/SYNTHETIC/NVILA-Lite-2B-SYNTHETIC_MIX_5PCT_2M-20260226_023301/checkpoint-12500,obj2_closer,output/phasevar_5/0010_phA11_phB14.png,Is the magenta cube closer to the camera than the cyan sphere? Answer with yes or no.,Yes,Yes,23.078125,18.671875,True
/data/shared/Qwen/mydisk/output/SYNTHETIC/NVILA-Lite-2B-SYNTHETIC_MIX_5PCT_2M-20260226_023301/checkpoint-12500,obj2_closer,output/phasevar_5/0010_phA11_phB15.png,Is the magenta cube closer to the camera than the cyan sphere? Answer with yes or no.,Yes,Yes,22.78125,18.875,True
/data/shared/Qwen/mydisk/output/SYNTHETIC/NVILA-Lite-2B-SYNTHETIC_MIX_5PCT_2M-20260226_023301/checkpoint-12500,obj2_closer,output/phasevar_5/0010_phA12_phB00.png,Is the magenta cube closer to the camera than the cyan sphere? Answer with yes or no.,Yes,Yes,22.421875,18.875,True
/data/shared/Qwen/mydisk/output/SYNTHETIC/NVILA-Lite-2B-SYNTHETIC_MIX_5PCT_2M-20260226_023301/checkpoint-12500,obj2_closer,output/phasevar_5/0010_phA12_phB01.png,Is the magenta cube closer to the camera than the cyan sphere? Answer with yes or no.,Yes,Yes,22.921875,19.03125,True
/data/shared/Qwen/mydisk/output/SYNTHETIC/NVILA-Lite-2B-SYNTHETIC_MIX_5PCT_2M-20260226_023301/checkpoint-12500,obj2_closer,output/phasevar_5/0010_phA12_phB02.png,Is the magenta cube closer to the camera than the cyan sphere? Answer with yes or no.,Yes,Yes,23.375,19.34375,True
/data/shared/Qwen/mydisk/output/SYNTHETIC/NVILA-Lite-2B-SYNTHETIC_MIX_5PCT_2M-20260226_023301/checkpoint-12500,obj2_closer,output/phasevar_5/0010_phA12_phB03.png,Is the magenta cube closer to the camera than the cyan sphere? Answer with yes or no.,Yes,Yes,24.875,20.203125,True
/data/shared/Qwen/mydisk/output/SYNTHETIC/NVILA-Lite-2B-SYNTHETIC_MIX_5PCT_2M-20260226_023301/checkpoint-12500,obj2_closer,output/phasevar_5/0010_phA12_phB04.png,Is the magenta cube closer to the camera than the cyan sphere? Answer with yes or no.,Yes,Yes,25.6875,20.375,True
/data/shared/Qwen/mydisk/output/SYNTHETIC/NVILA-Lite-2B-SYNTHETIC_MIX_5PCT_2M-20260226_023301/checkpoint-12500,obj2_closer,output/phasevar_5/0010_phA12_phB05.png,Is the magenta cube closer to the camera than the cyan sphere? Answer with yes or no.,Yes,Yes,25.8125,20.53125,True
/data/shared/Qwen/mydisk/output/SYNTHETIC/NVILA-Lite-2B-SYNTHETIC_MIX_5PCT_2M-20260226_023301/checkpoint-12500,obj2_closer,output/phasevar_5/0010_phA12_phB06.png,Is the magenta cube closer to the camera than the cyan sphere? Answer with yes or no.,Yes,Yes,25.8125,20.3125,True
/data/shared/Qwen/mydisk/output/SYNTHETIC/NVILA-Lite-2B-SYNTHETIC_MIX_5PCT_2M-20260226_023301/checkpoint-12500,obj2_closer,output/phasevar_5/0010_phA12_phB07.png,Is the magenta cube closer to the camera than the cyan sphere? Answer with yes or no.,Yes,Yes,23.546875,18.609375,True
/data/shared/Qwen/mydisk/output/SYNTHETIC/NVILA-Lite-2B-SYNTHETIC_MIX_5PCT_2M-20260226_023301/checkpoint-12500,obj2_closer,output/phasevar_5/0010_phA12_phB08.png,Is the magenta cube closer to the camera than the cyan sphere? Answer with yes or no.,Yes,Yes,23.296875,18.515625,True
/data/shared/Qwen/mydisk/output/SYNTHETIC/NVILA-Lite-2B-SYNTHETIC_MIX_5PCT_2M-20260226_023301/checkpoint-12500,obj2_closer,output/phasevar_5/0010_phA12_phB09.png,Is the magenta cube closer to the camera than the cyan sphere? Answer with yes or no.,Yes,Yes,23.84375,18.921875,True
/data/shared/Qwen/mydisk/output/SYNTHETIC/NVILA-Lite-2B-SYNTHETIC_MIX_5PCT_2M-20260226_023301/checkpoint-12500,obj2_closer,output/phasevar_5/0010_phA12_phB10.png,Is the magenta cube closer to the camera than the cyan sphere? Answer with yes or no.,Yes,Yes,23.03125,18.625,True
/data/shared/Qwen/mydisk/output/SYNTHETIC/NVILA-Lite-2B-SYNTHETIC_MIX_5PCT_2M-20260226_023301/checkpoint-12500,obj2_closer,output/phasevar_5/0010_phA12_phB11.png,Is the magenta cube closer to the camera than the cyan sphere? Answer with yes or no.,Yes,Yes,22.96875,18.171875,True
/data/shared/Qwen/mydisk/output/SYNTHETIC/NVILA-Lite-2B-SYNTHETIC_MIX_5PCT_2M-20260226_023301/checkpoint-12500,obj2_closer,output/phasevar_5/0010_phA12_phB12.png,Is the magenta cube closer to the camera than the cyan sphere? Answer with yes or no.,Yes,Yes,22.984375,18.046875,True
/data/shared/Qwen/mydisk/output/SYNTHETIC/NVILA-Lite-2B-SYNTHETIC_MIX_5PCT_2M-20260226_023301/checkpoint-12500,obj2_closer,output/phasevar_5/0010_phA12_phB13.png,Is the magenta cube closer to the camera than the cyan sphere? Answer with yes or no.,Yes,Yes,23.0625,18.421875,True
/data/shared/Qwen/mydisk/output/SYNTHETIC/NVILA-Lite-2B-SYNTHETIC_MIX_5PCT_2M-20260226_023301/checkpoint-12500,obj2_closer,output/phasevar_5/0010_phA12_phB14.png,Is the magenta cube closer to the camera than the cyan sphere? Answer with yes or no.,Yes,Yes,22.59375,18.546875,True
/data/shared/Qwen/mydisk/output/SYNTHETIC/NVILA-Lite-2B-SYNTHETIC_MIX_5PCT_2M-20260226_023301/checkpoint-12500,obj2_closer,output/phasevar_5/0010_phA12_phB15.png,Is the magenta cube closer to the camera than the cyan sphere? Answer with yes or no.,Yes,Yes,22.375,18.796875,True
/data/shared/Qwen/mydisk/output/SYNTHETIC/NVILA-Lite-2B-SYNTHETIC_MIX_5PCT_2M-20260226_023301/checkpoint-12500,obj2_closer,output/phasevar_5/0010_phA13_phB00.png,Is the magenta cube closer to the camera than the cyan sphere? Answer with yes or no.,Yes,Yes,22.515625,18.90625,True
/data/shared/Qwen/mydisk/output/SYNTHETIC/NVILA-Lite-2B-SYNTHETIC_MIX_5PCT_2M-20260226_023301/checkpoint-12500,obj2_closer,output/phasevar_5/0010_phA13_phB01.png,Is the magenta cube closer to the camera than the cyan sphere? Answer with yes or no.,Yes,Yes,22.890625,19.0,True
/data/shared/Qwen/mydisk/output/SYNTHETIC/NVILA-Lite-2B-SYNTHETIC_MIX_5PCT_2M-20260226_023301/checkpoint-12500,obj2_closer,output/phasevar_5/0010_phA13_phB02.png,Is the magenta cube closer to the camera than the cyan sphere? Answer with yes or no.,Yes,Yes,23.359375,19.28125,True
/data/shared/Qwen/mydisk/output/SYNTHETIC/NVILA-Lite-2B-SYNTHETIC_MIX_5PCT_2M-20260226_023301/checkpoint-12500,obj2_closer,output/phasevar_5/0010_phA13_phB03.png,Is the magenta cube closer to the camera than the cyan sphere? Answer with yes or no.,Yes,Yes,24.984375,20.1875,True
/data/shared/Qwen/mydisk/output/SYNTHETIC/NVILA-Lite-2B-SYNTHETIC_MIX_5PCT_2M-20260226_023301/checkpoint-12500,obj2_closer,output/phasevar_5/0010_phA13_phB04.png,Is the magenta cube closer to the camera than the cyan sphere? Answer with yes or no.,Yes,Yes,25.640625,20.234375,True
/data/shared/Qwen/mydisk/output/SYNTHETIC/NVILA-Lite-2B-SYNTHETIC_MIX_5PCT_2M-20260226_023301/checkpoint-12500,obj2_closer,output/phasevar_5/0010_phA13_phB05.png,Is the magenta cube closer to the camera than the cyan sphere? Answer with yes or no.,Yes,Yes,25.71875,20.359375,True
/data/shared/Qwen/mydisk/output/SYNTHETIC/NVILA-Lite-2B-SYNTHETIC_MIX_5PCT_2M-20260226_023301/checkpoint-12500,obj2_closer,output/phasevar_5/0010_phA13_phB06.png,Is the magenta cube closer to the camera than the cyan sphere? Answer with yes or no.,Yes,Yes,25.84375,20.109375,True
/data/shared/Qwen/mydisk/output/SYNTHETIC/NVILA-Lite-2B-SYNTHETIC_MIX_5PCT_2M-20260226_023301/checkpoint-12500,obj2_closer,output/phasevar_5/0010_phA13_phB07.png,Is the magenta cube closer to the camera than the cyan sphere? Answer with yes or no.,Yes,Yes,23.703125,18.578125,True
/data/shared/Qwen/mydisk/output/SYNTHETIC/NVILA-Lite-2B-SYNTHETIC_MIX_5PCT_2M-20260226_023301/checkpoint-12500,obj2_closer,output/phasevar_5/0010_phA13_phB08.png,Is the magenta cube closer to the camera than the cyan sphere? Answer with yes or no.,Yes,Yes,23.53125,18.59375,True
/data/shared/Qwen/mydisk/output/SYNTHETIC/NVILA-Lite-2B-SYNTHETIC_MIX_5PCT_2M-20260226_023301/checkpoint-12500,obj2_closer,output/phasevar_5/0010_phA13_phB09.png,Is the magenta cube closer to the camera than the cyan sphere? Answer with yes or no.,Yes,Yes,24.046875,18.96875,True
/data/shared/Qwen/mydisk/output/SYNTHETIC/NVILA-Lite-2B-SYNTHETIC_MIX_5PCT_2M-20260226_023301/checkpoint-12500,obj2_closer,output/phasevar_5/0010_phA13_phB10.png,Is the magenta cube closer to the camera than the cyan sphere? Answer with yes or no.,Yes,Yes,23.453125,18.796875,True
/data/shared/Qwen/mydisk/output/SYNTHETIC/NVILA-Lite-2B-SYNTHETIC_MIX_5PCT_2M-20260226_023301/checkpoint-12500,obj2_closer,output/phasevar_5/0010_phA13_phB11.png,Is the magenta cube closer to the camera than the cyan sphere? Answer with yes or no.,Yes,Yes,23.125,18.21875,True
/data/shared/Qwen/mydisk/output/SYNTHETIC/NVILA-Lite-2B-SYNTHETIC_MIX_5PCT_2M-20260226_023301/checkpoint-12500,obj2_closer,output/phasevar_5/0010_phA13_phB12.png,Is the magenta cube closer to the camera than the cyan sphere? Answer with yes or no.,Yes,Yes,22.984375,18.078125,True
/data/shared/Qwen/mydisk/output/SYNTHETIC/NVILA-Lite-2B-SYNTHETIC_MIX_5PCT_2M-20260226_023301/checkpoint-12500,obj2_closer,output/phasevar_5/0010_phA13_phB13.png,Is the magenta cube closer to the camera than the cyan sphere? Answer with yes or no.,Yes,Yes,23.09375,18.390625,True
/data/shared/Qwen/mydisk/output/SYNTHETIC/NVILA-Lite-2B-SYNTHETIC_MIX_5PCT_2M-20260226_023301/checkpoint-12500,obj2_closer,output/phasevar_5/0010_phA13_phB14.png,Is the magenta cube closer to the camera than the cyan sphere? Answer with yes or no.,Yes,Yes,22.609375,18.453125,True
/data/shared/Qwen/mydisk/output/SYNTHETIC/NVILA-Lite-2B-SYNTHETIC_MIX_5PCT_2M-20260226_023301/checkpoint-12500,obj2_closer,output/phasevar_5/0010_phA13_phB15.png,Is the magenta cube closer to the camera than the cyan sphere? Answer with yes or no.,Yes,Yes,22.421875,18.75,True
/data/shared/Qwen/mydisk/output/SYNTHETIC/NVILA-Lite-2B-SYNTHETIC_MIX_5PCT_2M-20260226_023301/checkpoint-12500,obj2_closer,output/phasevar_5/0010_phA14_phB00.png,Is the magenta cube closer to the camera than the cyan sphere? Answer with yes or no.,Yes,Yes,22.9375,19.078125,True
/data/shared/Qwen/mydisk/output/SYNTHETIC/NVILA-Lite-2B-SYNTHETIC_MIX_5PCT_2M-20260226_023301/checkpoint-12500,obj2_closer,output/phasevar_5/0010_phA14_phB01.png,Is the magenta cube closer to the camera than the cyan sphere? Answer with yes or no.,Yes,Yes,23.109375,19.125,True
/data/shared/Qwen/mydisk/output/SYNTHETIC/NVILA-Lite-2B-SYNTHETIC_MIX_5PCT_2M-20260226_023301/checkpoint-12500,obj2_closer,output/phasevar_5/0010_phA14_phB02.png,Is the magenta cube closer to the camera than the cyan sphere? Answer with yes or no.,Yes,Yes,23.65625,19.375,True
/data/shared/Qwen/mydisk/output/SYNTHETIC/NVILA-Lite-2B-SYNTHETIC_MIX_5PCT_2M-20260226_023301/checkpoint-12500,obj2_closer,output/phasevar_5/0010_phA14_phB03.png,Is the magenta cube closer to the camera than the cyan sphere? Answer with yes or no.,Yes,Yes,25.328125,20.3125,True
/data/shared/Qwen/mydisk/output/SYNTHETIC/NVILA-Lite-2B-SYNTHETIC_MIX_5PCT_2M-20260226_023301/checkpoint-12500,obj2_closer,output/phasevar_5/0010_phA14_phB04.png,Is the magenta cube closer to the camera than the cyan sphere? Answer with yes or no.,Yes,Yes,25.671875,20.234375,True
/data/shared/Qwen/mydisk/output/SYNTHETIC/NVILA-Lite-2B-SYNTHETIC_MIX_5PCT_2M-20260226_023301/checkpoint-12500,obj2_closer,output/phasevar_5/0010_phA14_phB05.png,Is the magenta cube closer to the camera than the cyan sphere? Answer with yes or no.,Yes,Yes,25.890625,20.4375,True
/data/shared/Qwen/mydisk/output/SYNTHETIC/NVILA-Lite-2B-SYNTHETIC_MIX_5PCT_2M-20260226_023301/checkpoint-12500,obj2_closer,output/phasevar_5/0010_phA14_phB06.png,Is the magenta cube closer to the camera than the cyan sphere? Answer with yes or no.,Yes,Yes,26.25,20.375,True
/data/shared/Qwen/mydisk/output/SYNTHETIC/NVILA-Lite-2B-SYNTHETIC_MIX_5PCT_2M-20260226_023301/checkpoint-12500,obj2_closer,output/phasevar_5/0010_phA14_phB07.png,Is the magenta cube closer to the camera than the cyan sphere? Answer with yes or no.,Yes,Yes,24.28125,19.0625,True
/data/shared/Qwen/mydisk/output/SYNTHETIC/NVILA-Lite-2B-SYNTHETIC_MIX_5PCT_2M-20260226_023301/checkpoint-12500,obj2_closer,output/phasevar_5/0010_phA14_phB08.png,Is the magenta cube closer to the camera than the cyan sphere? Answer with yes or no.,Yes,Yes,24.328125,19.046875,True
/data/shared/Qwen/mydisk/output/SYNTHETIC/NVILA-Lite-2B-SYNTHETIC_MIX_5PCT_2M-20260226_023301/checkpoint-12500,obj2_closer,output/phasevar_5/0010_phA14_phB09.png,Is the magenta cube closer to the camera than the cyan sphere? Answer with yes or no.,Yes,Yes,24.84375,19.40625,True
/data/shared/Qwen/mydisk/output/SYNTHETIC/NVILA-Lite-2B-SYNTHETIC_MIX_5PCT_2M-20260226_023301/checkpoint-12500,obj2_closer,output/phasevar_5/0010_phA14_phB10.png,Is the magenta cube closer to the camera than the cyan sphere? Answer with yes or no.,Yes,Yes,24.140625,19.0625,True
/data/shared/Qwen/mydisk/output/SYNTHETIC/NVILA-Lite-2B-SYNTHETIC_MIX_5PCT_2M-20260226_023301/checkpoint-12500,obj2_closer,output/phasevar_5/0010_phA14_phB11.png,Is the magenta cube closer to the camera than the cyan sphere? Answer with yes or no.,Yes,Yes,23.703125,18.640625,True
/data/shared/Qwen/mydisk/output/SYNTHETIC/NVILA-Lite-2B-SYNTHETIC_MIX_5PCT_2M-20260226_023301/checkpoint-12500,obj2_closer,output/phasevar_5/0010_phA14_phB12.png,Is the magenta cube closer to the camera than the cyan sphere? Answer with yes or no.,Yes,Yes,23.34375,18.328125,True
/data/shared/Qwen/mydisk/output/SYNTHETIC/NVILA-Lite-2B-SYNTHETIC_MIX_5PCT_2M-20260226_023301/checkpoint-12500,obj2_closer,output/phasevar_5/0010_phA14_phB13.png,Is the magenta cube closer to the camera than the cyan sphere? Answer with yes or no.,Yes,Yes,23.40625,18.546875,True
/data/shared/Qwen/mydisk/output/SYNTHETIC/NVILA-Lite-2B-SYNTHETIC_MIX_5PCT_2M-20260226_023301/checkpoint-12500,obj2_closer,output/phasevar_5/0010_phA14_phB14.png,Is the magenta cube closer to the camera than the cyan sphere? Answer with yes or no.,Yes,Yes,22.875,18.453125,True
/data/shared/Qwen/mydisk/output/SYNTHETIC/NVILA-Lite-2B-SYNTHETIC_MIX_5PCT_2M-20260226_023301/checkpoint-12500,obj2_closer,output/phasevar_5/0010_phA14_phB15.png,Is the magenta cube closer to the camera than the cyan sphere? Answer with yes or no.,Yes,Yes,22.609375,18.765625,True
/data/shared/Qwen/mydisk/output/SYNTHETIC/NVILA-Lite-2B-SYNTHETIC_MIX_5PCT_2M-20260226_023301/checkpoint-12500,obj2_closer,output/phasevar_5/0010_phA15_phB00.png,Is the magenta cube closer to the camera than the cyan sphere? Answer with yes or no.,Yes,Yes,22.8125,18.78125,True
/data/shared/Qwen/mydisk/output/SYNTHETIC/NVILA-Lite-2B-SYNTHETIC_MIX_5PCT_2M-20260226_023301/checkpoint-12500,obj2_closer,output/phasevar_5/0010_phA15_phB01.png,Is the magenta cube closer to the camera than the cyan sphere? Answer with yes or no.,Yes,Yes,23.1875,18.828125,True
/data/shared/Qwen/mydisk/output/SYNTHETIC/NVILA-Lite-2B-SYNTHETIC_MIX_5PCT_2M-20260226_023301/checkpoint-12500,obj2_closer,output/phasevar_5/0010_phA15_phB02.png,Is the magenta cube closer to the camera than the cyan sphere? Answer with yes or no.,Yes,Yes,23.46875,19.015625,True
/data/shared/Qwen/mydisk/output/SYNTHETIC/NVILA-Lite-2B-SYNTHETIC_MIX_5PCT_2M-20260226_023301/checkpoint-12500,obj2_closer,output/phasevar_5/0010_phA15_phB03.png,Is the magenta cube closer to the camera than the cyan sphere? Answer with yes or no.,Yes,Yes,25.046875,19.859375,True
/data/shared/Qwen/mydisk/output/SYNTHETIC/NVILA-Lite-2B-SYNTHETIC_MIX_5PCT_2M-20260226_023301/checkpoint-12500,obj2_closer,output/phasevar_5/0010_phA15_phB04.png,Is the magenta cube closer to the camera than the cyan sphere? Answer with yes or no.,Yes,Yes,25.234375,19.515625,True
/data/shared/Qwen/mydisk/output/SYNTHETIC/NVILA-Lite-2B-SYNTHETIC_MIX_5PCT_2M-20260226_023301/checkpoint-12500,obj2_closer,output/phasevar_5/0010_phA15_phB05.png,Is the magenta cube closer to the camera than the cyan sphere? Answer with yes or no.,Yes,Yes,25.21875,19.640625,True
/data/shared/Qwen/mydisk/output/SYNTHETIC/NVILA-Lite-2B-SYNTHETIC_MIX_5PCT_2M-20260226_023301/checkpoint-12500,obj2_closer,output/phasevar_5/0010_phA15_phB06.png,Is the magenta cube closer to the camera than the cyan sphere? Answer with yes or no.,Yes,Yes,25.546875,19.421875,True
/data/shared/Qwen/mydisk/output/SYNTHETIC/NVILA-Lite-2B-SYNTHETIC_MIX_5PCT_2M-20260226_023301/checkpoint-12500,obj2_closer,output/phasevar_5/0010_phA15_phB07.png,Is the magenta cube closer to the camera than the cyan sphere? Answer with yes or no.,Yes,Yes,23.6875,18.21875,True
/data/shared/Qwen/mydisk/output/SYNTHETIC/NVILA-Lite-2B-SYNTHETIC_MIX_5PCT_2M-20260226_023301/checkpoint-12500,obj2_closer,output/phasevar_5/0010_phA15_phB08.png,Is the magenta cube closer to the camera than the cyan sphere? Answer with yes or no.,Yes,Yes,23.84375,18.421875,True
/data/shared/Qwen/mydisk/output/SYNTHETIC/NVILA-Lite-2B-SYNTHETIC_MIX_5PCT_2M-20260226_023301/checkpoint-12500,obj2_closer,output/phasevar_5/0010_phA15_phB09.png,Is the magenta cube closer to the camera than the cyan sphere? Answer with yes or no.,Yes,Yes,24.375,18.796875,True
/data/shared/Qwen/mydisk/output/SYNTHETIC/NVILA-Lite-2B-SYNTHETIC_MIX_5PCT_2M-20260226_023301/checkpoint-12500,obj2_closer,output/phasevar_5/0010_phA15_phB10.png,Is the magenta cube closer to the camera than the cyan sphere? Answer with yes or no.,Yes,Yes,23.90625,18.6875,True
/data/shared/Qwen/mydisk/output/SYNTHETIC/NVILA-Lite-2B-SYNTHETIC_MIX_5PCT_2M-20260226_023301/checkpoint-12500,obj2_closer,output/phasevar_5/0010_phA15_phB11.png,Is the magenta cube closer to the camera than the cyan sphere? Answer with yes or no.,Yes,Yes,23.6875,18.234375,True
/data/shared/Qwen/mydisk/output/SYNTHETIC/NVILA-Lite-2B-SYNTHETIC_MIX_5PCT_2M-20260226_023301/checkpoint-12500,obj2_closer,output/phasevar_5/0010_phA15_phB12.png,Is the magenta cube closer to the camera than the cyan sphere? Answer with yes or no.,Yes,Yes,23.546875,18.078125,True
/data/shared/Qwen/mydisk/output/SYNTHETIC/NVILA-Lite-2B-SYNTHETIC_MIX_5PCT_2M-20260226_023301/checkpoint-12500,obj2_closer,output/phasevar_5/0010_phA15_phB13.png,Is the magenta cube closer to the camera than the cyan sphere? Answer with yes or no.,Yes,Yes,23.75,18.40625,True
/data/shared/Qwen/mydisk/output/SYNTHETIC/NVILA-Lite-2B-SYNTHETIC_MIX_5PCT_2M-20260226_023301/checkpoint-12500,obj2_closer,output/phasevar_5/0010_phA15_phB14.png,Is the magenta cube closer to the camera than the cyan sphere? Answer with yes or no.,Yes,Yes,22.765625,18.140625,True
/data/shared/Qwen/mydisk/output/SYNTHETIC/NVILA-Lite-2B-SYNTHETIC_MIX_5PCT_2M-20260226_023301/checkpoint-12500,obj2_closer,output/phasevar_5/0010_phA15_phB15.png,Is the magenta cube closer to the camera than the cyan sphere? Answer with yes or no.,Yes,Yes,22.578125,18.421875,True
/data/shared/Qwen/mydisk/output/SYNTHETIC/NVILA-Lite-2B-SYNTHETIC_MIX_5PCT_2M-20260226_023301/checkpoint-12500,obj2_closer,output/phasevar_5/0011_phA00_phB00.png,Is the magenta cube closer to the camera than the magenta sphere? Answer with yes or no.,Yes,Yes,20.515625,18.078125,True
/data/shared/Qwen/mydisk/output/SYNTHETIC/NVILA-Lite-2B-SYNTHETIC_MIX_5PCT_2M-20260226_023301/checkpoint-12500,obj2_closer,output/phasevar_5/0011_phA00_phB01.png,Is the magenta cube closer to the camera than the magenta sphere? Answer with yes or no.,Yes,Yes,20.46875,18.046875,True
/data/shared/Qwen/mydisk/output/SYNTHETIC/NVILA-Lite-2B-SYNTHETIC_MIX_5PCT_2M-20260226_023301/checkpoint-12500,obj2_closer,output/phasevar_5/0011_phA00_phB02.png,Is the magenta cube closer to the camera than the magenta sphere? Answer with yes or no.,Yes,Yes,20.515625,17.9375,True
/data/shared/Qwen/mydisk/output/SYNTHETIC/NVILA-Lite-2B-SYNTHETIC_MIX_5PCT_2M-20260226_023301/checkpoint-12500,obj2_closer,output/phasevar_5/0011_phA00_phB03.png,Is the magenta cube closer to the camera than the magenta sphere? Answer with yes or no.,Yes,Yes,23.359375,19.375,True
/data/shared/Qwen/mydisk/output/SYNTHETIC/NVILA-Lite-2B-SYNTHETIC_MIX_5PCT_2M-20260226_023301/checkpoint-12500,obj2_closer,output/phasevar_5/0011_phA00_phB04.png,Is the magenta cube closer to the camera than the magenta sphere? Answer with yes or no.,Yes,Yes,24.0625,19.21875,True
/data/shared/Qwen/mydisk/output/SYNTHETIC/NVILA-Lite-2B-SYNTHETIC_MIX_5PCT_2M-20260226_023301/checkpoint-12500,obj2_closer,output/phasevar_5/0011_phA00_phB05.png,Is the magenta cube closer to the camera than the magenta sphere? Answer with yes or no.,Yes,Yes,23.953125,19.390625,True
/data/shared/Qwen/mydisk/output/SYNTHETIC/NVILA-Lite-2B-SYNTHETIC_MIX_5PCT_2M-20260226_023301/checkpoint-12500,obj2_closer,output/phasevar_5/0011_phA00_phB06.png,Is the magenta cube closer to the camera than the magenta sphere? Answer with yes or no.,Yes,Yes,22.453125,18.734375,True
/data/shared/Qwen/mydisk/output/SYNTHETIC/NVILA-Lite-2B-SYNTHETIC_MIX_5PCT_2M-20260226_023301/checkpoint-12500,obj2_closer,output/phasevar_5/0011_phA00_phB07.png,Is the magenta cube closer to the camera than the magenta sphere? Answer with yes or no.,Yes,Yes,21.875,17.984375,True
/data/shared/Qwen/mydisk/output/SYNTHETIC/NVILA-Lite-2B-SYNTHETIC_MIX_5PCT_2M-20260226_023301/checkpoint-12500,obj2_closer,output/phasevar_5/0011_phA00_phB08.png,Is the magenta cube closer to the camera than the magenta sphere? Answer with yes or no.,Yes,Yes,22.40625,18.46875,True
/data/shared/Qwen/mydisk/output/SYNTHETIC/NVILA-Lite-2B-SYNTHETIC_MIX_5PCT_2M-20260226_023301/checkpoint-12500,obj2_closer,output/phasevar_5/0011_phA00_phB09.png,Is the magenta cube closer to the camera than the magenta sphere? Answer with yes or no.,Yes,Yes,23.25,18.875,True
/data/shared/Qwen/mydisk/output/SYNTHETIC/NVILA-Lite-2B-SYNTHETIC_MIX_5PCT_2M-20260226_023301/checkpoint-12500,obj2_closer,output/phasevar_5/0011_phA00_phB10.png,Is the magenta cube closer to the camera than the magenta sphere? Answer with yes or no.,Yes,Yes,22.015625,18.515625,True
/data/shared/Qwen/mydisk/output/SYNTHETIC/NVILA-Lite-2B-SYNTHETIC_MIX_5PCT_2M-20260226_023301/checkpoint-12500,obj2_closer,output/phasevar_5/0011_phA00_phB11.png,Is the magenta cube closer to the camera than the magenta sphere? Answer with yes or no.,Yes,Yes,22.640625,18.375,True
/data/shared/Qwen/mydisk/output/SYNTHETIC/NVILA-Lite-2B-SYNTHETIC_MIX_5PCT_2M-20260226_023301/checkpoint-12500,obj2_closer,output/phasevar_5/0011_phA00_phB12.png,Is the magenta cube closer to the camera than the magenta sphere? Answer with yes or no.,Yes,Yes,22.3125,18.265625,True
/data/shared/Qwen/mydisk/output/SYNTHETIC/NVILA-Lite-2B-SYNTHETIC_MIX_5PCT_2M-20260226_023301/checkpoint-12500,obj2_closer,output/phasevar_5/0011_phA00_phB13.png,Is the magenta cube closer to the camera than the magenta sphere? Answer with yes or no.,Yes,Yes,22.1875,18.25,True
/data/shared/Qwen/mydisk/output/SYNTHETIC/NVILA-Lite-2B-SYNTHETIC_MIX_5PCT_2M-20260226_023301/checkpoint-12500,obj2_closer,output/phasevar_5/0011_phA00_phB14.png,Is the magenta cube closer to the camera than the magenta sphere? Answer with yes or no.,Yes,Yes,21.140625,17.890625,True
/data/shared/Qwen/mydisk/output/SYNTHETIC/NVILA-Lite-2B-SYNTHETIC_MIX_5PCT_2M-20260226_023301/checkpoint-12500,obj2_closer,output/phasevar_5/0011_phA00_phB15.png,Is the magenta cube closer to the camera than the magenta sphere? Answer with yes or no.,Yes,Yes,20.484375,17.921875,True
/data/shared/Qwen/mydisk/output/SYNTHETIC/NVILA-Lite-2B-SYNTHETIC_MIX_5PCT_2M-20260226_023301/checkpoint-12500,obj2_closer,output/phasevar_5/0011_phA01_phB00.png,Is the magenta cube closer to the camera than the magenta sphere? Answer with yes or no.,Yes,Yes,20.375,17.890625,True
/data/shared/Qwen/mydisk/output/SYNTHETIC/NVILA-Lite-2B-SYNTHETIC_MIX_5PCT_2M-20260226_023301/checkpoint-12500,obj2_closer,output/phasevar_5/0011_phA01_phB01.png,Is the magenta cube closer to the camera than the magenta sphere? Answer with yes or no.,Yes,Yes,20.78125,18.03125,True
/data/shared/Qwen/mydisk/output/SYNTHETIC/NVILA-Lite-2B-SYNTHETIC_MIX_5PCT_2M-20260226_023301/checkpoint-12500,obj2_closer,output/phasevar_5/0011_phA01_phB02.png,Is the magenta cube closer to the camera than the magenta sphere? Answer with yes or no.,Yes,Yes,20.796875,17.90625,True
/data/shared/Qwen/mydisk/output/SYNTHETIC/NVILA-Lite-2B-SYNTHETIC_MIX_5PCT_2M-20260226_023301/checkpoint-12500,obj2_closer,output/phasevar_5/0011_phA01_phB03.png,Is the magenta cube closer to the camera than the magenta sphere? Answer with yes or no.,Yes,Yes,23.5625,19.3125,True
/data/shared/Qwen/mydisk/output/SYNTHETIC/NVILA-Lite-2B-SYNTHETIC_MIX_5PCT_2M-20260226_023301/checkpoint-12500,obj2_closer,output/phasevar_5/0011_phA01_phB04.png,Is the magenta cube closer to the camera than the magenta sphere? Answer with yes or no.,Yes,Yes,23.9375,18.984375,True
/data/shared/Qwen/mydisk/output/SYNTHETIC/NVILA-Lite-2B-SYNTHETIC_MIX_5PCT_2M-20260226_023301/checkpoint-12500,obj2_closer,output/phasevar_5/0011_phA01_phB05.png,Is the magenta cube closer to the camera than the magenta sphere? Answer with yes or no.,Yes,Yes,23.796875,19.140625,True
/data/shared/Qwen/mydisk/output/SYNTHETIC/NVILA-Lite-2B-SYNTHETIC_MIX_5PCT_2M-20260226_023301/checkpoint-12500,obj2_closer,output/phasevar_5/0011_phA01_phB06.png,Is the magenta cube closer to the camera than the magenta sphere? Answer with yes or no.,Yes,Yes,22.359375,18.4375,True
/data/shared/Qwen/mydisk/output/SYNTHETIC/NVILA-Lite-2B-SYNTHETIC_MIX_5PCT_2M-20260226_023301/checkpoint-12500,obj2_closer,output/phasevar_5/0011_phA01_phB07.png,Is the magenta cube closer to the camera than the magenta sphere? Answer with yes or no.,Yes,Yes,21.84375,17.8125,True
/data/shared/Qwen/mydisk/output/SYNTHETIC/NVILA-Lite-2B-SYNTHETIC_MIX_5PCT_2M-20260226_023301/checkpoint-12500,obj2_closer,output/phasevar_5/0011_phA01_phB08.png,Is the magenta cube closer to the camera than the magenta sphere? Answer with yes or no.,Yes,Yes,22.484375,18.34375,True
/data/shared/Qwen/mydisk/output/SYNTHETIC/NVILA-Lite-2B-SYNTHETIC_MIX_5PCT_2M-20260226_023301/checkpoint-12500,obj2_closer,output/phasevar_5/0011_phA01_phB09.png,Is the magenta cube closer to the camera than the magenta sphere? Answer with yes or no.,Yes,Yes,23.328125,18.78125,True
/data/shared/Qwen/mydisk/output/SYNTHETIC/NVILA-Lite-2B-SYNTHETIC_MIX_5PCT_2M-20260226_023301/checkpoint-12500,obj2_closer,output/phasevar_5/0011_phA01_phB10.png,Is the magenta cube closer to the camera than the magenta sphere? Answer with yes or no.,Yes,Yes,22.1875,18.46875,True
/data/shared/Qwen/mydisk/output/SYNTHETIC/NVILA-Lite-2B-SYNTHETIC_MIX_5PCT_2M-20260226_023301/checkpoint-12500,obj2_closer,output/phasevar_5/0011_phA01_phB11.png,Is the magenta cube closer to the camera than the magenta sphere? Answer with yes or no.,Yes,Yes,22.734375,18.28125,True
/data/shared/Qwen/mydisk/output/SYNTHETIC/NVILA-Lite-2B-SYNTHETIC_MIX_5PCT_2M-20260226_023301/checkpoint-12500,obj2_closer,output/phasevar_5/0011_phA01_phB12.png,Is the magenta cube closer to the camera than the magenta sphere? Answer with yes or no.,Yes,Yes,22.375,18.171875,True
/data/shared/Qwen/mydisk/output/SYNTHETIC/NVILA-Lite-2B-SYNTHETIC_MIX_5PCT_2M-20260226_023301/checkpoint-12500,obj2_closer,output/phasevar_5/0011_phA01_phB13.png,Is the magenta cube closer to the camera than the magenta sphere? Answer with yes or no.,Yes,Yes,22.03125,18.078125,True
/data/shared/Qwen/mydisk/output/SYNTHETIC/NVILA-Lite-2B-SYNTHETIC_MIX_5PCT_2M-20260226_023301/checkpoint-12500,obj2_closer,output/phasevar_5/0011_phA01_phB14.png,Is the magenta cube closer to the camera than the magenta sphere? Answer with yes or no.,Yes,Yes,21.296875,17.734375,True
/data/shared/Qwen/mydisk/output/SYNTHETIC/NVILA-Lite-2B-SYNTHETIC_MIX_5PCT_2M-20260226_023301/checkpoint-12500,obj2_closer,output/phasevar_5/0011_phA01_phB15.png,Is the magenta cube closer to the camera than the magenta sphere? Answer with yes or no.,Yes,Yes,20.59375,17.828125,True
/data/shared/Qwen/mydisk/output/SYNTHETIC/NVILA-Lite-2B-SYNTHETIC_MIX_5PCT_2M-20260226_023301/checkpoint-12500,obj2_closer,output/phasevar_5/0011_phA02_phB00.png,Is the magenta cube closer to the camera than the magenta sphere? Answer with yes or no.,Yes,Yes,20.171875,17.875,True
/data/shared/Qwen/mydisk/output/SYNTHETIC/NVILA-Lite-2B-SYNTHETIC_MIX_5PCT_2M-20260226_023301/checkpoint-12500,obj2_closer,output/phasevar_5/0011_phA02_phB01.png,Is the magenta cube closer to the camera than the magenta sphere? Answer with yes or no.,Yes,Yes,20.046875,17.640625,True
/data/shared/Qwen/mydisk/output/SYNTHETIC/NVILA-Lite-2B-SYNTHETIC_MIX_5PCT_2M-20260226_023301/checkpoint-12500,obj2_closer,output/phasevar_5/0011_phA02_phB02.png,Is the magenta cube closer to the camera than the magenta sphere? Answer with yes or no.,Yes,Yes,20.078125,17.4375,True
/data/shared/Qwen/mydisk/output/SYNTHETIC/NVILA-Lite-2B-SYNTHETIC_MIX_5PCT_2M-20260226_023301/checkpoint-12500,obj2_closer,output/phasevar_5/0011_phA02_phB03.png,Is the magenta cube closer to the camera than the magenta sphere? Answer with yes or no.,Yes,Yes,22.53125,18.875,True
/data/shared/Qwen/mydisk/output/SYNTHETIC/NVILA-Lite-2B-SYNTHETIC_MIX_5PCT_2M-20260226_023301/checkpoint-12500,obj2_closer,output/phasevar_5/0011_phA02_phB04.png,Is the magenta cube closer to the camera than the magenta sphere? Answer with yes or no.,Yes,Yes,23.390625,18.609375,True
/data/shared/Qwen/mydisk/output/SYNTHETIC/NVILA-Lite-2B-SYNTHETIC_MIX_5PCT_2M-20260226_023301/checkpoint-12500,obj2_closer,output/phasevar_5/0011_phA02_phB05.png,Is the magenta cube closer to the camera than the magenta sphere? Answer with yes or no.,Yes,Yes,23.265625,18.625,True
/data/shared/Qwen/mydisk/output/SYNTHETIC/NVILA-Lite-2B-SYNTHETIC_MIX_5PCT_2M-20260226_023301/checkpoint-12500,obj2_closer,output/phasevar_5/0011_phA02_phB06.png,Is the magenta cube closer to the camera than the magenta sphere? Answer with yes or no.,Yes,Yes,21.859375,17.890625,True
/data/shared/Qwen/mydisk/output/SYNTHETIC/NVILA-Lite-2B-SYNTHETIC_MIX_5PCT_2M-20260226_023301/checkpoint-12500,obj2_closer,output/phasevar_5/0011_phA02_phB07.png,Is the magenta cube closer to the camera than the magenta sphere? Answer with yes or no.,Yes,Yes,21.640625,17.671875,True
/data/shared/Qwen/mydisk/output/SYNTHETIC/NVILA-Lite-2B-SYNTHETIC_MIX_5PCT_2M-20260226_023301/checkpoint-12500,obj2_closer,output/phasevar_5/0011_phA02_phB08.png,Is the magenta cube closer to the camera than the magenta sphere? Answer with yes or no.,Yes,Yes,22.296875,18.25,True
/data/shared/Qwen/mydisk/output/SYNTHETIC/NVILA-Lite-2B-SYNTHETIC_MIX_5PCT_2M-20260226_023301/checkpoint-12500,obj2_closer,output/phasevar_5/0011_phA02_phB09.png,Is the magenta cube closer to the camera than the magenta sphere? Answer with yes or no.,Yes,Yes,23.1875,18.8125,True
/data/shared/Qwen/mydisk/output/SYNTHETIC/NVILA-Lite-2B-SYNTHETIC_MIX_5PCT_2M-20260226_023301/checkpoint-12500,obj2_closer,output/phasevar_5/0011_phA02_phB10.png,Is the magenta cube closer to the camera than the magenta sphere? Answer with yes or no.,Yes,Yes,22.03125,18.640625,True
/data/shared/Qwen/mydisk/output/SYNTHETIC/NVILA-Lite-2B-SYNTHETIC_MIX_5PCT_2M-20260226_023301/checkpoint-12500,obj2_closer,output/phasevar_5/0011_phA02_phB11.png,Is the magenta cube closer to the camera than the magenta sphere? Answer with yes or no.,Yes,Yes,22.515625,18.421875,True
/data/shared/Qwen/mydisk/output/SYNTHETIC/NVILA-Lite-2B-SYNTHETIC_MIX_5PCT_2M-20260226_023301/checkpoint-12500,obj2_closer,output/phasevar_5/0011_phA02_phB12.png,Is the magenta cube closer to the camera than the magenta sphere? Answer with yes or no.,Yes,Yes,22.171875,18.34375,True
/data/shared/Qwen/mydisk/output/SYNTHETIC/NVILA-Lite-2B-SYNTHETIC_MIX_5PCT_2M-20260226_023301/checkpoint-12500,obj2_closer,output/phasevar_5/0011_phA02_phB13.png,Is the magenta cube closer to the camera than the magenta sphere? Answer with yes or no.,Yes,Yes,21.84375,18.21875,True
/data/shared/Qwen/mydisk/output/SYNTHETIC/NVILA-Lite-2B-SYNTHETIC_MIX_5PCT_2M-20260226_023301/checkpoint-12500,obj2_closer,output/phasevar_5/0011_phA02_phB14.png,Is the magenta cube closer to the camera than the magenta sphere? Answer with yes or no.,Yes,Yes,20.96875,17.71875,True
/data/shared/Qwen/mydisk/output/SYNTHETIC/NVILA-Lite-2B-SYNTHETIC_MIX_5PCT_2M-20260226_023301/checkpoint-12500,obj2_closer,output/phasevar_5/0011_phA02_phB15.png,Is the magenta cube closer to the camera than the magenta sphere? Answer with yes or no.,Yes,Yes,20.40625,17.890625,True
/data/shared/Qwen/mydisk/output/SYNTHETIC/NVILA-Lite-2B-SYNTHETIC_MIX_5PCT_2M-20260226_023301/checkpoint-12500,obj2_closer,output/phasevar_5/0011_phA03_phB00.png,Is the magenta cube closer to the camera than the magenta sphere? Answer with yes or no.,Yes,Yes,20.125,17.71875,True
/data/shared/Qwen/mydisk/output/SYNTHETIC/NVILA-Lite-2B-SYNTHETIC_MIX_5PCT_2M-20260226_023301/checkpoint-12500,obj2_closer,output/phasevar_5/0011_phA03_phB01.png,Is the magenta cube closer to the camera than the magenta sphere? Answer with yes or no.,Yes,Yes,20.21875,17.609375,True
/data/shared/Qwen/mydisk/output/SYNTHETIC/NVILA-Lite-2B-SYNTHETIC_MIX_5PCT_2M-20260226_023301/checkpoint-12500,obj2_closer,output/phasevar_5/0011_phA03_phB02.png,Is the magenta cube closer to the camera than the magenta sphere? Answer with yes or no.,Yes,Yes,20.0,17.4375,True
/data/shared/Qwen/mydisk/output/SYNTHETIC/NVILA-Lite-2B-SYNTHETIC_MIX_5PCT_2M-20260226_023301/checkpoint-12500,obj2_closer,output/phasevar_5/0011_phA03_phB03.png,Is the magenta cube closer to the camera than the magenta sphere? Answer with yes or no.,Yes,Yes,22.71875,18.796875,True
/data/shared/Qwen/mydisk/output/SYNTHETIC/NVILA-Lite-2B-SYNTHETIC_MIX_5PCT_2M-20260226_023301/checkpoint-12500,obj2_closer,output/phasevar_5/0011_phA03_phB04.png,Is the magenta cube closer to the camera than the magenta sphere? Answer with yes or no.,Yes,Yes,23.75,18.40625,True
/data/shared/Qwen/mydisk/output/SYNTHETIC/NVILA-Lite-2B-SYNTHETIC_MIX_5PCT_2M-20260226_023301/checkpoint-12500,obj2_closer,output/phasevar_5/0011_phA03_phB05.png,Is the magenta cube closer to the camera than the magenta sphere? Answer with yes or no.,Yes,Yes,23.453125,18.421875,True
/data/shared/Qwen/mydisk/output/SYNTHETIC/NVILA-Lite-2B-SYNTHETIC_MIX_5PCT_2M-20260226_023301/checkpoint-12500,obj2_closer,output/phasevar_5/0011_phA03_phB06.png,Is the magenta cube closer to the camera than the magenta sphere? Answer with yes or no.,Yes,Yes,21.765625,17.765625,True
/data/shared/Qwen/mydisk/output/SYNTHETIC/NVILA-Lite-2B-SYNTHETIC_MIX_5PCT_2M-20260226_023301/checkpoint-12500,obj2_closer,output/phasevar_5/0011_phA03_phB07.png,Is the magenta cube closer to the camera than the magenta sphere? Answer with yes or no.,Yes,Yes,21.3125,17.21875,True
/data/shared/Qwen/mydisk/output/SYNTHETIC/NVILA-Lite-2B-SYNTHETIC_MIX_5PCT_2M-20260226_023301/checkpoint-12500,obj2_closer,output/phasevar_5/0011_phA03_phB08.png,Is the magenta cube closer to the camera than the magenta sphere? Answer with yes or no.,Yes,Yes,22.140625,17.859375,True
/data/shared/Qwen/mydisk/output/SYNTHETIC/NVILA-Lite-2B-SYNTHETIC_MIX_5PCT_2M-20260226_023301/checkpoint-12500,obj2_closer,output/phasevar_5/0011_phA03_phB09.png,Is the magenta cube closer to the camera than the magenta sphere? Answer with yes or no.,Yes,Yes,23.03125,18.359375,True
/data/shared/Qwen/mydisk/output/SYNTHETIC/NVILA-Lite-2B-SYNTHETIC_MIX_5PCT_2M-20260226_023301/checkpoint-12500,obj2_closer,output/phasevar_5/0011_phA03_phB10.png,Is the magenta cube closer to the camera than the magenta sphere? Answer with yes or no.,Yes,Yes,21.921875,18.234375,True
/data/shared/Qwen/mydisk/output/SYNTHETIC/NVILA-Lite-2B-SYNTHETIC_MIX_5PCT_2M-20260226_023301/checkpoint-12500,obj2_closer,output/phasevar_5/0011_phA03_phB11.png,Is the magenta cube closer to the camera than the magenta sphere? Answer with yes or no.,Yes,Yes,22.5625,17.96875,True
/data/shared/Qwen/mydisk/output/SYNTHETIC/NVILA-Lite-2B-SYNTHETIC_MIX_5PCT_2M-20260226_023301/checkpoint-12500,obj2_closer,output/phasevar_5/0011_phA03_phB12.png,Is the magenta cube closer to the camera than the magenta sphere? Answer with yes or no.,Yes,Yes,22.1875,17.9375,True
/data/shared/Qwen/mydisk/output/SYNTHETIC/NVILA-Lite-2B-SYNTHETIC_MIX_5PCT_2M-20260226_023301/checkpoint-12500,obj2_closer,output/phasevar_5/0011_phA03_phB13.png,Is the magenta cube closer to the camera than the magenta sphere? Answer with yes or no.,Yes,Yes,21.625,17.953125,True
/data/shared/Qwen/mydisk/output/SYNTHETIC/NVILA-Lite-2B-SYNTHETIC_MIX_5PCT_2M-20260226_023301/checkpoint-12500,obj2_closer,output/phasevar_5/0011_phA03_phB14.png,Is the magenta cube closer to the camera than the magenta sphere? Answer with yes or no.,Yes,Yes,20.796875,17.546875,True
/data/shared/Qwen/mydisk/output/SYNTHETIC/NVILA-Lite-2B-SYNTHETIC_MIX_5PCT_2M-20260226_023301/checkpoint-12500,obj2_closer,output/phasevar_5/0011_phA03_phB15.png,Is the magenta cube closer to the camera than the magenta sphere? Answer with yes or no.,Yes,Yes,20.25,17.671875,True
/data/shared/Qwen/mydisk/output/SYNTHETIC/NVILA-Lite-2B-SYNTHETIC_MIX_5PCT_2M-20260226_023301/checkpoint-12500,obj2_closer,output/phasevar_5/0011_phA04_phB00.png,Is the magenta cube closer to the camera than the magenta sphere? Answer with yes or no.,Yes,Yes,20.046875,17.828125,True
/data/shared/Qwen/mydisk/output/SYNTHETIC/NVILA-Lite-2B-SYNTHETIC_MIX_5PCT_2M-20260226_023301/checkpoint-12500,obj2_closer,output/phasevar_5/0011_phA04_phB01.png,Is the magenta cube closer to the camera than the magenta sphere? Answer with yes or no.,Yes,Yes,20.140625,17.671875,True
/data/shared/Qwen/mydisk/output/SYNTHETIC/NVILA-Lite-2B-SYNTHETIC_MIX_5PCT_2M-20260226_023301/checkpoint-12500,obj2_closer,output/phasevar_5/0011_phA04_phB02.png,Is the magenta cube closer to the camera than the magenta sphere? Answer with yes or no.,Yes,Yes,19.84375,17.515625,True
/data/shared/Qwen/mydisk/output/SYNTHETIC/NVILA-Lite-2B-SYNTHETIC_MIX_5PCT_2M-20260226_023301/checkpoint-12500,obj2_closer,output/phasevar_5/0011_phA04_phB03.png,Is the magenta cube closer to the camera than the magenta sphere? Answer with yes or no.,Yes,Yes,22.625,18.9375,True
/data/shared/Qwen/mydisk/output/SYNTHETIC/NVILA-Lite-2B-SYNTHETIC_MIX_5PCT_2M-20260226_023301/checkpoint-12500,obj2_closer,output/phasevar_5/0011_phA04_phB04.png,Is the magenta cube closer to the camera than the magenta sphere? Answer with yes or no.,Yes,Yes,23.703125,18.65625,True
/data/shared/Qwen/mydisk/output/SYNTHETIC/NVILA-Lite-2B-SYNTHETIC_MIX_5PCT_2M-20260226_023301/checkpoint-12500,obj2_closer,output/phasevar_5/0011_phA04_phB05.png,Is the magenta cube closer to the camera than the magenta sphere? Answer with yes or no.,Yes,Yes,23.5,18.6875,True
/data/shared/Qwen/mydisk/output/SYNTHETIC/NVILA-Lite-2B-SYNTHETIC_MIX_5PCT_2M-20260226_023301/checkpoint-12500,obj2_closer,output/phasevar_5/0011_phA04_phB06.png,Is the magenta cube closer to the camera than the magenta sphere? Answer with yes or no.,Yes,Yes,21.546875,17.859375,True
/data/shared/Qwen/mydisk/output/SYNTHETIC/NVILA-Lite-2B-SYNTHETIC_MIX_5PCT_2M-20260226_023301/checkpoint-12500,obj2_closer,output/phasevar_5/0011_phA04_phB07.png,Is the magenta cube closer to the camera than the magenta sphere? Answer with yes or no.,Yes,Yes,21.03125,17.15625,True
/data/shared/Qwen/mydisk/output/SYNTHETIC/NVILA-Lite-2B-SYNTHETIC_MIX_5PCT_2M-20260226_023301/checkpoint-12500,obj2_closer,output/phasevar_5/0011_phA04_phB08.png,Is the magenta cube closer to the camera than the magenta sphere? Answer with yes or no.,Yes,Yes,21.8125,17.859375,True
/data/shared/Qwen/mydisk/output/SYNTHETIC/NVILA-Lite-2B-SYNTHETIC_MIX_5PCT_2M-20260226_023301/checkpoint-12500,obj2_closer,output/phasevar_5/0011_phA04_phB09.png,Is the magenta cube closer to the camera than the magenta sphere? Answer with yes or no.,Yes,Yes,22.578125,18.3125,True
/data/shared/Qwen/mydisk/output/SYNTHETIC/NVILA-Lite-2B-SYNTHETIC_MIX_5PCT_2M-20260226_023301/checkpoint-12500,obj2_closer,output/phasevar_5/0011_phA04_phB10.png,Is the magenta cube closer to the camera than the magenta sphere? Answer with yes or no.,Yes,Yes,21.515625,18.171875,True
/data/shared/Qwen/mydisk/output/SYNTHETIC/NVILA-Lite-2B-SYNTHETIC_MIX_5PCT_2M-20260226_023301/checkpoint-12500,obj2_closer,output/phasevar_5/0011_phA04_phB11.png,Is the magenta cube closer to the camera than the magenta sphere? Answer with yes or no.,Yes,Yes,22.3125,17.96875,True
/data/shared/Qwen/mydisk/output/SYNTHETIC/NVILA-Lite-2B-SYNTHETIC_MIX_5PCT_2M-20260226_023301/checkpoint-12500,obj2_closer,output/phasevar_5/0011_phA04_phB12.png,Is the magenta cube closer to the camera than the magenta sphere? Answer with yes or no.,Yes,Yes,22.0625,17.984375,True
/data/shared/Qwen/mydisk/output/SYNTHETIC/NVILA-Lite-2B-SYNTHETIC_MIX_5PCT_2M-20260226_023301/checkpoint-12500,obj2_closer,output/phasevar_5/0011_phA04_phB13.png,Is the magenta cube closer to the camera than the magenta sphere? Answer with yes or no.,Yes,Yes,21.59375,18.03125,True
/data/shared/Qwen/mydisk/output/SYNTHETIC/NVILA-Lite-2B-SYNTHETIC_MIX_5PCT_2M-20260226_023301/checkpoint-12500,obj2_closer,output/phasevar_5/0011_phA04_phB14.png,Is the magenta cube closer to the camera than the magenta sphere? Answer with yes or no.,Yes,Yes,20.75,17.71875,True
/data/shared/Qwen/mydisk/output/SYNTHETIC/NVILA-Lite-2B-SYNTHETIC_MIX_5PCT_2M-20260226_023301/checkpoint-12500,obj2_closer,output/phasevar_5/0011_phA04_phB15.png,Is the magenta cube closer to the camera than the magenta sphere? Answer with yes or no.,Yes,Yes,20.28125,17.859375,True
/data/shared/Qwen/mydisk/output/SYNTHETIC/NVILA-Lite-2B-SYNTHETIC_MIX_5PCT_2M-20260226_023301/checkpoint-12500,obj2_closer,output/phasevar_5/0011_phA05_phB00.png,Is the magenta cube closer to the camera than the magenta sphere? Answer with yes or no.,Yes,Yes,20.140625,17.828125,True
/data/shared/Qwen/mydisk/output/SYNTHETIC/NVILA-Lite-2B-SYNTHETIC_MIX_5PCT_2M-20260226_023301/checkpoint-12500,obj2_closer,output/phasevar_5/0011_phA05_phB01.png,Is the magenta cube closer to the camera than the magenta sphere? Answer with yes or no.,Yes,Yes,20.125,17.640625,True
/data/shared/Qwen/mydisk/output/SYNTHETIC/NVILA-Lite-2B-SYNTHETIC_MIX_5PCT_2M-20260226_023301/checkpoint-12500,obj2_closer,output/phasevar_5/0011_phA05_phB02.png,Is the magenta cube closer to the camera than the magenta sphere? Answer with yes or no.,Yes,Yes,19.96875,17.484375,True
/data/shared/Qwen/mydisk/output/SYNTHETIC/NVILA-Lite-2B-SYNTHETIC_MIX_5PCT_2M-20260226_023301/checkpoint-12500,obj2_closer,output/phasevar_5/0011_phA05_phB03.png,Is the magenta cube closer to the camera than the magenta sphere? Answer with yes or no.,Yes,Yes,22.4375,18.875,True
/data/shared/Qwen/mydisk/output/SYNTHETIC/NVILA-Lite-2B-SYNTHETIC_MIX_5PCT_2M-20260226_023301/checkpoint-12500,obj2_closer,output/phasevar_5/0011_phA05_phB04.png,Is the magenta cube closer to the camera than the magenta sphere? Answer with yes or no.,Yes,Yes,23.75,18.75,True
/data/shared/Qwen/mydisk/output/SYNTHETIC/NVILA-Lite-2B-SYNTHETIC_MIX_5PCT_2M-20260226_023301/checkpoint-12500,obj2_closer,output/phasevar_5/0011_phA05_phB05.png,Is the magenta cube closer to the camera than the magenta sphere? Answer with yes or no.,Yes,Yes,23.6875,18.71875,True
/data/shared/Qwen/mydisk/output/SYNTHETIC/NVILA-Lite-2B-SYNTHETIC_MIX_5PCT_2M-20260226_023301/checkpoint-12500,obj2_closer,output/phasevar_5/0011_phA05_phB06.png,Is the magenta cube closer to the camera than the magenta sphere? Answer with yes or no.,Yes,Yes,21.5,17.75,True
/data/shared/Qwen/mydisk/output/SYNTHETIC/NVILA-Lite-2B-SYNTHETIC_MIX_5PCT_2M-20260226_023301/checkpoint-12500,obj2_closer,output/phasevar_5/0011_phA05_phB07.png,Is the magenta cube closer to the camera than the magenta sphere? Answer with yes or no.,Yes,Yes,20.859375,17.046875,True
/data/shared/Qwen/mydisk/output/SYNTHETIC/NVILA-Lite-2B-SYNTHETIC_MIX_5PCT_2M-20260226_023301/checkpoint-12500,obj2_closer,output/phasevar_5/0011_phA05_phB08.png,Is the magenta cube closer to the camera than the magenta sphere? Answer with yes or no.,Yes,Yes,21.65625,17.71875,True
/data/shared/Qwen/mydisk/output/SYNTHETIC/NVILA-Lite-2B-SYNTHETIC_MIX_5PCT_2M-20260226_023301/checkpoint-12500,obj2_closer,output/phasevar_5/0011_phA05_phB09.png,Is the magenta cube closer to the camera than the magenta sphere? Answer with yes or no.,Yes,Yes,22.5,18.234375,True
/data/shared/Qwen/mydisk/output/SYNTHETIC/NVILA-Lite-2B-SYNTHETIC_MIX_5PCT_2M-20260226_023301/checkpoint-12500,obj2_closer,output/phasevar_5/0011_phA05_phB10.png,Is the magenta cube closer to the camera than the magenta sphere? Answer with yes or no.,Yes,Yes,21.53125,18.09375,True
/data/shared/Qwen/mydisk/output/SYNTHETIC/NVILA-Lite-2B-SYNTHETIC_MIX_5PCT_2M-20260226_023301/checkpoint-12500,obj2_closer,output/phasevar_5/0011_phA05_phB11.png,Is the magenta cube closer to the camera than the magenta sphere? Answer with yes or no.,Yes,Yes,22.359375,17.9375,True
/data/shared/Qwen/mydisk/output/SYNTHETIC/NVILA-Lite-2B-SYNTHETIC_MIX_5PCT_2M-20260226_023301/checkpoint-12500,obj2_closer,output/phasevar_5/0011_phA05_phB12.png,Is the magenta cube closer to the camera than the magenta sphere? Answer with yes or no.,Yes,Yes,22.0625,18.015625,True
/data/shared/Qwen/mydisk/output/SYNTHETIC/NVILA-Lite-2B-SYNTHETIC_MIX_5PCT_2M-20260226_023301/checkpoint-12500,obj2_closer,output/phasevar_5/0011_phA05_phB13.png,Is the magenta cube closer to the camera than the magenta sphere? Answer with yes or no.,Yes,Yes,21.625,18.03125,True
/data/shared/Qwen/mydisk/output/SYNTHETIC/NVILA-Lite-2B-SYNTHETIC_MIX_5PCT_2M-20260226_023301/checkpoint-12500,obj2_closer,output/phasevar_5/0011_phA05_phB14.png,Is the magenta cube closer to the camera than the magenta sphere? Answer with yes or no.,Yes,Yes,20.984375,17.8125,True
/data/shared/Qwen/mydisk/output/SYNTHETIC/NVILA-Lite-2B-SYNTHETIC_MIX_5PCT_2M-20260226_023301/checkpoint-12500,obj2_closer,output/phasevar_5/0011_phA05_phB15.png,Is the magenta cube closer to the camera than the magenta sphere? Answer with yes or no.,Yes,Yes,20.359375,17.859375,True
/data/shared/Qwen/mydisk/output/SYNTHETIC/NVILA-Lite-2B-SYNTHETIC_MIX_5PCT_2M-20260226_023301/checkpoint-12500,obj2_closer,output/phasevar_5/0011_phA06_phB00.png,Is the magenta cube closer to the camera than the magenta sphere? Answer with yes or no.,Yes,Yes,19.96875,17.953125,True
/data/shared/Qwen/mydisk/output/SYNTHETIC/NVILA-Lite-2B-SYNTHETIC_MIX_5PCT_2M-20260226_023301/checkpoint-12500,obj2_closer,output/phasevar_5/0011_phA06_phB01.png,Is the magenta cube closer to the camera than the magenta sphere? Answer with yes or no.,Yes,Yes,19.9375,17.734375,True
/data/shared/Qwen/mydisk/output/SYNTHETIC/NVILA-Lite-2B-SYNTHETIC_MIX_5PCT_2M-20260226_023301/checkpoint-12500,obj2_closer,output/phasevar_5/0011_phA06_phB02.png,Is the magenta cube closer to the camera than the magenta sphere? Answer with yes or no.,Yes,Yes,19.796875,17.640625,True
/data/shared/Qwen/mydisk/output/SYNTHETIC/NVILA-Lite-2B-SYNTHETIC_MIX_5PCT_2M-20260226_023301/checkpoint-12500,obj2_closer,output/phasevar_5/0011_phA06_phB03.png,Is the magenta cube closer to the camera than the magenta sphere? Answer with yes or no.,Yes,Yes,22.171875,19.03125,True
/data/shared/Qwen/mydisk/output/SYNTHETIC/NVILA-Lite-2B-SYNTHETIC_MIX_5PCT_2M-20260226_023301/checkpoint-12500,obj2_closer,output/phasevar_5/0011_phA06_phB04.png,Is the magenta cube closer to the camera than the magenta sphere? Answer with yes or no.,Yes,Yes,23.640625,19.109375,True
/data/shared/Qwen/mydisk/output/SYNTHETIC/NVILA-Lite-2B-SYNTHETIC_MIX_5PCT_2M-20260226_023301/checkpoint-12500,obj2_closer,output/phasevar_5/0011_phA06_phB05.png,Is the magenta cube closer to the camera than the magenta sphere? Answer with yes or no.,Yes,Yes,23.484375,19.1875,True
/data/shared/Qwen/mydisk/output/SYNTHETIC/NVILA-Lite-2B-SYNTHETIC_MIX_5PCT_2M-20260226_023301/checkpoint-12500,obj2_closer,output/phasevar_5/0011_phA06_phB06.png,Is the magenta cube closer to the camera than the magenta sphere? Answer with yes or no.,Yes,Yes,21.65625,18.203125,True
/data/shared/Qwen/mydisk/output/SYNTHETIC/NVILA-Lite-2B-SYNTHETIC_MIX_5PCT_2M-20260226_023301/checkpoint-12500,obj2_closer,output/phasevar_5/0011_phA06_phB07.png,Is the magenta cube closer to the camera than the magenta sphere? Answer with yes or no.,Yes,Yes,20.625,17.15625,True
/data/shared/Qwen/mydisk/output/SYNTHETIC/NVILA-Lite-2B-SYNTHETIC_MIX_5PCT_2M-20260226_023301/checkpoint-12500,obj2_closer,output/phasevar_5/0011_phA06_phB08.png,Is the magenta cube closer to the camera than the magenta sphere? Answer with yes or no.,Yes,Yes,21.296875,17.8125,True
/data/shared/Qwen/mydisk/output/SYNTHETIC/NVILA-Lite-2B-SYNTHETIC_MIX_5PCT_2M-20260226_023301/checkpoint-12500,obj2_closer,output/phasevar_5/0011_phA06_phB09.png,Is the magenta cube closer to the camera than the magenta sphere? Answer with yes or no.,Yes,Yes,21.984375,18.28125,True
/data/shared/Qwen/mydisk/output/SYNTHETIC/NVILA-Lite-2B-SYNTHETIC_MIX_5PCT_2M-20260226_023301/checkpoint-12500,obj2_closer,output/phasevar_5/0011_phA06_phB10.png,Is the magenta cube closer to the camera than the magenta sphere? Answer with yes or no.,Yes,Yes,21.171875,18.15625,True
/data/shared/Qwen/mydisk/output/SYNTHETIC/NVILA-Lite-2B-SYNTHETIC_MIX_5PCT_2M-20260226_023301/checkpoint-12500,obj2_closer,output/phasevar_5/0011_phA06_phB11.png,Is the magenta cube closer to the camera than the magenta sphere? Answer with yes or no.,Yes,Yes,21.984375,18.046875,True
/data/shared/Qwen/mydisk/output/SYNTHETIC/NVILA-Lite-2B-SYNTHETIC_MIX_5PCT_2M-20260226_023301/checkpoint-12500,obj2_closer,output/phasevar_5/0011_phA06_phB12.png,Is the magenta cube closer to the camera than the magenta sphere? Answer with yes or no.,Yes,Yes,21.671875,18.140625,True
/data/shared/Qwen/mydisk/output/SYNTHETIC/NVILA-Lite-2B-SYNTHETIC_MIX_5PCT_2M-20260226_023301/checkpoint-12500,obj2_closer,output/phasevar_5/0011_phA06_phB13.png,Is the magenta cube closer to the camera than the magenta sphere? Answer with yes or no.,Yes,Yes,21.21875,18.171875,True
/data/shared/Qwen/mydisk/output/SYNTHETIC/NVILA-Lite-2B-SYNTHETIC_MIX_5PCT_2M-20260226_023301/checkpoint-12500,obj2_closer,output/phasevar_5/0011_phA06_phB14.png,Is the magenta cube closer to the camera than the magenta sphere? Answer with yes or no.,Yes,Yes,20.65625,17.9375,True
/data/shared/Qwen/mydisk/output/SYNTHETIC/NVILA-Lite-2B-SYNTHETIC_MIX_5PCT_2M-20260226_023301/checkpoint-12500,obj2_closer,output/phasevar_5/0011_phA06_phB15.png,Is the magenta cube closer to the camera than the magenta sphere? Answer with yes or no.,Yes,Yes,20.25,18.0625,True
/data/shared/Qwen/mydisk/output/SYNTHETIC/NVILA-Lite-2B-SYNTHETIC_MIX_5PCT_2M-20260226_023301/checkpoint-12500,obj2_closer,output/phasevar_5/0011_phA07_phB00.png,Is the magenta cube closer to the camera than the magenta sphere? Answer with yes or no.,Yes,Yes,20.203125,17.828125,True
/data/shared/Qwen/mydisk/output/SYNTHETIC/NVILA-Lite-2B-SYNTHETIC_MIX_5PCT_2M-20260226_023301/checkpoint-12500,obj2_closer,output/phasevar_5/0011_phA07_phB01.png,Is the magenta cube closer to the camera than the magenta sphere? Answer with yes or no.,Yes,Yes,20.234375,17.734375,True
/data/shared/Qwen/mydisk/output/SYNTHETIC/NVILA-Lite-2B-SYNTHETIC_MIX_5PCT_2M-20260226_023301/checkpoint-12500,obj2_closer,output/phasevar_5/0011_phA07_phB02.png,Is the magenta cube closer to the camera than the magenta sphere? Answer with yes or no.,Yes,Yes,20.21875,17.734375,True
/data/shared/Qwen/mydisk/output/SYNTHETIC/NVILA-Lite-2B-SYNTHETIC_MIX_5PCT_2M-20260226_023301/checkpoint-12500,obj2_closer,output/phasevar_5/0011_phA07_phB03.png,Is the magenta cube closer to the camera than the magenta sphere? Answer with yes or no.,Yes,Yes,23.171875,19.390625,True
/data/shared/Qwen/mydisk/output/SYNTHETIC/NVILA-Lite-2B-SYNTHETIC_MIX_5PCT_2M-20260226_023301/checkpoint-12500,obj2_closer,output/phasevar_5/0011_phA07_phB04.png,Is the magenta cube closer to the camera than the magenta sphere? Answer with yes or no.,Yes,Yes,24.375,19.28125,True
/data/shared/Qwen/mydisk/output/SYNTHETIC/NVILA-Lite-2B-SYNTHETIC_MIX_5PCT_2M-20260226_023301/checkpoint-12500,obj2_closer,output/phasevar_5/0011_phA07_phB05.png,Is the magenta cube closer to the camera than the magenta sphere? Answer with yes or no.,Yes,Yes,24.125,19.21875,True
/data/shared/Qwen/mydisk/output/SYNTHETIC/NVILA-Lite-2B-SYNTHETIC_MIX_5PCT_2M-20260226_023301/checkpoint-12500,obj2_closer,output/phasevar_5/0011_phA07_phB06.png,Is the magenta cube closer to the camera than the magenta sphere? Answer with yes or no.,Yes,Yes,22.21875,18.5,True
/data/shared/Qwen/mydisk/output/SYNTHETIC/NVILA-Lite-2B-SYNTHETIC_MIX_5PCT_2M-20260226_023301/checkpoint-12500,obj2_closer,output/phasevar_5/0011_phA07_phB07.png,Is the magenta cube closer to the camera than the magenta sphere? Answer with yes or no.,Yes,Yes,21.5,17.546875,True
/data/shared/Qwen/mydisk/output/SYNTHETIC/NVILA-Lite-2B-SYNTHETIC_MIX_5PCT_2M-20260226_023301/checkpoint-12500,obj2_closer,output/phasevar_5/0011_phA07_phB08.png,Is the magenta cube closer to the camera than the magenta sphere? Answer with yes or no.,Yes,Yes,21.828125,17.796875,True
/data/shared/Qwen/mydisk/output/SYNTHETIC/NVILA-Lite-2B-SYNTHETIC_MIX_5PCT_2M-20260226_023301/checkpoint-12500,obj2_closer,output/phasevar_5/0011_phA07_phB09.png,Is the magenta cube closer to the camera than the magenta sphere? Answer with yes or no.,Yes,Yes,22.6875,18.234375,True
/data/shared/Qwen/mydisk/output/SYNTHETIC/NVILA-Lite-2B-SYNTHETIC_MIX_5PCT_2M-20260226_023301/checkpoint-12500,obj2_closer,output/phasevar_5/0011_phA07_phB10.png,Is the magenta cube closer to the camera than the magenta sphere? Answer with yes or no.,Yes,Yes,21.5625,18.078125,True
/data/shared/Qwen/mydisk/output/SYNTHETIC/NVILA-Lite-2B-SYNTHETIC_MIX_5PCT_2M-20260226_023301/checkpoint-12500,obj2_closer,output/phasevar_5/0011_phA07_phB11.png,Is the magenta cube closer to the camera than the magenta sphere? Answer with yes or no.,Yes,Yes,22.328125,17.875,True
/data/shared/Qwen/mydisk/output/SYNTHETIC/NVILA-Lite-2B-SYNTHETIC_MIX_5PCT_2M-20260226_023301/checkpoint-12500,obj2_closer,output/phasevar_5/0011_phA07_phB12.png,Is the magenta cube closer to the camera than the magenta sphere? Answer with yes or no.,Yes,Yes,22.109375,18.015625,True
/data/shared/Qwen/mydisk/output/SYNTHETIC/NVILA-Lite-2B-SYNTHETIC_MIX_5PCT_2M-20260226_023301/checkpoint-12500,obj2_closer,output/phasevar_5/0011_phA07_phB13.png,Is the magenta cube closer to the camera than the magenta sphere? Answer with yes or no.,Yes,Yes,21.515625,17.984375,True
/data/shared/Qwen/mydisk/output/SYNTHETIC/NVILA-Lite-2B-SYNTHETIC_MIX_5PCT_2M-20260226_023301/checkpoint-12500,obj2_closer,output/phasevar_5/0011_phA07_phB14.png,Is the magenta cube closer to the camera than the magenta sphere? Answer with yes or no.,Yes,Yes,21.015625,17.84375,True
/data/shared/Qwen/mydisk/output/SYNTHETIC/NVILA-Lite-2B-SYNTHETIC_MIX_5PCT_2M-20260226_023301/checkpoint-12500,obj2_closer,output/phasevar_5/0011_phA07_phB15.png,Is the magenta cube closer to the camera than the magenta sphere? Answer with yes or no.,Yes,Yes,20.390625,17.875,True
/data/shared/Qwen/mydisk/output/SYNTHETIC/NVILA-Lite-2B-SYNTHETIC_MIX_5PCT_2M-20260226_023301/checkpoint-12500,obj2_closer,output/phasevar_5/0011_phA08_phB00.png,Is the magenta cube closer to the camera than the magenta sphere? Answer with yes or no.,Yes,Yes,20.203125,17.890625,True
/data/shared/Qwen/mydisk/output/SYNTHETIC/NVILA-Lite-2B-SYNTHETIC_MIX_5PCT_2M-20260226_023301/checkpoint-12500,obj2_closer,output/phasevar_5/0011_phA08_phB01.png,Is the magenta cube closer to the camera than the magenta sphere? Answer with yes or no.,Yes,Yes,20.1875,17.765625,True
/data/shared/Qwen/mydisk/output/SYNTHETIC/NVILA-Lite-2B-SYNTHETIC_MIX_5PCT_2M-20260226_023301/checkpoint-12500,obj2_closer,output/phasevar_5/0011_phA08_phB02.png,Is the magenta cube closer to the camera than the magenta sphere? Answer with yes or no.,Yes,Yes,20.0625,17.71875,True
/data/shared/Qwen/mydisk/output/SYNTHETIC/NVILA-Lite-2B-SYNTHETIC_MIX_5PCT_2M-20260226_023301/checkpoint-12500,obj2_closer,output/phasevar_5/0011_phA08_phB03.png,Is the magenta cube closer to the camera than the magenta sphere? Answer with yes or no.,Yes,Yes,22.796875,19.25,True
/data/shared/Qwen/mydisk/output/SYNTHETIC/NVILA-Lite-2B-SYNTHETIC_MIX_5PCT_2M-20260226_023301/checkpoint-12500,obj2_closer,output/phasevar_5/0011_phA08_phB04.png,Is the magenta cube closer to the camera than the magenta sphere? Answer with yes or no.,Yes,Yes,24.359375,19.40625,True
/data/shared/Qwen/mydisk/output/SYNTHETIC/NVILA-Lite-2B-SYNTHETIC_MIX_5PCT_2M-20260226_023301/checkpoint-12500,obj2_closer,output/phasevar_5/0011_phA08_phB05.png,Is the magenta cube closer to the camera than the magenta sphere? Answer with yes or no.,Yes,Yes,24.296875,19.5625,True
/data/shared/Qwen/mydisk/output/SYNTHETIC/NVILA-Lite-2B-SYNTHETIC_MIX_5PCT_2M-20260226_023301/checkpoint-12500,obj2_closer,output/phasevar_5/0011_phA08_phB06.png,Is the magenta cube closer to the camera than the magenta sphere? Answer with yes or no.,Yes,Yes,22.15625,18.671875,True
/data/shared/Qwen/mydisk/output/SYNTHETIC/NVILA-Lite-2B-SYNTHETIC_MIX_5PCT_2M-20260226_023301/checkpoint-12500,obj2_closer,output/phasevar_5/0011_phA08_phB07.png,Is the magenta cube closer to the camera than the magenta sphere? Answer with yes or no.,Yes,Yes,21.390625,17.703125,True
/data/shared/Qwen/mydisk/output/SYNTHETIC/NVILA-Lite-2B-SYNTHETIC_MIX_5PCT_2M-20260226_023301/checkpoint-12500,obj2_closer,output/phasevar_5/0011_phA08_phB08.png,Is the magenta cube closer to the camera than the magenta sphere? Answer with yes or no.,Yes,Yes,21.875,18.015625,True
/data/shared/Qwen/mydisk/output/SYNTHETIC/NVILA-Lite-2B-SYNTHETIC_MIX_5PCT_2M-20260226_023301/checkpoint-12500,obj2_closer,output/phasevar_5/0011_phA08_phB09.png,Is the magenta cube closer to the camera than the magenta sphere? Answer with yes or no.,Yes,Yes,22.734375,18.34375,True
/data/shared/Qwen/mydisk/output/SYNTHETIC/NVILA-Lite-2B-SYNTHETIC_MIX_5PCT_2M-20260226_023301/checkpoint-12500,obj2_closer,output/phasevar_5/0011_phA08_phB10.png,Is the magenta cube closer to the camera than the magenta sphere? Answer with yes or no.,Yes,Yes,21.5625,18.140625,True
/data/shared/Qwen/mydisk/output/SYNTHETIC/NVILA-Lite-2B-SYNTHETIC_MIX_5PCT_2M-20260226_023301/checkpoint-12500,obj2_closer,output/phasevar_5/0011_phA08_phB11.png,Is the magenta cube closer to the camera than the magenta sphere? Answer with yes or no.,Yes,Yes,22.421875,18.015625,True
/data/shared/Qwen/mydisk/output/SYNTHETIC/NVILA-Lite-2B-SYNTHETIC_MIX_5PCT_2M-20260226_023301/checkpoint-12500,obj2_closer,output/phasevar_5/0011_phA08_phB12.png,Is the magenta cube closer to the camera than the magenta sphere? Answer with yes or no.,Yes,Yes,22.234375,18.09375,True
/data/shared/Qwen/mydisk/output/SYNTHETIC/NVILA-Lite-2B-SYNTHETIC_MIX_5PCT_2M-20260226_023301/checkpoint-12500,obj2_closer,output/phasevar_5/0011_phA08_phB13.png,Is the magenta cube closer to the camera than the magenta sphere? Answer with yes or no.,Yes,Yes,21.46875,17.984375,True
/data/shared/Qwen/mydisk/output/SYNTHETIC/NVILA-Lite-2B-SYNTHETIC_MIX_5PCT_2M-20260226_023301/checkpoint-12500,obj2_closer,output/phasevar_5/0011_phA08_phB14.png,Is the magenta cube closer to the camera than the magenta sphere? Answer with yes or no.,Yes,Yes,21.0,17.90625,True
/data/shared/Qwen/mydisk/output/SYNTHETIC/NVILA-Lite-2B-SYNTHETIC_MIX_5PCT_2M-20260226_023301/checkpoint-12500,obj2_closer,output/phasevar_5/0011_phA08_phB15.png,Is the magenta cube closer to the camera than the magenta sphere? Answer with yes or no.,Yes,Yes,20.359375,17.890625,True
/data/shared/Qwen/mydisk/output/SYNTHETIC/NVILA-Lite-2B-SYNTHETIC_MIX_5PCT_2M-20260226_023301/checkpoint-12500,obj2_closer,output/phasevar_5/0011_phA09_phB00.png,Is the magenta cube closer to the camera than the magenta sphere? Answer with yes or no.,Yes,Yes,20.265625,18.0625,True
/data/shared/Qwen/mydisk/output/SYNTHETIC/NVILA-Lite-2B-SYNTHETIC_MIX_5PCT_2M-20260226_023301/checkpoint-12500,obj2_closer,output/phasevar_5/0011_phA09_phB01.png,Is the magenta cube closer to the camera than the magenta sphere? Answer with yes or no.,Yes,Yes,20.296875,18.0,True
/data/shared/Qwen/mydisk/output/SYNTHETIC/NVILA-Lite-2B-SYNTHETIC_MIX_5PCT_2M-20260226_023301/checkpoint-12500,obj2_closer,output/phasevar_5/0011_phA09_phB02.png,Is the magenta cube closer to the camera than the magenta sphere? Answer with yes or no.,Yes,Yes,20.4375,18.078125,True
/data/shared/Qwen/mydisk/output/SYNTHETIC/NVILA-Lite-2B-SYNTHETIC_MIX_5PCT_2M-20260226_023301/checkpoint-12500,obj2_closer,output/phasevar_5/0011_phA09_phB03.png,Is the magenta cube closer to the camera than the magenta sphere? Answer with yes or no.,Yes,Yes,23.09375,19.578125,True
/data/shared/Qwen/mydisk/output/SYNTHETIC/NVILA-Lite-2B-SYNTHETIC_MIX_5PCT_2M-20260226_023301/checkpoint-12500,obj2_closer,output/phasevar_5/0011_phA09_phB04.png,Is the magenta cube closer to the camera than the magenta sphere? Answer with yes or no.,Yes,Yes,24.796875,20.015625,True
/data/shared/Qwen/mydisk/output/SYNTHETIC/NVILA-Lite-2B-SYNTHETIC_MIX_5PCT_2M-20260226_023301/checkpoint-12500,obj2_closer,output/phasevar_5/0011_phA09_phB05.png,Is the magenta cube closer to the camera than the magenta sphere? Answer with yes or no.,Yes,Yes,24.5625,20.171875,True
/data/shared/Qwen/mydisk/output/SYNTHETIC/NVILA-Lite-2B-SYNTHETIC_MIX_5PCT_2M-20260226_023301/checkpoint-12500,obj2_closer,output/phasevar_5/0011_phA09_phB06.png,Is the magenta cube closer to the camera than the magenta sphere? Answer with yes or no.,Yes,Yes,22.765625,19.328125,True
/data/shared/Qwen/mydisk/output/SYNTHETIC/NVILA-Lite-2B-SYNTHETIC_MIX_5PCT_2M-20260226_023301/checkpoint-12500,obj2_closer,output/phasevar_5/0011_phA09_phB07.png,Is the magenta cube closer to the camera than the magenta sphere? Answer with yes or no.,Yes,Yes,21.78125,18.171875,True
/data/shared/Qwen/mydisk/output/SYNTHETIC/NVILA-Lite-2B-SYNTHETIC_MIX_5PCT_2M-20260226_023301/checkpoint-12500,obj2_closer,output/phasevar_5/0011_phA09_phB08.png,Is the magenta cube closer to the camera than the magenta sphere? Answer with yes or no.,Yes,Yes,22.0625,18.390625,True
/data/shared/Qwen/mydisk/output/SYNTHETIC/NVILA-Lite-2B-SYNTHETIC_MIX_5PCT_2M-20260226_023301/checkpoint-12500,obj2_closer,output/phasevar_5/0011_phA09_phB09.png,Is the magenta cube closer to the camera than the magenta sphere? Answer with yes or no.,Yes,Yes,22.6875,18.546875,True
/data/shared/Qwen/mydisk/output/SYNTHETIC/NVILA-Lite-2B-SYNTHETIC_MIX_5PCT_2M-20260226_023301/checkpoint-12500,obj2_closer,output/phasevar_5/0011_phA09_phB10.png,Is the magenta cube closer to the camera than the magenta sphere? Answer with yes or no.,Yes,Yes,21.421875,18.234375,True
/data/shared/Qwen/mydisk/output/SYNTHETIC/NVILA-Lite-2B-SYNTHETIC_MIX_5PCT_2M-20260226_023301/checkpoint-12500,obj2_closer,output/phasevar_5/0011_phA09_phB11.png,Is the magenta cube closer to the camera than the magenta sphere? Answer with yes or no.,Yes,Yes,22.171875,18.046875,True
/data/shared/Qwen/mydisk/output/SYNTHETIC/NVILA-Lite-2B-SYNTHETIC_MIX_5PCT_2M-20260226_023301/checkpoint-12500,obj2_closer,output/phasevar_5/0011_phA09_phB12.png,Is the magenta cube closer to the camera than the magenta sphere? Answer with yes or no.,Yes,Yes,22.078125,18.15625,True
/data/shared/Qwen/mydisk/output/SYNTHETIC/NVILA-Lite-2B-SYNTHETIC_MIX_5PCT_2M-20260226_023301/checkpoint-12500,obj2_closer,output/phasevar_5/0011_phA09_phB13.png,Is the magenta cube closer to the camera than the magenta sphere? Answer with yes or no.,Yes,Yes,21.3125,18.078125,True
/data/shared/Qwen/mydisk/output/SYNTHETIC/NVILA-Lite-2B-SYNTHETIC_MIX_5PCT_2M-20260226_023301/checkpoint-12500,obj2_closer,output/phasevar_5/0011_phA09_phB14.png,Is the magenta cube closer to the camera than the magenta sphere? Answer with yes or no.,Yes,Yes,20.921875,18.0625,True
/data/shared/Qwen/mydisk/output/SYNTHETIC/NVILA-Lite-2B-SYNTHETIC_MIX_5PCT_2M-20260226_023301/checkpoint-12500,obj2_closer,output/phasevar_5/0011_phA09_phB15.png,Is the magenta cube closer to the camera than the magenta sphere? Answer with yes or no.,Yes,Yes,20.421875,18.078125,True
/data/shared/Qwen/mydisk/output/SYNTHETIC/NVILA-Lite-2B-SYNTHETIC_MIX_5PCT_2M-20260226_023301/checkpoint-12500,obj2_closer,output/phasevar_5/0011_phA10_phB00.png,Is the magenta cube closer to the camera than the magenta sphere? Answer with yes or no.,Yes,Yes,19.859375,18.15625,True
/data/shared/Qwen/mydisk/output/SYNTHETIC/NVILA-Lite-2B-SYNTHETIC_MIX_5PCT_2M-20260226_023301/checkpoint-12500,obj2_closer,output/phasevar_5/0011_phA10_phB01.png,Is the magenta cube closer to the camera than the magenta sphere? Answer with yes or no.,Yes,Yes,20.015625,18.15625,True
/data/shared/Qwen/mydisk/output/SYNTHETIC/NVILA-Lite-2B-SYNTHETIC_MIX_5PCT_2M-20260226_023301/checkpoint-12500,obj2_closer,output/phasevar_5/0011_phA10_phB02.png,Is the magenta cube closer to the camera than the magenta sphere? Answer with yes or no.,Yes,Yes,20.5,18.421875,True
/data/shared/Qwen/mydisk/output/SYNTHETIC/NVILA-Lite-2B-SYNTHETIC_MIX_5PCT_2M-20260226_023301/checkpoint-12500,obj2_closer,output/phasevar_5/0011_phA10_phB03.png,Is the magenta cube closer to the camera than the magenta sphere? Answer with yes or no.,Yes,Yes,23.046875,19.890625,True
/data/shared/Qwen/mydisk/output/SYNTHETIC/NVILA-Lite-2B-SYNTHETIC_MIX_5PCT_2M-20260226_023301/checkpoint-12500,obj2_closer,output/phasevar_5/0011_phA10_phB04.png,Is the magenta cube closer to the camera than the magenta sphere? Answer with yes or no.,Yes,Yes,24.671875,20.546875,True
/data/shared/Qwen/mydisk/output/SYNTHETIC/NVILA-Lite-2B-SYNTHETIC_MIX_5PCT_2M-20260226_023301/checkpoint-12500,obj2_closer,output/phasevar_5/0011_phA10_phB05.png,Is the magenta cube closer to the camera than the magenta sphere? Answer with yes or no.,Yes,Yes,24.640625,20.734375,True
/data/shared/Qwen/mydisk/output/SYNTHETIC/NVILA-Lite-2B-SYNTHETIC_MIX_5PCT_2M-20260226_023301/checkpoint-12500,obj2_closer,output/phasevar_5/0011_phA10_phB06.png,Is the magenta cube closer to the camera than the magenta sphere? Answer with yes or no.,Yes,Yes,23.015625,19.90625,True
/data/shared/Qwen/mydisk/output/SYNTHETIC/NVILA-Lite-2B-SYNTHETIC_MIX_5PCT_2M-20260226_023301/checkpoint-12500,obj2_closer,output/phasevar_5/0011_phA10_phB07.png,Is the magenta cube closer to the camera than the magenta sphere? Answer with yes or no.,Yes,Yes,21.640625,18.734375,True
/data/shared/Qwen/mydisk/output/SYNTHETIC/NVILA-Lite-2B-SYNTHETIC_MIX_5PCT_2M-20260226_023301/checkpoint-12500,obj2_closer,output/phasevar_5/0011_phA10_phB08.png,Is the magenta cube closer to the camera than the magenta sphere? Answer with yes or no.,Yes,Yes,21.65625,18.6875,True
/data/shared/Qwen/mydisk/output/SYNTHETIC/NVILA-Lite-2B-SYNTHETIC_MIX_5PCT_2M-20260226_023301/checkpoint-12500,obj2_closer,output/phasevar_5/0011_phA10_phB09.png,Is the magenta cube closer to the camera than the magenta sphere? Answer with yes or no.,Yes,Yes,21.953125,18.859375,True
/data/shared/Qwen/mydisk/output/SYNTHETIC/NVILA-Lite-2B-SYNTHETIC_MIX_5PCT_2M-20260226_023301/checkpoint-12500,obj2_closer,output/phasevar_5/0011_phA10_phB10.png,Is the magenta cube closer to the camera than the magenta sphere? Answer with yes or no.,Yes,Yes,20.578125,18.296875,True
/data/shared/Qwen/mydisk/output/SYNTHETIC/NVILA-Lite-2B-SYNTHETIC_MIX_5PCT_2M-20260226_023301/checkpoint-12500,obj2_closer,output/phasevar_5/0011_phA10_phB11.png,Is the magenta cube closer to the camera than the magenta sphere? Answer with yes or no.,Yes,Yes,21.546875,18.171875,True
/data/shared/Qwen/mydisk/output/SYNTHETIC/NVILA-Lite-2B-SYNTHETIC_MIX_5PCT_2M-20260226_023301/checkpoint-12500,obj2_closer,output/phasevar_5/0011_phA10_phB12.png,Is the magenta cube closer to the camera than the magenta sphere? Answer with yes or no.,Yes,Yes,21.34375,18.28125,True
/data/shared/Qwen/mydisk/output/SYNTHETIC/NVILA-Lite-2B-SYNTHETIC_MIX_5PCT_2M-20260226_023301/checkpoint-12500,obj2_closer,output/phasevar_5/0011_phA10_phB13.png,Is the magenta cube closer to the camera than the magenta sphere? Answer with yes or no.,Yes,Yes,20.765625,18.265625,True
/data/shared/Qwen/mydisk/output/SYNTHETIC/NVILA-Lite-2B-SYNTHETIC_MIX_5PCT_2M-20260226_023301/checkpoint-12500,obj2_closer,output/phasevar_5/0011_phA10_phB14.png,Is the magenta cube closer to the camera than the magenta sphere? Answer with yes or no.,Yes,Yes,20.390625,18.203125,True
/data/shared/Qwen/mydisk/output/SYNTHETIC/NVILA-Lite-2B-SYNTHETIC_MIX_5PCT_2M-20260226_023301/checkpoint-12500,obj2_closer,output/phasevar_5/0011_phA10_phB15.png,Is the magenta cube closer to the camera than the magenta sphere? Answer with yes or no.,Yes,Yes,19.953125,18.21875,True
/data/shared/Qwen/mydisk/output/SYNTHETIC/NVILA-Lite-2B-SYNTHETIC_MIX_5PCT_2M-20260226_023301/checkpoint-12500,obj2_closer,output/phasevar_5/0011_phA11_phB00.png,Is the magenta cube closer to the camera than the magenta sphere? Answer with yes or no.,Yes,Yes,20.09375,18.125,True
/data/shared/Qwen/mydisk/output/SYNTHETIC/NVILA-Lite-2B-SYNTHETIC_MIX_5PCT_2M-20260226_023301/checkpoint-12500,obj2_closer,output/phasevar_5/0011_phA11_phB01.png,Is the magenta cube closer to the camera than the magenta sphere? Answer with yes or no.,Yes,Yes,20.1875,18.109375,True
/data/shared/Qwen/mydisk/output/SYNTHETIC/NVILA-Lite-2B-SYNTHETIC_MIX_5PCT_2M-20260226_023301/checkpoint-12500,obj2_closer,output/phasevar_5/0011_phA11_phB02.png,Is the magenta cube closer to the camera than the magenta sphere? Answer with yes or no.,Yes,Yes,20.859375,18.421875,True
/data/shared/Qwen/mydisk/output/SYNTHETIC/NVILA-Lite-2B-SYNTHETIC_MIX_5PCT_2M-20260226_023301/checkpoint-12500,obj2_closer,output/phasevar_5/0011_phA11_phB03.png,Is the magenta cube closer to the camera than the magenta sphere? Answer with yes or no.,Yes,Yes,23.25,19.796875,True
/data/shared/Qwen/mydisk/output/SYNTHETIC/NVILA-Lite-2B-SYNTHETIC_MIX_5PCT_2M-20260226_023301/checkpoint-12500,obj2_closer,output/phasevar_5/0011_phA11_phB04.png,Is the magenta cube closer to the camera than the magenta sphere? Answer with yes or no.,Yes,Yes,24.828125,20.34375,True
/data/shared/Qwen/mydisk/output/SYNTHETIC/NVILA-Lite-2B-SYNTHETIC_MIX_5PCT_2M-20260226_023301/checkpoint-12500,obj2_closer,output/phasevar_5/0011_phA11_phB05.png,Is the magenta cube closer to the camera than the magenta sphere? Answer with yes or no.,Yes,Yes,24.703125,20.515625,True
/data/shared/Qwen/mydisk/output/SYNTHETIC/NVILA-Lite-2B-SYNTHETIC_MIX_5PCT_2M-20260226_023301/checkpoint-12500,obj2_closer,output/phasevar_5/0011_phA11_phB06.png,Is the magenta cube closer to the camera than the magenta sphere? Answer with yes or no.,Yes,Yes,23.171875,19.84375,True
/data/shared/Qwen/mydisk/output/SYNTHETIC/NVILA-Lite-2B-SYNTHETIC_MIX_5PCT_2M-20260226_023301/checkpoint-12500,obj2_closer,output/phasevar_5/0011_phA11_phB07.png,Is the magenta cube closer to the camera than the magenta sphere? Answer with yes or no.,Yes,Yes,21.671875,18.5,True
/data/shared/Qwen/mydisk/output/SYNTHETIC/NVILA-Lite-2B-SYNTHETIC_MIX_5PCT_2M-20260226_023301/checkpoint-12500,obj2_closer,output/phasevar_5/0011_phA11_phB08.png,Is the magenta cube closer to the camera than the magenta sphere? Answer with yes or no.,Yes,Yes,21.828125,18.5625,True
/data/shared/Qwen/mydisk/output/SYNTHETIC/NVILA-Lite-2B-SYNTHETIC_MIX_5PCT_2M-20260226_023301/checkpoint-12500,obj2_closer,output/phasevar_5/0011_phA11_phB09.png,Is the magenta cube closer to the camera than the magenta sphere? Answer with yes or no.,Yes,Yes,22.15625,18.84375,True
/data/shared/Qwen/mydisk/output/SYNTHETIC/NVILA-Lite-2B-SYNTHETIC_MIX_5PCT_2M-20260226_023301/checkpoint-12500,obj2_closer,output/phasevar_5/0011_phA11_phB10.png,Is the magenta cube closer to the camera than the magenta sphere? Answer with yes or no.,Yes,Yes,21.171875,18.4375,True
/data/shared/Qwen/mydisk/output/SYNTHETIC/NVILA-Lite-2B-SYNTHETIC_MIX_5PCT_2M-20260226_023301/checkpoint-12500,obj2_closer,output/phasevar_5/0011_phA11_phB11.png,Is the magenta cube closer to the camera than the magenta sphere? Answer with yes or no.,Yes,Yes,22.078125,18.234375,True
/data/shared/Qwen/mydisk/output/SYNTHETIC/NVILA-Lite-2B-SYNTHETIC_MIX_5PCT_2M-20260226_023301/checkpoint-12500,obj2_closer,output/phasevar_5/0011_phA11_phB12.png,Is the magenta cube closer to the camera than the magenta sphere? Answer with yes or no.,Yes,Yes,21.984375,18.203125,True
/data/shared/Qwen/mydisk/output/SYNTHETIC/NVILA-Lite-2B-SYNTHETIC_MIX_5PCT_2M-20260226_023301/checkpoint-12500,obj2_closer,output/phasevar_5/0011_phA11_phB13.png,Is the magenta cube closer to the camera than the magenta sphere? Answer with yes or no.,Yes,Yes,21.25,18.1875,True
/data/shared/Qwen/mydisk/output/SYNTHETIC/NVILA-Lite-2B-SYNTHETIC_MIX_5PCT_2M-20260226_023301/checkpoint-12500,obj2_closer,output/phasevar_5/0011_phA11_phB14.png,Is the magenta cube closer to the camera than the magenta sphere? Answer with yes or no.,Yes,Yes,20.734375,18.1875,True
/data/shared/Qwen/mydisk/output/SYNTHETIC/NVILA-Lite-2B-SYNTHETIC_MIX_5PCT_2M-20260226_023301/checkpoint-12500,obj2_closer,output/phasevar_5/0011_phA11_phB15.png,Is the magenta cube closer to the camera than the magenta sphere? Answer with yes or no.,Yes,Yes,20.25,18.140625,True
/data/shared/Qwen/mydisk/output/SYNTHETIC/NVILA-Lite-2B-SYNTHETIC_MIX_5PCT_2M-20260226_023301/checkpoint-12500,obj2_closer,output/phasevar_5/0011_phA12_phB00.png,Is the magenta cube closer to the camera than the magenta sphere? Answer with yes or no.,Yes,Yes,19.875,18.109375,True
/data/shared/Qwen/mydisk/output/SYNTHETIC/NVILA-Lite-2B-SYNTHETIC_MIX_5PCT_2M-20260226_023301/checkpoint-12500,obj2_closer,output/phasevar_5/0011_phA12_phB01.png,Is the magenta cube closer to the camera than the magenta sphere? Answer with yes or no.,Yes,Yes,19.921875,18.09375,True
/data/shared/Qwen/mydisk/output/SYNTHETIC/NVILA-Lite-2B-SYNTHETIC_MIX_5PCT_2M-20260226_023301/checkpoint-12500,obj2_closer,output/phasevar_5/0011_phA12_phB02.png,Is the magenta cube closer to the camera than the magenta sphere? Answer with yes or no.,Yes,Yes,20.359375,18.28125,True
/data/shared/Qwen/mydisk/output/SYNTHETIC/NVILA-Lite-2B-SYNTHETIC_MIX_5PCT_2M-20260226_023301/checkpoint-12500,obj2_closer,output/phasevar_5/0011_phA12_phB03.png,Is the magenta cube closer to the camera than the magenta sphere? Answer with yes or no.,Yes,Yes,22.765625,19.640625,True
/data/shared/Qwen/mydisk/output/SYNTHETIC/NVILA-Lite-2B-SYNTHETIC_MIX_5PCT_2M-20260226_023301/checkpoint-12500,obj2_closer,output/phasevar_5/0011_phA12_phB04.png,Is the magenta cube closer to the camera than the magenta sphere? Answer with yes or no.,Yes,Yes,24.265625,20.1875,True
/data/shared/Qwen/mydisk/output/SYNTHETIC/NVILA-Lite-2B-SYNTHETIC_MIX_5PCT_2M-20260226_023301/checkpoint-12500,obj2_closer,output/phasevar_5/0011_phA12_phB05.png,Is the magenta cube closer to the camera than the magenta sphere? Answer with yes or no.,Yes,Yes,24.171875,20.34375,True
/data/shared/Qwen/mydisk/output/SYNTHETIC/NVILA-Lite-2B-SYNTHETIC_MIX_5PCT_2M-20260226_023301/checkpoint-12500,obj2_closer,output/phasevar_5/0011_phA12_phB06.png,Is the magenta cube closer to the camera than the magenta sphere? Answer with yes or no.,Yes,Yes,22.890625,19.765625,True
/data/shared/Qwen/mydisk/output/SYNTHETIC/NVILA-Lite-2B-SYNTHETIC_MIX_5PCT_2M-20260226_023301/checkpoint-12500,obj2_closer,output/phasevar_5/0011_phA12_phB07.png,Is the magenta cube closer to the camera than the magenta sphere? Answer with yes or no.,Yes,Yes,21.5625,18.546875,True
/data/shared/Qwen/mydisk/output/SYNTHETIC/NVILA-Lite-2B-SYNTHETIC_MIX_5PCT_2M-20260226_023301/checkpoint-12500,obj2_closer,output/phasevar_5/0011_phA12_phB08.png,Is the magenta cube closer to the camera than the magenta sphere? Answer with yes or no.,Yes,Yes,21.828125,18.53125,True
/data/shared/Qwen/mydisk/output/SYNTHETIC/NVILA-Lite-2B-SYNTHETIC_MIX_5PCT_2M-20260226_023301/checkpoint-12500,obj2_closer,output/phasevar_5/0011_phA12_phB09.png,Is the magenta cube closer to the camera than the magenta sphere? Answer with yes or no.,Yes,Yes,22.078125,18.71875,True
/data/shared/Qwen/mydisk/output/SYNTHETIC/NVILA-Lite-2B-SYNTHETIC_MIX_5PCT_2M-20260226_023301/checkpoint-12500,obj2_closer,output/phasevar_5/0011_phA12_phB10.png,Is the magenta cube closer to the camera than the magenta sphere? Answer with yes or no.,Yes,Yes,20.984375,18.359375,True
/data/shared/Qwen/mydisk/output/SYNTHETIC/NVILA-Lite-2B-SYNTHETIC_MIX_5PCT_2M-20260226_023301/checkpoint-12500,obj2_closer,output/phasevar_5/0011_phA12_phB11.png,Is the magenta cube closer to the camera than the magenta sphere? Answer with yes or no.,Yes,Yes,21.75,18.203125,True
/data/shared/Qwen/mydisk/output/SYNTHETIC/NVILA-Lite-2B-SYNTHETIC_MIX_5PCT_2M-20260226_023301/checkpoint-12500,obj2_closer,output/phasevar_5/0011_phA12_phB12.png,Is the magenta cube closer to the camera than the magenta sphere? Answer with yes or no.,Yes,Yes,21.46875,18.09375,True
/data/shared/Qwen/mydisk/output/SYNTHETIC/NVILA-Lite-2B-SYNTHETIC_MIX_5PCT_2M-20260226_023301/checkpoint-12500,obj2_closer,output/phasevar_5/0011_phA12_phB13.png,Is the magenta cube closer to the camera than the magenta sphere? Answer with yes or no.,Yes,Yes,21.0,18.21875,True
/data/shared/Qwen/mydisk/output/SYNTHETIC/NVILA-Lite-2B-SYNTHETIC_MIX_5PCT_2M-20260226_023301/checkpoint-12500,obj2_closer,output/phasevar_5/0011_phA12_phB14.png,Is the magenta cube closer to the camera than the magenta sphere? Answer with yes or no.,Yes,Yes,20.640625,18.1875,True
/data/shared/Qwen/mydisk/output/SYNTHETIC/NVILA-Lite-2B-SYNTHETIC_MIX_5PCT_2M-20260226_023301/checkpoint-12500,obj2_closer,output/phasevar_5/0011_phA12_phB15.png,Is the magenta cube closer to the camera than the magenta sphere? Answer with yes or no.,Yes,Yes,20.0,18.109375,True
/data/shared/Qwen/mydisk/output/SYNTHETIC/NVILA-Lite-2B-SYNTHETIC_MIX_5PCT_2M-20260226_023301/checkpoint-12500,obj2_closer,output/phasevar_5/0011_phA13_phB00.png,Is the magenta cube closer to the camera than the magenta sphere? Answer with yes or no.,Yes,Yes,20.203125,18.28125,True
/data/shared/Qwen/mydisk/output/SYNTHETIC/NVILA-Lite-2B-SYNTHETIC_MIX_5PCT_2M-20260226_023301/checkpoint-12500,obj2_closer,output/phasevar_5/0011_phA13_phB01.png,Is the magenta cube closer to the camera than the magenta sphere? Answer with yes or no.,Yes,Yes,20.265625,18.3125,True
/data/shared/Qwen/mydisk/output/SYNTHETIC/NVILA-Lite-2B-SYNTHETIC_MIX_5PCT_2M-20260226_023301/checkpoint-12500,obj2_closer,output/phasevar_5/0011_phA13_phB02.png,Is the magenta cube closer to the camera than the magenta sphere? Answer with yes or no.,Yes,Yes,20.546875,18.4375,True
/data/shared/Qwen/mydisk/output/SYNTHETIC/NVILA-Lite-2B-SYNTHETIC_MIX_5PCT_2M-20260226_023301/checkpoint-12500,obj2_closer,output/phasevar_5/0011_phA13_phB03.png,Is the magenta cube closer to the camera than the magenta sphere? Answer with yes or no.,Yes,Yes,23.109375,19.859375,True
/data/shared/Qwen/mydisk/output/SYNTHETIC/NVILA-Lite-2B-SYNTHETIC_MIX_5PCT_2M-20260226_023301/checkpoint-12500,obj2_closer,output/phasevar_5/0011_phA13_phB04.png,Is the magenta cube closer to the camera than the magenta sphere? Answer with yes or no.,Yes,Yes,24.65625,20.4375,True
/data/shared/Qwen/mydisk/output/SYNTHETIC/NVILA-Lite-2B-SYNTHETIC_MIX_5PCT_2M-20260226_023301/checkpoint-12500,obj2_closer,output/phasevar_5/0011_phA13_phB05.png,Is the magenta cube closer to the camera than the magenta sphere? Answer with yes or no.,Yes,Yes,24.578125,20.53125,True
/data/shared/Qwen/mydisk/output/SYNTHETIC/NVILA-Lite-2B-SYNTHETIC_MIX_5PCT_2M-20260226_023301/checkpoint-12500,obj2_closer,output/phasevar_5/0011_phA13_phB06.png,Is the magenta cube closer to the camera than the magenta sphere? Answer with yes or no.,Yes,Yes,23.421875,20.015625,True
/data/shared/Qwen/mydisk/output/SYNTHETIC/NVILA-Lite-2B-SYNTHETIC_MIX_5PCT_2M-20260226_023301/checkpoint-12500,obj2_closer,output/phasevar_5/0011_phA13_phB07.png,Is the magenta cube closer to the camera than the magenta sphere? Answer with yes or no.,Yes,Yes,22.15625,18.90625,True
/data/shared/Qwen/mydisk/output/SYNTHETIC/NVILA-Lite-2B-SYNTHETIC_MIX_5PCT_2M-20260226_023301/checkpoint-12500,obj2_closer,output/phasevar_5/0011_phA13_phB08.png,Is the magenta cube closer to the camera than the magenta sphere? Answer with yes or no.,Yes,Yes,22.171875,18.8125,True
/data/shared/Qwen/mydisk/output/SYNTHETIC/NVILA-Lite-2B-SYNTHETIC_MIX_5PCT_2M-20260226_023301/checkpoint-12500,obj2_closer,output/phasevar_5/0011_phA13_phB09.png,Is the magenta cube closer to the camera than the magenta sphere? Answer with yes or no.,Yes,Yes,22.609375,19.046875,True
/data/shared/Qwen/mydisk/output/SYNTHETIC/NVILA-Lite-2B-SYNTHETIC_MIX_5PCT_2M-20260226_023301/checkpoint-12500,obj2_closer,output/phasevar_5/0011_phA13_phB10.png,Is the magenta cube closer to the camera than the magenta sphere? Answer with yes or no.,Yes,Yes,21.1875,18.5,True
/data/shared/Qwen/mydisk/output/SYNTHETIC/NVILA-Lite-2B-SYNTHETIC_MIX_5PCT_2M-20260226_023301/checkpoint-12500,obj2_closer,output/phasevar_5/0011_phA13_phB11.png,Is the magenta cube closer to the camera than the magenta sphere? Answer with yes or no.,Yes,Yes,21.984375,18.390625,True
/data/shared/Qwen/mydisk/output/SYNTHETIC/NVILA-Lite-2B-SYNTHETIC_MIX_5PCT_2M-20260226_023301/checkpoint-12500,obj2_closer,output/phasevar_5/0011_phA13_phB12.png,Is the magenta cube closer to the camera than the magenta sphere? Answer with yes or no.,Yes,Yes,21.71875,18.203125,True
/data/shared/Qwen/mydisk/output/SYNTHETIC/NVILA-Lite-2B-SYNTHETIC_MIX_5PCT_2M-20260226_023301/checkpoint-12500,obj2_closer,output/phasevar_5/0011_phA13_phB13.png,Is the magenta cube closer to the camera than the magenta sphere? Answer with yes or no.,Yes,Yes,21.078125,18.28125,True
/data/shared/Qwen/mydisk/output/SYNTHETIC/NVILA-Lite-2B-SYNTHETIC_MIX_5PCT_2M-20260226_023301/checkpoint-12500,obj2_closer,output/phasevar_5/0011_phA13_phB14.png,Is the magenta cube closer to the camera than the magenta sphere? Answer with yes or no.,Yes,Yes,20.6875,18.1875,True
/data/shared/Qwen/mydisk/output/SYNTHETIC/NVILA-Lite-2B-SYNTHETIC_MIX_5PCT_2M-20260226_023301/checkpoint-12500,obj2_closer,output/phasevar_5/0011_phA13_phB15.png,Is the magenta cube closer to the camera than the magenta sphere? Answer with yes or no.,Yes,Yes,20.171875,18.203125,True
/data/shared/Qwen/mydisk/output/SYNTHETIC/NVILA-Lite-2B-SYNTHETIC_MIX_5PCT_2M-20260226_023301/checkpoint-12500,obj2_closer,output/phasevar_5/0011_phA14_phB00.png,Is the magenta cube closer to the camera than the magenta sphere? Answer with yes or no.,Yes,Yes,20.265625,18.53125,True
/data/shared/Qwen/mydisk/output/SYNTHETIC/NVILA-Lite-2B-SYNTHETIC_MIX_5PCT_2M-20260226_023301/checkpoint-12500,obj2_closer,output/phasevar_5/0011_phA14_phB01.png,Is the magenta cube closer to the camera than the magenta sphere? Answer with yes or no.,Yes,Yes,20.28125,18.5,True
/data/shared/Qwen/mydisk/output/SYNTHETIC/NVILA-Lite-2B-SYNTHETIC_MIX_5PCT_2M-20260226_023301/checkpoint-12500,obj2_closer,output/phasevar_5/0011_phA14_phB02.png,Is the magenta cube closer to the camera than the magenta sphere? Answer with yes or no.,Yes,Yes,20.703125,18.65625,True
/data/shared/Qwen/mydisk/output/SYNTHETIC/NVILA-Lite-2B-SYNTHETIC_MIX_5PCT_2M-20260226_023301/checkpoint-12500,obj2_closer,output/phasevar_5/0011_phA14_phB03.png,Is the magenta cube closer to the camera than the magenta sphere? Answer with yes or no.,Yes,Yes,23.109375,20.03125,True
/data/shared/Qwen/mydisk/output/SYNTHETIC/NVILA-Lite-2B-SYNTHETIC_MIX_5PCT_2M-20260226_023301/checkpoint-12500,obj2_closer,output/phasevar_5/0011_phA14_phB04.png,Is the magenta cube closer to the camera than the magenta sphere? Answer with yes or no.,Yes,Yes,24.265625,20.4375,True
/data/shared/Qwen/mydisk/output/SYNTHETIC/NVILA-Lite-2B-SYNTHETIC_MIX_5PCT_2M-20260226_023301/checkpoint-12500,obj2_closer,output/phasevar_5/0011_phA14_phB05.png,Is the magenta cube closer to the camera than the magenta sphere? Answer with yes or no.,Yes,Yes,24.390625,20.640625,True
/data/shared/Qwen/mydisk/output/SYNTHETIC/NVILA-Lite-2B-SYNTHETIC_MIX_5PCT_2M-20260226_023301/checkpoint-12500,obj2_closer,output/phasevar_5/0011_phA14_phB06.png,Is the magenta cube closer to the camera than the magenta sphere? Answer with yes or no.,Yes,Yes,23.328125,20.203125,True
/data/shared/Qwen/mydisk/output/SYNTHETIC/NVILA-Lite-2B-SYNTHETIC_MIX_5PCT_2M-20260226_023301/checkpoint-12500,obj2_closer,output/phasevar_5/0011_phA14_phB07.png,Is the magenta cube closer to the camera than the magenta sphere? Answer with yes or no.,Yes,Yes,22.203125,19.1875,True
/data/shared/Qwen/mydisk/output/SYNTHETIC/NVILA-Lite-2B-SYNTHETIC_MIX_5PCT_2M-20260226_023301/checkpoint-12500,obj2_closer,output/phasevar_5/0011_phA14_phB08.png,Is the magenta cube closer to the camera than the magenta sphere? Answer with yes or no.,Yes,Yes,22.171875,19.09375,True
/data/shared/Qwen/mydisk/output/SYNTHETIC/NVILA-Lite-2B-SYNTHETIC_MIX_5PCT_2M-20260226_023301/checkpoint-12500,obj2_closer,output/phasevar_5/0011_phA14_phB09.png,Is the magenta cube closer to the camera than the magenta sphere? Answer with yes or no.,Yes,Yes,22.921875,19.578125,True
/data/shared/Qwen/mydisk/output/SYNTHETIC/NVILA-Lite-2B-SYNTHETIC_MIX_5PCT_2M-20260226_023301/checkpoint-12500,obj2_closer,output/phasevar_5/0011_phA14_phB10.png,Is the magenta cube closer to the camera than the magenta sphere? Answer with yes or no.,Yes,Yes,21.5,18.890625,True
/data/shared/Qwen/mydisk/output/SYNTHETIC/NVILA-Lite-2B-SYNTHETIC_MIX_5PCT_2M-20260226_023301/checkpoint-12500,obj2_closer,output/phasevar_5/0011_phA14_phB11.png,Is the magenta cube closer to the camera than the magenta sphere? Answer with yes or no.,Yes,Yes,22.015625,18.8125,True
/data/shared/Qwen/mydisk/output/SYNTHETIC/NVILA-Lite-2B-SYNTHETIC_MIX_5PCT_2M-20260226_023301/checkpoint-12500,obj2_closer,output/phasevar_5/0011_phA14_phB12.png,Is the magenta cube closer to the camera than the magenta sphere? Answer with yes or no.,Yes,Yes,21.484375,18.328125,True
/data/shared/Qwen/mydisk/output/SYNTHETIC/NVILA-Lite-2B-SYNTHETIC_MIX_5PCT_2M-20260226_023301/checkpoint-12500,obj2_closer,output/phasevar_5/0011_phA14_phB13.png,Is the magenta cube closer to the camera than the magenta sphere? Answer with yes or no.,Yes,Yes,20.859375,18.375,True
/data/shared/Qwen/mydisk/output/SYNTHETIC/NVILA-Lite-2B-SYNTHETIC_MIX_5PCT_2M-20260226_023301/checkpoint-12500,obj2_closer,output/phasevar_5/0011_phA14_phB14.png,Is the magenta cube closer to the camera than the magenta sphere? Answer with yes or no.,Yes,Yes,20.703125,18.265625,True
/data/shared/Qwen/mydisk/output/SYNTHETIC/NVILA-Lite-2B-SYNTHETIC_MIX_5PCT_2M-20260226_023301/checkpoint-12500,obj2_closer,output/phasevar_5/0011_phA14_phB15.png,Is the magenta cube closer to the camera than the magenta sphere? Answer with yes or no.,Yes,Yes,20.25,18.390625,True
/data/shared/Qwen/mydisk/output/SYNTHETIC/NVILA-Lite-2B-SYNTHETIC_MIX_5PCT_2M-20260226_023301/checkpoint-12500,obj2_closer,output/phasevar_5/0011_phA15_phB00.png,Is the magenta cube closer to the camera than the magenta sphere? Answer with yes or no.,Yes,Yes,20.46875,18.34375,True
/data/shared/Qwen/mydisk/output/SYNTHETIC/NVILA-Lite-2B-SYNTHETIC_MIX_5PCT_2M-20260226_023301/checkpoint-12500,obj2_closer,output/phasevar_5/0011_phA15_phB01.png,Is the magenta cube closer to the camera than the magenta sphere? Answer with yes or no.,Yes,Yes,20.5,18.328125,True
/data/shared/Qwen/mydisk/output/SYNTHETIC/NVILA-Lite-2B-SYNTHETIC_MIX_5PCT_2M-20260226_023301/checkpoint-12500,obj2_closer,output/phasevar_5/0011_phA15_phB02.png,Is the magenta cube closer to the camera than the magenta sphere? Answer with yes or no.,Yes,Yes,20.796875,18.484375,True
/data/shared/Qwen/mydisk/output/SYNTHETIC/NVILA-Lite-2B-SYNTHETIC_MIX_5PCT_2M-20260226_023301/checkpoint-12500,obj2_closer,output/phasevar_5/0011_phA15_phB03.png,Is the magenta cube closer to the camera than the magenta sphere? Answer with yes or no.,Yes,Yes,23.375,19.90625,True
/data/shared/Qwen/mydisk/output/SYNTHETIC/NVILA-Lite-2B-SYNTHETIC_MIX_5PCT_2M-20260226_023301/checkpoint-12500,obj2_closer,output/phasevar_5/0011_phA15_phB04.png,Is the magenta cube closer to the camera than the magenta sphere? Answer with yes or no.,Yes,Yes,24.265625,19.953125,True
/data/shared/Qwen/mydisk/output/SYNTHETIC/NVILA-Lite-2B-SYNTHETIC_MIX_5PCT_2M-20260226_023301/checkpoint-12500,obj2_closer,output/phasevar_5/0011_phA15_phB05.png,Is the magenta cube closer to the camera than the magenta sphere? Answer with yes or no.,Yes,Yes,24.25,20.171875,True
/data/shared/Qwen/mydisk/output/SYNTHETIC/NVILA-Lite-2B-SYNTHETIC_MIX_5PCT_2M-20260226_023301/checkpoint-12500,obj2_closer,output/phasevar_5/0011_phA15_phB06.png,Is the magenta cube closer to the camera than the magenta sphere? Answer with yes or no.,Yes,Yes,23.078125,19.671875,True
/data/shared/Qwen/mydisk/output/SYNTHETIC/NVILA-Lite-2B-SYNTHETIC_MIX_5PCT_2M-20260226_023301/checkpoint-12500,obj2_closer,output/phasevar_5/0011_phA15_phB07.png,Is the magenta cube closer to the camera than the magenta sphere? Answer with yes or no.,Yes,Yes,22.078125,18.6875,True
/data/shared/Qwen/mydisk/output/SYNTHETIC/NVILA-Lite-2B-SYNTHETIC_MIX_5PCT_2M-20260226_023301/checkpoint-12500,obj2_closer,output/phasevar_5/0011_phA15_phB08.png,Is the magenta cube closer to the camera than the magenta sphere? Answer with yes or no.,Yes,Yes,22.359375,18.84375,True
/data/shared/Qwen/mydisk/output/SYNTHETIC/NVILA-Lite-2B-SYNTHETIC_MIX_5PCT_2M-20260226_023301/checkpoint-12500,obj2_closer,output/phasevar_5/0011_phA15_phB09.png,Is the magenta cube closer to the camera than the magenta sphere? Answer with yes or no.,Yes,Yes,23.109375,19.203125,True
/data/shared/Qwen/mydisk/output/SYNTHETIC/NVILA-Lite-2B-SYNTHETIC_MIX_5PCT_2M-20260226_023301/checkpoint-12500,obj2_closer,output/phasevar_5/0011_phA15_phB10.png,Is the magenta cube closer to the camera than the magenta sphere? Answer with yes or no.,Yes,Yes,21.828125,18.6875,True
/data/shared/Qwen/mydisk/output/SYNTHETIC/NVILA-Lite-2B-SYNTHETIC_MIX_5PCT_2M-20260226_023301/checkpoint-12500,obj2_closer,output/phasevar_5/0011_phA15_phB11.png,Is the magenta cube closer to the camera than the magenta sphere? Answer with yes or no.,Yes,Yes,22.375,18.53125,True
/data/shared/Qwen/mydisk/output/SYNTHETIC/NVILA-Lite-2B-SYNTHETIC_MIX_5PCT_2M-20260226_023301/checkpoint-12500,obj2_closer,output/phasevar_5/0011_phA15_phB12.png,Is the magenta cube closer to the camera than the magenta sphere? Answer with yes or no.,Yes,Yes,22.015625,18.328125,True
/data/shared/Qwen/mydisk/output/SYNTHETIC/NVILA-Lite-2B-SYNTHETIC_MIX_5PCT_2M-20260226_023301/checkpoint-12500,obj2_closer,output/phasevar_5/0011_phA15_phB13.png,Is the magenta cube closer to the camera than the magenta sphere? Answer with yes or no.,Yes,Yes,21.75,18.296875,True
/data/shared/Qwen/mydisk/output/SYNTHETIC/NVILA-Lite-2B-SYNTHETIC_MIX_5PCT_2M-20260226_023301/checkpoint-12500,obj2_closer,output/phasevar_5/0011_phA15_phB14.png,Is the magenta cube closer to the camera than the magenta sphere? Answer with yes or no.,Yes,Yes,21.09375,18.140625,True
/data/shared/Qwen/mydisk/output/SYNTHETIC/NVILA-Lite-2B-SYNTHETIC_MIX_5PCT_2M-20260226_023301/checkpoint-12500,obj2_closer,output/phasevar_5/0011_phA15_phB15.png,Is the magenta cube closer to the camera than the magenta sphere? Answer with yes or no.,Yes,Yes,20.4375,18.171875,True
