model_path,variant,image,question,ground_truth,prediction,Yes_logit,No_logit,correct
/data/shared/Qwen/mydisk/output/SYNTHETIC/NVILA-Lite-2B-SYNTHETIC_MIX_10PCT_80K-20260224_234537,obj1_closer,output/phasevar_5/0000_phA00_phB00.png,Is the cyan cube closer to the camera than the green sphere? Answer with yes or no.,No,No,25.75,26.9375,True
/data/shared/Qwen/mydisk/output/SYNTHETIC/NVILA-Lite-2B-SYNTHETIC_MIX_10PCT_80K-20260224_234537,obj1_closer,output/phasevar_5/0000_phA00_phB01.png,Is the cyan cube closer to the camera than the green sphere? Answer with yes or no.,No,No,26.71875,27.703125,True
/data/shared/Qwen/mydisk/output/SYNTHETIC/NVILA-Lite-2B-SYNTHETIC_MIX_10PCT_80K-20260224_234537,obj1_closer,output/phasevar_5/0000_phA00_phB02.png,Is the cyan cube closer to the camera than the green sphere? Answer with yes or no.,No,No,27.046875,27.328125,True
/data/shared/Qwen/mydisk/output/SYNTHETIC/NVILA-Lite-2B-SYNTHETIC_MIX_10PCT_80K-20260224_234537,obj1_closer,output/phasevar_5/0000_phA00_phB03.png,Is the cyan cube closer to the camera than the green sphere? Answer with yes or no.,No,No,26.671875,26.703125,True
/data/shared/Qwen/mydisk/output/SYNTHETIC/NVILA-Lite-2B-SYNTHETIC_MIX_10PCT_80K-20260224_234537,obj1_closer,output/phasevar_5/0000_phA00_phB04.png,Is the cyan cube closer to the camera than the green sphere? Answer with yes or no.,No,Yes,26.296875,26.203125,False
/data/shared/Qwen/mydisk/output/SYNTHETIC/NVILA-Lite-2B-SYNTHETIC_MIX_10PCT_80K-20260224_234537,obj1_closer,output/phasevar_5/0000_phA00_phB05.png,Is the cyan cube closer to the camera than the green sphere? Answer with yes or no.,No,No,25.5625,25.9375,True
/data/shared/Qwen/mydisk/output/SYNTHETIC/NVILA-Lite-2B-SYNTHETIC_MIX_10PCT_80K-20260224_234537,obj1_closer,output/phasevar_5/0000_phA00_phB06.png,Is the cyan cube closer to the camera than the green sphere? Answer with yes or no.,No,No,26.0625,27.171875,True
/data/shared/Qwen/mydisk/output/SYNTHETIC/NVILA-Lite-2B-SYNTHETIC_MIX_10PCT_80K-20260224_234537,obj1_closer,output/phasevar_5/0000_phA00_phB07.png,Is the cyan cube closer to the camera than the green sphere? Answer with yes or no.,No,No,25.4375,26.3125,True
/data/shared/Qwen/mydisk/output/SYNTHETIC/NVILA-Lite-2B-SYNTHETIC_MIX_10PCT_80K-20260224_234537,obj1_closer,output/phasevar_5/0000_phA00_phB08.png,Is the cyan cube closer to the camera than the green sphere? Answer with yes or no.,No,No,24.8125,25.734375,True
/data/shared/Qwen/mydisk/output/SYNTHETIC/NVILA-Lite-2B-SYNTHETIC_MIX_10PCT_80K-20260224_234537,obj1_closer,output/phasevar_5/0000_phA00_phB09.png,Is the cyan cube closer to the camera than the green sphere? Answer with yes or no.,No,No,24.8125,25.546875,True
/data/shared/Qwen/mydisk/output/SYNTHETIC/NVILA-Lite-2B-SYNTHETIC_MIX_10PCT_80K-20260224_234537,obj1_closer,output/phasevar_5/0000_phA00_phB10.png,Is the cyan cube closer to the camera than the green sphere? Answer with yes or no.,No,No,25.3125,25.921875,True
/data/shared/Qwen/mydisk/output/SYNTHETIC/NVILA-Lite-2B-SYNTHETIC_MIX_10PCT_80K-20260224_234537,obj1_closer,output/phasevar_5/0000_phA00_phB11.png,Is the cyan cube closer to the camera than the green sphere? Answer with yes or no.,No,No,25.125,25.40625,True
/data/shared/Qwen/mydisk/output/SYNTHETIC/NVILA-Lite-2B-SYNTHETIC_MIX_10PCT_80K-20260224_234537,obj1_closer,output/phasevar_5/0000_phA00_phB12.png,Is the cyan cube closer to the camera than the green sphere? Answer with yes or no.,No,Yes,25.09375,25.0625,False
/data/shared/Qwen/mydisk/output/SYNTHETIC/NVILA-Lite-2B-SYNTHETIC_MIX_10PCT_80K-20260224_234537,obj1_closer,output/phasevar_5/0000_phA00_phB13.png,Is the cyan cube closer to the camera than the green sphere? Answer with yes or no.,No,No,24.78125,25.265625,True
/data/shared/Qwen/mydisk/output/SYNTHETIC/NVILA-Lite-2B-SYNTHETIC_MIX_10PCT_80K-20260224_234537,obj1_closer,output/phasevar_5/0000_phA00_phB14.png,Is the cyan cube closer to the camera than the green sphere? Answer with yes or no.,No,No,24.96875,25.953125,True
/data/shared/Qwen/mydisk/output/SYNTHETIC/NVILA-Lite-2B-SYNTHETIC_MIX_10PCT_80K-20260224_234537,obj1_closer,output/phasevar_5/0000_phA00_phB15.png,Is the cyan cube closer to the camera than the green sphere? Answer with yes or no.,No,No,25.203125,26.390625,True
/data/shared/Qwen/mydisk/output/SYNTHETIC/NVILA-Lite-2B-SYNTHETIC_MIX_10PCT_80K-20260224_234537,obj1_closer,output/phasevar_5/0000_phA01_phB00.png,Is the cyan cube closer to the camera than the green sphere? Answer with yes or no.,No,No,25.796875,26.953125,True
/data/shared/Qwen/mydisk/output/SYNTHETIC/NVILA-Lite-2B-SYNTHETIC_MIX_10PCT_80K-20260224_234537,obj1_closer,output/phasevar_5/0000_phA01_phB01.png,Is the cyan cube closer to the camera than the green sphere? Answer with yes or no.,No,No,26.234375,27.109375,True
/data/shared/Qwen/mydisk/output/SYNTHETIC/NVILA-Lite-2B-SYNTHETIC_MIX_10PCT_80K-20260224_234537,obj1_closer,output/phasevar_5/0000_phA01_phB02.png,Is the cyan cube closer to the camera than the green sphere? Answer with yes or no.,No,No,26.796875,26.8125,True
/data/shared/Qwen/mydisk/output/SYNTHETIC/NVILA-Lite-2B-SYNTHETIC_MIX_10PCT_80K-20260224_234537,obj1_closer,output/phasevar_5/0000_phA01_phB03.png,Is the cyan cube closer to the camera than the green sphere? Answer with yes or no.,No,No,26.203125,26.296875,True
/data/shared/Qwen/mydisk/output/SYNTHETIC/NVILA-Lite-2B-SYNTHETIC_MIX_10PCT_80K-20260224_234537,obj1_closer,output/phasevar_5/0000_phA01_phB04.png,Is the cyan cube closer to the camera than the green sphere? Answer with yes or no.,No,No,25.78125,25.890625,True
/data/shared/Qwen/mydisk/output/SYNTHETIC/NVILA-Lite-2B-SYNTHETIC_MIX_10PCT_80K-20260224_234537,obj1_closer,output/phasevar_5/0000_phA01_phB05.png,Is the cyan cube closer to the camera than the green sphere? Answer with yes or no.,No,No,25.140625,25.703125,True
/data/shared/Qwen/mydisk/output/SYNTHETIC/NVILA-Lite-2B-SYNTHETIC_MIX_10PCT_80K-20260224_234537,obj1_closer,output/phasevar_5/0000_phA01_phB06.png,Is the cyan cube closer to the camera than the green sphere? Answer with yes or no.,No,No,25.765625,26.765625,True
/data/shared/Qwen/mydisk/output/SYNTHETIC/NVILA-Lite-2B-SYNTHETIC_MIX_10PCT_80K-20260224_234537,obj1_closer,output/phasevar_5/0000_phA01_phB07.png,Is the cyan cube closer to the camera than the green sphere? Answer with yes or no.,No,No,25.15625,26.109375,True
/data/shared/Qwen/mydisk/output/SYNTHETIC/NVILA-Lite-2B-SYNTHETIC_MIX_10PCT_80K-20260224_234537,obj1_closer,output/phasevar_5/0000_phA01_phB08.png,Is the cyan cube closer to the camera than the green sphere? Answer with yes or no.,No,No,24.671875,25.515625,True
/data/shared/Qwen/mydisk/output/SYNTHETIC/NVILA-Lite-2B-SYNTHETIC_MIX_10PCT_80K-20260224_234537,obj1_closer,output/phasevar_5/0000_phA01_phB09.png,Is the cyan cube closer to the camera than the green sphere? Answer with yes or no.,No,No,24.828125,25.53125,True
/data/shared/Qwen/mydisk/output/SYNTHETIC/NVILA-Lite-2B-SYNTHETIC_MIX_10PCT_80K-20260224_234537,obj1_closer,output/phasevar_5/0000_phA01_phB10.png,Is the cyan cube closer to the camera than the green sphere? Answer with yes or no.,No,No,25.140625,25.6875,True
/data/shared/Qwen/mydisk/output/SYNTHETIC/NVILA-Lite-2B-SYNTHETIC_MIX_10PCT_80K-20260224_234537,obj1_closer,output/phasevar_5/0000_phA01_phB11.png,Is the cyan cube closer to the camera than the green sphere? Answer with yes or no.,No,No,25.0,25.28125,True
/data/shared/Qwen/mydisk/output/SYNTHETIC/NVILA-Lite-2B-SYNTHETIC_MIX_10PCT_80K-20260224_234537,obj1_closer,output/phasevar_5/0000_phA01_phB12.png,Is the cyan cube closer to the camera than the green sphere? Answer with yes or no.,No,No,24.875,24.9375,True
/data/shared/Qwen/mydisk/output/SYNTHETIC/NVILA-Lite-2B-SYNTHETIC_MIX_10PCT_80K-20260224_234537,obj1_closer,output/phasevar_5/0000_phA01_phB13.png,Is the cyan cube closer to the camera than the green sphere? Answer with yes or no.,No,No,24.5,24.953125,True
/data/shared/Qwen/mydisk/output/SYNTHETIC/NVILA-Lite-2B-SYNTHETIC_MIX_10PCT_80K-20260224_234537,obj1_closer,output/phasevar_5/0000_phA01_phB14.png,Is the cyan cube closer to the camera than the green sphere? Answer with yes or no.,No,No,24.859375,25.8125,True
/data/shared/Qwen/mydisk/output/SYNTHETIC/NVILA-Lite-2B-SYNTHETIC_MIX_10PCT_80K-20260224_234537,obj1_closer,output/phasevar_5/0000_phA01_phB15.png,Is the cyan cube closer to the camera than the green sphere? Answer with yes or no.,No,No,25.21875,26.4375,True
/data/shared/Qwen/mydisk/output/SYNTHETIC/NVILA-Lite-2B-SYNTHETIC_MIX_10PCT_80K-20260224_234537,obj1_closer,output/phasevar_5/0000_phA02_phB00.png,Is the cyan cube closer to the camera than the green sphere? Answer with yes or no.,No,No,24.828125,25.828125,True
/data/shared/Qwen/mydisk/output/SYNTHETIC/NVILA-Lite-2B-SYNTHETIC_MIX_10PCT_80K-20260224_234537,obj1_closer,output/phasevar_5/0000_phA02_phB01.png,Is the cyan cube closer to the camera than the green sphere? Answer with yes or no.,No,No,25.6875,26.84375,True
/data/shared/Qwen/mydisk/output/SYNTHETIC/NVILA-Lite-2B-SYNTHETIC_MIX_10PCT_80K-20260224_234537,obj1_closer,output/phasevar_5/0000_phA02_phB02.png,Is the cyan cube closer to the camera than the green sphere? Answer with yes or no.,No,No,26.234375,26.484375,True
/data/shared/Qwen/mydisk/output/SYNTHETIC/NVILA-Lite-2B-SYNTHETIC_MIX_10PCT_80K-20260224_234537,obj1_closer,output/phasevar_5/0000_phA02_phB03.png,Is the cyan cube closer to the camera than the green sphere? Answer with yes or no.,No,No,25.671875,26.421875,True
/data/shared/Qwen/mydisk/output/SYNTHETIC/NVILA-Lite-2B-SYNTHETIC_MIX_10PCT_80K-20260224_234537,obj1_closer,output/phasevar_5/0000_phA02_phB04.png,Is the cyan cube closer to the camera than the green sphere? Answer with yes or no.,No,No,25.234375,25.96875,True
/data/shared/Qwen/mydisk/output/SYNTHETIC/NVILA-Lite-2B-SYNTHETIC_MIX_10PCT_80K-20260224_234537,obj1_closer,output/phasevar_5/0000_phA02_phB05.png,Is the cyan cube closer to the camera than the green sphere? Answer with yes or no.,No,No,24.453125,25.203125,True
/data/shared/Qwen/mydisk/output/SYNTHETIC/NVILA-Lite-2B-SYNTHETIC_MIX_10PCT_80K-20260224_234537,obj1_closer,output/phasevar_5/0000_phA02_phB06.png,Is the cyan cube closer to the camera than the green sphere? Answer with yes or no.,No,No,25.46875,26.671875,True
/data/shared/Qwen/mydisk/output/SYNTHETIC/NVILA-Lite-2B-SYNTHETIC_MIX_10PCT_80K-20260224_234537,obj1_closer,output/phasevar_5/0000_phA02_phB07.png,Is the cyan cube closer to the camera than the green sphere? Answer with yes or no.,No,No,25.015625,25.984375,True
/data/shared/Qwen/mydisk/output/SYNTHETIC/NVILA-Lite-2B-SYNTHETIC_MIX_10PCT_80K-20260224_234537,obj1_closer,output/phasevar_5/0000_phA02_phB08.png,Is the cyan cube closer to the camera than the green sphere? Answer with yes or no.,No,No,25.078125,25.640625,True
/data/shared/Qwen/mydisk/output/SYNTHETIC/NVILA-Lite-2B-SYNTHETIC_MIX_10PCT_80K-20260224_234537,obj1_closer,output/phasevar_5/0000_phA02_phB09.png,Is the cyan cube closer to the camera than the green sphere? Answer with yes or no.,No,No,25.390625,25.53125,True
/data/shared/Qwen/mydisk/output/SYNTHETIC/NVILA-Lite-2B-SYNTHETIC_MIX_10PCT_80K-20260224_234537,obj1_closer,output/phasevar_5/0000_phA02_phB10.png,Is the cyan cube closer to the camera than the green sphere? Answer with yes or no.,No,No,25.4375,25.8125,True
/data/shared/Qwen/mydisk/output/SYNTHETIC/NVILA-Lite-2B-SYNTHETIC_MIX_10PCT_80K-20260224_234537,obj1_closer,output/phasevar_5/0000_phA02_phB11.png,Is the cyan cube closer to the camera than the green sphere? Answer with yes or no.,No,No,25.421875,25.578125,True
/data/shared/Qwen/mydisk/output/SYNTHETIC/NVILA-Lite-2B-SYNTHETIC_MIX_10PCT_80K-20260224_234537,obj1_closer,output/phasevar_5/0000_phA02_phB12.png,Is the cyan cube closer to the camera than the green sphere? Answer with yes or no.,No,Yes,25.390625,25.3125,False
/data/shared/Qwen/mydisk/output/SYNTHETIC/NVILA-Lite-2B-SYNTHETIC_MIX_10PCT_80K-20260224_234537,obj1_closer,output/phasevar_5/0000_phA02_phB13.png,Is the cyan cube closer to the camera than the green sphere? Answer with yes or no.,No,No,24.859375,25.3125,True
/data/shared/Qwen/mydisk/output/SYNTHETIC/NVILA-Lite-2B-SYNTHETIC_MIX_10PCT_80K-20260224_234537,obj1_closer,output/phasevar_5/0000_phA02_phB14.png,Is the cyan cube closer to the camera than the green sphere? Answer with yes or no.,No,No,24.671875,25.75,True
/data/shared/Qwen/mydisk/output/SYNTHETIC/NVILA-Lite-2B-SYNTHETIC_MIX_10PCT_80K-20260224_234537,obj1_closer,output/phasevar_5/0000_phA02_phB15.png,Is the cyan cube closer to the camera than the green sphere? Answer with yes or no.,No,No,24.484375,25.703125,True
/data/shared/Qwen/mydisk/output/SYNTHETIC/NVILA-Lite-2B-SYNTHETIC_MIX_10PCT_80K-20260224_234537,obj1_closer,output/phasevar_5/0000_phA03_phB00.png,Is the cyan cube closer to the camera than the green sphere? Answer with yes or no.,No,No,25.296875,26.09375,True
/data/shared/Qwen/mydisk/output/SYNTHETIC/NVILA-Lite-2B-SYNTHETIC_MIX_10PCT_80K-20260224_234537,obj1_closer,output/phasevar_5/0000_phA03_phB01.png,Is the cyan cube closer to the camera than the green sphere? Answer with yes or no.,No,No,25.890625,26.984375,True
/data/shared/Qwen/mydisk/output/SYNTHETIC/NVILA-Lite-2B-SYNTHETIC_MIX_10PCT_80K-20260224_234537,obj1_closer,output/phasevar_5/0000_phA03_phB02.png,Is the cyan cube closer to the camera than the green sphere? Answer with yes or no.,No,No,26.5,26.90625,True
/data/shared/Qwen/mydisk/output/SYNTHETIC/NVILA-Lite-2B-SYNTHETIC_MIX_10PCT_80K-20260224_234537,obj1_closer,output/phasevar_5/0000_phA03_phB03.png,Is the cyan cube closer to the camera than the green sphere? Answer with yes or no.,No,No,25.90625,26.25,True
/data/shared/Qwen/mydisk/output/SYNTHETIC/NVILA-Lite-2B-SYNTHETIC_MIX_10PCT_80K-20260224_234537,obj1_closer,output/phasevar_5/0000_phA03_phB04.png,Is the cyan cube closer to the camera than the green sphere? Answer with yes or no.,No,No,25.21875,25.765625,True
/data/shared/Qwen/mydisk/output/SYNTHETIC/NVILA-Lite-2B-SYNTHETIC_MIX_10PCT_80K-20260224_234537,obj1_closer,output/phasevar_5/0000_phA03_phB05.png,Is the cyan cube closer to the camera than the green sphere? Answer with yes or no.,No,No,24.359375,25.046875,True
/data/shared/Qwen/mydisk/output/SYNTHETIC/NVILA-Lite-2B-SYNTHETIC_MIX_10PCT_80K-20260224_234537,obj1_closer,output/phasevar_5/0000_phA03_phB06.png,Is the cyan cube closer to the camera than the green sphere? Answer with yes or no.,No,No,25.484375,26.546875,True
/data/shared/Qwen/mydisk/output/SYNTHETIC/NVILA-Lite-2B-SYNTHETIC_MIX_10PCT_80K-20260224_234537,obj1_closer,output/phasevar_5/0000_phA03_phB07.png,Is the cyan cube closer to the camera than the green sphere? Answer with yes or no.,No,No,24.84375,25.890625,True
/data/shared/Qwen/mydisk/output/SYNTHETIC/NVILA-Lite-2B-SYNTHETIC_MIX_10PCT_80K-20260224_234537,obj1_closer,output/phasevar_5/0000_phA03_phB08.png,Is the cyan cube closer to the camera than the green sphere? Answer with yes or no.,No,No,24.515625,25.171875,True
/data/shared/Qwen/mydisk/output/SYNTHETIC/NVILA-Lite-2B-SYNTHETIC_MIX_10PCT_80K-20260224_234537,obj1_closer,output/phasevar_5/0000_phA03_phB09.png,Is the cyan cube closer to the camera than the green sphere? Answer with yes or no.,No,No,24.453125,24.96875,True
/data/shared/Qwen/mydisk/output/SYNTHETIC/NVILA-Lite-2B-SYNTHETIC_MIX_10PCT_80K-20260224_234537,obj1_closer,output/phasevar_5/0000_phA03_phB10.png,Is the cyan cube closer to the camera than the green sphere? Answer with yes or no.,No,No,24.734375,25.296875,True
/data/shared/Qwen/mydisk/output/SYNTHETIC/NVILA-Lite-2B-SYNTHETIC_MIX_10PCT_80K-20260224_234537,obj1_closer,output/phasevar_5/0000_phA03_phB11.png,Is the cyan cube closer to the camera than the green sphere? Answer with yes or no.,No,No,24.53125,24.796875,True
/data/shared/Qwen/mydisk/output/SYNTHETIC/NVILA-Lite-2B-SYNTHETIC_MIX_10PCT_80K-20260224_234537,obj1_closer,output/phasevar_5/0000_phA03_phB12.png,Is the cyan cube closer to the camera than the green sphere? Answer with yes or no.,No,No,24.5625,24.65625,True
/data/shared/Qwen/mydisk/output/SYNTHETIC/NVILA-Lite-2B-SYNTHETIC_MIX_10PCT_80K-20260224_234537,obj1_closer,output/phasevar_5/0000_phA03_phB13.png,Is the cyan cube closer to the camera than the green sphere? Answer with yes or no.,No,No,24.25,24.828125,True
/data/shared/Qwen/mydisk/output/SYNTHETIC/NVILA-Lite-2B-SYNTHETIC_MIX_10PCT_80K-20260224_234537,obj1_closer,output/phasevar_5/0000_phA03_phB14.png,Is the cyan cube closer to the camera than the green sphere? Answer with yes or no.,No,No,24.6875,25.328125,True
/data/shared/Qwen/mydisk/output/SYNTHETIC/NVILA-Lite-2B-SYNTHETIC_MIX_10PCT_80K-20260224_234537,obj1_closer,output/phasevar_5/0000_phA03_phB15.png,Is the cyan cube closer to the camera than the green sphere? Answer with yes or no.,No,No,24.65625,25.484375,True
/data/shared/Qwen/mydisk/output/SYNTHETIC/NVILA-Lite-2B-SYNTHETIC_MIX_10PCT_80K-20260224_234537,obj1_closer,output/phasevar_5/0000_phA04_phB00.png,Is the cyan cube closer to the camera than the green sphere? Answer with yes or no.,No,No,25.328125,26.515625,True
/data/shared/Qwen/mydisk/output/SYNTHETIC/NVILA-Lite-2B-SYNTHETIC_MIX_10PCT_80K-20260224_234537,obj1_closer,output/phasevar_5/0000_phA04_phB01.png,Is the cyan cube closer to the camera than the green sphere? Answer with yes or no.,No,No,26.109375,27.515625,True
/data/shared/Qwen/mydisk/output/SYNTHETIC/NVILA-Lite-2B-SYNTHETIC_MIX_10PCT_80K-20260224_234537,obj1_closer,output/phasevar_5/0000_phA04_phB02.png,Is the cyan cube closer to the camera than the green sphere? Answer with yes or no.,No,No,26.65625,27.140625,True
/data/shared/Qwen/mydisk/output/SYNTHETIC/NVILA-Lite-2B-SYNTHETIC_MIX_10PCT_80K-20260224_234537,obj1_closer,output/phasevar_5/0000_phA04_phB03.png,Is the cyan cube closer to the camera than the green sphere? Answer with yes or no.,No,No,26.25,26.671875,True
/data/shared/Qwen/mydisk/output/SYNTHETIC/NVILA-Lite-2B-SYNTHETIC_MIX_10PCT_80K-20260224_234537,obj1_closer,output/phasevar_5/0000_phA04_phB04.png,Is the cyan cube closer to the camera than the green sphere? Answer with yes or no.,No,No,25.75,26.453125,True
/data/shared/Qwen/mydisk/output/SYNTHETIC/NVILA-Lite-2B-SYNTHETIC_MIX_10PCT_80K-20260224_234537,obj1_closer,output/phasevar_5/0000_phA04_phB05.png,Is the cyan cube closer to the camera than the green sphere? Answer with yes or no.,No,No,24.859375,25.765625,True
/data/shared/Qwen/mydisk/output/SYNTHETIC/NVILA-Lite-2B-SYNTHETIC_MIX_10PCT_80K-20260224_234537,obj1_closer,output/phasevar_5/0000_phA04_phB06.png,Is the cyan cube closer to the camera than the green sphere? Answer with yes or no.,No,No,25.546875,26.921875,True
/data/shared/Qwen/mydisk/output/SYNTHETIC/NVILA-Lite-2B-SYNTHETIC_MIX_10PCT_80K-20260224_234537,obj1_closer,output/phasevar_5/0000_phA04_phB07.png,Is the cyan cube closer to the camera than the green sphere? Answer with yes or no.,No,No,24.96875,26.5,True
/data/shared/Qwen/mydisk/output/SYNTHETIC/NVILA-Lite-2B-SYNTHETIC_MIX_10PCT_80K-20260224_234537,obj1_closer,output/phasevar_5/0000_phA04_phB08.png,Is the cyan cube closer to the camera than the green sphere? Answer with yes or no.,No,No,24.578125,25.765625,True
/data/shared/Qwen/mydisk/output/SYNTHETIC/NVILA-Lite-2B-SYNTHETIC_MIX_10PCT_80K-20260224_234537,obj1_closer,output/phasevar_5/0000_phA04_phB09.png,Is the cyan cube closer to the camera than the green sphere? Answer with yes or no.,No,No,24.3125,25.21875,True
/data/shared/Qwen/mydisk/output/SYNTHETIC/NVILA-Lite-2B-SYNTHETIC_MIX_10PCT_80K-20260224_234537,obj1_closer,output/phasevar_5/0000_phA04_phB10.png,Is the cyan cube closer to the camera than the green sphere? Answer with yes or no.,No,No,24.21875,25.21875,True
/data/shared/Qwen/mydisk/output/SYNTHETIC/NVILA-Lite-2B-SYNTHETIC_MIX_10PCT_80K-20260224_234537,obj1_closer,output/phasevar_5/0000_phA04_phB11.png,Is the cyan cube closer to the camera than the green sphere? Answer with yes or no.,No,No,24.15625,24.953125,True
/data/shared/Qwen/mydisk/output/SYNTHETIC/NVILA-Lite-2B-SYNTHETIC_MIX_10PCT_80K-20260224_234537,obj1_closer,output/phasevar_5/0000_phA04_phB12.png,Is the cyan cube closer to the camera than the green sphere? Answer with yes or no.,No,No,24.328125,24.796875,True
/data/shared/Qwen/mydisk/output/SYNTHETIC/NVILA-Lite-2B-SYNTHETIC_MIX_10PCT_80K-20260224_234537,obj1_closer,output/phasevar_5/0000_phA04_phB13.png,Is the cyan cube closer to the camera than the green sphere? Answer with yes or no.,No,No,23.96875,24.875,True
/data/shared/Qwen/mydisk/output/SYNTHETIC/NVILA-Lite-2B-SYNTHETIC_MIX_10PCT_80K-20260224_234537,obj1_closer,output/phasevar_5/0000_phA04_phB14.png,Is the cyan cube closer to the camera than the green sphere? Answer with yes or no.,No,No,24.5,25.546875,True
/data/shared/Qwen/mydisk/output/SYNTHETIC/NVILA-Lite-2B-SYNTHETIC_MIX_10PCT_80K-20260224_234537,obj1_closer,output/phasevar_5/0000_phA04_phB15.png,Is the cyan cube closer to the camera than the green sphere? Answer with yes or no.,No,No,24.671875,25.8125,True
/data/shared/Qwen/mydisk/output/SYNTHETIC/NVILA-Lite-2B-SYNTHETIC_MIX_10PCT_80K-20260224_234537,obj1_closer,output/phasevar_5/0000_phA05_phB00.png,Is the cyan cube closer to the camera than the green sphere? Answer with yes or no.,No,No,25.78125,26.90625,True
/data/shared/Qwen/mydisk/output/SYNTHETIC/NVILA-Lite-2B-SYNTHETIC_MIX_10PCT_80K-20260224_234537,obj1_closer,output/phasevar_5/0000_phA05_phB01.png,Is the cyan cube closer to the camera than the green sphere? Answer with yes or no.,No,No,26.453125,27.828125,True
/data/shared/Qwen/mydisk/output/SYNTHETIC/NVILA-Lite-2B-SYNTHETIC_MIX_10PCT_80K-20260224_234537,obj1_closer,output/phasevar_5/0000_phA05_phB02.png,Is the cyan cube closer to the camera than the green sphere? Answer with yes or no.,No,No,26.953125,27.3125,True
/data/shared/Qwen/mydisk/output/SYNTHETIC/NVILA-Lite-2B-SYNTHETIC_MIX_10PCT_80K-20260224_234537,obj1_closer,output/phasevar_5/0000_phA05_phB03.png,Is the cyan cube closer to the camera than the green sphere? Answer with yes or no.,No,No,26.484375,26.8125,True
/data/shared/Qwen/mydisk/output/SYNTHETIC/NVILA-Lite-2B-SYNTHETIC_MIX_10PCT_80K-20260224_234537,obj1_closer,output/phasevar_5/0000_phA05_phB04.png,Is the cyan cube closer to the camera than the green sphere? Answer with yes or no.,No,No,25.828125,26.359375,True
/data/shared/Qwen/mydisk/output/SYNTHETIC/NVILA-Lite-2B-SYNTHETIC_MIX_10PCT_80K-20260224_234537,obj1_closer,output/phasevar_5/0000_phA05_phB05.png,Is the cyan cube closer to the camera than the green sphere? Answer with yes or no.,No,No,25.1875,26.203125,True
/data/shared/Qwen/mydisk/output/SYNTHETIC/NVILA-Lite-2B-SYNTHETIC_MIX_10PCT_80K-20260224_234537,obj1_closer,output/phasevar_5/0000_phA05_phB06.png,Is the cyan cube closer to the camera than the green sphere? Answer with yes or no.,No,No,25.609375,27.015625,True
/data/shared/Qwen/mydisk/output/SYNTHETIC/NVILA-Lite-2B-SYNTHETIC_MIX_10PCT_80K-20260224_234537,obj1_closer,output/phasevar_5/0000_phA05_phB07.png,Is the cyan cube closer to the camera than the green sphere? Answer with yes or no.,No,No,25.0625,26.78125,True
/data/shared/Qwen/mydisk/output/SYNTHETIC/NVILA-Lite-2B-SYNTHETIC_MIX_10PCT_80K-20260224_234537,obj1_closer,output/phasevar_5/0000_phA05_phB08.png,Is the cyan cube closer to the camera than the green sphere? Answer with yes or no.,No,No,24.671875,26.015625,True
/data/shared/Qwen/mydisk/output/SYNTHETIC/NVILA-Lite-2B-SYNTHETIC_MIX_10PCT_80K-20260224_234537,obj1_closer,output/phasevar_5/0000_phA05_phB09.png,Is the cyan cube closer to the camera than the green sphere? Answer with yes or no.,No,No,24.1875,25.296875,True
/data/shared/Qwen/mydisk/output/SYNTHETIC/NVILA-Lite-2B-SYNTHETIC_MIX_10PCT_80K-20260224_234537,obj1_closer,output/phasevar_5/0000_phA05_phB10.png,Is the cyan cube closer to the camera than the green sphere? Answer with yes or no.,No,No,24.296875,25.328125,True
/data/shared/Qwen/mydisk/output/SYNTHETIC/NVILA-Lite-2B-SYNTHETIC_MIX_10PCT_80K-20260224_234537,obj1_closer,output/phasevar_5/0000_phA05_phB11.png,Is the cyan cube closer to the camera than the green sphere? Answer with yes or no.,No,No,24.328125,25.09375,True
/data/shared/Qwen/mydisk/output/SYNTHETIC/NVILA-Lite-2B-SYNTHETIC_MIX_10PCT_80K-20260224_234537,obj1_closer,output/phasevar_5/0000_phA05_phB12.png,Is the cyan cube closer to the camera than the green sphere? Answer with yes or no.,No,No,24.515625,24.90625,True
/data/shared/Qwen/mydisk/output/SYNTHETIC/NVILA-Lite-2B-SYNTHETIC_MIX_10PCT_80K-20260224_234537,obj1_closer,output/phasevar_5/0000_phA05_phB13.png,Is the cyan cube closer to the camera than the green sphere? Answer with yes or no.,No,No,24.4375,25.1875,True
/data/shared/Qwen/mydisk/output/SYNTHETIC/NVILA-Lite-2B-SYNTHETIC_MIX_10PCT_80K-20260224_234537,obj1_closer,output/phasevar_5/0000_phA05_phB14.png,Is the cyan cube closer to the camera than the green sphere? Answer with yes or no.,No,No,24.75,25.671875,True
/data/shared/Qwen/mydisk/output/SYNTHETIC/NVILA-Lite-2B-SYNTHETIC_MIX_10PCT_80K-20260224_234537,obj1_closer,output/phasevar_5/0000_phA05_phB15.png,Is the cyan cube closer to the camera than the green sphere? Answer with yes or no.,No,No,25.078125,26.0625,True
/data/shared/Qwen/mydisk/output/SYNTHETIC/NVILA-Lite-2B-SYNTHETIC_MIX_10PCT_80K-20260224_234537,obj1_closer,output/phasevar_5/0000_phA06_phB00.png,Is the cyan cube closer to the camera than the green sphere? Answer with yes or no.,No,No,25.9375,26.421875,True
/data/shared/Qwen/mydisk/output/SYNTHETIC/NVILA-Lite-2B-SYNTHETIC_MIX_10PCT_80K-20260224_234537,obj1_closer,output/phasevar_5/0000_phA06_phB01.png,Is the cyan cube closer to the camera than the green sphere? Answer with yes or no.,No,No,26.734375,27.46875,True
/data/shared/Qwen/mydisk/output/SYNTHETIC/NVILA-Lite-2B-SYNTHETIC_MIX_10PCT_80K-20260224_234537,obj1_closer,output/phasevar_5/0000_phA06_phB02.png,Is the cyan cube closer to the camera than the green sphere? Answer with yes or no.,No,No,27.140625,27.203125,True
/data/shared/Qwen/mydisk/output/SYNTHETIC/NVILA-Lite-2B-SYNTHETIC_MIX_10PCT_80K-20260224_234537,obj1_closer,output/phasevar_5/0000_phA06_phB03.png,Is the cyan cube closer to the camera than the green sphere? Answer with yes or no.,No,No,26.71875,26.765625,True
/data/shared/Qwen/mydisk/output/SYNTHETIC/NVILA-Lite-2B-SYNTHETIC_MIX_10PCT_80K-20260224_234537,obj1_closer,output/phasevar_5/0000_phA06_phB04.png,Is the cyan cube closer to the camera than the green sphere? Answer with yes or no.,No,No,26.21875,26.328125,True
/data/shared/Qwen/mydisk/output/SYNTHETIC/NVILA-Lite-2B-SYNTHETIC_MIX_10PCT_80K-20260224_234537,obj1_closer,output/phasevar_5/0000_phA06_phB05.png,Is the cyan cube closer to the camera than the green sphere? Answer with yes or no.,No,No,25.515625,26.4375,True
/data/shared/Qwen/mydisk/output/SYNTHETIC/NVILA-Lite-2B-SYNTHETIC_MIX_10PCT_80K-20260224_234537,obj1_closer,output/phasevar_5/0000_phA06_phB06.png,Is the cyan cube closer to the camera than the green sphere? Answer with yes or no.,No,No,25.6875,27.109375,True
/data/shared/Qwen/mydisk/output/SYNTHETIC/NVILA-Lite-2B-SYNTHETIC_MIX_10PCT_80K-20260224_234537,obj1_closer,output/phasevar_5/0000_phA06_phB07.png,Is the cyan cube closer to the camera than the green sphere? Answer with yes or no.,No,No,25.28125,27.234375,True
/data/shared/Qwen/mydisk/output/SYNTHETIC/NVILA-Lite-2B-SYNTHETIC_MIX_10PCT_80K-20260224_234537,obj1_closer,output/phasevar_5/0000_phA06_phB08.png,Is the cyan cube closer to the camera than the green sphere? Answer with yes or no.,No,No,24.453125,26.109375,True
/data/shared/Qwen/mydisk/output/SYNTHETIC/NVILA-Lite-2B-SYNTHETIC_MIX_10PCT_80K-20260224_234537,obj1_closer,output/phasevar_5/0000_phA06_phB09.png,Is the cyan cube closer to the camera than the green sphere? Answer with yes or no.,No,No,24.203125,25.609375,True
/data/shared/Qwen/mydisk/output/SYNTHETIC/NVILA-Lite-2B-SYNTHETIC_MIX_10PCT_80K-20260224_234537,obj1_closer,output/phasevar_5/0000_phA06_phB10.png,Is the cyan cube closer to the camera than the green sphere? Answer with yes or no.,No,No,24.4375,25.546875,True
/data/shared/Qwen/mydisk/output/SYNTHETIC/NVILA-Lite-2B-SYNTHETIC_MIX_10PCT_80K-20260224_234537,obj1_closer,output/phasevar_5/0000_phA06_phB11.png,Is the cyan cube closer to the camera than the green sphere? Answer with yes or no.,No,No,24.5625,25.171875,True
/data/shared/Qwen/mydisk/output/SYNTHETIC/NVILA-Lite-2B-SYNTHETIC_MIX_10PCT_80K-20260224_234537,obj1_closer,output/phasevar_5/0000_phA06_phB12.png,Is the cyan cube closer to the camera than the green sphere? Answer with yes or no.,No,Yes,25.046875,25.0,False
/data/shared/Qwen/mydisk/output/SYNTHETIC/NVILA-Lite-2B-SYNTHETIC_MIX_10PCT_80K-20260224_234537,obj1_closer,output/phasevar_5/0000_phA06_phB13.png,Is the cyan cube closer to the camera than the green sphere? Answer with yes or no.,No,No,25.046875,25.078125,True
/data/shared/Qwen/mydisk/output/SYNTHETIC/NVILA-Lite-2B-SYNTHETIC_MIX_10PCT_80K-20260224_234537,obj1_closer,output/phasevar_5/0000_phA06_phB14.png,Is the cyan cube closer to the camera than the green sphere? Answer with yes or no.,No,No,25.125,25.65625,True
/data/shared/Qwen/mydisk/output/SYNTHETIC/NVILA-Lite-2B-SYNTHETIC_MIX_10PCT_80K-20260224_234537,obj1_closer,output/phasevar_5/0000_phA06_phB15.png,Is the cyan cube closer to the camera than the green sphere? Answer with yes or no.,No,No,25.3125,25.796875,True
/data/shared/Qwen/mydisk/output/SYNTHETIC/NVILA-Lite-2B-SYNTHETIC_MIX_10PCT_80K-20260224_234537,obj1_closer,output/phasevar_5/0000_phA07_phB00.png,Is the cyan cube closer to the camera than the green sphere? Answer with yes or no.,No,No,26.21875,26.6875,True
/data/shared/Qwen/mydisk/output/SYNTHETIC/NVILA-Lite-2B-SYNTHETIC_MIX_10PCT_80K-20260224_234537,obj1_closer,output/phasevar_5/0000_phA07_phB01.png,Is the cyan cube closer to the camera than the green sphere? Answer with yes or no.,No,No,26.84375,27.3125,True
/data/shared/Qwen/mydisk/output/SYNTHETIC/NVILA-Lite-2B-SYNTHETIC_MIX_10PCT_80K-20260224_234537,obj1_closer,output/phasevar_5/0000_phA07_phB02.png,Is the cyan cube closer to the camera than the green sphere? Answer with yes or no.,No,Yes,27.296875,27.140625,False
/data/shared/Qwen/mydisk/output/SYNTHETIC/NVILA-Lite-2B-SYNTHETIC_MIX_10PCT_80K-20260224_234537,obj1_closer,output/phasevar_5/0000_phA07_phB03.png,Is the cyan cube closer to the camera than the green sphere? Answer with yes or no.,No,Yes,26.984375,26.625,False
/data/shared/Qwen/mydisk/output/SYNTHETIC/NVILA-Lite-2B-SYNTHETIC_MIX_10PCT_80K-20260224_234537,obj1_closer,output/phasevar_5/0000_phA07_phB04.png,Is the cyan cube closer to the camera than the green sphere? Answer with yes or no.,No,Yes,26.515625,26.09375,False
/data/shared/Qwen/mydisk/output/SYNTHETIC/NVILA-Lite-2B-SYNTHETIC_MIX_10PCT_80K-20260224_234537,obj1_closer,output/phasevar_5/0000_phA07_phB05.png,Is the cyan cube closer to the camera than the green sphere? Answer with yes or no.,No,No,25.6875,26.25,True
/data/shared/Qwen/mydisk/output/SYNTHETIC/NVILA-Lite-2B-SYNTHETIC_MIX_10PCT_80K-20260224_234537,obj1_closer,output/phasevar_5/0000_phA07_phB06.png,Is the cyan cube closer to the camera than the green sphere? Answer with yes or no.,No,No,25.75,26.796875,True
/data/shared/Qwen/mydisk/output/SYNTHETIC/NVILA-Lite-2B-SYNTHETIC_MIX_10PCT_80K-20260224_234537,obj1_closer,output/phasevar_5/0000_phA07_phB07.png,Is the cyan cube closer to the camera than the green sphere? Answer with yes or no.,No,No,25.6875,26.8125,True
/data/shared/Qwen/mydisk/output/SYNTHETIC/NVILA-Lite-2B-SYNTHETIC_MIX_10PCT_80K-20260224_234537,obj1_closer,output/phasevar_5/0000_phA07_phB08.png,Is the cyan cube closer to the camera than the green sphere? Answer with yes or no.,No,No,25.140625,26.65625,True
/data/shared/Qwen/mydisk/output/SYNTHETIC/NVILA-Lite-2B-SYNTHETIC_MIX_10PCT_80K-20260224_234537,obj1_closer,output/phasevar_5/0000_phA07_phB09.png,Is the cyan cube closer to the camera than the green sphere? Answer with yes or no.,No,No,24.71875,26.09375,True
/data/shared/Qwen/mydisk/output/SYNTHETIC/NVILA-Lite-2B-SYNTHETIC_MIX_10PCT_80K-20260224_234537,obj1_closer,output/phasevar_5/0000_phA07_phB10.png,Is the cyan cube closer to the camera than the green sphere? Answer with yes or no.,No,No,24.6875,25.828125,True
/data/shared/Qwen/mydisk/output/SYNTHETIC/NVILA-Lite-2B-SYNTHETIC_MIX_10PCT_80K-20260224_234537,obj1_closer,output/phasevar_5/0000_phA07_phB11.png,Is the cyan cube closer to the camera than the green sphere? Answer with yes or no.,No,No,24.484375,24.8125,True
/data/shared/Qwen/mydisk/output/SYNTHETIC/NVILA-Lite-2B-SYNTHETIC_MIX_10PCT_80K-20260224_234537,obj1_closer,output/phasevar_5/0000_phA07_phB12.png,Is the cyan cube closer to the camera than the green sphere? Answer with yes or no.,No,Yes,25.09375,24.71875,False
/data/shared/Qwen/mydisk/output/SYNTHETIC/NVILA-Lite-2B-SYNTHETIC_MIX_10PCT_80K-20260224_234537,obj1_closer,output/phasevar_5/0000_phA07_phB13.png,Is the cyan cube closer to the camera than the green sphere? Answer with yes or no.,No,Yes,25.015625,24.953125,False
/data/shared/Qwen/mydisk/output/SYNTHETIC/NVILA-Lite-2B-SYNTHETIC_MIX_10PCT_80K-20260224_234537,obj1_closer,output/phasevar_5/0000_phA07_phB14.png,Is the cyan cube closer to the camera than the green sphere? Answer with yes or no.,No,No,25.28125,25.84375,True
/data/shared/Qwen/mydisk/output/SYNTHETIC/NVILA-Lite-2B-SYNTHETIC_MIX_10PCT_80K-20260224_234537,obj1_closer,output/phasevar_5/0000_phA07_phB15.png,Is the cyan cube closer to the camera than the green sphere? Answer with yes or no.,No,No,25.78125,26.421875,True
/data/shared/Qwen/mydisk/output/SYNTHETIC/NVILA-Lite-2B-SYNTHETIC_MIX_10PCT_80K-20260224_234537,obj1_closer,output/phasevar_5/0000_phA08_phB00.png,Is the cyan cube closer to the camera than the green sphere? Answer with yes or no.,No,No,26.21875,26.390625,True
/data/shared/Qwen/mydisk/output/SYNTHETIC/NVILA-Lite-2B-SYNTHETIC_MIX_10PCT_80K-20260224_234537,obj1_closer,output/phasevar_5/0000_phA08_phB01.png,Is the cyan cube closer to the camera than the green sphere? Answer with yes or no.,No,No,26.8125,27.109375,True
/data/shared/Qwen/mydisk/output/SYNTHETIC/NVILA-Lite-2B-SYNTHETIC_MIX_10PCT_80K-20260224_234537,obj1_closer,output/phasevar_5/0000_phA08_phB02.png,Is the cyan cube closer to the camera than the green sphere? Answer with yes or no.,No,Yes,27.1875,26.875,False
/data/shared/Qwen/mydisk/output/SYNTHETIC/NVILA-Lite-2B-SYNTHETIC_MIX_10PCT_80K-20260224_234537,obj1_closer,output/phasevar_5/0000_phA08_phB03.png,Is the cyan cube closer to the camera than the green sphere? Answer with yes or no.,No,Yes,27.078125,26.484375,False
/data/shared/Qwen/mydisk/output/SYNTHETIC/NVILA-Lite-2B-SYNTHETIC_MIX_10PCT_80K-20260224_234537,obj1_closer,output/phasevar_5/0000_phA08_phB04.png,Is the cyan cube closer to the camera than the green sphere? Answer with yes or no.,No,Yes,26.734375,26.125,False
/data/shared/Qwen/mydisk/output/SYNTHETIC/NVILA-Lite-2B-SYNTHETIC_MIX_10PCT_80K-20260224_234537,obj1_closer,output/phasevar_5/0000_phA08_phB05.png,Is the cyan cube closer to the camera than the green sphere? Answer with yes or no.,No,No,25.703125,26.015625,True
/data/shared/Qwen/mydisk/output/SYNTHETIC/NVILA-Lite-2B-SYNTHETIC_MIX_10PCT_80K-20260224_234537,obj1_closer,output/phasevar_5/0000_phA08_phB06.png,Is the cyan cube closer to the camera than the green sphere? Answer with yes or no.,No,No,25.6875,26.53125,True
/data/shared/Qwen/mydisk/output/SYNTHETIC/NVILA-Lite-2B-SYNTHETIC_MIX_10PCT_80K-20260224_234537,obj1_closer,output/phasevar_5/0000_phA08_phB07.png,Is the cyan cube closer to the camera than the green sphere? Answer with yes or no.,No,No,25.421875,26.203125,True
/data/shared/Qwen/mydisk/output/SYNTHETIC/NVILA-Lite-2B-SYNTHETIC_MIX_10PCT_80K-20260224_234537,obj1_closer,output/phasevar_5/0000_phA08_phB08.png,Is the cyan cube closer to the camera than the green sphere? Answer with yes or no.,No,No,24.921875,26.09375,True
/data/shared/Qwen/mydisk/output/SYNTHETIC/NVILA-Lite-2B-SYNTHETIC_MIX_10PCT_80K-20260224_234537,obj1_closer,output/phasevar_5/0000_phA08_phB09.png,Is the cyan cube closer to the camera than the green sphere? Answer with yes or no.,No,No,24.546875,25.796875,True
/data/shared/Qwen/mydisk/output/SYNTHETIC/NVILA-Lite-2B-SYNTHETIC_MIX_10PCT_80K-20260224_234537,obj1_closer,output/phasevar_5/0000_phA08_phB10.png,Is the cyan cube closer to the camera than the green sphere? Answer with yes or no.,No,No,24.28125,25.140625,True
/data/shared/Qwen/mydisk/output/SYNTHETIC/NVILA-Lite-2B-SYNTHETIC_MIX_10PCT_80K-20260224_234537,obj1_closer,output/phasevar_5/0000_phA08_phB11.png,Is the cyan cube closer to the camera than the green sphere? Answer with yes or no.,No,No,24.359375,24.5,True
/data/shared/Qwen/mydisk/output/SYNTHETIC/NVILA-Lite-2B-SYNTHETIC_MIX_10PCT_80K-20260224_234537,obj1_closer,output/phasevar_5/0000_phA08_phB12.png,Is the cyan cube closer to the camera than the green sphere? Answer with yes or no.,No,Yes,25.1875,24.703125,False
/data/shared/Qwen/mydisk/output/SYNTHETIC/NVILA-Lite-2B-SYNTHETIC_MIX_10PCT_80K-20260224_234537,obj1_closer,output/phasevar_5/0000_phA08_phB13.png,Is the cyan cube closer to the camera than the green sphere? Answer with yes or no.,No,Yes,24.953125,24.6875,False
/data/shared/Qwen/mydisk/output/SYNTHETIC/NVILA-Lite-2B-SYNTHETIC_MIX_10PCT_80K-20260224_234537,obj1_closer,output/phasevar_5/0000_phA08_phB14.png,Is the cyan cube closer to the camera than the green sphere? Answer with yes or no.,No,No,25.0,25.34375,True
/data/shared/Qwen/mydisk/output/SYNTHETIC/NVILA-Lite-2B-SYNTHETIC_MIX_10PCT_80K-20260224_234537,obj1_closer,output/phasevar_5/0000_phA08_phB15.png,Is the cyan cube closer to the camera than the green sphere? Answer with yes or no.,No,No,25.59375,25.984375,True
/data/shared/Qwen/mydisk/output/SYNTHETIC/NVILA-Lite-2B-SYNTHETIC_MIX_10PCT_80K-20260224_234537,obj1_closer,output/phasevar_5/0000_phA09_phB00.png,Is the cyan cube closer to the camera than the green sphere? Answer with yes or no.,No,No,26.828125,27.0625,True
/data/shared/Qwen/mydisk/output/SYNTHETIC/NVILA-Lite-2B-SYNTHETIC_MIX_10PCT_80K-20260224_234537,obj1_closer,output/phasevar_5/0000_phA09_phB01.png,Is the cyan cube closer to the camera than the green sphere? Answer with yes or no.,No,No,27.265625,27.5,True
/data/shared/Qwen/mydisk/output/SYNTHETIC/NVILA-Lite-2B-SYNTHETIC_MIX_10PCT_80K-20260224_234537,obj1_closer,output/phasevar_5/0000_phA09_phB02.png,Is the cyan cube closer to the camera than the green sphere? Answer with yes or no.,No,Yes,27.671875,27.265625,False
/data/shared/Qwen/mydisk/output/SYNTHETIC/NVILA-Lite-2B-SYNTHETIC_MIX_10PCT_80K-20260224_234537,obj1_closer,output/phasevar_5/0000_phA09_phB03.png,Is the cyan cube closer to the camera than the green sphere? Answer with yes or no.,No,Yes,27.546875,26.8125,False
/data/shared/Qwen/mydisk/output/SYNTHETIC/NVILA-Lite-2B-SYNTHETIC_MIX_10PCT_80K-20260224_234537,obj1_closer,output/phasevar_5/0000_phA09_phB04.png,Is the cyan cube closer to the camera than the green sphere? Answer with yes or no.,No,Yes,27.15625,26.484375,False
/data/shared/Qwen/mydisk/output/SYNTHETIC/NVILA-Lite-2B-SYNTHETIC_MIX_10PCT_80K-20260224_234537,obj1_closer,output/phasevar_5/0000_phA09_phB05.png,Is the cyan cube closer to the camera than the green sphere? Answer with yes or no.,No,No,26.109375,26.34375,True
/data/shared/Qwen/mydisk/output/SYNTHETIC/NVILA-Lite-2B-SYNTHETIC_MIX_10PCT_80K-20260224_234537,obj1_closer,output/phasevar_5/0000_phA09_phB06.png,Is the cyan cube closer to the camera than the green sphere? Answer with yes or no.,No,No,25.984375,26.96875,True
/data/shared/Qwen/mydisk/output/SYNTHETIC/NVILA-Lite-2B-SYNTHETIC_MIX_10PCT_80K-20260224_234537,obj1_closer,output/phasevar_5/0000_phA09_phB07.png,Is the cyan cube closer to the camera than the green sphere? Answer with yes or no.,No,No,25.71875,26.6875,True
/data/shared/Qwen/mydisk/output/SYNTHETIC/NVILA-Lite-2B-SYNTHETIC_MIX_10PCT_80K-20260224_234537,obj1_closer,output/phasevar_5/0000_phA09_phB08.png,Is the cyan cube closer to the camera than the green sphere? Answer with yes or no.,No,No,25.078125,26.15625,True
/data/shared/Qwen/mydisk/output/SYNTHETIC/NVILA-Lite-2B-SYNTHETIC_MIX_10PCT_80K-20260224_234537,obj1_closer,output/phasevar_5/0000_phA09_phB09.png,Is the cyan cube closer to the camera than the green sphere? Answer with yes or no.,No,No,24.703125,25.921875,True
/data/shared/Qwen/mydisk/output/SYNTHETIC/NVILA-Lite-2B-SYNTHETIC_MIX_10PCT_80K-20260224_234537,obj1_closer,output/phasevar_5/0000_phA09_phB10.png,Is the cyan cube closer to the camera than the green sphere? Answer with yes or no.,No,No,24.640625,25.828125,True
/data/shared/Qwen/mydisk/output/SYNTHETIC/NVILA-Lite-2B-SYNTHETIC_MIX_10PCT_80K-20260224_234537,obj1_closer,output/phasevar_5/0000_phA09_phB11.png,Is the cyan cube closer to the camera than the green sphere? Answer with yes or no.,No,No,24.609375,25.25,True
/data/shared/Qwen/mydisk/output/SYNTHETIC/NVILA-Lite-2B-SYNTHETIC_MIX_10PCT_80K-20260224_234537,obj1_closer,output/phasevar_5/0000_phA09_phB12.png,Is the cyan cube closer to the camera than the green sphere? Answer with yes or no.,No,Yes,25.265625,25.234375,False
/data/shared/Qwen/mydisk/output/SYNTHETIC/NVILA-Lite-2B-SYNTHETIC_MIX_10PCT_80K-20260224_234537,obj1_closer,output/phasevar_5/0000_phA09_phB13.png,Is the cyan cube closer to the camera than the green sphere? Answer with yes or no.,No,No,25.171875,25.34375,True
/data/shared/Qwen/mydisk/output/SYNTHETIC/NVILA-Lite-2B-SYNTHETIC_MIX_10PCT_80K-20260224_234537,obj1_closer,output/phasevar_5/0000_phA09_phB14.png,Is the cyan cube closer to the camera than the green sphere? Answer with yes or no.,No,No,25.5,26.03125,True
/data/shared/Qwen/mydisk/output/SYNTHETIC/NVILA-Lite-2B-SYNTHETIC_MIX_10PCT_80K-20260224_234537,obj1_closer,output/phasevar_5/0000_phA09_phB15.png,Is the cyan cube closer to the camera than the green sphere? Answer with yes or no.,No,No,26.0625,26.578125,True
/data/shared/Qwen/mydisk/output/SYNTHETIC/NVILA-Lite-2B-SYNTHETIC_MIX_10PCT_80K-20260224_234537,obj1_closer,output/phasevar_5/0000_phA10_phB00.png,Is the cyan cube closer to the camera than the green sphere? Answer with yes or no.,No,Yes,27.453125,26.6875,False
/data/shared/Qwen/mydisk/output/SYNTHETIC/NVILA-Lite-2B-SYNTHETIC_MIX_10PCT_80K-20260224_234537,obj1_closer,output/phasevar_5/0000_phA10_phB01.png,Is the cyan cube closer to the camera than the green sphere? Answer with yes or no.,No,Yes,28.375,27.390625,False
/data/shared/Qwen/mydisk/output/SYNTHETIC/NVILA-Lite-2B-SYNTHETIC_MIX_10PCT_80K-20260224_234537,obj1_closer,output/phasevar_5/0000_phA10_phB02.png,Is the cyan cube closer to the camera than the green sphere? Answer with yes or no.,No,Yes,28.65625,27.203125,False
/data/shared/Qwen/mydisk/output/SYNTHETIC/NVILA-Lite-2B-SYNTHETIC_MIX_10PCT_80K-20260224_234537,obj1_closer,output/phasevar_5/0000_phA10_phB03.png,Is the cyan cube closer to the camera than the green sphere? Answer with yes or no.,No,Yes,28.328125,26.734375,False
/data/shared/Qwen/mydisk/output/SYNTHETIC/NVILA-Lite-2B-SYNTHETIC_MIX_10PCT_80K-20260224_234537,obj1_closer,output/phasevar_5/0000_phA10_phB04.png,Is the cyan cube closer to the camera than the green sphere? Answer with yes or no.,No,Yes,27.625,26.3125,False
/data/shared/Qwen/mydisk/output/SYNTHETIC/NVILA-Lite-2B-SYNTHETIC_MIX_10PCT_80K-20260224_234537,obj1_closer,output/phasevar_5/0000_phA10_phB05.png,Is the cyan cube closer to the camera than the green sphere? Answer with yes or no.,No,Yes,26.5625,26.203125,False
/data/shared/Qwen/mydisk/output/SYNTHETIC/NVILA-Lite-2B-SYNTHETIC_MIX_10PCT_80K-20260224_234537,obj1_closer,output/phasevar_5/0000_phA10_phB06.png,Is the cyan cube closer to the camera than the green sphere? Answer with yes or no.,No,No,26.546875,27.171875,True
/data/shared/Qwen/mydisk/output/SYNTHETIC/NVILA-Lite-2B-SYNTHETIC_MIX_10PCT_80K-20260224_234537,obj1_closer,output/phasevar_5/0000_phA10_phB07.png,Is the cyan cube closer to the camera than the green sphere? Answer with yes or no.,No,No,26.34375,26.890625,True
/data/shared/Qwen/mydisk/output/SYNTHETIC/NVILA-Lite-2B-SYNTHETIC_MIX_10PCT_80K-20260224_234537,obj1_closer,output/phasevar_5/0000_phA10_phB08.png,Is the cyan cube closer to the camera than the green sphere? Answer with yes or no.,No,No,25.5,26.125,True
/data/shared/Qwen/mydisk/output/SYNTHETIC/NVILA-Lite-2B-SYNTHETIC_MIX_10PCT_80K-20260224_234537,obj1_closer,output/phasevar_5/0000_phA10_phB09.png,Is the cyan cube closer to the camera than the green sphere? Answer with yes or no.,No,No,25.109375,26.453125,True
/data/shared/Qwen/mydisk/output/SYNTHETIC/NVILA-Lite-2B-SYNTHETIC_MIX_10PCT_80K-20260224_234537,obj1_closer,output/phasevar_5/0000_phA10_phB10.png,Is the cyan cube closer to the camera than the green sphere? Answer with yes or no.,No,No,25.1875,26.6875,True
/data/shared/Qwen/mydisk/output/SYNTHETIC/NVILA-Lite-2B-SYNTHETIC_MIX_10PCT_80K-20260224_234537,obj1_closer,output/phasevar_5/0000_phA10_phB11.png,Is the cyan cube closer to the camera than the green sphere? Answer with yes or no.,No,No,25.53125,25.96875,True
/data/shared/Qwen/mydisk/output/SYNTHETIC/NVILA-Lite-2B-SYNTHETIC_MIX_10PCT_80K-20260224_234537,obj1_closer,output/phasevar_5/0000_phA10_phB12.png,Is the cyan cube closer to the camera than the green sphere? Answer with yes or no.,No,Yes,26.390625,25.890625,False
/data/shared/Qwen/mydisk/output/SYNTHETIC/NVILA-Lite-2B-SYNTHETIC_MIX_10PCT_80K-20260224_234537,obj1_closer,output/phasevar_5/0000_phA10_phB13.png,Is the cyan cube closer to the camera than the green sphere? Answer with yes or no.,No,Yes,25.9375,25.703125,False
/data/shared/Qwen/mydisk/output/SYNTHETIC/NVILA-Lite-2B-SYNTHETIC_MIX_10PCT_80K-20260224_234537,obj1_closer,output/phasevar_5/0000_phA10_phB14.png,Is the cyan cube closer to the camera than the green sphere? Answer with yes or no.,No,Yes,26.421875,26.328125,False
/data/shared/Qwen/mydisk/output/SYNTHETIC/NVILA-Lite-2B-SYNTHETIC_MIX_10PCT_80K-20260224_234537,obj1_closer,output/phasevar_5/0000_phA10_phB15.png,Is the cyan cube closer to the camera than the green sphere? Answer with yes or no.,No,Yes,27.328125,26.984375,False
/data/shared/Qwen/mydisk/output/SYNTHETIC/NVILA-Lite-2B-SYNTHETIC_MIX_10PCT_80K-20260224_234537,obj1_closer,output/phasevar_5/0000_phA11_phB00.png,Is the cyan cube closer to the camera than the green sphere? Answer with yes or no.,No,No,26.21875,26.34375,True
/data/shared/Qwen/mydisk/output/SYNTHETIC/NVILA-Lite-2B-SYNTHETIC_MIX_10PCT_80K-20260224_234537,obj1_closer,output/phasevar_5/0000_phA11_phB01.png,Is the cyan cube closer to the camera than the green sphere? Answer with yes or no.,No,Yes,27.265625,27.15625,False
/data/shared/Qwen/mydisk/output/SYNTHETIC/NVILA-Lite-2B-SYNTHETIC_MIX_10PCT_80K-20260224_234537,obj1_closer,output/phasevar_5/0000_phA11_phB02.png,Is the cyan cube closer to the camera than the green sphere? Answer with yes or no.,No,Yes,27.515625,26.890625,False
/data/shared/Qwen/mydisk/output/SYNTHETIC/NVILA-Lite-2B-SYNTHETIC_MIX_10PCT_80K-20260224_234537,obj1_closer,output/phasevar_5/0000_phA11_phB03.png,Is the cyan cube closer to the camera than the green sphere? Answer with yes or no.,No,Yes,27.375,26.25,False
/data/shared/Qwen/mydisk/output/SYNTHETIC/NVILA-Lite-2B-SYNTHETIC_MIX_10PCT_80K-20260224_234537,obj1_closer,output/phasevar_5/0000_phA11_phB04.png,Is the cyan cube closer to the camera than the green sphere? Answer with yes or no.,No,Yes,26.703125,25.765625,False
/data/shared/Qwen/mydisk/output/SYNTHETIC/NVILA-Lite-2B-SYNTHETIC_MIX_10PCT_80K-20260224_234537,obj1_closer,output/phasevar_5/0000_phA11_phB05.png,Is the cyan cube closer to the camera than the green sphere? Answer with yes or no.,No,Yes,25.875,25.703125,False
/data/shared/Qwen/mydisk/output/SYNTHETIC/NVILA-Lite-2B-SYNTHETIC_MIX_10PCT_80K-20260224_234537,obj1_closer,output/phasevar_5/0000_phA11_phB06.png,Is the cyan cube closer to the camera than the green sphere? Answer with yes or no.,No,No,25.8125,26.828125,True
/data/shared/Qwen/mydisk/output/SYNTHETIC/NVILA-Lite-2B-SYNTHETIC_MIX_10PCT_80K-20260224_234537,obj1_closer,output/phasevar_5/0000_phA11_phB07.png,Is the cyan cube closer to the camera than the green sphere? Answer with yes or no.,No,No,25.46875,26.375,True
/data/shared/Qwen/mydisk/output/SYNTHETIC/NVILA-Lite-2B-SYNTHETIC_MIX_10PCT_80K-20260224_234537,obj1_closer,output/phasevar_5/0000_phA11_phB08.png,Is the cyan cube closer to the camera than the green sphere? Answer with yes or no.,No,No,24.640625,25.515625,True
/data/shared/Qwen/mydisk/output/SYNTHETIC/NVILA-Lite-2B-SYNTHETIC_MIX_10PCT_80K-20260224_234537,obj1_closer,output/phasevar_5/0000_phA11_phB09.png,Is the cyan cube closer to the camera than the green sphere? Answer with yes or no.,No,No,24.140625,25.375,True
/data/shared/Qwen/mydisk/output/SYNTHETIC/NVILA-Lite-2B-SYNTHETIC_MIX_10PCT_80K-20260224_234537,obj1_closer,output/phasevar_5/0000_phA11_phB10.png,Is the cyan cube closer to the camera than the green sphere? Answer with yes or no.,No,No,24.3125,25.625,True
/data/shared/Qwen/mydisk/output/SYNTHETIC/NVILA-Lite-2B-SYNTHETIC_MIX_10PCT_80K-20260224_234537,obj1_closer,output/phasevar_5/0000_phA11_phB11.png,Is the cyan cube closer to the camera than the green sphere? Answer with yes or no.,No,No,24.203125,25.15625,True
/data/shared/Qwen/mydisk/output/SYNTHETIC/NVILA-Lite-2B-SYNTHETIC_MIX_10PCT_80K-20260224_234537,obj1_closer,output/phasevar_5/0000_phA11_phB12.png,Is the cyan cube closer to the camera than the green sphere? Answer with yes or no.,No,No,24.828125,25.171875,True
/data/shared/Qwen/mydisk/output/SYNTHETIC/NVILA-Lite-2B-SYNTHETIC_MIX_10PCT_80K-20260224_234537,obj1_closer,output/phasevar_5/0000_phA11_phB13.png,Is the cyan cube closer to the camera than the green sphere? Answer with yes or no.,No,No,24.703125,24.984375,True
/data/shared/Qwen/mydisk/output/SYNTHETIC/NVILA-Lite-2B-SYNTHETIC_MIX_10PCT_80K-20260224_234537,obj1_closer,output/phasevar_5/0000_phA11_phB14.png,Is the cyan cube closer to the camera than the green sphere? Answer with yes or no.,No,No,25.4375,25.703125,True
/data/shared/Qwen/mydisk/output/SYNTHETIC/NVILA-Lite-2B-SYNTHETIC_MIX_10PCT_80K-20260224_234537,obj1_closer,output/phasevar_5/0000_phA11_phB15.png,Is the cyan cube closer to the camera than the green sphere? Answer with yes or no.,No,No,25.9375,26.21875,True
/data/shared/Qwen/mydisk/output/SYNTHETIC/NVILA-Lite-2B-SYNTHETIC_MIX_10PCT_80K-20260224_234537,obj1_closer,output/phasevar_5/0000_phA12_phB00.png,Is the cyan cube closer to the camera than the green sphere? Answer with yes or no.,No,No,26.046875,26.078125,True
/data/shared/Qwen/mydisk/output/SYNTHETIC/NVILA-Lite-2B-SYNTHETIC_MIX_10PCT_80K-20260224_234537,obj1_closer,output/phasevar_5/0000_phA12_phB01.png,Is the cyan cube closer to the camera than the green sphere? Answer with yes or no.,No,Yes,27.03125,26.8125,False
/data/shared/Qwen/mydisk/output/SYNTHETIC/NVILA-Lite-2B-SYNTHETIC_MIX_10PCT_80K-20260224_234537,obj1_closer,output/phasevar_5/0000_phA12_phB02.png,Is the cyan cube closer to the camera than the green sphere? Answer with yes or no.,No,Yes,27.515625,26.71875,False
/data/shared/Qwen/mydisk/output/SYNTHETIC/NVILA-Lite-2B-SYNTHETIC_MIX_10PCT_80K-20260224_234537,obj1_closer,output/phasevar_5/0000_phA12_phB03.png,Is the cyan cube closer to the camera than the green sphere? Answer with yes or no.,No,Yes,27.265625,26.265625,False
/data/shared/Qwen/mydisk/output/SYNTHETIC/NVILA-Lite-2B-SYNTHETIC_MIX_10PCT_80K-20260224_234537,obj1_closer,output/phasevar_5/0000_phA12_phB04.png,Is the cyan cube closer to the camera than the green sphere? Answer with yes or no.,No,Yes,26.671875,25.84375,False
/data/shared/Qwen/mydisk/output/SYNTHETIC/NVILA-Lite-2B-SYNTHETIC_MIX_10PCT_80K-20260224_234537,obj1_closer,output/phasevar_5/0000_phA12_phB05.png,Is the cyan cube closer to the camera than the green sphere? Answer with yes or no.,No,Yes,25.875,25.734375,False
/data/shared/Qwen/mydisk/output/SYNTHETIC/NVILA-Lite-2B-SYNTHETIC_MIX_10PCT_80K-20260224_234537,obj1_closer,output/phasevar_5/0000_phA12_phB06.png,Is the cyan cube closer to the camera than the green sphere? Answer with yes or no.,No,No,25.921875,26.8125,True
/data/shared/Qwen/mydisk/output/SYNTHETIC/NVILA-Lite-2B-SYNTHETIC_MIX_10PCT_80K-20260224_234537,obj1_closer,output/phasevar_5/0000_phA12_phB07.png,Is the cyan cube closer to the camera than the green sphere? Answer with yes or no.,No,No,25.375,26.28125,True
/data/shared/Qwen/mydisk/output/SYNTHETIC/NVILA-Lite-2B-SYNTHETIC_MIX_10PCT_80K-20260224_234537,obj1_closer,output/phasevar_5/0000_phA12_phB08.png,Is the cyan cube closer to the camera than the green sphere? Answer with yes or no.,No,No,24.546875,25.484375,True
/data/shared/Qwen/mydisk/output/SYNTHETIC/NVILA-Lite-2B-SYNTHETIC_MIX_10PCT_80K-20260224_234537,obj1_closer,output/phasevar_5/0000_phA12_phB09.png,Is the cyan cube closer to the camera than the green sphere? Answer with yes or no.,No,No,24.171875,25.4375,True
/data/shared/Qwen/mydisk/output/SYNTHETIC/NVILA-Lite-2B-SYNTHETIC_MIX_10PCT_80K-20260224_234537,obj1_closer,output/phasevar_5/0000_phA12_phB10.png,Is the cyan cube closer to the camera than the green sphere? Answer with yes or no.,No,No,24.453125,25.828125,True
/data/shared/Qwen/mydisk/output/SYNTHETIC/NVILA-Lite-2B-SYNTHETIC_MIX_10PCT_80K-20260224_234537,obj1_closer,output/phasevar_5/0000_phA12_phB11.png,Is the cyan cube closer to the camera than the green sphere? Answer with yes or no.,No,No,24.265625,25.453125,True
/data/shared/Qwen/mydisk/output/SYNTHETIC/NVILA-Lite-2B-SYNTHETIC_MIX_10PCT_80K-20260224_234537,obj1_closer,output/phasevar_5/0000_phA12_phB12.png,Is the cyan cube closer to the camera than the green sphere? Answer with yes or no.,No,No,24.765625,25.5,True
/data/shared/Qwen/mydisk/output/SYNTHETIC/NVILA-Lite-2B-SYNTHETIC_MIX_10PCT_80K-20260224_234537,obj1_closer,output/phasevar_5/0000_phA12_phB13.png,Is the cyan cube closer to the camera than the green sphere? Answer with yes or no.,No,No,24.828125,25.515625,True
/data/shared/Qwen/mydisk/output/SYNTHETIC/NVILA-Lite-2B-SYNTHETIC_MIX_10PCT_80K-20260224_234537,obj1_closer,output/phasevar_5/0000_phA12_phB14.png,Is the cyan cube closer to the camera than the green sphere? Answer with yes or no.,No,No,25.453125,25.859375,True
/data/shared/Qwen/mydisk/output/SYNTHETIC/NVILA-Lite-2B-SYNTHETIC_MIX_10PCT_80K-20260224_234537,obj1_closer,output/phasevar_5/0000_phA12_phB15.png,Is the cyan cube closer to the camera than the green sphere? Answer with yes or no.,No,No,25.796875,26.078125,True
/data/shared/Qwen/mydisk/output/SYNTHETIC/NVILA-Lite-2B-SYNTHETIC_MIX_10PCT_80K-20260224_234537,obj1_closer,output/phasevar_5/0000_phA13_phB00.png,Is the cyan cube closer to the camera than the green sphere? Answer with yes or no.,No,Yes,25.8125,25.53125,False
/data/shared/Qwen/mydisk/output/SYNTHETIC/NVILA-Lite-2B-SYNTHETIC_MIX_10PCT_80K-20260224_234537,obj1_closer,output/phasevar_5/0000_phA13_phB01.png,Is the cyan cube closer to the camera than the green sphere? Answer with yes or no.,No,Yes,26.71875,26.234375,False
/data/shared/Qwen/mydisk/output/SYNTHETIC/NVILA-Lite-2B-SYNTHETIC_MIX_10PCT_80K-20260224_234537,obj1_closer,output/phasevar_5/0000_phA13_phB02.png,Is the cyan cube closer to the camera than the green sphere? Answer with yes or no.,No,Yes,27.296875,26.1875,False
/data/shared/Qwen/mydisk/output/SYNTHETIC/NVILA-Lite-2B-SYNTHETIC_MIX_10PCT_80K-20260224_234537,obj1_closer,output/phasevar_5/0000_phA13_phB03.png,Is the cyan cube closer to the camera than the green sphere? Answer with yes or no.,No,Yes,26.921875,25.828125,False
/data/shared/Qwen/mydisk/output/SYNTHETIC/NVILA-Lite-2B-SYNTHETIC_MIX_10PCT_80K-20260224_234537,obj1_closer,output/phasevar_5/0000_phA13_phB04.png,Is the cyan cube closer to the camera than the green sphere? Answer with yes or no.,No,Yes,26.4375,25.21875,False
/data/shared/Qwen/mydisk/output/SYNTHETIC/NVILA-Lite-2B-SYNTHETIC_MIX_10PCT_80K-20260224_234537,obj1_closer,output/phasevar_5/0000_phA13_phB05.png,Is the cyan cube closer to the camera than the green sphere? Answer with yes or no.,No,Yes,25.625,25.203125,False
/data/shared/Qwen/mydisk/output/SYNTHETIC/NVILA-Lite-2B-SYNTHETIC_MIX_10PCT_80K-20260224_234537,obj1_closer,output/phasevar_5/0000_phA13_phB06.png,Is the cyan cube closer to the camera than the green sphere? Answer with yes or no.,No,No,25.875,26.375,True
/data/shared/Qwen/mydisk/output/SYNTHETIC/NVILA-Lite-2B-SYNTHETIC_MIX_10PCT_80K-20260224_234537,obj1_closer,output/phasevar_5/0000_phA13_phB07.png,Is the cyan cube closer to the camera than the green sphere? Answer with yes or no.,No,No,25.25,25.8125,True
/data/shared/Qwen/mydisk/output/SYNTHETIC/NVILA-Lite-2B-SYNTHETIC_MIX_10PCT_80K-20260224_234537,obj1_closer,output/phasevar_5/0000_phA13_phB08.png,Is the cyan cube closer to the camera than the green sphere? Answer with yes or no.,No,No,24.515625,25.0,True
/data/shared/Qwen/mydisk/output/SYNTHETIC/NVILA-Lite-2B-SYNTHETIC_MIX_10PCT_80K-20260224_234537,obj1_closer,output/phasevar_5/0000_phA13_phB09.png,Is the cyan cube closer to the camera than the green sphere? Answer with yes or no.,No,No,24.171875,24.984375,True
/data/shared/Qwen/mydisk/output/SYNTHETIC/NVILA-Lite-2B-SYNTHETIC_MIX_10PCT_80K-20260224_234537,obj1_closer,output/phasevar_5/0000_phA13_phB10.png,Is the cyan cube closer to the camera than the green sphere? Answer with yes or no.,No,No,24.59375,25.53125,True
/data/shared/Qwen/mydisk/output/SYNTHETIC/NVILA-Lite-2B-SYNTHETIC_MIX_10PCT_80K-20260224_234537,obj1_closer,output/phasevar_5/0000_phA13_phB11.png,Is the cyan cube closer to the camera than the green sphere? Answer with yes or no.,No,No,24.234375,24.890625,True
/data/shared/Qwen/mydisk/output/SYNTHETIC/NVILA-Lite-2B-SYNTHETIC_MIX_10PCT_80K-20260224_234537,obj1_closer,output/phasevar_5/0000_phA13_phB12.png,Is the cyan cube closer to the camera than the green sphere? Answer with yes or no.,No,No,24.65625,25.109375,True
/data/shared/Qwen/mydisk/output/SYNTHETIC/NVILA-Lite-2B-SYNTHETIC_MIX_10PCT_80K-20260224_234537,obj1_closer,output/phasevar_5/0000_phA13_phB13.png,Is the cyan cube closer to the camera than the green sphere? Answer with yes or no.,No,No,24.796875,25.21875,True
/data/shared/Qwen/mydisk/output/SYNTHETIC/NVILA-Lite-2B-SYNTHETIC_MIX_10PCT_80K-20260224_234537,obj1_closer,output/phasevar_5/0000_phA13_phB14.png,Is the cyan cube closer to the camera than the green sphere? Answer with yes or no.,No,No,25.234375,25.484375,True
/data/shared/Qwen/mydisk/output/SYNTHETIC/NVILA-Lite-2B-SYNTHETIC_MIX_10PCT_80K-20260224_234537,obj1_closer,output/phasevar_5/0000_phA13_phB15.png,Is the cyan cube closer to the camera than the green sphere? Answer with yes or no.,No,Yes,25.453125,25.421875,False
/data/shared/Qwen/mydisk/output/SYNTHETIC/NVILA-Lite-2B-SYNTHETIC_MIX_10PCT_80K-20260224_234537,obj1_closer,output/phasevar_5/0000_phA14_phB00.png,Is the cyan cube closer to the camera than the green sphere? Answer with yes or no.,No,No,25.84375,26.328125,True
/data/shared/Qwen/mydisk/output/SYNTHETIC/NVILA-Lite-2B-SYNTHETIC_MIX_10PCT_80K-20260224_234537,obj1_closer,output/phasevar_5/0000_phA14_phB01.png,Is the cyan cube closer to the camera than the green sphere? Answer with yes or no.,No,No,26.796875,26.984375,True
/data/shared/Qwen/mydisk/output/SYNTHETIC/NVILA-Lite-2B-SYNTHETIC_MIX_10PCT_80K-20260224_234537,obj1_closer,output/phasevar_5/0000_phA14_phB02.png,Is the cyan cube closer to the camera than the green sphere? Answer with yes or no.,No,Yes,27.453125,27.15625,False
/data/shared/Qwen/mydisk/output/SYNTHETIC/NVILA-Lite-2B-SYNTHETIC_MIX_10PCT_80K-20260224_234537,obj1_closer,output/phasevar_5/0000_phA14_phB03.png,Is the cyan cube closer to the camera than the green sphere? Answer with yes or no.,No,Yes,27.25,26.703125,False
/data/shared/Qwen/mydisk/output/SYNTHETIC/NVILA-Lite-2B-SYNTHETIC_MIX_10PCT_80K-20260224_234537,obj1_closer,output/phasevar_5/0000_phA14_phB04.png,Is the cyan cube closer to the camera than the green sphere? Answer with yes or no.,No,Yes,26.921875,26.140625,False
/data/shared/Qwen/mydisk/output/SYNTHETIC/NVILA-Lite-2B-SYNTHETIC_MIX_10PCT_80K-20260224_234537,obj1_closer,output/phasevar_5/0000_phA14_phB05.png,Is the cyan cube closer to the camera than the green sphere? Answer with yes or no.,No,No,25.984375,26.0625,True
/data/shared/Qwen/mydisk/output/SYNTHETIC/NVILA-Lite-2B-SYNTHETIC_MIX_10PCT_80K-20260224_234537,obj1_closer,output/phasevar_5/0000_phA14_phB06.png,Is the cyan cube closer to the camera than the green sphere? Answer with yes or no.,No,No,26.28125,27.3125,True
/data/shared/Qwen/mydisk/output/SYNTHETIC/NVILA-Lite-2B-SYNTHETIC_MIX_10PCT_80K-20260224_234537,obj1_closer,output/phasevar_5/0000_phA14_phB07.png,Is the cyan cube closer to the camera than the green sphere? Answer with yes or no.,No,No,25.734375,26.625,True
/data/shared/Qwen/mydisk/output/SYNTHETIC/NVILA-Lite-2B-SYNTHETIC_MIX_10PCT_80K-20260224_234537,obj1_closer,output/phasevar_5/0000_phA14_phB08.png,Is the cyan cube closer to the camera than the green sphere? Answer with yes or no.,No,No,24.984375,25.765625,True
/data/shared/Qwen/mydisk/output/SYNTHETIC/NVILA-Lite-2B-SYNTHETIC_MIX_10PCT_80K-20260224_234537,obj1_closer,output/phasevar_5/0000_phA14_phB09.png,Is the cyan cube closer to the camera than the green sphere? Answer with yes or no.,No,No,24.765625,25.625,True
/data/shared/Qwen/mydisk/output/SYNTHETIC/NVILA-Lite-2B-SYNTHETIC_MIX_10PCT_80K-20260224_234537,obj1_closer,output/phasevar_5/0000_phA14_phB10.png,Is the cyan cube closer to the camera than the green sphere? Answer with yes or no.,No,No,25.46875,26.359375,True
/data/shared/Qwen/mydisk/output/SYNTHETIC/NVILA-Lite-2B-SYNTHETIC_MIX_10PCT_80K-20260224_234537,obj1_closer,output/phasevar_5/0000_phA14_phB11.png,Is the cyan cube closer to the camera than the green sphere? Answer with yes or no.,No,No,25.234375,25.71875,True
/data/shared/Qwen/mydisk/output/SYNTHETIC/NVILA-Lite-2B-SYNTHETIC_MIX_10PCT_80K-20260224_234537,obj1_closer,output/phasevar_5/0000_phA14_phB12.png,Is the cyan cube closer to the camera than the green sphere? Answer with yes or no.,No,No,25.40625,25.515625,True
/data/shared/Qwen/mydisk/output/SYNTHETIC/NVILA-Lite-2B-SYNTHETIC_MIX_10PCT_80K-20260224_234537,obj1_closer,output/phasevar_5/0000_phA14_phB13.png,Is the cyan cube closer to the camera than the green sphere? Answer with yes or no.,No,No,25.21875,25.5625,True
/data/shared/Qwen/mydisk/output/SYNTHETIC/NVILA-Lite-2B-SYNTHETIC_MIX_10PCT_80K-20260224_234537,obj1_closer,output/phasevar_5/0000_phA14_phB14.png,Is the cyan cube closer to the camera than the green sphere? Answer with yes or no.,No,No,25.6875,26.34375,True
/data/shared/Qwen/mydisk/output/SYNTHETIC/NVILA-Lite-2B-SYNTHETIC_MIX_10PCT_80K-20260224_234537,obj1_closer,output/phasevar_5/0000_phA14_phB15.png,Is the cyan cube closer to the camera than the green sphere? Answer with yes or no.,No,No,25.734375,26.28125,True
/data/shared/Qwen/mydisk/output/SYNTHETIC/NVILA-Lite-2B-SYNTHETIC_MIX_10PCT_80K-20260224_234537,obj1_closer,output/phasevar_5/0000_phA15_phB00.png,Is the cyan cube closer to the camera than the green sphere? Answer with yes or no.,No,No,25.90625,26.640625,True
/data/shared/Qwen/mydisk/output/SYNTHETIC/NVILA-Lite-2B-SYNTHETIC_MIX_10PCT_80K-20260224_234537,obj1_closer,output/phasevar_5/0000_phA15_phB01.png,Is the cyan cube closer to the camera than the green sphere? Answer with yes or no.,No,No,26.578125,27.109375,True
/data/shared/Qwen/mydisk/output/SYNTHETIC/NVILA-Lite-2B-SYNTHETIC_MIX_10PCT_80K-20260224_234537,obj1_closer,output/phasevar_5/0000_phA15_phB02.png,Is the cyan cube closer to the camera than the green sphere? Answer with yes or no.,No,Yes,27.046875,26.96875,False
/data/shared/Qwen/mydisk/output/SYNTHETIC/NVILA-Lite-2B-SYNTHETIC_MIX_10PCT_80K-20260224_234537,obj1_closer,output/phasevar_5/0000_phA15_phB03.png,Is the cyan cube closer to the camera than the green sphere? Answer with yes or no.,No,Yes,26.71875,26.609375,False
/data/shared/Qwen/mydisk/output/SYNTHETIC/NVILA-Lite-2B-SYNTHETIC_MIX_10PCT_80K-20260224_234537,obj1_closer,output/phasevar_5/0000_phA15_phB04.png,Is the cyan cube closer to the camera than the green sphere? Answer with yes or no.,No,Yes,26.5,26.3125,False
/data/shared/Qwen/mydisk/output/SYNTHETIC/NVILA-Lite-2B-SYNTHETIC_MIX_10PCT_80K-20260224_234537,obj1_closer,output/phasevar_5/0000_phA15_phB05.png,Is the cyan cube closer to the camera than the green sphere? Answer with yes or no.,No,No,25.671875,25.984375,True
/data/shared/Qwen/mydisk/output/SYNTHETIC/NVILA-Lite-2B-SYNTHETIC_MIX_10PCT_80K-20260224_234537,obj1_closer,output/phasevar_5/0000_phA15_phB06.png,Is the cyan cube closer to the camera than the green sphere? Answer with yes or no.,No,No,26.046875,27.046875,True
/data/shared/Qwen/mydisk/output/SYNTHETIC/NVILA-Lite-2B-SYNTHETIC_MIX_10PCT_80K-20260224_234537,obj1_closer,output/phasevar_5/0000_phA15_phB07.png,Is the cyan cube closer to the camera than the green sphere? Answer with yes or no.,No,No,25.53125,26.375,True
/data/shared/Qwen/mydisk/output/SYNTHETIC/NVILA-Lite-2B-SYNTHETIC_MIX_10PCT_80K-20260224_234537,obj1_closer,output/phasevar_5/0000_phA15_phB08.png,Is the cyan cube closer to the camera than the green sphere? Answer with yes or no.,No,No,24.734375,25.609375,True
/data/shared/Qwen/mydisk/output/SYNTHETIC/NVILA-Lite-2B-SYNTHETIC_MIX_10PCT_80K-20260224_234537,obj1_closer,output/phasevar_5/0000_phA15_phB09.png,Is the cyan cube closer to the camera than the green sphere? Answer with yes or no.,No,No,24.796875,25.59375,True
/data/shared/Qwen/mydisk/output/SYNTHETIC/NVILA-Lite-2B-SYNTHETIC_MIX_10PCT_80K-20260224_234537,obj1_closer,output/phasevar_5/0000_phA15_phB10.png,Is the cyan cube closer to the camera than the green sphere? Answer with yes or no.,No,No,25.15625,25.828125,True
/data/shared/Qwen/mydisk/output/SYNTHETIC/NVILA-Lite-2B-SYNTHETIC_MIX_10PCT_80K-20260224_234537,obj1_closer,output/phasevar_5/0000_phA15_phB11.png,Is the cyan cube closer to the camera than the green sphere? Answer with yes or no.,No,No,25.0625,25.25,True
/data/shared/Qwen/mydisk/output/SYNTHETIC/NVILA-Lite-2B-SYNTHETIC_MIX_10PCT_80K-20260224_234537,obj1_closer,output/phasevar_5/0000_phA15_phB12.png,Is the cyan cube closer to the camera than the green sphere? Answer with yes or no.,No,Yes,25.0,24.859375,False
/data/shared/Qwen/mydisk/output/SYNTHETIC/NVILA-Lite-2B-SYNTHETIC_MIX_10PCT_80K-20260224_234537,obj1_closer,output/phasevar_5/0000_phA15_phB13.png,Is the cyan cube closer to the camera than the green sphere? Answer with yes or no.,No,No,24.859375,25.171875,True
/data/shared/Qwen/mydisk/output/SYNTHETIC/NVILA-Lite-2B-SYNTHETIC_MIX_10PCT_80K-20260224_234537,obj1_closer,output/phasevar_5/0000_phA15_phB14.png,Is the cyan cube closer to the camera than the green sphere? Answer with yes or no.,No,No,24.953125,25.59375,True
/data/shared/Qwen/mydisk/output/SYNTHETIC/NVILA-Lite-2B-SYNTHETIC_MIX_10PCT_80K-20260224_234537,obj1_closer,output/phasevar_5/0000_phA15_phB15.png,Is the cyan cube closer to the camera than the green sphere? Answer with yes or no.,No,No,25.171875,25.921875,True
/data/shared/Qwen/mydisk/output/SYNTHETIC/NVILA-Lite-2B-SYNTHETIC_MIX_10PCT_80K-20260224_234537,obj1_closer,output/phasevar_5/0001_phA00_phB00.png,Is the green sphere closer to the camera than the blue cube? Answer with yes or no.,No,No,25.140625,27.34375,True
/data/shared/Qwen/mydisk/output/SYNTHETIC/NVILA-Lite-2B-SYNTHETIC_MIX_10PCT_80K-20260224_234537,obj1_closer,output/phasevar_5/0001_phA00_phB01.png,Is the green sphere closer to the camera than the blue cube? Answer with yes or no.,No,No,25.890625,27.609375,True
/data/shared/Qwen/mydisk/output/SYNTHETIC/NVILA-Lite-2B-SYNTHETIC_MIX_10PCT_80K-20260224_234537,obj1_closer,output/phasevar_5/0001_phA00_phB02.png,Is the green sphere closer to the camera than the blue cube? Answer with yes or no.,No,No,26.15625,27.46875,True
/data/shared/Qwen/mydisk/output/SYNTHETIC/NVILA-Lite-2B-SYNTHETIC_MIX_10PCT_80K-20260224_234537,obj1_closer,output/phasevar_5/0001_phA00_phB03.png,Is the green sphere closer to the camera than the blue cube? Answer with yes or no.,No,No,26.390625,27.0625,True
/data/shared/Qwen/mydisk/output/SYNTHETIC/NVILA-Lite-2B-SYNTHETIC_MIX_10PCT_80K-20260224_234537,obj1_closer,output/phasevar_5/0001_phA00_phB04.png,Is the green sphere closer to the camera than the blue cube? Answer with yes or no.,No,No,26.609375,26.875,True
/data/shared/Qwen/mydisk/output/SYNTHETIC/NVILA-Lite-2B-SYNTHETIC_MIX_10PCT_80K-20260224_234537,obj1_closer,output/phasevar_5/0001_phA00_phB05.png,Is the green sphere closer to the camera than the blue cube? Answer with yes or no.,No,No,25.953125,26.734375,True
/data/shared/Qwen/mydisk/output/SYNTHETIC/NVILA-Lite-2B-SYNTHETIC_MIX_10PCT_80K-20260224_234537,obj1_closer,output/phasevar_5/0001_phA00_phB06.png,Is the green sphere closer to the camera than the blue cube? Answer with yes or no.,No,No,26.109375,27.34375,True
/data/shared/Qwen/mydisk/output/SYNTHETIC/NVILA-Lite-2B-SYNTHETIC_MIX_10PCT_80K-20260224_234537,obj1_closer,output/phasevar_5/0001_phA00_phB07.png,Is the green sphere closer to the camera than the blue cube? Answer with yes or no.,No,No,25.546875,26.921875,True
/data/shared/Qwen/mydisk/output/SYNTHETIC/NVILA-Lite-2B-SYNTHETIC_MIX_10PCT_80K-20260224_234537,obj1_closer,output/phasevar_5/0001_phA00_phB08.png,Is the green sphere closer to the camera than the blue cube? Answer with yes or no.,No,No,25.03125,26.28125,True
/data/shared/Qwen/mydisk/output/SYNTHETIC/NVILA-Lite-2B-SYNTHETIC_MIX_10PCT_80K-20260224_234537,obj1_closer,output/phasevar_5/0001_phA00_phB09.png,Is the green sphere closer to the camera than the blue cube? Answer with yes or no.,No,No,24.71875,25.953125,True
/data/shared/Qwen/mydisk/output/SYNTHETIC/NVILA-Lite-2B-SYNTHETIC_MIX_10PCT_80K-20260224_234537,obj1_closer,output/phasevar_5/0001_phA00_phB10.png,Is the green sphere closer to the camera than the blue cube? Answer with yes or no.,No,No,25.15625,26.21875,True
/data/shared/Qwen/mydisk/output/SYNTHETIC/NVILA-Lite-2B-SYNTHETIC_MIX_10PCT_80K-20260224_234537,obj1_closer,output/phasevar_5/0001_phA00_phB11.png,Is the green sphere closer to the camera than the blue cube? Answer with yes or no.,No,No,25.328125,26.375,True
/data/shared/Qwen/mydisk/output/SYNTHETIC/NVILA-Lite-2B-SYNTHETIC_MIX_10PCT_80K-20260224_234537,obj1_closer,output/phasevar_5/0001_phA00_phB12.png,Is the green sphere closer to the camera than the blue cube? Answer with yes or no.,No,No,25.203125,26.6875,True
/data/shared/Qwen/mydisk/output/SYNTHETIC/NVILA-Lite-2B-SYNTHETIC_MIX_10PCT_80K-20260224_234537,obj1_closer,output/phasevar_5/0001_phA00_phB13.png,Is the green sphere closer to the camera than the blue cube? Answer with yes or no.,No,No,24.578125,25.875,True
/data/shared/Qwen/mydisk/output/SYNTHETIC/NVILA-Lite-2B-SYNTHETIC_MIX_10PCT_80K-20260224_234537,obj1_closer,output/phasevar_5/0001_phA00_phB14.png,Is the green sphere closer to the camera than the blue cube? Answer with yes or no.,No,No,24.765625,26.578125,True
/data/shared/Qwen/mydisk/output/SYNTHETIC/NVILA-Lite-2B-SYNTHETIC_MIX_10PCT_80K-20260224_234537,obj1_closer,output/phasevar_5/0001_phA00_phB15.png,Is the green sphere closer to the camera than the blue cube? Answer with yes or no.,No,No,24.640625,27.046875,True
/data/shared/Qwen/mydisk/output/SYNTHETIC/NVILA-Lite-2B-SYNTHETIC_MIX_10PCT_80K-20260224_234537,obj1_closer,output/phasevar_5/0001_phA01_phB00.png,Is the green sphere closer to the camera than the blue cube? Answer with yes or no.,No,No,25.046875,27.125,True
/data/shared/Qwen/mydisk/output/SYNTHETIC/NVILA-Lite-2B-SYNTHETIC_MIX_10PCT_80K-20260224_234537,obj1_closer,output/phasevar_5/0001_phA01_phB01.png,Is the green sphere closer to the camera than the blue cube? Answer with yes or no.,No,No,25.96875,27.859375,True
/data/shared/Qwen/mydisk/output/SYNTHETIC/NVILA-Lite-2B-SYNTHETIC_MIX_10PCT_80K-20260224_234537,obj1_closer,output/phasevar_5/0001_phA01_phB02.png,Is the green sphere closer to the camera than the blue cube? Answer with yes or no.,No,No,26.109375,27.484375,True
/data/shared/Qwen/mydisk/output/SYNTHETIC/NVILA-Lite-2B-SYNTHETIC_MIX_10PCT_80K-20260224_234537,obj1_closer,output/phasevar_5/0001_phA01_phB03.png,Is the green sphere closer to the camera than the blue cube? Answer with yes or no.,No,No,26.3125,27.5625,True
/data/shared/Qwen/mydisk/output/SYNTHETIC/NVILA-Lite-2B-SYNTHETIC_MIX_10PCT_80K-20260224_234537,obj1_closer,output/phasevar_5/0001_phA01_phB04.png,Is the green sphere closer to the camera than the blue cube? Answer with yes or no.,No,No,26.703125,27.703125,True
/data/shared/Qwen/mydisk/output/SYNTHETIC/NVILA-Lite-2B-SYNTHETIC_MIX_10PCT_80K-20260224_234537,obj1_closer,output/phasevar_5/0001_phA01_phB05.png,Is the green sphere closer to the camera than the blue cube? Answer with yes or no.,No,No,25.796875,26.859375,True
/data/shared/Qwen/mydisk/output/SYNTHETIC/NVILA-Lite-2B-SYNTHETIC_MIX_10PCT_80K-20260224_234537,obj1_closer,output/phasevar_5/0001_phA01_phB06.png,Is the green sphere closer to the camera than the blue cube? Answer with yes or no.,No,No,26.171875,27.390625,True
/data/shared/Qwen/mydisk/output/SYNTHETIC/NVILA-Lite-2B-SYNTHETIC_MIX_10PCT_80K-20260224_234537,obj1_closer,output/phasevar_5/0001_phA01_phB07.png,Is the green sphere closer to the camera than the blue cube? Answer with yes or no.,No,No,25.625,26.828125,True
/data/shared/Qwen/mydisk/output/SYNTHETIC/NVILA-Lite-2B-SYNTHETIC_MIX_10PCT_80K-20260224_234537,obj1_closer,output/phasevar_5/0001_phA01_phB08.png,Is the green sphere closer to the camera than the blue cube? Answer with yes or no.,No,No,25.453125,26.453125,True
/data/shared/Qwen/mydisk/output/SYNTHETIC/NVILA-Lite-2B-SYNTHETIC_MIX_10PCT_80K-20260224_234537,obj1_closer,output/phasevar_5/0001_phA01_phB09.png,Is the green sphere closer to the camera than the blue cube? Answer with yes or no.,No,No,25.34375,26.203125,True
/data/shared/Qwen/mydisk/output/SYNTHETIC/NVILA-Lite-2B-SYNTHETIC_MIX_10PCT_80K-20260224_234537,obj1_closer,output/phasevar_5/0001_phA01_phB10.png,Is the green sphere closer to the camera than the blue cube? Answer with yes or no.,No,No,25.53125,26.328125,True
/data/shared/Qwen/mydisk/output/SYNTHETIC/NVILA-Lite-2B-SYNTHETIC_MIX_10PCT_80K-20260224_234537,obj1_closer,output/phasevar_5/0001_phA01_phB11.png,Is the green sphere closer to the camera than the blue cube? Answer with yes or no.,No,No,26.21875,26.671875,True
/data/shared/Qwen/mydisk/output/SYNTHETIC/NVILA-Lite-2B-SYNTHETIC_MIX_10PCT_80K-20260224_234537,obj1_closer,output/phasevar_5/0001_phA01_phB12.png,Is the green sphere closer to the camera than the blue cube? Answer with yes or no.,No,No,26.09375,26.96875,True
/data/shared/Qwen/mydisk/output/SYNTHETIC/NVILA-Lite-2B-SYNTHETIC_MIX_10PCT_80K-20260224_234537,obj1_closer,output/phasevar_5/0001_phA01_phB13.png,Is the green sphere closer to the camera than the blue cube? Answer with yes or no.,No,No,25.234375,26.25,True
/data/shared/Qwen/mydisk/output/SYNTHETIC/NVILA-Lite-2B-SYNTHETIC_MIX_10PCT_80K-20260224_234537,obj1_closer,output/phasevar_5/0001_phA01_phB14.png,Is the green sphere closer to the camera than the blue cube? Answer with yes or no.,No,No,24.984375,26.546875,True
/data/shared/Qwen/mydisk/output/SYNTHETIC/NVILA-Lite-2B-SYNTHETIC_MIX_10PCT_80K-20260224_234537,obj1_closer,output/phasevar_5/0001_phA01_phB15.png,Is the green sphere closer to the camera than the blue cube? Answer with yes or no.,No,No,24.65625,26.90625,True
/data/shared/Qwen/mydisk/output/SYNTHETIC/NVILA-Lite-2B-SYNTHETIC_MIX_10PCT_80K-20260224_234537,obj1_closer,output/phasevar_5/0001_phA02_phB00.png,Is the green sphere closer to the camera than the blue cube? Answer with yes or no.,No,No,24.515625,26.25,True
/data/shared/Qwen/mydisk/output/SYNTHETIC/NVILA-Lite-2B-SYNTHETIC_MIX_10PCT_80K-20260224_234537,obj1_closer,output/phasevar_5/0001_phA02_phB01.png,Is the green sphere closer to the camera than the blue cube? Answer with yes or no.,No,No,25.28125,27.15625,True
/data/shared/Qwen/mydisk/output/SYNTHETIC/NVILA-Lite-2B-SYNTHETIC_MIX_10PCT_80K-20260224_234537,obj1_closer,output/phasevar_5/0001_phA02_phB02.png,Is the green sphere closer to the camera than the blue cube? Answer with yes or no.,No,No,25.546875,27.078125,True
/data/shared/Qwen/mydisk/output/SYNTHETIC/NVILA-Lite-2B-SYNTHETIC_MIX_10PCT_80K-20260224_234537,obj1_closer,output/phasevar_5/0001_phA02_phB03.png,Is the green sphere closer to the camera than the blue cube? Answer with yes or no.,No,No,25.65625,27.21875,True
/data/shared/Qwen/mydisk/output/SYNTHETIC/NVILA-Lite-2B-SYNTHETIC_MIX_10PCT_80K-20260224_234537,obj1_closer,output/phasevar_5/0001_phA02_phB04.png,Is the green sphere closer to the camera than the blue cube? Answer with yes or no.,No,No,25.671875,27.0,True
/data/shared/Qwen/mydisk/output/SYNTHETIC/NVILA-Lite-2B-SYNTHETIC_MIX_10PCT_80K-20260224_234537,obj1_closer,output/phasevar_5/0001_phA02_phB05.png,Is the green sphere closer to the camera than the blue cube? Answer with yes or no.,No,No,25.046875,26.09375,True
/data/shared/Qwen/mydisk/output/SYNTHETIC/NVILA-Lite-2B-SYNTHETIC_MIX_10PCT_80K-20260224_234537,obj1_closer,output/phasevar_5/0001_phA02_phB06.png,Is the green sphere closer to the camera than the blue cube? Answer with yes or no.,No,No,25.59375,26.875,True
/data/shared/Qwen/mydisk/output/SYNTHETIC/NVILA-Lite-2B-SYNTHETIC_MIX_10PCT_80K-20260224_234537,obj1_closer,output/phasevar_5/0001_phA02_phB07.png,Is the green sphere closer to the camera than the blue cube? Answer with yes or no.,No,No,25.3125,26.3125,True
/data/shared/Qwen/mydisk/output/SYNTHETIC/NVILA-Lite-2B-SYNTHETIC_MIX_10PCT_80K-20260224_234537,obj1_closer,output/phasevar_5/0001_phA02_phB08.png,Is the green sphere closer to the camera than the blue cube? Answer with yes or no.,No,No,25.6875,26.203125,True
/data/shared/Qwen/mydisk/output/SYNTHETIC/NVILA-Lite-2B-SYNTHETIC_MIX_10PCT_80K-20260224_234537,obj1_closer,output/phasevar_5/0001_phA02_phB09.png,Is the green sphere closer to the camera than the blue cube? Answer with yes or no.,No,No,25.578125,25.8125,True
/data/shared/Qwen/mydisk/output/SYNTHETIC/NVILA-Lite-2B-SYNTHETIC_MIX_10PCT_80K-20260224_234537,obj1_closer,output/phasevar_5/0001_phA02_phB10.png,Is the green sphere closer to the camera than the blue cube? Answer with yes or no.,No,No,25.703125,26.28125,True
/data/shared/Qwen/mydisk/output/SYNTHETIC/NVILA-Lite-2B-SYNTHETIC_MIX_10PCT_80K-20260224_234537,obj1_closer,output/phasevar_5/0001_phA02_phB11.png,Is the green sphere closer to the camera than the blue cube? Answer with yes or no.,No,No,26.265625,26.5625,True
/data/shared/Qwen/mydisk/output/SYNTHETIC/NVILA-Lite-2B-SYNTHETIC_MIX_10PCT_80K-20260224_234537,obj1_closer,output/phasevar_5/0001_phA02_phB12.png,Is the green sphere closer to the camera than the blue cube? Answer with yes or no.,No,No,25.75,26.671875,True
/data/shared/Qwen/mydisk/output/SYNTHETIC/NVILA-Lite-2B-SYNTHETIC_MIX_10PCT_80K-20260224_234537,obj1_closer,output/phasevar_5/0001_phA02_phB13.png,Is the green sphere closer to the camera than the blue cube? Answer with yes or no.,No,No,24.921875,25.5625,True
/data/shared/Qwen/mydisk/output/SYNTHETIC/NVILA-Lite-2B-SYNTHETIC_MIX_10PCT_80K-20260224_234537,obj1_closer,output/phasevar_5/0001_phA02_phB14.png,Is the green sphere closer to the camera than the blue cube? Answer with yes or no.,No,No,24.484375,25.984375,True
/data/shared/Qwen/mydisk/output/SYNTHETIC/NVILA-Lite-2B-SYNTHETIC_MIX_10PCT_80K-20260224_234537,obj1_closer,output/phasevar_5/0001_phA02_phB15.png,Is the green sphere closer to the camera than the blue cube? Answer with yes or no.,No,No,24.109375,25.921875,True
/data/shared/Qwen/mydisk/output/SYNTHETIC/NVILA-Lite-2B-SYNTHETIC_MIX_10PCT_80K-20260224_234537,obj1_closer,output/phasevar_5/0001_phA03_phB00.png,Is the green sphere closer to the camera than the blue cube? Answer with yes or no.,No,No,24.5625,26.078125,True
/data/shared/Qwen/mydisk/output/SYNTHETIC/NVILA-Lite-2B-SYNTHETIC_MIX_10PCT_80K-20260224_234537,obj1_closer,output/phasevar_5/0001_phA03_phB01.png,Is the green sphere closer to the camera than the blue cube? Answer with yes or no.,No,No,25.328125,26.96875,True
/data/shared/Qwen/mydisk/output/SYNTHETIC/NVILA-Lite-2B-SYNTHETIC_MIX_10PCT_80K-20260224_234537,obj1_closer,output/phasevar_5/0001_phA03_phB02.png,Is the green sphere closer to the camera than the blue cube? Answer with yes or no.,No,No,25.578125,26.8125,True
/data/shared/Qwen/mydisk/output/SYNTHETIC/NVILA-Lite-2B-SYNTHETIC_MIX_10PCT_80K-20260224_234537,obj1_closer,output/phasevar_5/0001_phA03_phB03.png,Is the green sphere closer to the camera than the blue cube? Answer with yes or no.,No,No,25.515625,27.09375,True
/data/shared/Qwen/mydisk/output/SYNTHETIC/NVILA-Lite-2B-SYNTHETIC_MIX_10PCT_80K-20260224_234537,obj1_closer,output/phasevar_5/0001_phA03_phB04.png,Is the green sphere closer to the camera than the blue cube? Answer with yes or no.,No,No,25.546875,27.0,True
/data/shared/Qwen/mydisk/output/SYNTHETIC/NVILA-Lite-2B-SYNTHETIC_MIX_10PCT_80K-20260224_234537,obj1_closer,output/phasevar_5/0001_phA03_phB05.png,Is the green sphere closer to the camera than the blue cube? Answer with yes or no.,No,No,24.953125,26.453125,True
/data/shared/Qwen/mydisk/output/SYNTHETIC/NVILA-Lite-2B-SYNTHETIC_MIX_10PCT_80K-20260224_234537,obj1_closer,output/phasevar_5/0001_phA03_phB06.png,Is the green sphere closer to the camera than the blue cube? Answer with yes or no.,No,No,25.515625,26.890625,True
/data/shared/Qwen/mydisk/output/SYNTHETIC/NVILA-Lite-2B-SYNTHETIC_MIX_10PCT_80K-20260224_234537,obj1_closer,output/phasevar_5/0001_phA03_phB07.png,Is the green sphere closer to the camera than the blue cube? Answer with yes or no.,No,No,25.046875,26.53125,True
/data/shared/Qwen/mydisk/output/SYNTHETIC/NVILA-Lite-2B-SYNTHETIC_MIX_10PCT_80K-20260224_234537,obj1_closer,output/phasevar_5/0001_phA03_phB08.png,Is the green sphere closer to the camera than the blue cube? Answer with yes or no.,No,No,25.0,26.109375,True
/data/shared/Qwen/mydisk/output/SYNTHETIC/NVILA-Lite-2B-SYNTHETIC_MIX_10PCT_80K-20260224_234537,obj1_closer,output/phasevar_5/0001_phA03_phB09.png,Is the green sphere closer to the camera than the blue cube? Answer with yes or no.,No,No,24.53125,25.5625,True
/data/shared/Qwen/mydisk/output/SYNTHETIC/NVILA-Lite-2B-SYNTHETIC_MIX_10PCT_80K-20260224_234537,obj1_closer,output/phasevar_5/0001_phA03_phB10.png,Is the green sphere closer to the camera than the blue cube? Answer with yes or no.,No,No,24.71875,25.875,True
/data/shared/Qwen/mydisk/output/SYNTHETIC/NVILA-Lite-2B-SYNTHETIC_MIX_10PCT_80K-20260224_234537,obj1_closer,output/phasevar_5/0001_phA03_phB11.png,Is the green sphere closer to the camera than the blue cube? Answer with yes or no.,No,No,24.359375,25.71875,True
/data/shared/Qwen/mydisk/output/SYNTHETIC/NVILA-Lite-2B-SYNTHETIC_MIX_10PCT_80K-20260224_234537,obj1_closer,output/phasevar_5/0001_phA03_phB12.png,Is the green sphere closer to the camera than the blue cube? Answer with yes or no.,No,No,24.3125,25.984375,True
/data/shared/Qwen/mydisk/output/SYNTHETIC/NVILA-Lite-2B-SYNTHETIC_MIX_10PCT_80K-20260224_234537,obj1_closer,output/phasevar_5/0001_phA03_phB13.png,Is the green sphere closer to the camera than the blue cube? Answer with yes or no.,No,No,23.96875,25.265625,True
/data/shared/Qwen/mydisk/output/SYNTHETIC/NVILA-Lite-2B-SYNTHETIC_MIX_10PCT_80K-20260224_234537,obj1_closer,output/phasevar_5/0001_phA03_phB14.png,Is the green sphere closer to the camera than the blue cube? Answer with yes or no.,No,No,24.328125,25.609375,True
/data/shared/Qwen/mydisk/output/SYNTHETIC/NVILA-Lite-2B-SYNTHETIC_MIX_10PCT_80K-20260224_234537,obj1_closer,output/phasevar_5/0001_phA03_phB15.png,Is the green sphere closer to the camera than the blue cube? Answer with yes or no.,No,No,24.15625,25.84375,True
/data/shared/Qwen/mydisk/output/SYNTHETIC/NVILA-Lite-2B-SYNTHETIC_MIX_10PCT_80K-20260224_234537,obj1_closer,output/phasevar_5/0001_phA04_phB00.png,Is the green sphere closer to the camera than the blue cube? Answer with yes or no.,No,No,24.515625,26.09375,True
/data/shared/Qwen/mydisk/output/SYNTHETIC/NVILA-Lite-2B-SYNTHETIC_MIX_10PCT_80K-20260224_234537,obj1_closer,output/phasevar_5/0001_phA04_phB01.png,Is the green sphere closer to the camera than the blue cube? Answer with yes or no.,No,No,25.234375,26.890625,True
/data/shared/Qwen/mydisk/output/SYNTHETIC/NVILA-Lite-2B-SYNTHETIC_MIX_10PCT_80K-20260224_234537,obj1_closer,output/phasevar_5/0001_phA04_phB02.png,Is the green sphere closer to the camera than the blue cube? Answer with yes or no.,No,No,25.515625,26.90625,True
/data/shared/Qwen/mydisk/output/SYNTHETIC/NVILA-Lite-2B-SYNTHETIC_MIX_10PCT_80K-20260224_234537,obj1_closer,output/phasevar_5/0001_phA04_phB03.png,Is the green sphere closer to the camera than the blue cube? Answer with yes or no.,No,No,25.265625,27.015625,True
/data/shared/Qwen/mydisk/output/SYNTHETIC/NVILA-Lite-2B-SYNTHETIC_MIX_10PCT_80K-20260224_234537,obj1_closer,output/phasevar_5/0001_phA04_phB04.png,Is the green sphere closer to the camera than the blue cube? Answer with yes or no.,No,No,25.203125,26.75,True
/data/shared/Qwen/mydisk/output/SYNTHETIC/NVILA-Lite-2B-SYNTHETIC_MIX_10PCT_80K-20260224_234537,obj1_closer,output/phasevar_5/0001_phA04_phB05.png,Is the green sphere closer to the camera than the blue cube? Answer with yes or no.,No,No,24.890625,26.578125,True
/data/shared/Qwen/mydisk/output/SYNTHETIC/NVILA-Lite-2B-SYNTHETIC_MIX_10PCT_80K-20260224_234537,obj1_closer,output/phasevar_5/0001_phA04_phB06.png,Is the green sphere closer to the camera than the blue cube? Answer with yes or no.,No,No,25.109375,26.671875,True
/data/shared/Qwen/mydisk/output/SYNTHETIC/NVILA-Lite-2B-SYNTHETIC_MIX_10PCT_80K-20260224_234537,obj1_closer,output/phasevar_5/0001_phA04_phB07.png,Is the green sphere closer to the camera than the blue cube? Answer with yes or no.,No,No,24.796875,26.296875,True
/data/shared/Qwen/mydisk/output/SYNTHETIC/NVILA-Lite-2B-SYNTHETIC_MIX_10PCT_80K-20260224_234537,obj1_closer,output/phasevar_5/0001_phA04_phB08.png,Is the green sphere closer to the camera than the blue cube? Answer with yes or no.,No,No,24.59375,25.71875,True
/data/shared/Qwen/mydisk/output/SYNTHETIC/NVILA-Lite-2B-SYNTHETIC_MIX_10PCT_80K-20260224_234537,obj1_closer,output/phasevar_5/0001_phA04_phB09.png,Is the green sphere closer to the camera than the blue cube? Answer with yes or no.,No,No,24.140625,25.15625,True
/data/shared/Qwen/mydisk/output/SYNTHETIC/NVILA-Lite-2B-SYNTHETIC_MIX_10PCT_80K-20260224_234537,obj1_closer,output/phasevar_5/0001_phA04_phB10.png,Is the green sphere closer to the camera than the blue cube? Answer with yes or no.,No,No,24.296875,25.5625,True
/data/shared/Qwen/mydisk/output/SYNTHETIC/NVILA-Lite-2B-SYNTHETIC_MIX_10PCT_80K-20260224_234537,obj1_closer,output/phasevar_5/0001_phA04_phB11.png,Is the green sphere closer to the camera than the blue cube? Answer with yes or no.,No,No,24.203125,25.484375,True
/data/shared/Qwen/mydisk/output/SYNTHETIC/NVILA-Lite-2B-SYNTHETIC_MIX_10PCT_80K-20260224_234537,obj1_closer,output/phasevar_5/0001_phA04_phB12.png,Is the green sphere closer to the camera than the blue cube? Answer with yes or no.,No,No,24.1875,25.703125,True
/data/shared/Qwen/mydisk/output/SYNTHETIC/NVILA-Lite-2B-SYNTHETIC_MIX_10PCT_80K-20260224_234537,obj1_closer,output/phasevar_5/0001_phA04_phB13.png,Is the green sphere closer to the camera than the blue cube? Answer with yes or no.,No,No,24.046875,25.203125,True
/data/shared/Qwen/mydisk/output/SYNTHETIC/NVILA-Lite-2B-SYNTHETIC_MIX_10PCT_80K-20260224_234537,obj1_closer,output/phasevar_5/0001_phA04_phB14.png,Is the green sphere closer to the camera than the blue cube? Answer with yes or no.,No,No,24.265625,25.578125,True
/data/shared/Qwen/mydisk/output/SYNTHETIC/NVILA-Lite-2B-SYNTHETIC_MIX_10PCT_80K-20260224_234537,obj1_closer,output/phasevar_5/0001_phA04_phB15.png,Is the green sphere closer to the camera than the blue cube? Answer with yes or no.,No,No,24.046875,25.734375,True
/data/shared/Qwen/mydisk/output/SYNTHETIC/NVILA-Lite-2B-SYNTHETIC_MIX_10PCT_80K-20260224_234537,obj1_closer,output/phasevar_5/0001_phA05_phB00.png,Is the green sphere closer to the camera than the blue cube? Answer with yes or no.,No,No,24.875,26.40625,True
/data/shared/Qwen/mydisk/output/SYNTHETIC/NVILA-Lite-2B-SYNTHETIC_MIX_10PCT_80K-20260224_234537,obj1_closer,output/phasevar_5/0001_phA05_phB01.png,Is the green sphere closer to the camera than the blue cube? Answer with yes or no.,No,No,25.375,27.078125,True
/data/shared/Qwen/mydisk/output/SYNTHETIC/NVILA-Lite-2B-SYNTHETIC_MIX_10PCT_80K-20260224_234537,obj1_closer,output/phasevar_5/0001_phA05_phB02.png,Is the green sphere closer to the camera than the blue cube? Answer with yes or no.,No,No,25.5,26.828125,True
/data/shared/Qwen/mydisk/output/SYNTHETIC/NVILA-Lite-2B-SYNTHETIC_MIX_10PCT_80K-20260224_234537,obj1_closer,output/phasevar_5/0001_phA05_phB03.png,Is the green sphere closer to the camera than the blue cube? Answer with yes or no.,No,No,25.25,26.921875,True
/data/shared/Qwen/mydisk/output/SYNTHETIC/NVILA-Lite-2B-SYNTHETIC_MIX_10PCT_80K-20260224_234537,obj1_closer,output/phasevar_5/0001_phA05_phB04.png,Is the green sphere closer to the camera than the blue cube? Answer with yes or no.,No,No,25.234375,26.78125,True
/data/shared/Qwen/mydisk/output/SYNTHETIC/NVILA-Lite-2B-SYNTHETIC_MIX_10PCT_80K-20260224_234537,obj1_closer,output/phasevar_5/0001_phA05_phB05.png,Is the green sphere closer to the camera than the blue cube? Answer with yes or no.,No,No,25.046875,26.890625,True
/data/shared/Qwen/mydisk/output/SYNTHETIC/NVILA-Lite-2B-SYNTHETIC_MIX_10PCT_80K-20260224_234537,obj1_closer,output/phasevar_5/0001_phA05_phB06.png,Is the green sphere closer to the camera than the blue cube? Answer with yes or no.,No,No,25.0625,26.703125,True
/data/shared/Qwen/mydisk/output/SYNTHETIC/NVILA-Lite-2B-SYNTHETIC_MIX_10PCT_80K-20260224_234537,obj1_closer,output/phasevar_5/0001_phA05_phB07.png,Is the green sphere closer to the camera than the blue cube? Answer with yes or no.,No,No,24.9375,26.734375,True
/data/shared/Qwen/mydisk/output/SYNTHETIC/NVILA-Lite-2B-SYNTHETIC_MIX_10PCT_80K-20260224_234537,obj1_closer,output/phasevar_5/0001_phA05_phB08.png,Is the green sphere closer to the camera than the blue cube? Answer with yes or no.,No,No,24.671875,26.046875,True
/data/shared/Qwen/mydisk/output/SYNTHETIC/NVILA-Lite-2B-SYNTHETIC_MIX_10PCT_80K-20260224_234537,obj1_closer,output/phasevar_5/0001_phA05_phB09.png,Is the green sphere closer to the camera than the blue cube? Answer with yes or no.,No,No,24.4375,25.765625,True
/data/shared/Qwen/mydisk/output/SYNTHETIC/NVILA-Lite-2B-SYNTHETIC_MIX_10PCT_80K-20260224_234537,obj1_closer,output/phasevar_5/0001_phA05_phB10.png,Is the green sphere closer to the camera than the blue cube? Answer with yes or no.,No,No,24.546875,26.0,True
/data/shared/Qwen/mydisk/output/SYNTHETIC/NVILA-Lite-2B-SYNTHETIC_MIX_10PCT_80K-20260224_234537,obj1_closer,output/phasevar_5/0001_phA05_phB11.png,Is the green sphere closer to the camera than the blue cube? Answer with yes or no.,No,No,24.4375,25.671875,True
/data/shared/Qwen/mydisk/output/SYNTHETIC/NVILA-Lite-2B-SYNTHETIC_MIX_10PCT_80K-20260224_234537,obj1_closer,output/phasevar_5/0001_phA05_phB12.png,Is the green sphere closer to the camera than the blue cube? Answer with yes or no.,No,No,24.4375,25.75,True
/data/shared/Qwen/mydisk/output/SYNTHETIC/NVILA-Lite-2B-SYNTHETIC_MIX_10PCT_80K-20260224_234537,obj1_closer,output/phasevar_5/0001_phA05_phB13.png,Is the green sphere closer to the camera than the blue cube? Answer with yes or no.,No,No,24.421875,25.421875,True
/data/shared/Qwen/mydisk/output/SYNTHETIC/NVILA-Lite-2B-SYNTHETIC_MIX_10PCT_80K-20260224_234537,obj1_closer,output/phasevar_5/0001_phA05_phB14.png,Is the green sphere closer to the camera than the blue cube? Answer with yes or no.,No,No,24.515625,25.734375,True
/data/shared/Qwen/mydisk/output/SYNTHETIC/NVILA-Lite-2B-SYNTHETIC_MIX_10PCT_80K-20260224_234537,obj1_closer,output/phasevar_5/0001_phA05_phB15.png,Is the green sphere closer to the camera than the blue cube? Answer with yes or no.,No,No,24.34375,26.03125,True
/data/shared/Qwen/mydisk/output/SYNTHETIC/NVILA-Lite-2B-SYNTHETIC_MIX_10PCT_80K-20260224_234537,obj1_closer,output/phasevar_5/0001_phA06_phB00.png,Is the green sphere closer to the camera than the blue cube? Answer with yes or no.,No,No,25.15625,26.296875,True
/data/shared/Qwen/mydisk/output/SYNTHETIC/NVILA-Lite-2B-SYNTHETIC_MIX_10PCT_80K-20260224_234537,obj1_closer,output/phasevar_5/0001_phA06_phB01.png,Is the green sphere closer to the camera than the blue cube? Answer with yes or no.,No,No,25.625,26.96875,True
/data/shared/Qwen/mydisk/output/SYNTHETIC/NVILA-Lite-2B-SYNTHETIC_MIX_10PCT_80K-20260224_234537,obj1_closer,output/phasevar_5/0001_phA06_phB02.png,Is the green sphere closer to the camera than the blue cube? Answer with yes or no.,No,No,25.640625,26.671875,True
/data/shared/Qwen/mydisk/output/SYNTHETIC/NVILA-Lite-2B-SYNTHETIC_MIX_10PCT_80K-20260224_234537,obj1_closer,output/phasevar_5/0001_phA06_phB03.png,Is the green sphere closer to the camera than the blue cube? Answer with yes or no.,No,No,25.40625,26.3125,True
/data/shared/Qwen/mydisk/output/SYNTHETIC/NVILA-Lite-2B-SYNTHETIC_MIX_10PCT_80K-20260224_234537,obj1_closer,output/phasevar_5/0001_phA06_phB04.png,Is the green sphere closer to the camera than the blue cube? Answer with yes or no.,No,No,25.40625,26.3125,True
/data/shared/Qwen/mydisk/output/SYNTHETIC/NVILA-Lite-2B-SYNTHETIC_MIX_10PCT_80K-20260224_234537,obj1_closer,output/phasevar_5/0001_phA06_phB05.png,Is the green sphere closer to the camera than the blue cube? Answer with yes or no.,No,No,25.0,26.734375,True
/data/shared/Qwen/mydisk/output/SYNTHETIC/NVILA-Lite-2B-SYNTHETIC_MIX_10PCT_80K-20260224_234537,obj1_closer,output/phasevar_5/0001_phA06_phB06.png,Is the green sphere closer to the camera than the blue cube? Answer with yes or no.,No,No,25.03125,26.828125,True
/data/shared/Qwen/mydisk/output/SYNTHETIC/NVILA-Lite-2B-SYNTHETIC_MIX_10PCT_80K-20260224_234537,obj1_closer,output/phasevar_5/0001_phA06_phB07.png,Is the green sphere closer to the camera than the blue cube? Answer with yes or no.,No,No,25.0,26.890625,True
/data/shared/Qwen/mydisk/output/SYNTHETIC/NVILA-Lite-2B-SYNTHETIC_MIX_10PCT_80K-20260224_234537,obj1_closer,output/phasevar_5/0001_phA06_phB08.png,Is the green sphere closer to the camera than the blue cube? Answer with yes or no.,No,No,24.859375,26.40625,True
/data/shared/Qwen/mydisk/output/SYNTHETIC/NVILA-Lite-2B-SYNTHETIC_MIX_10PCT_80K-20260224_234537,obj1_closer,output/phasevar_5/0001_phA06_phB09.png,Is the green sphere closer to the camera than the blue cube? Answer with yes or no.,No,No,24.5625,26.171875,True
/data/shared/Qwen/mydisk/output/SYNTHETIC/NVILA-Lite-2B-SYNTHETIC_MIX_10PCT_80K-20260224_234537,obj1_closer,output/phasevar_5/0001_phA06_phB10.png,Is the green sphere closer to the camera than the blue cube? Answer with yes or no.,No,No,24.578125,26.125,True
/data/shared/Qwen/mydisk/output/SYNTHETIC/NVILA-Lite-2B-SYNTHETIC_MIX_10PCT_80K-20260224_234537,obj1_closer,output/phasevar_5/0001_phA06_phB11.png,Is the green sphere closer to the camera than the blue cube? Answer with yes or no.,No,No,24.859375,25.59375,True
/data/shared/Qwen/mydisk/output/SYNTHETIC/NVILA-Lite-2B-SYNTHETIC_MIX_10PCT_80K-20260224_234537,obj1_closer,output/phasevar_5/0001_phA06_phB12.png,Is the green sphere closer to the camera than the blue cube? Answer with yes or no.,No,No,25.5625,25.75,True
/data/shared/Qwen/mydisk/output/SYNTHETIC/NVILA-Lite-2B-SYNTHETIC_MIX_10PCT_80K-20260224_234537,obj1_closer,output/phasevar_5/0001_phA06_phB13.png,Is the green sphere closer to the camera than the blue cube? Answer with yes or no.,No,No,25.15625,25.4375,True
/data/shared/Qwen/mydisk/output/SYNTHETIC/NVILA-Lite-2B-SYNTHETIC_MIX_10PCT_80K-20260224_234537,obj1_closer,output/phasevar_5/0001_phA06_phB14.png,Is the green sphere closer to the camera than the blue cube? Answer with yes or no.,No,No,24.640625,25.640625,True
/data/shared/Qwen/mydisk/output/SYNTHETIC/NVILA-Lite-2B-SYNTHETIC_MIX_10PCT_80K-20260224_234537,obj1_closer,output/phasevar_5/0001_phA06_phB15.png,Is the green sphere closer to the camera than the blue cube? Answer with yes or no.,No,No,24.71875,26.0,True
/data/shared/Qwen/mydisk/output/SYNTHETIC/NVILA-Lite-2B-SYNTHETIC_MIX_10PCT_80K-20260224_234537,obj1_closer,output/phasevar_5/0001_phA07_phB00.png,Is the green sphere closer to the camera than the blue cube? Answer with yes or no.,No,No,25.4375,26.6875,True
/data/shared/Qwen/mydisk/output/SYNTHETIC/NVILA-Lite-2B-SYNTHETIC_MIX_10PCT_80K-20260224_234537,obj1_closer,output/phasevar_5/0001_phA07_phB01.png,Is the green sphere closer to the camera than the blue cube? Answer with yes or no.,No,No,26.171875,27.359375,True
/data/shared/Qwen/mydisk/output/SYNTHETIC/NVILA-Lite-2B-SYNTHETIC_MIX_10PCT_80K-20260224_234537,obj1_closer,output/phasevar_5/0001_phA07_phB02.png,Is the green sphere closer to the camera than the blue cube? Answer with yes or no.,No,No,26.09375,26.859375,True
/data/shared/Qwen/mydisk/output/SYNTHETIC/NVILA-Lite-2B-SYNTHETIC_MIX_10PCT_80K-20260224_234537,obj1_closer,output/phasevar_5/0001_phA07_phB03.png,Is the green sphere closer to the camera than the blue cube? Answer with yes or no.,No,No,26.140625,26.578125,True
/data/shared/Qwen/mydisk/output/SYNTHETIC/NVILA-Lite-2B-SYNTHETIC_MIX_10PCT_80K-20260224_234537,obj1_closer,output/phasevar_5/0001_phA07_phB04.png,Is the green sphere closer to the camera than the blue cube? Answer with yes or no.,No,Yes,26.890625,26.6875,False
/data/shared/Qwen/mydisk/output/SYNTHETIC/NVILA-Lite-2B-SYNTHETIC_MIX_10PCT_80K-20260224_234537,obj1_closer,output/phasevar_5/0001_phA07_phB05.png,Is the green sphere closer to the camera than the blue cube? Answer with yes or no.,No,No,25.921875,26.890625,True
/data/shared/Qwen/mydisk/output/SYNTHETIC/NVILA-Lite-2B-SYNTHETIC_MIX_10PCT_80K-20260224_234537,obj1_closer,output/phasevar_5/0001_phA07_phB06.png,Is the green sphere closer to the camera than the blue cube? Answer with yes or no.,No,No,25.6875,27.203125,True
/data/shared/Qwen/mydisk/output/SYNTHETIC/NVILA-Lite-2B-SYNTHETIC_MIX_10PCT_80K-20260224_234537,obj1_closer,output/phasevar_5/0001_phA07_phB07.png,Is the green sphere closer to the camera than the blue cube? Answer with yes or no.,No,No,25.484375,27.8125,True
/data/shared/Qwen/mydisk/output/SYNTHETIC/NVILA-Lite-2B-SYNTHETIC_MIX_10PCT_80K-20260224_234537,obj1_closer,output/phasevar_5/0001_phA07_phB08.png,Is the green sphere closer to the camera than the blue cube? Answer with yes or no.,No,No,25.015625,26.875,True
/data/shared/Qwen/mydisk/output/SYNTHETIC/NVILA-Lite-2B-SYNTHETIC_MIX_10PCT_80K-20260224_234537,obj1_closer,output/phasevar_5/0001_phA07_phB09.png,Is the green sphere closer to the camera than the blue cube? Answer with yes or no.,No,No,24.703125,26.390625,True
/data/shared/Qwen/mydisk/output/SYNTHETIC/NVILA-Lite-2B-SYNTHETIC_MIX_10PCT_80K-20260224_234537,obj1_closer,output/phasevar_5/0001_phA07_phB10.png,Is the green sphere closer to the camera than the blue cube? Answer with yes or no.,No,No,24.796875,26.140625,True
/data/shared/Qwen/mydisk/output/SYNTHETIC/NVILA-Lite-2B-SYNTHETIC_MIX_10PCT_80K-20260224_234537,obj1_closer,output/phasevar_5/0001_phA07_phB11.png,Is the green sphere closer to the camera than the blue cube? Answer with yes or no.,No,No,25.0,25.46875,True
/data/shared/Qwen/mydisk/output/SYNTHETIC/NVILA-Lite-2B-SYNTHETIC_MIX_10PCT_80K-20260224_234537,obj1_closer,output/phasevar_5/0001_phA07_phB12.png,Is the green sphere closer to the camera than the blue cube? Answer with yes or no.,No,Yes,25.8125,25.640625,False
/data/shared/Qwen/mydisk/output/SYNTHETIC/NVILA-Lite-2B-SYNTHETIC_MIX_10PCT_80K-20260224_234537,obj1_closer,output/phasevar_5/0001_phA07_phB13.png,Is the green sphere closer to the camera than the blue cube? Answer with yes or no.,No,No,25.40625,25.46875,True
/data/shared/Qwen/mydisk/output/SYNTHETIC/NVILA-Lite-2B-SYNTHETIC_MIX_10PCT_80K-20260224_234537,obj1_closer,output/phasevar_5/0001_phA07_phB14.png,Is the green sphere closer to the camera than the blue cube? Answer with yes or no.,No,No,24.984375,25.859375,True
/data/shared/Qwen/mydisk/output/SYNTHETIC/NVILA-Lite-2B-SYNTHETIC_MIX_10PCT_80K-20260224_234537,obj1_closer,output/phasevar_5/0001_phA07_phB15.png,Is the green sphere closer to the camera than the blue cube? Answer with yes or no.,No,No,24.859375,26.25,True
/data/shared/Qwen/mydisk/output/SYNTHETIC/NVILA-Lite-2B-SYNTHETIC_MIX_10PCT_80K-20260224_234537,obj1_closer,output/phasevar_5/0001_phA08_phB00.png,Is the green sphere closer to the camera than the blue cube? Answer with yes or no.,No,No,25.9375,27.078125,True
/data/shared/Qwen/mydisk/output/SYNTHETIC/NVILA-Lite-2B-SYNTHETIC_MIX_10PCT_80K-20260224_234537,obj1_closer,output/phasevar_5/0001_phA08_phB01.png,Is the green sphere closer to the camera than the blue cube? Answer with yes or no.,No,No,26.609375,27.53125,True
/data/shared/Qwen/mydisk/output/SYNTHETIC/NVILA-Lite-2B-SYNTHETIC_MIX_10PCT_80K-20260224_234537,obj1_closer,output/phasevar_5/0001_phA08_phB02.png,Is the green sphere closer to the camera than the blue cube? Answer with yes or no.,No,No,26.59375,27.203125,True
/data/shared/Qwen/mydisk/output/SYNTHETIC/NVILA-Lite-2B-SYNTHETIC_MIX_10PCT_80K-20260224_234537,obj1_closer,output/phasevar_5/0001_phA08_phB03.png,Is the green sphere closer to the camera than the blue cube? Answer with yes or no.,No,Yes,26.8125,26.734375,False
/data/shared/Qwen/mydisk/output/SYNTHETIC/NVILA-Lite-2B-SYNTHETIC_MIX_10PCT_80K-20260224_234537,obj1_closer,output/phasevar_5/0001_phA08_phB04.png,Is the green sphere closer to the camera than the blue cube? Answer with yes or no.,No,Yes,27.25,26.96875,False
/data/shared/Qwen/mydisk/output/SYNTHETIC/NVILA-Lite-2B-SYNTHETIC_MIX_10PCT_80K-20260224_234537,obj1_closer,output/phasevar_5/0001_phA08_phB05.png,Is the green sphere closer to the camera than the blue cube? Answer with yes or no.,No,No,26.109375,26.875,True
/data/shared/Qwen/mydisk/output/SYNTHETIC/NVILA-Lite-2B-SYNTHETIC_MIX_10PCT_80K-20260224_234537,obj1_closer,output/phasevar_5/0001_phA08_phB06.png,Is the green sphere closer to the camera than the blue cube? Answer with yes or no.,No,No,25.921875,27.421875,True
/data/shared/Qwen/mydisk/output/SYNTHETIC/NVILA-Lite-2B-SYNTHETIC_MIX_10PCT_80K-20260224_234537,obj1_closer,output/phasevar_5/0001_phA08_phB07.png,Is the green sphere closer to the camera than the blue cube? Answer with yes or no.,No,No,25.78125,27.953125,True
/data/shared/Qwen/mydisk/output/SYNTHETIC/NVILA-Lite-2B-SYNTHETIC_MIX_10PCT_80K-20260224_234537,obj1_closer,output/phasevar_5/0001_phA08_phB08.png,Is the green sphere closer to the camera than the blue cube? Answer with yes or no.,No,No,25.0625,27.03125,True
/data/shared/Qwen/mydisk/output/SYNTHETIC/NVILA-Lite-2B-SYNTHETIC_MIX_10PCT_80K-20260224_234537,obj1_closer,output/phasevar_5/0001_phA08_phB09.png,Is the green sphere closer to the camera than the blue cube? Answer with yes or no.,No,No,24.71875,26.828125,True
/data/shared/Qwen/mydisk/output/SYNTHETIC/NVILA-Lite-2B-SYNTHETIC_MIX_10PCT_80K-20260224_234537,obj1_closer,output/phasevar_5/0001_phA08_phB10.png,Is the green sphere closer to the camera than the blue cube? Answer with yes or no.,No,No,24.765625,26.25,True
/data/shared/Qwen/mydisk/output/SYNTHETIC/NVILA-Lite-2B-SYNTHETIC_MIX_10PCT_80K-20260224_234537,obj1_closer,output/phasevar_5/0001_phA08_phB11.png,Is the green sphere closer to the camera than the blue cube? Answer with yes or no.,No,No,24.921875,25.53125,True
/data/shared/Qwen/mydisk/output/SYNTHETIC/NVILA-Lite-2B-SYNTHETIC_MIX_10PCT_80K-20260224_234537,obj1_closer,output/phasevar_5/0001_phA08_phB12.png,Is the green sphere closer to the camera than the blue cube? Answer with yes or no.,No,No,25.625,25.671875,True
/data/shared/Qwen/mydisk/output/SYNTHETIC/NVILA-Lite-2B-SYNTHETIC_MIX_10PCT_80K-20260224_234537,obj1_closer,output/phasevar_5/0001_phA08_phB13.png,Is the green sphere closer to the camera than the blue cube? Answer with yes or no.,No,No,25.078125,25.296875,True
/data/shared/Qwen/mydisk/output/SYNTHETIC/NVILA-Lite-2B-SYNTHETIC_MIX_10PCT_80K-20260224_234537,obj1_closer,output/phasevar_5/0001_phA08_phB14.png,Is the green sphere closer to the camera than the blue cube? Answer with yes or no.,No,No,25.078125,25.984375,True
/data/shared/Qwen/mydisk/output/SYNTHETIC/NVILA-Lite-2B-SYNTHETIC_MIX_10PCT_80K-20260224_234537,obj1_closer,output/phasevar_5/0001_phA08_phB15.png,Is the green sphere closer to the camera than the blue cube? Answer with yes or no.,No,No,25.015625,26.640625,True
/data/shared/Qwen/mydisk/output/SYNTHETIC/NVILA-Lite-2B-SYNTHETIC_MIX_10PCT_80K-20260224_234537,obj1_closer,output/phasevar_5/0001_phA09_phB00.png,Is the green sphere closer to the camera than the blue cube? Answer with yes or no.,No,No,26.578125,27.65625,True
/data/shared/Qwen/mydisk/output/SYNTHETIC/NVILA-Lite-2B-SYNTHETIC_MIX_10PCT_80K-20260224_234537,obj1_closer,output/phasevar_5/0001_phA09_phB01.png,Is the green sphere closer to the camera than the blue cube? Answer with yes or no.,No,No,27.203125,28.140625,True
/data/shared/Qwen/mydisk/output/SYNTHETIC/NVILA-Lite-2B-SYNTHETIC_MIX_10PCT_80K-20260224_234537,obj1_closer,output/phasevar_5/0001_phA09_phB02.png,Is the green sphere closer to the camera than the blue cube? Answer with yes or no.,No,No,27.015625,27.515625,True
/data/shared/Qwen/mydisk/output/SYNTHETIC/NVILA-Lite-2B-SYNTHETIC_MIX_10PCT_80K-20260224_234537,obj1_closer,output/phasevar_5/0001_phA09_phB03.png,Is the green sphere closer to the camera than the blue cube? Answer with yes or no.,No,No,27.40625,27.421875,True
/data/shared/Qwen/mydisk/output/SYNTHETIC/NVILA-Lite-2B-SYNTHETIC_MIX_10PCT_80K-20260224_234537,obj1_closer,output/phasevar_5/0001_phA09_phB04.png,Is the green sphere closer to the camera than the blue cube? Answer with yes or no.,No,Yes,27.828125,27.390625,False
/data/shared/Qwen/mydisk/output/SYNTHETIC/NVILA-Lite-2B-SYNTHETIC_MIX_10PCT_80K-20260224_234537,obj1_closer,output/phasevar_5/0001_phA09_phB05.png,Is the green sphere closer to the camera than the blue cube? Answer with yes or no.,No,No,26.671875,27.578125,True
/data/shared/Qwen/mydisk/output/SYNTHETIC/NVILA-Lite-2B-SYNTHETIC_MIX_10PCT_80K-20260224_234537,obj1_closer,output/phasevar_5/0001_phA09_phB06.png,Is the green sphere closer to the camera than the blue cube? Answer with yes or no.,No,No,26.359375,27.875,True
/data/shared/Qwen/mydisk/output/SYNTHETIC/NVILA-Lite-2B-SYNTHETIC_MIX_10PCT_80K-20260224_234537,obj1_closer,output/phasevar_5/0001_phA09_phB07.png,Is the green sphere closer to the camera than the blue cube? Answer with yes or no.,No,No,26.25,28.515625,True
/data/shared/Qwen/mydisk/output/SYNTHETIC/NVILA-Lite-2B-SYNTHETIC_MIX_10PCT_80K-20260224_234537,obj1_closer,output/phasevar_5/0001_phA09_phB08.png,Is the green sphere closer to the camera than the blue cube? Answer with yes or no.,No,No,25.5,27.5625,True
/data/shared/Qwen/mydisk/output/SYNTHETIC/NVILA-Lite-2B-SYNTHETIC_MIX_10PCT_80K-20260224_234537,obj1_closer,output/phasevar_5/0001_phA09_phB09.png,Is the green sphere closer to the camera than the blue cube? Answer with yes or no.,No,No,24.984375,27.28125,True
/data/shared/Qwen/mydisk/output/SYNTHETIC/NVILA-Lite-2B-SYNTHETIC_MIX_10PCT_80K-20260224_234537,obj1_closer,output/phasevar_5/0001_phA09_phB10.png,Is the green sphere closer to the camera than the blue cube? Answer with yes or no.,No,No,25.0,26.5625,True
/data/shared/Qwen/mydisk/output/SYNTHETIC/NVILA-Lite-2B-SYNTHETIC_MIX_10PCT_80K-20260224_234537,obj1_closer,output/phasevar_5/0001_phA09_phB11.png,Is the green sphere closer to the camera than the blue cube? Answer with yes or no.,No,No,25.328125,26.171875,True
/data/shared/Qwen/mydisk/output/SYNTHETIC/NVILA-Lite-2B-SYNTHETIC_MIX_10PCT_80K-20260224_234537,obj1_closer,output/phasevar_5/0001_phA09_phB12.png,Is the green sphere closer to the camera than the blue cube? Answer with yes or no.,No,No,25.859375,26.171875,True
/data/shared/Qwen/mydisk/output/SYNTHETIC/NVILA-Lite-2B-SYNTHETIC_MIX_10PCT_80K-20260224_234537,obj1_closer,output/phasevar_5/0001_phA09_phB13.png,Is the green sphere closer to the camera than the blue cube? Answer with yes or no.,No,No,25.546875,26.046875,True
/data/shared/Qwen/mydisk/output/SYNTHETIC/NVILA-Lite-2B-SYNTHETIC_MIX_10PCT_80K-20260224_234537,obj1_closer,output/phasevar_5/0001_phA09_phB14.png,Is the green sphere closer to the camera than the blue cube? Answer with yes or no.,No,No,25.453125,26.671875,True
/data/shared/Qwen/mydisk/output/SYNTHETIC/NVILA-Lite-2B-SYNTHETIC_MIX_10PCT_80K-20260224_234537,obj1_closer,output/phasevar_5/0001_phA09_phB15.png,Is the green sphere closer to the camera than the blue cube? Answer with yes or no.,No,No,25.453125,27.28125,True
/data/shared/Qwen/mydisk/output/SYNTHETIC/NVILA-Lite-2B-SYNTHETIC_MIX_10PCT_80K-20260224_234537,obj1_closer,output/phasevar_5/0001_phA10_phB00.png,Is the green sphere closer to the camera than the blue cube? Answer with yes or no.,No,Yes,27.40625,26.53125,False
/data/shared/Qwen/mydisk/output/SYNTHETIC/NVILA-Lite-2B-SYNTHETIC_MIX_10PCT_80K-20260224_234537,obj1_closer,output/phasevar_5/0001_phA10_phB01.png,Is the green sphere closer to the camera than the blue cube? Answer with yes or no.,No,Yes,27.640625,26.84375,False
/data/shared/Qwen/mydisk/output/SYNTHETIC/NVILA-Lite-2B-SYNTHETIC_MIX_10PCT_80K-20260224_234537,obj1_closer,output/phasevar_5/0001_phA10_phB02.png,Is the green sphere closer to the camera than the blue cube? Answer with yes or no.,No,Yes,27.515625,26.859375,False
/data/shared/Qwen/mydisk/output/SYNTHETIC/NVILA-Lite-2B-SYNTHETIC_MIX_10PCT_80K-20260224_234537,obj1_closer,output/phasevar_5/0001_phA10_phB03.png,Is the green sphere closer to the camera than the blue cube? Answer with yes or no.,No,Yes,27.4375,26.109375,False
/data/shared/Qwen/mydisk/output/SYNTHETIC/NVILA-Lite-2B-SYNTHETIC_MIX_10PCT_80K-20260224_234537,obj1_closer,output/phasevar_5/0001_phA10_phB04.png,Is the green sphere closer to the camera than the blue cube? Answer with yes or no.,No,Yes,27.515625,26.140625,False
/data/shared/Qwen/mydisk/output/SYNTHETIC/NVILA-Lite-2B-SYNTHETIC_MIX_10PCT_80K-20260224_234537,obj1_closer,output/phasevar_5/0001_phA10_phB05.png,Is the green sphere closer to the camera than the blue cube? Answer with yes or no.,No,Yes,26.703125,26.578125,False
/data/shared/Qwen/mydisk/output/SYNTHETIC/NVILA-Lite-2B-SYNTHETIC_MIX_10PCT_80K-20260224_234537,obj1_closer,output/phasevar_5/0001_phA10_phB06.png,Is the green sphere closer to the camera than the blue cube? Answer with yes or no.,No,No,26.625,27.4375,True
/data/shared/Qwen/mydisk/output/SYNTHETIC/NVILA-Lite-2B-SYNTHETIC_MIX_10PCT_80K-20260224_234537,obj1_closer,output/phasevar_5/0001_phA10_phB07.png,Is the green sphere closer to the camera than the blue cube? Answer with yes or no.,No,No,26.703125,27.359375,True
/data/shared/Qwen/mydisk/output/SYNTHETIC/NVILA-Lite-2B-SYNTHETIC_MIX_10PCT_80K-20260224_234537,obj1_closer,output/phasevar_5/0001_phA10_phB08.png,Is the green sphere closer to the camera than the blue cube? Answer with yes or no.,No,No,26.140625,26.5,True
/data/shared/Qwen/mydisk/output/SYNTHETIC/NVILA-Lite-2B-SYNTHETIC_MIX_10PCT_80K-20260224_234537,obj1_closer,output/phasevar_5/0001_phA10_phB09.png,Is the green sphere closer to the camera than the blue cube? Answer with yes or no.,No,No,24.875,26.65625,True
/data/shared/Qwen/mydisk/output/SYNTHETIC/NVILA-Lite-2B-SYNTHETIC_MIX_10PCT_80K-20260224_234537,obj1_closer,output/phasevar_5/0001_phA10_phB10.png,Is the green sphere closer to the camera than the blue cube? Answer with yes or no.,No,No,24.96875,26.703125,True
/data/shared/Qwen/mydisk/output/SYNTHETIC/NVILA-Lite-2B-SYNTHETIC_MIX_10PCT_80K-20260224_234537,obj1_closer,output/phasevar_5/0001_phA10_phB11.png,Is the green sphere closer to the camera than the blue cube? Answer with yes or no.,No,No,25.140625,26.078125,True
/data/shared/Qwen/mydisk/output/SYNTHETIC/NVILA-Lite-2B-SYNTHETIC_MIX_10PCT_80K-20260224_234537,obj1_closer,output/phasevar_5/0001_phA10_phB12.png,Is the green sphere closer to the camera than the blue cube? Answer with yes or no.,No,No,25.921875,25.953125,True
/data/shared/Qwen/mydisk/output/SYNTHETIC/NVILA-Lite-2B-SYNTHETIC_MIX_10PCT_80K-20260224_234537,obj1_closer,output/phasevar_5/0001_phA10_phB13.png,Is the green sphere closer to the camera than the blue cube? Answer with yes or no.,No,Yes,25.953125,25.8125,False
/data/shared/Qwen/mydisk/output/SYNTHETIC/NVILA-Lite-2B-SYNTHETIC_MIX_10PCT_80K-20260224_234537,obj1_closer,output/phasevar_5/0001_phA10_phB14.png,Is the green sphere closer to the camera than the blue cube? Answer with yes or no.,No,No,25.703125,26.203125,True
/data/shared/Qwen/mydisk/output/SYNTHETIC/NVILA-Lite-2B-SYNTHETIC_MIX_10PCT_80K-20260224_234537,obj1_closer,output/phasevar_5/0001_phA10_phB15.png,Is the green sphere closer to the camera than the blue cube? Answer with yes or no.,No,No,26.328125,26.703125,True
/data/shared/Qwen/mydisk/output/SYNTHETIC/NVILA-Lite-2B-SYNTHETIC_MIX_10PCT_80K-20260224_234537,obj1_closer,output/phasevar_5/0001_phA11_phB00.png,Is the green sphere closer to the camera than the blue cube? Answer with yes or no.,No,Yes,26.515625,26.21875,False
/data/shared/Qwen/mydisk/output/SYNTHETIC/NVILA-Lite-2B-SYNTHETIC_MIX_10PCT_80K-20260224_234537,obj1_closer,output/phasevar_5/0001_phA11_phB01.png,Is the green sphere closer to the camera than the blue cube? Answer with yes or no.,No,Yes,26.765625,26.703125,False
/data/shared/Qwen/mydisk/output/SYNTHETIC/NVILA-Lite-2B-SYNTHETIC_MIX_10PCT_80K-20260224_234537,obj1_closer,output/phasevar_5/0001_phA11_phB02.png,Is the green sphere closer to the camera than the blue cube? Answer with yes or no.,No,Yes,26.84375,26.65625,False
/data/shared/Qwen/mydisk/output/SYNTHETIC/NVILA-Lite-2B-SYNTHETIC_MIX_10PCT_80K-20260224_234537,obj1_closer,output/phasevar_5/0001_phA11_phB03.png,Is the green sphere closer to the camera than the blue cube? Answer with yes or no.,No,Yes,26.40625,26.015625,False
/data/shared/Qwen/mydisk/output/SYNTHETIC/NVILA-Lite-2B-SYNTHETIC_MIX_10PCT_80K-20260224_234537,obj1_closer,output/phasevar_5/0001_phA11_phB04.png,Is the green sphere closer to the camera than the blue cube? Answer with yes or no.,No,Yes,26.546875,26.28125,False
/data/shared/Qwen/mydisk/output/SYNTHETIC/NVILA-Lite-2B-SYNTHETIC_MIX_10PCT_80K-20260224_234537,obj1_closer,output/phasevar_5/0001_phA11_phB05.png,Is the green sphere closer to the camera than the blue cube? Answer with yes or no.,No,No,26.234375,26.65625,True
/data/shared/Qwen/mydisk/output/SYNTHETIC/NVILA-Lite-2B-SYNTHETIC_MIX_10PCT_80K-20260224_234537,obj1_closer,output/phasevar_5/0001_phA11_phB06.png,Is the green sphere closer to the camera than the blue cube? Answer with yes or no.,No,No,26.1875,27.125,True
/data/shared/Qwen/mydisk/output/SYNTHETIC/NVILA-Lite-2B-SYNTHETIC_MIX_10PCT_80K-20260224_234537,obj1_closer,output/phasevar_5/0001_phA11_phB07.png,Is the green sphere closer to the camera than the blue cube? Answer with yes or no.,No,No,26.25,27.34375,True
/data/shared/Qwen/mydisk/output/SYNTHETIC/NVILA-Lite-2B-SYNTHETIC_MIX_10PCT_80K-20260224_234537,obj1_closer,output/phasevar_5/0001_phA11_phB08.png,Is the green sphere closer to the camera than the blue cube? Answer with yes or no.,No,No,25.84375,26.265625,True
/data/shared/Qwen/mydisk/output/SYNTHETIC/NVILA-Lite-2B-SYNTHETIC_MIX_10PCT_80K-20260224_234537,obj1_closer,output/phasevar_5/0001_phA11_phB09.png,Is the green sphere closer to the camera than the blue cube? Answer with yes or no.,No,No,24.546875,26.359375,True
/data/shared/Qwen/mydisk/output/SYNTHETIC/NVILA-Lite-2B-SYNTHETIC_MIX_10PCT_80K-20260224_234537,obj1_closer,output/phasevar_5/0001_phA11_phB10.png,Is the green sphere closer to the camera than the blue cube? Answer with yes or no.,No,No,24.46875,26.359375,True
/data/shared/Qwen/mydisk/output/SYNTHETIC/NVILA-Lite-2B-SYNTHETIC_MIX_10PCT_80K-20260224_234537,obj1_closer,output/phasevar_5/0001_phA11_phB11.png,Is the green sphere closer to the camera than the blue cube? Answer with yes or no.,No,No,24.1875,26.1875,True
/data/shared/Qwen/mydisk/output/SYNTHETIC/NVILA-Lite-2B-SYNTHETIC_MIX_10PCT_80K-20260224_234537,obj1_closer,output/phasevar_5/0001_phA11_phB12.png,Is the green sphere closer to the camera than the blue cube? Answer with yes or no.,No,No,24.609375,26.15625,True
/data/shared/Qwen/mydisk/output/SYNTHETIC/NVILA-Lite-2B-SYNTHETIC_MIX_10PCT_80K-20260224_234537,obj1_closer,output/phasevar_5/0001_phA11_phB13.png,Is the green sphere closer to the camera than the blue cube? Answer with yes or no.,No,No,24.65625,25.640625,True
/data/shared/Qwen/mydisk/output/SYNTHETIC/NVILA-Lite-2B-SYNTHETIC_MIX_10PCT_80K-20260224_234537,obj1_closer,output/phasevar_5/0001_phA11_phB14.png,Is the green sphere closer to the camera than the blue cube? Answer with yes or no.,No,No,24.90625,26.015625,True
/data/shared/Qwen/mydisk/output/SYNTHETIC/NVILA-Lite-2B-SYNTHETIC_MIX_10PCT_80K-20260224_234537,obj1_closer,output/phasevar_5/0001_phA11_phB15.png,Is the green sphere closer to the camera than the blue cube? Answer with yes or no.,No,No,25.59375,26.59375,True
/data/shared/Qwen/mydisk/output/SYNTHETIC/NVILA-Lite-2B-SYNTHETIC_MIX_10PCT_80K-20260224_234537,obj1_closer,output/phasevar_5/0001_phA12_phB00.png,Is the green sphere closer to the camera than the blue cube? Answer with yes or no.,No,No,26.078125,26.171875,True
/data/shared/Qwen/mydisk/output/SYNTHETIC/NVILA-Lite-2B-SYNTHETIC_MIX_10PCT_80K-20260224_234537,obj1_closer,output/phasevar_5/0001_phA12_phB01.png,Is the green sphere closer to the camera than the blue cube? Answer with yes or no.,No,No,26.421875,26.46875,True
/data/shared/Qwen/mydisk/output/SYNTHETIC/NVILA-Lite-2B-SYNTHETIC_MIX_10PCT_80K-20260224_234537,obj1_closer,output/phasevar_5/0001_phA12_phB02.png,Is the green sphere closer to the camera than the blue cube? Answer with yes or no.,No,Yes,26.765625,26.734375,False
/data/shared/Qwen/mydisk/output/SYNTHETIC/NVILA-Lite-2B-SYNTHETIC_MIX_10PCT_80K-20260224_234537,obj1_closer,output/phasevar_5/0001_phA12_phB03.png,Is the green sphere closer to the camera than the blue cube? Answer with yes or no.,No,Yes,26.3125,26.234375,False
/data/shared/Qwen/mydisk/output/SYNTHETIC/NVILA-Lite-2B-SYNTHETIC_MIX_10PCT_80K-20260224_234537,obj1_closer,output/phasevar_5/0001_phA12_phB04.png,Is the green sphere closer to the camera than the blue cube? Answer with yes or no.,No,Yes,26.421875,26.40625,False
/data/shared/Qwen/mydisk/output/SYNTHETIC/NVILA-Lite-2B-SYNTHETIC_MIX_10PCT_80K-20260224_234537,obj1_closer,output/phasevar_5/0001_phA12_phB05.png,Is the green sphere closer to the camera than the blue cube? Answer with yes or no.,No,No,26.03125,26.4375,True
/data/shared/Qwen/mydisk/output/SYNTHETIC/NVILA-Lite-2B-SYNTHETIC_MIX_10PCT_80K-20260224_234537,obj1_closer,output/phasevar_5/0001_phA12_phB06.png,Is the green sphere closer to the camera than the blue cube? Answer with yes or no.,No,No,26.21875,27.15625,True
/data/shared/Qwen/mydisk/output/SYNTHETIC/NVILA-Lite-2B-SYNTHETIC_MIX_10PCT_80K-20260224_234537,obj1_closer,output/phasevar_5/0001_phA12_phB07.png,Is the green sphere closer to the camera than the blue cube? Answer with yes or no.,No,No,26.078125,27.1875,True
/data/shared/Qwen/mydisk/output/SYNTHETIC/NVILA-Lite-2B-SYNTHETIC_MIX_10PCT_80K-20260224_234537,obj1_closer,output/phasevar_5/0001_phA12_phB08.png,Is the green sphere closer to the camera than the blue cube? Answer with yes or no.,No,No,25.6875,26.25,True
/data/shared/Qwen/mydisk/output/SYNTHETIC/NVILA-Lite-2B-SYNTHETIC_MIX_10PCT_80K-20260224_234537,obj1_closer,output/phasevar_5/0001_phA12_phB09.png,Is the green sphere closer to the camera than the blue cube? Answer with yes or no.,No,No,24.21875,25.8125,True
/data/shared/Qwen/mydisk/output/SYNTHETIC/NVILA-Lite-2B-SYNTHETIC_MIX_10PCT_80K-20260224_234537,obj1_closer,output/phasevar_5/0001_phA12_phB10.png,Is the green sphere closer to the camera than the blue cube? Answer with yes or no.,No,No,24.359375,26.03125,True
/data/shared/Qwen/mydisk/output/SYNTHETIC/NVILA-Lite-2B-SYNTHETIC_MIX_10PCT_80K-20260224_234537,obj1_closer,output/phasevar_5/0001_phA12_phB11.png,Is the green sphere closer to the camera than the blue cube? Answer with yes or no.,No,No,24.0,25.859375,True
/data/shared/Qwen/mydisk/output/SYNTHETIC/NVILA-Lite-2B-SYNTHETIC_MIX_10PCT_80K-20260224_234537,obj1_closer,output/phasevar_5/0001_phA12_phB12.png,Is the green sphere closer to the camera than the blue cube? Answer with yes or no.,No,No,24.359375,26.28125,True
/data/shared/Qwen/mydisk/output/SYNTHETIC/NVILA-Lite-2B-SYNTHETIC_MIX_10PCT_80K-20260224_234537,obj1_closer,output/phasevar_5/0001_phA12_phB13.png,Is the green sphere closer to the camera than the blue cube? Answer with yes or no.,No,No,24.40625,25.703125,True
/data/shared/Qwen/mydisk/output/SYNTHETIC/NVILA-Lite-2B-SYNTHETIC_MIX_10PCT_80K-20260224_234537,obj1_closer,output/phasevar_5/0001_phA12_phB14.png,Is the green sphere closer to the camera than the blue cube? Answer with yes or no.,No,No,24.734375,26.015625,True
/data/shared/Qwen/mydisk/output/SYNTHETIC/NVILA-Lite-2B-SYNTHETIC_MIX_10PCT_80K-20260224_234537,obj1_closer,output/phasevar_5/0001_phA12_phB15.png,Is the green sphere closer to the camera than the blue cube? Answer with yes or no.,No,No,25.0625,26.265625,True
/data/shared/Qwen/mydisk/output/SYNTHETIC/NVILA-Lite-2B-SYNTHETIC_MIX_10PCT_80K-20260224_234537,obj1_closer,output/phasevar_5/0001_phA13_phB00.png,Is the green sphere closer to the camera than the blue cube? Answer with yes or no.,No,Yes,26.265625,26.046875,False
/data/shared/Qwen/mydisk/output/SYNTHETIC/NVILA-Lite-2B-SYNTHETIC_MIX_10PCT_80K-20260224_234537,obj1_closer,output/phasevar_5/0001_phA13_phB01.png,Is the green sphere closer to the camera than the blue cube? Answer with yes or no.,No,Yes,26.875,26.375,False
/data/shared/Qwen/mydisk/output/SYNTHETIC/NVILA-Lite-2B-SYNTHETIC_MIX_10PCT_80K-20260224_234537,obj1_closer,output/phasevar_5/0001_phA13_phB02.png,Is the green sphere closer to the camera than the blue cube? Answer with yes or no.,No,Yes,27.15625,26.640625,False
/data/shared/Qwen/mydisk/output/SYNTHETIC/NVILA-Lite-2B-SYNTHETIC_MIX_10PCT_80K-20260224_234537,obj1_closer,output/phasevar_5/0001_phA13_phB03.png,Is the green sphere closer to the camera than the blue cube? Answer with yes or no.,No,Yes,26.6875,25.921875,False
/data/shared/Qwen/mydisk/output/SYNTHETIC/NVILA-Lite-2B-SYNTHETIC_MIX_10PCT_80K-20260224_234537,obj1_closer,output/phasevar_5/0001_phA13_phB04.png,Is the green sphere closer to the camera than the blue cube? Answer with yes or no.,No,Yes,27.0625,26.03125,False
/data/shared/Qwen/mydisk/output/SYNTHETIC/NVILA-Lite-2B-SYNTHETIC_MIX_10PCT_80K-20260224_234537,obj1_closer,output/phasevar_5/0001_phA13_phB05.png,Is the green sphere closer to the camera than the blue cube? Answer with yes or no.,No,Yes,26.65625,26.34375,False
/data/shared/Qwen/mydisk/output/SYNTHETIC/NVILA-Lite-2B-SYNTHETIC_MIX_10PCT_80K-20260224_234537,obj1_closer,output/phasevar_5/0001_phA13_phB06.png,Is the green sphere closer to the camera than the blue cube? Answer with yes or no.,No,No,26.765625,27.234375,True
/data/shared/Qwen/mydisk/output/SYNTHETIC/NVILA-Lite-2B-SYNTHETIC_MIX_10PCT_80K-20260224_234537,obj1_closer,output/phasevar_5/0001_phA13_phB07.png,Is the green sphere closer to the camera than the blue cube? Answer with yes or no.,No,No,26.546875,27.015625,True
/data/shared/Qwen/mydisk/output/SYNTHETIC/NVILA-Lite-2B-SYNTHETIC_MIX_10PCT_80K-20260224_234537,obj1_closer,output/phasevar_5/0001_phA13_phB08.png,Is the green sphere closer to the camera than the blue cube? Answer with yes or no.,No,No,26.09375,26.140625,True
/data/shared/Qwen/mydisk/output/SYNTHETIC/NVILA-Lite-2B-SYNTHETIC_MIX_10PCT_80K-20260224_234537,obj1_closer,output/phasevar_5/0001_phA13_phB09.png,Is the green sphere closer to the camera than the blue cube? Answer with yes or no.,No,No,24.515625,25.625,True
/data/shared/Qwen/mydisk/output/SYNTHETIC/NVILA-Lite-2B-SYNTHETIC_MIX_10PCT_80K-20260224_234537,obj1_closer,output/phasevar_5/0001_phA13_phB10.png,Is the green sphere closer to the camera than the blue cube? Answer with yes or no.,No,No,24.734375,26.15625,True
/data/shared/Qwen/mydisk/output/SYNTHETIC/NVILA-Lite-2B-SYNTHETIC_MIX_10PCT_80K-20260224_234537,obj1_closer,output/phasevar_5/0001_phA13_phB11.png,Is the green sphere closer to the camera than the blue cube? Answer with yes or no.,No,No,24.1875,25.90625,True
/data/shared/Qwen/mydisk/output/SYNTHETIC/NVILA-Lite-2B-SYNTHETIC_MIX_10PCT_80K-20260224_234537,obj1_closer,output/phasevar_5/0001_phA13_phB12.png,Is the green sphere closer to the camera than the blue cube? Answer with yes or no.,No,No,24.5625,26.671875,True
/data/shared/Qwen/mydisk/output/SYNTHETIC/NVILA-Lite-2B-SYNTHETIC_MIX_10PCT_80K-20260224_234537,obj1_closer,output/phasevar_5/0001_phA13_phB13.png,Is the green sphere closer to the camera than the blue cube? Answer with yes or no.,No,No,24.421875,25.859375,True
/data/shared/Qwen/mydisk/output/SYNTHETIC/NVILA-Lite-2B-SYNTHETIC_MIX_10PCT_80K-20260224_234537,obj1_closer,output/phasevar_5/0001_phA13_phB14.png,Is the green sphere closer to the camera than the blue cube? Answer with yes or no.,No,No,24.765625,26.1875,True
/data/shared/Qwen/mydisk/output/SYNTHETIC/NVILA-Lite-2B-SYNTHETIC_MIX_10PCT_80K-20260224_234537,obj1_closer,output/phasevar_5/0001_phA13_phB15.png,Is the green sphere closer to the camera than the blue cube? Answer with yes or no.,No,No,25.4375,26.3125,True
/data/shared/Qwen/mydisk/output/SYNTHETIC/NVILA-Lite-2B-SYNTHETIC_MIX_10PCT_80K-20260224_234537,obj1_closer,output/phasevar_5/0001_phA14_phB00.png,Is the green sphere closer to the camera than the blue cube? Answer with yes or no.,No,No,26.015625,26.15625,True
/data/shared/Qwen/mydisk/output/SYNTHETIC/NVILA-Lite-2B-SYNTHETIC_MIX_10PCT_80K-20260224_234537,obj1_closer,output/phasevar_5/0001_phA14_phB01.png,Is the green sphere closer to the camera than the blue cube? Answer with yes or no.,No,Yes,26.703125,26.578125,False
/data/shared/Qwen/mydisk/output/SYNTHETIC/NVILA-Lite-2B-SYNTHETIC_MIX_10PCT_80K-20260224_234537,obj1_closer,output/phasevar_5/0001_phA14_phB02.png,Is the green sphere closer to the camera than the blue cube? Answer with yes or no.,No,No,26.84375,27.0,True
/data/shared/Qwen/mydisk/output/SYNTHETIC/NVILA-Lite-2B-SYNTHETIC_MIX_10PCT_80K-20260224_234537,obj1_closer,output/phasevar_5/0001_phA14_phB03.png,Is the green sphere closer to the camera than the blue cube? Answer with yes or no.,No,Yes,26.78125,26.265625,False
/data/shared/Qwen/mydisk/output/SYNTHETIC/NVILA-Lite-2B-SYNTHETIC_MIX_10PCT_80K-20260224_234537,obj1_closer,output/phasevar_5/0001_phA14_phB04.png,Is the green sphere closer to the camera than the blue cube? Answer with yes or no.,No,Yes,27.0625,26.296875,False
/data/shared/Qwen/mydisk/output/SYNTHETIC/NVILA-Lite-2B-SYNTHETIC_MIX_10PCT_80K-20260224_234537,obj1_closer,output/phasevar_5/0001_phA14_phB05.png,Is the green sphere closer to the camera than the blue cube? Answer with yes or no.,No,Yes,26.734375,26.65625,False
/data/shared/Qwen/mydisk/output/SYNTHETIC/NVILA-Lite-2B-SYNTHETIC_MIX_10PCT_80K-20260224_234537,obj1_closer,output/phasevar_5/0001_phA14_phB06.png,Is the green sphere closer to the camera than the blue cube? Answer with yes or no.,No,No,26.796875,27.53125,True
/data/shared/Qwen/mydisk/output/SYNTHETIC/NVILA-Lite-2B-SYNTHETIC_MIX_10PCT_80K-20260224_234537,obj1_closer,output/phasevar_5/0001_phA14_phB07.png,Is the green sphere closer to the camera than the blue cube? Answer with yes or no.,No,No,26.578125,27.203125,True
/data/shared/Qwen/mydisk/output/SYNTHETIC/NVILA-Lite-2B-SYNTHETIC_MIX_10PCT_80K-20260224_234537,obj1_closer,output/phasevar_5/0001_phA14_phB08.png,Is the green sphere closer to the camera than the blue cube? Answer with yes or no.,No,No,26.09375,26.421875,True
/data/shared/Qwen/mydisk/output/SYNTHETIC/NVILA-Lite-2B-SYNTHETIC_MIX_10PCT_80K-20260224_234537,obj1_closer,output/phasevar_5/0001_phA14_phB09.png,Is the green sphere closer to the camera than the blue cube? Answer with yes or no.,No,No,24.921875,25.921875,True
/data/shared/Qwen/mydisk/output/SYNTHETIC/NVILA-Lite-2B-SYNTHETIC_MIX_10PCT_80K-20260224_234537,obj1_closer,output/phasevar_5/0001_phA14_phB10.png,Is the green sphere closer to the camera than the blue cube? Answer with yes or no.,No,No,25.078125,26.359375,True
/data/shared/Qwen/mydisk/output/SYNTHETIC/NVILA-Lite-2B-SYNTHETIC_MIX_10PCT_80K-20260224_234537,obj1_closer,output/phasevar_5/0001_phA14_phB11.png,Is the green sphere closer to the camera than the blue cube? Answer with yes or no.,No,No,24.828125,26.203125,True
/data/shared/Qwen/mydisk/output/SYNTHETIC/NVILA-Lite-2B-SYNTHETIC_MIX_10PCT_80K-20260224_234537,obj1_closer,output/phasevar_5/0001_phA14_phB12.png,Is the green sphere closer to the camera than the blue cube? Answer with yes or no.,No,No,24.65625,26.53125,True
/data/shared/Qwen/mydisk/output/SYNTHETIC/NVILA-Lite-2B-SYNTHETIC_MIX_10PCT_80K-20260224_234537,obj1_closer,output/phasevar_5/0001_phA14_phB13.png,Is the green sphere closer to the camera than the blue cube? Answer with yes or no.,No,No,24.421875,26.078125,True
/data/shared/Qwen/mydisk/output/SYNTHETIC/NVILA-Lite-2B-SYNTHETIC_MIX_10PCT_80K-20260224_234537,obj1_closer,output/phasevar_5/0001_phA14_phB14.png,Is the green sphere closer to the camera than the blue cube? Answer with yes or no.,No,No,24.75,26.6875,True
/data/shared/Qwen/mydisk/output/SYNTHETIC/NVILA-Lite-2B-SYNTHETIC_MIX_10PCT_80K-20260224_234537,obj1_closer,output/phasevar_5/0001_phA14_phB15.png,Is the green sphere closer to the camera than the blue cube? Answer with yes or no.,No,No,25.234375,27.078125,True
/data/shared/Qwen/mydisk/output/SYNTHETIC/NVILA-Lite-2B-SYNTHETIC_MIX_10PCT_80K-20260224_234537,obj1_closer,output/phasevar_5/0001_phA15_phB00.png,Is the green sphere closer to the camera than the blue cube? Answer with yes or no.,No,No,25.671875,27.15625,True
/data/shared/Qwen/mydisk/output/SYNTHETIC/NVILA-Lite-2B-SYNTHETIC_MIX_10PCT_80K-20260224_234537,obj1_closer,output/phasevar_5/0001_phA15_phB01.png,Is the green sphere closer to the camera than the blue cube? Answer with yes or no.,No,No,26.171875,27.3125,True
/data/shared/Qwen/mydisk/output/SYNTHETIC/NVILA-Lite-2B-SYNTHETIC_MIX_10PCT_80K-20260224_234537,obj1_closer,output/phasevar_5/0001_phA15_phB02.png,Is the green sphere closer to the camera than the blue cube? Answer with yes or no.,No,No,26.53125,27.515625,True
/data/shared/Qwen/mydisk/output/SYNTHETIC/NVILA-Lite-2B-SYNTHETIC_MIX_10PCT_80K-20260224_234537,obj1_closer,output/phasevar_5/0001_phA15_phB03.png,Is the green sphere closer to the camera than the blue cube? Answer with yes or no.,No,No,26.59375,27.125,True
/data/shared/Qwen/mydisk/output/SYNTHETIC/NVILA-Lite-2B-SYNTHETIC_MIX_10PCT_80K-20260224_234537,obj1_closer,output/phasevar_5/0001_phA15_phB04.png,Is the green sphere closer to the camera than the blue cube? Answer with yes or no.,No,No,26.59375,26.75,True
/data/shared/Qwen/mydisk/output/SYNTHETIC/NVILA-Lite-2B-SYNTHETIC_MIX_10PCT_80K-20260224_234537,obj1_closer,output/phasevar_5/0001_phA15_phB05.png,Is the green sphere closer to the camera than the blue cube? Answer with yes or no.,No,No,25.90625,26.609375,True
/data/shared/Qwen/mydisk/output/SYNTHETIC/NVILA-Lite-2B-SYNTHETIC_MIX_10PCT_80K-20260224_234537,obj1_closer,output/phasevar_5/0001_phA15_phB06.png,Is the green sphere closer to the camera than the blue cube? Answer with yes or no.,No,No,26.25,27.4375,True
/data/shared/Qwen/mydisk/output/SYNTHETIC/NVILA-Lite-2B-SYNTHETIC_MIX_10PCT_80K-20260224_234537,obj1_closer,output/phasevar_5/0001_phA15_phB07.png,Is the green sphere closer to the camera than the blue cube? Answer with yes or no.,No,No,25.765625,27.109375,True
/data/shared/Qwen/mydisk/output/SYNTHETIC/NVILA-Lite-2B-SYNTHETIC_MIX_10PCT_80K-20260224_234537,obj1_closer,output/phasevar_5/0001_phA15_phB08.png,Is the green sphere closer to the camera than the blue cube? Answer with yes or no.,No,No,25.40625,26.640625,True
/data/shared/Qwen/mydisk/output/SYNTHETIC/NVILA-Lite-2B-SYNTHETIC_MIX_10PCT_80K-20260224_234537,obj1_closer,output/phasevar_5/0001_phA15_phB09.png,Is the green sphere closer to the camera than the blue cube? Answer with yes or no.,No,No,24.953125,26.265625,True
/data/shared/Qwen/mydisk/output/SYNTHETIC/NVILA-Lite-2B-SYNTHETIC_MIX_10PCT_80K-20260224_234537,obj1_closer,output/phasevar_5/0001_phA15_phB10.png,Is the green sphere closer to the camera than the blue cube? Answer with yes or no.,No,No,25.203125,26.328125,True
/data/shared/Qwen/mydisk/output/SYNTHETIC/NVILA-Lite-2B-SYNTHETIC_MIX_10PCT_80K-20260224_234537,obj1_closer,output/phasevar_5/0001_phA15_phB11.png,Is the green sphere closer to the camera than the blue cube? Answer with yes or no.,No,No,25.53125,26.578125,True
/data/shared/Qwen/mydisk/output/SYNTHETIC/NVILA-Lite-2B-SYNTHETIC_MIX_10PCT_80K-20260224_234537,obj1_closer,output/phasevar_5/0001_phA15_phB12.png,Is the green sphere closer to the camera than the blue cube? Answer with yes or no.,No,No,25.46875,26.875,True
/data/shared/Qwen/mydisk/output/SYNTHETIC/NVILA-Lite-2B-SYNTHETIC_MIX_10PCT_80K-20260224_234537,obj1_closer,output/phasevar_5/0001_phA15_phB13.png,Is the green sphere closer to the camera than the blue cube? Answer with yes or no.,No,No,24.609375,25.65625,True
/data/shared/Qwen/mydisk/output/SYNTHETIC/NVILA-Lite-2B-SYNTHETIC_MIX_10PCT_80K-20260224_234537,obj1_closer,output/phasevar_5/0001_phA15_phB14.png,Is the green sphere closer to the camera than the blue cube? Answer with yes or no.,No,No,24.859375,26.78125,True
/data/shared/Qwen/mydisk/output/SYNTHETIC/NVILA-Lite-2B-SYNTHETIC_MIX_10PCT_80K-20260224_234537,obj1_closer,output/phasevar_5/0001_phA15_phB15.png,Is the green sphere closer to the camera than the blue cube? Answer with yes or no.,No,No,24.765625,27.328125,True
/data/shared/Qwen/mydisk/output/SYNTHETIC/NVILA-Lite-2B-SYNTHETIC_MIX_10PCT_80K-20260224_234537,obj1_closer,output/phasevar_5/0002_phA00_phB00.png,Is the magenta sphere closer to the camera than the black sphere? Answer with yes or no.,No,No,25.140625,26.453125,True
/data/shared/Qwen/mydisk/output/SYNTHETIC/NVILA-Lite-2B-SYNTHETIC_MIX_10PCT_80K-20260224_234537,obj1_closer,output/phasevar_5/0002_phA00_phB01.png,Is the magenta sphere closer to the camera than the black sphere? Answer with yes or no.,No,No,26.5625,28.140625,True
/data/shared/Qwen/mydisk/output/SYNTHETIC/NVILA-Lite-2B-SYNTHETIC_MIX_10PCT_80K-20260224_234537,obj1_closer,output/phasevar_5/0002_phA00_phB02.png,Is the magenta sphere closer to the camera than the black sphere? Answer with yes or no.,No,No,27.015625,28.59375,True
/data/shared/Qwen/mydisk/output/SYNTHETIC/NVILA-Lite-2B-SYNTHETIC_MIX_10PCT_80K-20260224_234537,obj1_closer,output/phasevar_5/0002_phA00_phB03.png,Is the magenta sphere closer to the camera than the black sphere? Answer with yes or no.,No,No,26.109375,27.421875,True
/data/shared/Qwen/mydisk/output/SYNTHETIC/NVILA-Lite-2B-SYNTHETIC_MIX_10PCT_80K-20260224_234537,obj1_closer,output/phasevar_5/0002_phA00_phB04.png,Is the magenta sphere closer to the camera than the black sphere? Answer with yes or no.,No,No,25.234375,25.828125,True
/data/shared/Qwen/mydisk/output/SYNTHETIC/NVILA-Lite-2B-SYNTHETIC_MIX_10PCT_80K-20260224_234537,obj1_closer,output/phasevar_5/0002_phA00_phB05.png,Is the magenta sphere closer to the camera than the black sphere? Answer with yes or no.,No,No,24.78125,25.796875,True
/data/shared/Qwen/mydisk/output/SYNTHETIC/NVILA-Lite-2B-SYNTHETIC_MIX_10PCT_80K-20260224_234537,obj1_closer,output/phasevar_5/0002_phA00_phB06.png,Is the magenta sphere closer to the camera than the black sphere? Answer with yes or no.,No,No,25.609375,26.8125,True
/data/shared/Qwen/mydisk/output/SYNTHETIC/NVILA-Lite-2B-SYNTHETIC_MIX_10PCT_80K-20260224_234537,obj1_closer,output/phasevar_5/0002_phA00_phB07.png,Is the magenta sphere closer to the camera than the black sphere? Answer with yes or no.,No,No,24.796875,25.71875,True
/data/shared/Qwen/mydisk/output/SYNTHETIC/NVILA-Lite-2B-SYNTHETIC_MIX_10PCT_80K-20260224_234537,obj1_closer,output/phasevar_5/0002_phA00_phB08.png,Is the magenta sphere closer to the camera than the black sphere? Answer with yes or no.,No,No,24.1875,24.796875,True
/data/shared/Qwen/mydisk/output/SYNTHETIC/NVILA-Lite-2B-SYNTHETIC_MIX_10PCT_80K-20260224_234537,obj1_closer,output/phasevar_5/0002_phA00_phB09.png,Is the magenta sphere closer to the camera than the black sphere? Answer with yes or no.,No,No,24.34375,25.28125,True
/data/shared/Qwen/mydisk/output/SYNTHETIC/NVILA-Lite-2B-SYNTHETIC_MIX_10PCT_80K-20260224_234537,obj1_closer,output/phasevar_5/0002_phA00_phB10.png,Is the magenta sphere closer to the camera than the black sphere? Answer with yes or no.,No,No,24.609375,25.140625,True
/data/shared/Qwen/mydisk/output/SYNTHETIC/NVILA-Lite-2B-SYNTHETIC_MIX_10PCT_80K-20260224_234537,obj1_closer,output/phasevar_5/0002_phA00_phB11.png,Is the magenta sphere closer to the camera than the black sphere? Answer with yes or no.,No,No,24.609375,24.734375,True
/data/shared/Qwen/mydisk/output/SYNTHETIC/NVILA-Lite-2B-SYNTHETIC_MIX_10PCT_80K-20260224_234537,obj1_closer,output/phasevar_5/0002_phA00_phB12.png,Is the magenta sphere closer to the camera than the black sphere? Answer with yes or no.,No,No,24.4375,25.140625,True
/data/shared/Qwen/mydisk/output/SYNTHETIC/NVILA-Lite-2B-SYNTHETIC_MIX_10PCT_80K-20260224_234537,obj1_closer,output/phasevar_5/0002_phA00_phB13.png,Is the magenta sphere closer to the camera than the black sphere? Answer with yes or no.,No,No,24.4375,25.71875,True
/data/shared/Qwen/mydisk/output/SYNTHETIC/NVILA-Lite-2B-SYNTHETIC_MIX_10PCT_80K-20260224_234537,obj1_closer,output/phasevar_5/0002_phA00_phB14.png,Is the magenta sphere closer to the camera than the black sphere? Answer with yes or no.,No,No,24.921875,26.03125,True
/data/shared/Qwen/mydisk/output/SYNTHETIC/NVILA-Lite-2B-SYNTHETIC_MIX_10PCT_80K-20260224_234537,obj1_closer,output/phasevar_5/0002_phA00_phB15.png,Is the magenta sphere closer to the camera than the black sphere? Answer with yes or no.,No,No,24.859375,26.203125,True
/data/shared/Qwen/mydisk/output/SYNTHETIC/NVILA-Lite-2B-SYNTHETIC_MIX_10PCT_80K-20260224_234537,obj1_closer,output/phasevar_5/0002_phA01_phB00.png,Is the magenta sphere closer to the camera than the black sphere? Answer with yes or no.,No,No,24.984375,25.984375,True
/data/shared/Qwen/mydisk/output/SYNTHETIC/NVILA-Lite-2B-SYNTHETIC_MIX_10PCT_80K-20260224_234537,obj1_closer,output/phasevar_5/0002_phA01_phB01.png,Is the magenta sphere closer to the camera than the black sphere? Answer with yes or no.,No,No,26.375,28.125,True
/data/shared/Qwen/mydisk/output/SYNTHETIC/NVILA-Lite-2B-SYNTHETIC_MIX_10PCT_80K-20260224_234537,obj1_closer,output/phasevar_5/0002_phA01_phB02.png,Is the magenta sphere closer to the camera than the black sphere? Answer with yes or no.,No,No,26.796875,28.421875,True
/data/shared/Qwen/mydisk/output/SYNTHETIC/NVILA-Lite-2B-SYNTHETIC_MIX_10PCT_80K-20260224_234537,obj1_closer,output/phasevar_5/0002_phA01_phB03.png,Is the magenta sphere closer to the camera than the black sphere? Answer with yes or no.,No,No,26.0,27.53125,True
/data/shared/Qwen/mydisk/output/SYNTHETIC/NVILA-Lite-2B-SYNTHETIC_MIX_10PCT_80K-20260224_234537,obj1_closer,output/phasevar_5/0002_phA01_phB04.png,Is the magenta sphere closer to the camera than the black sphere? Answer with yes or no.,No,No,25.0,25.765625,True
/data/shared/Qwen/mydisk/output/SYNTHETIC/NVILA-Lite-2B-SYNTHETIC_MIX_10PCT_80K-20260224_234537,obj1_closer,output/phasevar_5/0002_phA01_phB05.png,Is the magenta sphere closer to the camera than the black sphere? Answer with yes or no.,No,No,24.5625,25.625,True
/data/shared/Qwen/mydisk/output/SYNTHETIC/NVILA-Lite-2B-SYNTHETIC_MIX_10PCT_80K-20260224_234537,obj1_closer,output/phasevar_5/0002_phA01_phB06.png,Is the magenta sphere closer to the camera than the black sphere? Answer with yes or no.,No,No,25.53125,26.765625,True
/data/shared/Qwen/mydisk/output/SYNTHETIC/NVILA-Lite-2B-SYNTHETIC_MIX_10PCT_80K-20260224_234537,obj1_closer,output/phasevar_5/0002_phA01_phB07.png,Is the magenta sphere closer to the camera than the black sphere? Answer with yes or no.,No,No,24.609375,25.421875,True
/data/shared/Qwen/mydisk/output/SYNTHETIC/NVILA-Lite-2B-SYNTHETIC_MIX_10PCT_80K-20260224_234537,obj1_closer,output/phasevar_5/0002_phA01_phB08.png,Is the magenta sphere closer to the camera than the black sphere? Answer with yes or no.,No,No,24.25,24.703125,True
/data/shared/Qwen/mydisk/output/SYNTHETIC/NVILA-Lite-2B-SYNTHETIC_MIX_10PCT_80K-20260224_234537,obj1_closer,output/phasevar_5/0002_phA01_phB09.png,Is the magenta sphere closer to the camera than the black sphere? Answer with yes or no.,No,No,24.53125,25.25,True
/data/shared/Qwen/mydisk/output/SYNTHETIC/NVILA-Lite-2B-SYNTHETIC_MIX_10PCT_80K-20260224_234537,obj1_closer,output/phasevar_5/0002_phA01_phB10.png,Is the magenta sphere closer to the camera than the black sphere? Answer with yes or no.,No,No,24.84375,25.1875,True
/data/shared/Qwen/mydisk/output/SYNTHETIC/NVILA-Lite-2B-SYNTHETIC_MIX_10PCT_80K-20260224_234537,obj1_closer,output/phasevar_5/0002_phA01_phB11.png,Is the magenta sphere closer to the camera than the black sphere? Answer with yes or no.,No,Yes,25.203125,25.03125,False
/data/shared/Qwen/mydisk/output/SYNTHETIC/NVILA-Lite-2B-SYNTHETIC_MIX_10PCT_80K-20260224_234537,obj1_closer,output/phasevar_5/0002_phA01_phB12.png,Is the magenta sphere closer to the camera than the black sphere? Answer with yes or no.,No,No,24.8125,25.171875,True
/data/shared/Qwen/mydisk/output/SYNTHETIC/NVILA-Lite-2B-SYNTHETIC_MIX_10PCT_80K-20260224_234537,obj1_closer,output/phasevar_5/0002_phA01_phB13.png,Is the magenta sphere closer to the camera than the black sphere? Answer with yes or no.,No,No,24.421875,25.328125,True
/data/shared/Qwen/mydisk/output/SYNTHETIC/NVILA-Lite-2B-SYNTHETIC_MIX_10PCT_80K-20260224_234537,obj1_closer,output/phasevar_5/0002_phA01_phB14.png,Is the magenta sphere closer to the camera than the black sphere? Answer with yes or no.,No,No,24.859375,25.65625,True
/data/shared/Qwen/mydisk/output/SYNTHETIC/NVILA-Lite-2B-SYNTHETIC_MIX_10PCT_80K-20260224_234537,obj1_closer,output/phasevar_5/0002_phA01_phB15.png,Is the magenta sphere closer to the camera than the black sphere? Answer with yes or no.,No,No,24.78125,25.921875,True
/data/shared/Qwen/mydisk/output/SYNTHETIC/NVILA-Lite-2B-SYNTHETIC_MIX_10PCT_80K-20260224_234537,obj1_closer,output/phasevar_5/0002_phA02_phB00.png,Is the magenta sphere closer to the camera than the black sphere? Answer with yes or no.,No,No,24.6875,25.234375,True
/data/shared/Qwen/mydisk/output/SYNTHETIC/NVILA-Lite-2B-SYNTHETIC_MIX_10PCT_80K-20260224_234537,obj1_closer,output/phasevar_5/0002_phA02_phB01.png,Is the magenta sphere closer to the camera than the black sphere? Answer with yes or no.,No,No,25.796875,27.265625,True
/data/shared/Qwen/mydisk/output/SYNTHETIC/NVILA-Lite-2B-SYNTHETIC_MIX_10PCT_80K-20260224_234537,obj1_closer,output/phasevar_5/0002_phA02_phB02.png,Is the magenta sphere closer to the camera than the black sphere? Answer with yes or no.,No,No,26.640625,28.328125,True
/data/shared/Qwen/mydisk/output/SYNTHETIC/NVILA-Lite-2B-SYNTHETIC_MIX_10PCT_80K-20260224_234537,obj1_closer,output/phasevar_5/0002_phA02_phB03.png,Is the magenta sphere closer to the camera than the black sphere? Answer with yes or no.,No,No,25.609375,27.5,True
/data/shared/Qwen/mydisk/output/SYNTHETIC/NVILA-Lite-2B-SYNTHETIC_MIX_10PCT_80K-20260224_234537,obj1_closer,output/phasevar_5/0002_phA02_phB04.png,Is the magenta sphere closer to the camera than the black sphere? Answer with yes or no.,No,No,24.546875,25.609375,True
/data/shared/Qwen/mydisk/output/SYNTHETIC/NVILA-Lite-2B-SYNTHETIC_MIX_10PCT_80K-20260224_234537,obj1_closer,output/phasevar_5/0002_phA02_phB05.png,Is the magenta sphere closer to the camera than the black sphere? Answer with yes or no.,No,No,24.140625,25.09375,True
/data/shared/Qwen/mydisk/output/SYNTHETIC/NVILA-Lite-2B-SYNTHETIC_MIX_10PCT_80K-20260224_234537,obj1_closer,output/phasevar_5/0002_phA02_phB06.png,Is the magenta sphere closer to the camera than the black sphere? Answer with yes or no.,No,No,25.296875,26.546875,True
/data/shared/Qwen/mydisk/output/SYNTHETIC/NVILA-Lite-2B-SYNTHETIC_MIX_10PCT_80K-20260224_234537,obj1_closer,output/phasevar_5/0002_phA02_phB07.png,Is the magenta sphere closer to the camera than the black sphere? Answer with yes or no.,No,No,24.625,25.328125,True
/data/shared/Qwen/mydisk/output/SYNTHETIC/NVILA-Lite-2B-SYNTHETIC_MIX_10PCT_80K-20260224_234537,obj1_closer,output/phasevar_5/0002_phA02_phB08.png,Is the magenta sphere closer to the camera than the black sphere? Answer with yes or no.,No,No,24.671875,24.671875,True
/data/shared/Qwen/mydisk/output/SYNTHETIC/NVILA-Lite-2B-SYNTHETIC_MIX_10PCT_80K-20260224_234537,obj1_closer,output/phasevar_5/0002_phA02_phB09.png,Is the magenta sphere closer to the camera than the black sphere? Answer with yes or no.,No,No,24.859375,25.21875,True
/data/shared/Qwen/mydisk/output/SYNTHETIC/NVILA-Lite-2B-SYNTHETIC_MIX_10PCT_80K-20260224_234537,obj1_closer,output/phasevar_5/0002_phA02_phB10.png,Is the magenta sphere closer to the camera than the black sphere? Answer with yes or no.,No,No,25.203125,25.234375,True
/data/shared/Qwen/mydisk/output/SYNTHETIC/NVILA-Lite-2B-SYNTHETIC_MIX_10PCT_80K-20260224_234537,obj1_closer,output/phasevar_5/0002_phA02_phB11.png,Is the magenta sphere closer to the camera than the black sphere? Answer with yes or no.,No,Yes,26.234375,25.578125,False
/data/shared/Qwen/mydisk/output/SYNTHETIC/NVILA-Lite-2B-SYNTHETIC_MIX_10PCT_80K-20260224_234537,obj1_closer,output/phasevar_5/0002_phA02_phB12.png,Is the magenta sphere closer to the camera than the black sphere? Answer with yes or no.,No,Yes,25.75,25.671875,False
/data/shared/Qwen/mydisk/output/SYNTHETIC/NVILA-Lite-2B-SYNTHETIC_MIX_10PCT_80K-20260224_234537,obj1_closer,output/phasevar_5/0002_phA02_phB13.png,Is the magenta sphere closer to the camera than the black sphere? Answer with yes or no.,No,No,24.59375,25.40625,True
/data/shared/Qwen/mydisk/output/SYNTHETIC/NVILA-Lite-2B-SYNTHETIC_MIX_10PCT_80K-20260224_234537,obj1_closer,output/phasevar_5/0002_phA02_phB14.png,Is the magenta sphere closer to the camera than the black sphere? Answer with yes or no.,No,No,24.765625,25.34375,True
/data/shared/Qwen/mydisk/output/SYNTHETIC/NVILA-Lite-2B-SYNTHETIC_MIX_10PCT_80K-20260224_234537,obj1_closer,output/phasevar_5/0002_phA02_phB15.png,Is the magenta sphere closer to the camera than the black sphere? Answer with yes or no.,No,No,24.5,25.375,True
/data/shared/Qwen/mydisk/output/SYNTHETIC/NVILA-Lite-2B-SYNTHETIC_MIX_10PCT_80K-20260224_234537,obj1_closer,output/phasevar_5/0002_phA03_phB00.png,Is the magenta sphere closer to the camera than the black sphere? Answer with yes or no.,No,No,24.53125,25.109375,True
/data/shared/Qwen/mydisk/output/SYNTHETIC/NVILA-Lite-2B-SYNTHETIC_MIX_10PCT_80K-20260224_234537,obj1_closer,output/phasevar_5/0002_phA03_phB01.png,Is the magenta sphere closer to the camera than the black sphere? Answer with yes or no.,No,No,25.671875,26.78125,True
/data/shared/Qwen/mydisk/output/SYNTHETIC/NVILA-Lite-2B-SYNTHETIC_MIX_10PCT_80K-20260224_234537,obj1_closer,output/phasevar_5/0002_phA03_phB02.png,Is the magenta sphere closer to the camera than the black sphere? Answer with yes or no.,No,No,26.46875,27.921875,True
/data/shared/Qwen/mydisk/output/SYNTHETIC/NVILA-Lite-2B-SYNTHETIC_MIX_10PCT_80K-20260224_234537,obj1_closer,output/phasevar_5/0002_phA03_phB03.png,Is the magenta sphere closer to the camera than the black sphere? Answer with yes or no.,No,No,25.59375,27.09375,True
/data/shared/Qwen/mydisk/output/SYNTHETIC/NVILA-Lite-2B-SYNTHETIC_MIX_10PCT_80K-20260224_234537,obj1_closer,output/phasevar_5/0002_phA03_phB04.png,Is the magenta sphere closer to the camera than the black sphere? Answer with yes or no.,No,No,24.515625,25.90625,True
/data/shared/Qwen/mydisk/output/SYNTHETIC/NVILA-Lite-2B-SYNTHETIC_MIX_10PCT_80K-20260224_234537,obj1_closer,output/phasevar_5/0002_phA03_phB05.png,Is the magenta sphere closer to the camera than the black sphere? Answer with yes or no.,No,No,24.1875,25.4375,True
/data/shared/Qwen/mydisk/output/SYNTHETIC/NVILA-Lite-2B-SYNTHETIC_MIX_10PCT_80K-20260224_234537,obj1_closer,output/phasevar_5/0002_phA03_phB06.png,Is the magenta sphere closer to the camera than the black sphere? Answer with yes or no.,No,No,25.421875,26.875,True
/data/shared/Qwen/mydisk/output/SYNTHETIC/NVILA-Lite-2B-SYNTHETIC_MIX_10PCT_80K-20260224_234537,obj1_closer,output/phasevar_5/0002_phA03_phB07.png,Is the magenta sphere closer to the camera than the black sphere? Answer with yes or no.,No,No,24.578125,25.484375,True
/data/shared/Qwen/mydisk/output/SYNTHETIC/NVILA-Lite-2B-SYNTHETIC_MIX_10PCT_80K-20260224_234537,obj1_closer,output/phasevar_5/0002_phA03_phB08.png,Is the magenta sphere closer to the camera than the black sphere? Answer with yes or no.,No,No,24.34375,24.6875,True
/data/shared/Qwen/mydisk/output/SYNTHETIC/NVILA-Lite-2B-SYNTHETIC_MIX_10PCT_80K-20260224_234537,obj1_closer,output/phasevar_5/0002_phA03_phB09.png,Is the magenta sphere closer to the camera than the black sphere? Answer with yes or no.,No,No,24.3125,25.1875,True
/data/shared/Qwen/mydisk/output/SYNTHETIC/NVILA-Lite-2B-SYNTHETIC_MIX_10PCT_80K-20260224_234537,obj1_closer,output/phasevar_5/0002_phA03_phB10.png,Is the magenta sphere closer to the camera than the black sphere? Answer with yes or no.,No,No,24.546875,24.984375,True
/data/shared/Qwen/mydisk/output/SYNTHETIC/NVILA-Lite-2B-SYNTHETIC_MIX_10PCT_80K-20260224_234537,obj1_closer,output/phasevar_5/0002_phA03_phB11.png,Is the magenta sphere closer to the camera than the black sphere? Answer with yes or no.,No,No,24.4375,24.625,True
/data/shared/Qwen/mydisk/output/SYNTHETIC/NVILA-Lite-2B-SYNTHETIC_MIX_10PCT_80K-20260224_234537,obj1_closer,output/phasevar_5/0002_phA03_phB12.png,Is the magenta sphere closer to the camera than the black sphere? Answer with yes or no.,No,No,24.0625,24.875,True
/data/shared/Qwen/mydisk/output/SYNTHETIC/NVILA-Lite-2B-SYNTHETIC_MIX_10PCT_80K-20260224_234537,obj1_closer,output/phasevar_5/0002_phA03_phB13.png,Is the magenta sphere closer to the camera than the black sphere? Answer with yes or no.,No,No,24.046875,25.0,True
/data/shared/Qwen/mydisk/output/SYNTHETIC/NVILA-Lite-2B-SYNTHETIC_MIX_10PCT_80K-20260224_234537,obj1_closer,output/phasevar_5/0002_phA03_phB14.png,Is the magenta sphere closer to the camera than the black sphere? Answer with yes or no.,No,No,24.53125,25.3125,True
/data/shared/Qwen/mydisk/output/SYNTHETIC/NVILA-Lite-2B-SYNTHETIC_MIX_10PCT_80K-20260224_234537,obj1_closer,output/phasevar_5/0002_phA03_phB15.png,Is the magenta sphere closer to the camera than the black sphere? Answer with yes or no.,No,No,24.453125,25.46875,True
/data/shared/Qwen/mydisk/output/SYNTHETIC/NVILA-Lite-2B-SYNTHETIC_MIX_10PCT_80K-20260224_234537,obj1_closer,output/phasevar_5/0002_phA04_phB00.png,Is the magenta sphere closer to the camera than the black sphere? Answer with yes or no.,No,No,24.375,25.09375,True
/data/shared/Qwen/mydisk/output/SYNTHETIC/NVILA-Lite-2B-SYNTHETIC_MIX_10PCT_80K-20260224_234537,obj1_closer,output/phasevar_5/0002_phA04_phB01.png,Is the magenta sphere closer to the camera than the black sphere? Answer with yes or no.,No,No,25.421875,26.515625,True
/data/shared/Qwen/mydisk/output/SYNTHETIC/NVILA-Lite-2B-SYNTHETIC_MIX_10PCT_80K-20260224_234537,obj1_closer,output/phasevar_5/0002_phA04_phB02.png,Is the magenta sphere closer to the camera than the black sphere? Answer with yes or no.,No,No,26.078125,27.421875,True
/data/shared/Qwen/mydisk/output/SYNTHETIC/NVILA-Lite-2B-SYNTHETIC_MIX_10PCT_80K-20260224_234537,obj1_closer,output/phasevar_5/0002_phA04_phB03.png,Is the magenta sphere closer to the camera than the black sphere? Answer with yes or no.,No,No,25.21875,26.640625,True
/data/shared/Qwen/mydisk/output/SYNTHETIC/NVILA-Lite-2B-SYNTHETIC_MIX_10PCT_80K-20260224_234537,obj1_closer,output/phasevar_5/0002_phA04_phB04.png,Is the magenta sphere closer to the camera than the black sphere? Answer with yes or no.,No,No,24.5,26.109375,True
/data/shared/Qwen/mydisk/output/SYNTHETIC/NVILA-Lite-2B-SYNTHETIC_MIX_10PCT_80K-20260224_234537,obj1_closer,output/phasevar_5/0002_phA04_phB05.png,Is the magenta sphere closer to the camera than the black sphere? Answer with yes or no.,No,No,24.328125,25.734375,True
/data/shared/Qwen/mydisk/output/SYNTHETIC/NVILA-Lite-2B-SYNTHETIC_MIX_10PCT_80K-20260224_234537,obj1_closer,output/phasevar_5/0002_phA04_phB06.png,Is the magenta sphere closer to the camera than the black sphere? Answer with yes or no.,No,No,25.265625,26.96875,True
/data/shared/Qwen/mydisk/output/SYNTHETIC/NVILA-Lite-2B-SYNTHETIC_MIX_10PCT_80K-20260224_234537,obj1_closer,output/phasevar_5/0002_phA04_phB07.png,Is the magenta sphere closer to the camera than the black sphere? Answer with yes or no.,No,No,24.421875,25.375,True
/data/shared/Qwen/mydisk/output/SYNTHETIC/NVILA-Lite-2B-SYNTHETIC_MIX_10PCT_80K-20260224_234537,obj1_closer,output/phasevar_5/0002_phA04_phB08.png,Is the magenta sphere closer to the camera than the black sphere? Answer with yes or no.,No,No,24.3125,24.734375,True
/data/shared/Qwen/mydisk/output/SYNTHETIC/NVILA-Lite-2B-SYNTHETIC_MIX_10PCT_80K-20260224_234537,obj1_closer,output/phasevar_5/0002_phA04_phB09.png,Is the magenta sphere closer to the camera than the black sphere? Answer with yes or no.,No,No,24.265625,25.296875,True
/data/shared/Qwen/mydisk/output/SYNTHETIC/NVILA-Lite-2B-SYNTHETIC_MIX_10PCT_80K-20260224_234537,obj1_closer,output/phasevar_5/0002_phA04_phB10.png,Is the magenta sphere closer to the camera than the black sphere? Answer with yes or no.,No,No,24.359375,24.96875,True
/data/shared/Qwen/mydisk/output/SYNTHETIC/NVILA-Lite-2B-SYNTHETIC_MIX_10PCT_80K-20260224_234537,obj1_closer,output/phasevar_5/0002_phA04_phB11.png,Is the magenta sphere closer to the camera than the black sphere? Answer with yes or no.,No,No,24.171875,24.796875,True
/data/shared/Qwen/mydisk/output/SYNTHETIC/NVILA-Lite-2B-SYNTHETIC_MIX_10PCT_80K-20260224_234537,obj1_closer,output/phasevar_5/0002_phA04_phB12.png,Is the magenta sphere closer to the camera than the black sphere? Answer with yes or no.,No,No,24.0625,25.0625,True
/data/shared/Qwen/mydisk/output/SYNTHETIC/NVILA-Lite-2B-SYNTHETIC_MIX_10PCT_80K-20260224_234537,obj1_closer,output/phasevar_5/0002_phA04_phB13.png,Is the magenta sphere closer to the camera than the black sphere? Answer with yes or no.,No,No,23.953125,24.953125,True
/data/shared/Qwen/mydisk/output/SYNTHETIC/NVILA-Lite-2B-SYNTHETIC_MIX_10PCT_80K-20260224_234537,obj1_closer,output/phasevar_5/0002_phA04_phB14.png,Is the magenta sphere closer to the camera than the black sphere? Answer with yes or no.,No,No,24.25,25.015625,True
/data/shared/Qwen/mydisk/output/SYNTHETIC/NVILA-Lite-2B-SYNTHETIC_MIX_10PCT_80K-20260224_234537,obj1_closer,output/phasevar_5/0002_phA04_phB15.png,Is the magenta sphere closer to the camera than the black sphere? Answer with yes or no.,No,No,24.171875,25.1875,True
/data/shared/Qwen/mydisk/output/SYNTHETIC/NVILA-Lite-2B-SYNTHETIC_MIX_10PCT_80K-20260224_234537,obj1_closer,output/phasevar_5/0002_phA05_phB00.png,Is the magenta sphere closer to the camera than the black sphere? Answer with yes or no.,No,No,24.140625,24.75,True
/data/shared/Qwen/mydisk/output/SYNTHETIC/NVILA-Lite-2B-SYNTHETIC_MIX_10PCT_80K-20260224_234537,obj1_closer,output/phasevar_5/0002_phA05_phB01.png,Is the magenta sphere closer to the camera than the black sphere? Answer with yes or no.,No,No,25.328125,26.34375,True
/data/shared/Qwen/mydisk/output/SYNTHETIC/NVILA-Lite-2B-SYNTHETIC_MIX_10PCT_80K-20260224_234537,obj1_closer,output/phasevar_5/0002_phA05_phB02.png,Is the magenta sphere closer to the camera than the black sphere? Answer with yes or no.,No,No,26.125,27.109375,True
/data/shared/Qwen/mydisk/output/SYNTHETIC/NVILA-Lite-2B-SYNTHETIC_MIX_10PCT_80K-20260224_234537,obj1_closer,output/phasevar_5/0002_phA05_phB03.png,Is the magenta sphere closer to the camera than the black sphere? Answer with yes or no.,No,No,24.828125,25.9375,True
/data/shared/Qwen/mydisk/output/SYNTHETIC/NVILA-Lite-2B-SYNTHETIC_MIX_10PCT_80K-20260224_234537,obj1_closer,output/phasevar_5/0002_phA05_phB04.png,Is the magenta sphere closer to the camera than the black sphere? Answer with yes or no.,No,No,24.21875,25.609375,True
/data/shared/Qwen/mydisk/output/SYNTHETIC/NVILA-Lite-2B-SYNTHETIC_MIX_10PCT_80K-20260224_234537,obj1_closer,output/phasevar_5/0002_phA05_phB05.png,Is the magenta sphere closer to the camera than the black sphere? Answer with yes or no.,No,No,24.21875,25.734375,True
/data/shared/Qwen/mydisk/output/SYNTHETIC/NVILA-Lite-2B-SYNTHETIC_MIX_10PCT_80K-20260224_234537,obj1_closer,output/phasevar_5/0002_phA05_phB06.png,Is the magenta sphere closer to the camera than the black sphere? Answer with yes or no.,No,No,25.15625,26.8125,True
/data/shared/Qwen/mydisk/output/SYNTHETIC/NVILA-Lite-2B-SYNTHETIC_MIX_10PCT_80K-20260224_234537,obj1_closer,output/phasevar_5/0002_phA05_phB07.png,Is the magenta sphere closer to the camera than the black sphere? Answer with yes or no.,No,No,24.390625,25.3125,True
/data/shared/Qwen/mydisk/output/SYNTHETIC/NVILA-Lite-2B-SYNTHETIC_MIX_10PCT_80K-20260224_234537,obj1_closer,output/phasevar_5/0002_phA05_phB08.png,Is the magenta sphere closer to the camera than the black sphere? Answer with yes or no.,No,No,24.234375,24.546875,True
/data/shared/Qwen/mydisk/output/SYNTHETIC/NVILA-Lite-2B-SYNTHETIC_MIX_10PCT_80K-20260224_234537,obj1_closer,output/phasevar_5/0002_phA05_phB09.png,Is the magenta sphere closer to the camera than the black sphere? Answer with yes or no.,No,No,24.09375,25.109375,True
/data/shared/Qwen/mydisk/output/SYNTHETIC/NVILA-Lite-2B-SYNTHETIC_MIX_10PCT_80K-20260224_234537,obj1_closer,output/phasevar_5/0002_phA05_phB10.png,Is the magenta sphere closer to the camera than the black sphere? Answer with yes or no.,No,No,24.21875,24.8125,True
/data/shared/Qwen/mydisk/output/SYNTHETIC/NVILA-Lite-2B-SYNTHETIC_MIX_10PCT_80K-20260224_234537,obj1_closer,output/phasevar_5/0002_phA05_phB11.png,Is the magenta sphere closer to the camera than the black sphere? Answer with yes or no.,No,No,24.21875,24.828125,True
/data/shared/Qwen/mydisk/output/SYNTHETIC/NVILA-Lite-2B-SYNTHETIC_MIX_10PCT_80K-20260224_234537,obj1_closer,output/phasevar_5/0002_phA05_phB12.png,Is the magenta sphere closer to the camera than the black sphere? Answer with yes or no.,No,No,24.078125,24.953125,True
/data/shared/Qwen/mydisk/output/SYNTHETIC/NVILA-Lite-2B-SYNTHETIC_MIX_10PCT_80K-20260224_234537,obj1_closer,output/phasevar_5/0002_phA05_phB13.png,Is the magenta sphere closer to the camera than the black sphere? Answer with yes or no.,No,No,23.90625,24.71875,True
/data/shared/Qwen/mydisk/output/SYNTHETIC/NVILA-Lite-2B-SYNTHETIC_MIX_10PCT_80K-20260224_234537,obj1_closer,output/phasevar_5/0002_phA05_phB14.png,Is the magenta sphere closer to the camera than the black sphere? Answer with yes or no.,No,No,24.140625,24.84375,True
/data/shared/Qwen/mydisk/output/SYNTHETIC/NVILA-Lite-2B-SYNTHETIC_MIX_10PCT_80K-20260224_234537,obj1_closer,output/phasevar_5/0002_phA05_phB15.png,Is the magenta sphere closer to the camera than the black sphere? Answer with yes or no.,No,No,24.0,24.90625,True
/data/shared/Qwen/mydisk/output/SYNTHETIC/NVILA-Lite-2B-SYNTHETIC_MIX_10PCT_80K-20260224_234537,obj1_closer,output/phasevar_5/0002_phA06_phB00.png,Is the magenta sphere closer to the camera than the black sphere? Answer with yes or no.,No,No,24.453125,24.859375,True
/data/shared/Qwen/mydisk/output/SYNTHETIC/NVILA-Lite-2B-SYNTHETIC_MIX_10PCT_80K-20260224_234537,obj1_closer,output/phasevar_5/0002_phA06_phB01.png,Is the magenta sphere closer to the camera than the black sphere? Answer with yes or no.,No,No,25.546875,26.453125,True
/data/shared/Qwen/mydisk/output/SYNTHETIC/NVILA-Lite-2B-SYNTHETIC_MIX_10PCT_80K-20260224_234537,obj1_closer,output/phasevar_5/0002_phA06_phB02.png,Is the magenta sphere closer to the camera than the black sphere? Answer with yes or no.,No,No,26.34375,27.265625,True
/data/shared/Qwen/mydisk/output/SYNTHETIC/NVILA-Lite-2B-SYNTHETIC_MIX_10PCT_80K-20260224_234537,obj1_closer,output/phasevar_5/0002_phA06_phB03.png,Is the magenta sphere closer to the camera than the black sphere? Answer with yes or no.,No,No,25.03125,25.796875,True
/data/shared/Qwen/mydisk/output/SYNTHETIC/NVILA-Lite-2B-SYNTHETIC_MIX_10PCT_80K-20260224_234537,obj1_closer,output/phasevar_5/0002_phA06_phB04.png,Is the magenta sphere closer to the camera than the black sphere? Answer with yes or no.,No,No,24.4375,25.0625,True
/data/shared/Qwen/mydisk/output/SYNTHETIC/NVILA-Lite-2B-SYNTHETIC_MIX_10PCT_80K-20260224_234537,obj1_closer,output/phasevar_5/0002_phA06_phB05.png,Is the magenta sphere closer to the camera than the black sphere? Answer with yes or no.,No,No,24.375,26.0625,True
/data/shared/Qwen/mydisk/output/SYNTHETIC/NVILA-Lite-2B-SYNTHETIC_MIX_10PCT_80K-20260224_234537,obj1_closer,output/phasevar_5/0002_phA06_phB06.png,Is the magenta sphere closer to the camera than the black sphere? Answer with yes or no.,No,No,25.453125,27.375,True
/data/shared/Qwen/mydisk/output/SYNTHETIC/NVILA-Lite-2B-SYNTHETIC_MIX_10PCT_80K-20260224_234537,obj1_closer,output/phasevar_5/0002_phA06_phB07.png,Is the magenta sphere closer to the camera than the black sphere? Answer with yes or no.,No,No,24.609375,25.640625,True
/data/shared/Qwen/mydisk/output/SYNTHETIC/NVILA-Lite-2B-SYNTHETIC_MIX_10PCT_80K-20260224_234537,obj1_closer,output/phasevar_5/0002_phA06_phB08.png,Is the magenta sphere closer to the camera than the black sphere? Answer with yes or no.,No,No,24.203125,24.609375,True
/data/shared/Qwen/mydisk/output/SYNTHETIC/NVILA-Lite-2B-SYNTHETIC_MIX_10PCT_80K-20260224_234537,obj1_closer,output/phasevar_5/0002_phA06_phB09.png,Is the magenta sphere closer to the camera than the black sphere? Answer with yes or no.,No,No,24.046875,25.3125,True
/data/shared/Qwen/mydisk/output/SYNTHETIC/NVILA-Lite-2B-SYNTHETIC_MIX_10PCT_80K-20260224_234537,obj1_closer,output/phasevar_5/0002_phA06_phB10.png,Is the magenta sphere closer to the camera than the black sphere? Answer with yes or no.,No,No,24.109375,24.953125,True
/data/shared/Qwen/mydisk/output/SYNTHETIC/NVILA-Lite-2B-SYNTHETIC_MIX_10PCT_80K-20260224_234537,obj1_closer,output/phasevar_5/0002_phA06_phB11.png,Is the magenta sphere closer to the camera than the black sphere? Answer with yes or no.,No,No,24.390625,24.90625,True
/data/shared/Qwen/mydisk/output/SYNTHETIC/NVILA-Lite-2B-SYNTHETIC_MIX_10PCT_80K-20260224_234537,obj1_closer,output/phasevar_5/0002_phA06_phB12.png,Is the magenta sphere closer to the camera than the black sphere? Answer with yes or no.,No,No,24.546875,24.921875,True
/data/shared/Qwen/mydisk/output/SYNTHETIC/NVILA-Lite-2B-SYNTHETIC_MIX_10PCT_80K-20260224_234537,obj1_closer,output/phasevar_5/0002_phA06_phB13.png,Is the magenta sphere closer to the camera than the black sphere? Answer with yes or no.,No,No,24.328125,24.71875,True
/data/shared/Qwen/mydisk/output/SYNTHETIC/NVILA-Lite-2B-SYNTHETIC_MIX_10PCT_80K-20260224_234537,obj1_closer,output/phasevar_5/0002_phA06_phB14.png,Is the magenta sphere closer to the camera than the black sphere? Answer with yes or no.,No,No,24.328125,24.90625,True
/data/shared/Qwen/mydisk/output/SYNTHETIC/NVILA-Lite-2B-SYNTHETIC_MIX_10PCT_80K-20260224_234537,obj1_closer,output/phasevar_5/0002_phA06_phB15.png,Is the magenta sphere closer to the camera than the black sphere? Answer with yes or no.,No,No,24.28125,25.0,True
/data/shared/Qwen/mydisk/output/SYNTHETIC/NVILA-Lite-2B-SYNTHETIC_MIX_10PCT_80K-20260224_234537,obj1_closer,output/phasevar_5/0002_phA07_phB00.png,Is the magenta sphere closer to the camera than the black sphere? Answer with yes or no.,No,No,24.671875,25.125,True
/data/shared/Qwen/mydisk/output/SYNTHETIC/NVILA-Lite-2B-SYNTHETIC_MIX_10PCT_80K-20260224_234537,obj1_closer,output/phasevar_5/0002_phA07_phB01.png,Is the magenta sphere closer to the camera than the black sphere? Answer with yes or no.,No,No,26.0625,26.828125,True
/data/shared/Qwen/mydisk/output/SYNTHETIC/NVILA-Lite-2B-SYNTHETIC_MIX_10PCT_80K-20260224_234537,obj1_closer,output/phasevar_5/0002_phA07_phB02.png,Is the magenta sphere closer to the camera than the black sphere? Answer with yes or no.,No,No,26.640625,27.4375,True
/data/shared/Qwen/mydisk/output/SYNTHETIC/NVILA-Lite-2B-SYNTHETIC_MIX_10PCT_80K-20260224_234537,obj1_closer,output/phasevar_5/0002_phA07_phB03.png,Is the magenta sphere closer to the camera than the black sphere? Answer with yes or no.,No,No,25.53125,25.90625,True
/data/shared/Qwen/mydisk/output/SYNTHETIC/NVILA-Lite-2B-SYNTHETIC_MIX_10PCT_80K-20260224_234537,obj1_closer,output/phasevar_5/0002_phA07_phB04.png,Is the magenta sphere closer to the camera than the black sphere? Answer with yes or no.,No,No,25.09375,25.21875,True
/data/shared/Qwen/mydisk/output/SYNTHETIC/NVILA-Lite-2B-SYNTHETIC_MIX_10PCT_80K-20260224_234537,obj1_closer,output/phasevar_5/0002_phA07_phB05.png,Is the magenta sphere closer to the camera than the black sphere? Answer with yes or no.,No,No,25.09375,26.390625,True
/data/shared/Qwen/mydisk/output/SYNTHETIC/NVILA-Lite-2B-SYNTHETIC_MIX_10PCT_80K-20260224_234537,obj1_closer,output/phasevar_5/0002_phA07_phB06.png,Is the magenta sphere closer to the camera than the black sphere? Answer with yes or no.,No,No,25.921875,27.5,True
/data/shared/Qwen/mydisk/output/SYNTHETIC/NVILA-Lite-2B-SYNTHETIC_MIX_10PCT_80K-20260224_234537,obj1_closer,output/phasevar_5/0002_phA07_phB07.png,Is the magenta sphere closer to the camera than the black sphere? Answer with yes or no.,No,No,25.046875,26.078125,True
/data/shared/Qwen/mydisk/output/SYNTHETIC/NVILA-Lite-2B-SYNTHETIC_MIX_10PCT_80K-20260224_234537,obj1_closer,output/phasevar_5/0002_phA07_phB08.png,Is the magenta sphere closer to the camera than the black sphere? Answer with yes or no.,No,No,24.203125,24.84375,True
/data/shared/Qwen/mydisk/output/SYNTHETIC/NVILA-Lite-2B-SYNTHETIC_MIX_10PCT_80K-20260224_234537,obj1_closer,output/phasevar_5/0002_phA07_phB09.png,Is the magenta sphere closer to the camera than the black sphere? Answer with yes or no.,No,No,24.28125,25.46875,True
/data/shared/Qwen/mydisk/output/SYNTHETIC/NVILA-Lite-2B-SYNTHETIC_MIX_10PCT_80K-20260224_234537,obj1_closer,output/phasevar_5/0002_phA07_phB10.png,Is the magenta sphere closer to the camera than the black sphere? Answer with yes or no.,No,No,24.1875,25.015625,True
/data/shared/Qwen/mydisk/output/SYNTHETIC/NVILA-Lite-2B-SYNTHETIC_MIX_10PCT_80K-20260224_234537,obj1_closer,output/phasevar_5/0002_phA07_phB11.png,Is the magenta sphere closer to the camera than the black sphere? Answer with yes or no.,No,No,24.015625,24.46875,True
/data/shared/Qwen/mydisk/output/SYNTHETIC/NVILA-Lite-2B-SYNTHETIC_MIX_10PCT_80K-20260224_234537,obj1_closer,output/phasevar_5/0002_phA07_phB12.png,Is the magenta sphere closer to the camera than the black sphere? Answer with yes or no.,No,No,24.421875,24.640625,True
/data/shared/Qwen/mydisk/output/SYNTHETIC/NVILA-Lite-2B-SYNTHETIC_MIX_10PCT_80K-20260224_234537,obj1_closer,output/phasevar_5/0002_phA07_phB13.png,Is the magenta sphere closer to the camera than the black sphere? Answer with yes or no.,No,No,24.34375,24.609375,True
/data/shared/Qwen/mydisk/output/SYNTHETIC/NVILA-Lite-2B-SYNTHETIC_MIX_10PCT_80K-20260224_234537,obj1_closer,output/phasevar_5/0002_phA07_phB14.png,Is the magenta sphere closer to the camera than the black sphere? Answer with yes or no.,No,No,24.546875,25.09375,True
/data/shared/Qwen/mydisk/output/SYNTHETIC/NVILA-Lite-2B-SYNTHETIC_MIX_10PCT_80K-20260224_234537,obj1_closer,output/phasevar_5/0002_phA07_phB15.png,Is the magenta sphere closer to the camera than the black sphere? Answer with yes or no.,No,No,24.625,25.390625,True
/data/shared/Qwen/mydisk/output/SYNTHETIC/NVILA-Lite-2B-SYNTHETIC_MIX_10PCT_80K-20260224_234537,obj1_closer,output/phasevar_5/0002_phA08_phB00.png,Is the magenta sphere closer to the camera than the black sphere? Answer with yes or no.,No,No,25.15625,25.671875,True
/data/shared/Qwen/mydisk/output/SYNTHETIC/NVILA-Lite-2B-SYNTHETIC_MIX_10PCT_80K-20260224_234537,obj1_closer,output/phasevar_5/0002_phA08_phB01.png,Is the magenta sphere closer to the camera than the black sphere? Answer with yes or no.,No,No,26.53125,27.421875,True
/data/shared/Qwen/mydisk/output/SYNTHETIC/NVILA-Lite-2B-SYNTHETIC_MIX_10PCT_80K-20260224_234537,obj1_closer,output/phasevar_5/0002_phA08_phB02.png,Is the magenta sphere closer to the camera than the black sphere? Answer with yes or no.,No,No,27.078125,28.03125,True
/data/shared/Qwen/mydisk/output/SYNTHETIC/NVILA-Lite-2B-SYNTHETIC_MIX_10PCT_80K-20260224_234537,obj1_closer,output/phasevar_5/0002_phA08_phB03.png,Is the magenta sphere closer to the camera than the black sphere? Answer with yes or no.,No,No,26.109375,26.609375,True
/data/shared/Qwen/mydisk/output/SYNTHETIC/NVILA-Lite-2B-SYNTHETIC_MIX_10PCT_80K-20260224_234537,obj1_closer,output/phasevar_5/0002_phA08_phB04.png,Is the magenta sphere closer to the camera than the black sphere? Answer with yes or no.,No,Yes,25.625,25.5625,False
/data/shared/Qwen/mydisk/output/SYNTHETIC/NVILA-Lite-2B-SYNTHETIC_MIX_10PCT_80K-20260224_234537,obj1_closer,output/phasevar_5/0002_phA08_phB05.png,Is the magenta sphere closer to the camera than the black sphere? Answer with yes or no.,No,No,25.40625,26.71875,True
/data/shared/Qwen/mydisk/output/SYNTHETIC/NVILA-Lite-2B-SYNTHETIC_MIX_10PCT_80K-20260224_234537,obj1_closer,output/phasevar_5/0002_phA08_phB06.png,Is the magenta sphere closer to the camera than the black sphere? Answer with yes or no.,No,No,26.15625,27.890625,True
/data/shared/Qwen/mydisk/output/SYNTHETIC/NVILA-Lite-2B-SYNTHETIC_MIX_10PCT_80K-20260224_234537,obj1_closer,output/phasevar_5/0002_phA08_phB07.png,Is the magenta sphere closer to the camera than the black sphere? Answer with yes or no.,No,No,25.359375,26.578125,True
/data/shared/Qwen/mydisk/output/SYNTHETIC/NVILA-Lite-2B-SYNTHETIC_MIX_10PCT_80K-20260224_234537,obj1_closer,output/phasevar_5/0002_phA08_phB08.png,Is the magenta sphere closer to the camera than the black sphere? Answer with yes or no.,No,No,24.59375,25.453125,True
/data/shared/Qwen/mydisk/output/SYNTHETIC/NVILA-Lite-2B-SYNTHETIC_MIX_10PCT_80K-20260224_234537,obj1_closer,output/phasevar_5/0002_phA08_phB09.png,Is the magenta sphere closer to the camera than the black sphere? Answer with yes or no.,No,No,24.6875,25.953125,True
/data/shared/Qwen/mydisk/output/SYNTHETIC/NVILA-Lite-2B-SYNTHETIC_MIX_10PCT_80K-20260224_234537,obj1_closer,output/phasevar_5/0002_phA08_phB10.png,Is the magenta sphere closer to the camera than the black sphere? Answer with yes or no.,No,No,24.390625,25.421875,True
/data/shared/Qwen/mydisk/output/SYNTHETIC/NVILA-Lite-2B-SYNTHETIC_MIX_10PCT_80K-20260224_234537,obj1_closer,output/phasevar_5/0002_phA08_phB11.png,Is the magenta sphere closer to the camera than the black sphere? Answer with yes or no.,No,No,23.859375,24.40625,True
/data/shared/Qwen/mydisk/output/SYNTHETIC/NVILA-Lite-2B-SYNTHETIC_MIX_10PCT_80K-20260224_234537,obj1_closer,output/phasevar_5/0002_phA08_phB12.png,Is the magenta sphere closer to the camera than the black sphere? Answer with yes or no.,No,No,24.4375,24.625,True
/data/shared/Qwen/mydisk/output/SYNTHETIC/NVILA-Lite-2B-SYNTHETIC_MIX_10PCT_80K-20260224_234537,obj1_closer,output/phasevar_5/0002_phA08_phB13.png,Is the magenta sphere closer to the camera than the black sphere? Answer with yes or no.,No,No,24.40625,24.640625,True
/data/shared/Qwen/mydisk/output/SYNTHETIC/NVILA-Lite-2B-SYNTHETIC_MIX_10PCT_80K-20260224_234537,obj1_closer,output/phasevar_5/0002_phA08_phB14.png,Is the magenta sphere closer to the camera than the black sphere? Answer with yes or no.,No,No,24.8125,25.5,True
/data/shared/Qwen/mydisk/output/SYNTHETIC/NVILA-Lite-2B-SYNTHETIC_MIX_10PCT_80K-20260224_234537,obj1_closer,output/phasevar_5/0002_phA08_phB15.png,Is the magenta sphere closer to the camera than the black sphere? Answer with yes or no.,No,No,24.96875,25.8125,True
/data/shared/Qwen/mydisk/output/SYNTHETIC/NVILA-Lite-2B-SYNTHETIC_MIX_10PCT_80K-20260224_234537,obj1_closer,output/phasevar_5/0002_phA09_phB00.png,Is the magenta sphere closer to the camera than the black sphere? Answer with yes or no.,No,No,25.453125,25.625,True
/data/shared/Qwen/mydisk/output/SYNTHETIC/NVILA-Lite-2B-SYNTHETIC_MIX_10PCT_80K-20260224_234537,obj1_closer,output/phasevar_5/0002_phA09_phB01.png,Is the magenta sphere closer to the camera than the black sphere? Answer with yes or no.,No,No,26.640625,26.84375,True
/data/shared/Qwen/mydisk/output/SYNTHETIC/NVILA-Lite-2B-SYNTHETIC_MIX_10PCT_80K-20260224_234537,obj1_closer,output/phasevar_5/0002_phA09_phB02.png,Is the magenta sphere closer to the camera than the black sphere? Answer with yes or no.,No,No,27.34375,27.9375,True
/data/shared/Qwen/mydisk/output/SYNTHETIC/NVILA-Lite-2B-SYNTHETIC_MIX_10PCT_80K-20260224_234537,obj1_closer,output/phasevar_5/0002_phA09_phB03.png,Is the magenta sphere closer to the camera than the black sphere? Answer with yes or no.,No,No,26.09375,26.171875,True
/data/shared/Qwen/mydisk/output/SYNTHETIC/NVILA-Lite-2B-SYNTHETIC_MIX_10PCT_80K-20260224_234537,obj1_closer,output/phasevar_5/0002_phA09_phB04.png,Is the magenta sphere closer to the camera than the black sphere? Answer with yes or no.,No,Yes,25.78125,25.59375,False
/data/shared/Qwen/mydisk/output/SYNTHETIC/NVILA-Lite-2B-SYNTHETIC_MIX_10PCT_80K-20260224_234537,obj1_closer,output/phasevar_5/0002_phA09_phB05.png,Is the magenta sphere closer to the camera than the black sphere? Answer with yes or no.,No,No,25.421875,26.578125,True
/data/shared/Qwen/mydisk/output/SYNTHETIC/NVILA-Lite-2B-SYNTHETIC_MIX_10PCT_80K-20260224_234537,obj1_closer,output/phasevar_5/0002_phA09_phB06.png,Is the magenta sphere closer to the camera than the black sphere? Answer with yes or no.,No,No,25.90625,27.328125,True
/data/shared/Qwen/mydisk/output/SYNTHETIC/NVILA-Lite-2B-SYNTHETIC_MIX_10PCT_80K-20260224_234537,obj1_closer,output/phasevar_5/0002_phA09_phB07.png,Is the magenta sphere closer to the camera than the black sphere? Answer with yes or no.,No,No,25.078125,26.046875,True
/data/shared/Qwen/mydisk/output/SYNTHETIC/NVILA-Lite-2B-SYNTHETIC_MIX_10PCT_80K-20260224_234537,obj1_closer,output/phasevar_5/0002_phA09_phB08.png,Is the magenta sphere closer to the camera than the black sphere? Answer with yes or no.,No,No,24.4375,25.3125,True
/data/shared/Qwen/mydisk/output/SYNTHETIC/NVILA-Lite-2B-SYNTHETIC_MIX_10PCT_80K-20260224_234537,obj1_closer,output/phasevar_5/0002_phA09_phB09.png,Is the magenta sphere closer to the camera than the black sphere? Answer with yes or no.,No,No,24.453125,25.71875,True
/data/shared/Qwen/mydisk/output/SYNTHETIC/NVILA-Lite-2B-SYNTHETIC_MIX_10PCT_80K-20260224_234537,obj1_closer,output/phasevar_5/0002_phA09_phB10.png,Is the magenta sphere closer to the camera than the black sphere? Answer with yes or no.,No,No,24.25,25.25,True
/data/shared/Qwen/mydisk/output/SYNTHETIC/NVILA-Lite-2B-SYNTHETIC_MIX_10PCT_80K-20260224_234537,obj1_closer,output/phasevar_5/0002_phA09_phB11.png,Is the magenta sphere closer to the camera than the black sphere? Answer with yes or no.,No,No,23.765625,24.1875,True
/data/shared/Qwen/mydisk/output/SYNTHETIC/NVILA-Lite-2B-SYNTHETIC_MIX_10PCT_80K-20260224_234537,obj1_closer,output/phasevar_5/0002_phA09_phB12.png,Is the magenta sphere closer to the camera than the black sphere? Answer with yes or no.,No,No,24.640625,24.671875,True
/data/shared/Qwen/mydisk/output/SYNTHETIC/NVILA-Lite-2B-SYNTHETIC_MIX_10PCT_80K-20260224_234537,obj1_closer,output/phasevar_5/0002_phA09_phB13.png,Is the magenta sphere closer to the camera than the black sphere? Answer with yes or no.,No,No,24.453125,24.625,True
/data/shared/Qwen/mydisk/output/SYNTHETIC/NVILA-Lite-2B-SYNTHETIC_MIX_10PCT_80K-20260224_234537,obj1_closer,output/phasevar_5/0002_phA09_phB14.png,Is the magenta sphere closer to the camera than the black sphere? Answer with yes or no.,No,No,24.875,25.46875,True
/data/shared/Qwen/mydisk/output/SYNTHETIC/NVILA-Lite-2B-SYNTHETIC_MIX_10PCT_80K-20260224_234537,obj1_closer,output/phasevar_5/0002_phA09_phB15.png,Is the magenta sphere closer to the camera than the black sphere? Answer with yes or no.,No,No,25.140625,25.75,True
/data/shared/Qwen/mydisk/output/SYNTHETIC/NVILA-Lite-2B-SYNTHETIC_MIX_10PCT_80K-20260224_234537,obj1_closer,output/phasevar_5/0002_phA10_phB00.png,Is the magenta sphere closer to the camera than the black sphere? Answer with yes or no.,No,Yes,25.9375,25.390625,False
/data/shared/Qwen/mydisk/output/SYNTHETIC/NVILA-Lite-2B-SYNTHETIC_MIX_10PCT_80K-20260224_234537,obj1_closer,output/phasevar_5/0002_phA10_phB01.png,Is the magenta sphere closer to the camera than the black sphere? Answer with yes or no.,No,Yes,27.25,26.734375,False
/data/shared/Qwen/mydisk/output/SYNTHETIC/NVILA-Lite-2B-SYNTHETIC_MIX_10PCT_80K-20260224_234537,obj1_closer,output/phasevar_5/0002_phA10_phB02.png,Is the magenta sphere closer to the camera than the black sphere? Answer with yes or no.,No,Yes,27.890625,27.375,False
/data/shared/Qwen/mydisk/output/SYNTHETIC/NVILA-Lite-2B-SYNTHETIC_MIX_10PCT_80K-20260224_234537,obj1_closer,output/phasevar_5/0002_phA10_phB03.png,Is the magenta sphere closer to the camera than the black sphere? Answer with yes or no.,No,Yes,26.734375,25.828125,False
/data/shared/Qwen/mydisk/output/SYNTHETIC/NVILA-Lite-2B-SYNTHETIC_MIX_10PCT_80K-20260224_234537,obj1_closer,output/phasevar_5/0002_phA10_phB04.png,Is the magenta sphere closer to the camera than the black sphere? Answer with yes or no.,No,Yes,25.9375,24.90625,False
/data/shared/Qwen/mydisk/output/SYNTHETIC/NVILA-Lite-2B-SYNTHETIC_MIX_10PCT_80K-20260224_234537,obj1_closer,output/phasevar_5/0002_phA10_phB05.png,Is the magenta sphere closer to the camera than the black sphere? Answer with yes or no.,No,No,25.453125,25.84375,True
/data/shared/Qwen/mydisk/output/SYNTHETIC/NVILA-Lite-2B-SYNTHETIC_MIX_10PCT_80K-20260224_234537,obj1_closer,output/phasevar_5/0002_phA10_phB06.png,Is the magenta sphere closer to the camera than the black sphere? Answer with yes or no.,No,No,26.015625,26.765625,True
/data/shared/Qwen/mydisk/output/SYNTHETIC/NVILA-Lite-2B-SYNTHETIC_MIX_10PCT_80K-20260224_234537,obj1_closer,output/phasevar_5/0002_phA10_phB07.png,Is the magenta sphere closer to the camera than the black sphere? Answer with yes or no.,No,No,25.328125,25.90625,True
/data/shared/Qwen/mydisk/output/SYNTHETIC/NVILA-Lite-2B-SYNTHETIC_MIX_10PCT_80K-20260224_234537,obj1_closer,output/phasevar_5/0002_phA10_phB08.png,Is the magenta sphere closer to the camera than the black sphere? Answer with yes or no.,No,No,24.640625,24.96875,True
/data/shared/Qwen/mydisk/output/SYNTHETIC/NVILA-Lite-2B-SYNTHETIC_MIX_10PCT_80K-20260224_234537,obj1_closer,output/phasevar_5/0002_phA10_phB09.png,Is the magenta sphere closer to the camera than the black sphere? Answer with yes or no.,No,No,24.453125,25.375,True
/data/shared/Qwen/mydisk/output/SYNTHETIC/NVILA-Lite-2B-SYNTHETIC_MIX_10PCT_80K-20260224_234537,obj1_closer,output/phasevar_5/0002_phA10_phB10.png,Is the magenta sphere closer to the camera than the black sphere? Answer with yes or no.,No,No,24.0,24.828125,True
/data/shared/Qwen/mydisk/output/SYNTHETIC/NVILA-Lite-2B-SYNTHETIC_MIX_10PCT_80K-20260224_234537,obj1_closer,output/phasevar_5/0002_phA10_phB11.png,Is the magenta sphere closer to the camera than the black sphere? Answer with yes or no.,No,No,23.546875,24.15625,True
/data/shared/Qwen/mydisk/output/SYNTHETIC/NVILA-Lite-2B-SYNTHETIC_MIX_10PCT_80K-20260224_234537,obj1_closer,output/phasevar_5/0002_phA10_phB12.png,Is the magenta sphere closer to the camera than the black sphere? Answer with yes or no.,No,Yes,24.671875,24.65625,False
/data/shared/Qwen/mydisk/output/SYNTHETIC/NVILA-Lite-2B-SYNTHETIC_MIX_10PCT_80K-20260224_234537,obj1_closer,output/phasevar_5/0002_phA10_phB13.png,Is the magenta sphere closer to the camera than the black sphere? Answer with yes or no.,No,Yes,24.78125,24.578125,False
/data/shared/Qwen/mydisk/output/SYNTHETIC/NVILA-Lite-2B-SYNTHETIC_MIX_10PCT_80K-20260224_234537,obj1_closer,output/phasevar_5/0002_phA10_phB14.png,Is the magenta sphere closer to the camera than the black sphere? Answer with yes or no.,No,No,25.0,25.1875,True
/data/shared/Qwen/mydisk/output/SYNTHETIC/NVILA-Lite-2B-SYNTHETIC_MIX_10PCT_80K-20260224_234537,obj1_closer,output/phasevar_5/0002_phA10_phB15.png,Is the magenta sphere closer to the camera than the black sphere? Answer with yes or no.,No,Yes,25.703125,25.671875,False
/data/shared/Qwen/mydisk/output/SYNTHETIC/NVILA-Lite-2B-SYNTHETIC_MIX_10PCT_80K-20260224_234537,obj1_closer,output/phasevar_5/0002_phA11_phB00.png,Is the magenta sphere closer to the camera than the black sphere? Answer with yes or no.,No,No,25.5,25.53125,True
/data/shared/Qwen/mydisk/output/SYNTHETIC/NVILA-Lite-2B-SYNTHETIC_MIX_10PCT_80K-20260224_234537,obj1_closer,output/phasevar_5/0002_phA11_phB01.png,Is the magenta sphere closer to the camera than the black sphere? Answer with yes or no.,No,Yes,26.671875,26.578125,False
/data/shared/Qwen/mydisk/output/SYNTHETIC/NVILA-Lite-2B-SYNTHETIC_MIX_10PCT_80K-20260224_234537,obj1_closer,output/phasevar_5/0002_phA11_phB02.png,Is the magenta sphere closer to the camera than the black sphere? Answer with yes or no.,No,Yes,27.328125,27.28125,False
/data/shared/Qwen/mydisk/output/SYNTHETIC/NVILA-Lite-2B-SYNTHETIC_MIX_10PCT_80K-20260224_234537,obj1_closer,output/phasevar_5/0002_phA11_phB03.png,Is the magenta sphere closer to the camera than the black sphere? Answer with yes or no.,No,Yes,26.28125,26.171875,False
/data/shared/Qwen/mydisk/output/SYNTHETIC/NVILA-Lite-2B-SYNTHETIC_MIX_10PCT_80K-20260224_234537,obj1_closer,output/phasevar_5/0002_phA11_phB04.png,Is the magenta sphere closer to the camera than the black sphere? Answer with yes or no.,No,Yes,25.4375,25.359375,False
/data/shared/Qwen/mydisk/output/SYNTHETIC/NVILA-Lite-2B-SYNTHETIC_MIX_10PCT_80K-20260224_234537,obj1_closer,output/phasevar_5/0002_phA11_phB05.png,Is the magenta sphere closer to the camera than the black sphere? Answer with yes or no.,No,No,25.09375,25.78125,True
/data/shared/Qwen/mydisk/output/SYNTHETIC/NVILA-Lite-2B-SYNTHETIC_MIX_10PCT_80K-20260224_234537,obj1_closer,output/phasevar_5/0002_phA11_phB06.png,Is the magenta sphere closer to the camera than the black sphere? Answer with yes or no.,No,No,25.734375,26.53125,True
/data/shared/Qwen/mydisk/output/SYNTHETIC/NVILA-Lite-2B-SYNTHETIC_MIX_10PCT_80K-20260224_234537,obj1_closer,output/phasevar_5/0002_phA11_phB07.png,Is the magenta sphere closer to the camera than the black sphere? Answer with yes or no.,No,No,24.890625,25.609375,True
/data/shared/Qwen/mydisk/output/SYNTHETIC/NVILA-Lite-2B-SYNTHETIC_MIX_10PCT_80K-20260224_234537,obj1_closer,output/phasevar_5/0002_phA11_phB08.png,Is the magenta sphere closer to the camera than the black sphere? Answer with yes or no.,No,No,24.1875,24.84375,True
/data/shared/Qwen/mydisk/output/SYNTHETIC/NVILA-Lite-2B-SYNTHETIC_MIX_10PCT_80K-20260224_234537,obj1_closer,output/phasevar_5/0002_phA11_phB09.png,Is the magenta sphere closer to the camera than the black sphere? Answer with yes or no.,No,No,24.171875,25.28125,True
/data/shared/Qwen/mydisk/output/SYNTHETIC/NVILA-Lite-2B-SYNTHETIC_MIX_10PCT_80K-20260224_234537,obj1_closer,output/phasevar_5/0002_phA11_phB10.png,Is the magenta sphere closer to the camera than the black sphere? Answer with yes or no.,No,No,24.078125,24.859375,True
/data/shared/Qwen/mydisk/output/SYNTHETIC/NVILA-Lite-2B-SYNTHETIC_MIX_10PCT_80K-20260224_234537,obj1_closer,output/phasevar_5/0002_phA11_phB11.png,Is the magenta sphere closer to the camera than the black sphere? Answer with yes or no.,No,No,23.328125,24.15625,True
/data/shared/Qwen/mydisk/output/SYNTHETIC/NVILA-Lite-2B-SYNTHETIC_MIX_10PCT_80K-20260224_234537,obj1_closer,output/phasevar_5/0002_phA11_phB12.png,Is the magenta sphere closer to the camera than the black sphere? Answer with yes or no.,No,No,24.15625,24.8125,True
/data/shared/Qwen/mydisk/output/SYNTHETIC/NVILA-Lite-2B-SYNTHETIC_MIX_10PCT_80K-20260224_234537,obj1_closer,output/phasevar_5/0002_phA11_phB13.png,Is the magenta sphere closer to the camera than the black sphere? Answer with yes or no.,No,No,24.53125,24.875,True
/data/shared/Qwen/mydisk/output/SYNTHETIC/NVILA-Lite-2B-SYNTHETIC_MIX_10PCT_80K-20260224_234537,obj1_closer,output/phasevar_5/0002_phA11_phB14.png,Is the magenta sphere closer to the camera than the black sphere? Answer with yes or no.,No,No,24.859375,25.390625,True
/data/shared/Qwen/mydisk/output/SYNTHETIC/NVILA-Lite-2B-SYNTHETIC_MIX_10PCT_80K-20260224_234537,obj1_closer,output/phasevar_5/0002_phA11_phB15.png,Is the magenta sphere closer to the camera than the black sphere? Answer with yes or no.,No,No,25.328125,25.796875,True
/data/shared/Qwen/mydisk/output/SYNTHETIC/NVILA-Lite-2B-SYNTHETIC_MIX_10PCT_80K-20260224_234537,obj1_closer,output/phasevar_5/0002_phA12_phB00.png,Is the magenta sphere closer to the camera than the black sphere? Answer with yes or no.,No,No,25.765625,26.1875,True
/data/shared/Qwen/mydisk/output/SYNTHETIC/NVILA-Lite-2B-SYNTHETIC_MIX_10PCT_80K-20260224_234537,obj1_closer,output/phasevar_5/0002_phA12_phB01.png,Is the magenta sphere closer to the camera than the black sphere? Answer with yes or no.,No,No,26.890625,27.265625,True
/data/shared/Qwen/mydisk/output/SYNTHETIC/NVILA-Lite-2B-SYNTHETIC_MIX_10PCT_80K-20260224_234537,obj1_closer,output/phasevar_5/0002_phA12_phB02.png,Is the magenta sphere closer to the camera than the black sphere? Answer with yes or no.,No,No,27.484375,28.0,True
/data/shared/Qwen/mydisk/output/SYNTHETIC/NVILA-Lite-2B-SYNTHETIC_MIX_10PCT_80K-20260224_234537,obj1_closer,output/phasevar_5/0002_phA12_phB03.png,Is the magenta sphere closer to the camera than the black sphere? Answer with yes or no.,No,No,26.578125,27.03125,True
/data/shared/Qwen/mydisk/output/SYNTHETIC/NVILA-Lite-2B-SYNTHETIC_MIX_10PCT_80K-20260224_234537,obj1_closer,output/phasevar_5/0002_phA12_phB04.png,Is the magenta sphere closer to the camera than the black sphere? Answer with yes or no.,No,No,25.765625,25.984375,True
/data/shared/Qwen/mydisk/output/SYNTHETIC/NVILA-Lite-2B-SYNTHETIC_MIX_10PCT_80K-20260224_234537,obj1_closer,output/phasevar_5/0002_phA12_phB05.png,Is the magenta sphere closer to the camera than the black sphere? Answer with yes or no.,No,No,25.1875,26.140625,True
/data/shared/Qwen/mydisk/output/SYNTHETIC/NVILA-Lite-2B-SYNTHETIC_MIX_10PCT_80K-20260224_234537,obj1_closer,output/phasevar_5/0002_phA12_phB06.png,Is the magenta sphere closer to the camera than the black sphere? Answer with yes or no.,No,No,26.046875,27.15625,True
/data/shared/Qwen/mydisk/output/SYNTHETIC/NVILA-Lite-2B-SYNTHETIC_MIX_10PCT_80K-20260224_234537,obj1_closer,output/phasevar_5/0002_phA12_phB07.png,Is the magenta sphere closer to the camera than the black sphere? Answer with yes or no.,No,No,25.125,26.1875,True
/data/shared/Qwen/mydisk/output/SYNTHETIC/NVILA-Lite-2B-SYNTHETIC_MIX_10PCT_80K-20260224_234537,obj1_closer,output/phasevar_5/0002_phA12_phB08.png,Is the magenta sphere closer to the camera than the black sphere? Answer with yes or no.,No,No,24.390625,25.25,True
/data/shared/Qwen/mydisk/output/SYNTHETIC/NVILA-Lite-2B-SYNTHETIC_MIX_10PCT_80K-20260224_234537,obj1_closer,output/phasevar_5/0002_phA12_phB09.png,Is the magenta sphere closer to the camera than the black sphere? Answer with yes or no.,No,No,24.546875,25.796875,True
/data/shared/Qwen/mydisk/output/SYNTHETIC/NVILA-Lite-2B-SYNTHETIC_MIX_10PCT_80K-20260224_234537,obj1_closer,output/phasevar_5/0002_phA12_phB10.png,Is the magenta sphere closer to the camera than the black sphere? Answer with yes or no.,No,No,24.359375,25.203125,True
/data/shared/Qwen/mydisk/output/SYNTHETIC/NVILA-Lite-2B-SYNTHETIC_MIX_10PCT_80K-20260224_234537,obj1_closer,output/phasevar_5/0002_phA12_phB11.png,Is the magenta sphere closer to the camera than the black sphere? Answer with yes or no.,No,No,23.46875,24.34375,True
/data/shared/Qwen/mydisk/output/SYNTHETIC/NVILA-Lite-2B-SYNTHETIC_MIX_10PCT_80K-20260224_234537,obj1_closer,output/phasevar_5/0002_phA12_phB12.png,Is the magenta sphere closer to the camera than the black sphere? Answer with yes or no.,No,No,24.171875,25.171875,True
/data/shared/Qwen/mydisk/output/SYNTHETIC/NVILA-Lite-2B-SYNTHETIC_MIX_10PCT_80K-20260224_234537,obj1_closer,output/phasevar_5/0002_phA12_phB13.png,Is the magenta sphere closer to the camera than the black sphere? Answer with yes or no.,No,No,24.71875,25.390625,True
/data/shared/Qwen/mydisk/output/SYNTHETIC/NVILA-Lite-2B-SYNTHETIC_MIX_10PCT_80K-20260224_234537,obj1_closer,output/phasevar_5/0002_phA12_phB14.png,Is the magenta sphere closer to the camera than the black sphere? Answer with yes or no.,No,No,25.09375,25.90625,True
/data/shared/Qwen/mydisk/output/SYNTHETIC/NVILA-Lite-2B-SYNTHETIC_MIX_10PCT_80K-20260224_234537,obj1_closer,output/phasevar_5/0002_phA12_phB15.png,Is the magenta sphere closer to the camera than the black sphere? Answer with yes or no.,No,No,25.53125,26.40625,True
/data/shared/Qwen/mydisk/output/SYNTHETIC/NVILA-Lite-2B-SYNTHETIC_MIX_10PCT_80K-20260224_234537,obj1_closer,output/phasevar_5/0002_phA13_phB00.png,Is the magenta sphere closer to the camera than the black sphere? Answer with yes or no.,No,No,25.734375,26.078125,True
/data/shared/Qwen/mydisk/output/SYNTHETIC/NVILA-Lite-2B-SYNTHETIC_MIX_10PCT_80K-20260224_234537,obj1_closer,output/phasevar_5/0002_phA13_phB01.png,Is the magenta sphere closer to the camera than the black sphere? Answer with yes or no.,No,Yes,27.046875,27.03125,False
/data/shared/Qwen/mydisk/output/SYNTHETIC/NVILA-Lite-2B-SYNTHETIC_MIX_10PCT_80K-20260224_234537,obj1_closer,output/phasevar_5/0002_phA13_phB02.png,Is the magenta sphere closer to the camera than the black sphere? Answer with yes or no.,No,Yes,27.71875,27.59375,False
/data/shared/Qwen/mydisk/output/SYNTHETIC/NVILA-Lite-2B-SYNTHETIC_MIX_10PCT_80K-20260224_234537,obj1_closer,output/phasevar_5/0002_phA13_phB03.png,Is the magenta sphere closer to the camera than the black sphere? Answer with yes or no.,No,Yes,26.734375,26.703125,False
/data/shared/Qwen/mydisk/output/SYNTHETIC/NVILA-Lite-2B-SYNTHETIC_MIX_10PCT_80K-20260224_234537,obj1_closer,output/phasevar_5/0002_phA13_phB04.png,Is the magenta sphere closer to the camera than the black sphere? Answer with yes or no.,No,Yes,25.640625,25.265625,False
/data/shared/Qwen/mydisk/output/SYNTHETIC/NVILA-Lite-2B-SYNTHETIC_MIX_10PCT_80K-20260224_234537,obj1_closer,output/phasevar_5/0002_phA13_phB05.png,Is the magenta sphere closer to the camera than the black sphere? Answer with yes or no.,No,No,25.171875,25.453125,True
/data/shared/Qwen/mydisk/output/SYNTHETIC/NVILA-Lite-2B-SYNTHETIC_MIX_10PCT_80K-20260224_234537,obj1_closer,output/phasevar_5/0002_phA13_phB06.png,Is the magenta sphere closer to the camera than the black sphere? Answer with yes or no.,No,No,26.109375,26.78125,True
/data/shared/Qwen/mydisk/output/SYNTHETIC/NVILA-Lite-2B-SYNTHETIC_MIX_10PCT_80K-20260224_234537,obj1_closer,output/phasevar_5/0002_phA13_phB07.png,Is the magenta sphere closer to the camera than the black sphere? Answer with yes or no.,No,No,25.171875,25.78125,True
/data/shared/Qwen/mydisk/output/SYNTHETIC/NVILA-Lite-2B-SYNTHETIC_MIX_10PCT_80K-20260224_234537,obj1_closer,output/phasevar_5/0002_phA13_phB08.png,Is the magenta sphere closer to the camera than the black sphere? Answer with yes or no.,No,No,24.484375,24.890625,True
/data/shared/Qwen/mydisk/output/SYNTHETIC/NVILA-Lite-2B-SYNTHETIC_MIX_10PCT_80K-20260224_234537,obj1_closer,output/phasevar_5/0002_phA13_phB09.png,Is the magenta sphere closer to the camera than the black sphere? Answer with yes or no.,No,No,24.375,25.375,True
/data/shared/Qwen/mydisk/output/SYNTHETIC/NVILA-Lite-2B-SYNTHETIC_MIX_10PCT_80K-20260224_234537,obj1_closer,output/phasevar_5/0002_phA13_phB10.png,Is the magenta sphere closer to the camera than the black sphere? Answer with yes or no.,No,No,24.328125,24.890625,True
/data/shared/Qwen/mydisk/output/SYNTHETIC/NVILA-Lite-2B-SYNTHETIC_MIX_10PCT_80K-20260224_234537,obj1_closer,output/phasevar_5/0002_phA13_phB11.png,Is the magenta sphere closer to the camera than the black sphere? Answer with yes or no.,No,No,23.484375,23.953125,True
/data/shared/Qwen/mydisk/output/SYNTHETIC/NVILA-Lite-2B-SYNTHETIC_MIX_10PCT_80K-20260224_234537,obj1_closer,output/phasevar_5/0002_phA13_phB12.png,Is the magenta sphere closer to the camera than the black sphere? Answer with yes or no.,No,No,23.875,24.828125,True
/data/shared/Qwen/mydisk/output/SYNTHETIC/NVILA-Lite-2B-SYNTHETIC_MIX_10PCT_80K-20260224_234537,obj1_closer,output/phasevar_5/0002_phA13_phB13.png,Is the magenta sphere closer to the camera than the black sphere? Answer with yes or no.,No,No,24.78125,25.484375,True
/data/shared/Qwen/mydisk/output/SYNTHETIC/NVILA-Lite-2B-SYNTHETIC_MIX_10PCT_80K-20260224_234537,obj1_closer,output/phasevar_5/0002_phA13_phB14.png,Is the magenta sphere closer to the camera than the black sphere? Answer with yes or no.,No,No,25.1875,25.890625,True
/data/shared/Qwen/mydisk/output/SYNTHETIC/NVILA-Lite-2B-SYNTHETIC_MIX_10PCT_80K-20260224_234537,obj1_closer,output/phasevar_5/0002_phA13_phB15.png,Is the magenta sphere closer to the camera than the black sphere? Answer with yes or no.,No,No,25.828125,26.578125,True
/data/shared/Qwen/mydisk/output/SYNTHETIC/NVILA-Lite-2B-SYNTHETIC_MIX_10PCT_80K-20260224_234537,obj1_closer,output/phasevar_5/0002_phA14_phB00.png,Is the magenta sphere closer to the camera than the black sphere? Answer with yes or no.,No,No,25.578125,26.078125,True
/data/shared/Qwen/mydisk/output/SYNTHETIC/NVILA-Lite-2B-SYNTHETIC_MIX_10PCT_80K-20260224_234537,obj1_closer,output/phasevar_5/0002_phA14_phB01.png,Is the magenta sphere closer to the camera than the black sphere? Answer with yes or no.,No,No,26.796875,27.25,True
/data/shared/Qwen/mydisk/output/SYNTHETIC/NVILA-Lite-2B-SYNTHETIC_MIX_10PCT_80K-20260224_234537,obj1_closer,output/phasevar_5/0002_phA14_phB02.png,Is the magenta sphere closer to the camera than the black sphere? Answer with yes or no.,No,No,27.5,27.953125,True
/data/shared/Qwen/mydisk/output/SYNTHETIC/NVILA-Lite-2B-SYNTHETIC_MIX_10PCT_80K-20260224_234537,obj1_closer,output/phasevar_5/0002_phA14_phB03.png,Is the magenta sphere closer to the camera than the black sphere? Answer with yes or no.,No,No,26.453125,26.5625,True
/data/shared/Qwen/mydisk/output/SYNTHETIC/NVILA-Lite-2B-SYNTHETIC_MIX_10PCT_80K-20260224_234537,obj1_closer,output/phasevar_5/0002_phA14_phB04.png,Is the magenta sphere closer to the camera than the black sphere? Answer with yes or no.,No,Yes,25.546875,25.078125,False
/data/shared/Qwen/mydisk/output/SYNTHETIC/NVILA-Lite-2B-SYNTHETIC_MIX_10PCT_80K-20260224_234537,obj1_closer,output/phasevar_5/0002_phA14_phB05.png,Is the magenta sphere closer to the camera than the black sphere? Answer with yes or no.,No,No,25.109375,25.375,True
/data/shared/Qwen/mydisk/output/SYNTHETIC/NVILA-Lite-2B-SYNTHETIC_MIX_10PCT_80K-20260224_234537,obj1_closer,output/phasevar_5/0002_phA14_phB06.png,Is the magenta sphere closer to the camera than the black sphere? Answer with yes or no.,No,No,25.890625,26.671875,True
/data/shared/Qwen/mydisk/output/SYNTHETIC/NVILA-Lite-2B-SYNTHETIC_MIX_10PCT_80K-20260224_234537,obj1_closer,output/phasevar_5/0002_phA14_phB07.png,Is the magenta sphere closer to the camera than the black sphere? Answer with yes or no.,No,No,25.15625,25.84375,True
/data/shared/Qwen/mydisk/output/SYNTHETIC/NVILA-Lite-2B-SYNTHETIC_MIX_10PCT_80K-20260224_234537,obj1_closer,output/phasevar_5/0002_phA14_phB08.png,Is the magenta sphere closer to the camera than the black sphere? Answer with yes or no.,No,No,24.5,24.953125,True
/data/shared/Qwen/mydisk/output/SYNTHETIC/NVILA-Lite-2B-SYNTHETIC_MIX_10PCT_80K-20260224_234537,obj1_closer,output/phasevar_5/0002_phA14_phB09.png,Is the magenta sphere closer to the camera than the black sphere? Answer with yes or no.,No,No,24.34375,25.28125,True
/data/shared/Qwen/mydisk/output/SYNTHETIC/NVILA-Lite-2B-SYNTHETIC_MIX_10PCT_80K-20260224_234537,obj1_closer,output/phasevar_5/0002_phA14_phB10.png,Is the magenta sphere closer to the camera than the black sphere? Answer with yes or no.,No,No,24.28125,24.9375,True
/data/shared/Qwen/mydisk/output/SYNTHETIC/NVILA-Lite-2B-SYNTHETIC_MIX_10PCT_80K-20260224_234537,obj1_closer,output/phasevar_5/0002_phA14_phB11.png,Is the magenta sphere closer to the camera than the black sphere? Answer with yes or no.,No,No,24.140625,24.296875,True
/data/shared/Qwen/mydisk/output/SYNTHETIC/NVILA-Lite-2B-SYNTHETIC_MIX_10PCT_80K-20260224_234537,obj1_closer,output/phasevar_5/0002_phA14_phB12.png,Is the magenta sphere closer to the camera than the black sphere? Answer with yes or no.,No,No,24.203125,24.671875,True
/data/shared/Qwen/mydisk/output/SYNTHETIC/NVILA-Lite-2B-SYNTHETIC_MIX_10PCT_80K-20260224_234537,obj1_closer,output/phasevar_5/0002_phA14_phB13.png,Is the magenta sphere closer to the camera than the black sphere? Answer with yes or no.,No,No,24.546875,25.578125,True
/data/shared/Qwen/mydisk/output/SYNTHETIC/NVILA-Lite-2B-SYNTHETIC_MIX_10PCT_80K-20260224_234537,obj1_closer,output/phasevar_5/0002_phA14_phB14.png,Is the magenta sphere closer to the camera than the black sphere? Answer with yes or no.,No,No,25.078125,26.046875,True
/data/shared/Qwen/mydisk/output/SYNTHETIC/NVILA-Lite-2B-SYNTHETIC_MIX_10PCT_80K-20260224_234537,obj1_closer,output/phasevar_5/0002_phA14_phB15.png,Is the magenta sphere closer to the camera than the black sphere? Answer with yes or no.,No,No,25.515625,26.671875,True
/data/shared/Qwen/mydisk/output/SYNTHETIC/NVILA-Lite-2B-SYNTHETIC_MIX_10PCT_80K-20260224_234537,obj1_closer,output/phasevar_5/0002_phA15_phB00.png,Is the magenta sphere closer to the camera than the black sphere? Answer with yes or no.,No,No,25.328125,26.34375,True
/data/shared/Qwen/mydisk/output/SYNTHETIC/NVILA-Lite-2B-SYNTHETIC_MIX_10PCT_80K-20260224_234537,obj1_closer,output/phasevar_5/0002_phA15_phB01.png,Is the magenta sphere closer to the camera than the black sphere? Answer with yes or no.,No,No,26.328125,27.453125,True
/data/shared/Qwen/mydisk/output/SYNTHETIC/NVILA-Lite-2B-SYNTHETIC_MIX_10PCT_80K-20260224_234537,obj1_closer,output/phasevar_5/0002_phA15_phB02.png,Is the magenta sphere closer to the camera than the black sphere? Answer with yes or no.,No,No,27.078125,28.359375,True
/data/shared/Qwen/mydisk/output/SYNTHETIC/NVILA-Lite-2B-SYNTHETIC_MIX_10PCT_80K-20260224_234537,obj1_closer,output/phasevar_5/0002_phA15_phB03.png,Is the magenta sphere closer to the camera than the black sphere? Answer with yes or no.,No,No,26.109375,26.953125,True
/data/shared/Qwen/mydisk/output/SYNTHETIC/NVILA-Lite-2B-SYNTHETIC_MIX_10PCT_80K-20260224_234537,obj1_closer,output/phasevar_5/0002_phA15_phB04.png,Is the magenta sphere closer to the camera than the black sphere? Answer with yes or no.,No,No,24.890625,25.203125,True
/data/shared/Qwen/mydisk/output/SYNTHETIC/NVILA-Lite-2B-SYNTHETIC_MIX_10PCT_80K-20260224_234537,obj1_closer,output/phasevar_5/0002_phA15_phB05.png,Is the magenta sphere closer to the camera than the black sphere? Answer with yes or no.,No,No,24.421875,25.09375,True
/data/shared/Qwen/mydisk/output/SYNTHETIC/NVILA-Lite-2B-SYNTHETIC_MIX_10PCT_80K-20260224_234537,obj1_closer,output/phasevar_5/0002_phA15_phB06.png,Is the magenta sphere closer to the camera than the black sphere? Answer with yes or no.,No,No,25.296875,26.140625,True
/data/shared/Qwen/mydisk/output/SYNTHETIC/NVILA-Lite-2B-SYNTHETIC_MIX_10PCT_80K-20260224_234537,obj1_closer,output/phasevar_5/0002_phA15_phB07.png,Is the magenta sphere closer to the camera than the black sphere? Answer with yes or no.,No,No,24.765625,25.34375,True
/data/shared/Qwen/mydisk/output/SYNTHETIC/NVILA-Lite-2B-SYNTHETIC_MIX_10PCT_80K-20260224_234537,obj1_closer,output/phasevar_5/0002_phA15_phB08.png,Is the magenta sphere closer to the camera than the black sphere? Answer with yes or no.,No,No,24.234375,24.6875,True
/data/shared/Qwen/mydisk/output/SYNTHETIC/NVILA-Lite-2B-SYNTHETIC_MIX_10PCT_80K-20260224_234537,obj1_closer,output/phasevar_5/0002_phA15_phB09.png,Is the magenta sphere closer to the camera than the black sphere? Answer with yes or no.,No,No,24.296875,25.15625,True
/data/shared/Qwen/mydisk/output/SYNTHETIC/NVILA-Lite-2B-SYNTHETIC_MIX_10PCT_80K-20260224_234537,obj1_closer,output/phasevar_5/0002_phA15_phB10.png,Is the magenta sphere closer to the camera than the black sphere? Answer with yes or no.,No,No,24.40625,24.796875,True
/data/shared/Qwen/mydisk/output/SYNTHETIC/NVILA-Lite-2B-SYNTHETIC_MIX_10PCT_80K-20260224_234537,obj1_closer,output/phasevar_5/0002_phA15_phB11.png,Is the magenta sphere closer to the camera than the black sphere? Answer with yes or no.,No,No,24.28125,24.359375,True
/data/shared/Qwen/mydisk/output/SYNTHETIC/NVILA-Lite-2B-SYNTHETIC_MIX_10PCT_80K-20260224_234537,obj1_closer,output/phasevar_5/0002_phA15_phB12.png,Is the magenta sphere closer to the camera than the black sphere? Answer with yes or no.,No,No,24.265625,24.8125,True
/data/shared/Qwen/mydisk/output/SYNTHETIC/NVILA-Lite-2B-SYNTHETIC_MIX_10PCT_80K-20260224_234537,obj1_closer,output/phasevar_5/0002_phA15_phB13.png,Is the magenta sphere closer to the camera than the black sphere? Answer with yes or no.,No,No,24.515625,25.46875,True
/data/shared/Qwen/mydisk/output/SYNTHETIC/NVILA-Lite-2B-SYNTHETIC_MIX_10PCT_80K-20260224_234537,obj1_closer,output/phasevar_5/0002_phA15_phB14.png,Is the magenta sphere closer to the camera than the black sphere? Answer with yes or no.,No,No,24.96875,25.78125,True
/data/shared/Qwen/mydisk/output/SYNTHETIC/NVILA-Lite-2B-SYNTHETIC_MIX_10PCT_80K-20260224_234537,obj1_closer,output/phasevar_5/0002_phA15_phB15.png,Is the magenta sphere closer to the camera than the black sphere? Answer with yes or no.,No,No,24.953125,26.21875,True
/data/shared/Qwen/mydisk/output/SYNTHETIC/NVILA-Lite-2B-SYNTHETIC_MIX_10PCT_80K-20260224_234537,obj1_closer,output/phasevar_5/0003_phA00_phB00.png,Is the black sphere closer to the camera than the blue sphere? Answer with yes or no.,No,No,26.6875,28.984375,True
/data/shared/Qwen/mydisk/output/SYNTHETIC/NVILA-Lite-2B-SYNTHETIC_MIX_10PCT_80K-20260224_234537,obj1_closer,output/phasevar_5/0003_phA00_phB01.png,Is the black sphere closer to the camera than the blue sphere? Answer with yes or no.,No,No,27.46875,30.15625,True
/data/shared/Qwen/mydisk/output/SYNTHETIC/NVILA-Lite-2B-SYNTHETIC_MIX_10PCT_80K-20260224_234537,obj1_closer,output/phasevar_5/0003_phA00_phB02.png,Is the black sphere closer to the camera than the blue sphere? Answer with yes or no.,No,No,27.671875,29.84375,True
/data/shared/Qwen/mydisk/output/SYNTHETIC/NVILA-Lite-2B-SYNTHETIC_MIX_10PCT_80K-20260224_234537,obj1_closer,output/phasevar_5/0003_phA00_phB03.png,Is the black sphere closer to the camera than the blue sphere? Answer with yes or no.,No,No,27.265625,28.765625,True
/data/shared/Qwen/mydisk/output/SYNTHETIC/NVILA-Lite-2B-SYNTHETIC_MIX_10PCT_80K-20260224_234537,obj1_closer,output/phasevar_5/0003_phA00_phB04.png,Is the black sphere closer to the camera than the blue sphere? Answer with yes or no.,No,No,27.015625,27.9375,True
/data/shared/Qwen/mydisk/output/SYNTHETIC/NVILA-Lite-2B-SYNTHETIC_MIX_10PCT_80K-20260224_234537,obj1_closer,output/phasevar_5/0003_phA00_phB05.png,Is the black sphere closer to the camera than the blue sphere? Answer with yes or no.,No,No,26.0,27.546875,True
/data/shared/Qwen/mydisk/output/SYNTHETIC/NVILA-Lite-2B-SYNTHETIC_MIX_10PCT_80K-20260224_234537,obj1_closer,output/phasevar_5/0003_phA00_phB06.png,Is the black sphere closer to the camera than the blue sphere? Answer with yes or no.,No,No,26.796875,28.609375,True
/data/shared/Qwen/mydisk/output/SYNTHETIC/NVILA-Lite-2B-SYNTHETIC_MIX_10PCT_80K-20260224_234537,obj1_closer,output/phasevar_5/0003_phA00_phB07.png,Is the black sphere closer to the camera than the blue sphere? Answer with yes or no.,No,No,25.953125,28.03125,True
/data/shared/Qwen/mydisk/output/SYNTHETIC/NVILA-Lite-2B-SYNTHETIC_MIX_10PCT_80K-20260224_234537,obj1_closer,output/phasevar_5/0003_phA00_phB08.png,Is the black sphere closer to the camera than the blue sphere? Answer with yes or no.,No,No,25.34375,27.03125,True
/data/shared/Qwen/mydisk/output/SYNTHETIC/NVILA-Lite-2B-SYNTHETIC_MIX_10PCT_80K-20260224_234537,obj1_closer,output/phasevar_5/0003_phA00_phB09.png,Is the black sphere closer to the camera than the blue sphere? Answer with yes or no.,No,No,25.546875,27.109375,True
/data/shared/Qwen/mydisk/output/SYNTHETIC/NVILA-Lite-2B-SYNTHETIC_MIX_10PCT_80K-20260224_234537,obj1_closer,output/phasevar_5/0003_phA00_phB10.png,Is the black sphere closer to the camera than the blue sphere? Answer with yes or no.,No,No,25.625,26.859375,True
/data/shared/Qwen/mydisk/output/SYNTHETIC/NVILA-Lite-2B-SYNTHETIC_MIX_10PCT_80K-20260224_234537,obj1_closer,output/phasevar_5/0003_phA00_phB11.png,Is the black sphere closer to the camera than the blue sphere? Answer with yes or no.,No,No,26.21875,26.359375,True
/data/shared/Qwen/mydisk/output/SYNTHETIC/NVILA-Lite-2B-SYNTHETIC_MIX_10PCT_80K-20260224_234537,obj1_closer,output/phasevar_5/0003_phA00_phB12.png,Is the black sphere closer to the camera than the blue sphere? Answer with yes or no.,No,No,26.40625,26.578125,True
/data/shared/Qwen/mydisk/output/SYNTHETIC/NVILA-Lite-2B-SYNTHETIC_MIX_10PCT_80K-20260224_234537,obj1_closer,output/phasevar_5/0003_phA00_phB13.png,Is the black sphere closer to the camera than the blue sphere? Answer with yes or no.,No,No,25.0625,26.84375,True
/data/shared/Qwen/mydisk/output/SYNTHETIC/NVILA-Lite-2B-SYNTHETIC_MIX_10PCT_80K-20260224_234537,obj1_closer,output/phasevar_5/0003_phA00_phB14.png,Is the black sphere closer to the camera than the blue sphere? Answer with yes or no.,No,No,25.5,27.375,True
/data/shared/Qwen/mydisk/output/SYNTHETIC/NVILA-Lite-2B-SYNTHETIC_MIX_10PCT_80K-20260224_234537,obj1_closer,output/phasevar_5/0003_phA00_phB15.png,Is the black sphere closer to the camera than the blue sphere? Answer with yes or no.,No,No,25.9375,28.109375,True
/data/shared/Qwen/mydisk/output/SYNTHETIC/NVILA-Lite-2B-SYNTHETIC_MIX_10PCT_80K-20260224_234537,obj1_closer,output/phasevar_5/0003_phA01_phB00.png,Is the black sphere closer to the camera than the blue sphere? Answer with yes or no.,No,No,26.328125,28.03125,True
/data/shared/Qwen/mydisk/output/SYNTHETIC/NVILA-Lite-2B-SYNTHETIC_MIX_10PCT_80K-20260224_234537,obj1_closer,output/phasevar_5/0003_phA01_phB01.png,Is the black sphere closer to the camera than the blue sphere? Answer with yes or no.,No,No,27.1875,29.4375,True
/data/shared/Qwen/mydisk/output/SYNTHETIC/NVILA-Lite-2B-SYNTHETIC_MIX_10PCT_80K-20260224_234537,obj1_closer,output/phasevar_5/0003_phA01_phB02.png,Is the black sphere closer to the camera than the blue sphere? Answer with yes or no.,No,No,27.671875,29.5,True
/data/shared/Qwen/mydisk/output/SYNTHETIC/NVILA-Lite-2B-SYNTHETIC_MIX_10PCT_80K-20260224_234537,obj1_closer,output/phasevar_5/0003_phA01_phB03.png,Is the black sphere closer to the camera than the blue sphere? Answer with yes or no.,No,No,27.234375,29.03125,True
/data/shared/Qwen/mydisk/output/SYNTHETIC/NVILA-Lite-2B-SYNTHETIC_MIX_10PCT_80K-20260224_234537,obj1_closer,output/phasevar_5/0003_phA01_phB04.png,Is the black sphere closer to the camera than the blue sphere? Answer with yes or no.,No,No,27.0,28.125,True
/data/shared/Qwen/mydisk/output/SYNTHETIC/NVILA-Lite-2B-SYNTHETIC_MIX_10PCT_80K-20260224_234537,obj1_closer,output/phasevar_5/0003_phA01_phB05.png,Is the black sphere closer to the camera than the blue sphere? Answer with yes or no.,No,No,25.953125,27.609375,True
/data/shared/Qwen/mydisk/output/SYNTHETIC/NVILA-Lite-2B-SYNTHETIC_MIX_10PCT_80K-20260224_234537,obj1_closer,output/phasevar_5/0003_phA01_phB06.png,Is the black sphere closer to the camera than the blue sphere? Answer with yes or no.,No,No,26.890625,28.5625,True
/data/shared/Qwen/mydisk/output/SYNTHETIC/NVILA-Lite-2B-SYNTHETIC_MIX_10PCT_80K-20260224_234537,obj1_closer,output/phasevar_5/0003_phA01_phB07.png,Is the black sphere closer to the camera than the blue sphere? Answer with yes or no.,No,No,26.015625,27.875,True
/data/shared/Qwen/mydisk/output/SYNTHETIC/NVILA-Lite-2B-SYNTHETIC_MIX_10PCT_80K-20260224_234537,obj1_closer,output/phasevar_5/0003_phA01_phB08.png,Is the black sphere closer to the camera than the blue sphere? Answer with yes or no.,No,No,25.578125,26.984375,True
/data/shared/Qwen/mydisk/output/SYNTHETIC/NVILA-Lite-2B-SYNTHETIC_MIX_10PCT_80K-20260224_234537,obj1_closer,output/phasevar_5/0003_phA01_phB09.png,Is the black sphere closer to the camera than the blue sphere? Answer with yes or no.,No,No,25.84375,27.046875,True
/data/shared/Qwen/mydisk/output/SYNTHETIC/NVILA-Lite-2B-SYNTHETIC_MIX_10PCT_80K-20260224_234537,obj1_closer,output/phasevar_5/0003_phA01_phB10.png,Is the black sphere closer to the camera than the blue sphere? Answer with yes or no.,No,No,25.984375,26.8125,True
/data/shared/Qwen/mydisk/output/SYNTHETIC/NVILA-Lite-2B-SYNTHETIC_MIX_10PCT_80K-20260224_234537,obj1_closer,output/phasevar_5/0003_phA01_phB11.png,Is the black sphere closer to the camera than the blue sphere? Answer with yes or no.,No,Yes,26.59375,26.390625,False
/data/shared/Qwen/mydisk/output/SYNTHETIC/NVILA-Lite-2B-SYNTHETIC_MIX_10PCT_80K-20260224_234537,obj1_closer,output/phasevar_5/0003_phA01_phB12.png,Is the black sphere closer to the camera than the blue sphere? Answer with yes or no.,No,Yes,26.890625,26.59375,False
/data/shared/Qwen/mydisk/output/SYNTHETIC/NVILA-Lite-2B-SYNTHETIC_MIX_10PCT_80K-20260224_234537,obj1_closer,output/phasevar_5/0003_phA01_phB13.png,Is the black sphere closer to the camera than the blue sphere? Answer with yes or no.,No,No,25.234375,26.578125,True
/data/shared/Qwen/mydisk/output/SYNTHETIC/NVILA-Lite-2B-SYNTHETIC_MIX_10PCT_80K-20260224_234537,obj1_closer,output/phasevar_5/0003_phA01_phB14.png,Is the black sphere closer to the camera than the blue sphere? Answer with yes or no.,No,No,25.71875,27.203125,True
/data/shared/Qwen/mydisk/output/SYNTHETIC/NVILA-Lite-2B-SYNTHETIC_MIX_10PCT_80K-20260224_234537,obj1_closer,output/phasevar_5/0003_phA01_phB15.png,Is the black sphere closer to the camera than the blue sphere? Answer with yes or no.,No,No,25.875,27.734375,True
/data/shared/Qwen/mydisk/output/SYNTHETIC/NVILA-Lite-2B-SYNTHETIC_MIX_10PCT_80K-20260224_234537,obj1_closer,output/phasevar_5/0003_phA02_phB00.png,Is the black sphere closer to the camera than the blue sphere? Answer with yes or no.,No,No,25.578125,27.203125,True
/data/shared/Qwen/mydisk/output/SYNTHETIC/NVILA-Lite-2B-SYNTHETIC_MIX_10PCT_80K-20260224_234537,obj1_closer,output/phasevar_5/0003_phA02_phB01.png,Is the black sphere closer to the camera than the blue sphere? Answer with yes or no.,No,No,26.625,28.796875,True
/data/shared/Qwen/mydisk/output/SYNTHETIC/NVILA-Lite-2B-SYNTHETIC_MIX_10PCT_80K-20260224_234537,obj1_closer,output/phasevar_5/0003_phA02_phB02.png,Is the black sphere closer to the camera than the blue sphere? Answer with yes or no.,No,No,27.125,29.203125,True
/data/shared/Qwen/mydisk/output/SYNTHETIC/NVILA-Lite-2B-SYNTHETIC_MIX_10PCT_80K-20260224_234537,obj1_closer,output/phasevar_5/0003_phA02_phB03.png,Is the black sphere closer to the camera than the blue sphere? Answer with yes or no.,No,No,26.765625,28.890625,True
/data/shared/Qwen/mydisk/output/SYNTHETIC/NVILA-Lite-2B-SYNTHETIC_MIX_10PCT_80K-20260224_234537,obj1_closer,output/phasevar_5/0003_phA02_phB04.png,Is the black sphere closer to the camera than the blue sphere? Answer with yes or no.,No,No,26.15625,27.578125,True
/data/shared/Qwen/mydisk/output/SYNTHETIC/NVILA-Lite-2B-SYNTHETIC_MIX_10PCT_80K-20260224_234537,obj1_closer,output/phasevar_5/0003_phA02_phB05.png,Is the black sphere closer to the camera than the blue sphere? Answer with yes or no.,No,No,25.421875,26.984375,True
/data/shared/Qwen/mydisk/output/SYNTHETIC/NVILA-Lite-2B-SYNTHETIC_MIX_10PCT_80K-20260224_234537,obj1_closer,output/phasevar_5/0003_phA02_phB06.png,Is the black sphere closer to the camera than the blue sphere? Answer with yes or no.,No,No,26.46875,28.171875,True
/data/shared/Qwen/mydisk/output/SYNTHETIC/NVILA-Lite-2B-SYNTHETIC_MIX_10PCT_80K-20260224_234537,obj1_closer,output/phasevar_5/0003_phA02_phB07.png,Is the black sphere closer to the camera than the blue sphere? Answer with yes or no.,No,No,25.6875,27.375,True
/data/shared/Qwen/mydisk/output/SYNTHETIC/NVILA-Lite-2B-SYNTHETIC_MIX_10PCT_80K-20260224_234537,obj1_closer,output/phasevar_5/0003_phA02_phB08.png,Is the black sphere closer to the camera than the blue sphere? Answer with yes or no.,No,No,25.46875,26.3125,True
/data/shared/Qwen/mydisk/output/SYNTHETIC/NVILA-Lite-2B-SYNTHETIC_MIX_10PCT_80K-20260224_234537,obj1_closer,output/phasevar_5/0003_phA02_phB09.png,Is the black sphere closer to the camera than the blue sphere? Answer with yes or no.,No,No,25.671875,26.5,True
/data/shared/Qwen/mydisk/output/SYNTHETIC/NVILA-Lite-2B-SYNTHETIC_MIX_10PCT_80K-20260224_234537,obj1_closer,output/phasevar_5/0003_phA02_phB10.png,Is the black sphere closer to the camera than the blue sphere? Answer with yes or no.,No,No,25.859375,26.5625,True
/data/shared/Qwen/mydisk/output/SYNTHETIC/NVILA-Lite-2B-SYNTHETIC_MIX_10PCT_80K-20260224_234537,obj1_closer,output/phasevar_5/0003_phA02_phB11.png,Is the black sphere closer to the camera than the blue sphere? Answer with yes or no.,No,Yes,26.9375,26.5,False
/data/shared/Qwen/mydisk/output/SYNTHETIC/NVILA-Lite-2B-SYNTHETIC_MIX_10PCT_80K-20260224_234537,obj1_closer,output/phasevar_5/0003_phA02_phB12.png,Is the black sphere closer to the camera than the blue sphere? Answer with yes or no.,No,Yes,27.015625,26.5625,False
/data/shared/Qwen/mydisk/output/SYNTHETIC/NVILA-Lite-2B-SYNTHETIC_MIX_10PCT_80K-20260224_234537,obj1_closer,output/phasevar_5/0003_phA02_phB13.png,Is the black sphere closer to the camera than the blue sphere? Answer with yes or no.,No,No,25.140625,26.34375,True
/data/shared/Qwen/mydisk/output/SYNTHETIC/NVILA-Lite-2B-SYNTHETIC_MIX_10PCT_80K-20260224_234537,obj1_closer,output/phasevar_5/0003_phA02_phB14.png,Is the black sphere closer to the camera than the blue sphere? Answer with yes or no.,No,No,25.1875,26.6875,True
/data/shared/Qwen/mydisk/output/SYNTHETIC/NVILA-Lite-2B-SYNTHETIC_MIX_10PCT_80K-20260224_234537,obj1_closer,output/phasevar_5/0003_phA02_phB15.png,Is the black sphere closer to the camera than the blue sphere? Answer with yes or no.,No,No,25.25,27.0625,True
/data/shared/Qwen/mydisk/output/SYNTHETIC/NVILA-Lite-2B-SYNTHETIC_MIX_10PCT_80K-20260224_234537,obj1_closer,output/phasevar_5/0003_phA03_phB00.png,Is the black sphere closer to the camera than the blue sphere? Answer with yes or no.,No,No,25.390625,26.875,True
/data/shared/Qwen/mydisk/output/SYNTHETIC/NVILA-Lite-2B-SYNTHETIC_MIX_10PCT_80K-20260224_234537,obj1_closer,output/phasevar_5/0003_phA03_phB01.png,Is the black sphere closer to the camera than the blue sphere? Answer with yes or no.,No,No,26.296875,28.25,True
/data/shared/Qwen/mydisk/output/SYNTHETIC/NVILA-Lite-2B-SYNTHETIC_MIX_10PCT_80K-20260224_234537,obj1_closer,output/phasevar_5/0003_phA03_phB02.png,Is the black sphere closer to the camera than the blue sphere? Answer with yes or no.,No,No,26.875,28.46875,True
/data/shared/Qwen/mydisk/output/SYNTHETIC/NVILA-Lite-2B-SYNTHETIC_MIX_10PCT_80K-20260224_234537,obj1_closer,output/phasevar_5/0003_phA03_phB03.png,Is the black sphere closer to the camera than the blue sphere? Answer with yes or no.,No,No,26.328125,28.78125,True
/data/shared/Qwen/mydisk/output/SYNTHETIC/NVILA-Lite-2B-SYNTHETIC_MIX_10PCT_80K-20260224_234537,obj1_closer,output/phasevar_5/0003_phA03_phB04.png,Is the black sphere closer to the camera than the blue sphere? Answer with yes or no.,No,No,25.84375,28.0625,True
/data/shared/Qwen/mydisk/output/SYNTHETIC/NVILA-Lite-2B-SYNTHETIC_MIX_10PCT_80K-20260224_234537,obj1_closer,output/phasevar_5/0003_phA03_phB05.png,Is the black sphere closer to the camera than the blue sphere? Answer with yes or no.,No,No,25.515625,28.0,True
/data/shared/Qwen/mydisk/output/SYNTHETIC/NVILA-Lite-2B-SYNTHETIC_MIX_10PCT_80K-20260224_234537,obj1_closer,output/phasevar_5/0003_phA03_phB06.png,Is the black sphere closer to the camera than the blue sphere? Answer with yes or no.,No,No,26.359375,28.484375,True
/data/shared/Qwen/mydisk/output/SYNTHETIC/NVILA-Lite-2B-SYNTHETIC_MIX_10PCT_80K-20260224_234537,obj1_closer,output/phasevar_5/0003_phA03_phB07.png,Is the black sphere closer to the camera than the blue sphere? Answer with yes or no.,No,No,25.5625,27.78125,True
/data/shared/Qwen/mydisk/output/SYNTHETIC/NVILA-Lite-2B-SYNTHETIC_MIX_10PCT_80K-20260224_234537,obj1_closer,output/phasevar_5/0003_phA03_phB08.png,Is the black sphere closer to the camera than the blue sphere? Answer with yes or no.,No,No,24.71875,26.078125,True
/data/shared/Qwen/mydisk/output/SYNTHETIC/NVILA-Lite-2B-SYNTHETIC_MIX_10PCT_80K-20260224_234537,obj1_closer,output/phasevar_5/0003_phA03_phB09.png,Is the black sphere closer to the camera than the blue sphere? Answer with yes or no.,No,No,24.78125,26.25,True
/data/shared/Qwen/mydisk/output/SYNTHETIC/NVILA-Lite-2B-SYNTHETIC_MIX_10PCT_80K-20260224_234537,obj1_closer,output/phasevar_5/0003_phA03_phB10.png,Is the black sphere closer to the camera than the blue sphere? Answer with yes or no.,No,No,24.9375,26.078125,True
/data/shared/Qwen/mydisk/output/SYNTHETIC/NVILA-Lite-2B-SYNTHETIC_MIX_10PCT_80K-20260224_234537,obj1_closer,output/phasevar_5/0003_phA03_phB11.png,Is the black sphere closer to the camera than the blue sphere? Answer with yes or no.,No,No,24.84375,25.453125,True
/data/shared/Qwen/mydisk/output/SYNTHETIC/NVILA-Lite-2B-SYNTHETIC_MIX_10PCT_80K-20260224_234537,obj1_closer,output/phasevar_5/0003_phA03_phB12.png,Is the black sphere closer to the camera than the blue sphere? Answer with yes or no.,No,No,24.828125,25.734375,True
/data/shared/Qwen/mydisk/output/SYNTHETIC/NVILA-Lite-2B-SYNTHETIC_MIX_10PCT_80K-20260224_234537,obj1_closer,output/phasevar_5/0003_phA03_phB13.png,Is the black sphere closer to the camera than the blue sphere? Answer with yes or no.,No,No,24.25,25.703125,True
/data/shared/Qwen/mydisk/output/SYNTHETIC/NVILA-Lite-2B-SYNTHETIC_MIX_10PCT_80K-20260224_234537,obj1_closer,output/phasevar_5/0003_phA03_phB14.png,Is the black sphere closer to the camera than the blue sphere? Answer with yes or no.,No,No,25.0,26.296875,True
/data/shared/Qwen/mydisk/output/SYNTHETIC/NVILA-Lite-2B-SYNTHETIC_MIX_10PCT_80K-20260224_234537,obj1_closer,output/phasevar_5/0003_phA03_phB15.png,Is the black sphere closer to the camera than the blue sphere? Answer with yes or no.,No,No,25.015625,26.640625,True
/data/shared/Qwen/mydisk/output/SYNTHETIC/NVILA-Lite-2B-SYNTHETIC_MIX_10PCT_80K-20260224_234537,obj1_closer,output/phasevar_5/0003_phA04_phB00.png,Is the black sphere closer to the camera than the blue sphere? Answer with yes or no.,No,No,25.09375,26.6875,True
/data/shared/Qwen/mydisk/output/SYNTHETIC/NVILA-Lite-2B-SYNTHETIC_MIX_10PCT_80K-20260224_234537,obj1_closer,output/phasevar_5/0003_phA04_phB01.png,Is the black sphere closer to the camera than the blue sphere? Answer with yes or no.,No,No,26.125,28.078125,True
/data/shared/Qwen/mydisk/output/SYNTHETIC/NVILA-Lite-2B-SYNTHETIC_MIX_10PCT_80K-20260224_234537,obj1_closer,output/phasevar_5/0003_phA04_phB02.png,Is the black sphere closer to the camera than the blue sphere? Answer with yes or no.,No,No,26.65625,28.34375,True
/data/shared/Qwen/mydisk/output/SYNTHETIC/NVILA-Lite-2B-SYNTHETIC_MIX_10PCT_80K-20260224_234537,obj1_closer,output/phasevar_5/0003_phA04_phB03.png,Is the black sphere closer to the camera than the blue sphere? Answer with yes or no.,No,No,26.078125,28.59375,True
/data/shared/Qwen/mydisk/output/SYNTHETIC/NVILA-Lite-2B-SYNTHETIC_MIX_10PCT_80K-20260224_234537,obj1_closer,output/phasevar_5/0003_phA04_phB04.png,Is the black sphere closer to the camera than the blue sphere? Answer with yes or no.,No,No,25.78125,28.234375,True
/data/shared/Qwen/mydisk/output/SYNTHETIC/NVILA-Lite-2B-SYNTHETIC_MIX_10PCT_80K-20260224_234537,obj1_closer,output/phasevar_5/0003_phA04_phB05.png,Is the black sphere closer to the camera than the blue sphere? Answer with yes or no.,No,No,25.40625,28.078125,True
/data/shared/Qwen/mydisk/output/SYNTHETIC/NVILA-Lite-2B-SYNTHETIC_MIX_10PCT_80K-20260224_234537,obj1_closer,output/phasevar_5/0003_phA04_phB06.png,Is the black sphere closer to the camera than the blue sphere? Answer with yes or no.,No,No,26.15625,28.53125,True
/data/shared/Qwen/mydisk/output/SYNTHETIC/NVILA-Lite-2B-SYNTHETIC_MIX_10PCT_80K-20260224_234537,obj1_closer,output/phasevar_5/0003_phA04_phB07.png,Is the black sphere closer to the camera than the blue sphere? Answer with yes or no.,No,No,25.46875,27.625,True
/data/shared/Qwen/mydisk/output/SYNTHETIC/NVILA-Lite-2B-SYNTHETIC_MIX_10PCT_80K-20260224_234537,obj1_closer,output/phasevar_5/0003_phA04_phB08.png,Is the black sphere closer to the camera than the blue sphere? Answer with yes or no.,No,No,24.671875,26.171875,True
/data/shared/Qwen/mydisk/output/SYNTHETIC/NVILA-Lite-2B-SYNTHETIC_MIX_10PCT_80K-20260224_234537,obj1_closer,output/phasevar_5/0003_phA04_phB09.png,Is the black sphere closer to the camera than the blue sphere? Answer with yes or no.,No,No,24.546875,26.0625,True
/data/shared/Qwen/mydisk/output/SYNTHETIC/NVILA-Lite-2B-SYNTHETIC_MIX_10PCT_80K-20260224_234537,obj1_closer,output/phasevar_5/0003_phA04_phB10.png,Is the black sphere closer to the camera than the blue sphere? Answer with yes or no.,No,No,24.71875,26.015625,True
/data/shared/Qwen/mydisk/output/SYNTHETIC/NVILA-Lite-2B-SYNTHETIC_MIX_10PCT_80K-20260224_234537,obj1_closer,output/phasevar_5/0003_phA04_phB11.png,Is the black sphere closer to the camera than the blue sphere? Answer with yes or no.,No,No,24.375,25.390625,True
/data/shared/Qwen/mydisk/output/SYNTHETIC/NVILA-Lite-2B-SYNTHETIC_MIX_10PCT_80K-20260224_234537,obj1_closer,output/phasevar_5/0003_phA04_phB12.png,Is the black sphere closer to the camera than the blue sphere? Answer with yes or no.,No,No,24.46875,25.734375,True
/data/shared/Qwen/mydisk/output/SYNTHETIC/NVILA-Lite-2B-SYNTHETIC_MIX_10PCT_80K-20260224_234537,obj1_closer,output/phasevar_5/0003_phA04_phB13.png,Is the black sphere closer to the camera than the blue sphere? Answer with yes or no.,No,No,24.234375,25.796875,True
/data/shared/Qwen/mydisk/output/SYNTHETIC/NVILA-Lite-2B-SYNTHETIC_MIX_10PCT_80K-20260224_234537,obj1_closer,output/phasevar_5/0003_phA04_phB14.png,Is the black sphere closer to the camera than the blue sphere? Answer with yes or no.,No,No,24.859375,26.203125,True
/data/shared/Qwen/mydisk/output/SYNTHETIC/NVILA-Lite-2B-SYNTHETIC_MIX_10PCT_80K-20260224_234537,obj1_closer,output/phasevar_5/0003_phA04_phB15.png,Is the black sphere closer to the camera than the blue sphere? Answer with yes or no.,No,No,24.78125,26.484375,True
/data/shared/Qwen/mydisk/output/SYNTHETIC/NVILA-Lite-2B-SYNTHETIC_MIX_10PCT_80K-20260224_234537,obj1_closer,output/phasevar_5/0003_phA05_phB00.png,Is the black sphere closer to the camera than the blue sphere? Answer with yes or no.,No,No,25.5625,27.0625,True
/data/shared/Qwen/mydisk/output/SYNTHETIC/NVILA-Lite-2B-SYNTHETIC_MIX_10PCT_80K-20260224_234537,obj1_closer,output/phasevar_5/0003_phA05_phB01.png,Is the black sphere closer to the camera than the blue sphere? Answer with yes or no.,No,No,26.546875,28.46875,True
/data/shared/Qwen/mydisk/output/SYNTHETIC/NVILA-Lite-2B-SYNTHETIC_MIX_10PCT_80K-20260224_234537,obj1_closer,output/phasevar_5/0003_phA05_phB02.png,Is the black sphere closer to the camera than the blue sphere? Answer with yes or no.,No,No,27.09375,28.78125,True
/data/shared/Qwen/mydisk/output/SYNTHETIC/NVILA-Lite-2B-SYNTHETIC_MIX_10PCT_80K-20260224_234537,obj1_closer,output/phasevar_5/0003_phA05_phB03.png,Is the black sphere closer to the camera than the blue sphere? Answer with yes or no.,No,No,26.5,28.859375,True
/data/shared/Qwen/mydisk/output/SYNTHETIC/NVILA-Lite-2B-SYNTHETIC_MIX_10PCT_80K-20260224_234537,obj1_closer,output/phasevar_5/0003_phA05_phB04.png,Is the black sphere closer to the camera than the blue sphere? Answer with yes or no.,No,No,25.953125,28.5,True
/data/shared/Qwen/mydisk/output/SYNTHETIC/NVILA-Lite-2B-SYNTHETIC_MIX_10PCT_80K-20260224_234537,obj1_closer,output/phasevar_5/0003_phA05_phB05.png,Is the black sphere closer to the camera than the blue sphere? Answer with yes or no.,No,No,25.875,29.03125,True
/data/shared/Qwen/mydisk/output/SYNTHETIC/NVILA-Lite-2B-SYNTHETIC_MIX_10PCT_80K-20260224_234537,obj1_closer,output/phasevar_5/0003_phA05_phB06.png,Is the black sphere closer to the camera than the blue sphere? Answer with yes or no.,No,No,26.28125,29.046875,True
/data/shared/Qwen/mydisk/output/SYNTHETIC/NVILA-Lite-2B-SYNTHETIC_MIX_10PCT_80K-20260224_234537,obj1_closer,output/phasevar_5/0003_phA05_phB07.png,Is the black sphere closer to the camera than the blue sphere? Answer with yes or no.,No,No,25.71875,28.4375,True
/data/shared/Qwen/mydisk/output/SYNTHETIC/NVILA-Lite-2B-SYNTHETIC_MIX_10PCT_80K-20260224_234537,obj1_closer,output/phasevar_5/0003_phA05_phB08.png,Is the black sphere closer to the camera than the blue sphere? Answer with yes or no.,No,No,24.984375,26.890625,True
/data/shared/Qwen/mydisk/output/SYNTHETIC/NVILA-Lite-2B-SYNTHETIC_MIX_10PCT_80K-20260224_234537,obj1_closer,output/phasevar_5/0003_phA05_phB09.png,Is the black sphere closer to the camera than the blue sphere? Answer with yes or no.,No,No,24.75,26.59375,True
/data/shared/Qwen/mydisk/output/SYNTHETIC/NVILA-Lite-2B-SYNTHETIC_MIX_10PCT_80K-20260224_234537,obj1_closer,output/phasevar_5/0003_phA05_phB10.png,Is the black sphere closer to the camera than the blue sphere? Answer with yes or no.,No,No,24.734375,26.1875,True
/data/shared/Qwen/mydisk/output/SYNTHETIC/NVILA-Lite-2B-SYNTHETIC_MIX_10PCT_80K-20260224_234537,obj1_closer,output/phasevar_5/0003_phA05_phB11.png,Is the black sphere closer to the camera than the blue sphere? Answer with yes or no.,No,No,24.46875,25.515625,True
/data/shared/Qwen/mydisk/output/SYNTHETIC/NVILA-Lite-2B-SYNTHETIC_MIX_10PCT_80K-20260224_234537,obj1_closer,output/phasevar_5/0003_phA05_phB12.png,Is the black sphere closer to the camera than the blue sphere? Answer with yes or no.,No,No,24.453125,25.5625,True
/data/shared/Qwen/mydisk/output/SYNTHETIC/NVILA-Lite-2B-SYNTHETIC_MIX_10PCT_80K-20260224_234537,obj1_closer,output/phasevar_5/0003_phA05_phB13.png,Is the black sphere closer to the camera than the blue sphere? Answer with yes or no.,No,No,24.46875,25.765625,True
/data/shared/Qwen/mydisk/output/SYNTHETIC/NVILA-Lite-2B-SYNTHETIC_MIX_10PCT_80K-20260224_234537,obj1_closer,output/phasevar_5/0003_phA05_phB14.png,Is the black sphere closer to the camera than the blue sphere? Answer with yes or no.,No,No,25.109375,26.296875,True
/data/shared/Qwen/mydisk/output/SYNTHETIC/NVILA-Lite-2B-SYNTHETIC_MIX_10PCT_80K-20260224_234537,obj1_closer,output/phasevar_5/0003_phA05_phB15.png,Is the black sphere closer to the camera than the blue sphere? Answer with yes or no.,No,No,25.109375,26.59375,True
/data/shared/Qwen/mydisk/output/SYNTHETIC/NVILA-Lite-2B-SYNTHETIC_MIX_10PCT_80K-20260224_234537,obj1_closer,output/phasevar_5/0003_phA06_phB00.png,Is the black sphere closer to the camera than the blue sphere? Answer with yes or no.,No,No,25.796875,26.703125,True
/data/shared/Qwen/mydisk/output/SYNTHETIC/NVILA-Lite-2B-SYNTHETIC_MIX_10PCT_80K-20260224_234537,obj1_closer,output/phasevar_5/0003_phA06_phB01.png,Is the black sphere closer to the camera than the blue sphere? Answer with yes or no.,No,No,26.796875,28.078125,True
/data/shared/Qwen/mydisk/output/SYNTHETIC/NVILA-Lite-2B-SYNTHETIC_MIX_10PCT_80K-20260224_234537,obj1_closer,output/phasevar_5/0003_phA06_phB02.png,Is the black sphere closer to the camera than the blue sphere? Answer with yes or no.,No,No,27.5,28.3125,True
/data/shared/Qwen/mydisk/output/SYNTHETIC/NVILA-Lite-2B-SYNTHETIC_MIX_10PCT_80K-20260224_234537,obj1_closer,output/phasevar_5/0003_phA06_phB03.png,Is the black sphere closer to the camera than the blue sphere? Answer with yes or no.,No,No,26.8125,27.84375,True
/data/shared/Qwen/mydisk/output/SYNTHETIC/NVILA-Lite-2B-SYNTHETIC_MIX_10PCT_80K-20260224_234537,obj1_closer,output/phasevar_5/0003_phA06_phB04.png,Is the black sphere closer to the camera than the blue sphere? Answer with yes or no.,No,No,26.578125,27.75,True
/data/shared/Qwen/mydisk/output/SYNTHETIC/NVILA-Lite-2B-SYNTHETIC_MIX_10PCT_80K-20260224_234537,obj1_closer,output/phasevar_5/0003_phA06_phB05.png,Is the black sphere closer to the camera than the blue sphere? Answer with yes or no.,No,No,25.640625,28.015625,True
/data/shared/Qwen/mydisk/output/SYNTHETIC/NVILA-Lite-2B-SYNTHETIC_MIX_10PCT_80K-20260224_234537,obj1_closer,output/phasevar_5/0003_phA06_phB06.png,Is the black sphere closer to the camera than the blue sphere? Answer with yes or no.,No,No,26.140625,28.78125,True
/data/shared/Qwen/mydisk/output/SYNTHETIC/NVILA-Lite-2B-SYNTHETIC_MIX_10PCT_80K-20260224_234537,obj1_closer,output/phasevar_5/0003_phA06_phB07.png,Is the black sphere closer to the camera than the blue sphere? Answer with yes or no.,No,No,25.90625,28.3125,True
/data/shared/Qwen/mydisk/output/SYNTHETIC/NVILA-Lite-2B-SYNTHETIC_MIX_10PCT_80K-20260224_234537,obj1_closer,output/phasevar_5/0003_phA06_phB08.png,Is the black sphere closer to the camera than the blue sphere? Answer with yes or no.,No,No,25.09375,26.921875,True
/data/shared/Qwen/mydisk/output/SYNTHETIC/NVILA-Lite-2B-SYNTHETIC_MIX_10PCT_80K-20260224_234537,obj1_closer,output/phasevar_5/0003_phA06_phB09.png,Is the black sphere closer to the camera than the blue sphere? Answer with yes or no.,No,No,24.734375,26.640625,True
/data/shared/Qwen/mydisk/output/SYNTHETIC/NVILA-Lite-2B-SYNTHETIC_MIX_10PCT_80K-20260224_234537,obj1_closer,output/phasevar_5/0003_phA06_phB10.png,Is the black sphere closer to the camera than the blue sphere? Answer with yes or no.,No,No,24.65625,26.359375,True
/data/shared/Qwen/mydisk/output/SYNTHETIC/NVILA-Lite-2B-SYNTHETIC_MIX_10PCT_80K-20260224_234537,obj1_closer,output/phasevar_5/0003_phA06_phB11.png,Is the black sphere closer to the camera than the blue sphere? Answer with yes or no.,No,No,24.8125,25.578125,True
/data/shared/Qwen/mydisk/output/SYNTHETIC/NVILA-Lite-2B-SYNTHETIC_MIX_10PCT_80K-20260224_234537,obj1_closer,output/phasevar_5/0003_phA06_phB12.png,Is the black sphere closer to the camera than the blue sphere? Answer with yes or no.,No,No,25.546875,25.65625,True
/data/shared/Qwen/mydisk/output/SYNTHETIC/NVILA-Lite-2B-SYNTHETIC_MIX_10PCT_80K-20260224_234537,obj1_closer,output/phasevar_5/0003_phA06_phB13.png,Is the black sphere closer to the camera than the blue sphere? Answer with yes or no.,No,No,25.1875,25.65625,True
/data/shared/Qwen/mydisk/output/SYNTHETIC/NVILA-Lite-2B-SYNTHETIC_MIX_10PCT_80K-20260224_234537,obj1_closer,output/phasevar_5/0003_phA06_phB14.png,Is the black sphere closer to the camera than the blue sphere? Answer with yes or no.,No,No,25.296875,26.1875,True
/data/shared/Qwen/mydisk/output/SYNTHETIC/NVILA-Lite-2B-SYNTHETIC_MIX_10PCT_80K-20260224_234537,obj1_closer,output/phasevar_5/0003_phA06_phB15.png,Is the black sphere closer to the camera than the blue sphere? Answer with yes or no.,No,No,25.265625,26.109375,True
/data/shared/Qwen/mydisk/output/SYNTHETIC/NVILA-Lite-2B-SYNTHETIC_MIX_10PCT_80K-20260224_234537,obj1_closer,output/phasevar_5/0003_phA07_phB00.png,Is the black sphere closer to the camera than the blue sphere? Answer with yes or no.,No,No,26.453125,27.125,True
/data/shared/Qwen/mydisk/output/SYNTHETIC/NVILA-Lite-2B-SYNTHETIC_MIX_10PCT_80K-20260224_234537,obj1_closer,output/phasevar_5/0003_phA07_phB01.png,Is the black sphere closer to the camera than the blue sphere? Answer with yes or no.,No,No,27.6875,28.578125,True
/data/shared/Qwen/mydisk/output/SYNTHETIC/NVILA-Lite-2B-SYNTHETIC_MIX_10PCT_80K-20260224_234537,obj1_closer,output/phasevar_5/0003_phA07_phB02.png,Is the black sphere closer to the camera than the blue sphere? Answer with yes or no.,No,No,28.203125,28.46875,True
/data/shared/Qwen/mydisk/output/SYNTHETIC/NVILA-Lite-2B-SYNTHETIC_MIX_10PCT_80K-20260224_234537,obj1_closer,output/phasevar_5/0003_phA07_phB03.png,Is the black sphere closer to the camera than the blue sphere? Answer with yes or no.,No,Yes,28.40625,27.984375,False
/data/shared/Qwen/mydisk/output/SYNTHETIC/NVILA-Lite-2B-SYNTHETIC_MIX_10PCT_80K-20260224_234537,obj1_closer,output/phasevar_5/0003_phA07_phB04.png,Is the black sphere closer to the camera than the blue sphere? Answer with yes or no.,No,Yes,28.125,27.4375,False
/data/shared/Qwen/mydisk/output/SYNTHETIC/NVILA-Lite-2B-SYNTHETIC_MIX_10PCT_80K-20260224_234537,obj1_closer,output/phasevar_5/0003_phA07_phB05.png,Is the black sphere closer to the camera than the blue sphere? Answer with yes or no.,No,No,26.796875,28.109375,True
/data/shared/Qwen/mydisk/output/SYNTHETIC/NVILA-Lite-2B-SYNTHETIC_MIX_10PCT_80K-20260224_234537,obj1_closer,output/phasevar_5/0003_phA07_phB06.png,Is the black sphere closer to the camera than the blue sphere? Answer with yes or no.,No,No,27.171875,28.90625,True
/data/shared/Qwen/mydisk/output/SYNTHETIC/NVILA-Lite-2B-SYNTHETIC_MIX_10PCT_80K-20260224_234537,obj1_closer,output/phasevar_5/0003_phA07_phB07.png,Is the black sphere closer to the camera than the blue sphere? Answer with yes or no.,No,No,26.578125,29.140625,True
/data/shared/Qwen/mydisk/output/SYNTHETIC/NVILA-Lite-2B-SYNTHETIC_MIX_10PCT_80K-20260224_234537,obj1_closer,output/phasevar_5/0003_phA07_phB08.png,Is the black sphere closer to the camera than the blue sphere? Answer with yes or no.,No,No,25.90625,27.8125,True
/data/shared/Qwen/mydisk/output/SYNTHETIC/NVILA-Lite-2B-SYNTHETIC_MIX_10PCT_80K-20260224_234537,obj1_closer,output/phasevar_5/0003_phA07_phB09.png,Is the black sphere closer to the camera than the blue sphere? Answer with yes or no.,No,No,25.296875,26.984375,True
/data/shared/Qwen/mydisk/output/SYNTHETIC/NVILA-Lite-2B-SYNTHETIC_MIX_10PCT_80K-20260224_234537,obj1_closer,output/phasevar_5/0003_phA07_phB10.png,Is the black sphere closer to the camera than the blue sphere? Answer with yes or no.,No,No,25.140625,26.8125,True
/data/shared/Qwen/mydisk/output/SYNTHETIC/NVILA-Lite-2B-SYNTHETIC_MIX_10PCT_80K-20260224_234537,obj1_closer,output/phasevar_5/0003_phA07_phB11.png,Is the black sphere closer to the camera than the blue sphere? Answer with yes or no.,No,No,25.03125,25.40625,True
/data/shared/Qwen/mydisk/output/SYNTHETIC/NVILA-Lite-2B-SYNTHETIC_MIX_10PCT_80K-20260224_234537,obj1_closer,output/phasevar_5/0003_phA07_phB12.png,Is the black sphere closer to the camera than the blue sphere? Answer with yes or no.,No,Yes,25.84375,25.546875,False
/data/shared/Qwen/mydisk/output/SYNTHETIC/NVILA-Lite-2B-SYNTHETIC_MIX_10PCT_80K-20260224_234537,obj1_closer,output/phasevar_5/0003_phA07_phB13.png,Is the black sphere closer to the camera than the blue sphere? Answer with yes or no.,No,No,25.3125,25.484375,True
/data/shared/Qwen/mydisk/output/SYNTHETIC/NVILA-Lite-2B-SYNTHETIC_MIX_10PCT_80K-20260224_234537,obj1_closer,output/phasevar_5/0003_phA07_phB14.png,Is the black sphere closer to the camera than the blue sphere? Answer with yes or no.,No,No,25.5625,26.375,True
/data/shared/Qwen/mydisk/output/SYNTHETIC/NVILA-Lite-2B-SYNTHETIC_MIX_10PCT_80K-20260224_234537,obj1_closer,output/phasevar_5/0003_phA07_phB15.png,Is the black sphere closer to the camera than the blue sphere? Answer with yes or no.,No,No,25.8125,26.546875,True
/data/shared/Qwen/mydisk/output/SYNTHETIC/NVILA-Lite-2B-SYNTHETIC_MIX_10PCT_80K-20260224_234537,obj1_closer,output/phasevar_5/0003_phA08_phB00.png,Is the black sphere closer to the camera than the blue sphere? Answer with yes or no.,No,No,26.890625,27.671875,True
/data/shared/Qwen/mydisk/output/SYNTHETIC/NVILA-Lite-2B-SYNTHETIC_MIX_10PCT_80K-20260224_234537,obj1_closer,output/phasevar_5/0003_phA08_phB01.png,Is the black sphere closer to the camera than the blue sphere? Answer with yes or no.,No,No,28.203125,28.96875,True
/data/shared/Qwen/mydisk/output/SYNTHETIC/NVILA-Lite-2B-SYNTHETIC_MIX_10PCT_80K-20260224_234537,obj1_closer,output/phasevar_5/0003_phA08_phB02.png,Is the black sphere closer to the camera than the blue sphere? Answer with yes or no.,No,No,28.796875,29.0625,True
/data/shared/Qwen/mydisk/output/SYNTHETIC/NVILA-Lite-2B-SYNTHETIC_MIX_10PCT_80K-20260224_234537,obj1_closer,output/phasevar_5/0003_phA08_phB03.png,Is the black sphere closer to the camera than the blue sphere? Answer with yes or no.,No,Yes,28.984375,28.28125,False
/data/shared/Qwen/mydisk/output/SYNTHETIC/NVILA-Lite-2B-SYNTHETIC_MIX_10PCT_80K-20260224_234537,obj1_closer,output/phasevar_5/0003_phA08_phB04.png,Is the black sphere closer to the camera than the blue sphere? Answer with yes or no.,No,Yes,28.65625,27.703125,False
/data/shared/Qwen/mydisk/output/SYNTHETIC/NVILA-Lite-2B-SYNTHETIC_MIX_10PCT_80K-20260224_234537,obj1_closer,output/phasevar_5/0003_phA08_phB05.png,Is the black sphere closer to the camera than the blue sphere? Answer with yes or no.,No,No,27.28125,27.984375,True
/data/shared/Qwen/mydisk/output/SYNTHETIC/NVILA-Lite-2B-SYNTHETIC_MIX_10PCT_80K-20260224_234537,obj1_closer,output/phasevar_5/0003_phA08_phB06.png,Is the black sphere closer to the camera than the blue sphere? Answer with yes or no.,No,No,27.34375,28.984375,True
/data/shared/Qwen/mydisk/output/SYNTHETIC/NVILA-Lite-2B-SYNTHETIC_MIX_10PCT_80K-20260224_234537,obj1_closer,output/phasevar_5/0003_phA08_phB07.png,Is the black sphere closer to the camera than the blue sphere? Answer with yes or no.,No,No,26.890625,29.015625,True
/data/shared/Qwen/mydisk/output/SYNTHETIC/NVILA-Lite-2B-SYNTHETIC_MIX_10PCT_80K-20260224_234537,obj1_closer,output/phasevar_5/0003_phA08_phB08.png,Is the black sphere closer to the camera than the blue sphere? Answer with yes or no.,No,No,25.96875,28.140625,True
/data/shared/Qwen/mydisk/output/SYNTHETIC/NVILA-Lite-2B-SYNTHETIC_MIX_10PCT_80K-20260224_234537,obj1_closer,output/phasevar_5/0003_phA08_phB09.png,Is the black sphere closer to the camera than the blue sphere? Answer with yes or no.,No,No,25.34375,27.375,True
/data/shared/Qwen/mydisk/output/SYNTHETIC/NVILA-Lite-2B-SYNTHETIC_MIX_10PCT_80K-20260224_234537,obj1_closer,output/phasevar_5/0003_phA08_phB10.png,Is the black sphere closer to the camera than the blue sphere? Answer with yes or no.,No,No,25.09375,27.0,True
/data/shared/Qwen/mydisk/output/SYNTHETIC/NVILA-Lite-2B-SYNTHETIC_MIX_10PCT_80K-20260224_234537,obj1_closer,output/phasevar_5/0003_phA08_phB11.png,Is the black sphere closer to the camera than the blue sphere? Answer with yes or no.,No,No,25.140625,25.890625,True
/data/shared/Qwen/mydisk/output/SYNTHETIC/NVILA-Lite-2B-SYNTHETIC_MIX_10PCT_80K-20260224_234537,obj1_closer,output/phasevar_5/0003_phA08_phB12.png,Is the black sphere closer to the camera than the blue sphere? Answer with yes or no.,No,No,26.109375,26.109375,True
/data/shared/Qwen/mydisk/output/SYNTHETIC/NVILA-Lite-2B-SYNTHETIC_MIX_10PCT_80K-20260224_234537,obj1_closer,output/phasevar_5/0003_phA08_phB13.png,Is the black sphere closer to the camera than the blue sphere? Answer with yes or no.,No,No,25.65625,26.03125,True
/data/shared/Qwen/mydisk/output/SYNTHETIC/NVILA-Lite-2B-SYNTHETIC_MIX_10PCT_80K-20260224_234537,obj1_closer,output/phasevar_5/0003_phA08_phB14.png,Is the black sphere closer to the camera than the blue sphere? Answer with yes or no.,No,No,25.8125,26.8125,True
/data/shared/Qwen/mydisk/output/SYNTHETIC/NVILA-Lite-2B-SYNTHETIC_MIX_10PCT_80K-20260224_234537,obj1_closer,output/phasevar_5/0003_phA08_phB15.png,Is the black sphere closer to the camera than the blue sphere? Answer with yes or no.,No,No,26.109375,26.984375,True
/data/shared/Qwen/mydisk/output/SYNTHETIC/NVILA-Lite-2B-SYNTHETIC_MIX_10PCT_80K-20260224_234537,obj1_closer,output/phasevar_5/0003_phA09_phB00.png,Is the black sphere closer to the camera than the blue sphere? Answer with yes or no.,No,No,27.359375,28.375,True
/data/shared/Qwen/mydisk/output/SYNTHETIC/NVILA-Lite-2B-SYNTHETIC_MIX_10PCT_80K-20260224_234537,obj1_closer,output/phasevar_5/0003_phA09_phB01.png,Is the black sphere closer to the camera than the blue sphere? Answer with yes or no.,No,No,28.5625,29.40625,True
/data/shared/Qwen/mydisk/output/SYNTHETIC/NVILA-Lite-2B-SYNTHETIC_MIX_10PCT_80K-20260224_234537,obj1_closer,output/phasevar_5/0003_phA09_phB02.png,Is the black sphere closer to the camera than the blue sphere? Answer with yes or no.,No,No,29.1875,29.390625,True
/data/shared/Qwen/mydisk/output/SYNTHETIC/NVILA-Lite-2B-SYNTHETIC_MIX_10PCT_80K-20260224_234537,obj1_closer,output/phasevar_5/0003_phA09_phB03.png,Is the black sphere closer to the camera than the blue sphere? Answer with yes or no.,No,Yes,28.796875,28.65625,False
/data/shared/Qwen/mydisk/output/SYNTHETIC/NVILA-Lite-2B-SYNTHETIC_MIX_10PCT_80K-20260224_234537,obj1_closer,output/phasevar_5/0003_phA09_phB04.png,Is the black sphere closer to the camera than the blue sphere? Answer with yes or no.,No,Yes,28.546875,28.109375,False
/data/shared/Qwen/mydisk/output/SYNTHETIC/NVILA-Lite-2B-SYNTHETIC_MIX_10PCT_80K-20260224_234537,obj1_closer,output/phasevar_5/0003_phA09_phB05.png,Is the black sphere closer to the camera than the blue sphere? Answer with yes or no.,No,No,26.953125,28.265625,True
/data/shared/Qwen/mydisk/output/SYNTHETIC/NVILA-Lite-2B-SYNTHETIC_MIX_10PCT_80K-20260224_234537,obj1_closer,output/phasevar_5/0003_phA09_phB06.png,Is the black sphere closer to the camera than the blue sphere? Answer with yes or no.,No,No,27.390625,29.1875,True
/data/shared/Qwen/mydisk/output/SYNTHETIC/NVILA-Lite-2B-SYNTHETIC_MIX_10PCT_80K-20260224_234537,obj1_closer,output/phasevar_5/0003_phA09_phB07.png,Is the black sphere closer to the camera than the blue sphere? Answer with yes or no.,No,No,26.96875,29.296875,True
/data/shared/Qwen/mydisk/output/SYNTHETIC/NVILA-Lite-2B-SYNTHETIC_MIX_10PCT_80K-20260224_234537,obj1_closer,output/phasevar_5/0003_phA09_phB08.png,Is the black sphere closer to the camera than the blue sphere? Answer with yes or no.,No,No,26.40625,29.15625,True
/data/shared/Qwen/mydisk/output/SYNTHETIC/NVILA-Lite-2B-SYNTHETIC_MIX_10PCT_80K-20260224_234537,obj1_closer,output/phasevar_5/0003_phA09_phB09.png,Is the black sphere closer to the camera than the blue sphere? Answer with yes or no.,No,No,25.78125,28.171875,True
/data/shared/Qwen/mydisk/output/SYNTHETIC/NVILA-Lite-2B-SYNTHETIC_MIX_10PCT_80K-20260224_234537,obj1_closer,output/phasevar_5/0003_phA09_phB10.png,Is the black sphere closer to the camera than the blue sphere? Answer with yes or no.,No,No,25.0625,27.03125,True
/data/shared/Qwen/mydisk/output/SYNTHETIC/NVILA-Lite-2B-SYNTHETIC_MIX_10PCT_80K-20260224_234537,obj1_closer,output/phasevar_5/0003_phA09_phB11.png,Is the black sphere closer to the camera than the blue sphere? Answer with yes or no.,No,No,25.109375,25.640625,True
/data/shared/Qwen/mydisk/output/SYNTHETIC/NVILA-Lite-2B-SYNTHETIC_MIX_10PCT_80K-20260224_234537,obj1_closer,output/phasevar_5/0003_phA09_phB12.png,Is the black sphere closer to the camera than the blue sphere? Answer with yes or no.,No,Yes,26.0,25.859375,False
/data/shared/Qwen/mydisk/output/SYNTHETIC/NVILA-Lite-2B-SYNTHETIC_MIX_10PCT_80K-20260224_234537,obj1_closer,output/phasevar_5/0003_phA09_phB13.png,Is the black sphere closer to the camera than the blue sphere? Answer with yes or no.,No,No,25.703125,26.109375,True
/data/shared/Qwen/mydisk/output/SYNTHETIC/NVILA-Lite-2B-SYNTHETIC_MIX_10PCT_80K-20260224_234537,obj1_closer,output/phasevar_5/0003_phA09_phB14.png,Is the black sphere closer to the camera than the blue sphere? Answer with yes or no.,No,No,26.015625,27.0,True
/data/shared/Qwen/mydisk/output/SYNTHETIC/NVILA-Lite-2B-SYNTHETIC_MIX_10PCT_80K-20260224_234537,obj1_closer,output/phasevar_5/0003_phA09_phB15.png,Is the black sphere closer to the camera than the blue sphere? Answer with yes or no.,No,No,26.578125,27.671875,True
/data/shared/Qwen/mydisk/output/SYNTHETIC/NVILA-Lite-2B-SYNTHETIC_MIX_10PCT_80K-20260224_234537,obj1_closer,output/phasevar_5/0003_phA10_phB00.png,Is the black sphere closer to the camera than the blue sphere? Answer with yes or no.,No,Yes,27.9375,27.875,False
/data/shared/Qwen/mydisk/output/SYNTHETIC/NVILA-Lite-2B-SYNTHETIC_MIX_10PCT_80K-20260224_234537,obj1_closer,output/phasevar_5/0003_phA10_phB01.png,Is the black sphere closer to the camera than the blue sphere? Answer with yes or no.,No,Yes,29.234375,28.890625,False
/data/shared/Qwen/mydisk/output/SYNTHETIC/NVILA-Lite-2B-SYNTHETIC_MIX_10PCT_80K-20260224_234537,obj1_closer,output/phasevar_5/0003_phA10_phB02.png,Is the black sphere closer to the camera than the blue sphere? Answer with yes or no.,No,Yes,29.84375,28.984375,False
/data/shared/Qwen/mydisk/output/SYNTHETIC/NVILA-Lite-2B-SYNTHETIC_MIX_10PCT_80K-20260224_234537,obj1_closer,output/phasevar_5/0003_phA10_phB03.png,Is the black sphere closer to the camera than the blue sphere? Answer with yes or no.,No,Yes,28.765625,27.53125,False
/data/shared/Qwen/mydisk/output/SYNTHETIC/NVILA-Lite-2B-SYNTHETIC_MIX_10PCT_80K-20260224_234537,obj1_closer,output/phasevar_5/0003_phA10_phB04.png,Is the black sphere closer to the camera than the blue sphere? Answer with yes or no.,No,Yes,28.21875,27.140625,False
/data/shared/Qwen/mydisk/output/SYNTHETIC/NVILA-Lite-2B-SYNTHETIC_MIX_10PCT_80K-20260224_234537,obj1_closer,output/phasevar_5/0003_phA10_phB05.png,Is the black sphere closer to the camera than the blue sphere? Answer with yes or no.,No,No,26.71875,27.1875,True
/data/shared/Qwen/mydisk/output/SYNTHETIC/NVILA-Lite-2B-SYNTHETIC_MIX_10PCT_80K-20260224_234537,obj1_closer,output/phasevar_5/0003_phA10_phB06.png,Is the black sphere closer to the camera than the blue sphere? Answer with yes or no.,No,No,27.515625,28.40625,True
/data/shared/Qwen/mydisk/output/SYNTHETIC/NVILA-Lite-2B-SYNTHETIC_MIX_10PCT_80K-20260224_234537,obj1_closer,output/phasevar_5/0003_phA10_phB07.png,Is the black sphere closer to the camera than the blue sphere? Answer with yes or no.,No,No,27.03125,28.25,True
/data/shared/Qwen/mydisk/output/SYNTHETIC/NVILA-Lite-2B-SYNTHETIC_MIX_10PCT_80K-20260224_234537,obj1_closer,output/phasevar_5/0003_phA10_phB08.png,Is the black sphere closer to the camera than the blue sphere? Answer with yes or no.,No,No,26.25,27.765625,True
/data/shared/Qwen/mydisk/output/SYNTHETIC/NVILA-Lite-2B-SYNTHETIC_MIX_10PCT_80K-20260224_234537,obj1_closer,output/phasevar_5/0003_phA10_phB09.png,Is the black sphere closer to the camera than the blue sphere? Answer with yes or no.,No,No,25.921875,28.390625,True
/data/shared/Qwen/mydisk/output/SYNTHETIC/NVILA-Lite-2B-SYNTHETIC_MIX_10PCT_80K-20260224_234537,obj1_closer,output/phasevar_5/0003_phA10_phB10.png,Is the black sphere closer to the camera than the blue sphere? Answer with yes or no.,No,No,25.140625,27.015625,True
/data/shared/Qwen/mydisk/output/SYNTHETIC/NVILA-Lite-2B-SYNTHETIC_MIX_10PCT_80K-20260224_234537,obj1_closer,output/phasevar_5/0003_phA10_phB11.png,Is the black sphere closer to the camera than the blue sphere? Answer with yes or no.,No,No,24.8125,25.515625,True
/data/shared/Qwen/mydisk/output/SYNTHETIC/NVILA-Lite-2B-SYNTHETIC_MIX_10PCT_80K-20260224_234537,obj1_closer,output/phasevar_5/0003_phA10_phB12.png,Is the black sphere closer to the camera than the blue sphere? Answer with yes or no.,No,Yes,26.046875,26.03125,False
/data/shared/Qwen/mydisk/output/SYNTHETIC/NVILA-Lite-2B-SYNTHETIC_MIX_10PCT_80K-20260224_234537,obj1_closer,output/phasevar_5/0003_phA10_phB13.png,Is the black sphere closer to the camera than the blue sphere? Answer with yes or no.,No,No,25.78125,25.84375,True
/data/shared/Qwen/mydisk/output/SYNTHETIC/NVILA-Lite-2B-SYNTHETIC_MIX_10PCT_80K-20260224_234537,obj1_closer,output/phasevar_5/0003_phA10_phB14.png,Is the black sphere closer to the camera than the blue sphere? Answer with yes or no.,No,No,26.46875,27.03125,True
/data/shared/Qwen/mydisk/output/SYNTHETIC/NVILA-Lite-2B-SYNTHETIC_MIX_10PCT_80K-20260224_234537,obj1_closer,output/phasevar_5/0003_phA10_phB15.png,Is the black sphere closer to the camera than the blue sphere? Answer with yes or no.,No,No,27.5625,27.640625,True
/data/shared/Qwen/mydisk/output/SYNTHETIC/NVILA-Lite-2B-SYNTHETIC_MIX_10PCT_80K-20260224_234537,obj1_closer,output/phasevar_5/0003_phA11_phB00.png,Is the black sphere closer to the camera than the blue sphere? Answer with yes or no.,No,No,26.484375,27.25,True
/data/shared/Qwen/mydisk/output/SYNTHETIC/NVILA-Lite-2B-SYNTHETIC_MIX_10PCT_80K-20260224_234537,obj1_closer,output/phasevar_5/0003_phA11_phB01.png,Is the black sphere closer to the camera than the blue sphere? Answer with yes or no.,No,No,27.578125,28.140625,True
/data/shared/Qwen/mydisk/output/SYNTHETIC/NVILA-Lite-2B-SYNTHETIC_MIX_10PCT_80K-20260224_234537,obj1_closer,output/phasevar_5/0003_phA11_phB02.png,Is the black sphere closer to the camera than the blue sphere? Answer with yes or no.,No,Yes,28.34375,28.328125,False
/data/shared/Qwen/mydisk/output/SYNTHETIC/NVILA-Lite-2B-SYNTHETIC_MIX_10PCT_80K-20260224_234537,obj1_closer,output/phasevar_5/0003_phA11_phB03.png,Is the black sphere closer to the camera than the blue sphere? Answer with yes or no.,No,Yes,27.46875,27.296875,False
/data/shared/Qwen/mydisk/output/SYNTHETIC/NVILA-Lite-2B-SYNTHETIC_MIX_10PCT_80K-20260224_234537,obj1_closer,output/phasevar_5/0003_phA11_phB04.png,Is the black sphere closer to the camera than the blue sphere? Answer with yes or no.,No,Yes,27.25,27.234375,False
/data/shared/Qwen/mydisk/output/SYNTHETIC/NVILA-Lite-2B-SYNTHETIC_MIX_10PCT_80K-20260224_234537,obj1_closer,output/phasevar_5/0003_phA11_phB05.png,Is the black sphere closer to the camera than the blue sphere? Answer with yes or no.,No,No,25.890625,26.96875,True
/data/shared/Qwen/mydisk/output/SYNTHETIC/NVILA-Lite-2B-SYNTHETIC_MIX_10PCT_80K-20260224_234537,obj1_closer,output/phasevar_5/0003_phA11_phB06.png,Is the black sphere closer to the camera than the blue sphere? Answer with yes or no.,No,No,26.5625,27.984375,True
/data/shared/Qwen/mydisk/output/SYNTHETIC/NVILA-Lite-2B-SYNTHETIC_MIX_10PCT_80K-20260224_234537,obj1_closer,output/phasevar_5/0003_phA11_phB07.png,Is the black sphere closer to the camera than the blue sphere? Answer with yes or no.,No,No,25.9375,27.859375,True
/data/shared/Qwen/mydisk/output/SYNTHETIC/NVILA-Lite-2B-SYNTHETIC_MIX_10PCT_80K-20260224_234537,obj1_closer,output/phasevar_5/0003_phA11_phB08.png,Is the black sphere closer to the camera than the blue sphere? Answer with yes or no.,No,No,25.078125,27.09375,True
/data/shared/Qwen/mydisk/output/SYNTHETIC/NVILA-Lite-2B-SYNTHETIC_MIX_10PCT_80K-20260224_234537,obj1_closer,output/phasevar_5/0003_phA11_phB09.png,Is the black sphere closer to the camera than the blue sphere? Answer with yes or no.,No,No,25.09375,27.53125,True
/data/shared/Qwen/mydisk/output/SYNTHETIC/NVILA-Lite-2B-SYNTHETIC_MIX_10PCT_80K-20260224_234537,obj1_closer,output/phasevar_5/0003_phA11_phB10.png,Is the black sphere closer to the camera than the blue sphere? Answer with yes or no.,No,No,24.546875,26.546875,True
/data/shared/Qwen/mydisk/output/SYNTHETIC/NVILA-Lite-2B-SYNTHETIC_MIX_10PCT_80K-20260224_234537,obj1_closer,output/phasevar_5/0003_phA11_phB11.png,Is the black sphere closer to the camera than the blue sphere? Answer with yes or no.,No,No,23.921875,25.65625,True
/data/shared/Qwen/mydisk/output/SYNTHETIC/NVILA-Lite-2B-SYNTHETIC_MIX_10PCT_80K-20260224_234537,obj1_closer,output/phasevar_5/0003_phA11_phB12.png,Is the black sphere closer to the camera than the blue sphere? Answer with yes or no.,No,No,24.546875,26.1875,True
/data/shared/Qwen/mydisk/output/SYNTHETIC/NVILA-Lite-2B-SYNTHETIC_MIX_10PCT_80K-20260224_234537,obj1_closer,output/phasevar_5/0003_phA11_phB13.png,Is the black sphere closer to the camera than the blue sphere? Answer with yes or no.,No,No,24.84375,26.375,True
/data/shared/Qwen/mydisk/output/SYNTHETIC/NVILA-Lite-2B-SYNTHETIC_MIX_10PCT_80K-20260224_234537,obj1_closer,output/phasevar_5/0003_phA11_phB14.png,Is the black sphere closer to the camera than the blue sphere? Answer with yes or no.,No,No,25.46875,26.5625,True
/data/shared/Qwen/mydisk/output/SYNTHETIC/NVILA-Lite-2B-SYNTHETIC_MIX_10PCT_80K-20260224_234537,obj1_closer,output/phasevar_5/0003_phA11_phB15.png,Is the black sphere closer to the camera than the blue sphere? Answer with yes or no.,No,No,26.203125,27.21875,True
/data/shared/Qwen/mydisk/output/SYNTHETIC/NVILA-Lite-2B-SYNTHETIC_MIX_10PCT_80K-20260224_234537,obj1_closer,output/phasevar_5/0003_phA12_phB00.png,Is the black sphere closer to the camera than the blue sphere? Answer with yes or no.,No,No,26.28125,27.265625,True
/data/shared/Qwen/mydisk/output/SYNTHETIC/NVILA-Lite-2B-SYNTHETIC_MIX_10PCT_80K-20260224_234537,obj1_closer,output/phasevar_5/0003_phA12_phB01.png,Is the black sphere closer to the camera than the blue sphere? Answer with yes or no.,No,No,27.359375,28.234375,True
/data/shared/Qwen/mydisk/output/SYNTHETIC/NVILA-Lite-2B-SYNTHETIC_MIX_10PCT_80K-20260224_234537,obj1_closer,output/phasevar_5/0003_phA12_phB02.png,Is the black sphere closer to the camera than the blue sphere? Answer with yes or no.,No,No,28.15625,28.546875,True
/data/shared/Qwen/mydisk/output/SYNTHETIC/NVILA-Lite-2B-SYNTHETIC_MIX_10PCT_80K-20260224_234537,obj1_closer,output/phasevar_5/0003_phA12_phB03.png,Is the black sphere closer to the camera than the blue sphere? Answer with yes or no.,No,No,27.265625,27.703125,True
/data/shared/Qwen/mydisk/output/SYNTHETIC/NVILA-Lite-2B-SYNTHETIC_MIX_10PCT_80K-20260224_234537,obj1_closer,output/phasevar_5/0003_phA12_phB04.png,Is the black sphere closer to the camera than the blue sphere? Answer with yes or no.,No,No,27.0,27.5,True
/data/shared/Qwen/mydisk/output/SYNTHETIC/NVILA-Lite-2B-SYNTHETIC_MIX_10PCT_80K-20260224_234537,obj1_closer,output/phasevar_5/0003_phA12_phB05.png,Is the black sphere closer to the camera than the blue sphere? Answer with yes or no.,No,No,25.828125,27.203125,True
/data/shared/Qwen/mydisk/output/SYNTHETIC/NVILA-Lite-2B-SYNTHETIC_MIX_10PCT_80K-20260224_234537,obj1_closer,output/phasevar_5/0003_phA12_phB06.png,Is the black sphere closer to the camera than the blue sphere? Answer with yes or no.,No,No,26.6875,28.3125,True
/data/shared/Qwen/mydisk/output/SYNTHETIC/NVILA-Lite-2B-SYNTHETIC_MIX_10PCT_80K-20260224_234537,obj1_closer,output/phasevar_5/0003_phA12_phB07.png,Is the black sphere closer to the camera than the blue sphere? Answer with yes or no.,No,No,26.03125,28.171875,True
/data/shared/Qwen/mydisk/output/SYNTHETIC/NVILA-Lite-2B-SYNTHETIC_MIX_10PCT_80K-20260224_234537,obj1_closer,output/phasevar_5/0003_phA12_phB08.png,Is the black sphere closer to the camera than the blue sphere? Answer with yes or no.,No,No,25.140625,27.234375,True
/data/shared/Qwen/mydisk/output/SYNTHETIC/NVILA-Lite-2B-SYNTHETIC_MIX_10PCT_80K-20260224_234537,obj1_closer,output/phasevar_5/0003_phA12_phB09.png,Is the black sphere closer to the camera than the blue sphere? Answer with yes or no.,No,No,25.234375,27.546875,True
/data/shared/Qwen/mydisk/output/SYNTHETIC/NVILA-Lite-2B-SYNTHETIC_MIX_10PCT_80K-20260224_234537,obj1_closer,output/phasevar_5/0003_phA12_phB10.png,Is the black sphere closer to the camera than the blue sphere? Answer with yes or no.,No,No,25.046875,27.078125,True
/data/shared/Qwen/mydisk/output/SYNTHETIC/NVILA-Lite-2B-SYNTHETIC_MIX_10PCT_80K-20260224_234537,obj1_closer,output/phasevar_5/0003_phA12_phB11.png,Is the black sphere closer to the camera than the blue sphere? Answer with yes or no.,No,No,24.15625,25.8125,True
/data/shared/Qwen/mydisk/output/SYNTHETIC/NVILA-Lite-2B-SYNTHETIC_MIX_10PCT_80K-20260224_234537,obj1_closer,output/phasevar_5/0003_phA12_phB12.png,Is the black sphere closer to the camera than the blue sphere? Answer with yes or no.,No,No,24.65625,26.484375,True
/data/shared/Qwen/mydisk/output/SYNTHETIC/NVILA-Lite-2B-SYNTHETIC_MIX_10PCT_80K-20260224_234537,obj1_closer,output/phasevar_5/0003_phA12_phB13.png,Is the black sphere closer to the camera than the blue sphere? Answer with yes or no.,No,No,24.84375,26.625,True
/data/shared/Qwen/mydisk/output/SYNTHETIC/NVILA-Lite-2B-SYNTHETIC_MIX_10PCT_80K-20260224_234537,obj1_closer,output/phasevar_5/0003_phA12_phB14.png,Is the black sphere closer to the camera than the blue sphere? Answer with yes or no.,No,No,25.4375,26.640625,True
/data/shared/Qwen/mydisk/output/SYNTHETIC/NVILA-Lite-2B-SYNTHETIC_MIX_10PCT_80K-20260224_234537,obj1_closer,output/phasevar_5/0003_phA12_phB15.png,Is the black sphere closer to the camera than the blue sphere? Answer with yes or no.,No,No,26.15625,27.390625,True
/data/shared/Qwen/mydisk/output/SYNTHETIC/NVILA-Lite-2B-SYNTHETIC_MIX_10PCT_80K-20260224_234537,obj1_closer,output/phasevar_5/0003_phA13_phB00.png,Is the black sphere closer to the camera than the blue sphere? Answer with yes or no.,No,No,26.875,27.6875,True
/data/shared/Qwen/mydisk/output/SYNTHETIC/NVILA-Lite-2B-SYNTHETIC_MIX_10PCT_80K-20260224_234537,obj1_closer,output/phasevar_5/0003_phA13_phB01.png,Is the black sphere closer to the camera than the blue sphere? Answer with yes or no.,No,No,27.828125,28.4375,True
/data/shared/Qwen/mydisk/output/SYNTHETIC/NVILA-Lite-2B-SYNTHETIC_MIX_10PCT_80K-20260224_234537,obj1_closer,output/phasevar_5/0003_phA13_phB02.png,Is the black sphere closer to the camera than the blue sphere? Answer with yes or no.,No,Yes,28.703125,28.65625,False
/data/shared/Qwen/mydisk/output/SYNTHETIC/NVILA-Lite-2B-SYNTHETIC_MIX_10PCT_80K-20260224_234537,obj1_closer,output/phasevar_5/0003_phA13_phB03.png,Is the black sphere closer to the camera than the blue sphere? Answer with yes or no.,No,No,27.625,27.9375,True
/data/shared/Qwen/mydisk/output/SYNTHETIC/NVILA-Lite-2B-SYNTHETIC_MIX_10PCT_80K-20260224_234537,obj1_closer,output/phasevar_5/0003_phA13_phB04.png,Is the black sphere closer to the camera than the blue sphere? Answer with yes or no.,No,No,27.140625,27.359375,True
/data/shared/Qwen/mydisk/output/SYNTHETIC/NVILA-Lite-2B-SYNTHETIC_MIX_10PCT_80K-20260224_234537,obj1_closer,output/phasevar_5/0003_phA13_phB05.png,Is the black sphere closer to the camera than the blue sphere? Answer with yes or no.,No,No,25.96875,27.109375,True
/data/shared/Qwen/mydisk/output/SYNTHETIC/NVILA-Lite-2B-SYNTHETIC_MIX_10PCT_80K-20260224_234537,obj1_closer,output/phasevar_5/0003_phA13_phB06.png,Is the black sphere closer to the camera than the blue sphere? Answer with yes or no.,No,No,26.84375,28.21875,True
/data/shared/Qwen/mydisk/output/SYNTHETIC/NVILA-Lite-2B-SYNTHETIC_MIX_10PCT_80K-20260224_234537,obj1_closer,output/phasevar_5/0003_phA13_phB07.png,Is the black sphere closer to the camera than the blue sphere? Answer with yes or no.,No,No,26.109375,28.03125,True
/data/shared/Qwen/mydisk/output/SYNTHETIC/NVILA-Lite-2B-SYNTHETIC_MIX_10PCT_80K-20260224_234537,obj1_closer,output/phasevar_5/0003_phA13_phB08.png,Is the black sphere closer to the camera than the blue sphere? Answer with yes or no.,No,No,25.21875,27.0625,True
/data/shared/Qwen/mydisk/output/SYNTHETIC/NVILA-Lite-2B-SYNTHETIC_MIX_10PCT_80K-20260224_234537,obj1_closer,output/phasevar_5/0003_phA13_phB09.png,Is the black sphere closer to the camera than the blue sphere? Answer with yes or no.,No,No,25.328125,27.578125,True
/data/shared/Qwen/mydisk/output/SYNTHETIC/NVILA-Lite-2B-SYNTHETIC_MIX_10PCT_80K-20260224_234537,obj1_closer,output/phasevar_5/0003_phA13_phB10.png,Is the black sphere closer to the camera than the blue sphere? Answer with yes or no.,No,No,25.09375,26.921875,True
/data/shared/Qwen/mydisk/output/SYNTHETIC/NVILA-Lite-2B-SYNTHETIC_MIX_10PCT_80K-20260224_234537,obj1_closer,output/phasevar_5/0003_phA13_phB11.png,Is the black sphere closer to the camera than the blue sphere? Answer with yes or no.,No,No,24.3125,25.6875,True
/data/shared/Qwen/mydisk/output/SYNTHETIC/NVILA-Lite-2B-SYNTHETIC_MIX_10PCT_80K-20260224_234537,obj1_closer,output/phasevar_5/0003_phA13_phB12.png,Is the black sphere closer to the camera than the blue sphere? Answer with yes or no.,No,No,24.734375,26.34375,True
/data/shared/Qwen/mydisk/output/SYNTHETIC/NVILA-Lite-2B-SYNTHETIC_MIX_10PCT_80K-20260224_234537,obj1_closer,output/phasevar_5/0003_phA13_phB13.png,Is the black sphere closer to the camera than the blue sphere? Answer with yes or no.,No,No,24.90625,26.65625,True
/data/shared/Qwen/mydisk/output/SYNTHETIC/NVILA-Lite-2B-SYNTHETIC_MIX_10PCT_80K-20260224_234537,obj1_closer,output/phasevar_5/0003_phA13_phB14.png,Is the black sphere closer to the camera than the blue sphere? Answer with yes or no.,No,No,25.875,26.984375,True
/data/shared/Qwen/mydisk/output/SYNTHETIC/NVILA-Lite-2B-SYNTHETIC_MIX_10PCT_80K-20260224_234537,obj1_closer,output/phasevar_5/0003_phA13_phB15.png,Is the black sphere closer to the camera than the blue sphere? Answer with yes or no.,No,No,26.71875,27.65625,True
/data/shared/Qwen/mydisk/output/SYNTHETIC/NVILA-Lite-2B-SYNTHETIC_MIX_10PCT_80K-20260224_234537,obj1_closer,output/phasevar_5/0003_phA14_phB00.png,Is the black sphere closer to the camera than the blue sphere? Answer with yes or no.,No,No,26.984375,28.3125,True
/data/shared/Qwen/mydisk/output/SYNTHETIC/NVILA-Lite-2B-SYNTHETIC_MIX_10PCT_80K-20260224_234537,obj1_closer,output/phasevar_5/0003_phA14_phB01.png,Is the black sphere closer to the camera than the blue sphere? Answer with yes or no.,No,No,27.921875,29.359375,True
/data/shared/Qwen/mydisk/output/SYNTHETIC/NVILA-Lite-2B-SYNTHETIC_MIX_10PCT_80K-20260224_234537,obj1_closer,output/phasevar_5/0003_phA14_phB02.png,Is the black sphere closer to the camera than the blue sphere? Answer with yes or no.,No,No,28.703125,29.625,True
/data/shared/Qwen/mydisk/output/SYNTHETIC/NVILA-Lite-2B-SYNTHETIC_MIX_10PCT_80K-20260224_234537,obj1_closer,output/phasevar_5/0003_phA14_phB03.png,Is the black sphere closer to the camera than the blue sphere? Answer with yes or no.,No,No,27.75,28.359375,True
/data/shared/Qwen/mydisk/output/SYNTHETIC/NVILA-Lite-2B-SYNTHETIC_MIX_10PCT_80K-20260224_234537,obj1_closer,output/phasevar_5/0003_phA14_phB04.png,Is the black sphere closer to the camera than the blue sphere? Answer with yes or no.,No,No,27.328125,27.4375,True
/data/shared/Qwen/mydisk/output/SYNTHETIC/NVILA-Lite-2B-SYNTHETIC_MIX_10PCT_80K-20260224_234537,obj1_closer,output/phasevar_5/0003_phA14_phB05.png,Is the black sphere closer to the camera than the blue sphere? Answer with yes or no.,No,No,26.21875,27.3125,True
/data/shared/Qwen/mydisk/output/SYNTHETIC/NVILA-Lite-2B-SYNTHETIC_MIX_10PCT_80K-20260224_234537,obj1_closer,output/phasevar_5/0003_phA14_phB06.png,Is the black sphere closer to the camera than the blue sphere? Answer with yes or no.,No,No,27.0625,28.671875,True
/data/shared/Qwen/mydisk/output/SYNTHETIC/NVILA-Lite-2B-SYNTHETIC_MIX_10PCT_80K-20260224_234537,obj1_closer,output/phasevar_5/0003_phA14_phB07.png,Is the black sphere closer to the camera than the blue sphere? Answer with yes or no.,No,No,26.234375,28.125,True
/data/shared/Qwen/mydisk/output/SYNTHETIC/NVILA-Lite-2B-SYNTHETIC_MIX_10PCT_80K-20260224_234537,obj1_closer,output/phasevar_5/0003_phA14_phB08.png,Is the black sphere closer to the camera than the blue sphere? Answer with yes or no.,No,No,25.3125,26.921875,True
/data/shared/Qwen/mydisk/output/SYNTHETIC/NVILA-Lite-2B-SYNTHETIC_MIX_10PCT_80K-20260224_234537,obj1_closer,output/phasevar_5/0003_phA14_phB09.png,Is the black sphere closer to the camera than the blue sphere? Answer with yes or no.,No,No,25.265625,27.171875,True
/data/shared/Qwen/mydisk/output/SYNTHETIC/NVILA-Lite-2B-SYNTHETIC_MIX_10PCT_80K-20260224_234537,obj1_closer,output/phasevar_5/0003_phA14_phB10.png,Is the black sphere closer to the camera than the blue sphere? Answer with yes or no.,No,No,25.53125,27.28125,True
/data/shared/Qwen/mydisk/output/SYNTHETIC/NVILA-Lite-2B-SYNTHETIC_MIX_10PCT_80K-20260224_234537,obj1_closer,output/phasevar_5/0003_phA14_phB11.png,Is the black sphere closer to the camera than the blue sphere? Answer with yes or no.,No,No,25.609375,26.203125,True
/data/shared/Qwen/mydisk/output/SYNTHETIC/NVILA-Lite-2B-SYNTHETIC_MIX_10PCT_80K-20260224_234537,obj1_closer,output/phasevar_5/0003_phA14_phB12.png,Is the black sphere closer to the camera than the blue sphere? Answer with yes or no.,No,No,25.6875,26.4375,True
/data/shared/Qwen/mydisk/output/SYNTHETIC/NVILA-Lite-2B-SYNTHETIC_MIX_10PCT_80K-20260224_234537,obj1_closer,output/phasevar_5/0003_phA14_phB13.png,Is the black sphere closer to the camera than the blue sphere? Answer with yes or no.,No,No,24.96875,26.90625,True
/data/shared/Qwen/mydisk/output/SYNTHETIC/NVILA-Lite-2B-SYNTHETIC_MIX_10PCT_80K-20260224_234537,obj1_closer,output/phasevar_5/0003_phA14_phB14.png,Is the black sphere closer to the camera than the blue sphere? Answer with yes or no.,No,No,25.75,27.484375,True
/data/shared/Qwen/mydisk/output/SYNTHETIC/NVILA-Lite-2B-SYNTHETIC_MIX_10PCT_80K-20260224_234537,obj1_closer,output/phasevar_5/0003_phA14_phB15.png,Is the black sphere closer to the camera than the blue sphere? Answer with yes or no.,No,No,26.8125,28.609375,True
/data/shared/Qwen/mydisk/output/SYNTHETIC/NVILA-Lite-2B-SYNTHETIC_MIX_10PCT_80K-20260224_234537,obj1_closer,output/phasevar_5/0003_phA15_phB00.png,Is the black sphere closer to the camera than the blue sphere? Answer with yes or no.,No,No,26.953125,28.9375,True
/data/shared/Qwen/mydisk/output/SYNTHETIC/NVILA-Lite-2B-SYNTHETIC_MIX_10PCT_80K-20260224_234537,obj1_closer,output/phasevar_5/0003_phA15_phB01.png,Is the black sphere closer to the camera than the blue sphere? Answer with yes or no.,No,No,27.75,29.875,True
/data/shared/Qwen/mydisk/output/SYNTHETIC/NVILA-Lite-2B-SYNTHETIC_MIX_10PCT_80K-20260224_234537,obj1_closer,output/phasevar_5/0003_phA15_phB02.png,Is the black sphere closer to the camera than the blue sphere? Answer with yes or no.,No,No,28.109375,29.84375,True
/data/shared/Qwen/mydisk/output/SYNTHETIC/NVILA-Lite-2B-SYNTHETIC_MIX_10PCT_80K-20260224_234537,obj1_closer,output/phasevar_5/0003_phA15_phB03.png,Is the black sphere closer to the camera than the blue sphere? Answer with yes or no.,No,No,27.5,28.671875,True
/data/shared/Qwen/mydisk/output/SYNTHETIC/NVILA-Lite-2B-SYNTHETIC_MIX_10PCT_80K-20260224_234537,obj1_closer,output/phasevar_5/0003_phA15_phB04.png,Is the black sphere closer to the camera than the blue sphere? Answer with yes or no.,No,No,27.140625,28.046875,True
/data/shared/Qwen/mydisk/output/SYNTHETIC/NVILA-Lite-2B-SYNTHETIC_MIX_10PCT_80K-20260224_234537,obj1_closer,output/phasevar_5/0003_phA15_phB05.png,Is the black sphere closer to the camera than the blue sphere? Answer with yes or no.,No,No,26.0625,27.65625,True
/data/shared/Qwen/mydisk/output/SYNTHETIC/NVILA-Lite-2B-SYNTHETIC_MIX_10PCT_80K-20260224_234537,obj1_closer,output/phasevar_5/0003_phA15_phB06.png,Is the black sphere closer to the camera than the blue sphere? Answer with yes or no.,No,No,26.9375,28.71875,True
/data/shared/Qwen/mydisk/output/SYNTHETIC/NVILA-Lite-2B-SYNTHETIC_MIX_10PCT_80K-20260224_234537,obj1_closer,output/phasevar_5/0003_phA15_phB07.png,Is the black sphere closer to the camera than the blue sphere? Answer with yes or no.,No,No,26.203125,28.328125,True
/data/shared/Qwen/mydisk/output/SYNTHETIC/NVILA-Lite-2B-SYNTHETIC_MIX_10PCT_80K-20260224_234537,obj1_closer,output/phasevar_5/0003_phA15_phB08.png,Is the black sphere closer to the camera than the blue sphere? Answer with yes or no.,No,No,25.515625,27.375,True
/data/shared/Qwen/mydisk/output/SYNTHETIC/NVILA-Lite-2B-SYNTHETIC_MIX_10PCT_80K-20260224_234537,obj1_closer,output/phasevar_5/0003_phA15_phB09.png,Is the black sphere closer to the camera than the blue sphere? Answer with yes or no.,No,No,25.59375,27.515625,True
/data/shared/Qwen/mydisk/output/SYNTHETIC/NVILA-Lite-2B-SYNTHETIC_MIX_10PCT_80K-20260224_234537,obj1_closer,output/phasevar_5/0003_phA15_phB10.png,Is the black sphere closer to the camera than the blue sphere? Answer with yes or no.,No,No,25.703125,27.21875,True
/data/shared/Qwen/mydisk/output/SYNTHETIC/NVILA-Lite-2B-SYNTHETIC_MIX_10PCT_80K-20260224_234537,obj1_closer,output/phasevar_5/0003_phA15_phB11.png,Is the black sphere closer to the camera than the blue sphere? Answer with yes or no.,No,No,25.96875,26.46875,True
/data/shared/Qwen/mydisk/output/SYNTHETIC/NVILA-Lite-2B-SYNTHETIC_MIX_10PCT_80K-20260224_234537,obj1_closer,output/phasevar_5/0003_phA15_phB12.png,Is the black sphere closer to the camera than the blue sphere? Answer with yes or no.,No,No,26.09375,26.640625,True
/data/shared/Qwen/mydisk/output/SYNTHETIC/NVILA-Lite-2B-SYNTHETIC_MIX_10PCT_80K-20260224_234537,obj1_closer,output/phasevar_5/0003_phA15_phB13.png,Is the black sphere closer to the camera than the blue sphere? Answer with yes or no.,No,No,24.953125,26.953125,True
/data/shared/Qwen/mydisk/output/SYNTHETIC/NVILA-Lite-2B-SYNTHETIC_MIX_10PCT_80K-20260224_234537,obj1_closer,output/phasevar_5/0003_phA15_phB14.png,Is the black sphere closer to the camera than the blue sphere? Answer with yes or no.,No,No,25.640625,27.578125,True
/data/shared/Qwen/mydisk/output/SYNTHETIC/NVILA-Lite-2B-SYNTHETIC_MIX_10PCT_80K-20260224_234537,obj1_closer,output/phasevar_5/0003_phA15_phB15.png,Is the black sphere closer to the camera than the blue sphere? Answer with yes or no.,No,No,26.09375,28.296875,True
/data/shared/Qwen/mydisk/output/SYNTHETIC/NVILA-Lite-2B-SYNTHETIC_MIX_10PCT_80K-20260224_234537,obj1_closer,output/phasevar_5/0004_phA00_phB00.png,Is the red cube closer to the camera than the magenta sphere? Answer with yes or no.,No,No,26.265625,29.0,True
/data/shared/Qwen/mydisk/output/SYNTHETIC/NVILA-Lite-2B-SYNTHETIC_MIX_10PCT_80K-20260224_234537,obj1_closer,output/phasevar_5/0004_phA00_phB01.png,Is the red cube closer to the camera than the magenta sphere? Answer with yes or no.,No,No,27.0625,29.1875,True
/data/shared/Qwen/mydisk/output/SYNTHETIC/NVILA-Lite-2B-SYNTHETIC_MIX_10PCT_80K-20260224_234537,obj1_closer,output/phasevar_5/0004_phA00_phB02.png,Is the red cube closer to the camera than the magenta sphere? Answer with yes or no.,No,No,27.578125,28.28125,True
/data/shared/Qwen/mydisk/output/SYNTHETIC/NVILA-Lite-2B-SYNTHETIC_MIX_10PCT_80K-20260224_234537,obj1_closer,output/phasevar_5/0004_phA00_phB03.png,Is the red cube closer to the camera than the magenta sphere? Answer with yes or no.,No,No,26.9375,27.828125,True
/data/shared/Qwen/mydisk/output/SYNTHETIC/NVILA-Lite-2B-SYNTHETIC_MIX_10PCT_80K-20260224_234537,obj1_closer,output/phasevar_5/0004_phA00_phB04.png,Is the red cube closer to the camera than the magenta sphere? Answer with yes or no.,No,No,26.5,26.828125,True
/data/shared/Qwen/mydisk/output/SYNTHETIC/NVILA-Lite-2B-SYNTHETIC_MIX_10PCT_80K-20260224_234537,obj1_closer,output/phasevar_5/0004_phA00_phB05.png,Is the red cube closer to the camera than the magenta sphere? Answer with yes or no.,No,No,26.171875,27.3125,True
/data/shared/Qwen/mydisk/output/SYNTHETIC/NVILA-Lite-2B-SYNTHETIC_MIX_10PCT_80K-20260224_234537,obj1_closer,output/phasevar_5/0004_phA00_phB06.png,Is the red cube closer to the camera than the magenta sphere? Answer with yes or no.,No,No,26.328125,28.171875,True
/data/shared/Qwen/mydisk/output/SYNTHETIC/NVILA-Lite-2B-SYNTHETIC_MIX_10PCT_80K-20260224_234537,obj1_closer,output/phasevar_5/0004_phA00_phB07.png,Is the red cube closer to the camera than the magenta sphere? Answer with yes or no.,No,No,25.84375,28.25,True
/data/shared/Qwen/mydisk/output/SYNTHETIC/NVILA-Lite-2B-SYNTHETIC_MIX_10PCT_80K-20260224_234537,obj1_closer,output/phasevar_5/0004_phA00_phB08.png,Is the red cube closer to the camera than the magenta sphere? Answer with yes or no.,No,No,25.21875,27.59375,True
/data/shared/Qwen/mydisk/output/SYNTHETIC/NVILA-Lite-2B-SYNTHETIC_MIX_10PCT_80K-20260224_234537,obj1_closer,output/phasevar_5/0004_phA00_phB09.png,Is the red cube closer to the camera than the magenta sphere? Answer with yes or no.,No,No,25.0625,26.984375,True
/data/shared/Qwen/mydisk/output/SYNTHETIC/NVILA-Lite-2B-SYNTHETIC_MIX_10PCT_80K-20260224_234537,obj1_closer,output/phasevar_5/0004_phA00_phB10.png,Is the red cube closer to the camera than the magenta sphere? Answer with yes or no.,No,No,25.5625,27.28125,True
/data/shared/Qwen/mydisk/output/SYNTHETIC/NVILA-Lite-2B-SYNTHETIC_MIX_10PCT_80K-20260224_234537,obj1_closer,output/phasevar_5/0004_phA00_phB11.png,Is the red cube closer to the camera than the magenta sphere? Answer with yes or no.,No,No,25.546875,26.9375,True
/data/shared/Qwen/mydisk/output/SYNTHETIC/NVILA-Lite-2B-SYNTHETIC_MIX_10PCT_80K-20260224_234537,obj1_closer,output/phasevar_5/0004_phA00_phB12.png,Is the red cube closer to the camera than the magenta sphere? Answer with yes or no.,No,No,25.5,26.640625,True
/data/shared/Qwen/mydisk/output/SYNTHETIC/NVILA-Lite-2B-SYNTHETIC_MIX_10PCT_80K-20260224_234537,obj1_closer,output/phasevar_5/0004_phA00_phB13.png,Is the red cube closer to the camera than the magenta sphere? Answer with yes or no.,No,No,25.203125,26.8125,True
/data/shared/Qwen/mydisk/output/SYNTHETIC/NVILA-Lite-2B-SYNTHETIC_MIX_10PCT_80K-20260224_234537,obj1_closer,output/phasevar_5/0004_phA00_phB14.png,Is the red cube closer to the camera than the magenta sphere? Answer with yes or no.,No,No,25.8125,27.796875,True
/data/shared/Qwen/mydisk/output/SYNTHETIC/NVILA-Lite-2B-SYNTHETIC_MIX_10PCT_80K-20260224_234537,obj1_closer,output/phasevar_5/0004_phA00_phB15.png,Is the red cube closer to the camera than the magenta sphere? Answer with yes or no.,No,No,26.15625,28.75,True
/data/shared/Qwen/mydisk/output/SYNTHETIC/NVILA-Lite-2B-SYNTHETIC_MIX_10PCT_80K-20260224_234537,obj1_closer,output/phasevar_5/0004_phA01_phB00.png,Is the red cube closer to the camera than the magenta sphere? Answer with yes or no.,No,No,26.4375,29.0,True
/data/shared/Qwen/mydisk/output/SYNTHETIC/NVILA-Lite-2B-SYNTHETIC_MIX_10PCT_80K-20260224_234537,obj1_closer,output/phasevar_5/0004_phA01_phB01.png,Is the red cube closer to the camera than the magenta sphere? Answer with yes or no.,No,No,27.125,29.546875,True
/data/shared/Qwen/mydisk/output/SYNTHETIC/NVILA-Lite-2B-SYNTHETIC_MIX_10PCT_80K-20260224_234537,obj1_closer,output/phasevar_5/0004_phA01_phB02.png,Is the red cube closer to the camera than the magenta sphere? Answer with yes or no.,No,No,27.640625,28.640625,True
/data/shared/Qwen/mydisk/output/SYNTHETIC/NVILA-Lite-2B-SYNTHETIC_MIX_10PCT_80K-20260224_234537,obj1_closer,output/phasevar_5/0004_phA01_phB03.png,Is the red cube closer to the camera than the magenta sphere? Answer with yes or no.,No,No,26.84375,27.96875,True
/data/shared/Qwen/mydisk/output/SYNTHETIC/NVILA-Lite-2B-SYNTHETIC_MIX_10PCT_80K-20260224_234537,obj1_closer,output/phasevar_5/0004_phA01_phB04.png,Is the red cube closer to the camera than the magenta sphere? Answer with yes or no.,No,No,26.4375,27.15625,True
/data/shared/Qwen/mydisk/output/SYNTHETIC/NVILA-Lite-2B-SYNTHETIC_MIX_10PCT_80K-20260224_234537,obj1_closer,output/phasevar_5/0004_phA01_phB05.png,Is the red cube closer to the camera than the magenta sphere? Answer with yes or no.,No,No,26.203125,27.640625,True
/data/shared/Qwen/mydisk/output/SYNTHETIC/NVILA-Lite-2B-SYNTHETIC_MIX_10PCT_80K-20260224_234537,obj1_closer,output/phasevar_5/0004_phA01_phB06.png,Is the red cube closer to the camera than the magenta sphere? Answer with yes or no.,No,No,26.328125,28.140625,True
/data/shared/Qwen/mydisk/output/SYNTHETIC/NVILA-Lite-2B-SYNTHETIC_MIX_10PCT_80K-20260224_234537,obj1_closer,output/phasevar_5/0004_phA01_phB07.png,Is the red cube closer to the camera than the magenta sphere? Answer with yes or no.,No,No,25.90625,28.21875,True
/data/shared/Qwen/mydisk/output/SYNTHETIC/NVILA-Lite-2B-SYNTHETIC_MIX_10PCT_80K-20260224_234537,obj1_closer,output/phasevar_5/0004_phA01_phB08.png,Is the red cube closer to the camera than the magenta sphere? Answer with yes or no.,No,No,25.4375,27.578125,True
/data/shared/Qwen/mydisk/output/SYNTHETIC/NVILA-Lite-2B-SYNTHETIC_MIX_10PCT_80K-20260224_234537,obj1_closer,output/phasevar_5/0004_phA01_phB09.png,Is the red cube closer to the camera than the magenta sphere? Answer with yes or no.,No,No,25.5625,27.1875,True
/data/shared/Qwen/mydisk/output/SYNTHETIC/NVILA-Lite-2B-SYNTHETIC_MIX_10PCT_80K-20260224_234537,obj1_closer,output/phasevar_5/0004_phA01_phB10.png,Is the red cube closer to the camera than the magenta sphere? Answer with yes or no.,No,No,26.046875,27.515625,True
/data/shared/Qwen/mydisk/output/SYNTHETIC/NVILA-Lite-2B-SYNTHETIC_MIX_10PCT_80K-20260224_234537,obj1_closer,output/phasevar_5/0004_phA01_phB11.png,Is the red cube closer to the camera than the magenta sphere? Answer with yes or no.,No,No,26.1875,27.3125,True
/data/shared/Qwen/mydisk/output/SYNTHETIC/NVILA-Lite-2B-SYNTHETIC_MIX_10PCT_80K-20260224_234537,obj1_closer,output/phasevar_5/0004_phA01_phB12.png,Is the red cube closer to the camera than the magenta sphere? Answer with yes or no.,No,No,26.09375,27.0625,True
/data/shared/Qwen/mydisk/output/SYNTHETIC/NVILA-Lite-2B-SYNTHETIC_MIX_10PCT_80K-20260224_234537,obj1_closer,output/phasevar_5/0004_phA01_phB13.png,Is the red cube closer to the camera than the magenta sphere? Answer with yes or no.,No,No,25.59375,26.90625,True
/data/shared/Qwen/mydisk/output/SYNTHETIC/NVILA-Lite-2B-SYNTHETIC_MIX_10PCT_80K-20260224_234537,obj1_closer,output/phasevar_5/0004_phA01_phB14.png,Is the red cube closer to the camera than the magenta sphere? Answer with yes or no.,No,No,26.046875,27.921875,True
/data/shared/Qwen/mydisk/output/SYNTHETIC/NVILA-Lite-2B-SYNTHETIC_MIX_10PCT_80K-20260224_234537,obj1_closer,output/phasevar_5/0004_phA01_phB15.png,Is the red cube closer to the camera than the magenta sphere? Answer with yes or no.,No,No,26.1875,28.5625,True
/data/shared/Qwen/mydisk/output/SYNTHETIC/NVILA-Lite-2B-SYNTHETIC_MIX_10PCT_80K-20260224_234537,obj1_closer,output/phasevar_5/0004_phA02_phB00.png,Is the red cube closer to the camera than the magenta sphere? Answer with yes or no.,No,No,25.359375,27.265625,True
/data/shared/Qwen/mydisk/output/SYNTHETIC/NVILA-Lite-2B-SYNTHETIC_MIX_10PCT_80K-20260224_234537,obj1_closer,output/phasevar_5/0004_phA02_phB01.png,Is the red cube closer to the camera than the magenta sphere? Answer with yes or no.,No,No,26.265625,28.75,True
/data/shared/Qwen/mydisk/output/SYNTHETIC/NVILA-Lite-2B-SYNTHETIC_MIX_10PCT_80K-20260224_234537,obj1_closer,output/phasevar_5/0004_phA02_phB02.png,Is the red cube closer to the camera than the magenta sphere? Answer with yes or no.,No,No,27.25,28.46875,True
/data/shared/Qwen/mydisk/output/SYNTHETIC/NVILA-Lite-2B-SYNTHETIC_MIX_10PCT_80K-20260224_234537,obj1_closer,output/phasevar_5/0004_phA02_phB03.png,Is the red cube closer to the camera than the magenta sphere? Answer with yes or no.,No,No,26.125,27.5625,True
/data/shared/Qwen/mydisk/output/SYNTHETIC/NVILA-Lite-2B-SYNTHETIC_MIX_10PCT_80K-20260224_234537,obj1_closer,output/phasevar_5/0004_phA02_phB04.png,Is the red cube closer to the camera than the magenta sphere? Answer with yes or no.,No,No,25.671875,26.875,True
/data/shared/Qwen/mydisk/output/SYNTHETIC/NVILA-Lite-2B-SYNTHETIC_MIX_10PCT_80K-20260224_234537,obj1_closer,output/phasevar_5/0004_phA02_phB05.png,Is the red cube closer to the camera than the magenta sphere? Answer with yes or no.,No,No,25.59375,27.15625,True
/data/shared/Qwen/mydisk/output/SYNTHETIC/NVILA-Lite-2B-SYNTHETIC_MIX_10PCT_80K-20260224_234537,obj1_closer,output/phasevar_5/0004_phA02_phB06.png,Is the red cube closer to the camera than the magenta sphere? Answer with yes or no.,No,No,26.046875,27.984375,True
/data/shared/Qwen/mydisk/output/SYNTHETIC/NVILA-Lite-2B-SYNTHETIC_MIX_10PCT_80K-20260224_234537,obj1_closer,output/phasevar_5/0004_phA02_phB07.png,Is the red cube closer to the camera than the magenta sphere? Answer with yes or no.,No,No,25.421875,27.59375,True
/data/shared/Qwen/mydisk/output/SYNTHETIC/NVILA-Lite-2B-SYNTHETIC_MIX_10PCT_80K-20260224_234537,obj1_closer,output/phasevar_5/0004_phA02_phB08.png,Is the red cube closer to the camera than the magenta sphere? Answer with yes or no.,No,No,25.015625,26.515625,True
/data/shared/Qwen/mydisk/output/SYNTHETIC/NVILA-Lite-2B-SYNTHETIC_MIX_10PCT_80K-20260224_234537,obj1_closer,output/phasevar_5/0004_phA02_phB09.png,Is the red cube closer to the camera than the magenta sphere? Answer with yes or no.,No,No,25.109375,25.96875,True
/data/shared/Qwen/mydisk/output/SYNTHETIC/NVILA-Lite-2B-SYNTHETIC_MIX_10PCT_80K-20260224_234537,obj1_closer,output/phasevar_5/0004_phA02_phB10.png,Is the red cube closer to the camera than the magenta sphere? Answer with yes or no.,No,No,25.328125,26.5625,True
/data/shared/Qwen/mydisk/output/SYNTHETIC/NVILA-Lite-2B-SYNTHETIC_MIX_10PCT_80K-20260224_234537,obj1_closer,output/phasevar_5/0004_phA02_phB11.png,Is the red cube closer to the camera than the magenta sphere? Answer with yes or no.,No,No,25.453125,26.234375,True
/data/shared/Qwen/mydisk/output/SYNTHETIC/NVILA-Lite-2B-SYNTHETIC_MIX_10PCT_80K-20260224_234537,obj1_closer,output/phasevar_5/0004_phA02_phB12.png,Is the red cube closer to the camera than the magenta sphere? Answer with yes or no.,No,No,25.359375,26.15625,True
/data/shared/Qwen/mydisk/output/SYNTHETIC/NVILA-Lite-2B-SYNTHETIC_MIX_10PCT_80K-20260224_234537,obj1_closer,output/phasevar_5/0004_phA02_phB13.png,Is the red cube closer to the camera than the magenta sphere? Answer with yes or no.,No,No,24.890625,26.046875,True
/data/shared/Qwen/mydisk/output/SYNTHETIC/NVILA-Lite-2B-SYNTHETIC_MIX_10PCT_80K-20260224_234537,obj1_closer,output/phasevar_5/0004_phA02_phB14.png,Is the red cube closer to the camera than the magenta sphere? Answer with yes or no.,No,No,25.078125,26.859375,True
/data/shared/Qwen/mydisk/output/SYNTHETIC/NVILA-Lite-2B-SYNTHETIC_MIX_10PCT_80K-20260224_234537,obj1_closer,output/phasevar_5/0004_phA02_phB15.png,Is the red cube closer to the camera than the magenta sphere? Answer with yes or no.,No,No,25.03125,26.9375,True
/data/shared/Qwen/mydisk/output/SYNTHETIC/NVILA-Lite-2B-SYNTHETIC_MIX_10PCT_80K-20260224_234537,obj1_closer,output/phasevar_5/0004_phA03_phB00.png,Is the red cube closer to the camera than the magenta sphere? Answer with yes or no.,No,No,25.53125,27.265625,True
/data/shared/Qwen/mydisk/output/SYNTHETIC/NVILA-Lite-2B-SYNTHETIC_MIX_10PCT_80K-20260224_234537,obj1_closer,output/phasevar_5/0004_phA03_phB01.png,Is the red cube closer to the camera than the magenta sphere? Answer with yes or no.,No,No,26.140625,28.46875,True
/data/shared/Qwen/mydisk/output/SYNTHETIC/NVILA-Lite-2B-SYNTHETIC_MIX_10PCT_80K-20260224_234537,obj1_closer,output/phasevar_5/0004_phA03_phB02.png,Is the red cube closer to the camera than the magenta sphere? Answer with yes or no.,No,No,27.0,28.34375,True
/data/shared/Qwen/mydisk/output/SYNTHETIC/NVILA-Lite-2B-SYNTHETIC_MIX_10PCT_80K-20260224_234537,obj1_closer,output/phasevar_5/0004_phA03_phB03.png,Is the red cube closer to the camera than the magenta sphere? Answer with yes or no.,No,No,26.09375,27.78125,True
/data/shared/Qwen/mydisk/output/SYNTHETIC/NVILA-Lite-2B-SYNTHETIC_MIX_10PCT_80K-20260224_234537,obj1_closer,output/phasevar_5/0004_phA03_phB04.png,Is the red cube closer to the camera than the magenta sphere? Answer with yes or no.,No,No,25.484375,26.8125,True
/data/shared/Qwen/mydisk/output/SYNTHETIC/NVILA-Lite-2B-SYNTHETIC_MIX_10PCT_80K-20260224_234537,obj1_closer,output/phasevar_5/0004_phA03_phB05.png,Is the red cube closer to the camera than the magenta sphere? Answer with yes or no.,No,No,25.421875,27.25,True
/data/shared/Qwen/mydisk/output/SYNTHETIC/NVILA-Lite-2B-SYNTHETIC_MIX_10PCT_80K-20260224_234537,obj1_closer,output/phasevar_5/0004_phA03_phB06.png,Is the red cube closer to the camera than the magenta sphere? Answer with yes or no.,No,No,25.6875,27.65625,True
/data/shared/Qwen/mydisk/output/SYNTHETIC/NVILA-Lite-2B-SYNTHETIC_MIX_10PCT_80K-20260224_234537,obj1_closer,output/phasevar_5/0004_phA03_phB07.png,Is the red cube closer to the camera than the magenta sphere? Answer with yes or no.,No,No,25.3125,27.71875,True
/data/shared/Qwen/mydisk/output/SYNTHETIC/NVILA-Lite-2B-SYNTHETIC_MIX_10PCT_80K-20260224_234537,obj1_closer,output/phasevar_5/0004_phA03_phB08.png,Is the red cube closer to the camera than the magenta sphere? Answer with yes or no.,No,No,24.8125,26.671875,True
/data/shared/Qwen/mydisk/output/SYNTHETIC/NVILA-Lite-2B-SYNTHETIC_MIX_10PCT_80K-20260224_234537,obj1_closer,output/phasevar_5/0004_phA03_phB09.png,Is the red cube closer to the camera than the magenta sphere? Answer with yes or no.,No,No,24.390625,25.921875,True
/data/shared/Qwen/mydisk/output/SYNTHETIC/NVILA-Lite-2B-SYNTHETIC_MIX_10PCT_80K-20260224_234537,obj1_closer,output/phasevar_5/0004_phA03_phB10.png,Is the red cube closer to the camera than the magenta sphere? Answer with yes or no.,No,No,24.671875,26.3125,True
/data/shared/Qwen/mydisk/output/SYNTHETIC/NVILA-Lite-2B-SYNTHETIC_MIX_10PCT_80K-20260224_234537,obj1_closer,output/phasevar_5/0004_phA03_phB11.png,Is the red cube closer to the camera than the magenta sphere? Answer with yes or no.,No,No,24.65625,25.9375,True
/data/shared/Qwen/mydisk/output/SYNTHETIC/NVILA-Lite-2B-SYNTHETIC_MIX_10PCT_80K-20260224_234537,obj1_closer,output/phasevar_5/0004_phA03_phB12.png,Is the red cube closer to the camera than the magenta sphere? Answer with yes or no.,No,No,24.84375,26.03125,True
/data/shared/Qwen/mydisk/output/SYNTHETIC/NVILA-Lite-2B-SYNTHETIC_MIX_10PCT_80K-20260224_234537,obj1_closer,output/phasevar_5/0004_phA03_phB13.png,Is the red cube closer to the camera than the magenta sphere? Answer with yes or no.,No,No,24.78125,26.328125,True
/data/shared/Qwen/mydisk/output/SYNTHETIC/NVILA-Lite-2B-SYNTHETIC_MIX_10PCT_80K-20260224_234537,obj1_closer,output/phasevar_5/0004_phA03_phB14.png,Is the red cube closer to the camera than the magenta sphere? Answer with yes or no.,No,No,25.203125,26.6875,True
/data/shared/Qwen/mydisk/output/SYNTHETIC/NVILA-Lite-2B-SYNTHETIC_MIX_10PCT_80K-20260224_234537,obj1_closer,output/phasevar_5/0004_phA03_phB15.png,Is the red cube closer to the camera than the magenta sphere? Answer with yes or no.,No,No,25.28125,27.015625,True
/data/shared/Qwen/mydisk/output/SYNTHETIC/NVILA-Lite-2B-SYNTHETIC_MIX_10PCT_80K-20260224_234537,obj1_closer,output/phasevar_5/0004_phA04_phB00.png,Is the red cube closer to the camera than the magenta sphere? Answer with yes or no.,No,No,25.359375,27.0625,True
/data/shared/Qwen/mydisk/output/SYNTHETIC/NVILA-Lite-2B-SYNTHETIC_MIX_10PCT_80K-20260224_234537,obj1_closer,output/phasevar_5/0004_phA04_phB01.png,Is the red cube closer to the camera than the magenta sphere? Answer with yes or no.,No,No,26.0625,28.1875,True
/data/shared/Qwen/mydisk/output/SYNTHETIC/NVILA-Lite-2B-SYNTHETIC_MIX_10PCT_80K-20260224_234537,obj1_closer,output/phasevar_5/0004_phA04_phB02.png,Is the red cube closer to the camera than the magenta sphere? Answer with yes or no.,No,No,26.96875,28.09375,True
/data/shared/Qwen/mydisk/output/SYNTHETIC/NVILA-Lite-2B-SYNTHETIC_MIX_10PCT_80K-20260224_234537,obj1_closer,output/phasevar_5/0004_phA04_phB03.png,Is the red cube closer to the camera than the magenta sphere? Answer with yes or no.,No,No,26.203125,27.9375,True
/data/shared/Qwen/mydisk/output/SYNTHETIC/NVILA-Lite-2B-SYNTHETIC_MIX_10PCT_80K-20260224_234537,obj1_closer,output/phasevar_5/0004_phA04_phB04.png,Is the red cube closer to the camera than the magenta sphere? Answer with yes or no.,No,No,25.578125,27.34375,True
/data/shared/Qwen/mydisk/output/SYNTHETIC/NVILA-Lite-2B-SYNTHETIC_MIX_10PCT_80K-20260224_234537,obj1_closer,output/phasevar_5/0004_phA04_phB05.png,Is the red cube closer to the camera than the magenta sphere? Answer with yes or no.,No,No,25.390625,27.53125,True
/data/shared/Qwen/mydisk/output/SYNTHETIC/NVILA-Lite-2B-SYNTHETIC_MIX_10PCT_80K-20260224_234537,obj1_closer,output/phasevar_5/0004_phA04_phB06.png,Is the red cube closer to the camera than the magenta sphere? Answer with yes or no.,No,No,25.625,27.78125,True
/data/shared/Qwen/mydisk/output/SYNTHETIC/NVILA-Lite-2B-SYNTHETIC_MIX_10PCT_80K-20260224_234537,obj1_closer,output/phasevar_5/0004_phA04_phB07.png,Is the red cube closer to the camera than the magenta sphere? Answer with yes or no.,No,No,25.25,27.953125,True
/data/shared/Qwen/mydisk/output/SYNTHETIC/NVILA-Lite-2B-SYNTHETIC_MIX_10PCT_80K-20260224_234537,obj1_closer,output/phasevar_5/0004_phA04_phB08.png,Is the red cube closer to the camera than the magenta sphere? Answer with yes or no.,No,No,24.5625,26.578125,True
/data/shared/Qwen/mydisk/output/SYNTHETIC/NVILA-Lite-2B-SYNTHETIC_MIX_10PCT_80K-20260224_234537,obj1_closer,output/phasevar_5/0004_phA04_phB09.png,Is the red cube closer to the camera than the magenta sphere? Answer with yes or no.,No,No,24.0625,25.828125,True
/data/shared/Qwen/mydisk/output/SYNTHETIC/NVILA-Lite-2B-SYNTHETIC_MIX_10PCT_80K-20260224_234537,obj1_closer,output/phasevar_5/0004_phA04_phB10.png,Is the red cube closer to the camera than the magenta sphere? Answer with yes or no.,No,No,24.265625,26.09375,True
/data/shared/Qwen/mydisk/output/SYNTHETIC/NVILA-Lite-2B-SYNTHETIC_MIX_10PCT_80K-20260224_234537,obj1_closer,output/phasevar_5/0004_phA04_phB11.png,Is the red cube closer to the camera than the magenta sphere? Answer with yes or no.,No,No,24.296875,25.90625,True
/data/shared/Qwen/mydisk/output/SYNTHETIC/NVILA-Lite-2B-SYNTHETIC_MIX_10PCT_80K-20260224_234537,obj1_closer,output/phasevar_5/0004_phA04_phB12.png,Is the red cube closer to the camera than the magenta sphere? Answer with yes or no.,No,No,24.578125,26.0625,True
/data/shared/Qwen/mydisk/output/SYNTHETIC/NVILA-Lite-2B-SYNTHETIC_MIX_10PCT_80K-20260224_234537,obj1_closer,output/phasevar_5/0004_phA04_phB13.png,Is the red cube closer to the camera than the magenta sphere? Answer with yes or no.,No,No,24.53125,26.265625,True
/data/shared/Qwen/mydisk/output/SYNTHETIC/NVILA-Lite-2B-SYNTHETIC_MIX_10PCT_80K-20260224_234537,obj1_closer,output/phasevar_5/0004_phA04_phB14.png,Is the red cube closer to the camera than the magenta sphere? Answer with yes or no.,No,No,24.921875,26.59375,True
/data/shared/Qwen/mydisk/output/SYNTHETIC/NVILA-Lite-2B-SYNTHETIC_MIX_10PCT_80K-20260224_234537,obj1_closer,output/phasevar_5/0004_phA04_phB15.png,Is the red cube closer to the camera than the magenta sphere? Answer with yes or no.,No,No,25.03125,26.875,True
/data/shared/Qwen/mydisk/output/SYNTHETIC/NVILA-Lite-2B-SYNTHETIC_MIX_10PCT_80K-20260224_234537,obj1_closer,output/phasevar_5/0004_phA05_phB00.png,Is the red cube closer to the camera than the magenta sphere? Answer with yes or no.,No,No,25.390625,27.203125,True
/data/shared/Qwen/mydisk/output/SYNTHETIC/NVILA-Lite-2B-SYNTHETIC_MIX_10PCT_80K-20260224_234537,obj1_closer,output/phasevar_5/0004_phA05_phB01.png,Is the red cube closer to the camera than the magenta sphere? Answer with yes or no.,No,No,26.125,28.03125,True
/data/shared/Qwen/mydisk/output/SYNTHETIC/NVILA-Lite-2B-SYNTHETIC_MIX_10PCT_80K-20260224_234537,obj1_closer,output/phasevar_5/0004_phA05_phB02.png,Is the red cube closer to the camera than the magenta sphere? Answer with yes or no.,No,No,26.921875,28.046875,True
/data/shared/Qwen/mydisk/output/SYNTHETIC/NVILA-Lite-2B-SYNTHETIC_MIX_10PCT_80K-20260224_234537,obj1_closer,output/phasevar_5/0004_phA05_phB03.png,Is the red cube closer to the camera than the magenta sphere? Answer with yes or no.,No,No,26.3125,27.703125,True
/data/shared/Qwen/mydisk/output/SYNTHETIC/NVILA-Lite-2B-SYNTHETIC_MIX_10PCT_80K-20260224_234537,obj1_closer,output/phasevar_5/0004_phA05_phB04.png,Is the red cube closer to the camera than the magenta sphere? Answer with yes or no.,No,No,25.765625,27.15625,True
/data/shared/Qwen/mydisk/output/SYNTHETIC/NVILA-Lite-2B-SYNTHETIC_MIX_10PCT_80K-20260224_234537,obj1_closer,output/phasevar_5/0004_phA05_phB05.png,Is the red cube closer to the camera than the magenta sphere? Answer with yes or no.,No,No,25.546875,27.53125,True
/data/shared/Qwen/mydisk/output/SYNTHETIC/NVILA-Lite-2B-SYNTHETIC_MIX_10PCT_80K-20260224_234537,obj1_closer,output/phasevar_5/0004_phA05_phB06.png,Is the red cube closer to the camera than the magenta sphere? Answer with yes or no.,No,No,25.53125,27.6875,True
/data/shared/Qwen/mydisk/output/SYNTHETIC/NVILA-Lite-2B-SYNTHETIC_MIX_10PCT_80K-20260224_234537,obj1_closer,output/phasevar_5/0004_phA05_phB07.png,Is the red cube closer to the camera than the magenta sphere? Answer with yes or no.,No,No,25.390625,28.234375,True
/data/shared/Qwen/mydisk/output/SYNTHETIC/NVILA-Lite-2B-SYNTHETIC_MIX_10PCT_80K-20260224_234537,obj1_closer,output/phasevar_5/0004_phA05_phB08.png,Is the red cube closer to the camera than the magenta sphere? Answer with yes or no.,No,No,24.875,27.0625,True
/data/shared/Qwen/mydisk/output/SYNTHETIC/NVILA-Lite-2B-SYNTHETIC_MIX_10PCT_80K-20260224_234537,obj1_closer,output/phasevar_5/0004_phA05_phB09.png,Is the red cube closer to the camera than the magenta sphere? Answer with yes or no.,No,No,24.453125,26.328125,True
/data/shared/Qwen/mydisk/output/SYNTHETIC/NVILA-Lite-2B-SYNTHETIC_MIX_10PCT_80K-20260224_234537,obj1_closer,output/phasevar_5/0004_phA05_phB10.png,Is the red cube closer to the camera than the magenta sphere? Answer with yes or no.,No,No,24.484375,26.453125,True
/data/shared/Qwen/mydisk/output/SYNTHETIC/NVILA-Lite-2B-SYNTHETIC_MIX_10PCT_80K-20260224_234537,obj1_closer,output/phasevar_5/0004_phA05_phB11.png,Is the red cube closer to the camera than the magenta sphere? Answer with yes or no.,No,No,24.546875,26.125,True
/data/shared/Qwen/mydisk/output/SYNTHETIC/NVILA-Lite-2B-SYNTHETIC_MIX_10PCT_80K-20260224_234537,obj1_closer,output/phasevar_5/0004_phA05_phB12.png,Is the red cube closer to the camera than the magenta sphere? Answer with yes or no.,No,No,24.875,26.390625,True
/data/shared/Qwen/mydisk/output/SYNTHETIC/NVILA-Lite-2B-SYNTHETIC_MIX_10PCT_80K-20260224_234537,obj1_closer,output/phasevar_5/0004_phA05_phB13.png,Is the red cube closer to the camera than the magenta sphere? Answer with yes or no.,No,No,24.890625,26.484375,True
/data/shared/Qwen/mydisk/output/SYNTHETIC/NVILA-Lite-2B-SYNTHETIC_MIX_10PCT_80K-20260224_234537,obj1_closer,output/phasevar_5/0004_phA05_phB14.png,Is the red cube closer to the camera than the magenta sphere? Answer with yes or no.,No,No,25.125,26.703125,True
/data/shared/Qwen/mydisk/output/SYNTHETIC/NVILA-Lite-2B-SYNTHETIC_MIX_10PCT_80K-20260224_234537,obj1_closer,output/phasevar_5/0004_phA05_phB15.png,Is the red cube closer to the camera than the magenta sphere? Answer with yes or no.,No,No,25.34375,27.15625,True
/data/shared/Qwen/mydisk/output/SYNTHETIC/NVILA-Lite-2B-SYNTHETIC_MIX_10PCT_80K-20260224_234537,obj1_closer,output/phasevar_5/0004_phA06_phB00.png,Is the red cube closer to the camera than the magenta sphere? Answer with yes or no.,No,No,25.734375,27.171875,True
/data/shared/Qwen/mydisk/output/SYNTHETIC/NVILA-Lite-2B-SYNTHETIC_MIX_10PCT_80K-20260224_234537,obj1_closer,output/phasevar_5/0004_phA06_phB01.png,Is the red cube closer to the camera than the magenta sphere? Answer with yes or no.,No,No,26.484375,28.15625,True
/data/shared/Qwen/mydisk/output/SYNTHETIC/NVILA-Lite-2B-SYNTHETIC_MIX_10PCT_80K-20260224_234537,obj1_closer,output/phasevar_5/0004_phA06_phB02.png,Is the red cube closer to the camera than the magenta sphere? Answer with yes or no.,No,No,27.328125,28.234375,True
/data/shared/Qwen/mydisk/output/SYNTHETIC/NVILA-Lite-2B-SYNTHETIC_MIX_10PCT_80K-20260224_234537,obj1_closer,output/phasevar_5/0004_phA06_phB03.png,Is the red cube closer to the camera than the magenta sphere? Answer with yes or no.,No,No,26.796875,27.625,True
/data/shared/Qwen/mydisk/output/SYNTHETIC/NVILA-Lite-2B-SYNTHETIC_MIX_10PCT_80K-20260224_234537,obj1_closer,output/phasevar_5/0004_phA06_phB04.png,Is the red cube closer to the camera than the magenta sphere? Answer with yes or no.,No,No,26.296875,27.1875,True
/data/shared/Qwen/mydisk/output/SYNTHETIC/NVILA-Lite-2B-SYNTHETIC_MIX_10PCT_80K-20260224_234537,obj1_closer,output/phasevar_5/0004_phA06_phB05.png,Is the red cube closer to the camera than the magenta sphere? Answer with yes or no.,No,No,25.53125,27.484375,True
/data/shared/Qwen/mydisk/output/SYNTHETIC/NVILA-Lite-2B-SYNTHETIC_MIX_10PCT_80K-20260224_234537,obj1_closer,output/phasevar_5/0004_phA06_phB06.png,Is the red cube closer to the camera than the magenta sphere? Answer with yes or no.,No,No,25.65625,28.0,True
/data/shared/Qwen/mydisk/output/SYNTHETIC/NVILA-Lite-2B-SYNTHETIC_MIX_10PCT_80K-20260224_234537,obj1_closer,output/phasevar_5/0004_phA06_phB07.png,Is the red cube closer to the camera than the magenta sphere? Answer with yes or no.,No,No,25.890625,29.265625,True
/data/shared/Qwen/mydisk/output/SYNTHETIC/NVILA-Lite-2B-SYNTHETIC_MIX_10PCT_80K-20260224_234537,obj1_closer,output/phasevar_5/0004_phA06_phB08.png,Is the red cube closer to the camera than the magenta sphere? Answer with yes or no.,No,No,25.34375,28.015625,True
/data/shared/Qwen/mydisk/output/SYNTHETIC/NVILA-Lite-2B-SYNTHETIC_MIX_10PCT_80K-20260224_234537,obj1_closer,output/phasevar_5/0004_phA06_phB09.png,Is the red cube closer to the camera than the magenta sphere? Answer with yes or no.,No,No,24.71875,26.8125,True
/data/shared/Qwen/mydisk/output/SYNTHETIC/NVILA-Lite-2B-SYNTHETIC_MIX_10PCT_80K-20260224_234537,obj1_closer,output/phasevar_5/0004_phA06_phB10.png,Is the red cube closer to the camera than the magenta sphere? Answer with yes or no.,No,No,24.75,26.890625,True
/data/shared/Qwen/mydisk/output/SYNTHETIC/NVILA-Lite-2B-SYNTHETIC_MIX_10PCT_80K-20260224_234537,obj1_closer,output/phasevar_5/0004_phA06_phB11.png,Is the red cube closer to the camera than the magenta sphere? Answer with yes or no.,No,No,25.203125,26.59375,True
/data/shared/Qwen/mydisk/output/SYNTHETIC/NVILA-Lite-2B-SYNTHETIC_MIX_10PCT_80K-20260224_234537,obj1_closer,output/phasevar_5/0004_phA06_phB12.png,Is the red cube closer to the camera than the magenta sphere? Answer with yes or no.,No,No,25.78125,26.78125,True
/data/shared/Qwen/mydisk/output/SYNTHETIC/NVILA-Lite-2B-SYNTHETIC_MIX_10PCT_80K-20260224_234537,obj1_closer,output/phasevar_5/0004_phA06_phB13.png,Is the red cube closer to the camera than the magenta sphere? Answer with yes or no.,No,No,25.484375,26.46875,True
/data/shared/Qwen/mydisk/output/SYNTHETIC/NVILA-Lite-2B-SYNTHETIC_MIX_10PCT_80K-20260224_234537,obj1_closer,output/phasevar_5/0004_phA06_phB14.png,Is the red cube closer to the camera than the magenta sphere? Answer with yes or no.,No,No,25.34375,26.6875,True
/data/shared/Qwen/mydisk/output/SYNTHETIC/NVILA-Lite-2B-SYNTHETIC_MIX_10PCT_80K-20260224_234537,obj1_closer,output/phasevar_5/0004_phA06_phB15.png,Is the red cube closer to the camera than the magenta sphere? Answer with yes or no.,No,No,25.625,27.109375,True
/data/shared/Qwen/mydisk/output/SYNTHETIC/NVILA-Lite-2B-SYNTHETIC_MIX_10PCT_80K-20260224_234537,obj1_closer,output/phasevar_5/0004_phA07_phB00.png,Is the red cube closer to the camera than the magenta sphere? Answer with yes or no.,No,No,26.203125,27.796875,True
/data/shared/Qwen/mydisk/output/SYNTHETIC/NVILA-Lite-2B-SYNTHETIC_MIX_10PCT_80K-20260224_234537,obj1_closer,output/phasevar_5/0004_phA07_phB01.png,Is the red cube closer to the camera than the magenta sphere? Answer with yes or no.,No,No,27.1875,28.46875,True
/data/shared/Qwen/mydisk/output/SYNTHETIC/NVILA-Lite-2B-SYNTHETIC_MIX_10PCT_80K-20260224_234537,obj1_closer,output/phasevar_5/0004_phA07_phB02.png,Is the red cube closer to the camera than the magenta sphere? Answer with yes or no.,No,No,27.890625,28.359375,True
/data/shared/Qwen/mydisk/output/SYNTHETIC/NVILA-Lite-2B-SYNTHETIC_MIX_10PCT_80K-20260224_234537,obj1_closer,output/phasevar_5/0004_phA07_phB03.png,Is the red cube closer to the camera than the magenta sphere? Answer with yes or no.,No,No,27.59375,27.65625,True
/data/shared/Qwen/mydisk/output/SYNTHETIC/NVILA-Lite-2B-SYNTHETIC_MIX_10PCT_80K-20260224_234537,obj1_closer,output/phasevar_5/0004_phA07_phB04.png,Is the red cube closer to the camera than the magenta sphere? Answer with yes or no.,No,Yes,26.921875,26.890625,False
/data/shared/Qwen/mydisk/output/SYNTHETIC/NVILA-Lite-2B-SYNTHETIC_MIX_10PCT_80K-20260224_234537,obj1_closer,output/phasevar_5/0004_phA07_phB05.png,Is the red cube closer to the camera than the magenta sphere? Answer with yes or no.,No,No,26.21875,27.375,True
/data/shared/Qwen/mydisk/output/SYNTHETIC/NVILA-Lite-2B-SYNTHETIC_MIX_10PCT_80K-20260224_234537,obj1_closer,output/phasevar_5/0004_phA07_phB06.png,Is the red cube closer to the camera than the magenta sphere? Answer with yes or no.,No,No,26.21875,28.046875,True
/data/shared/Qwen/mydisk/output/SYNTHETIC/NVILA-Lite-2B-SYNTHETIC_MIX_10PCT_80K-20260224_234537,obj1_closer,output/phasevar_5/0004_phA07_phB07.png,Is the red cube closer to the camera than the magenta sphere? Answer with yes or no.,No,No,26.34375,28.75,True
/data/shared/Qwen/mydisk/output/SYNTHETIC/NVILA-Lite-2B-SYNTHETIC_MIX_10PCT_80K-20260224_234537,obj1_closer,output/phasevar_5/0004_phA07_phB08.png,Is the red cube closer to the camera than the magenta sphere? Answer with yes or no.,No,No,25.84375,28.375,True
/data/shared/Qwen/mydisk/output/SYNTHETIC/NVILA-Lite-2B-SYNTHETIC_MIX_10PCT_80K-20260224_234537,obj1_closer,output/phasevar_5/0004_phA07_phB09.png,Is the red cube closer to the camera than the magenta sphere? Answer with yes or no.,No,No,25.1875,27.03125,True
/data/shared/Qwen/mydisk/output/SYNTHETIC/NVILA-Lite-2B-SYNTHETIC_MIX_10PCT_80K-20260224_234537,obj1_closer,output/phasevar_5/0004_phA07_phB10.png,Is the red cube closer to the camera than the magenta sphere? Answer with yes or no.,No,No,25.046875,26.953125,True
/data/shared/Qwen/mydisk/output/SYNTHETIC/NVILA-Lite-2B-SYNTHETIC_MIX_10PCT_80K-20260224_234537,obj1_closer,output/phasevar_5/0004_phA07_phB11.png,Is the red cube closer to the camera than the magenta sphere? Answer with yes or no.,No,No,25.390625,26.453125,True
/data/shared/Qwen/mydisk/output/SYNTHETIC/NVILA-Lite-2B-SYNTHETIC_MIX_10PCT_80K-20260224_234537,obj1_closer,output/phasevar_5/0004_phA07_phB12.png,Is the red cube closer to the camera than the magenta sphere? Answer with yes or no.,No,No,25.90625,26.46875,True
/data/shared/Qwen/mydisk/output/SYNTHETIC/NVILA-Lite-2B-SYNTHETIC_MIX_10PCT_80K-20260224_234537,obj1_closer,output/phasevar_5/0004_phA07_phB13.png,Is the red cube closer to the camera than the magenta sphere? Answer with yes or no.,No,No,25.8125,26.609375,True
/data/shared/Qwen/mydisk/output/SYNTHETIC/NVILA-Lite-2B-SYNTHETIC_MIX_10PCT_80K-20260224_234537,obj1_closer,output/phasevar_5/0004_phA07_phB14.png,Is the red cube closer to the camera than the magenta sphere? Answer with yes or no.,No,No,25.796875,27.03125,True
/data/shared/Qwen/mydisk/output/SYNTHETIC/NVILA-Lite-2B-SYNTHETIC_MIX_10PCT_80K-20260224_234537,obj1_closer,output/phasevar_5/0004_phA07_phB15.png,Is the red cube closer to the camera than the magenta sphere? Answer with yes or no.,No,No,26.015625,27.46875,True
/data/shared/Qwen/mydisk/output/SYNTHETIC/NVILA-Lite-2B-SYNTHETIC_MIX_10PCT_80K-20260224_234537,obj1_closer,output/phasevar_5/0004_phA08_phB00.png,Is the red cube closer to the camera than the magenta sphere? Answer with yes or no.,No,No,26.5625,28.0625,True
/data/shared/Qwen/mydisk/output/SYNTHETIC/NVILA-Lite-2B-SYNTHETIC_MIX_10PCT_80K-20260224_234537,obj1_closer,output/phasevar_5/0004_phA08_phB01.png,Is the red cube closer to the camera than the magenta sphere? Answer with yes or no.,No,No,27.484375,28.78125,True
/data/shared/Qwen/mydisk/output/SYNTHETIC/NVILA-Lite-2B-SYNTHETIC_MIX_10PCT_80K-20260224_234537,obj1_closer,output/phasevar_5/0004_phA08_phB02.png,Is the red cube closer to the camera than the magenta sphere? Answer with yes or no.,No,No,28.28125,28.484375,True
/data/shared/Qwen/mydisk/output/SYNTHETIC/NVILA-Lite-2B-SYNTHETIC_MIX_10PCT_80K-20260224_234537,obj1_closer,output/phasevar_5/0004_phA08_phB03.png,Is the red cube closer to the camera than the magenta sphere? Answer with yes or no.,No,No,28.03125,28.078125,True
/data/shared/Qwen/mydisk/output/SYNTHETIC/NVILA-Lite-2B-SYNTHETIC_MIX_10PCT_80K-20260224_234537,obj1_closer,output/phasevar_5/0004_phA08_phB04.png,Is the red cube closer to the camera than the magenta sphere? Answer with yes or no.,No,Yes,27.578125,27.34375,False
/data/shared/Qwen/mydisk/output/SYNTHETIC/NVILA-Lite-2B-SYNTHETIC_MIX_10PCT_80K-20260224_234537,obj1_closer,output/phasevar_5/0004_phA08_phB05.png,Is the red cube closer to the camera than the magenta sphere? Answer with yes or no.,No,No,26.421875,27.3125,True
/data/shared/Qwen/mydisk/output/SYNTHETIC/NVILA-Lite-2B-SYNTHETIC_MIX_10PCT_80K-20260224_234537,obj1_closer,output/phasevar_5/0004_phA08_phB06.png,Is the red cube closer to the camera than the magenta sphere? Answer with yes or no.,No,No,26.15625,27.984375,True
/data/shared/Qwen/mydisk/output/SYNTHETIC/NVILA-Lite-2B-SYNTHETIC_MIX_10PCT_80K-20260224_234537,obj1_closer,output/phasevar_5/0004_phA08_phB07.png,Is the red cube closer to the camera than the magenta sphere? Answer with yes or no.,No,No,26.1875,28.59375,True
/data/shared/Qwen/mydisk/output/SYNTHETIC/NVILA-Lite-2B-SYNTHETIC_MIX_10PCT_80K-20260224_234537,obj1_closer,output/phasevar_5/0004_phA08_phB08.png,Is the red cube closer to the camera than the magenta sphere? Answer with yes or no.,No,No,25.65625,28.484375,True
/data/shared/Qwen/mydisk/output/SYNTHETIC/NVILA-Lite-2B-SYNTHETIC_MIX_10PCT_80K-20260224_234537,obj1_closer,output/phasevar_5/0004_phA08_phB09.png,Is the red cube closer to the camera than the magenta sphere? Answer with yes or no.,No,No,25.515625,28.046875,True
/data/shared/Qwen/mydisk/output/SYNTHETIC/NVILA-Lite-2B-SYNTHETIC_MIX_10PCT_80K-20260224_234537,obj1_closer,output/phasevar_5/0004_phA08_phB10.png,Is the red cube closer to the camera than the magenta sphere? Answer with yes or no.,No,No,25.140625,27.484375,True
/data/shared/Qwen/mydisk/output/SYNTHETIC/NVILA-Lite-2B-SYNTHETIC_MIX_10PCT_80K-20260224_234537,obj1_closer,output/phasevar_5/0004_phA08_phB11.png,Is the red cube closer to the camera than the magenta sphere? Answer with yes or no.,No,No,25.546875,27.046875,True
/data/shared/Qwen/mydisk/output/SYNTHETIC/NVILA-Lite-2B-SYNTHETIC_MIX_10PCT_80K-20260224_234537,obj1_closer,output/phasevar_5/0004_phA08_phB12.png,Is the red cube closer to the camera than the magenta sphere? Answer with yes or no.,No,No,26.265625,27.265625,True
/data/shared/Qwen/mydisk/output/SYNTHETIC/NVILA-Lite-2B-SYNTHETIC_MIX_10PCT_80K-20260224_234537,obj1_closer,output/phasevar_5/0004_phA08_phB13.png,Is the red cube closer to the camera than the magenta sphere? Answer with yes or no.,No,No,25.84375,26.8125,True
/data/shared/Qwen/mydisk/output/SYNTHETIC/NVILA-Lite-2B-SYNTHETIC_MIX_10PCT_80K-20260224_234537,obj1_closer,output/phasevar_5/0004_phA08_phB14.png,Is the red cube closer to the camera than the magenta sphere? Answer with yes or no.,No,No,25.796875,27.25,True
/data/shared/Qwen/mydisk/output/SYNTHETIC/NVILA-Lite-2B-SYNTHETIC_MIX_10PCT_80K-20260224_234537,obj1_closer,output/phasevar_5/0004_phA08_phB15.png,Is the red cube closer to the camera than the magenta sphere? Answer with yes or no.,No,No,26.171875,27.765625,True
/data/shared/Qwen/mydisk/output/SYNTHETIC/NVILA-Lite-2B-SYNTHETIC_MIX_10PCT_80K-20260224_234537,obj1_closer,output/phasevar_5/0004_phA09_phB00.png,Is the red cube closer to the camera than the magenta sphere? Answer with yes or no.,No,No,27.328125,28.671875,True
/data/shared/Qwen/mydisk/output/SYNTHETIC/NVILA-Lite-2B-SYNTHETIC_MIX_10PCT_80K-20260224_234537,obj1_closer,output/phasevar_5/0004_phA09_phB01.png,Is the red cube closer to the camera than the magenta sphere? Answer with yes or no.,No,No,28.34375,29.375,True
/data/shared/Qwen/mydisk/output/SYNTHETIC/NVILA-Lite-2B-SYNTHETIC_MIX_10PCT_80K-20260224_234537,obj1_closer,output/phasevar_5/0004_phA09_phB02.png,Is the red cube closer to the camera than the magenta sphere? Answer with yes or no.,No,No,29.03125,29.0625,True
/data/shared/Qwen/mydisk/output/SYNTHETIC/NVILA-Lite-2B-SYNTHETIC_MIX_10PCT_80K-20260224_234537,obj1_closer,output/phasevar_5/0004_phA09_phB03.png,Is the red cube closer to the camera than the magenta sphere? Answer with yes or no.,No,No,28.1875,28.296875,True
/data/shared/Qwen/mydisk/output/SYNTHETIC/NVILA-Lite-2B-SYNTHETIC_MIX_10PCT_80K-20260224_234537,obj1_closer,output/phasevar_5/0004_phA09_phB04.png,Is the red cube closer to the camera than the magenta sphere? Answer with yes or no.,No,Yes,27.609375,27.09375,False
/data/shared/Qwen/mydisk/output/SYNTHETIC/NVILA-Lite-2B-SYNTHETIC_MIX_10PCT_80K-20260224_234537,obj1_closer,output/phasevar_5/0004_phA09_phB05.png,Is the red cube closer to the camera than the magenta sphere? Answer with yes or no.,No,No,26.71875,27.484375,True
/data/shared/Qwen/mydisk/output/SYNTHETIC/NVILA-Lite-2B-SYNTHETIC_MIX_10PCT_80K-20260224_234537,obj1_closer,output/phasevar_5/0004_phA09_phB06.png,Is the red cube closer to the camera than the magenta sphere? Answer with yes or no.,No,No,26.5625,28.515625,True
/data/shared/Qwen/mydisk/output/SYNTHETIC/NVILA-Lite-2B-SYNTHETIC_MIX_10PCT_80K-20260224_234537,obj1_closer,output/phasevar_5/0004_phA09_phB07.png,Is the red cube closer to the camera than the magenta sphere? Answer with yes or no.,No,No,26.5,28.703125,True
/data/shared/Qwen/mydisk/output/SYNTHETIC/NVILA-Lite-2B-SYNTHETIC_MIX_10PCT_80K-20260224_234537,obj1_closer,output/phasevar_5/0004_phA09_phB08.png,Is the red cube closer to the camera than the magenta sphere? Answer with yes or no.,No,No,25.84375,28.75,True
/data/shared/Qwen/mydisk/output/SYNTHETIC/NVILA-Lite-2B-SYNTHETIC_MIX_10PCT_80K-20260224_234537,obj1_closer,output/phasevar_5/0004_phA09_phB09.png,Is the red cube closer to the camera than the magenta sphere? Answer with yes or no.,No,No,25.546875,28.4375,True
/data/shared/Qwen/mydisk/output/SYNTHETIC/NVILA-Lite-2B-SYNTHETIC_MIX_10PCT_80K-20260224_234537,obj1_closer,output/phasevar_5/0004_phA09_phB10.png,Is the red cube closer to the camera than the magenta sphere? Answer with yes or no.,No,No,25.328125,27.8125,True
/data/shared/Qwen/mydisk/output/SYNTHETIC/NVILA-Lite-2B-SYNTHETIC_MIX_10PCT_80K-20260224_234537,obj1_closer,output/phasevar_5/0004_phA09_phB11.png,Is the red cube closer to the camera than the magenta sphere? Answer with yes or no.,No,No,25.734375,27.40625,True
/data/shared/Qwen/mydisk/output/SYNTHETIC/NVILA-Lite-2B-SYNTHETIC_MIX_10PCT_80K-20260224_234537,obj1_closer,output/phasevar_5/0004_phA09_phB12.png,Is the red cube closer to the camera than the magenta sphere? Answer with yes or no.,No,No,26.46875,27.421875,True
/data/shared/Qwen/mydisk/output/SYNTHETIC/NVILA-Lite-2B-SYNTHETIC_MIX_10PCT_80K-20260224_234537,obj1_closer,output/phasevar_5/0004_phA09_phB13.png,Is the red cube closer to the camera than the magenta sphere? Answer with yes or no.,No,No,26.171875,27.1875,True
/data/shared/Qwen/mydisk/output/SYNTHETIC/NVILA-Lite-2B-SYNTHETIC_MIX_10PCT_80K-20260224_234537,obj1_closer,output/phasevar_5/0004_phA09_phB14.png,Is the red cube closer to the camera than the magenta sphere? Answer with yes or no.,No,No,26.25,27.734375,True
/data/shared/Qwen/mydisk/output/SYNTHETIC/NVILA-Lite-2B-SYNTHETIC_MIX_10PCT_80K-20260224_234537,obj1_closer,output/phasevar_5/0004_phA09_phB15.png,Is the red cube closer to the camera than the magenta sphere? Answer with yes or no.,No,No,26.78125,28.59375,True
/data/shared/Qwen/mydisk/output/SYNTHETIC/NVILA-Lite-2B-SYNTHETIC_MIX_10PCT_80K-20260224_234537,obj1_closer,output/phasevar_5/0004_phA10_phB00.png,Is the red cube closer to the camera than the magenta sphere? Answer with yes or no.,No,Yes,27.375,26.953125,False
/data/shared/Qwen/mydisk/output/SYNTHETIC/NVILA-Lite-2B-SYNTHETIC_MIX_10PCT_80K-20260224_234537,obj1_closer,output/phasevar_5/0004_phA10_phB01.png,Is the red cube closer to the camera than the magenta sphere? Answer with yes or no.,No,Yes,28.453125,27.46875,False
/data/shared/Qwen/mydisk/output/SYNTHETIC/NVILA-Lite-2B-SYNTHETIC_MIX_10PCT_80K-20260224_234537,obj1_closer,output/phasevar_5/0004_phA10_phB02.png,Is the red cube closer to the camera than the magenta sphere? Answer with yes or no.,No,Yes,29.03125,27.3125,False
/data/shared/Qwen/mydisk/output/SYNTHETIC/NVILA-Lite-2B-SYNTHETIC_MIX_10PCT_80K-20260224_234537,obj1_closer,output/phasevar_5/0004_phA10_phB03.png,Is the red cube closer to the camera than the magenta sphere? Answer with yes or no.,No,Yes,28.4375,26.640625,False
/data/shared/Qwen/mydisk/output/SYNTHETIC/NVILA-Lite-2B-SYNTHETIC_MIX_10PCT_80K-20260224_234537,obj1_closer,output/phasevar_5/0004_phA10_phB04.png,Is the red cube closer to the camera than the magenta sphere? Answer with yes or no.,No,Yes,27.1875,25.375,False
/data/shared/Qwen/mydisk/output/SYNTHETIC/NVILA-Lite-2B-SYNTHETIC_MIX_10PCT_80K-20260224_234537,obj1_closer,output/phasevar_5/0004_phA10_phB05.png,Is the red cube closer to the camera than the magenta sphere? Answer with yes or no.,No,Yes,26.578125,26.140625,False
/data/shared/Qwen/mydisk/output/SYNTHETIC/NVILA-Lite-2B-SYNTHETIC_MIX_10PCT_80K-20260224_234537,obj1_closer,output/phasevar_5/0004_phA10_phB06.png,Is the red cube closer to the camera than the magenta sphere? Answer with yes or no.,No,No,26.5,27.140625,True
/data/shared/Qwen/mydisk/output/SYNTHETIC/NVILA-Lite-2B-SYNTHETIC_MIX_10PCT_80K-20260224_234537,obj1_closer,output/phasevar_5/0004_phA10_phB07.png,Is the red cube closer to the camera than the magenta sphere? Answer with yes or no.,No,No,25.96875,27.109375,True
/data/shared/Qwen/mydisk/output/SYNTHETIC/NVILA-Lite-2B-SYNTHETIC_MIX_10PCT_80K-20260224_234537,obj1_closer,output/phasevar_5/0004_phA10_phB08.png,Is the red cube closer to the camera than the magenta sphere? Answer with yes or no.,No,No,24.953125,26.203125,True
/data/shared/Qwen/mydisk/output/SYNTHETIC/NVILA-Lite-2B-SYNTHETIC_MIX_10PCT_80K-20260224_234537,obj1_closer,output/phasevar_5/0004_phA10_phB09.png,Is the red cube closer to the camera than the magenta sphere? Answer with yes or no.,No,No,24.859375,26.875,True
/data/shared/Qwen/mydisk/output/SYNTHETIC/NVILA-Lite-2B-SYNTHETIC_MIX_10PCT_80K-20260224_234537,obj1_closer,output/phasevar_5/0004_phA10_phB10.png,Is the red cube closer to the camera than the magenta sphere? Answer with yes or no.,No,No,25.125,27.578125,True
/data/shared/Qwen/mydisk/output/SYNTHETIC/NVILA-Lite-2B-SYNTHETIC_MIX_10PCT_80K-20260224_234537,obj1_closer,output/phasevar_5/0004_phA10_phB11.png,Is the red cube closer to the camera than the magenta sphere? Answer with yes or no.,No,No,25.546875,26.59375,True
/data/shared/Qwen/mydisk/output/SYNTHETIC/NVILA-Lite-2B-SYNTHETIC_MIX_10PCT_80K-20260224_234537,obj1_closer,output/phasevar_5/0004_phA10_phB12.png,Is the red cube closer to the camera than the magenta sphere? Answer with yes or no.,No,No,26.140625,26.5,True
/data/shared/Qwen/mydisk/output/SYNTHETIC/NVILA-Lite-2B-SYNTHETIC_MIX_10PCT_80K-20260224_234537,obj1_closer,output/phasevar_5/0004_phA10_phB13.png,Is the red cube closer to the camera than the magenta sphere? Answer with yes or no.,No,No,25.9375,26.421875,True
/data/shared/Qwen/mydisk/output/SYNTHETIC/NVILA-Lite-2B-SYNTHETIC_MIX_10PCT_80K-20260224_234537,obj1_closer,output/phasevar_5/0004_phA10_phB14.png,Is the red cube closer to the camera than the magenta sphere? Answer with yes or no.,No,No,26.65625,27.125,True
/data/shared/Qwen/mydisk/output/SYNTHETIC/NVILA-Lite-2B-SYNTHETIC_MIX_10PCT_80K-20260224_234537,obj1_closer,output/phasevar_5/0004_phA10_phB15.png,Is the red cube closer to the camera than the magenta sphere? Answer with yes or no.,No,No,27.453125,27.46875,True
/data/shared/Qwen/mydisk/output/SYNTHETIC/NVILA-Lite-2B-SYNTHETIC_MIX_10PCT_80K-20260224_234537,obj1_closer,output/phasevar_5/0004_phA11_phB00.png,Is the red cube closer to the camera than the magenta sphere? Answer with yes or no.,No,No,26.296875,26.359375,True
/data/shared/Qwen/mydisk/output/SYNTHETIC/NVILA-Lite-2B-SYNTHETIC_MIX_10PCT_80K-20260224_234537,obj1_closer,output/phasevar_5/0004_phA11_phB01.png,Is the red cube closer to the camera than the magenta sphere? Answer with yes or no.,No,Yes,27.53125,27.140625,False
/data/shared/Qwen/mydisk/output/SYNTHETIC/NVILA-Lite-2B-SYNTHETIC_MIX_10PCT_80K-20260224_234537,obj1_closer,output/phasevar_5/0004_phA11_phB02.png,Is the red cube closer to the camera than the magenta sphere? Answer with yes or no.,No,Yes,28.1875,27.28125,False
/data/shared/Qwen/mydisk/output/SYNTHETIC/NVILA-Lite-2B-SYNTHETIC_MIX_10PCT_80K-20260224_234537,obj1_closer,output/phasevar_5/0004_phA11_phB03.png,Is the red cube closer to the camera than the magenta sphere? Answer with yes or no.,No,Yes,27.546875,26.578125,False
/data/shared/Qwen/mydisk/output/SYNTHETIC/NVILA-Lite-2B-SYNTHETIC_MIX_10PCT_80K-20260224_234537,obj1_closer,output/phasevar_5/0004_phA11_phB04.png,Is the red cube closer to the camera than the magenta sphere? Answer with yes or no.,No,Yes,26.5625,25.609375,False
/data/shared/Qwen/mydisk/output/SYNTHETIC/NVILA-Lite-2B-SYNTHETIC_MIX_10PCT_80K-20260224_234537,obj1_closer,output/phasevar_5/0004_phA11_phB05.png,Is the red cube closer to the camera than the magenta sphere? Answer with yes or no.,No,Yes,26.109375,26.09375,False
/data/shared/Qwen/mydisk/output/SYNTHETIC/NVILA-Lite-2B-SYNTHETIC_MIX_10PCT_80K-20260224_234537,obj1_closer,output/phasevar_5/0004_phA11_phB06.png,Is the red cube closer to the camera than the magenta sphere? Answer with yes or no.,No,No,25.984375,26.9375,True
/data/shared/Qwen/mydisk/output/SYNTHETIC/NVILA-Lite-2B-SYNTHETIC_MIX_10PCT_80K-20260224_234537,obj1_closer,output/phasevar_5/0004_phA11_phB07.png,Is the red cube closer to the camera than the magenta sphere? Answer with yes or no.,No,No,25.390625,26.6875,True
/data/shared/Qwen/mydisk/output/SYNTHETIC/NVILA-Lite-2B-SYNTHETIC_MIX_10PCT_80K-20260224_234537,obj1_closer,output/phasevar_5/0004_phA11_phB08.png,Is the red cube closer to the camera than the magenta sphere? Answer with yes or no.,No,No,24.453125,25.78125,True
/data/shared/Qwen/mydisk/output/SYNTHETIC/NVILA-Lite-2B-SYNTHETIC_MIX_10PCT_80K-20260224_234537,obj1_closer,output/phasevar_5/0004_phA11_phB09.png,Is the red cube closer to the camera than the magenta sphere? Answer with yes or no.,No,No,24.4375,26.515625,True
/data/shared/Qwen/mydisk/output/SYNTHETIC/NVILA-Lite-2B-SYNTHETIC_MIX_10PCT_80K-20260224_234537,obj1_closer,output/phasevar_5/0004_phA11_phB10.png,Is the red cube closer to the camera than the magenta sphere? Answer with yes or no.,No,No,24.734375,26.78125,True
/data/shared/Qwen/mydisk/output/SYNTHETIC/NVILA-Lite-2B-SYNTHETIC_MIX_10PCT_80K-20260224_234537,obj1_closer,output/phasevar_5/0004_phA11_phB11.png,Is the red cube closer to the camera than the magenta sphere? Answer with yes or no.,No,No,24.828125,26.625,True
/data/shared/Qwen/mydisk/output/SYNTHETIC/NVILA-Lite-2B-SYNTHETIC_MIX_10PCT_80K-20260224_234537,obj1_closer,output/phasevar_5/0004_phA11_phB12.png,Is the red cube closer to the camera than the magenta sphere? Answer with yes or no.,No,No,25.234375,26.640625,True
/data/shared/Qwen/mydisk/output/SYNTHETIC/NVILA-Lite-2B-SYNTHETIC_MIX_10PCT_80K-20260224_234537,obj1_closer,output/phasevar_5/0004_phA11_phB13.png,Is the red cube closer to the camera than the magenta sphere? Answer with yes or no.,No,No,25.203125,26.328125,True
/data/shared/Qwen/mydisk/output/SYNTHETIC/NVILA-Lite-2B-SYNTHETIC_MIX_10PCT_80K-20260224_234537,obj1_closer,output/phasevar_5/0004_phA11_phB14.png,Is the red cube closer to the camera than the magenta sphere? Answer with yes or no.,No,No,25.703125,26.546875,True
/data/shared/Qwen/mydisk/output/SYNTHETIC/NVILA-Lite-2B-SYNTHETIC_MIX_10PCT_80K-20260224_234537,obj1_closer,output/phasevar_5/0004_phA11_phB15.png,Is the red cube closer to the camera than the magenta sphere? Answer with yes or no.,No,No,26.078125,26.59375,True
/data/shared/Qwen/mydisk/output/SYNTHETIC/NVILA-Lite-2B-SYNTHETIC_MIX_10PCT_80K-20260224_234537,obj1_closer,output/phasevar_5/0004_phA12_phB00.png,Is the red cube closer to the camera than the magenta sphere? Answer with yes or no.,No,No,26.21875,26.484375,True
/data/shared/Qwen/mydisk/output/SYNTHETIC/NVILA-Lite-2B-SYNTHETIC_MIX_10PCT_80K-20260224_234537,obj1_closer,output/phasevar_5/0004_phA12_phB01.png,Is the red cube closer to the camera than the magenta sphere? Answer with yes or no.,No,Yes,27.453125,27.171875,False
/data/shared/Qwen/mydisk/output/SYNTHETIC/NVILA-Lite-2B-SYNTHETIC_MIX_10PCT_80K-20260224_234537,obj1_closer,output/phasevar_5/0004_phA12_phB02.png,Is the red cube closer to the camera than the magenta sphere? Answer with yes or no.,No,Yes,28.328125,27.3125,False
/data/shared/Qwen/mydisk/output/SYNTHETIC/NVILA-Lite-2B-SYNTHETIC_MIX_10PCT_80K-20260224_234537,obj1_closer,output/phasevar_5/0004_phA12_phB03.png,Is the red cube closer to the camera than the magenta sphere? Answer with yes or no.,No,Yes,27.59375,26.6875,False
/data/shared/Qwen/mydisk/output/SYNTHETIC/NVILA-Lite-2B-SYNTHETIC_MIX_10PCT_80K-20260224_234537,obj1_closer,output/phasevar_5/0004_phA12_phB04.png,Is the red cube closer to the camera than the magenta sphere? Answer with yes or no.,No,Yes,26.40625,25.5,False
/data/shared/Qwen/mydisk/output/SYNTHETIC/NVILA-Lite-2B-SYNTHETIC_MIX_10PCT_80K-20260224_234537,obj1_closer,output/phasevar_5/0004_phA12_phB05.png,Is the red cube closer to the camera than the magenta sphere? Answer with yes or no.,No,No,26.25,26.40625,True
/data/shared/Qwen/mydisk/output/SYNTHETIC/NVILA-Lite-2B-SYNTHETIC_MIX_10PCT_80K-20260224_234537,obj1_closer,output/phasevar_5/0004_phA12_phB06.png,Is the red cube closer to the camera than the magenta sphere? Answer with yes or no.,No,No,26.171875,27.265625,True
/data/shared/Qwen/mydisk/output/SYNTHETIC/NVILA-Lite-2B-SYNTHETIC_MIX_10PCT_80K-20260224_234537,obj1_closer,output/phasevar_5/0004_phA12_phB07.png,Is the red cube closer to the camera than the magenta sphere? Answer with yes or no.,No,No,25.734375,27.296875,True
/data/shared/Qwen/mydisk/output/SYNTHETIC/NVILA-Lite-2B-SYNTHETIC_MIX_10PCT_80K-20260224_234537,obj1_closer,output/phasevar_5/0004_phA12_phB08.png,Is the red cube closer to the camera than the magenta sphere? Answer with yes or no.,No,No,24.875,26.46875,True
/data/shared/Qwen/mydisk/output/SYNTHETIC/NVILA-Lite-2B-SYNTHETIC_MIX_10PCT_80K-20260224_234537,obj1_closer,output/phasevar_5/0004_phA12_phB09.png,Is the red cube closer to the camera than the magenta sphere? Answer with yes or no.,No,No,24.453125,26.453125,True
/data/shared/Qwen/mydisk/output/SYNTHETIC/NVILA-Lite-2B-SYNTHETIC_MIX_10PCT_80K-20260224_234537,obj1_closer,output/phasevar_5/0004_phA12_phB10.png,Is the red cube closer to the camera than the magenta sphere? Answer with yes or no.,No,No,24.703125,26.71875,True
/data/shared/Qwen/mydisk/output/SYNTHETIC/NVILA-Lite-2B-SYNTHETIC_MIX_10PCT_80K-20260224_234537,obj1_closer,output/phasevar_5/0004_phA12_phB11.png,Is the red cube closer to the camera than the magenta sphere? Answer with yes or no.,No,No,24.59375,26.640625,True
/data/shared/Qwen/mydisk/output/SYNTHETIC/NVILA-Lite-2B-SYNTHETIC_MIX_10PCT_80K-20260224_234537,obj1_closer,output/phasevar_5/0004_phA12_phB12.png,Is the red cube closer to the camera than the magenta sphere? Answer with yes or no.,No,No,25.1875,26.9375,True
/data/shared/Qwen/mydisk/output/SYNTHETIC/NVILA-Lite-2B-SYNTHETIC_MIX_10PCT_80K-20260224_234537,obj1_closer,output/phasevar_5/0004_phA12_phB13.png,Is the red cube closer to the camera than the magenta sphere? Answer with yes or no.,No,No,25.203125,26.625,True
/data/shared/Qwen/mydisk/output/SYNTHETIC/NVILA-Lite-2B-SYNTHETIC_MIX_10PCT_80K-20260224_234537,obj1_closer,output/phasevar_5/0004_phA12_phB14.png,Is the red cube closer to the camera than the magenta sphere? Answer with yes or no.,No,No,25.5625,26.53125,True
/data/shared/Qwen/mydisk/output/SYNTHETIC/NVILA-Lite-2B-SYNTHETIC_MIX_10PCT_80K-20260224_234537,obj1_closer,output/phasevar_5/0004_phA12_phB15.png,Is the red cube closer to the camera than the magenta sphere? Answer with yes or no.,No,No,25.921875,26.515625,True
/data/shared/Qwen/mydisk/output/SYNTHETIC/NVILA-Lite-2B-SYNTHETIC_MIX_10PCT_80K-20260224_234537,obj1_closer,output/phasevar_5/0004_phA13_phB00.png,Is the red cube closer to the camera than the magenta sphere? Answer with yes or no.,No,No,26.078125,26.515625,True
/data/shared/Qwen/mydisk/output/SYNTHETIC/NVILA-Lite-2B-SYNTHETIC_MIX_10PCT_80K-20260224_234537,obj1_closer,output/phasevar_5/0004_phA13_phB01.png,Is the red cube closer to the camera than the magenta sphere? Answer with yes or no.,No,Yes,27.375,27.171875,False
/data/shared/Qwen/mydisk/output/SYNTHETIC/NVILA-Lite-2B-SYNTHETIC_MIX_10PCT_80K-20260224_234537,obj1_closer,output/phasevar_5/0004_phA13_phB02.png,Is the red cube closer to the camera than the magenta sphere? Answer with yes or no.,No,Yes,28.203125,27.125,False
/data/shared/Qwen/mydisk/output/SYNTHETIC/NVILA-Lite-2B-SYNTHETIC_MIX_10PCT_80K-20260224_234537,obj1_closer,output/phasevar_5/0004_phA13_phB03.png,Is the red cube closer to the camera than the magenta sphere? Answer with yes or no.,No,Yes,27.40625,26.59375,False
/data/shared/Qwen/mydisk/output/SYNTHETIC/NVILA-Lite-2B-SYNTHETIC_MIX_10PCT_80K-20260224_234537,obj1_closer,output/phasevar_5/0004_phA13_phB04.png,Is the red cube closer to the camera than the magenta sphere? Answer with yes or no.,No,Yes,26.484375,25.671875,False
/data/shared/Qwen/mydisk/output/SYNTHETIC/NVILA-Lite-2B-SYNTHETIC_MIX_10PCT_80K-20260224_234537,obj1_closer,output/phasevar_5/0004_phA13_phB05.png,Is the red cube closer to the camera than the magenta sphere? Answer with yes or no.,No,No,26.359375,26.390625,True
/data/shared/Qwen/mydisk/output/SYNTHETIC/NVILA-Lite-2B-SYNTHETIC_MIX_10PCT_80K-20260224_234537,obj1_closer,output/phasevar_5/0004_phA13_phB06.png,Is the red cube closer to the camera than the magenta sphere? Answer with yes or no.,No,No,26.234375,27.1875,True
/data/shared/Qwen/mydisk/output/SYNTHETIC/NVILA-Lite-2B-SYNTHETIC_MIX_10PCT_80K-20260224_234537,obj1_closer,output/phasevar_5/0004_phA13_phB07.png,Is the red cube closer to the camera than the magenta sphere? Answer with yes or no.,No,No,25.5625,26.84375,True
/data/shared/Qwen/mydisk/output/SYNTHETIC/NVILA-Lite-2B-SYNTHETIC_MIX_10PCT_80K-20260224_234537,obj1_closer,output/phasevar_5/0004_phA13_phB08.png,Is the red cube closer to the camera than the magenta sphere? Answer with yes or no.,No,No,24.71875,26.03125,True
/data/shared/Qwen/mydisk/output/SYNTHETIC/NVILA-Lite-2B-SYNTHETIC_MIX_10PCT_80K-20260224_234537,obj1_closer,output/phasevar_5/0004_phA13_phB09.png,Is the red cube closer to the camera than the magenta sphere? Answer with yes or no.,No,No,24.5,26.0,True
/data/shared/Qwen/mydisk/output/SYNTHETIC/NVILA-Lite-2B-SYNTHETIC_MIX_10PCT_80K-20260224_234537,obj1_closer,output/phasevar_5/0004_phA13_phB10.png,Is the red cube closer to the camera than the magenta sphere? Answer with yes or no.,No,No,25.171875,26.71875,True
/data/shared/Qwen/mydisk/output/SYNTHETIC/NVILA-Lite-2B-SYNTHETIC_MIX_10PCT_80K-20260224_234537,obj1_closer,output/phasevar_5/0004_phA13_phB11.png,Is the red cube closer to the camera than the magenta sphere? Answer with yes or no.,No,No,24.921875,26.375,True
/data/shared/Qwen/mydisk/output/SYNTHETIC/NVILA-Lite-2B-SYNTHETIC_MIX_10PCT_80K-20260224_234537,obj1_closer,output/phasevar_5/0004_phA13_phB12.png,Is the red cube closer to the camera than the magenta sphere? Answer with yes or no.,No,No,25.359375,26.53125,True
/data/shared/Qwen/mydisk/output/SYNTHETIC/NVILA-Lite-2B-SYNTHETIC_MIX_10PCT_80K-20260224_234537,obj1_closer,output/phasevar_5/0004_phA13_phB13.png,Is the red cube closer to the camera than the magenta sphere? Answer with yes or no.,No,No,25.328125,26.46875,True
/data/shared/Qwen/mydisk/output/SYNTHETIC/NVILA-Lite-2B-SYNTHETIC_MIX_10PCT_80K-20260224_234537,obj1_closer,output/phasevar_5/0004_phA13_phB14.png,Is the red cube closer to the camera than the magenta sphere? Answer with yes or no.,No,No,25.875,26.640625,True
/data/shared/Qwen/mydisk/output/SYNTHETIC/NVILA-Lite-2B-SYNTHETIC_MIX_10PCT_80K-20260224_234537,obj1_closer,output/phasevar_5/0004_phA13_phB15.png,Is the red cube closer to the camera than the magenta sphere? Answer with yes or no.,No,No,26.203125,26.984375,True
/data/shared/Qwen/mydisk/output/SYNTHETIC/NVILA-Lite-2B-SYNTHETIC_MIX_10PCT_80K-20260224_234537,obj1_closer,output/phasevar_5/0004_phA14_phB00.png,Is the red cube closer to the camera than the magenta sphere? Answer with yes or no.,No,No,26.5,27.328125,True
/data/shared/Qwen/mydisk/output/SYNTHETIC/NVILA-Lite-2B-SYNTHETIC_MIX_10PCT_80K-20260224_234537,obj1_closer,output/phasevar_5/0004_phA14_phB01.png,Is the red cube closer to the camera than the magenta sphere? Answer with yes or no.,No,No,27.796875,27.84375,True
/data/shared/Qwen/mydisk/output/SYNTHETIC/NVILA-Lite-2B-SYNTHETIC_MIX_10PCT_80K-20260224_234537,obj1_closer,output/phasevar_5/0004_phA14_phB02.png,Is the red cube closer to the camera than the magenta sphere? Answer with yes or no.,No,Yes,28.40625,27.59375,False
/data/shared/Qwen/mydisk/output/SYNTHETIC/NVILA-Lite-2B-SYNTHETIC_MIX_10PCT_80K-20260224_234537,obj1_closer,output/phasevar_5/0004_phA14_phB03.png,Is the red cube closer to the camera than the magenta sphere? Answer with yes or no.,No,Yes,27.59375,27.21875,False
/data/shared/Qwen/mydisk/output/SYNTHETIC/NVILA-Lite-2B-SYNTHETIC_MIX_10PCT_80K-20260224_234537,obj1_closer,output/phasevar_5/0004_phA14_phB04.png,Is the red cube closer to the camera than the magenta sphere? Answer with yes or no.,No,Yes,26.8125,26.015625,False
/data/shared/Qwen/mydisk/output/SYNTHETIC/NVILA-Lite-2B-SYNTHETIC_MIX_10PCT_80K-20260224_234537,obj1_closer,output/phasevar_5/0004_phA14_phB05.png,Is the red cube closer to the camera than the magenta sphere? Answer with yes or no.,No,No,26.6875,26.6875,True
/data/shared/Qwen/mydisk/output/SYNTHETIC/NVILA-Lite-2B-SYNTHETIC_MIX_10PCT_80K-20260224_234537,obj1_closer,output/phasevar_5/0004_phA14_phB06.png,Is the red cube closer to the camera than the magenta sphere? Answer with yes or no.,No,No,26.828125,27.875,True
/data/shared/Qwen/mydisk/output/SYNTHETIC/NVILA-Lite-2B-SYNTHETIC_MIX_10PCT_80K-20260224_234537,obj1_closer,output/phasevar_5/0004_phA14_phB07.png,Is the red cube closer to the camera than the magenta sphere? Answer with yes or no.,No,No,26.296875,27.8125,True
/data/shared/Qwen/mydisk/output/SYNTHETIC/NVILA-Lite-2B-SYNTHETIC_MIX_10PCT_80K-20260224_234537,obj1_closer,output/phasevar_5/0004_phA14_phB08.png,Is the red cube closer to the camera than the magenta sphere? Answer with yes or no.,No,No,25.46875,26.84375,True
/data/shared/Qwen/mydisk/output/SYNTHETIC/NVILA-Lite-2B-SYNTHETIC_MIX_10PCT_80K-20260224_234537,obj1_closer,output/phasevar_5/0004_phA14_phB09.png,Is the red cube closer to the camera than the magenta sphere? Answer with yes or no.,No,No,24.921875,26.546875,True
/data/shared/Qwen/mydisk/output/SYNTHETIC/NVILA-Lite-2B-SYNTHETIC_MIX_10PCT_80K-20260224_234537,obj1_closer,output/phasevar_5/0004_phA14_phB10.png,Is the red cube closer to the camera than the magenta sphere? Answer with yes or no.,No,No,25.890625,27.859375,True
/data/shared/Qwen/mydisk/output/SYNTHETIC/NVILA-Lite-2B-SYNTHETIC_MIX_10PCT_80K-20260224_234537,obj1_closer,output/phasevar_5/0004_phA14_phB11.png,Is the red cube closer to the camera than the magenta sphere? Answer with yes or no.,No,No,25.421875,27.046875,True
/data/shared/Qwen/mydisk/output/SYNTHETIC/NVILA-Lite-2B-SYNTHETIC_MIX_10PCT_80K-20260224_234537,obj1_closer,output/phasevar_5/0004_phA14_phB12.png,Is the red cube closer to the camera than the magenta sphere? Answer with yes or no.,No,No,25.59375,27.0,True
/data/shared/Qwen/mydisk/output/SYNTHETIC/NVILA-Lite-2B-SYNTHETIC_MIX_10PCT_80K-20260224_234537,obj1_closer,output/phasevar_5/0004_phA14_phB13.png,Is the red cube closer to the camera than the magenta sphere? Answer with yes or no.,No,No,25.6875,27.34375,True
/data/shared/Qwen/mydisk/output/SYNTHETIC/NVILA-Lite-2B-SYNTHETIC_MIX_10PCT_80K-20260224_234537,obj1_closer,output/phasevar_5/0004_phA14_phB14.png,Is the red cube closer to the camera than the magenta sphere? Answer with yes or no.,No,No,26.484375,28.328125,True
/data/shared/Qwen/mydisk/output/SYNTHETIC/NVILA-Lite-2B-SYNTHETIC_MIX_10PCT_80K-20260224_234537,obj1_closer,output/phasevar_5/0004_phA14_phB15.png,Is the red cube closer to the camera than the magenta sphere? Answer with yes or no.,No,No,27.171875,28.59375,True
/data/shared/Qwen/mydisk/output/SYNTHETIC/NVILA-Lite-2B-SYNTHETIC_MIX_10PCT_80K-20260224_234537,obj1_closer,output/phasevar_5/0004_phA15_phB00.png,Is the red cube closer to the camera than the magenta sphere? Answer with yes or no.,No,No,25.953125,27.953125,True
/data/shared/Qwen/mydisk/output/SYNTHETIC/NVILA-Lite-2B-SYNTHETIC_MIX_10PCT_80K-20260224_234537,obj1_closer,output/phasevar_5/0004_phA15_phB01.png,Is the red cube closer to the camera than the magenta sphere? Answer with yes or no.,No,No,27.109375,28.453125,True
/data/shared/Qwen/mydisk/output/SYNTHETIC/NVILA-Lite-2B-SYNTHETIC_MIX_10PCT_80K-20260224_234537,obj1_closer,output/phasevar_5/0004_phA15_phB02.png,Is the red cube closer to the camera than the magenta sphere? Answer with yes or no.,No,No,27.734375,28.0,True
/data/shared/Qwen/mydisk/output/SYNTHETIC/NVILA-Lite-2B-SYNTHETIC_MIX_10PCT_80K-20260224_234537,obj1_closer,output/phasevar_5/0004_phA15_phB03.png,Is the red cube closer to the camera than the magenta sphere? Answer with yes or no.,No,No,27.046875,27.578125,True
/data/shared/Qwen/mydisk/output/SYNTHETIC/NVILA-Lite-2B-SYNTHETIC_MIX_10PCT_80K-20260224_234537,obj1_closer,output/phasevar_5/0004_phA15_phB04.png,Is the red cube closer to the camera than the magenta sphere? Answer with yes or no.,No,No,26.609375,26.609375,True
/data/shared/Qwen/mydisk/output/SYNTHETIC/NVILA-Lite-2B-SYNTHETIC_MIX_10PCT_80K-20260224_234537,obj1_closer,output/phasevar_5/0004_phA15_phB05.png,Is the red cube closer to the camera than the magenta sphere? Answer with yes or no.,No,No,26.21875,27.046875,True
/data/shared/Qwen/mydisk/output/SYNTHETIC/NVILA-Lite-2B-SYNTHETIC_MIX_10PCT_80K-20260224_234537,obj1_closer,output/phasevar_5/0004_phA15_phB06.png,Is the red cube closer to the camera than the magenta sphere? Answer with yes or no.,No,No,26.296875,27.921875,True
/data/shared/Qwen/mydisk/output/SYNTHETIC/NVILA-Lite-2B-SYNTHETIC_MIX_10PCT_80K-20260224_234537,obj1_closer,output/phasevar_5/0004_phA15_phB07.png,Is the red cube closer to the camera than the magenta sphere? Answer with yes or no.,No,No,25.875,27.953125,True
/data/shared/Qwen/mydisk/output/SYNTHETIC/NVILA-Lite-2B-SYNTHETIC_MIX_10PCT_80K-20260224_234537,obj1_closer,output/phasevar_5/0004_phA15_phB08.png,Is the red cube closer to the camera than the magenta sphere? Answer with yes or no.,No,No,25.109375,27.1875,True
/data/shared/Qwen/mydisk/output/SYNTHETIC/NVILA-Lite-2B-SYNTHETIC_MIX_10PCT_80K-20260224_234537,obj1_closer,output/phasevar_5/0004_phA15_phB09.png,Is the red cube closer to the camera than the magenta sphere? Answer with yes or no.,No,No,24.96875,27.0,True
/data/shared/Qwen/mydisk/output/SYNTHETIC/NVILA-Lite-2B-SYNTHETIC_MIX_10PCT_80K-20260224_234537,obj1_closer,output/phasevar_5/0004_phA15_phB10.png,Is the red cube closer to the camera than the magenta sphere? Answer with yes or no.,No,No,25.359375,27.234375,True
/data/shared/Qwen/mydisk/output/SYNTHETIC/NVILA-Lite-2B-SYNTHETIC_MIX_10PCT_80K-20260224_234537,obj1_closer,output/phasevar_5/0004_phA15_phB11.png,Is the red cube closer to the camera than the magenta sphere? Answer with yes or no.,No,No,25.375,26.96875,True
/data/shared/Qwen/mydisk/output/SYNTHETIC/NVILA-Lite-2B-SYNTHETIC_MIX_10PCT_80K-20260224_234537,obj1_closer,output/phasevar_5/0004_phA15_phB12.png,Is the red cube closer to the camera than the magenta sphere? Answer with yes or no.,No,No,25.390625,26.703125,True
/data/shared/Qwen/mydisk/output/SYNTHETIC/NVILA-Lite-2B-SYNTHETIC_MIX_10PCT_80K-20260224_234537,obj1_closer,output/phasevar_5/0004_phA15_phB13.png,Is the red cube closer to the camera than the magenta sphere? Answer with yes or no.,No,No,25.28125,26.96875,True
/data/shared/Qwen/mydisk/output/SYNTHETIC/NVILA-Lite-2B-SYNTHETIC_MIX_10PCT_80K-20260224_234537,obj1_closer,output/phasevar_5/0004_phA15_phB14.png,Is the red cube closer to the camera than the magenta sphere? Answer with yes or no.,No,No,25.828125,27.828125,True
/data/shared/Qwen/mydisk/output/SYNTHETIC/NVILA-Lite-2B-SYNTHETIC_MIX_10PCT_80K-20260224_234537,obj1_closer,output/phasevar_5/0004_phA15_phB15.png,Is the red cube closer to the camera than the magenta sphere? Answer with yes or no.,No,No,26.109375,28.59375,True
/data/shared/Qwen/mydisk/output/SYNTHETIC/NVILA-Lite-2B-SYNTHETIC_MIX_10PCT_80K-20260224_234537,obj1_closer,output/phasevar_5/0005_phA00_phB00.png,Is the magenta sphere closer to the camera than the cyan cube? Answer with yes or no.,No,No,25.625,28.0625,True
/data/shared/Qwen/mydisk/output/SYNTHETIC/NVILA-Lite-2B-SYNTHETIC_MIX_10PCT_80K-20260224_234537,obj1_closer,output/phasevar_5/0005_phA00_phB01.png,Is the magenta sphere closer to the camera than the cyan cube? Answer with yes or no.,No,No,26.875,28.453125,True
/data/shared/Qwen/mydisk/output/SYNTHETIC/NVILA-Lite-2B-SYNTHETIC_MIX_10PCT_80K-20260224_234537,obj1_closer,output/phasevar_5/0005_phA00_phB02.png,Is the magenta sphere closer to the camera than the cyan cube? Answer with yes or no.,No,No,26.8125,28.078125,True
/data/shared/Qwen/mydisk/output/SYNTHETIC/NVILA-Lite-2B-SYNTHETIC_MIX_10PCT_80K-20260224_234537,obj1_closer,output/phasevar_5/0005_phA00_phB03.png,Is the magenta sphere closer to the camera than the cyan cube? Answer with yes or no.,No,No,26.546875,27.28125,True
/data/shared/Qwen/mydisk/output/SYNTHETIC/NVILA-Lite-2B-SYNTHETIC_MIX_10PCT_80K-20260224_234537,obj1_closer,output/phasevar_5/0005_phA00_phB04.png,Is the magenta sphere closer to the camera than the cyan cube? Answer with yes or no.,No,No,26.5,27.046875,True
/data/shared/Qwen/mydisk/output/SYNTHETIC/NVILA-Lite-2B-SYNTHETIC_MIX_10PCT_80K-20260224_234537,obj1_closer,output/phasevar_5/0005_phA00_phB05.png,Is the magenta sphere closer to the camera than the cyan cube? Answer with yes or no.,No,No,25.921875,27.046875,True
/data/shared/Qwen/mydisk/output/SYNTHETIC/NVILA-Lite-2B-SYNTHETIC_MIX_10PCT_80K-20260224_234537,obj1_closer,output/phasevar_5/0005_phA00_phB06.png,Is the magenta sphere closer to the camera than the cyan cube? Answer with yes or no.,No,No,26.421875,27.59375,True
/data/shared/Qwen/mydisk/output/SYNTHETIC/NVILA-Lite-2B-SYNTHETIC_MIX_10PCT_80K-20260224_234537,obj1_closer,output/phasevar_5/0005_phA00_phB07.png,Is the magenta sphere closer to the camera than the cyan cube? Answer with yes or no.,No,No,25.890625,27.984375,True
/data/shared/Qwen/mydisk/output/SYNTHETIC/NVILA-Lite-2B-SYNTHETIC_MIX_10PCT_80K-20260224_234537,obj1_closer,output/phasevar_5/0005_phA00_phB08.png,Is the magenta sphere closer to the camera than the cyan cube? Answer with yes or no.,No,No,25.25,27.09375,True
/data/shared/Qwen/mydisk/output/SYNTHETIC/NVILA-Lite-2B-SYNTHETIC_MIX_10PCT_80K-20260224_234537,obj1_closer,output/phasevar_5/0005_phA00_phB09.png,Is the magenta sphere closer to the camera than the cyan cube? Answer with yes or no.,No,No,24.796875,26.125,True
/data/shared/Qwen/mydisk/output/SYNTHETIC/NVILA-Lite-2B-SYNTHETIC_MIX_10PCT_80K-20260224_234537,obj1_closer,output/phasevar_5/0005_phA00_phB10.png,Is the magenta sphere closer to the camera than the cyan cube? Answer with yes or no.,No,No,25.28125,26.59375,True
/data/shared/Qwen/mydisk/output/SYNTHETIC/NVILA-Lite-2B-SYNTHETIC_MIX_10PCT_80K-20260224_234537,obj1_closer,output/phasevar_5/0005_phA00_phB11.png,Is the magenta sphere closer to the camera than the cyan cube? Answer with yes or no.,No,No,24.921875,26.25,True
/data/shared/Qwen/mydisk/output/SYNTHETIC/NVILA-Lite-2B-SYNTHETIC_MIX_10PCT_80K-20260224_234537,obj1_closer,output/phasevar_5/0005_phA00_phB12.png,Is the magenta sphere closer to the camera than the cyan cube? Answer with yes or no.,No,No,24.875,26.03125,True
/data/shared/Qwen/mydisk/output/SYNTHETIC/NVILA-Lite-2B-SYNTHETIC_MIX_10PCT_80K-20260224_234537,obj1_closer,output/phasevar_5/0005_phA00_phB13.png,Is the magenta sphere closer to the camera than the cyan cube? Answer with yes or no.,No,No,24.625,26.203125,True
/data/shared/Qwen/mydisk/output/SYNTHETIC/NVILA-Lite-2B-SYNTHETIC_MIX_10PCT_80K-20260224_234537,obj1_closer,output/phasevar_5/0005_phA00_phB14.png,Is the magenta sphere closer to the camera than the cyan cube? Answer with yes or no.,No,No,24.71875,26.65625,True
/data/shared/Qwen/mydisk/output/SYNTHETIC/NVILA-Lite-2B-SYNTHETIC_MIX_10PCT_80K-20260224_234537,obj1_closer,output/phasevar_5/0005_phA00_phB15.png,Is the magenta sphere closer to the camera than the cyan cube? Answer with yes or no.,No,No,24.921875,27.390625,True
/data/shared/Qwen/mydisk/output/SYNTHETIC/NVILA-Lite-2B-SYNTHETIC_MIX_10PCT_80K-20260224_234537,obj1_closer,output/phasevar_5/0005_phA01_phB00.png,Is the magenta sphere closer to the camera than the cyan cube? Answer with yes or no.,No,No,25.25,27.421875,True
/data/shared/Qwen/mydisk/output/SYNTHETIC/NVILA-Lite-2B-SYNTHETIC_MIX_10PCT_80K-20260224_234537,obj1_closer,output/phasevar_5/0005_phA01_phB01.png,Is the magenta sphere closer to the camera than the cyan cube? Answer with yes or no.,No,No,26.53125,28.1875,True
/data/shared/Qwen/mydisk/output/SYNTHETIC/NVILA-Lite-2B-SYNTHETIC_MIX_10PCT_80K-20260224_234537,obj1_closer,output/phasevar_5/0005_phA01_phB02.png,Is the magenta sphere closer to the camera than the cyan cube? Answer with yes or no.,No,No,26.640625,27.75,True
/data/shared/Qwen/mydisk/output/SYNTHETIC/NVILA-Lite-2B-SYNTHETIC_MIX_10PCT_80K-20260224_234537,obj1_closer,output/phasevar_5/0005_phA01_phB03.png,Is the magenta sphere closer to the camera than the cyan cube? Answer with yes or no.,No,No,26.28125,27.265625,True
/data/shared/Qwen/mydisk/output/SYNTHETIC/NVILA-Lite-2B-SYNTHETIC_MIX_10PCT_80K-20260224_234537,obj1_closer,output/phasevar_5/0005_phA01_phB04.png,Is the magenta sphere closer to the camera than the cyan cube? Answer with yes or no.,No,No,26.28125,27.34375,True
/data/shared/Qwen/mydisk/output/SYNTHETIC/NVILA-Lite-2B-SYNTHETIC_MIX_10PCT_80K-20260224_234537,obj1_closer,output/phasevar_5/0005_phA01_phB05.png,Is the magenta sphere closer to the camera than the cyan cube? Answer with yes or no.,No,No,25.734375,27.078125,True
/data/shared/Qwen/mydisk/output/SYNTHETIC/NVILA-Lite-2B-SYNTHETIC_MIX_10PCT_80K-20260224_234537,obj1_closer,output/phasevar_5/0005_phA01_phB06.png,Is the magenta sphere closer to the camera than the cyan cube? Answer with yes or no.,No,No,26.265625,27.359375,True
/data/shared/Qwen/mydisk/output/SYNTHETIC/NVILA-Lite-2B-SYNTHETIC_MIX_10PCT_80K-20260224_234537,obj1_closer,output/phasevar_5/0005_phA01_phB07.png,Is the magenta sphere closer to the camera than the cyan cube? Answer with yes or no.,No,No,25.65625,27.640625,True
/data/shared/Qwen/mydisk/output/SYNTHETIC/NVILA-Lite-2B-SYNTHETIC_MIX_10PCT_80K-20260224_234537,obj1_closer,output/phasevar_5/0005_phA01_phB08.png,Is the magenta sphere closer to the camera than the cyan cube? Answer with yes or no.,No,No,25.265625,26.71875,True
/data/shared/Qwen/mydisk/output/SYNTHETIC/NVILA-Lite-2B-SYNTHETIC_MIX_10PCT_80K-20260224_234537,obj1_closer,output/phasevar_5/0005_phA01_phB09.png,Is the magenta sphere closer to the camera than the cyan cube? Answer with yes or no.,No,No,24.984375,25.96875,True
/data/shared/Qwen/mydisk/output/SYNTHETIC/NVILA-Lite-2B-SYNTHETIC_MIX_10PCT_80K-20260224_234537,obj1_closer,output/phasevar_5/0005_phA01_phB10.png,Is the magenta sphere closer to the camera than the cyan cube? Answer with yes or no.,No,No,25.390625,26.25,True
/data/shared/Qwen/mydisk/output/SYNTHETIC/NVILA-Lite-2B-SYNTHETIC_MIX_10PCT_80K-20260224_234537,obj1_closer,output/phasevar_5/0005_phA01_phB11.png,Is the magenta sphere closer to the camera than the cyan cube? Answer with yes or no.,No,No,25.171875,26.0,True
/data/shared/Qwen/mydisk/output/SYNTHETIC/NVILA-Lite-2B-SYNTHETIC_MIX_10PCT_80K-20260224_234537,obj1_closer,output/phasevar_5/0005_phA01_phB12.png,Is the magenta sphere closer to the camera than the cyan cube? Answer with yes or no.,No,No,25.0625,25.796875,True
/data/shared/Qwen/mydisk/output/SYNTHETIC/NVILA-Lite-2B-SYNTHETIC_MIX_10PCT_80K-20260224_234537,obj1_closer,output/phasevar_5/0005_phA01_phB13.png,Is the magenta sphere closer to the camera than the cyan cube? Answer with yes or no.,No,No,24.8125,25.828125,True
/data/shared/Qwen/mydisk/output/SYNTHETIC/NVILA-Lite-2B-SYNTHETIC_MIX_10PCT_80K-20260224_234537,obj1_closer,output/phasevar_5/0005_phA01_phB14.png,Is the magenta sphere closer to the camera than the cyan cube? Answer with yes or no.,No,No,24.9375,26.421875,True
/data/shared/Qwen/mydisk/output/SYNTHETIC/NVILA-Lite-2B-SYNTHETIC_MIX_10PCT_80K-20260224_234537,obj1_closer,output/phasevar_5/0005_phA01_phB15.png,Is the magenta sphere closer to the camera than the cyan cube? Answer with yes or no.,No,No,24.875,26.984375,True
/data/shared/Qwen/mydisk/output/SYNTHETIC/NVILA-Lite-2B-SYNTHETIC_MIX_10PCT_80K-20260224_234537,obj1_closer,output/phasevar_5/0005_phA02_phB00.png,Is the magenta sphere closer to the camera than the cyan cube? Answer with yes or no.,No,No,24.765625,26.71875,True
/data/shared/Qwen/mydisk/output/SYNTHETIC/NVILA-Lite-2B-SYNTHETIC_MIX_10PCT_80K-20260224_234537,obj1_closer,output/phasevar_5/0005_phA02_phB01.png,Is the magenta sphere closer to the camera than the cyan cube? Answer with yes or no.,No,No,26.046875,28.046875,True
/data/shared/Qwen/mydisk/output/SYNTHETIC/NVILA-Lite-2B-SYNTHETIC_MIX_10PCT_80K-20260224_234537,obj1_closer,output/phasevar_5/0005_phA02_phB02.png,Is the magenta sphere closer to the camera than the cyan cube? Answer with yes or no.,No,No,26.328125,28.09375,True
/data/shared/Qwen/mydisk/output/SYNTHETIC/NVILA-Lite-2B-SYNTHETIC_MIX_10PCT_80K-20260224_234537,obj1_closer,output/phasevar_5/0005_phA02_phB03.png,Is the magenta sphere closer to the camera than the cyan cube? Answer with yes or no.,No,No,25.78125,27.59375,True
/data/shared/Qwen/mydisk/output/SYNTHETIC/NVILA-Lite-2B-SYNTHETIC_MIX_10PCT_80K-20260224_234537,obj1_closer,output/phasevar_5/0005_phA02_phB04.png,Is the magenta sphere closer to the camera than the cyan cube? Answer with yes or no.,No,No,25.671875,27.59375,True
/data/shared/Qwen/mydisk/output/SYNTHETIC/NVILA-Lite-2B-SYNTHETIC_MIX_10PCT_80K-20260224_234537,obj1_closer,output/phasevar_5/0005_phA02_phB05.png,Is the magenta sphere closer to the camera than the cyan cube? Answer with yes or no.,No,No,25.125,26.84375,True
/data/shared/Qwen/mydisk/output/SYNTHETIC/NVILA-Lite-2B-SYNTHETIC_MIX_10PCT_80K-20260224_234537,obj1_closer,output/phasevar_5/0005_phA02_phB06.png,Is the magenta sphere closer to the camera than the cyan cube? Answer with yes or no.,No,No,25.96875,27.390625,True
/data/shared/Qwen/mydisk/output/SYNTHETIC/NVILA-Lite-2B-SYNTHETIC_MIX_10PCT_80K-20260224_234537,obj1_closer,output/phasevar_5/0005_phA02_phB07.png,Is the magenta sphere closer to the camera than the cyan cube? Answer with yes or no.,No,No,25.546875,27.328125,True
/data/shared/Qwen/mydisk/output/SYNTHETIC/NVILA-Lite-2B-SYNTHETIC_MIX_10PCT_80K-20260224_234537,obj1_closer,output/phasevar_5/0005_phA02_phB08.png,Is the magenta sphere closer to the camera than the cyan cube? Answer with yes or no.,No,No,25.71875,26.28125,True
/data/shared/Qwen/mydisk/output/SYNTHETIC/NVILA-Lite-2B-SYNTHETIC_MIX_10PCT_80K-20260224_234537,obj1_closer,output/phasevar_5/0005_phA02_phB09.png,Is the magenta sphere closer to the camera than the cyan cube? Answer with yes or no.,No,No,25.8125,26.078125,True
/data/shared/Qwen/mydisk/output/SYNTHETIC/NVILA-Lite-2B-SYNTHETIC_MIX_10PCT_80K-20260224_234537,obj1_closer,output/phasevar_5/0005_phA02_phB10.png,Is the magenta sphere closer to the camera than the cyan cube? Answer with yes or no.,No,No,25.984375,26.578125,True
/data/shared/Qwen/mydisk/output/SYNTHETIC/NVILA-Lite-2B-SYNTHETIC_MIX_10PCT_80K-20260224_234537,obj1_closer,output/phasevar_5/0005_phA02_phB11.png,Is the magenta sphere closer to the camera than the cyan cube? Answer with yes or no.,No,No,25.90625,26.4375,True
/data/shared/Qwen/mydisk/output/SYNTHETIC/NVILA-Lite-2B-SYNTHETIC_MIX_10PCT_80K-20260224_234537,obj1_closer,output/phasevar_5/0005_phA02_phB12.png,Is the magenta sphere closer to the camera than the cyan cube? Answer with yes or no.,No,No,25.8125,26.390625,True
/data/shared/Qwen/mydisk/output/SYNTHETIC/NVILA-Lite-2B-SYNTHETIC_MIX_10PCT_80K-20260224_234537,obj1_closer,output/phasevar_5/0005_phA02_phB13.png,Is the magenta sphere closer to the camera than the cyan cube? Answer with yes or no.,No,No,25.0,26.078125,True
/data/shared/Qwen/mydisk/output/SYNTHETIC/NVILA-Lite-2B-SYNTHETIC_MIX_10PCT_80K-20260224_234537,obj1_closer,output/phasevar_5/0005_phA02_phB14.png,Is the magenta sphere closer to the camera than the cyan cube? Answer with yes or no.,No,No,24.703125,26.203125,True
/data/shared/Qwen/mydisk/output/SYNTHETIC/NVILA-Lite-2B-SYNTHETIC_MIX_10PCT_80K-20260224_234537,obj1_closer,output/phasevar_5/0005_phA02_phB15.png,Is the magenta sphere closer to the camera than the cyan cube? Answer with yes or no.,No,No,24.359375,26.203125,True
/data/shared/Qwen/mydisk/output/SYNTHETIC/NVILA-Lite-2B-SYNTHETIC_MIX_10PCT_80K-20260224_234537,obj1_closer,output/phasevar_5/0005_phA03_phB00.png,Is the magenta sphere closer to the camera than the cyan cube? Answer with yes or no.,No,No,24.8125,26.640625,True
/data/shared/Qwen/mydisk/output/SYNTHETIC/NVILA-Lite-2B-SYNTHETIC_MIX_10PCT_80K-20260224_234537,obj1_closer,output/phasevar_5/0005_phA03_phB01.png,Is the magenta sphere closer to the camera than the cyan cube? Answer with yes or no.,No,No,25.796875,27.6875,True
/data/shared/Qwen/mydisk/output/SYNTHETIC/NVILA-Lite-2B-SYNTHETIC_MIX_10PCT_80K-20260224_234537,obj1_closer,output/phasevar_5/0005_phA03_phB02.png,Is the magenta sphere closer to the camera than the cyan cube? Answer with yes or no.,No,No,26.015625,27.5625,True
/data/shared/Qwen/mydisk/output/SYNTHETIC/NVILA-Lite-2B-SYNTHETIC_MIX_10PCT_80K-20260224_234537,obj1_closer,output/phasevar_5/0005_phA03_phB03.png,Is the magenta sphere closer to the camera than the cyan cube? Answer with yes or no.,No,No,25.328125,27.015625,True
/data/shared/Qwen/mydisk/output/SYNTHETIC/NVILA-Lite-2B-SYNTHETIC_MIX_10PCT_80K-20260224_234537,obj1_closer,output/phasevar_5/0005_phA03_phB04.png,Is the magenta sphere closer to the camera than the cyan cube? Answer with yes or no.,No,No,25.296875,27.34375,True
/data/shared/Qwen/mydisk/output/SYNTHETIC/NVILA-Lite-2B-SYNTHETIC_MIX_10PCT_80K-20260224_234537,obj1_closer,output/phasevar_5/0005_phA03_phB05.png,Is the magenta sphere closer to the camera than the cyan cube? Answer with yes or no.,No,No,25.140625,27.0625,True
/data/shared/Qwen/mydisk/output/SYNTHETIC/NVILA-Lite-2B-SYNTHETIC_MIX_10PCT_80K-20260224_234537,obj1_closer,output/phasevar_5/0005_phA03_phB06.png,Is the magenta sphere closer to the camera than the cyan cube? Answer with yes or no.,No,No,25.65625,27.140625,True
/data/shared/Qwen/mydisk/output/SYNTHETIC/NVILA-Lite-2B-SYNTHETIC_MIX_10PCT_80K-20260224_234537,obj1_closer,output/phasevar_5/0005_phA03_phB07.png,Is the magenta sphere closer to the camera than the cyan cube? Answer with yes or no.,No,No,25.125,27.15625,True
/data/shared/Qwen/mydisk/output/SYNTHETIC/NVILA-Lite-2B-SYNTHETIC_MIX_10PCT_80K-20260224_234537,obj1_closer,output/phasevar_5/0005_phA03_phB08.png,Is the magenta sphere closer to the camera than the cyan cube? Answer with yes or no.,No,No,24.890625,26.09375,True
/data/shared/Qwen/mydisk/output/SYNTHETIC/NVILA-Lite-2B-SYNTHETIC_MIX_10PCT_80K-20260224_234537,obj1_closer,output/phasevar_5/0005_phA03_phB09.png,Is the magenta sphere closer to the camera than the cyan cube? Answer with yes or no.,No,No,24.6875,25.59375,True
/data/shared/Qwen/mydisk/output/SYNTHETIC/NVILA-Lite-2B-SYNTHETIC_MIX_10PCT_80K-20260224_234537,obj1_closer,output/phasevar_5/0005_phA03_phB10.png,Is the magenta sphere closer to the camera than the cyan cube? Answer with yes or no.,No,No,24.953125,25.859375,True
/data/shared/Qwen/mydisk/output/SYNTHETIC/NVILA-Lite-2B-SYNTHETIC_MIX_10PCT_80K-20260224_234537,obj1_closer,output/phasevar_5/0005_phA03_phB11.png,Is the magenta sphere closer to the camera than the cyan cube? Answer with yes or no.,No,No,24.640625,25.515625,True
/data/shared/Qwen/mydisk/output/SYNTHETIC/NVILA-Lite-2B-SYNTHETIC_MIX_10PCT_80K-20260224_234537,obj1_closer,output/phasevar_5/0005_phA03_phB12.png,Is the magenta sphere closer to the camera than the cyan cube? Answer with yes or no.,No,No,24.59375,25.40625,True
/data/shared/Qwen/mydisk/output/SYNTHETIC/NVILA-Lite-2B-SYNTHETIC_MIX_10PCT_80K-20260224_234537,obj1_closer,output/phasevar_5/0005_phA03_phB13.png,Is the magenta sphere closer to the camera than the cyan cube? Answer with yes or no.,No,No,24.21875,25.328125,True
/data/shared/Qwen/mydisk/output/SYNTHETIC/NVILA-Lite-2B-SYNTHETIC_MIX_10PCT_80K-20260224_234537,obj1_closer,output/phasevar_5/0005_phA03_phB14.png,Is the magenta sphere closer to the camera than the cyan cube? Answer with yes or no.,No,No,24.359375,25.671875,True
/data/shared/Qwen/mydisk/output/SYNTHETIC/NVILA-Lite-2B-SYNTHETIC_MIX_10PCT_80K-20260224_234537,obj1_closer,output/phasevar_5/0005_phA03_phB15.png,Is the magenta sphere closer to the camera than the cyan cube? Answer with yes or no.,No,No,24.28125,26.015625,True
/data/shared/Qwen/mydisk/output/SYNTHETIC/NVILA-Lite-2B-SYNTHETIC_MIX_10PCT_80K-20260224_234537,obj1_closer,output/phasevar_5/0005_phA04_phB00.png,Is the magenta sphere closer to the camera than the cyan cube? Answer with yes or no.,No,No,24.578125,26.296875,True
/data/shared/Qwen/mydisk/output/SYNTHETIC/NVILA-Lite-2B-SYNTHETIC_MIX_10PCT_80K-20260224_234537,obj1_closer,output/phasevar_5/0005_phA04_phB01.png,Is the magenta sphere closer to the camera than the cyan cube? Answer with yes or no.,No,No,25.484375,27.046875,True
/data/shared/Qwen/mydisk/output/SYNTHETIC/NVILA-Lite-2B-SYNTHETIC_MIX_10PCT_80K-20260224_234537,obj1_closer,output/phasevar_5/0005_phA04_phB02.png,Is the magenta sphere closer to the camera than the cyan cube? Answer with yes or no.,No,No,25.890625,27.328125,True
/data/shared/Qwen/mydisk/output/SYNTHETIC/NVILA-Lite-2B-SYNTHETIC_MIX_10PCT_80K-20260224_234537,obj1_closer,output/phasevar_5/0005_phA04_phB03.png,Is the magenta sphere closer to the camera than the cyan cube? Answer with yes or no.,No,No,24.984375,26.53125,True
/data/shared/Qwen/mydisk/output/SYNTHETIC/NVILA-Lite-2B-SYNTHETIC_MIX_10PCT_80K-20260224_234537,obj1_closer,output/phasevar_5/0005_phA04_phB04.png,Is the magenta sphere closer to the camera than the cyan cube? Answer with yes or no.,No,No,24.9375,26.828125,True
/data/shared/Qwen/mydisk/output/SYNTHETIC/NVILA-Lite-2B-SYNTHETIC_MIX_10PCT_80K-20260224_234537,obj1_closer,output/phasevar_5/0005_phA04_phB05.png,Is the magenta sphere closer to the camera than the cyan cube? Answer with yes or no.,No,No,25.0,27.03125,True
/data/shared/Qwen/mydisk/output/SYNTHETIC/NVILA-Lite-2B-SYNTHETIC_MIX_10PCT_80K-20260224_234537,obj1_closer,output/phasevar_5/0005_phA04_phB06.png,Is the magenta sphere closer to the camera than the cyan cube? Answer with yes or no.,No,No,25.390625,26.9375,True
/data/shared/Qwen/mydisk/output/SYNTHETIC/NVILA-Lite-2B-SYNTHETIC_MIX_10PCT_80K-20260224_234537,obj1_closer,output/phasevar_5/0005_phA04_phB07.png,Is the magenta sphere closer to the camera than the cyan cube? Answer with yes or no.,No,No,24.921875,26.90625,True
/data/shared/Qwen/mydisk/output/SYNTHETIC/NVILA-Lite-2B-SYNTHETIC_MIX_10PCT_80K-20260224_234537,obj1_closer,output/phasevar_5/0005_phA04_phB08.png,Is the magenta sphere closer to the camera than the cyan cube? Answer with yes or no.,No,No,24.484375,25.65625,True
/data/shared/Qwen/mydisk/output/SYNTHETIC/NVILA-Lite-2B-SYNTHETIC_MIX_10PCT_80K-20260224_234537,obj1_closer,output/phasevar_5/0005_phA04_phB09.png,Is the magenta sphere closer to the camera than the cyan cube? Answer with yes or no.,No,No,24.203125,25.140625,True
/data/shared/Qwen/mydisk/output/SYNTHETIC/NVILA-Lite-2B-SYNTHETIC_MIX_10PCT_80K-20260224_234537,obj1_closer,output/phasevar_5/0005_phA04_phB10.png,Is the magenta sphere closer to the camera than the cyan cube? Answer with yes or no.,No,No,24.390625,25.5,True
/data/shared/Qwen/mydisk/output/SYNTHETIC/NVILA-Lite-2B-SYNTHETIC_MIX_10PCT_80K-20260224_234537,obj1_closer,output/phasevar_5/0005_phA04_phB11.png,Is the magenta sphere closer to the camera than the cyan cube? Answer with yes or no.,No,No,23.90625,24.9375,True
/data/shared/Qwen/mydisk/output/SYNTHETIC/NVILA-Lite-2B-SYNTHETIC_MIX_10PCT_80K-20260224_234537,obj1_closer,output/phasevar_5/0005_phA04_phB12.png,Is the magenta sphere closer to the camera than the cyan cube? Answer with yes or no.,No,No,24.109375,24.890625,True
/data/shared/Qwen/mydisk/output/SYNTHETIC/NVILA-Lite-2B-SYNTHETIC_MIX_10PCT_80K-20260224_234537,obj1_closer,output/phasevar_5/0005_phA04_phB13.png,Is the magenta sphere closer to the camera than the cyan cube? Answer with yes or no.,No,No,24.0,25.109375,True
/data/shared/Qwen/mydisk/output/SYNTHETIC/NVILA-Lite-2B-SYNTHETIC_MIX_10PCT_80K-20260224_234537,obj1_closer,output/phasevar_5/0005_phA04_phB14.png,Is the magenta sphere closer to the camera than the cyan cube? Answer with yes or no.,No,No,24.25,25.609375,True
/data/shared/Qwen/mydisk/output/SYNTHETIC/NVILA-Lite-2B-SYNTHETIC_MIX_10PCT_80K-20260224_234537,obj1_closer,output/phasevar_5/0005_phA04_phB15.png,Is the magenta sphere closer to the camera than the cyan cube? Answer with yes or no.,No,No,23.984375,25.59375,True
/data/shared/Qwen/mydisk/output/SYNTHETIC/NVILA-Lite-2B-SYNTHETIC_MIX_10PCT_80K-20260224_234537,obj1_closer,output/phasevar_5/0005_phA05_phB00.png,Is the magenta sphere closer to the camera than the cyan cube? Answer with yes or no.,No,No,24.75,26.28125,True
/data/shared/Qwen/mydisk/output/SYNTHETIC/NVILA-Lite-2B-SYNTHETIC_MIX_10PCT_80K-20260224_234537,obj1_closer,output/phasevar_5/0005_phA05_phB01.png,Is the magenta sphere closer to the camera than the cyan cube? Answer with yes or no.,No,No,25.578125,27.015625,True
/data/shared/Qwen/mydisk/output/SYNTHETIC/NVILA-Lite-2B-SYNTHETIC_MIX_10PCT_80K-20260224_234537,obj1_closer,output/phasevar_5/0005_phA05_phB02.png,Is the magenta sphere closer to the camera than the cyan cube? Answer with yes or no.,No,No,26.09375,27.3125,True
/data/shared/Qwen/mydisk/output/SYNTHETIC/NVILA-Lite-2B-SYNTHETIC_MIX_10PCT_80K-20260224_234537,obj1_closer,output/phasevar_5/0005_phA05_phB03.png,Is the magenta sphere closer to the camera than the cyan cube? Answer with yes or no.,No,No,25.0625,26.296875,True
/data/shared/Qwen/mydisk/output/SYNTHETIC/NVILA-Lite-2B-SYNTHETIC_MIX_10PCT_80K-20260224_234537,obj1_closer,output/phasevar_5/0005_phA05_phB04.png,Is the magenta sphere closer to the camera than the cyan cube? Answer with yes or no.,No,No,24.890625,26.359375,True
/data/shared/Qwen/mydisk/output/SYNTHETIC/NVILA-Lite-2B-SYNTHETIC_MIX_10PCT_80K-20260224_234537,obj1_closer,output/phasevar_5/0005_phA05_phB05.png,Is the magenta sphere closer to the camera than the cyan cube? Answer with yes or no.,No,No,24.921875,26.78125,True
/data/shared/Qwen/mydisk/output/SYNTHETIC/NVILA-Lite-2B-SYNTHETIC_MIX_10PCT_80K-20260224_234537,obj1_closer,output/phasevar_5/0005_phA05_phB06.png,Is the magenta sphere closer to the camera than the cyan cube? Answer with yes or no.,No,No,25.28125,26.59375,True
/data/shared/Qwen/mydisk/output/SYNTHETIC/NVILA-Lite-2B-SYNTHETIC_MIX_10PCT_80K-20260224_234537,obj1_closer,output/phasevar_5/0005_phA05_phB07.png,Is the magenta sphere closer to the camera than the cyan cube? Answer with yes or no.,No,No,24.96875,26.8125,True
/data/shared/Qwen/mydisk/output/SYNTHETIC/NVILA-Lite-2B-SYNTHETIC_MIX_10PCT_80K-20260224_234537,obj1_closer,output/phasevar_5/0005_phA05_phB08.png,Is the magenta sphere closer to the camera than the cyan cube? Answer with yes or no.,No,No,24.484375,25.625,True
/data/shared/Qwen/mydisk/output/SYNTHETIC/NVILA-Lite-2B-SYNTHETIC_MIX_10PCT_80K-20260224_234537,obj1_closer,output/phasevar_5/0005_phA05_phB09.png,Is the magenta sphere closer to the camera than the cyan cube? Answer with yes or no.,No,No,24.234375,25.265625,True
/data/shared/Qwen/mydisk/output/SYNTHETIC/NVILA-Lite-2B-SYNTHETIC_MIX_10PCT_80K-20260224_234537,obj1_closer,output/phasevar_5/0005_phA05_phB10.png,Is the magenta sphere closer to the camera than the cyan cube? Answer with yes or no.,No,No,24.515625,25.625,True
/data/shared/Qwen/mydisk/output/SYNTHETIC/NVILA-Lite-2B-SYNTHETIC_MIX_10PCT_80K-20260224_234537,obj1_closer,output/phasevar_5/0005_phA05_phB11.png,Is the magenta sphere closer to the camera than the cyan cube? Answer with yes or no.,No,No,24.09375,25.09375,True
/data/shared/Qwen/mydisk/output/SYNTHETIC/NVILA-Lite-2B-SYNTHETIC_MIX_10PCT_80K-20260224_234537,obj1_closer,output/phasevar_5/0005_phA05_phB12.png,Is the magenta sphere closer to the camera than the cyan cube? Answer with yes or no.,No,No,24.5,25.09375,True
/data/shared/Qwen/mydisk/output/SYNTHETIC/NVILA-Lite-2B-SYNTHETIC_MIX_10PCT_80K-20260224_234537,obj1_closer,output/phasevar_5/0005_phA05_phB13.png,Is the magenta sphere closer to the camera than the cyan cube? Answer with yes or no.,No,No,24.28125,25.0,True
/data/shared/Qwen/mydisk/output/SYNTHETIC/NVILA-Lite-2B-SYNTHETIC_MIX_10PCT_80K-20260224_234537,obj1_closer,output/phasevar_5/0005_phA05_phB14.png,Is the magenta sphere closer to the camera than the cyan cube? Answer with yes or no.,No,No,24.234375,25.46875,True
/data/shared/Qwen/mydisk/output/SYNTHETIC/NVILA-Lite-2B-SYNTHETIC_MIX_10PCT_80K-20260224_234537,obj1_closer,output/phasevar_5/0005_phA05_phB15.png,Is the magenta sphere closer to the camera than the cyan cube? Answer with yes or no.,No,No,24.1875,25.625,True
/data/shared/Qwen/mydisk/output/SYNTHETIC/NVILA-Lite-2B-SYNTHETIC_MIX_10PCT_80K-20260224_234537,obj1_closer,output/phasevar_5/0005_phA06_phB00.png,Is the magenta sphere closer to the camera than the cyan cube? Answer with yes or no.,No,No,24.96875,26.171875,True
/data/shared/Qwen/mydisk/output/SYNTHETIC/NVILA-Lite-2B-SYNTHETIC_MIX_10PCT_80K-20260224_234537,obj1_closer,output/phasevar_5/0005_phA06_phB01.png,Is the magenta sphere closer to the camera than the cyan cube? Answer with yes or no.,No,No,25.8125,26.828125,True
/data/shared/Qwen/mydisk/output/SYNTHETIC/NVILA-Lite-2B-SYNTHETIC_MIX_10PCT_80K-20260224_234537,obj1_closer,output/phasevar_5/0005_phA06_phB02.png,Is the magenta sphere closer to the camera than the cyan cube? Answer with yes or no.,No,No,26.234375,27.328125,True
/data/shared/Qwen/mydisk/output/SYNTHETIC/NVILA-Lite-2B-SYNTHETIC_MIX_10PCT_80K-20260224_234537,obj1_closer,output/phasevar_5/0005_phA06_phB03.png,Is the magenta sphere closer to the camera than the cyan cube? Answer with yes or no.,No,No,25.5625,26.421875,True
/data/shared/Qwen/mydisk/output/SYNTHETIC/NVILA-Lite-2B-SYNTHETIC_MIX_10PCT_80K-20260224_234537,obj1_closer,output/phasevar_5/0005_phA06_phB04.png,Is the magenta sphere closer to the camera than the cyan cube? Answer with yes or no.,No,No,25.328125,26.234375,True
/data/shared/Qwen/mydisk/output/SYNTHETIC/NVILA-Lite-2B-SYNTHETIC_MIX_10PCT_80K-20260224_234537,obj1_closer,output/phasevar_5/0005_phA06_phB05.png,Is the magenta sphere closer to the camera than the cyan cube? Answer with yes or no.,No,No,24.96875,26.875,True
/data/shared/Qwen/mydisk/output/SYNTHETIC/NVILA-Lite-2B-SYNTHETIC_MIX_10PCT_80K-20260224_234537,obj1_closer,output/phasevar_5/0005_phA06_phB06.png,Is the magenta sphere closer to the camera than the cyan cube? Answer with yes or no.,No,No,25.34375,26.90625,True
/data/shared/Qwen/mydisk/output/SYNTHETIC/NVILA-Lite-2B-SYNTHETIC_MIX_10PCT_80K-20260224_234537,obj1_closer,output/phasevar_5/0005_phA06_phB07.png,Is the magenta sphere closer to the camera than the cyan cube? Answer with yes or no.,No,No,25.234375,27.09375,True
/data/shared/Qwen/mydisk/output/SYNTHETIC/NVILA-Lite-2B-SYNTHETIC_MIX_10PCT_80K-20260224_234537,obj1_closer,output/phasevar_5/0005_phA06_phB08.png,Is the magenta sphere closer to the camera than the cyan cube? Answer with yes or no.,No,No,24.546875,26.25,True
/data/shared/Qwen/mydisk/output/SYNTHETIC/NVILA-Lite-2B-SYNTHETIC_MIX_10PCT_80K-20260224_234537,obj1_closer,output/phasevar_5/0005_phA06_phB09.png,Is the magenta sphere closer to the camera than the cyan cube? Answer with yes or no.,No,No,24.5625,26.0625,True
/data/shared/Qwen/mydisk/output/SYNTHETIC/NVILA-Lite-2B-SYNTHETIC_MIX_10PCT_80K-20260224_234537,obj1_closer,output/phasevar_5/0005_phA06_phB10.png,Is the magenta sphere closer to the camera than the cyan cube? Answer with yes or no.,No,No,24.640625,26.078125,True
/data/shared/Qwen/mydisk/output/SYNTHETIC/NVILA-Lite-2B-SYNTHETIC_MIX_10PCT_80K-20260224_234537,obj1_closer,output/phasevar_5/0005_phA06_phB11.png,Is the magenta sphere closer to the camera than the cyan cube? Answer with yes or no.,No,No,24.71875,25.3125,True
/data/shared/Qwen/mydisk/output/SYNTHETIC/NVILA-Lite-2B-SYNTHETIC_MIX_10PCT_80K-20260224_234537,obj1_closer,output/phasevar_5/0005_phA06_phB12.png,Is the magenta sphere closer to the camera than the cyan cube? Answer with yes or no.,No,Yes,25.75,25.359375,False
/data/shared/Qwen/mydisk/output/SYNTHETIC/NVILA-Lite-2B-SYNTHETIC_MIX_10PCT_80K-20260224_234537,obj1_closer,output/phasevar_5/0005_phA06_phB13.png,Is the magenta sphere closer to the camera than the cyan cube? Answer with yes or no.,No,Yes,25.234375,25.21875,False
/data/shared/Qwen/mydisk/output/SYNTHETIC/NVILA-Lite-2B-SYNTHETIC_MIX_10PCT_80K-20260224_234537,obj1_closer,output/phasevar_5/0005_phA06_phB14.png,Is the magenta sphere closer to the camera than the cyan cube? Answer with yes or no.,No,No,24.640625,25.640625,True
/data/shared/Qwen/mydisk/output/SYNTHETIC/NVILA-Lite-2B-SYNTHETIC_MIX_10PCT_80K-20260224_234537,obj1_closer,output/phasevar_5/0005_phA06_phB15.png,Is the magenta sphere closer to the camera than the cyan cube? Answer with yes or no.,No,No,24.703125,25.703125,True
/data/shared/Qwen/mydisk/output/SYNTHETIC/NVILA-Lite-2B-SYNTHETIC_MIX_10PCT_80K-20260224_234537,obj1_closer,output/phasevar_5/0005_phA07_phB00.png,Is the magenta sphere closer to the camera than the cyan cube? Answer with yes or no.,No,No,25.40625,26.84375,True
/data/shared/Qwen/mydisk/output/SYNTHETIC/NVILA-Lite-2B-SYNTHETIC_MIX_10PCT_80K-20260224_234537,obj1_closer,output/phasevar_5/0005_phA07_phB01.png,Is the magenta sphere closer to the camera than the cyan cube? Answer with yes or no.,No,No,26.515625,27.390625,True
/data/shared/Qwen/mydisk/output/SYNTHETIC/NVILA-Lite-2B-SYNTHETIC_MIX_10PCT_80K-20260224_234537,obj1_closer,output/phasevar_5/0005_phA07_phB02.png,Is the magenta sphere closer to the camera than the cyan cube? Answer with yes or no.,No,No,26.796875,27.484375,True
/data/shared/Qwen/mydisk/output/SYNTHETIC/NVILA-Lite-2B-SYNTHETIC_MIX_10PCT_80K-20260224_234537,obj1_closer,output/phasevar_5/0005_phA07_phB03.png,Is the magenta sphere closer to the camera than the cyan cube? Answer with yes or no.,No,No,26.359375,26.40625,True
/data/shared/Qwen/mydisk/output/SYNTHETIC/NVILA-Lite-2B-SYNTHETIC_MIX_10PCT_80K-20260224_234537,obj1_closer,output/phasevar_5/0005_phA07_phB04.png,Is the magenta sphere closer to the camera than the cyan cube? Answer with yes or no.,No,No,26.3125,26.46875,True
/data/shared/Qwen/mydisk/output/SYNTHETIC/NVILA-Lite-2B-SYNTHETIC_MIX_10PCT_80K-20260224_234537,obj1_closer,output/phasevar_5/0005_phA07_phB05.png,Is the magenta sphere closer to the camera than the cyan cube? Answer with yes or no.,No,No,25.578125,26.796875,True
/data/shared/Qwen/mydisk/output/SYNTHETIC/NVILA-Lite-2B-SYNTHETIC_MIX_10PCT_80K-20260224_234537,obj1_closer,output/phasevar_5/0005_phA07_phB06.png,Is the magenta sphere closer to the camera than the cyan cube? Answer with yes or no.,No,No,25.984375,27.3125,True
/data/shared/Qwen/mydisk/output/SYNTHETIC/NVILA-Lite-2B-SYNTHETIC_MIX_10PCT_80K-20260224_234537,obj1_closer,output/phasevar_5/0005_phA07_phB07.png,Is the magenta sphere closer to the camera than the cyan cube? Answer with yes or no.,No,No,25.59375,28.078125,True
/data/shared/Qwen/mydisk/output/SYNTHETIC/NVILA-Lite-2B-SYNTHETIC_MIX_10PCT_80K-20260224_234537,obj1_closer,output/phasevar_5/0005_phA07_phB08.png,Is the magenta sphere closer to the camera than the cyan cube? Answer with yes or no.,No,No,24.984375,27.390625,True
/data/shared/Qwen/mydisk/output/SYNTHETIC/NVILA-Lite-2B-SYNTHETIC_MIX_10PCT_80K-20260224_234537,obj1_closer,output/phasevar_5/0005_phA07_phB09.png,Is the magenta sphere closer to the camera than the cyan cube? Answer with yes or no.,No,No,24.5,26.4375,True
/data/shared/Qwen/mydisk/output/SYNTHETIC/NVILA-Lite-2B-SYNTHETIC_MIX_10PCT_80K-20260224_234537,obj1_closer,output/phasevar_5/0005_phA07_phB10.png,Is the magenta sphere closer to the camera than the cyan cube? Answer with yes or no.,No,No,24.640625,26.1875,True
/data/shared/Qwen/mydisk/output/SYNTHETIC/NVILA-Lite-2B-SYNTHETIC_MIX_10PCT_80K-20260224_234537,obj1_closer,output/phasevar_5/0005_phA07_phB11.png,Is the magenta sphere closer to the camera than the cyan cube? Answer with yes or no.,No,No,24.5,25.25,True
/data/shared/Qwen/mydisk/output/SYNTHETIC/NVILA-Lite-2B-SYNTHETIC_MIX_10PCT_80K-20260224_234537,obj1_closer,output/phasevar_5/0005_phA07_phB12.png,Is the magenta sphere closer to the camera than the cyan cube? Answer with yes or no.,No,Yes,25.40625,25.328125,False
/data/shared/Qwen/mydisk/output/SYNTHETIC/NVILA-Lite-2B-SYNTHETIC_MIX_10PCT_80K-20260224_234537,obj1_closer,output/phasevar_5/0005_phA07_phB13.png,Is the magenta sphere closer to the camera than the cyan cube? Answer with yes or no.,No,No,25.21875,25.328125,True
/data/shared/Qwen/mydisk/output/SYNTHETIC/NVILA-Lite-2B-SYNTHETIC_MIX_10PCT_80K-20260224_234537,obj1_closer,output/phasevar_5/0005_phA07_phB14.png,Is the magenta sphere closer to the camera than the cyan cube? Answer with yes or no.,No,No,24.875,25.84375,True
/data/shared/Qwen/mydisk/output/SYNTHETIC/NVILA-Lite-2B-SYNTHETIC_MIX_10PCT_80K-20260224_234537,obj1_closer,output/phasevar_5/0005_phA07_phB15.png,Is the magenta sphere closer to the camera than the cyan cube? Answer with yes or no.,No,No,24.921875,26.21875,True
/data/shared/Qwen/mydisk/output/SYNTHETIC/NVILA-Lite-2B-SYNTHETIC_MIX_10PCT_80K-20260224_234537,obj1_closer,output/phasevar_5/0005_phA08_phB00.png,Is the magenta sphere closer to the camera than the cyan cube? Answer with yes or no.,No,No,26.046875,27.21875,True
/data/shared/Qwen/mydisk/output/SYNTHETIC/NVILA-Lite-2B-SYNTHETIC_MIX_10PCT_80K-20260224_234537,obj1_closer,output/phasevar_5/0005_phA08_phB01.png,Is the magenta sphere closer to the camera than the cyan cube? Answer with yes or no.,No,No,27.125,27.421875,True
/data/shared/Qwen/mydisk/output/SYNTHETIC/NVILA-Lite-2B-SYNTHETIC_MIX_10PCT_80K-20260224_234537,obj1_closer,output/phasevar_5/0005_phA08_phB02.png,Is the magenta sphere closer to the camera than the cyan cube? Answer with yes or no.,No,No,27.453125,27.609375,True
/data/shared/Qwen/mydisk/output/SYNTHETIC/NVILA-Lite-2B-SYNTHETIC_MIX_10PCT_80K-20260224_234537,obj1_closer,output/phasevar_5/0005_phA08_phB03.png,Is the magenta sphere closer to the camera than the cyan cube? Answer with yes or no.,No,Yes,27.328125,26.734375,False
/data/shared/Qwen/mydisk/output/SYNTHETIC/NVILA-Lite-2B-SYNTHETIC_MIX_10PCT_80K-20260224_234537,obj1_closer,output/phasevar_5/0005_phA08_phB04.png,Is the magenta sphere closer to the camera than the cyan cube? Answer with yes or no.,No,Yes,27.125,26.546875,False
/data/shared/Qwen/mydisk/output/SYNTHETIC/NVILA-Lite-2B-SYNTHETIC_MIX_10PCT_80K-20260224_234537,obj1_closer,output/phasevar_5/0005_phA08_phB05.png,Is the magenta sphere closer to the camera than the cyan cube? Answer with yes or no.,No,No,25.984375,26.859375,True
/data/shared/Qwen/mydisk/output/SYNTHETIC/NVILA-Lite-2B-SYNTHETIC_MIX_10PCT_80K-20260224_234537,obj1_closer,output/phasevar_5/0005_phA08_phB06.png,Is the magenta sphere closer to the camera than the cyan cube? Answer with yes or no.,No,No,26.21875,27.375,True
/data/shared/Qwen/mydisk/output/SYNTHETIC/NVILA-Lite-2B-SYNTHETIC_MIX_10PCT_80K-20260224_234537,obj1_closer,output/phasevar_5/0005_phA08_phB07.png,Is the magenta sphere closer to the camera than the cyan cube? Answer with yes or no.,No,No,25.8125,28.109375,True
/data/shared/Qwen/mydisk/output/SYNTHETIC/NVILA-Lite-2B-SYNTHETIC_MIX_10PCT_80K-20260224_234537,obj1_closer,output/phasevar_5/0005_phA08_phB08.png,Is the magenta sphere closer to the camera than the cyan cube? Answer with yes or no.,No,No,24.890625,27.140625,True
/data/shared/Qwen/mydisk/output/SYNTHETIC/NVILA-Lite-2B-SYNTHETIC_MIX_10PCT_80K-20260224_234537,obj1_closer,output/phasevar_5/0005_phA08_phB09.png,Is the magenta sphere closer to the camera than the cyan cube? Answer with yes or no.,No,No,24.328125,26.53125,True
/data/shared/Qwen/mydisk/output/SYNTHETIC/NVILA-Lite-2B-SYNTHETIC_MIX_10PCT_80K-20260224_234537,obj1_closer,output/phasevar_5/0005_phA08_phB10.png,Is the magenta sphere closer to the camera than the cyan cube? Answer with yes or no.,No,No,24.5,26.296875,True
/data/shared/Qwen/mydisk/output/SYNTHETIC/NVILA-Lite-2B-SYNTHETIC_MIX_10PCT_80K-20260224_234537,obj1_closer,output/phasevar_5/0005_phA08_phB11.png,Is the magenta sphere closer to the camera than the cyan cube? Answer with yes or no.,No,No,24.421875,25.453125,True
/data/shared/Qwen/mydisk/output/SYNTHETIC/NVILA-Lite-2B-SYNTHETIC_MIX_10PCT_80K-20260224_234537,obj1_closer,output/phasevar_5/0005_phA08_phB12.png,Is the magenta sphere closer to the camera than the cyan cube? Answer with yes or no.,No,No,25.59375,25.640625,True
/data/shared/Qwen/mydisk/output/SYNTHETIC/NVILA-Lite-2B-SYNTHETIC_MIX_10PCT_80K-20260224_234537,obj1_closer,output/phasevar_5/0005_phA08_phB13.png,Is the magenta sphere closer to the camera than the cyan cube? Answer with yes or no.,No,No,25.265625,25.515625,True
/data/shared/Qwen/mydisk/output/SYNTHETIC/NVILA-Lite-2B-SYNTHETIC_MIX_10PCT_80K-20260224_234537,obj1_closer,output/phasevar_5/0005_phA08_phB14.png,Is the magenta sphere closer to the camera than the cyan cube? Answer with yes or no.,No,No,24.875,25.859375,True
/data/shared/Qwen/mydisk/output/SYNTHETIC/NVILA-Lite-2B-SYNTHETIC_MIX_10PCT_80K-20260224_234537,obj1_closer,output/phasevar_5/0005_phA08_phB15.png,Is the magenta sphere closer to the camera than the cyan cube? Answer with yes or no.,No,No,25.15625,26.421875,True
/data/shared/Qwen/mydisk/output/SYNTHETIC/NVILA-Lite-2B-SYNTHETIC_MIX_10PCT_80K-20260224_234537,obj1_closer,output/phasevar_5/0005_phA09_phB00.png,Is the magenta sphere closer to the camera than the cyan cube? Answer with yes or no.,No,No,26.53125,27.84375,True
/data/shared/Qwen/mydisk/output/SYNTHETIC/NVILA-Lite-2B-SYNTHETIC_MIX_10PCT_80K-20260224_234537,obj1_closer,output/phasevar_5/0005_phA09_phB01.png,Is the magenta sphere closer to the camera than the cyan cube? Answer with yes or no.,No,No,27.6875,28.09375,True
/data/shared/Qwen/mydisk/output/SYNTHETIC/NVILA-Lite-2B-SYNTHETIC_MIX_10PCT_80K-20260224_234537,obj1_closer,output/phasevar_5/0005_phA09_phB02.png,Is the magenta sphere closer to the camera than the cyan cube? Answer with yes or no.,No,No,27.75,27.8125,True
/data/shared/Qwen/mydisk/output/SYNTHETIC/NVILA-Lite-2B-SYNTHETIC_MIX_10PCT_80K-20260224_234537,obj1_closer,output/phasevar_5/0005_phA09_phB03.png,Is the magenta sphere closer to the camera than the cyan cube? Answer with yes or no.,No,Yes,27.5625,27.015625,False
/data/shared/Qwen/mydisk/output/SYNTHETIC/NVILA-Lite-2B-SYNTHETIC_MIX_10PCT_80K-20260224_234537,obj1_closer,output/phasevar_5/0005_phA09_phB04.png,Is the magenta sphere closer to the camera than the cyan cube? Answer with yes or no.,No,Yes,27.53125,26.78125,False
/data/shared/Qwen/mydisk/output/SYNTHETIC/NVILA-Lite-2B-SYNTHETIC_MIX_10PCT_80K-20260224_234537,obj1_closer,output/phasevar_5/0005_phA09_phB05.png,Is the magenta sphere closer to the camera than the cyan cube? Answer with yes or no.,No,No,26.3125,27.015625,True
/data/shared/Qwen/mydisk/output/SYNTHETIC/NVILA-Lite-2B-SYNTHETIC_MIX_10PCT_80K-20260224_234537,obj1_closer,output/phasevar_5/0005_phA09_phB06.png,Is the magenta sphere closer to the camera than the cyan cube? Answer with yes or no.,No,No,26.390625,27.390625,True
/data/shared/Qwen/mydisk/output/SYNTHETIC/NVILA-Lite-2B-SYNTHETIC_MIX_10PCT_80K-20260224_234537,obj1_closer,output/phasevar_5/0005_phA09_phB07.png,Is the magenta sphere closer to the camera than the cyan cube? Answer with yes or no.,No,No,26.375,28.515625,True
/data/shared/Qwen/mydisk/output/SYNTHETIC/NVILA-Lite-2B-SYNTHETIC_MIX_10PCT_80K-20260224_234537,obj1_closer,output/phasevar_5/0005_phA09_phB08.png,Is the magenta sphere closer to the camera than the cyan cube? Answer with yes or no.,No,No,25.421875,27.6875,True
/data/shared/Qwen/mydisk/output/SYNTHETIC/NVILA-Lite-2B-SYNTHETIC_MIX_10PCT_80K-20260224_234537,obj1_closer,output/phasevar_5/0005_phA09_phB09.png,Is the magenta sphere closer to the camera than the cyan cube? Answer with yes or no.,No,No,24.546875,26.71875,True
/data/shared/Qwen/mydisk/output/SYNTHETIC/NVILA-Lite-2B-SYNTHETIC_MIX_10PCT_80K-20260224_234537,obj1_closer,output/phasevar_5/0005_phA09_phB10.png,Is the magenta sphere closer to the camera than the cyan cube? Answer with yes or no.,No,No,24.765625,26.578125,True
/data/shared/Qwen/mydisk/output/SYNTHETIC/NVILA-Lite-2B-SYNTHETIC_MIX_10PCT_80K-20260224_234537,obj1_closer,output/phasevar_5/0005_phA09_phB11.png,Is the magenta sphere closer to the camera than the cyan cube? Answer with yes or no.,No,No,24.578125,25.65625,True
/data/shared/Qwen/mydisk/output/SYNTHETIC/NVILA-Lite-2B-SYNTHETIC_MIX_10PCT_80K-20260224_234537,obj1_closer,output/phasevar_5/0005_phA09_phB12.png,Is the magenta sphere closer to the camera than the cyan cube? Answer with yes or no.,No,No,25.9375,26.046875,True
/data/shared/Qwen/mydisk/output/SYNTHETIC/NVILA-Lite-2B-SYNTHETIC_MIX_10PCT_80K-20260224_234537,obj1_closer,output/phasevar_5/0005_phA09_phB13.png,Is the magenta sphere closer to the camera than the cyan cube? Answer with yes or no.,No,No,25.703125,25.96875,True
/data/shared/Qwen/mydisk/output/SYNTHETIC/NVILA-Lite-2B-SYNTHETIC_MIX_10PCT_80K-20260224_234537,obj1_closer,output/phasevar_5/0005_phA09_phB14.png,Is the magenta sphere closer to the camera than the cyan cube? Answer with yes or no.,No,No,25.21875,26.21875,True
/data/shared/Qwen/mydisk/output/SYNTHETIC/NVILA-Lite-2B-SYNTHETIC_MIX_10PCT_80K-20260224_234537,obj1_closer,output/phasevar_5/0005_phA09_phB15.png,Is the magenta sphere closer to the camera than the cyan cube? Answer with yes or no.,No,No,25.5,26.96875,True
/data/shared/Qwen/mydisk/output/SYNTHETIC/NVILA-Lite-2B-SYNTHETIC_MIX_10PCT_80K-20260224_234537,obj1_closer,output/phasevar_5/0005_phA10_phB00.png,Is the magenta sphere closer to the camera than the cyan cube? Answer with yes or no.,No,Yes,27.515625,26.8125,False
/data/shared/Qwen/mydisk/output/SYNTHETIC/NVILA-Lite-2B-SYNTHETIC_MIX_10PCT_80K-20260224_234537,obj1_closer,output/phasevar_5/0005_phA10_phB01.png,Is the magenta sphere closer to the camera than the cyan cube? Answer with yes or no.,No,Yes,28.453125,27.1875,False
/data/shared/Qwen/mydisk/output/SYNTHETIC/NVILA-Lite-2B-SYNTHETIC_MIX_10PCT_80K-20260224_234537,obj1_closer,output/phasevar_5/0005_phA10_phB02.png,Is the magenta sphere closer to the camera than the cyan cube? Answer with yes or no.,No,Yes,28.171875,27.140625,False
/data/shared/Qwen/mydisk/output/SYNTHETIC/NVILA-Lite-2B-SYNTHETIC_MIX_10PCT_80K-20260224_234537,obj1_closer,output/phasevar_5/0005_phA10_phB03.png,Is the magenta sphere closer to the camera than the cyan cube? Answer with yes or no.,No,Yes,27.921875,25.90625,False
/data/shared/Qwen/mydisk/output/SYNTHETIC/NVILA-Lite-2B-SYNTHETIC_MIX_10PCT_80K-20260224_234537,obj1_closer,output/phasevar_5/0005_phA10_phB04.png,Is the magenta sphere closer to the camera than the cyan cube? Answer with yes or no.,No,Yes,27.21875,25.671875,False
/data/shared/Qwen/mydisk/output/SYNTHETIC/NVILA-Lite-2B-SYNTHETIC_MIX_10PCT_80K-20260224_234537,obj1_closer,output/phasevar_5/0005_phA10_phB05.png,Is the magenta sphere closer to the camera than the cyan cube? Answer with yes or no.,No,Yes,26.578125,26.390625,False
/data/shared/Qwen/mydisk/output/SYNTHETIC/NVILA-Lite-2B-SYNTHETIC_MIX_10PCT_80K-20260224_234537,obj1_closer,output/phasevar_5/0005_phA10_phB06.png,Is the magenta sphere closer to the camera than the cyan cube? Answer with yes or no.,No,No,26.78125,26.9375,True
/data/shared/Qwen/mydisk/output/SYNTHETIC/NVILA-Lite-2B-SYNTHETIC_MIX_10PCT_80K-20260224_234537,obj1_closer,output/phasevar_5/0005_phA10_phB07.png,Is the magenta sphere closer to the camera than the cyan cube? Answer with yes or no.,No,No,27.046875,27.671875,True
/data/shared/Qwen/mydisk/output/SYNTHETIC/NVILA-Lite-2B-SYNTHETIC_MIX_10PCT_80K-20260224_234537,obj1_closer,output/phasevar_5/0005_phA10_phB08.png,Is the magenta sphere closer to the camera than the cyan cube? Answer with yes or no.,No,No,26.15625,26.703125,True
/data/shared/Qwen/mydisk/output/SYNTHETIC/NVILA-Lite-2B-SYNTHETIC_MIX_10PCT_80K-20260224_234537,obj1_closer,output/phasevar_5/0005_phA10_phB09.png,Is the magenta sphere closer to the camera than the cyan cube? Answer with yes or no.,No,No,24.578125,26.234375,True
/data/shared/Qwen/mydisk/output/SYNTHETIC/NVILA-Lite-2B-SYNTHETIC_MIX_10PCT_80K-20260224_234537,obj1_closer,output/phasevar_5/0005_phA10_phB10.png,Is the magenta sphere closer to the camera than the cyan cube? Answer with yes or no.,No,No,24.796875,26.75,True
/data/shared/Qwen/mydisk/output/SYNTHETIC/NVILA-Lite-2B-SYNTHETIC_MIX_10PCT_80K-20260224_234537,obj1_closer,output/phasevar_5/0005_phA10_phB11.png,Is the magenta sphere closer to the camera than the cyan cube? Answer with yes or no.,No,No,24.6875,26.078125,True
/data/shared/Qwen/mydisk/output/SYNTHETIC/NVILA-Lite-2B-SYNTHETIC_MIX_10PCT_80K-20260224_234537,obj1_closer,output/phasevar_5/0005_phA10_phB12.png,Is the magenta sphere closer to the camera than the cyan cube? Answer with yes or no.,No,No,25.84375,26.109375,True
/data/shared/Qwen/mydisk/output/SYNTHETIC/NVILA-Lite-2B-SYNTHETIC_MIX_10PCT_80K-20260224_234537,obj1_closer,output/phasevar_5/0005_phA10_phB13.png,Is the magenta sphere closer to the camera than the cyan cube? Answer with yes or no.,No,Yes,25.953125,25.9375,False
/data/shared/Qwen/mydisk/output/SYNTHETIC/NVILA-Lite-2B-SYNTHETIC_MIX_10PCT_80K-20260224_234537,obj1_closer,output/phasevar_5/0005_phA10_phB14.png,Is the magenta sphere closer to the camera than the cyan cube? Answer with yes or no.,No,No,25.640625,26.03125,True
/data/shared/Qwen/mydisk/output/SYNTHETIC/NVILA-Lite-2B-SYNTHETIC_MIX_10PCT_80K-20260224_234537,obj1_closer,output/phasevar_5/0005_phA10_phB15.png,Is the magenta sphere closer to the camera than the cyan cube? Answer with yes or no.,No,No,26.625,26.765625,True
/data/shared/Qwen/mydisk/output/SYNTHETIC/NVILA-Lite-2B-SYNTHETIC_MIX_10PCT_80K-20260224_234537,obj1_closer,output/phasevar_5/0005_phA11_phB00.png,Is the magenta sphere closer to the camera than the cyan cube? Answer with yes or no.,No,Yes,26.46875,26.375,False
/data/shared/Qwen/mydisk/output/SYNTHETIC/NVILA-Lite-2B-SYNTHETIC_MIX_10PCT_80K-20260224_234537,obj1_closer,output/phasevar_5/0005_phA11_phB01.png,Is the magenta sphere closer to the camera than the cyan cube? Answer with yes or no.,No,Yes,27.375,26.671875,False
/data/shared/Qwen/mydisk/output/SYNTHETIC/NVILA-Lite-2B-SYNTHETIC_MIX_10PCT_80K-20260224_234537,obj1_closer,output/phasevar_5/0005_phA11_phB02.png,Is the magenta sphere closer to the camera than the cyan cube? Answer with yes or no.,No,Yes,27.359375,26.703125,False
/data/shared/Qwen/mydisk/output/SYNTHETIC/NVILA-Lite-2B-SYNTHETIC_MIX_10PCT_80K-20260224_234537,obj1_closer,output/phasevar_5/0005_phA11_phB03.png,Is the magenta sphere closer to the camera than the cyan cube? Answer with yes or no.,No,Yes,26.453125,25.328125,False
/data/shared/Qwen/mydisk/output/SYNTHETIC/NVILA-Lite-2B-SYNTHETIC_MIX_10PCT_80K-20260224_234537,obj1_closer,output/phasevar_5/0005_phA11_phB04.png,Is the magenta sphere closer to the camera than the cyan cube? Answer with yes or no.,No,Yes,26.125,25.5,False
/data/shared/Qwen/mydisk/output/SYNTHETIC/NVILA-Lite-2B-SYNTHETIC_MIX_10PCT_80K-20260224_234537,obj1_closer,output/phasevar_5/0005_phA11_phB05.png,Is the magenta sphere closer to the camera than the cyan cube? Answer with yes or no.,No,No,26.0625,26.265625,True
/data/shared/Qwen/mydisk/output/SYNTHETIC/NVILA-Lite-2B-SYNTHETIC_MIX_10PCT_80K-20260224_234537,obj1_closer,output/phasevar_5/0005_phA11_phB06.png,Is the magenta sphere closer to the camera than the cyan cube? Answer with yes or no.,No,No,26.234375,26.40625,True
/data/shared/Qwen/mydisk/output/SYNTHETIC/NVILA-Lite-2B-SYNTHETIC_MIX_10PCT_80K-20260224_234537,obj1_closer,output/phasevar_5/0005_phA11_phB07.png,Is the magenta sphere closer to the camera than the cyan cube? Answer with yes or no.,No,No,26.40625,27.296875,True
/data/shared/Qwen/mydisk/output/SYNTHETIC/NVILA-Lite-2B-SYNTHETIC_MIX_10PCT_80K-20260224_234537,obj1_closer,output/phasevar_5/0005_phA11_phB08.png,Is the magenta sphere closer to the camera than the cyan cube? Answer with yes or no.,No,No,25.671875,26.25,True
/data/shared/Qwen/mydisk/output/SYNTHETIC/NVILA-Lite-2B-SYNTHETIC_MIX_10PCT_80K-20260224_234537,obj1_closer,output/phasevar_5/0005_phA11_phB09.png,Is the magenta sphere closer to the camera than the cyan cube? Answer with yes or no.,No,No,24.21875,25.875,True
/data/shared/Qwen/mydisk/output/SYNTHETIC/NVILA-Lite-2B-SYNTHETIC_MIX_10PCT_80K-20260224_234537,obj1_closer,output/phasevar_5/0005_phA11_phB10.png,Is the magenta sphere closer to the camera than the cyan cube? Answer with yes or no.,No,No,24.46875,26.265625,True
/data/shared/Qwen/mydisk/output/SYNTHETIC/NVILA-Lite-2B-SYNTHETIC_MIX_10PCT_80K-20260224_234537,obj1_closer,output/phasevar_5/0005_phA11_phB11.png,Is the magenta sphere closer to the camera than the cyan cube? Answer with yes or no.,No,No,24.0,25.796875,True
/data/shared/Qwen/mydisk/output/SYNTHETIC/NVILA-Lite-2B-SYNTHETIC_MIX_10PCT_80K-20260224_234537,obj1_closer,output/phasevar_5/0005_phA11_phB12.png,Is the magenta sphere closer to the camera than the cyan cube? Answer with yes or no.,No,No,24.484375,26.046875,True
/data/shared/Qwen/mydisk/output/SYNTHETIC/NVILA-Lite-2B-SYNTHETIC_MIX_10PCT_80K-20260224_234537,obj1_closer,output/phasevar_5/0005_phA11_phB13.png,Is the magenta sphere closer to the camera than the cyan cube? Answer with yes or no.,No,No,24.6875,25.59375,True
/data/shared/Qwen/mydisk/output/SYNTHETIC/NVILA-Lite-2B-SYNTHETIC_MIX_10PCT_80K-20260224_234537,obj1_closer,output/phasevar_5/0005_phA11_phB14.png,Is the magenta sphere closer to the camera than the cyan cube? Answer with yes or no.,No,No,24.953125,25.8125,True
/data/shared/Qwen/mydisk/output/SYNTHETIC/NVILA-Lite-2B-SYNTHETIC_MIX_10PCT_80K-20260224_234537,obj1_closer,output/phasevar_5/0005_phA11_phB15.png,Is the magenta sphere closer to the camera than the cyan cube? Answer with yes or no.,No,No,25.6875,26.34375,True
/data/shared/Qwen/mydisk/output/SYNTHETIC/NVILA-Lite-2B-SYNTHETIC_MIX_10PCT_80K-20260224_234537,obj1_closer,output/phasevar_5/0005_phA12_phB00.png,Is the magenta sphere closer to the camera than the cyan cube? Answer with yes or no.,No,No,26.078125,26.328125,True
/data/shared/Qwen/mydisk/output/SYNTHETIC/NVILA-Lite-2B-SYNTHETIC_MIX_10PCT_80K-20260224_234537,obj1_closer,output/phasevar_5/0005_phA12_phB01.png,Is the magenta sphere closer to the camera than the cyan cube? Answer with yes or no.,No,Yes,27.234375,26.6875,False
/data/shared/Qwen/mydisk/output/SYNTHETIC/NVILA-Lite-2B-SYNTHETIC_MIX_10PCT_80K-20260224_234537,obj1_closer,output/phasevar_5/0005_phA12_phB02.png,Is the magenta sphere closer to the camera than the cyan cube? Answer with yes or no.,No,Yes,27.15625,26.734375,False
/data/shared/Qwen/mydisk/output/SYNTHETIC/NVILA-Lite-2B-SYNTHETIC_MIX_10PCT_80K-20260224_234537,obj1_closer,output/phasevar_5/0005_phA12_phB03.png,Is the magenta sphere closer to the camera than the cyan cube? Answer with yes or no.,No,Yes,26.3125,25.625,False
/data/shared/Qwen/mydisk/output/SYNTHETIC/NVILA-Lite-2B-SYNTHETIC_MIX_10PCT_80K-20260224_234537,obj1_closer,output/phasevar_5/0005_phA12_phB04.png,Is the magenta sphere closer to the camera than the cyan cube? Answer with yes or no.,No,Yes,26.0,25.578125,False
/data/shared/Qwen/mydisk/output/SYNTHETIC/NVILA-Lite-2B-SYNTHETIC_MIX_10PCT_80K-20260224_234537,obj1_closer,output/phasevar_5/0005_phA12_phB05.png,Is the magenta sphere closer to the camera than the cyan cube? Answer with yes or no.,No,No,26.0,26.4375,True
/data/shared/Qwen/mydisk/output/SYNTHETIC/NVILA-Lite-2B-SYNTHETIC_MIX_10PCT_80K-20260224_234537,obj1_closer,output/phasevar_5/0005_phA12_phB06.png,Is the magenta sphere closer to the camera than the cyan cube? Answer with yes or no.,No,No,26.3125,26.6875,True
/data/shared/Qwen/mydisk/output/SYNTHETIC/NVILA-Lite-2B-SYNTHETIC_MIX_10PCT_80K-20260224_234537,obj1_closer,output/phasevar_5/0005_phA12_phB07.png,Is the magenta sphere closer to the camera than the cyan cube? Answer with yes or no.,No,No,26.28125,27.46875,True
/data/shared/Qwen/mydisk/output/SYNTHETIC/NVILA-Lite-2B-SYNTHETIC_MIX_10PCT_80K-20260224_234537,obj1_closer,output/phasevar_5/0005_phA12_phB08.png,Is the magenta sphere closer to the camera than the cyan cube? Answer with yes or no.,No,No,25.5,26.296875,True
/data/shared/Qwen/mydisk/output/SYNTHETIC/NVILA-Lite-2B-SYNTHETIC_MIX_10PCT_80K-20260224_234537,obj1_closer,output/phasevar_5/0005_phA12_phB09.png,Is the magenta sphere closer to the camera than the cyan cube? Answer with yes or no.,No,No,23.984375,25.578125,True
/data/shared/Qwen/mydisk/output/SYNTHETIC/NVILA-Lite-2B-SYNTHETIC_MIX_10PCT_80K-20260224_234537,obj1_closer,output/phasevar_5/0005_phA12_phB10.png,Is the magenta sphere closer to the camera than the cyan cube? Answer with yes or no.,No,No,24.484375,26.21875,True
/data/shared/Qwen/mydisk/output/SYNTHETIC/NVILA-Lite-2B-SYNTHETIC_MIX_10PCT_80K-20260224_234537,obj1_closer,output/phasevar_5/0005_phA12_phB11.png,Is the magenta sphere closer to the camera than the cyan cube? Answer with yes or no.,No,No,23.921875,25.90625,True
/data/shared/Qwen/mydisk/output/SYNTHETIC/NVILA-Lite-2B-SYNTHETIC_MIX_10PCT_80K-20260224_234537,obj1_closer,output/phasevar_5/0005_phA12_phB12.png,Is the magenta sphere closer to the camera than the cyan cube? Answer with yes or no.,No,No,24.265625,26.046875,True
/data/shared/Qwen/mydisk/output/SYNTHETIC/NVILA-Lite-2B-SYNTHETIC_MIX_10PCT_80K-20260224_234537,obj1_closer,output/phasevar_5/0005_phA12_phB13.png,Is the magenta sphere closer to the camera than the cyan cube? Answer with yes or no.,No,No,24.46875,25.640625,True
/data/shared/Qwen/mydisk/output/SYNTHETIC/NVILA-Lite-2B-SYNTHETIC_MIX_10PCT_80K-20260224_234537,obj1_closer,output/phasevar_5/0005_phA12_phB14.png,Is the magenta sphere closer to the camera than the cyan cube? Answer with yes or no.,No,No,24.765625,25.96875,True
/data/shared/Qwen/mydisk/output/SYNTHETIC/NVILA-Lite-2B-SYNTHETIC_MIX_10PCT_80K-20260224_234537,obj1_closer,output/phasevar_5/0005_phA12_phB15.png,Is the magenta sphere closer to the camera than the cyan cube? Answer with yes or no.,No,No,25.28125,26.265625,True
/data/shared/Qwen/mydisk/output/SYNTHETIC/NVILA-Lite-2B-SYNTHETIC_MIX_10PCT_80K-20260224_234537,obj1_closer,output/phasevar_5/0005_phA13_phB00.png,Is the magenta sphere closer to the camera than the cyan cube? Answer with yes or no.,No,No,26.046875,26.1875,True
/data/shared/Qwen/mydisk/output/SYNTHETIC/NVILA-Lite-2B-SYNTHETIC_MIX_10PCT_80K-20260224_234537,obj1_closer,output/phasevar_5/0005_phA13_phB01.png,Is the magenta sphere closer to the camera than the cyan cube? Answer with yes or no.,No,Yes,27.171875,26.46875,False
/data/shared/Qwen/mydisk/output/SYNTHETIC/NVILA-Lite-2B-SYNTHETIC_MIX_10PCT_80K-20260224_234537,obj1_closer,output/phasevar_5/0005_phA13_phB02.png,Is the magenta sphere closer to the camera than the cyan cube? Answer with yes or no.,No,Yes,27.515625,26.796875,False
/data/shared/Qwen/mydisk/output/SYNTHETIC/NVILA-Lite-2B-SYNTHETIC_MIX_10PCT_80K-20260224_234537,obj1_closer,output/phasevar_5/0005_phA13_phB03.png,Is the magenta sphere closer to the camera than the cyan cube? Answer with yes or no.,No,Yes,26.671875,25.78125,False
/data/shared/Qwen/mydisk/output/SYNTHETIC/NVILA-Lite-2B-SYNTHETIC_MIX_10PCT_80K-20260224_234537,obj1_closer,output/phasevar_5/0005_phA13_phB04.png,Is the magenta sphere closer to the camera than the cyan cube? Answer with yes or no.,No,Yes,26.359375,25.59375,False
/data/shared/Qwen/mydisk/output/SYNTHETIC/NVILA-Lite-2B-SYNTHETIC_MIX_10PCT_80K-20260224_234537,obj1_closer,output/phasevar_5/0005_phA13_phB05.png,Is the magenta sphere closer to the camera than the cyan cube? Answer with yes or no.,No,No,26.375,26.53125,True
/data/shared/Qwen/mydisk/output/SYNTHETIC/NVILA-Lite-2B-SYNTHETIC_MIX_10PCT_80K-20260224_234537,obj1_closer,output/phasevar_5/0005_phA13_phB06.png,Is the magenta sphere closer to the camera than the cyan cube? Answer with yes or no.,No,No,26.828125,27.078125,True
/data/shared/Qwen/mydisk/output/SYNTHETIC/NVILA-Lite-2B-SYNTHETIC_MIX_10PCT_80K-20260224_234537,obj1_closer,output/phasevar_5/0005_phA13_phB07.png,Is the magenta sphere closer to the camera than the cyan cube? Answer with yes or no.,No,No,26.578125,27.5,True
/data/shared/Qwen/mydisk/output/SYNTHETIC/NVILA-Lite-2B-SYNTHETIC_MIX_10PCT_80K-20260224_234537,obj1_closer,output/phasevar_5/0005_phA13_phB08.png,Is the magenta sphere closer to the camera than the cyan cube? Answer with yes or no.,No,No,25.828125,26.375,True
/data/shared/Qwen/mydisk/output/SYNTHETIC/NVILA-Lite-2B-SYNTHETIC_MIX_10PCT_80K-20260224_234537,obj1_closer,output/phasevar_5/0005_phA13_phB09.png,Is the magenta sphere closer to the camera than the cyan cube? Answer with yes or no.,No,No,24.15625,25.453125,True
/data/shared/Qwen/mydisk/output/SYNTHETIC/NVILA-Lite-2B-SYNTHETIC_MIX_10PCT_80K-20260224_234537,obj1_closer,output/phasevar_5/0005_phA13_phB10.png,Is the magenta sphere closer to the camera than the cyan cube? Answer with yes or no.,No,No,24.65625,26.25,True
/data/shared/Qwen/mydisk/output/SYNTHETIC/NVILA-Lite-2B-SYNTHETIC_MIX_10PCT_80K-20260224_234537,obj1_closer,output/phasevar_5/0005_phA13_phB11.png,Is the magenta sphere closer to the camera than the cyan cube? Answer with yes or no.,No,No,24.0625,25.8125,True
/data/shared/Qwen/mydisk/output/SYNTHETIC/NVILA-Lite-2B-SYNTHETIC_MIX_10PCT_80K-20260224_234537,obj1_closer,output/phasevar_5/0005_phA13_phB12.png,Is the magenta sphere closer to the camera than the cyan cube? Answer with yes or no.,No,No,24.484375,26.140625,True
/data/shared/Qwen/mydisk/output/SYNTHETIC/NVILA-Lite-2B-SYNTHETIC_MIX_10PCT_80K-20260224_234537,obj1_closer,output/phasevar_5/0005_phA13_phB13.png,Is the magenta sphere closer to the camera than the cyan cube? Answer with yes or no.,No,No,24.65625,26.0,True
/data/shared/Qwen/mydisk/output/SYNTHETIC/NVILA-Lite-2B-SYNTHETIC_MIX_10PCT_80K-20260224_234537,obj1_closer,output/phasevar_5/0005_phA13_phB14.png,Is the magenta sphere closer to the camera than the cyan cube? Answer with yes or no.,No,No,24.671875,26.125,True
/data/shared/Qwen/mydisk/output/SYNTHETIC/NVILA-Lite-2B-SYNTHETIC_MIX_10PCT_80K-20260224_234537,obj1_closer,output/phasevar_5/0005_phA13_phB15.png,Is the magenta sphere closer to the camera than the cyan cube? Answer with yes or no.,No,No,25.4375,26.328125,True
/data/shared/Qwen/mydisk/output/SYNTHETIC/NVILA-Lite-2B-SYNTHETIC_MIX_10PCT_80K-20260224_234537,obj1_closer,output/phasevar_5/0005_phA14_phB00.png,Is the magenta sphere closer to the camera than the cyan cube? Answer with yes or no.,No,No,26.40625,26.5,True
/data/shared/Qwen/mydisk/output/SYNTHETIC/NVILA-Lite-2B-SYNTHETIC_MIX_10PCT_80K-20260224_234537,obj1_closer,output/phasevar_5/0005_phA14_phB01.png,Is the magenta sphere closer to the camera than the cyan cube? Answer with yes or no.,No,Yes,27.734375,27.21875,False
/data/shared/Qwen/mydisk/output/SYNTHETIC/NVILA-Lite-2B-SYNTHETIC_MIX_10PCT_80K-20260224_234537,obj1_closer,output/phasevar_5/0005_phA14_phB02.png,Is the magenta sphere closer to the camera than the cyan cube? Answer with yes or no.,No,Yes,27.828125,27.453125,False
/data/shared/Qwen/mydisk/output/SYNTHETIC/NVILA-Lite-2B-SYNTHETIC_MIX_10PCT_80K-20260224_234537,obj1_closer,output/phasevar_5/0005_phA14_phB03.png,Is the magenta sphere closer to the camera than the cyan cube? Answer with yes or no.,No,Yes,27.203125,26.265625,False
/data/shared/Qwen/mydisk/output/SYNTHETIC/NVILA-Lite-2B-SYNTHETIC_MIX_10PCT_80K-20260224_234537,obj1_closer,output/phasevar_5/0005_phA14_phB04.png,Is the magenta sphere closer to the camera than the cyan cube? Answer with yes or no.,No,Yes,27.328125,26.328125,False
/data/shared/Qwen/mydisk/output/SYNTHETIC/NVILA-Lite-2B-SYNTHETIC_MIX_10PCT_80K-20260224_234537,obj1_closer,output/phasevar_5/0005_phA14_phB05.png,Is the magenta sphere closer to the camera than the cyan cube? Answer with yes or no.,No,Yes,27.0,26.9375,False
/data/shared/Qwen/mydisk/output/SYNTHETIC/NVILA-Lite-2B-SYNTHETIC_MIX_10PCT_80K-20260224_234537,obj1_closer,output/phasevar_5/0005_phA14_phB06.png,Is the magenta sphere closer to the camera than the cyan cube? Answer with yes or no.,No,No,27.296875,27.671875,True
/data/shared/Qwen/mydisk/output/SYNTHETIC/NVILA-Lite-2B-SYNTHETIC_MIX_10PCT_80K-20260224_234537,obj1_closer,output/phasevar_5/0005_phA14_phB07.png,Is the magenta sphere closer to the camera than the cyan cube? Answer with yes or no.,No,No,27.25,28.015625,True
/data/shared/Qwen/mydisk/output/SYNTHETIC/NVILA-Lite-2B-SYNTHETIC_MIX_10PCT_80K-20260224_234537,obj1_closer,output/phasevar_5/0005_phA14_phB08.png,Is the magenta sphere closer to the camera than the cyan cube? Answer with yes or no.,No,No,26.421875,27.0,True
/data/shared/Qwen/mydisk/output/SYNTHETIC/NVILA-Lite-2B-SYNTHETIC_MIX_10PCT_80K-20260224_234537,obj1_closer,output/phasevar_5/0005_phA14_phB09.png,Is the magenta sphere closer to the camera than the cyan cube? Answer with yes or no.,No,No,25.078125,26.109375,True
/data/shared/Qwen/mydisk/output/SYNTHETIC/NVILA-Lite-2B-SYNTHETIC_MIX_10PCT_80K-20260224_234537,obj1_closer,output/phasevar_5/0005_phA14_phB10.png,Is the magenta sphere closer to the camera than the cyan cube? Answer with yes or no.,No,No,25.15625,26.671875,True
/data/shared/Qwen/mydisk/output/SYNTHETIC/NVILA-Lite-2B-SYNTHETIC_MIX_10PCT_80K-20260224_234537,obj1_closer,output/phasevar_5/0005_phA14_phB11.png,Is the magenta sphere closer to the camera than the cyan cube? Answer with yes or no.,No,No,24.609375,26.25,True
/data/shared/Qwen/mydisk/output/SYNTHETIC/NVILA-Lite-2B-SYNTHETIC_MIX_10PCT_80K-20260224_234537,obj1_closer,output/phasevar_5/0005_phA14_phB12.png,Is the magenta sphere closer to the camera than the cyan cube? Answer with yes or no.,No,No,24.546875,26.359375,True
/data/shared/Qwen/mydisk/output/SYNTHETIC/NVILA-Lite-2B-SYNTHETIC_MIX_10PCT_80K-20260224_234537,obj1_closer,output/phasevar_5/0005_phA14_phB13.png,Is the magenta sphere closer to the camera than the cyan cube? Answer with yes or no.,No,No,24.75,26.75,True
/data/shared/Qwen/mydisk/output/SYNTHETIC/NVILA-Lite-2B-SYNTHETIC_MIX_10PCT_80K-20260224_234537,obj1_closer,output/phasevar_5/0005_phA14_phB14.png,Is the magenta sphere closer to the camera than the cyan cube? Answer with yes or no.,No,No,24.875,26.578125,True
/data/shared/Qwen/mydisk/output/SYNTHETIC/NVILA-Lite-2B-SYNTHETIC_MIX_10PCT_80K-20260224_234537,obj1_closer,output/phasevar_5/0005_phA14_phB15.png,Is the magenta sphere closer to the camera than the cyan cube? Answer with yes or no.,No,No,25.609375,27.0,True
/data/shared/Qwen/mydisk/output/SYNTHETIC/NVILA-Lite-2B-SYNTHETIC_MIX_10PCT_80K-20260224_234537,obj1_closer,output/phasevar_5/0005_phA15_phB00.png,Is the magenta sphere closer to the camera than the cyan cube? Answer with yes or no.,No,No,25.875,27.71875,True
/data/shared/Qwen/mydisk/output/SYNTHETIC/NVILA-Lite-2B-SYNTHETIC_MIX_10PCT_80K-20260224_234537,obj1_closer,output/phasevar_5/0005_phA15_phB01.png,Is the magenta sphere closer to the camera than the cyan cube? Answer with yes or no.,No,No,26.921875,27.9375,True
/data/shared/Qwen/mydisk/output/SYNTHETIC/NVILA-Lite-2B-SYNTHETIC_MIX_10PCT_80K-20260224_234537,obj1_closer,output/phasevar_5/0005_phA15_phB02.png,Is the magenta sphere closer to the camera than the cyan cube? Answer with yes or no.,No,No,27.015625,27.875,True
/data/shared/Qwen/mydisk/output/SYNTHETIC/NVILA-Lite-2B-SYNTHETIC_MIX_10PCT_80K-20260224_234537,obj1_closer,output/phasevar_5/0005_phA15_phB03.png,Is the magenta sphere closer to the camera than the cyan cube? Answer with yes or no.,No,No,26.859375,27.171875,True
/data/shared/Qwen/mydisk/output/SYNTHETIC/NVILA-Lite-2B-SYNTHETIC_MIX_10PCT_80K-20260224_234537,obj1_closer,output/phasevar_5/0005_phA15_phB04.png,Is the magenta sphere closer to the camera than the cyan cube? Answer with yes or no.,No,No,26.671875,26.90625,True
/data/shared/Qwen/mydisk/output/SYNTHETIC/NVILA-Lite-2B-SYNTHETIC_MIX_10PCT_80K-20260224_234537,obj1_closer,output/phasevar_5/0005_phA15_phB05.png,Is the magenta sphere closer to the camera than the cyan cube? Answer with yes or no.,No,No,26.125,27.09375,True
/data/shared/Qwen/mydisk/output/SYNTHETIC/NVILA-Lite-2B-SYNTHETIC_MIX_10PCT_80K-20260224_234537,obj1_closer,output/phasevar_5/0005_phA15_phB06.png,Is the magenta sphere closer to the camera than the cyan cube? Answer with yes or no.,No,No,26.484375,27.421875,True
/data/shared/Qwen/mydisk/output/SYNTHETIC/NVILA-Lite-2B-SYNTHETIC_MIX_10PCT_80K-20260224_234537,obj1_closer,output/phasevar_5/0005_phA15_phB07.png,Is the magenta sphere closer to the camera than the cyan cube? Answer with yes or no.,No,No,26.015625,27.890625,True
/data/shared/Qwen/mydisk/output/SYNTHETIC/NVILA-Lite-2B-SYNTHETIC_MIX_10PCT_80K-20260224_234537,obj1_closer,output/phasevar_5/0005_phA15_phB08.png,Is the magenta sphere closer to the camera than the cyan cube? Answer with yes or no.,No,No,25.359375,27.03125,True
/data/shared/Qwen/mydisk/output/SYNTHETIC/NVILA-Lite-2B-SYNTHETIC_MIX_10PCT_80K-20260224_234537,obj1_closer,output/phasevar_5/0005_phA15_phB09.png,Is the magenta sphere closer to the camera than the cyan cube? Answer with yes or no.,No,No,24.84375,26.3125,True
/data/shared/Qwen/mydisk/output/SYNTHETIC/NVILA-Lite-2B-SYNTHETIC_MIX_10PCT_80K-20260224_234537,obj1_closer,output/phasevar_5/0005_phA15_phB10.png,Is the magenta sphere closer to the camera than the cyan cube? Answer with yes or no.,No,No,25.15625,26.453125,True
/data/shared/Qwen/mydisk/output/SYNTHETIC/NVILA-Lite-2B-SYNTHETIC_MIX_10PCT_80K-20260224_234537,obj1_closer,output/phasevar_5/0005_phA15_phB11.png,Is the magenta sphere closer to the camera than the cyan cube? Answer with yes or no.,No,No,24.75,26.125,True
/data/shared/Qwen/mydisk/output/SYNTHETIC/NVILA-Lite-2B-SYNTHETIC_MIX_10PCT_80K-20260224_234537,obj1_closer,output/phasevar_5/0005_phA15_phB12.png,Is the magenta sphere closer to the camera than the cyan cube? Answer with yes or no.,No,No,24.90625,26.25,True
/data/shared/Qwen/mydisk/output/SYNTHETIC/NVILA-Lite-2B-SYNTHETIC_MIX_10PCT_80K-20260224_234537,obj1_closer,output/phasevar_5/0005_phA15_phB13.png,Is the magenta sphere closer to the camera than the cyan cube? Answer with yes or no.,No,No,24.828125,26.40625,True
/data/shared/Qwen/mydisk/output/SYNTHETIC/NVILA-Lite-2B-SYNTHETIC_MIX_10PCT_80K-20260224_234537,obj1_closer,output/phasevar_5/0005_phA15_phB14.png,Is the magenta sphere closer to the camera than the cyan cube? Answer with yes or no.,No,No,24.78125,26.625,True
/data/shared/Qwen/mydisk/output/SYNTHETIC/NVILA-Lite-2B-SYNTHETIC_MIX_10PCT_80K-20260224_234537,obj1_closer,output/phasevar_5/0005_phA15_phB15.png,Is the magenta sphere closer to the camera than the cyan cube? Answer with yes or no.,No,No,25.03125,27.546875,True
/data/shared/Qwen/mydisk/output/SYNTHETIC/NVILA-Lite-2B-SYNTHETIC_MIX_10PCT_80K-20260224_234537,obj1_closer,output/phasevar_5/0006_phA00_phB00.png,Is the red cube closer to the camera than the blue cube? Answer with yes or no.,No,No,25.53125,27.921875,True
/data/shared/Qwen/mydisk/output/SYNTHETIC/NVILA-Lite-2B-SYNTHETIC_MIX_10PCT_80K-20260224_234537,obj1_closer,output/phasevar_5/0006_phA00_phB01.png,Is the red cube closer to the camera than the blue cube? Answer with yes or no.,No,No,26.09375,28.140625,True
/data/shared/Qwen/mydisk/output/SYNTHETIC/NVILA-Lite-2B-SYNTHETIC_MIX_10PCT_80K-20260224_234537,obj1_closer,output/phasevar_5/0006_phA00_phB02.png,Is the red cube closer to the camera than the blue cube? Answer with yes or no.,No,No,26.4375,28.53125,True
/data/shared/Qwen/mydisk/output/SYNTHETIC/NVILA-Lite-2B-SYNTHETIC_MIX_10PCT_80K-20260224_234537,obj1_closer,output/phasevar_5/0006_phA00_phB03.png,Is the red cube closer to the camera than the blue cube? Answer with yes or no.,No,No,25.1875,25.90625,True
/data/shared/Qwen/mydisk/output/SYNTHETIC/NVILA-Lite-2B-SYNTHETIC_MIX_10PCT_80K-20260224_234537,obj1_closer,output/phasevar_5/0006_phA00_phB04.png,Is the red cube closer to the camera than the blue cube? Answer with yes or no.,No,No,26.078125,26.609375,True
/data/shared/Qwen/mydisk/output/SYNTHETIC/NVILA-Lite-2B-SYNTHETIC_MIX_10PCT_80K-20260224_234537,obj1_closer,output/phasevar_5/0006_phA00_phB05.png,Is the red cube closer to the camera than the blue cube? Answer with yes or no.,No,No,25.03125,25.828125,True
/data/shared/Qwen/mydisk/output/SYNTHETIC/NVILA-Lite-2B-SYNTHETIC_MIX_10PCT_80K-20260224_234537,obj1_closer,output/phasevar_5/0006_phA00_phB06.png,Is the red cube closer to the camera than the blue cube? Answer with yes or no.,No,No,25.625,27.203125,True
/data/shared/Qwen/mydisk/output/SYNTHETIC/NVILA-Lite-2B-SYNTHETIC_MIX_10PCT_80K-20260224_234537,obj1_closer,output/phasevar_5/0006_phA00_phB07.png,Is the red cube closer to the camera than the blue cube? Answer with yes or no.,No,No,24.546875,25.828125,True
/data/shared/Qwen/mydisk/output/SYNTHETIC/NVILA-Lite-2B-SYNTHETIC_MIX_10PCT_80K-20260224_234537,obj1_closer,output/phasevar_5/0006_phA00_phB08.png,Is the red cube closer to the camera than the blue cube? Answer with yes or no.,No,No,24.078125,25.5,True
/data/shared/Qwen/mydisk/output/SYNTHETIC/NVILA-Lite-2B-SYNTHETIC_MIX_10PCT_80K-20260224_234537,obj1_closer,output/phasevar_5/0006_phA00_phB09.png,Is the red cube closer to the camera than the blue cube? Answer with yes or no.,No,No,23.796875,24.90625,True
/data/shared/Qwen/mydisk/output/SYNTHETIC/NVILA-Lite-2B-SYNTHETIC_MIX_10PCT_80K-20260224_234537,obj1_closer,output/phasevar_5/0006_phA00_phB10.png,Is the red cube closer to the camera than the blue cube? Answer with yes or no.,No,No,24.765625,26.109375,True
/data/shared/Qwen/mydisk/output/SYNTHETIC/NVILA-Lite-2B-SYNTHETIC_MIX_10PCT_80K-20260224_234537,obj1_closer,output/phasevar_5/0006_phA00_phB11.png,Is the red cube closer to the camera than the blue cube? Answer with yes or no.,No,No,24.265625,25.40625,True
/data/shared/Qwen/mydisk/output/SYNTHETIC/NVILA-Lite-2B-SYNTHETIC_MIX_10PCT_80K-20260224_234537,obj1_closer,output/phasevar_5/0006_phA00_phB12.png,Is the red cube closer to the camera than the blue cube? Answer with yes or no.,No,No,24.15625,25.734375,True
/data/shared/Qwen/mydisk/output/SYNTHETIC/NVILA-Lite-2B-SYNTHETIC_MIX_10PCT_80K-20260224_234537,obj1_closer,output/phasevar_5/0006_phA00_phB13.png,Is the red cube closer to the camera than the blue cube? Answer with yes or no.,No,No,23.828125,25.515625,True
/data/shared/Qwen/mydisk/output/SYNTHETIC/NVILA-Lite-2B-SYNTHETIC_MIX_10PCT_80K-20260224_234537,obj1_closer,output/phasevar_5/0006_phA00_phB14.png,Is the red cube closer to the camera than the blue cube? Answer with yes or no.,No,No,24.296875,26.015625,True
/data/shared/Qwen/mydisk/output/SYNTHETIC/NVILA-Lite-2B-SYNTHETIC_MIX_10PCT_80K-20260224_234537,obj1_closer,output/phasevar_5/0006_phA00_phB15.png,Is the red cube closer to the camera than the blue cube? Answer with yes or no.,No,No,24.953125,27.15625,True
/data/shared/Qwen/mydisk/output/SYNTHETIC/NVILA-Lite-2B-SYNTHETIC_MIX_10PCT_80K-20260224_234537,obj1_closer,output/phasevar_5/0006_phA01_phB00.png,Is the red cube closer to the camera than the blue cube? Answer with yes or no.,No,No,25.28125,27.359375,True
/data/shared/Qwen/mydisk/output/SYNTHETIC/NVILA-Lite-2B-SYNTHETIC_MIX_10PCT_80K-20260224_234537,obj1_closer,output/phasevar_5/0006_phA01_phB01.png,Is the red cube closer to the camera than the blue cube? Answer with yes or no.,No,No,25.90625,27.71875,True
/data/shared/Qwen/mydisk/output/SYNTHETIC/NVILA-Lite-2B-SYNTHETIC_MIX_10PCT_80K-20260224_234537,obj1_closer,output/phasevar_5/0006_phA01_phB02.png,Is the red cube closer to the camera than the blue cube? Answer with yes or no.,No,No,26.0625,27.9375,True
/data/shared/Qwen/mydisk/output/SYNTHETIC/NVILA-Lite-2B-SYNTHETIC_MIX_10PCT_80K-20260224_234537,obj1_closer,output/phasevar_5/0006_phA01_phB03.png,Is the red cube closer to the camera than the blue cube? Answer with yes or no.,No,No,24.796875,25.3125,True
/data/shared/Qwen/mydisk/output/SYNTHETIC/NVILA-Lite-2B-SYNTHETIC_MIX_10PCT_80K-20260224_234537,obj1_closer,output/phasevar_5/0006_phA01_phB04.png,Is the red cube closer to the camera than the blue cube? Answer with yes or no.,No,No,25.390625,25.625,True
/data/shared/Qwen/mydisk/output/SYNTHETIC/NVILA-Lite-2B-SYNTHETIC_MIX_10PCT_80K-20260224_234537,obj1_closer,output/phasevar_5/0006_phA01_phB05.png,Is the red cube closer to the camera than the blue cube? Answer with yes or no.,No,No,24.390625,25.125,True
/data/shared/Qwen/mydisk/output/SYNTHETIC/NVILA-Lite-2B-SYNTHETIC_MIX_10PCT_80K-20260224_234537,obj1_closer,output/phasevar_5/0006_phA01_phB06.png,Is the red cube closer to the camera than the blue cube? Answer with yes or no.,No,No,25.265625,26.671875,True
/data/shared/Qwen/mydisk/output/SYNTHETIC/NVILA-Lite-2B-SYNTHETIC_MIX_10PCT_80K-20260224_234537,obj1_closer,output/phasevar_5/0006_phA01_phB07.png,Is the red cube closer to the camera than the blue cube? Answer with yes or no.,No,No,24.34375,25.65625,True
/data/shared/Qwen/mydisk/output/SYNTHETIC/NVILA-Lite-2B-SYNTHETIC_MIX_10PCT_80K-20260224_234537,obj1_closer,output/phasevar_5/0006_phA01_phB08.png,Is the red cube closer to the camera than the blue cube? Answer with yes or no.,No,No,23.890625,25.0625,True
/data/shared/Qwen/mydisk/output/SYNTHETIC/NVILA-Lite-2B-SYNTHETIC_MIX_10PCT_80K-20260224_234537,obj1_closer,output/phasevar_5/0006_phA01_phB09.png,Is the red cube closer to the camera than the blue cube? Answer with yes or no.,No,No,23.6875,24.515625,True
/data/shared/Qwen/mydisk/output/SYNTHETIC/NVILA-Lite-2B-SYNTHETIC_MIX_10PCT_80K-20260224_234537,obj1_closer,output/phasevar_5/0006_phA01_phB10.png,Is the red cube closer to the camera than the blue cube? Answer with yes or no.,No,No,24.46875,25.390625,True
/data/shared/Qwen/mydisk/output/SYNTHETIC/NVILA-Lite-2B-SYNTHETIC_MIX_10PCT_80K-20260224_234537,obj1_closer,output/phasevar_5/0006_phA01_phB11.png,Is the red cube closer to the camera than the blue cube? Answer with yes or no.,No,No,24.359375,25.078125,True
/data/shared/Qwen/mydisk/output/SYNTHETIC/NVILA-Lite-2B-SYNTHETIC_MIX_10PCT_80K-20260224_234537,obj1_closer,output/phasevar_5/0006_phA01_phB12.png,Is the red cube closer to the camera than the blue cube? Answer with yes or no.,No,No,24.03125,25.21875,True
/data/shared/Qwen/mydisk/output/SYNTHETIC/NVILA-Lite-2B-SYNTHETIC_MIX_10PCT_80K-20260224_234537,obj1_closer,output/phasevar_5/0006_phA01_phB13.png,Is the red cube closer to the camera than the blue cube? Answer with yes or no.,No,No,23.671875,25.09375,True
/data/shared/Qwen/mydisk/output/SYNTHETIC/NVILA-Lite-2B-SYNTHETIC_MIX_10PCT_80K-20260224_234537,obj1_closer,output/phasevar_5/0006_phA01_phB14.png,Is the red cube closer to the camera than the blue cube? Answer with yes or no.,No,No,24.078125,25.640625,True
/data/shared/Qwen/mydisk/output/SYNTHETIC/NVILA-Lite-2B-SYNTHETIC_MIX_10PCT_80K-20260224_234537,obj1_closer,output/phasevar_5/0006_phA01_phB15.png,Is the red cube closer to the camera than the blue cube? Answer with yes or no.,No,No,24.671875,26.625,True
/data/shared/Qwen/mydisk/output/SYNTHETIC/NVILA-Lite-2B-SYNTHETIC_MIX_10PCT_80K-20260224_234537,obj1_closer,output/phasevar_5/0006_phA02_phB00.png,Is the red cube closer to the camera than the blue cube? Answer with yes or no.,No,No,24.828125,26.4375,True
/data/shared/Qwen/mydisk/output/SYNTHETIC/NVILA-Lite-2B-SYNTHETIC_MIX_10PCT_80K-20260224_234537,obj1_closer,output/phasevar_5/0006_phA02_phB01.png,Is the red cube closer to the camera than the blue cube? Answer with yes or no.,No,No,25.640625,27.671875,True
/data/shared/Qwen/mydisk/output/SYNTHETIC/NVILA-Lite-2B-SYNTHETIC_MIX_10PCT_80K-20260224_234537,obj1_closer,output/phasevar_5/0006_phA02_phB02.png,Is the red cube closer to the camera than the blue cube? Answer with yes or no.,No,No,25.953125,27.890625,True
/data/shared/Qwen/mydisk/output/SYNTHETIC/NVILA-Lite-2B-SYNTHETIC_MIX_10PCT_80K-20260224_234537,obj1_closer,output/phasevar_5/0006_phA02_phB03.png,Is the red cube closer to the camera than the blue cube? Answer with yes or no.,No,No,24.78125,26.015625,True
/data/shared/Qwen/mydisk/output/SYNTHETIC/NVILA-Lite-2B-SYNTHETIC_MIX_10PCT_80K-20260224_234537,obj1_closer,output/phasevar_5/0006_phA02_phB04.png,Is the red cube closer to the camera than the blue cube? Answer with yes or no.,No,No,24.390625,25.1875,True
/data/shared/Qwen/mydisk/output/SYNTHETIC/NVILA-Lite-2B-SYNTHETIC_MIX_10PCT_80K-20260224_234537,obj1_closer,output/phasevar_5/0006_phA02_phB05.png,Is the red cube closer to the camera than the blue cube? Answer with yes or no.,No,No,23.796875,24.9375,True
/data/shared/Qwen/mydisk/output/SYNTHETIC/NVILA-Lite-2B-SYNTHETIC_MIX_10PCT_80K-20260224_234537,obj1_closer,output/phasevar_5/0006_phA02_phB06.png,Is the red cube closer to the camera than the blue cube? Answer with yes or no.,No,No,24.890625,26.25,True
/data/shared/Qwen/mydisk/output/SYNTHETIC/NVILA-Lite-2B-SYNTHETIC_MIX_10PCT_80K-20260224_234537,obj1_closer,output/phasevar_5/0006_phA02_phB07.png,Is the red cube closer to the camera than the blue cube? Answer with yes or no.,No,No,23.96875,25.0,True
/data/shared/Qwen/mydisk/output/SYNTHETIC/NVILA-Lite-2B-SYNTHETIC_MIX_10PCT_80K-20260224_234537,obj1_closer,output/phasevar_5/0006_phA02_phB08.png,Is the red cube closer to the camera than the blue cube? Answer with yes or no.,No,No,23.640625,24.375,True
/data/shared/Qwen/mydisk/output/SYNTHETIC/NVILA-Lite-2B-SYNTHETIC_MIX_10PCT_80K-20260224_234537,obj1_closer,output/phasevar_5/0006_phA02_phB09.png,Is the red cube closer to the camera than the blue cube? Answer with yes or no.,No,No,23.625,23.96875,True
/data/shared/Qwen/mydisk/output/SYNTHETIC/NVILA-Lite-2B-SYNTHETIC_MIX_10PCT_80K-20260224_234537,obj1_closer,output/phasevar_5/0006_phA02_phB10.png,Is the red cube closer to the camera than the blue cube? Answer with yes or no.,No,No,24.296875,25.15625,True
/data/shared/Qwen/mydisk/output/SYNTHETIC/NVILA-Lite-2B-SYNTHETIC_MIX_10PCT_80K-20260224_234537,obj1_closer,output/phasevar_5/0006_phA02_phB11.png,Is the red cube closer to the camera than the blue cube? Answer with yes or no.,No,No,24.234375,24.828125,True
/data/shared/Qwen/mydisk/output/SYNTHETIC/NVILA-Lite-2B-SYNTHETIC_MIX_10PCT_80K-20260224_234537,obj1_closer,output/phasevar_5/0006_phA02_phB12.png,Is the red cube closer to the camera than the blue cube? Answer with yes or no.,No,No,23.875,24.828125,True
/data/shared/Qwen/mydisk/output/SYNTHETIC/NVILA-Lite-2B-SYNTHETIC_MIX_10PCT_80K-20260224_234537,obj1_closer,output/phasevar_5/0006_phA02_phB13.png,Is the red cube closer to the camera than the blue cube? Answer with yes or no.,No,No,23.609375,24.8125,True
/data/shared/Qwen/mydisk/output/SYNTHETIC/NVILA-Lite-2B-SYNTHETIC_MIX_10PCT_80K-20260224_234537,obj1_closer,output/phasevar_5/0006_phA02_phB14.png,Is the red cube closer to the camera than the blue cube? Answer with yes or no.,No,No,23.96875,25.265625,True
/data/shared/Qwen/mydisk/output/SYNTHETIC/NVILA-Lite-2B-SYNTHETIC_MIX_10PCT_80K-20260224_234537,obj1_closer,output/phasevar_5/0006_phA02_phB15.png,Is the red cube closer to the camera than the blue cube? Answer with yes or no.,No,No,24.28125,25.9375,True
/data/shared/Qwen/mydisk/output/SYNTHETIC/NVILA-Lite-2B-SYNTHETIC_MIX_10PCT_80K-20260224_234537,obj1_closer,output/phasevar_5/0006_phA03_phB00.png,Is the red cube closer to the camera than the blue cube? Answer with yes or no.,No,No,24.46875,26.09375,True
/data/shared/Qwen/mydisk/output/SYNTHETIC/NVILA-Lite-2B-SYNTHETIC_MIX_10PCT_80K-20260224_234537,obj1_closer,output/phasevar_5/0006_phA03_phB01.png,Is the red cube closer to the camera than the blue cube? Answer with yes or no.,No,No,25.390625,27.15625,True
/data/shared/Qwen/mydisk/output/SYNTHETIC/NVILA-Lite-2B-SYNTHETIC_MIX_10PCT_80K-20260224_234537,obj1_closer,output/phasevar_5/0006_phA03_phB02.png,Is the red cube closer to the camera than the blue cube? Answer with yes or no.,No,No,25.765625,27.484375,True
/data/shared/Qwen/mydisk/output/SYNTHETIC/NVILA-Lite-2B-SYNTHETIC_MIX_10PCT_80K-20260224_234537,obj1_closer,output/phasevar_5/0006_phA03_phB03.png,Is the red cube closer to the camera than the blue cube? Answer with yes or no.,No,No,25.015625,26.4375,True
/data/shared/Qwen/mydisk/output/SYNTHETIC/NVILA-Lite-2B-SYNTHETIC_MIX_10PCT_80K-20260224_234537,obj1_closer,output/phasevar_5/0006_phA03_phB04.png,Is the red cube closer to the camera than the blue cube? Answer with yes or no.,No,No,24.96875,26.3125,True
/data/shared/Qwen/mydisk/output/SYNTHETIC/NVILA-Lite-2B-SYNTHETIC_MIX_10PCT_80K-20260224_234537,obj1_closer,output/phasevar_5/0006_phA03_phB05.png,Is the red cube closer to the camera than the blue cube? Answer with yes or no.,No,No,24.203125,25.578125,True
/data/shared/Qwen/mydisk/output/SYNTHETIC/NVILA-Lite-2B-SYNTHETIC_MIX_10PCT_80K-20260224_234537,obj1_closer,output/phasevar_5/0006_phA03_phB06.png,Is the red cube closer to the camera than the blue cube? Answer with yes or no.,No,No,25.078125,26.5625,True
/data/shared/Qwen/mydisk/output/SYNTHETIC/NVILA-Lite-2B-SYNTHETIC_MIX_10PCT_80K-20260224_234537,obj1_closer,output/phasevar_5/0006_phA03_phB07.png,Is the red cube closer to the camera than the blue cube? Answer with yes or no.,No,No,24.390625,25.921875,True
/data/shared/Qwen/mydisk/output/SYNTHETIC/NVILA-Lite-2B-SYNTHETIC_MIX_10PCT_80K-20260224_234537,obj1_closer,output/phasevar_5/0006_phA03_phB08.png,Is the red cube closer to the camera than the blue cube? Answer with yes or no.,No,No,23.90625,25.171875,True
/data/shared/Qwen/mydisk/output/SYNTHETIC/NVILA-Lite-2B-SYNTHETIC_MIX_10PCT_80K-20260224_234537,obj1_closer,output/phasevar_5/0006_phA03_phB09.png,Is the red cube closer to the camera than the blue cube? Answer with yes or no.,No,No,23.578125,24.453125,True
/data/shared/Qwen/mydisk/output/SYNTHETIC/NVILA-Lite-2B-SYNTHETIC_MIX_10PCT_80K-20260224_234537,obj1_closer,output/phasevar_5/0006_phA03_phB10.png,Is the red cube closer to the camera than the blue cube? Answer with yes or no.,No,No,24.078125,25.171875,True
/data/shared/Qwen/mydisk/output/SYNTHETIC/NVILA-Lite-2B-SYNTHETIC_MIX_10PCT_80K-20260224_234537,obj1_closer,output/phasevar_5/0006_phA03_phB11.png,Is the red cube closer to the camera than the blue cube? Answer with yes or no.,No,No,23.640625,24.578125,True
/data/shared/Qwen/mydisk/output/SYNTHETIC/NVILA-Lite-2B-SYNTHETIC_MIX_10PCT_80K-20260224_234537,obj1_closer,output/phasevar_5/0006_phA03_phB12.png,Is the red cube closer to the camera than the blue cube? Answer with yes or no.,No,No,23.546875,24.8125,True
/data/shared/Qwen/mydisk/output/SYNTHETIC/NVILA-Lite-2B-SYNTHETIC_MIX_10PCT_80K-20260224_234537,obj1_closer,output/phasevar_5/0006_phA03_phB13.png,Is the red cube closer to the camera than the blue cube? Answer with yes or no.,No,No,23.546875,24.984375,True
/data/shared/Qwen/mydisk/output/SYNTHETIC/NVILA-Lite-2B-SYNTHETIC_MIX_10PCT_80K-20260224_234537,obj1_closer,output/phasevar_5/0006_phA03_phB14.png,Is the red cube closer to the camera than the blue cube? Answer with yes or no.,No,No,24.0625,25.21875,True
/data/shared/Qwen/mydisk/output/SYNTHETIC/NVILA-Lite-2B-SYNTHETIC_MIX_10PCT_80K-20260224_234537,obj1_closer,output/phasevar_5/0006_phA03_phB15.png,Is the red cube closer to the camera than the blue cube? Answer with yes or no.,No,No,24.296875,25.84375,True
/data/shared/Qwen/mydisk/output/SYNTHETIC/NVILA-Lite-2B-SYNTHETIC_MIX_10PCT_80K-20260224_234537,obj1_closer,output/phasevar_5/0006_phA04_phB00.png,Is the red cube closer to the camera than the blue cube? Answer with yes or no.,No,No,24.390625,25.875,True
/data/shared/Qwen/mydisk/output/SYNTHETIC/NVILA-Lite-2B-SYNTHETIC_MIX_10PCT_80K-20260224_234537,obj1_closer,output/phasevar_5/0006_phA04_phB01.png,Is the red cube closer to the camera than the blue cube? Answer with yes or no.,No,No,25.203125,26.71875,True
/data/shared/Qwen/mydisk/output/SYNTHETIC/NVILA-Lite-2B-SYNTHETIC_MIX_10PCT_80K-20260224_234537,obj1_closer,output/phasevar_5/0006_phA04_phB02.png,Is the red cube closer to the camera than the blue cube? Answer with yes or no.,No,No,25.46875,27.28125,True
/data/shared/Qwen/mydisk/output/SYNTHETIC/NVILA-Lite-2B-SYNTHETIC_MIX_10PCT_80K-20260224_234537,obj1_closer,output/phasevar_5/0006_phA04_phB03.png,Is the red cube closer to the camera than the blue cube? Answer with yes or no.,No,No,24.59375,25.875,True
/data/shared/Qwen/mydisk/output/SYNTHETIC/NVILA-Lite-2B-SYNTHETIC_MIX_10PCT_80K-20260224_234537,obj1_closer,output/phasevar_5/0006_phA04_phB04.png,Is the red cube closer to the camera than the blue cube? Answer with yes or no.,No,No,25.09375,26.4375,True
/data/shared/Qwen/mydisk/output/SYNTHETIC/NVILA-Lite-2B-SYNTHETIC_MIX_10PCT_80K-20260224_234537,obj1_closer,output/phasevar_5/0006_phA04_phB05.png,Is the red cube closer to the camera than the blue cube? Answer with yes or no.,No,No,24.296875,25.6875,True
/data/shared/Qwen/mydisk/output/SYNTHETIC/NVILA-Lite-2B-SYNTHETIC_MIX_10PCT_80K-20260224_234537,obj1_closer,output/phasevar_5/0006_phA04_phB06.png,Is the red cube closer to the camera than the blue cube? Answer with yes or no.,No,No,25.125,26.6875,True
/data/shared/Qwen/mydisk/output/SYNTHETIC/NVILA-Lite-2B-SYNTHETIC_MIX_10PCT_80K-20260224_234537,obj1_closer,output/phasevar_5/0006_phA04_phB07.png,Is the red cube closer to the camera than the blue cube? Answer with yes or no.,No,No,24.40625,26.03125,True
/data/shared/Qwen/mydisk/output/SYNTHETIC/NVILA-Lite-2B-SYNTHETIC_MIX_10PCT_80K-20260224_234537,obj1_closer,output/phasevar_5/0006_phA04_phB08.png,Is the red cube closer to the camera than the blue cube? Answer with yes or no.,No,No,24.0,25.328125,True
/data/shared/Qwen/mydisk/output/SYNTHETIC/NVILA-Lite-2B-SYNTHETIC_MIX_10PCT_80K-20260224_234537,obj1_closer,output/phasevar_5/0006_phA04_phB09.png,Is the red cube closer to the camera than the blue cube? Answer with yes or no.,No,No,23.421875,24.5625,True
/data/shared/Qwen/mydisk/output/SYNTHETIC/NVILA-Lite-2B-SYNTHETIC_MIX_10PCT_80K-20260224_234537,obj1_closer,output/phasevar_5/0006_phA04_phB10.png,Is the red cube closer to the camera than the blue cube? Answer with yes or no.,No,No,24.125,25.421875,True
/data/shared/Qwen/mydisk/output/SYNTHETIC/NVILA-Lite-2B-SYNTHETIC_MIX_10PCT_80K-20260224_234537,obj1_closer,output/phasevar_5/0006_phA04_phB11.png,Is the red cube closer to the camera than the blue cube? Answer with yes or no.,No,No,23.921875,25.203125,True
/data/shared/Qwen/mydisk/output/SYNTHETIC/NVILA-Lite-2B-SYNTHETIC_MIX_10PCT_80K-20260224_234537,obj1_closer,output/phasevar_5/0006_phA04_phB12.png,Is the red cube closer to the camera than the blue cube? Answer with yes or no.,No,No,23.671875,25.0,True
/data/shared/Qwen/mydisk/output/SYNTHETIC/NVILA-Lite-2B-SYNTHETIC_MIX_10PCT_80K-20260224_234537,obj1_closer,output/phasevar_5/0006_phA04_phB13.png,Is the red cube closer to the camera than the blue cube? Answer with yes or no.,No,No,23.6875,25.1875,True
/data/shared/Qwen/mydisk/output/SYNTHETIC/NVILA-Lite-2B-SYNTHETIC_MIX_10PCT_80K-20260224_234537,obj1_closer,output/phasevar_5/0006_phA04_phB14.png,Is the red cube closer to the camera than the blue cube? Answer with yes or no.,No,No,23.921875,25.03125,True
/data/shared/Qwen/mydisk/output/SYNTHETIC/NVILA-Lite-2B-SYNTHETIC_MIX_10PCT_80K-20260224_234537,obj1_closer,output/phasevar_5/0006_phA04_phB15.png,Is the red cube closer to the camera than the blue cube? Answer with yes or no.,No,No,24.09375,25.59375,True
/data/shared/Qwen/mydisk/output/SYNTHETIC/NVILA-Lite-2B-SYNTHETIC_MIX_10PCT_80K-20260224_234537,obj1_closer,output/phasevar_5/0006_phA05_phB00.png,Is the red cube closer to the camera than the blue cube? Answer with yes or no.,No,No,24.671875,26.03125,True
/data/shared/Qwen/mydisk/output/SYNTHETIC/NVILA-Lite-2B-SYNTHETIC_MIX_10PCT_80K-20260224_234537,obj1_closer,output/phasevar_5/0006_phA05_phB01.png,Is the red cube closer to the camera than the blue cube? Answer with yes or no.,No,No,25.296875,26.640625,True
/data/shared/Qwen/mydisk/output/SYNTHETIC/NVILA-Lite-2B-SYNTHETIC_MIX_10PCT_80K-20260224_234537,obj1_closer,output/phasevar_5/0006_phA05_phB02.png,Is the red cube closer to the camera than the blue cube? Answer with yes or no.,No,No,25.65625,26.984375,True
/data/shared/Qwen/mydisk/output/SYNTHETIC/NVILA-Lite-2B-SYNTHETIC_MIX_10PCT_80K-20260224_234537,obj1_closer,output/phasevar_5/0006_phA05_phB03.png,Is the red cube closer to the camera than the blue cube? Answer with yes or no.,No,No,24.578125,25.875,True
/data/shared/Qwen/mydisk/output/SYNTHETIC/NVILA-Lite-2B-SYNTHETIC_MIX_10PCT_80K-20260224_234537,obj1_closer,output/phasevar_5/0006_phA05_phB04.png,Is the red cube closer to the camera than the blue cube? Answer with yes or no.,No,No,25.03125,26.5625,True
/data/shared/Qwen/mydisk/output/SYNTHETIC/NVILA-Lite-2B-SYNTHETIC_MIX_10PCT_80K-20260224_234537,obj1_closer,output/phasevar_5/0006_phA05_phB05.png,Is the red cube closer to the camera than the blue cube? Answer with yes or no.,No,No,24.65625,26.109375,True
/data/shared/Qwen/mydisk/output/SYNTHETIC/NVILA-Lite-2B-SYNTHETIC_MIX_10PCT_80K-20260224_234537,obj1_closer,output/phasevar_5/0006_phA05_phB06.png,Is the red cube closer to the camera than the blue cube? Answer with yes or no.,No,No,25.203125,26.703125,True
/data/shared/Qwen/mydisk/output/SYNTHETIC/NVILA-Lite-2B-SYNTHETIC_MIX_10PCT_80K-20260224_234537,obj1_closer,output/phasevar_5/0006_phA05_phB07.png,Is the red cube closer to the camera than the blue cube? Answer with yes or no.,No,No,24.671875,26.40625,True
/data/shared/Qwen/mydisk/output/SYNTHETIC/NVILA-Lite-2B-SYNTHETIC_MIX_10PCT_80K-20260224_234537,obj1_closer,output/phasevar_5/0006_phA05_phB08.png,Is the red cube closer to the camera than the blue cube? Answer with yes or no.,No,No,24.078125,25.453125,True
/data/shared/Qwen/mydisk/output/SYNTHETIC/NVILA-Lite-2B-SYNTHETIC_MIX_10PCT_80K-20260224_234537,obj1_closer,output/phasevar_5/0006_phA05_phB09.png,Is the red cube closer to the camera than the blue cube? Answer with yes or no.,No,No,23.484375,24.921875,True
/data/shared/Qwen/mydisk/output/SYNTHETIC/NVILA-Lite-2B-SYNTHETIC_MIX_10PCT_80K-20260224_234537,obj1_closer,output/phasevar_5/0006_phA05_phB10.png,Is the red cube closer to the camera than the blue cube? Answer with yes or no.,No,No,24.109375,25.609375,True
/data/shared/Qwen/mydisk/output/SYNTHETIC/NVILA-Lite-2B-SYNTHETIC_MIX_10PCT_80K-20260224_234537,obj1_closer,output/phasevar_5/0006_phA05_phB11.png,Is the red cube closer to the camera than the blue cube? Answer with yes or no.,No,No,23.671875,25.234375,True
/data/shared/Qwen/mydisk/output/SYNTHETIC/NVILA-Lite-2B-SYNTHETIC_MIX_10PCT_80K-20260224_234537,obj1_closer,output/phasevar_5/0006_phA05_phB12.png,Is the red cube closer to the camera than the blue cube? Answer with yes or no.,No,No,23.6875,25.03125,True
/data/shared/Qwen/mydisk/output/SYNTHETIC/NVILA-Lite-2B-SYNTHETIC_MIX_10PCT_80K-20260224_234537,obj1_closer,output/phasevar_5/0006_phA05_phB13.png,Is the red cube closer to the camera than the blue cube? Answer with yes or no.,No,No,23.828125,25.1875,True
/data/shared/Qwen/mydisk/output/SYNTHETIC/NVILA-Lite-2B-SYNTHETIC_MIX_10PCT_80K-20260224_234537,obj1_closer,output/phasevar_5/0006_phA05_phB14.png,Is the red cube closer to the camera than the blue cube? Answer with yes or no.,No,No,24.09375,25.0625,True
/data/shared/Qwen/mydisk/output/SYNTHETIC/NVILA-Lite-2B-SYNTHETIC_MIX_10PCT_80K-20260224_234537,obj1_closer,output/phasevar_5/0006_phA05_phB15.png,Is the red cube closer to the camera than the blue cube? Answer with yes or no.,No,No,24.28125,25.6875,True
/data/shared/Qwen/mydisk/output/SYNTHETIC/NVILA-Lite-2B-SYNTHETIC_MIX_10PCT_80K-20260224_234537,obj1_closer,output/phasevar_5/0006_phA06_phB00.png,Is the red cube closer to the camera than the blue cube? Answer with yes or no.,No,No,24.859375,25.796875,True
/data/shared/Qwen/mydisk/output/SYNTHETIC/NVILA-Lite-2B-SYNTHETIC_MIX_10PCT_80K-20260224_234537,obj1_closer,output/phasevar_5/0006_phA06_phB01.png,Is the red cube closer to the camera than the blue cube? Answer with yes or no.,No,No,25.265625,26.1875,True
/data/shared/Qwen/mydisk/output/SYNTHETIC/NVILA-Lite-2B-SYNTHETIC_MIX_10PCT_80K-20260224_234537,obj1_closer,output/phasevar_5/0006_phA06_phB02.png,Is the red cube closer to the camera than the blue cube? Answer with yes or no.,No,No,25.78125,26.828125,True
/data/shared/Qwen/mydisk/output/SYNTHETIC/NVILA-Lite-2B-SYNTHETIC_MIX_10PCT_80K-20260224_234537,obj1_closer,output/phasevar_5/0006_phA06_phB03.png,Is the red cube closer to the camera than the blue cube? Answer with yes or no.,No,No,24.578125,25.296875,True
/data/shared/Qwen/mydisk/output/SYNTHETIC/NVILA-Lite-2B-SYNTHETIC_MIX_10PCT_80K-20260224_234537,obj1_closer,output/phasevar_5/0006_phA06_phB04.png,Is the red cube closer to the camera than the blue cube? Answer with yes or no.,No,No,25.140625,25.90625,True
/data/shared/Qwen/mydisk/output/SYNTHETIC/NVILA-Lite-2B-SYNTHETIC_MIX_10PCT_80K-20260224_234537,obj1_closer,output/phasevar_5/0006_phA06_phB05.png,Is the red cube closer to the camera than the blue cube? Answer with yes or no.,No,No,24.421875,25.703125,True
/data/shared/Qwen/mydisk/output/SYNTHETIC/NVILA-Lite-2B-SYNTHETIC_MIX_10PCT_80K-20260224_234537,obj1_closer,output/phasevar_5/0006_phA06_phB06.png,Is the red cube closer to the camera than the blue cube? Answer with yes or no.,No,No,25.46875,27.1875,True
/data/shared/Qwen/mydisk/output/SYNTHETIC/NVILA-Lite-2B-SYNTHETIC_MIX_10PCT_80K-20260224_234537,obj1_closer,output/phasevar_5/0006_phA06_phB07.png,Is the red cube closer to the camera than the blue cube? Answer with yes or no.,No,No,24.875,26.671875,True
/data/shared/Qwen/mydisk/output/SYNTHETIC/NVILA-Lite-2B-SYNTHETIC_MIX_10PCT_80K-20260224_234537,obj1_closer,output/phasevar_5/0006_phA06_phB08.png,Is the red cube closer to the camera than the blue cube? Answer with yes or no.,No,No,24.0625,25.484375,True
/data/shared/Qwen/mydisk/output/SYNTHETIC/NVILA-Lite-2B-SYNTHETIC_MIX_10PCT_80K-20260224_234537,obj1_closer,output/phasevar_5/0006_phA06_phB09.png,Is the red cube closer to the camera than the blue cube? Answer with yes or no.,No,No,23.546875,25.09375,True
/data/shared/Qwen/mydisk/output/SYNTHETIC/NVILA-Lite-2B-SYNTHETIC_MIX_10PCT_80K-20260224_234537,obj1_closer,output/phasevar_5/0006_phA06_phB10.png,Is the red cube closer to the camera than the blue cube? Answer with yes or no.,No,No,24.234375,25.90625,True
/data/shared/Qwen/mydisk/output/SYNTHETIC/NVILA-Lite-2B-SYNTHETIC_MIX_10PCT_80K-20260224_234537,obj1_closer,output/phasevar_5/0006_phA06_phB11.png,Is the red cube closer to the camera than the blue cube? Answer with yes or no.,No,No,24.265625,25.171875,True
/data/shared/Qwen/mydisk/output/SYNTHETIC/NVILA-Lite-2B-SYNTHETIC_MIX_10PCT_80K-20260224_234537,obj1_closer,output/phasevar_5/0006_phA06_phB12.png,Is the red cube closer to the camera than the blue cube? Answer with yes or no.,No,No,24.546875,25.09375,True
/data/shared/Qwen/mydisk/output/SYNTHETIC/NVILA-Lite-2B-SYNTHETIC_MIX_10PCT_80K-20260224_234537,obj1_closer,output/phasevar_5/0006_phA06_phB13.png,Is the red cube closer to the camera than the blue cube? Answer with yes or no.,No,No,24.546875,25.109375,True
/data/shared/Qwen/mydisk/output/SYNTHETIC/NVILA-Lite-2B-SYNTHETIC_MIX_10PCT_80K-20260224_234537,obj1_closer,output/phasevar_5/0006_phA06_phB14.png,Is the red cube closer to the camera than the blue cube? Answer with yes or no.,No,No,24.34375,25.0,True
/data/shared/Qwen/mydisk/output/SYNTHETIC/NVILA-Lite-2B-SYNTHETIC_MIX_10PCT_80K-20260224_234537,obj1_closer,output/phasevar_5/0006_phA06_phB15.png,Is the red cube closer to the camera than the blue cube? Answer with yes or no.,No,No,24.5,25.4375,True
/data/shared/Qwen/mydisk/output/SYNTHETIC/NVILA-Lite-2B-SYNTHETIC_MIX_10PCT_80K-20260224_234537,obj1_closer,output/phasevar_5/0006_phA07_phB00.png,Is the red cube closer to the camera than the blue cube? Answer with yes or no.,No,No,25.125,26.15625,True
/data/shared/Qwen/mydisk/output/SYNTHETIC/NVILA-Lite-2B-SYNTHETIC_MIX_10PCT_80K-20260224_234537,obj1_closer,output/phasevar_5/0006_phA07_phB01.png,Is the red cube closer to the camera than the blue cube? Answer with yes or no.,No,No,25.734375,26.796875,True
/data/shared/Qwen/mydisk/output/SYNTHETIC/NVILA-Lite-2B-SYNTHETIC_MIX_10PCT_80K-20260224_234537,obj1_closer,output/phasevar_5/0006_phA07_phB02.png,Is the red cube closer to the camera than the blue cube? Answer with yes or no.,No,No,26.1875,27.234375,True
/data/shared/Qwen/mydisk/output/SYNTHETIC/NVILA-Lite-2B-SYNTHETIC_MIX_10PCT_80K-20260224_234537,obj1_closer,output/phasevar_5/0006_phA07_phB03.png,Is the red cube closer to the camera than the blue cube? Answer with yes or no.,No,No,25.40625,25.984375,True
/data/shared/Qwen/mydisk/output/SYNTHETIC/NVILA-Lite-2B-SYNTHETIC_MIX_10PCT_80K-20260224_234537,obj1_closer,output/phasevar_5/0006_phA07_phB04.png,Is the red cube closer to the camera than the blue cube? Answer with yes or no.,No,No,25.84375,25.890625,True
/data/shared/Qwen/mydisk/output/SYNTHETIC/NVILA-Lite-2B-SYNTHETIC_MIX_10PCT_80K-20260224_234537,obj1_closer,output/phasevar_5/0006_phA07_phB05.png,Is the red cube closer to the camera than the blue cube? Answer with yes or no.,No,No,24.875,25.734375,True
/data/shared/Qwen/mydisk/output/SYNTHETIC/NVILA-Lite-2B-SYNTHETIC_MIX_10PCT_80K-20260224_234537,obj1_closer,output/phasevar_5/0006_phA07_phB06.png,Is the red cube closer to the camera than the blue cube? Answer with yes or no.,No,No,25.59375,27.171875,True
/data/shared/Qwen/mydisk/output/SYNTHETIC/NVILA-Lite-2B-SYNTHETIC_MIX_10PCT_80K-20260224_234537,obj1_closer,output/phasevar_5/0006_phA07_phB07.png,Is the red cube closer to the camera than the blue cube? Answer with yes or no.,No,No,25.203125,26.921875,True
/data/shared/Qwen/mydisk/output/SYNTHETIC/NVILA-Lite-2B-SYNTHETIC_MIX_10PCT_80K-20260224_234537,obj1_closer,output/phasevar_5/0006_phA07_phB08.png,Is the red cube closer to the camera than the blue cube? Answer with yes or no.,No,No,24.78125,26.4375,True
/data/shared/Qwen/mydisk/output/SYNTHETIC/NVILA-Lite-2B-SYNTHETIC_MIX_10PCT_80K-20260224_234537,obj1_closer,output/phasevar_5/0006_phA07_phB09.png,Is the red cube closer to the camera than the blue cube? Answer with yes or no.,No,No,24.015625,25.5625,True
/data/shared/Qwen/mydisk/output/SYNTHETIC/NVILA-Lite-2B-SYNTHETIC_MIX_10PCT_80K-20260224_234537,obj1_closer,output/phasevar_5/0006_phA07_phB10.png,Is the red cube closer to the camera than the blue cube? Answer with yes or no.,No,No,24.40625,25.984375,True
/data/shared/Qwen/mydisk/output/SYNTHETIC/NVILA-Lite-2B-SYNTHETIC_MIX_10PCT_80K-20260224_234537,obj1_closer,output/phasevar_5/0006_phA07_phB11.png,Is the red cube closer to the camera than the blue cube? Answer with yes or no.,No,No,23.9375,25.03125,True
/data/shared/Qwen/mydisk/output/SYNTHETIC/NVILA-Lite-2B-SYNTHETIC_MIX_10PCT_80K-20260224_234537,obj1_closer,output/phasevar_5/0006_phA07_phB12.png,Is the red cube closer to the camera than the blue cube? Answer with yes or no.,No,No,24.359375,24.890625,True
/data/shared/Qwen/mydisk/output/SYNTHETIC/NVILA-Lite-2B-SYNTHETIC_MIX_10PCT_80K-20260224_234537,obj1_closer,output/phasevar_5/0006_phA07_phB13.png,Is the red cube closer to the camera than the blue cube? Answer with yes or no.,No,No,24.234375,24.9375,True
/data/shared/Qwen/mydisk/output/SYNTHETIC/NVILA-Lite-2B-SYNTHETIC_MIX_10PCT_80K-20260224_234537,obj1_closer,output/phasevar_5/0006_phA07_phB14.png,Is the red cube closer to the camera than the blue cube? Answer with yes or no.,No,No,24.421875,25.203125,True
/data/shared/Qwen/mydisk/output/SYNTHETIC/NVILA-Lite-2B-SYNTHETIC_MIX_10PCT_80K-20260224_234537,obj1_closer,output/phasevar_5/0006_phA07_phB15.png,Is the red cube closer to the camera than the blue cube? Answer with yes or no.,No,No,24.796875,25.875,True
/data/shared/Qwen/mydisk/output/SYNTHETIC/NVILA-Lite-2B-SYNTHETIC_MIX_10PCT_80K-20260224_234537,obj1_closer,output/phasevar_5/0006_phA08_phB00.png,Is the red cube closer to the camera than the blue cube? Answer with yes or no.,No,No,25.1875,26.28125,True
/data/shared/Qwen/mydisk/output/SYNTHETIC/NVILA-Lite-2B-SYNTHETIC_MIX_10PCT_80K-20260224_234537,obj1_closer,output/phasevar_5/0006_phA08_phB01.png,Is the red cube closer to the camera than the blue cube? Answer with yes or no.,No,No,25.875,27.09375,True
/data/shared/Qwen/mydisk/output/SYNTHETIC/NVILA-Lite-2B-SYNTHETIC_MIX_10PCT_80K-20260224_234537,obj1_closer,output/phasevar_5/0006_phA08_phB02.png,Is the red cube closer to the camera than the blue cube? Answer with yes or no.,No,No,26.265625,27.265625,True
/data/shared/Qwen/mydisk/output/SYNTHETIC/NVILA-Lite-2B-SYNTHETIC_MIX_10PCT_80K-20260224_234537,obj1_closer,output/phasevar_5/0006_phA08_phB03.png,Is the red cube closer to the camera than the blue cube? Answer with yes or no.,No,No,26.015625,26.40625,True
/data/shared/Qwen/mydisk/output/SYNTHETIC/NVILA-Lite-2B-SYNTHETIC_MIX_10PCT_80K-20260224_234537,obj1_closer,output/phasevar_5/0006_phA08_phB04.png,Is the red cube closer to the camera than the blue cube? Answer with yes or no.,No,Yes,26.453125,26.359375,False
/data/shared/Qwen/mydisk/output/SYNTHETIC/NVILA-Lite-2B-SYNTHETIC_MIX_10PCT_80K-20260224_234537,obj1_closer,output/phasevar_5/0006_phA08_phB05.png,Is the red cube closer to the camera than the blue cube? Answer with yes or no.,No,No,25.375,26.203125,True
/data/shared/Qwen/mydisk/output/SYNTHETIC/NVILA-Lite-2B-SYNTHETIC_MIX_10PCT_80K-20260224_234537,obj1_closer,output/phasevar_5/0006_phA08_phB06.png,Is the red cube closer to the camera than the blue cube? Answer with yes or no.,No,No,25.5625,27.125,True
/data/shared/Qwen/mydisk/output/SYNTHETIC/NVILA-Lite-2B-SYNTHETIC_MIX_10PCT_80K-20260224_234537,obj1_closer,output/phasevar_5/0006_phA08_phB07.png,Is the red cube closer to the camera than the blue cube? Answer with yes or no.,No,No,24.984375,26.640625,True
/data/shared/Qwen/mydisk/output/SYNTHETIC/NVILA-Lite-2B-SYNTHETIC_MIX_10PCT_80K-20260224_234537,obj1_closer,output/phasevar_5/0006_phA08_phB08.png,Is the red cube closer to the camera than the blue cube? Answer with yes or no.,No,No,24.640625,26.546875,True
/data/shared/Qwen/mydisk/output/SYNTHETIC/NVILA-Lite-2B-SYNTHETIC_MIX_10PCT_80K-20260224_234537,obj1_closer,output/phasevar_5/0006_phA08_phB09.png,Is the red cube closer to the camera than the blue cube? Answer with yes or no.,No,No,24.09375,25.859375,True
/data/shared/Qwen/mydisk/output/SYNTHETIC/NVILA-Lite-2B-SYNTHETIC_MIX_10PCT_80K-20260224_234537,obj1_closer,output/phasevar_5/0006_phA08_phB10.png,Is the red cube closer to the camera than the blue cube? Answer with yes or no.,No,No,24.515625,26.4375,True
/data/shared/Qwen/mydisk/output/SYNTHETIC/NVILA-Lite-2B-SYNTHETIC_MIX_10PCT_80K-20260224_234537,obj1_closer,output/phasevar_5/0006_phA08_phB11.png,Is the red cube closer to the camera than the blue cube? Answer with yes or no.,No,No,24.015625,25.578125,True
/data/shared/Qwen/mydisk/output/SYNTHETIC/NVILA-Lite-2B-SYNTHETIC_MIX_10PCT_80K-20260224_234537,obj1_closer,output/phasevar_5/0006_phA08_phB12.png,Is the red cube closer to the camera than the blue cube? Answer with yes or no.,No,No,24.40625,25.296875,True
/data/shared/Qwen/mydisk/output/SYNTHETIC/NVILA-Lite-2B-SYNTHETIC_MIX_10PCT_80K-20260224_234537,obj1_closer,output/phasevar_5/0006_phA08_phB13.png,Is the red cube closer to the camera than the blue cube? Answer with yes or no.,No,No,24.25,25.234375,True
/data/shared/Qwen/mydisk/output/SYNTHETIC/NVILA-Lite-2B-SYNTHETIC_MIX_10PCT_80K-20260224_234537,obj1_closer,output/phasevar_5/0006_phA08_phB14.png,Is the red cube closer to the camera than the blue cube? Answer with yes or no.,No,No,24.546875,25.515625,True
/data/shared/Qwen/mydisk/output/SYNTHETIC/NVILA-Lite-2B-SYNTHETIC_MIX_10PCT_80K-20260224_234537,obj1_closer,output/phasevar_5/0006_phA08_phB15.png,Is the red cube closer to the camera than the blue cube? Answer with yes or no.,No,No,24.90625,26.21875,True
/data/shared/Qwen/mydisk/output/SYNTHETIC/NVILA-Lite-2B-SYNTHETIC_MIX_10PCT_80K-20260224_234537,obj1_closer,output/phasevar_5/0006_phA09_phB00.png,Is the red cube closer to the camera than the blue cube? Answer with yes or no.,No,No,25.671875,26.484375,True
/data/shared/Qwen/mydisk/output/SYNTHETIC/NVILA-Lite-2B-SYNTHETIC_MIX_10PCT_80K-20260224_234537,obj1_closer,output/phasevar_5/0006_phA09_phB01.png,Is the red cube closer to the camera than the blue cube? Answer with yes or no.,No,No,26.296875,26.78125,True
/data/shared/Qwen/mydisk/output/SYNTHETIC/NVILA-Lite-2B-SYNTHETIC_MIX_10PCT_80K-20260224_234537,obj1_closer,output/phasevar_5/0006_phA09_phB02.png,Is the red cube closer to the camera than the blue cube? Answer with yes or no.,No,No,26.734375,27.25,True
/data/shared/Qwen/mydisk/output/SYNTHETIC/NVILA-Lite-2B-SYNTHETIC_MIX_10PCT_80K-20260224_234537,obj1_closer,output/phasevar_5/0006_phA09_phB03.png,Is the red cube closer to the camera than the blue cube? Answer with yes or no.,No,Yes,26.25,26.0,False
/data/shared/Qwen/mydisk/output/SYNTHETIC/NVILA-Lite-2B-SYNTHETIC_MIX_10PCT_80K-20260224_234537,obj1_closer,output/phasevar_5/0006_phA09_phB04.png,Is the red cube closer to the camera than the blue cube? Answer with yes or no.,No,Yes,26.671875,26.1875,False
/data/shared/Qwen/mydisk/output/SYNTHETIC/NVILA-Lite-2B-SYNTHETIC_MIX_10PCT_80K-20260224_234537,obj1_closer,output/phasevar_5/0006_phA09_phB05.png,Is the red cube closer to the camera than the blue cube? Answer with yes or no.,No,No,25.453125,25.8125,True
/data/shared/Qwen/mydisk/output/SYNTHETIC/NVILA-Lite-2B-SYNTHETIC_MIX_10PCT_80K-20260224_234537,obj1_closer,output/phasevar_5/0006_phA09_phB06.png,Is the red cube closer to the camera than the blue cube? Answer with yes or no.,No,No,25.78125,27.015625,True
/data/shared/Qwen/mydisk/output/SYNTHETIC/NVILA-Lite-2B-SYNTHETIC_MIX_10PCT_80K-20260224_234537,obj1_closer,output/phasevar_5/0006_phA09_phB07.png,Is the red cube closer to the camera than the blue cube? Answer with yes or no.,No,No,25.171875,26.484375,True
/data/shared/Qwen/mydisk/output/SYNTHETIC/NVILA-Lite-2B-SYNTHETIC_MIX_10PCT_80K-20260224_234537,obj1_closer,output/phasevar_5/0006_phA09_phB08.png,Is the red cube closer to the camera than the blue cube? Answer with yes or no.,No,No,24.640625,26.40625,True
/data/shared/Qwen/mydisk/output/SYNTHETIC/NVILA-Lite-2B-SYNTHETIC_MIX_10PCT_80K-20260224_234537,obj1_closer,output/phasevar_5/0006_phA09_phB09.png,Is the red cube closer to the camera than the blue cube? Answer with yes or no.,No,No,24.296875,26.078125,True
/data/shared/Qwen/mydisk/output/SYNTHETIC/NVILA-Lite-2B-SYNTHETIC_MIX_10PCT_80K-20260224_234537,obj1_closer,output/phasevar_5/0006_phA09_phB10.png,Is the red cube closer to the camera than the blue cube? Answer with yes or no.,No,No,24.484375,26.40625,True
/data/shared/Qwen/mydisk/output/SYNTHETIC/NVILA-Lite-2B-SYNTHETIC_MIX_10PCT_80K-20260224_234537,obj1_closer,output/phasevar_5/0006_phA09_phB11.png,Is the red cube closer to the camera than the blue cube? Answer with yes or no.,No,No,23.921875,25.453125,True
/data/shared/Qwen/mydisk/output/SYNTHETIC/NVILA-Lite-2B-SYNTHETIC_MIX_10PCT_80K-20260224_234537,obj1_closer,output/phasevar_5/0006_phA09_phB12.png,Is the red cube closer to the camera than the blue cube? Answer with yes or no.,No,No,24.453125,25.40625,True
/data/shared/Qwen/mydisk/output/SYNTHETIC/NVILA-Lite-2B-SYNTHETIC_MIX_10PCT_80K-20260224_234537,obj1_closer,output/phasevar_5/0006_phA09_phB13.png,Is the red cube closer to the camera than the blue cube? Answer with yes or no.,No,No,24.328125,25.171875,True
/data/shared/Qwen/mydisk/output/SYNTHETIC/NVILA-Lite-2B-SYNTHETIC_MIX_10PCT_80K-20260224_234537,obj1_closer,output/phasevar_5/0006_phA09_phB14.png,Is the red cube closer to the camera than the blue cube? Answer with yes or no.,No,No,24.65625,25.546875,True
/data/shared/Qwen/mydisk/output/SYNTHETIC/NVILA-Lite-2B-SYNTHETIC_MIX_10PCT_80K-20260224_234537,obj1_closer,output/phasevar_5/0006_phA09_phB15.png,Is the red cube closer to the camera than the blue cube? Answer with yes or no.,No,No,25.1875,26.34375,True
/data/shared/Qwen/mydisk/output/SYNTHETIC/NVILA-Lite-2B-SYNTHETIC_MIX_10PCT_80K-20260224_234537,obj1_closer,output/phasevar_5/0006_phA10_phB00.png,Is the red cube closer to the camera than the blue cube? Answer with yes or no.,No,Yes,26.734375,25.828125,False
/data/shared/Qwen/mydisk/output/SYNTHETIC/NVILA-Lite-2B-SYNTHETIC_MIX_10PCT_80K-20260224_234537,obj1_closer,output/phasevar_5/0006_phA10_phB01.png,Is the red cube closer to the camera than the blue cube? Answer with yes or no.,No,Yes,27.421875,26.421875,False
/data/shared/Qwen/mydisk/output/SYNTHETIC/NVILA-Lite-2B-SYNTHETIC_MIX_10PCT_80K-20260224_234537,obj1_closer,output/phasevar_5/0006_phA10_phB02.png,Is the red cube closer to the camera than the blue cube? Answer with yes or no.,No,Yes,27.328125,26.875,False
/data/shared/Qwen/mydisk/output/SYNTHETIC/NVILA-Lite-2B-SYNTHETIC_MIX_10PCT_80K-20260224_234537,obj1_closer,output/phasevar_5/0006_phA10_phB03.png,Is the red cube closer to the camera than the blue cube? Answer with yes or no.,No,Yes,26.578125,25.1875,False
/data/shared/Qwen/mydisk/output/SYNTHETIC/NVILA-Lite-2B-SYNTHETIC_MIX_10PCT_80K-20260224_234537,obj1_closer,output/phasevar_5/0006_phA10_phB04.png,Is the red cube closer to the camera than the blue cube? Answer with yes or no.,No,Yes,26.640625,25.71875,False
/data/shared/Qwen/mydisk/output/SYNTHETIC/NVILA-Lite-2B-SYNTHETIC_MIX_10PCT_80K-20260224_234537,obj1_closer,output/phasevar_5/0006_phA10_phB05.png,Is the red cube closer to the camera than the blue cube? Answer with yes or no.,No,Yes,25.4375,25.109375,False
/data/shared/Qwen/mydisk/output/SYNTHETIC/NVILA-Lite-2B-SYNTHETIC_MIX_10PCT_80K-20260224_234537,obj1_closer,output/phasevar_5/0006_phA10_phB06.png,Is the red cube closer to the camera than the blue cube? Answer with yes or no.,No,No,26.140625,26.640625,True
/data/shared/Qwen/mydisk/output/SYNTHETIC/NVILA-Lite-2B-SYNTHETIC_MIX_10PCT_80K-20260224_234537,obj1_closer,output/phasevar_5/0006_phA10_phB07.png,Is the red cube closer to the camera than the blue cube? Answer with yes or no.,No,No,25.890625,25.984375,True
/data/shared/Qwen/mydisk/output/SYNTHETIC/NVILA-Lite-2B-SYNTHETIC_MIX_10PCT_80K-20260224_234537,obj1_closer,output/phasevar_5/0006_phA10_phB08.png,Is the red cube closer to the camera than the blue cube? Answer with yes or no.,No,No,25.265625,25.5,True
/data/shared/Qwen/mydisk/output/SYNTHETIC/NVILA-Lite-2B-SYNTHETIC_MIX_10PCT_80K-20260224_234537,obj1_closer,output/phasevar_5/0006_phA10_phB09.png,Is the red cube closer to the camera than the blue cube? Answer with yes or no.,No,No,24.265625,25.703125,True
/data/shared/Qwen/mydisk/output/SYNTHETIC/NVILA-Lite-2B-SYNTHETIC_MIX_10PCT_80K-20260224_234537,obj1_closer,output/phasevar_5/0006_phA10_phB10.png,Is the red cube closer to the camera than the blue cube? Answer with yes or no.,No,No,24.578125,26.59375,True
/data/shared/Qwen/mydisk/output/SYNTHETIC/NVILA-Lite-2B-SYNTHETIC_MIX_10PCT_80K-20260224_234537,obj1_closer,output/phasevar_5/0006_phA10_phB11.png,Is the red cube closer to the camera than the blue cube? Answer with yes or no.,No,No,24.125,25.578125,True
/data/shared/Qwen/mydisk/output/SYNTHETIC/NVILA-Lite-2B-SYNTHETIC_MIX_10PCT_80K-20260224_234537,obj1_closer,output/phasevar_5/0006_phA10_phB12.png,Is the red cube closer to the camera than the blue cube? Answer with yes or no.,No,No,24.75,25.53125,True
/data/shared/Qwen/mydisk/output/SYNTHETIC/NVILA-Lite-2B-SYNTHETIC_MIX_10PCT_80K-20260224_234537,obj1_closer,output/phasevar_5/0006_phA10_phB13.png,Is the red cube closer to the camera than the blue cube? Answer with yes or no.,No,No,24.53125,24.953125,True
/data/shared/Qwen/mydisk/output/SYNTHETIC/NVILA-Lite-2B-SYNTHETIC_MIX_10PCT_80K-20260224_234537,obj1_closer,output/phasevar_5/0006_phA10_phB14.png,Is the red cube closer to the camera than the blue cube? Answer with yes or no.,No,No,24.796875,25.0625,True
/data/shared/Qwen/mydisk/output/SYNTHETIC/NVILA-Lite-2B-SYNTHETIC_MIX_10PCT_80K-20260224_234537,obj1_closer,output/phasevar_5/0006_phA10_phB15.png,Is the red cube closer to the camera than the blue cube? Answer with yes or no.,No,Yes,26.09375,25.78125,False
/data/shared/Qwen/mydisk/output/SYNTHETIC/NVILA-Lite-2B-SYNTHETIC_MIX_10PCT_80K-20260224_234537,obj1_closer,output/phasevar_5/0006_phA11_phB00.png,Is the red cube closer to the camera than the blue cube? Answer with yes or no.,No,No,26.265625,26.328125,True
/data/shared/Qwen/mydisk/output/SYNTHETIC/NVILA-Lite-2B-SYNTHETIC_MIX_10PCT_80K-20260224_234537,obj1_closer,output/phasevar_5/0006_phA11_phB01.png,Is the red cube closer to the camera than the blue cube? Answer with yes or no.,No,Yes,26.96875,26.78125,False
/data/shared/Qwen/mydisk/output/SYNTHETIC/NVILA-Lite-2B-SYNTHETIC_MIX_10PCT_80K-20260224_234537,obj1_closer,output/phasevar_5/0006_phA11_phB02.png,Is the red cube closer to the camera than the blue cube? Answer with yes or no.,No,Yes,27.078125,26.96875,False
/data/shared/Qwen/mydisk/output/SYNTHETIC/NVILA-Lite-2B-SYNTHETIC_MIX_10PCT_80K-20260224_234537,obj1_closer,output/phasevar_5/0006_phA11_phB03.png,Is the red cube closer to the camera than the blue cube? Answer with yes or no.,No,Yes,25.796875,25.328125,False
/data/shared/Qwen/mydisk/output/SYNTHETIC/NVILA-Lite-2B-SYNTHETIC_MIX_10PCT_80K-20260224_234537,obj1_closer,output/phasevar_5/0006_phA11_phB04.png,Is the red cube closer to the camera than the blue cube? Answer with yes or no.,No,Yes,26.171875,25.953125,False
/data/shared/Qwen/mydisk/output/SYNTHETIC/NVILA-Lite-2B-SYNTHETIC_MIX_10PCT_80K-20260224_234537,obj1_closer,output/phasevar_5/0006_phA11_phB05.png,Is the red cube closer to the camera than the blue cube? Answer with yes or no.,No,No,25.1875,25.28125,True
/data/shared/Qwen/mydisk/output/SYNTHETIC/NVILA-Lite-2B-SYNTHETIC_MIX_10PCT_80K-20260224_234537,obj1_closer,output/phasevar_5/0006_phA11_phB06.png,Is the red cube closer to the camera than the blue cube? Answer with yes or no.,No,No,25.796875,26.515625,True
/data/shared/Qwen/mydisk/output/SYNTHETIC/NVILA-Lite-2B-SYNTHETIC_MIX_10PCT_80K-20260224_234537,obj1_closer,output/phasevar_5/0006_phA11_phB07.png,Is the red cube closer to the camera than the blue cube? Answer with yes or no.,No,No,25.515625,26.171875,True
/data/shared/Qwen/mydisk/output/SYNTHETIC/NVILA-Lite-2B-SYNTHETIC_MIX_10PCT_80K-20260224_234537,obj1_closer,output/phasevar_5/0006_phA11_phB08.png,Is the red cube closer to the camera than the blue cube? Answer with yes or no.,No,No,24.96875,25.5,True
/data/shared/Qwen/mydisk/output/SYNTHETIC/NVILA-Lite-2B-SYNTHETIC_MIX_10PCT_80K-20260224_234537,obj1_closer,output/phasevar_5/0006_phA11_phB09.png,Is the red cube closer to the camera than the blue cube? Answer with yes or no.,No,No,23.578125,24.9375,True
/data/shared/Qwen/mydisk/output/SYNTHETIC/NVILA-Lite-2B-SYNTHETIC_MIX_10PCT_80K-20260224_234537,obj1_closer,output/phasevar_5/0006_phA11_phB10.png,Is the red cube closer to the camera than the blue cube? Answer with yes or no.,No,No,24.34375,26.4375,True
/data/shared/Qwen/mydisk/output/SYNTHETIC/NVILA-Lite-2B-SYNTHETIC_MIX_10PCT_80K-20260224_234537,obj1_closer,output/phasevar_5/0006_phA11_phB11.png,Is the red cube closer to the camera than the blue cube? Answer with yes or no.,No,No,23.875,26.03125,True
/data/shared/Qwen/mydisk/output/SYNTHETIC/NVILA-Lite-2B-SYNTHETIC_MIX_10PCT_80K-20260224_234537,obj1_closer,output/phasevar_5/0006_phA11_phB12.png,Is the red cube closer to the camera than the blue cube? Answer with yes or no.,No,No,24.234375,25.921875,True
/data/shared/Qwen/mydisk/output/SYNTHETIC/NVILA-Lite-2B-SYNTHETIC_MIX_10PCT_80K-20260224_234537,obj1_closer,output/phasevar_5/0006_phA11_phB13.png,Is the red cube closer to the camera than the blue cube? Answer with yes or no.,No,No,24.265625,25.515625,True
/data/shared/Qwen/mydisk/output/SYNTHETIC/NVILA-Lite-2B-SYNTHETIC_MIX_10PCT_80K-20260224_234537,obj1_closer,output/phasevar_5/0006_phA11_phB14.png,Is the red cube closer to the camera than the blue cube? Answer with yes or no.,No,No,24.65625,25.546875,True
/data/shared/Qwen/mydisk/output/SYNTHETIC/NVILA-Lite-2B-SYNTHETIC_MIX_10PCT_80K-20260224_234537,obj1_closer,output/phasevar_5/0006_phA11_phB15.png,Is the red cube closer to the camera than the blue cube? Answer with yes or no.,No,No,25.765625,26.4375,True
/data/shared/Qwen/mydisk/output/SYNTHETIC/NVILA-Lite-2B-SYNTHETIC_MIX_10PCT_80K-20260224_234537,obj1_closer,output/phasevar_5/0006_phA12_phB00.png,Is the red cube closer to the camera than the blue cube? Answer with yes or no.,No,No,26.109375,26.75,True
/data/shared/Qwen/mydisk/output/SYNTHETIC/NVILA-Lite-2B-SYNTHETIC_MIX_10PCT_80K-20260224_234537,obj1_closer,output/phasevar_5/0006_phA12_phB01.png,Is the red cube closer to the camera than the blue cube? Answer with yes or no.,No,No,26.84375,27.25,True
/data/shared/Qwen/mydisk/output/SYNTHETIC/NVILA-Lite-2B-SYNTHETIC_MIX_10PCT_80K-20260224_234537,obj1_closer,output/phasevar_5/0006_phA12_phB02.png,Is the red cube closer to the camera than the blue cube? Answer with yes or no.,No,No,27.046875,27.390625,True
/data/shared/Qwen/mydisk/output/SYNTHETIC/NVILA-Lite-2B-SYNTHETIC_MIX_10PCT_80K-20260224_234537,obj1_closer,output/phasevar_5/0006_phA12_phB03.png,Is the red cube closer to the camera than the blue cube? Answer with yes or no.,No,No,25.953125,25.96875,True
/data/shared/Qwen/mydisk/output/SYNTHETIC/NVILA-Lite-2B-SYNTHETIC_MIX_10PCT_80K-20260224_234537,obj1_closer,output/phasevar_5/0006_phA12_phB04.png,Is the red cube closer to the camera than the blue cube? Answer with yes or no.,No,Yes,26.15625,25.984375,False
/data/shared/Qwen/mydisk/output/SYNTHETIC/NVILA-Lite-2B-SYNTHETIC_MIX_10PCT_80K-20260224_234537,obj1_closer,output/phasevar_5/0006_phA12_phB05.png,Is the red cube closer to the camera than the blue cube? Answer with yes or no.,No,No,25.265625,25.53125,True
/data/shared/Qwen/mydisk/output/SYNTHETIC/NVILA-Lite-2B-SYNTHETIC_MIX_10PCT_80K-20260224_234537,obj1_closer,output/phasevar_5/0006_phA12_phB06.png,Is the red cube closer to the camera than the blue cube? Answer with yes or no.,No,No,25.90625,27.046875,True
/data/shared/Qwen/mydisk/output/SYNTHETIC/NVILA-Lite-2B-SYNTHETIC_MIX_10PCT_80K-20260224_234537,obj1_closer,output/phasevar_5/0006_phA12_phB07.png,Is the red cube closer to the camera than the blue cube? Answer with yes or no.,No,No,25.578125,26.6875,True
/data/shared/Qwen/mydisk/output/SYNTHETIC/NVILA-Lite-2B-SYNTHETIC_MIX_10PCT_80K-20260224_234537,obj1_closer,output/phasevar_5/0006_phA12_phB08.png,Is the red cube closer to the camera than the blue cube? Answer with yes or no.,No,No,25.09375,26.015625,True
/data/shared/Qwen/mydisk/output/SYNTHETIC/NVILA-Lite-2B-SYNTHETIC_MIX_10PCT_80K-20260224_234537,obj1_closer,output/phasevar_5/0006_phA12_phB09.png,Is the red cube closer to the camera than the blue cube? Answer with yes or no.,No,No,23.703125,25.21875,True
/data/shared/Qwen/mydisk/output/SYNTHETIC/NVILA-Lite-2B-SYNTHETIC_MIX_10PCT_80K-20260224_234537,obj1_closer,output/phasevar_5/0006_phA12_phB10.png,Is the red cube closer to the camera than the blue cube? Answer with yes or no.,No,No,24.53125,26.578125,True
/data/shared/Qwen/mydisk/output/SYNTHETIC/NVILA-Lite-2B-SYNTHETIC_MIX_10PCT_80K-20260224_234537,obj1_closer,output/phasevar_5/0006_phA12_phB11.png,Is the red cube closer to the camera than the blue cube? Answer with yes or no.,No,No,23.890625,25.953125,True
/data/shared/Qwen/mydisk/output/SYNTHETIC/NVILA-Lite-2B-SYNTHETIC_MIX_10PCT_80K-20260224_234537,obj1_closer,output/phasevar_5/0006_phA12_phB12.png,Is the red cube closer to the camera than the blue cube? Answer with yes or no.,No,No,24.0,26.03125,True
/data/shared/Qwen/mydisk/output/SYNTHETIC/NVILA-Lite-2B-SYNTHETIC_MIX_10PCT_80K-20260224_234537,obj1_closer,output/phasevar_5/0006_phA12_phB13.png,Is the red cube closer to the camera than the blue cube? Answer with yes or no.,No,No,24.234375,25.96875,True
/data/shared/Qwen/mydisk/output/SYNTHETIC/NVILA-Lite-2B-SYNTHETIC_MIX_10PCT_80K-20260224_234537,obj1_closer,output/phasevar_5/0006_phA12_phB14.png,Is the red cube closer to the camera than the blue cube? Answer with yes or no.,No,No,24.703125,26.28125,True
/data/shared/Qwen/mydisk/output/SYNTHETIC/NVILA-Lite-2B-SYNTHETIC_MIX_10PCT_80K-20260224_234537,obj1_closer,output/phasevar_5/0006_phA12_phB15.png,Is the red cube closer to the camera than the blue cube? Answer with yes or no.,No,No,25.515625,26.703125,True
/data/shared/Qwen/mydisk/output/SYNTHETIC/NVILA-Lite-2B-SYNTHETIC_MIX_10PCT_80K-20260224_234537,obj1_closer,output/phasevar_5/0006_phA13_phB00.png,Is the red cube closer to the camera than the blue cube? Answer with yes or no.,No,No,25.546875,26.015625,True
/data/shared/Qwen/mydisk/output/SYNTHETIC/NVILA-Lite-2B-SYNTHETIC_MIX_10PCT_80K-20260224_234537,obj1_closer,output/phasevar_5/0006_phA13_phB01.png,Is the red cube closer to the camera than the blue cube? Answer with yes or no.,No,No,26.65625,26.84375,True
/data/shared/Qwen/mydisk/output/SYNTHETIC/NVILA-Lite-2B-SYNTHETIC_MIX_10PCT_80K-20260224_234537,obj1_closer,output/phasevar_5/0006_phA13_phB02.png,Is the red cube closer to the camera than the blue cube? Answer with yes or no.,No,Yes,27.09375,27.0625,False
/data/shared/Qwen/mydisk/output/SYNTHETIC/NVILA-Lite-2B-SYNTHETIC_MIX_10PCT_80K-20260224_234537,obj1_closer,output/phasevar_5/0006_phA13_phB03.png,Is the red cube closer to the camera than the blue cube? Answer with yes or no.,No,Yes,25.734375,25.640625,False
/data/shared/Qwen/mydisk/output/SYNTHETIC/NVILA-Lite-2B-SYNTHETIC_MIX_10PCT_80K-20260224_234537,obj1_closer,output/phasevar_5/0006_phA13_phB04.png,Is the red cube closer to the camera than the blue cube? Answer with yes or no.,No,Yes,26.015625,25.9375,False
/data/shared/Qwen/mydisk/output/SYNTHETIC/NVILA-Lite-2B-SYNTHETIC_MIX_10PCT_80K-20260224_234537,obj1_closer,output/phasevar_5/0006_phA13_phB05.png,Is the red cube closer to the camera than the blue cube? Answer with yes or no.,No,No,25.203125,25.34375,True
/data/shared/Qwen/mydisk/output/SYNTHETIC/NVILA-Lite-2B-SYNTHETIC_MIX_10PCT_80K-20260224_234537,obj1_closer,output/phasevar_5/0006_phA13_phB06.png,Is the red cube closer to the camera than the blue cube? Answer with yes or no.,No,No,25.8125,26.703125,True
/data/shared/Qwen/mydisk/output/SYNTHETIC/NVILA-Lite-2B-SYNTHETIC_MIX_10PCT_80K-20260224_234537,obj1_closer,output/phasevar_5/0006_phA13_phB07.png,Is the red cube closer to the camera than the blue cube? Answer with yes or no.,No,No,25.3125,26.234375,True
/data/shared/Qwen/mydisk/output/SYNTHETIC/NVILA-Lite-2B-SYNTHETIC_MIX_10PCT_80K-20260224_234537,obj1_closer,output/phasevar_5/0006_phA13_phB08.png,Is the red cube closer to the camera than the blue cube? Answer with yes or no.,No,No,24.703125,25.328125,True
/data/shared/Qwen/mydisk/output/SYNTHETIC/NVILA-Lite-2B-SYNTHETIC_MIX_10PCT_80K-20260224_234537,obj1_closer,output/phasevar_5/0006_phA13_phB09.png,Is the red cube closer to the camera than the blue cube? Answer with yes or no.,No,No,23.625,24.984375,True
/data/shared/Qwen/mydisk/output/SYNTHETIC/NVILA-Lite-2B-SYNTHETIC_MIX_10PCT_80K-20260224_234537,obj1_closer,output/phasevar_5/0006_phA13_phB10.png,Is the red cube closer to the camera than the blue cube? Answer with yes or no.,No,No,24.40625,26.0625,True
/data/shared/Qwen/mydisk/output/SYNTHETIC/NVILA-Lite-2B-SYNTHETIC_MIX_10PCT_80K-20260224_234537,obj1_closer,output/phasevar_5/0006_phA13_phB11.png,Is the red cube closer to the camera than the blue cube? Answer with yes or no.,No,No,23.75,25.625,True
/data/shared/Qwen/mydisk/output/SYNTHETIC/NVILA-Lite-2B-SYNTHETIC_MIX_10PCT_80K-20260224_234537,obj1_closer,output/phasevar_5/0006_phA13_phB12.png,Is the red cube closer to the camera than the blue cube? Answer with yes or no.,No,No,23.875,26.078125,True
/data/shared/Qwen/mydisk/output/SYNTHETIC/NVILA-Lite-2B-SYNTHETIC_MIX_10PCT_80K-20260224_234537,obj1_closer,output/phasevar_5/0006_phA13_phB13.png,Is the red cube closer to the camera than the blue cube? Answer with yes or no.,No,No,23.875,25.578125,True
/data/shared/Qwen/mydisk/output/SYNTHETIC/NVILA-Lite-2B-SYNTHETIC_MIX_10PCT_80K-20260224_234537,obj1_closer,output/phasevar_5/0006_phA13_phB14.png,Is the red cube closer to the camera than the blue cube? Answer with yes or no.,No,No,24.625,26.296875,True
/data/shared/Qwen/mydisk/output/SYNTHETIC/NVILA-Lite-2B-SYNTHETIC_MIX_10PCT_80K-20260224_234537,obj1_closer,output/phasevar_5/0006_phA13_phB15.png,Is the red cube closer to the camera than the blue cube? Answer with yes or no.,No,No,25.171875,26.375,True
/data/shared/Qwen/mydisk/output/SYNTHETIC/NVILA-Lite-2B-SYNTHETIC_MIX_10PCT_80K-20260224_234537,obj1_closer,output/phasevar_5/0006_phA14_phB00.png,Is the red cube closer to the camera than the blue cube? Answer with yes or no.,No,No,25.4375,25.78125,True
/data/shared/Qwen/mydisk/output/SYNTHETIC/NVILA-Lite-2B-SYNTHETIC_MIX_10PCT_80K-20260224_234537,obj1_closer,output/phasevar_5/0006_phA14_phB01.png,Is the red cube closer to the camera than the blue cube? Answer with yes or no.,No,Yes,26.375,26.203125,False
/data/shared/Qwen/mydisk/output/SYNTHETIC/NVILA-Lite-2B-SYNTHETIC_MIX_10PCT_80K-20260224_234537,obj1_closer,output/phasevar_5/0006_phA14_phB02.png,Is the red cube closer to the camera than the blue cube? Answer with yes or no.,No,No,26.65625,26.8125,True
/data/shared/Qwen/mydisk/output/SYNTHETIC/NVILA-Lite-2B-SYNTHETIC_MIX_10PCT_80K-20260224_234537,obj1_closer,output/phasevar_5/0006_phA14_phB03.png,Is the red cube closer to the camera than the blue cube? Answer with yes or no.,No,Yes,25.640625,25.15625,False
/data/shared/Qwen/mydisk/output/SYNTHETIC/NVILA-Lite-2B-SYNTHETIC_MIX_10PCT_80K-20260224_234537,obj1_closer,output/phasevar_5/0006_phA14_phB04.png,Is the red cube closer to the camera than the blue cube? Answer with yes or no.,No,Yes,25.875,25.3125,False
/data/shared/Qwen/mydisk/output/SYNTHETIC/NVILA-Lite-2B-SYNTHETIC_MIX_10PCT_80K-20260224_234537,obj1_closer,output/phasevar_5/0006_phA14_phB05.png,Is the red cube closer to the camera than the blue cube? Answer with yes or no.,No,Yes,24.890625,24.765625,False
/data/shared/Qwen/mydisk/output/SYNTHETIC/NVILA-Lite-2B-SYNTHETIC_MIX_10PCT_80K-20260224_234537,obj1_closer,output/phasevar_5/0006_phA14_phB06.png,Is the red cube closer to the camera than the blue cube? Answer with yes or no.,No,No,25.5,26.109375,True
/data/shared/Qwen/mydisk/output/SYNTHETIC/NVILA-Lite-2B-SYNTHETIC_MIX_10PCT_80K-20260224_234537,obj1_closer,output/phasevar_5/0006_phA14_phB07.png,Is the red cube closer to the camera than the blue cube? Answer with yes or no.,No,No,25.21875,25.609375,True
/data/shared/Qwen/mydisk/output/SYNTHETIC/NVILA-Lite-2B-SYNTHETIC_MIX_10PCT_80K-20260224_234537,obj1_closer,output/phasevar_5/0006_phA14_phB08.png,Is the red cube closer to the camera than the blue cube? Answer with yes or no.,No,No,24.59375,25.015625,True
/data/shared/Qwen/mydisk/output/SYNTHETIC/NVILA-Lite-2B-SYNTHETIC_MIX_10PCT_80K-20260224_234537,obj1_closer,output/phasevar_5/0006_phA14_phB09.png,Is the red cube closer to the camera than the blue cube? Answer with yes or no.,No,No,23.46875,24.46875,True
/data/shared/Qwen/mydisk/output/SYNTHETIC/NVILA-Lite-2B-SYNTHETIC_MIX_10PCT_80K-20260224_234537,obj1_closer,output/phasevar_5/0006_phA14_phB10.png,Is the red cube closer to the camera than the blue cube? Answer with yes or no.,No,No,24.25,25.984375,True
/data/shared/Qwen/mydisk/output/SYNTHETIC/NVILA-Lite-2B-SYNTHETIC_MIX_10PCT_80K-20260224_234537,obj1_closer,output/phasevar_5/0006_phA14_phB11.png,Is the red cube closer to the camera than the blue cube? Answer with yes or no.,No,No,23.578125,25.375,True
/data/shared/Qwen/mydisk/output/SYNTHETIC/NVILA-Lite-2B-SYNTHETIC_MIX_10PCT_80K-20260224_234537,obj1_closer,output/phasevar_5/0006_phA14_phB12.png,Is the red cube closer to the camera than the blue cube? Answer with yes or no.,No,No,23.546875,25.46875,True
/data/shared/Qwen/mydisk/output/SYNTHETIC/NVILA-Lite-2B-SYNTHETIC_MIX_10PCT_80K-20260224_234537,obj1_closer,output/phasevar_5/0006_phA14_phB13.png,Is the red cube closer to the camera than the blue cube? Answer with yes or no.,No,No,23.5625,25.09375,True
/data/shared/Qwen/mydisk/output/SYNTHETIC/NVILA-Lite-2B-SYNTHETIC_MIX_10PCT_80K-20260224_234537,obj1_closer,output/phasevar_5/0006_phA14_phB14.png,Is the red cube closer to the camera than the blue cube? Answer with yes or no.,No,No,24.28125,25.984375,True
/data/shared/Qwen/mydisk/output/SYNTHETIC/NVILA-Lite-2B-SYNTHETIC_MIX_10PCT_80K-20260224_234537,obj1_closer,output/phasevar_5/0006_phA14_phB15.png,Is the red cube closer to the camera than the blue cube? Answer with yes or no.,No,No,25.140625,26.359375,True
/data/shared/Qwen/mydisk/output/SYNTHETIC/NVILA-Lite-2B-SYNTHETIC_MIX_10PCT_80K-20260224_234537,obj1_closer,output/phasevar_5/0006_phA15_phB00.png,Is the red cube closer to the camera than the blue cube? Answer with yes or no.,No,No,25.625,27.453125,True
/data/shared/Qwen/mydisk/output/SYNTHETIC/NVILA-Lite-2B-SYNTHETIC_MIX_10PCT_80K-20260224_234537,obj1_closer,output/phasevar_5/0006_phA15_phB01.png,Is the red cube closer to the camera than the blue cube? Answer with yes or no.,No,No,26.234375,27.46875,True
/data/shared/Qwen/mydisk/output/SYNTHETIC/NVILA-Lite-2B-SYNTHETIC_MIX_10PCT_80K-20260224_234537,obj1_closer,output/phasevar_5/0006_phA15_phB02.png,Is the red cube closer to the camera than the blue cube? Answer with yes or no.,No,No,26.546875,27.765625,True
/data/shared/Qwen/mydisk/output/SYNTHETIC/NVILA-Lite-2B-SYNTHETIC_MIX_10PCT_80K-20260224_234537,obj1_closer,output/phasevar_5/0006_phA15_phB03.png,Is the red cube closer to the camera than the blue cube? Answer with yes or no.,No,No,25.328125,25.609375,True
/data/shared/Qwen/mydisk/output/SYNTHETIC/NVILA-Lite-2B-SYNTHETIC_MIX_10PCT_80K-20260224_234537,obj1_closer,output/phasevar_5/0006_phA15_phB04.png,Is the red cube closer to the camera than the blue cube? Answer with yes or no.,No,Yes,25.75,25.734375,False
/data/shared/Qwen/mydisk/output/SYNTHETIC/NVILA-Lite-2B-SYNTHETIC_MIX_10PCT_80K-20260224_234537,obj1_closer,output/phasevar_5/0006_phA15_phB05.png,Is the red cube closer to the camera than the blue cube? Answer with yes or no.,No,No,24.890625,25.40625,True
/data/shared/Qwen/mydisk/output/SYNTHETIC/NVILA-Lite-2B-SYNTHETIC_MIX_10PCT_80K-20260224_234537,obj1_closer,output/phasevar_5/0006_phA15_phB06.png,Is the red cube closer to the camera than the blue cube? Answer with yes or no.,No,No,25.625,26.703125,True
/data/shared/Qwen/mydisk/output/SYNTHETIC/NVILA-Lite-2B-SYNTHETIC_MIX_10PCT_80K-20260224_234537,obj1_closer,output/phasevar_5/0006_phA15_phB07.png,Is the red cube closer to the camera than the blue cube? Answer with yes or no.,No,No,24.71875,25.8125,True
/data/shared/Qwen/mydisk/output/SYNTHETIC/NVILA-Lite-2B-SYNTHETIC_MIX_10PCT_80K-20260224_234537,obj1_closer,output/phasevar_5/0006_phA15_phB08.png,Is the red cube closer to the camera than the blue cube? Answer with yes or no.,No,No,24.109375,25.34375,True
/data/shared/Qwen/mydisk/output/SYNTHETIC/NVILA-Lite-2B-SYNTHETIC_MIX_10PCT_80K-20260224_234537,obj1_closer,output/phasevar_5/0006_phA15_phB09.png,Is the red cube closer to the camera than the blue cube? Answer with yes or no.,No,No,23.71875,24.9375,True
/data/shared/Qwen/mydisk/output/SYNTHETIC/NVILA-Lite-2B-SYNTHETIC_MIX_10PCT_80K-20260224_234537,obj1_closer,output/phasevar_5/0006_phA15_phB10.png,Is the red cube closer to the camera than the blue cube? Answer with yes or no.,No,No,24.703125,26.171875,True
/data/shared/Qwen/mydisk/output/SYNTHETIC/NVILA-Lite-2B-SYNTHETIC_MIX_10PCT_80K-20260224_234537,obj1_closer,output/phasevar_5/0006_phA15_phB11.png,Is the red cube closer to the camera than the blue cube? Answer with yes or no.,No,No,24.140625,25.5625,True
/data/shared/Qwen/mydisk/output/SYNTHETIC/NVILA-Lite-2B-SYNTHETIC_MIX_10PCT_80K-20260224_234537,obj1_closer,output/phasevar_5/0006_phA15_phB12.png,Is the red cube closer to the camera than the blue cube? Answer with yes or no.,No,No,24.125,25.796875,True
/data/shared/Qwen/mydisk/output/SYNTHETIC/NVILA-Lite-2B-SYNTHETIC_MIX_10PCT_80K-20260224_234537,obj1_closer,output/phasevar_5/0006_phA15_phB13.png,Is the red cube closer to the camera than the blue cube? Answer with yes or no.,No,No,23.828125,25.421875,True
/data/shared/Qwen/mydisk/output/SYNTHETIC/NVILA-Lite-2B-SYNTHETIC_MIX_10PCT_80K-20260224_234537,obj1_closer,output/phasevar_5/0006_phA15_phB14.png,Is the red cube closer to the camera than the blue cube? Answer with yes or no.,No,No,24.515625,26.265625,True
/data/shared/Qwen/mydisk/output/SYNTHETIC/NVILA-Lite-2B-SYNTHETIC_MIX_10PCT_80K-20260224_234537,obj1_closer,output/phasevar_5/0006_phA15_phB15.png,Is the red cube closer to the camera than the blue cube? Answer with yes or no.,No,No,25.0625,27.359375,True
/data/shared/Qwen/mydisk/output/SYNTHETIC/NVILA-Lite-2B-SYNTHETIC_MIX_10PCT_80K-20260224_234537,obj1_closer,output/phasevar_5/0007_phA00_phB00.png,Is the magenta cube closer to the camera than the yellow cube? Answer with yes or no.,No,No,25.484375,27.65625,True
/data/shared/Qwen/mydisk/output/SYNTHETIC/NVILA-Lite-2B-SYNTHETIC_MIX_10PCT_80K-20260224_234537,obj1_closer,output/phasevar_5/0007_phA00_phB01.png,Is the magenta cube closer to the camera than the yellow cube? Answer with yes or no.,No,No,26.03125,28.78125,True
/data/shared/Qwen/mydisk/output/SYNTHETIC/NVILA-Lite-2B-SYNTHETIC_MIX_10PCT_80K-20260224_234537,obj1_closer,output/phasevar_5/0007_phA00_phB02.png,Is the magenta cube closer to the camera than the yellow cube? Answer with yes or no.,No,No,26.015625,27.40625,True
/data/shared/Qwen/mydisk/output/SYNTHETIC/NVILA-Lite-2B-SYNTHETIC_MIX_10PCT_80K-20260224_234537,obj1_closer,output/phasevar_5/0007_phA00_phB03.png,Is the magenta cube closer to the camera than the yellow cube? Answer with yes or no.,No,No,25.390625,26.703125,True
/data/shared/Qwen/mydisk/output/SYNTHETIC/NVILA-Lite-2B-SYNTHETIC_MIX_10PCT_80K-20260224_234537,obj1_closer,output/phasevar_5/0007_phA00_phB04.png,Is the magenta cube closer to the camera than the yellow cube? Answer with yes or no.,No,No,25.796875,26.671875,True
/data/shared/Qwen/mydisk/output/SYNTHETIC/NVILA-Lite-2B-SYNTHETIC_MIX_10PCT_80K-20260224_234537,obj1_closer,output/phasevar_5/0007_phA00_phB05.png,Is the magenta cube closer to the camera than the yellow cube? Answer with yes or no.,No,No,25.234375,26.359375,True
/data/shared/Qwen/mydisk/output/SYNTHETIC/NVILA-Lite-2B-SYNTHETIC_MIX_10PCT_80K-20260224_234537,obj1_closer,output/phasevar_5/0007_phA00_phB06.png,Is the magenta cube closer to the camera than the yellow cube? Answer with yes or no.,No,No,25.53125,27.359375,True
/data/shared/Qwen/mydisk/output/SYNTHETIC/NVILA-Lite-2B-SYNTHETIC_MIX_10PCT_80K-20260224_234537,obj1_closer,output/phasevar_5/0007_phA00_phB07.png,Is the magenta cube closer to the camera than the yellow cube? Answer with yes or no.,No,No,25.0625,27.171875,True
/data/shared/Qwen/mydisk/output/SYNTHETIC/NVILA-Lite-2B-SYNTHETIC_MIX_10PCT_80K-20260224_234537,obj1_closer,output/phasevar_5/0007_phA00_phB08.png,Is the magenta cube closer to the camera than the yellow cube? Answer with yes or no.,No,No,24.375,25.75,True
/data/shared/Qwen/mydisk/output/SYNTHETIC/NVILA-Lite-2B-SYNTHETIC_MIX_10PCT_80K-20260224_234537,obj1_closer,output/phasevar_5/0007_phA00_phB09.png,Is the magenta cube closer to the camera than the yellow cube? Answer with yes or no.,No,No,24.421875,25.8125,True
/data/shared/Qwen/mydisk/output/SYNTHETIC/NVILA-Lite-2B-SYNTHETIC_MIX_10PCT_80K-20260224_234537,obj1_closer,output/phasevar_5/0007_phA00_phB10.png,Is the magenta cube closer to the camera than the yellow cube? Answer with yes or no.,No,No,24.90625,26.140625,True
/data/shared/Qwen/mydisk/output/SYNTHETIC/NVILA-Lite-2B-SYNTHETIC_MIX_10PCT_80K-20260224_234537,obj1_closer,output/phasevar_5/0007_phA00_phB11.png,Is the magenta cube closer to the camera than the yellow cube? Answer with yes or no.,No,No,24.8125,25.5,True
/data/shared/Qwen/mydisk/output/SYNTHETIC/NVILA-Lite-2B-SYNTHETIC_MIX_10PCT_80K-20260224_234537,obj1_closer,output/phasevar_5/0007_phA00_phB12.png,Is the magenta cube closer to the camera than the yellow cube? Answer with yes or no.,No,No,24.390625,25.375,True
/data/shared/Qwen/mydisk/output/SYNTHETIC/NVILA-Lite-2B-SYNTHETIC_MIX_10PCT_80K-20260224_234537,obj1_closer,output/phasevar_5/0007_phA00_phB13.png,Is the magenta cube closer to the camera than the yellow cube? Answer with yes or no.,No,No,24.171875,25.90625,True
/data/shared/Qwen/mydisk/output/SYNTHETIC/NVILA-Lite-2B-SYNTHETIC_MIX_10PCT_80K-20260224_234537,obj1_closer,output/phasevar_5/0007_phA00_phB14.png,Is the magenta cube closer to the camera than the yellow cube? Answer with yes or no.,No,No,23.828125,24.921875,True
/data/shared/Qwen/mydisk/output/SYNTHETIC/NVILA-Lite-2B-SYNTHETIC_MIX_10PCT_80K-20260224_234537,obj1_closer,output/phasevar_5/0007_phA00_phB15.png,Is the magenta cube closer to the camera than the yellow cube? Answer with yes or no.,No,No,24.671875,26.796875,True
/data/shared/Qwen/mydisk/output/SYNTHETIC/NVILA-Lite-2B-SYNTHETIC_MIX_10PCT_80K-20260224_234537,obj1_closer,output/phasevar_5/0007_phA01_phB00.png,Is the magenta cube closer to the camera than the yellow cube? Answer with yes or no.,No,No,25.265625,27.234375,True
/data/shared/Qwen/mydisk/output/SYNTHETIC/NVILA-Lite-2B-SYNTHETIC_MIX_10PCT_80K-20260224_234537,obj1_closer,output/phasevar_5/0007_phA01_phB01.png,Is the magenta cube closer to the camera than the yellow cube? Answer with yes or no.,No,No,25.84375,28.375,True
/data/shared/Qwen/mydisk/output/SYNTHETIC/NVILA-Lite-2B-SYNTHETIC_MIX_10PCT_80K-20260224_234537,obj1_closer,output/phasevar_5/0007_phA01_phB02.png,Is the magenta cube closer to the camera than the yellow cube? Answer with yes or no.,No,No,26.015625,27.203125,True
/data/shared/Qwen/mydisk/output/SYNTHETIC/NVILA-Lite-2B-SYNTHETIC_MIX_10PCT_80K-20260224_234537,obj1_closer,output/phasevar_5/0007_phA01_phB03.png,Is the magenta cube closer to the camera than the yellow cube? Answer with yes or no.,No,No,25.109375,26.265625,True
/data/shared/Qwen/mydisk/output/SYNTHETIC/NVILA-Lite-2B-SYNTHETIC_MIX_10PCT_80K-20260224_234537,obj1_closer,output/phasevar_5/0007_phA01_phB04.png,Is the magenta cube closer to the camera than the yellow cube? Answer with yes or no.,No,No,25.46875,26.5,True
/data/shared/Qwen/mydisk/output/SYNTHETIC/NVILA-Lite-2B-SYNTHETIC_MIX_10PCT_80K-20260224_234537,obj1_closer,output/phasevar_5/0007_phA01_phB05.png,Is the magenta cube closer to the camera than the yellow cube? Answer with yes or no.,No,No,24.9375,26.203125,True
/data/shared/Qwen/mydisk/output/SYNTHETIC/NVILA-Lite-2B-SYNTHETIC_MIX_10PCT_80K-20260224_234537,obj1_closer,output/phasevar_5/0007_phA01_phB06.png,Is the magenta cube closer to the camera than the yellow cube? Answer with yes or no.,No,No,25.453125,27.375,True
/data/shared/Qwen/mydisk/output/SYNTHETIC/NVILA-Lite-2B-SYNTHETIC_MIX_10PCT_80K-20260224_234537,obj1_closer,output/phasevar_5/0007_phA01_phB07.png,Is the magenta cube closer to the camera than the yellow cube? Answer with yes or no.,No,No,25.046875,27.0,True
/data/shared/Qwen/mydisk/output/SYNTHETIC/NVILA-Lite-2B-SYNTHETIC_MIX_10PCT_80K-20260224_234537,obj1_closer,output/phasevar_5/0007_phA01_phB08.png,Is the magenta cube closer to the camera than the yellow cube? Answer with yes or no.,No,No,24.390625,25.5625,True
/data/shared/Qwen/mydisk/output/SYNTHETIC/NVILA-Lite-2B-SYNTHETIC_MIX_10PCT_80K-20260224_234537,obj1_closer,output/phasevar_5/0007_phA01_phB09.png,Is the magenta cube closer to the camera than the yellow cube? Answer with yes or no.,No,No,24.46875,25.59375,True
/data/shared/Qwen/mydisk/output/SYNTHETIC/NVILA-Lite-2B-SYNTHETIC_MIX_10PCT_80K-20260224_234537,obj1_closer,output/phasevar_5/0007_phA01_phB10.png,Is the magenta cube closer to the camera than the yellow cube? Answer with yes or no.,No,No,24.765625,25.65625,True
/data/shared/Qwen/mydisk/output/SYNTHETIC/NVILA-Lite-2B-SYNTHETIC_MIX_10PCT_80K-20260224_234537,obj1_closer,output/phasevar_5/0007_phA01_phB11.png,Is the magenta cube closer to the camera than the yellow cube? Answer with yes or no.,No,No,24.984375,25.109375,True
/data/shared/Qwen/mydisk/output/SYNTHETIC/NVILA-Lite-2B-SYNTHETIC_MIX_10PCT_80K-20260224_234537,obj1_closer,output/phasevar_5/0007_phA01_phB12.png,Is the magenta cube closer to the camera than the yellow cube? Answer with yes or no.,No,No,24.328125,24.875,True
/data/shared/Qwen/mydisk/output/SYNTHETIC/NVILA-Lite-2B-SYNTHETIC_MIX_10PCT_80K-20260224_234537,obj1_closer,output/phasevar_5/0007_phA01_phB13.png,Is the magenta cube closer to the camera than the yellow cube? Answer with yes or no.,No,No,23.9375,25.40625,True
/data/shared/Qwen/mydisk/output/SYNTHETIC/NVILA-Lite-2B-SYNTHETIC_MIX_10PCT_80K-20260224_234537,obj1_closer,output/phasevar_5/0007_phA01_phB14.png,Is the magenta cube closer to the camera than the yellow cube? Answer with yes or no.,No,No,23.859375,24.90625,True
/data/shared/Qwen/mydisk/output/SYNTHETIC/NVILA-Lite-2B-SYNTHETIC_MIX_10PCT_80K-20260224_234537,obj1_closer,output/phasevar_5/0007_phA01_phB15.png,Is the magenta cube closer to the camera than the yellow cube? Answer with yes or no.,No,No,24.546875,26.421875,True
/data/shared/Qwen/mydisk/output/SYNTHETIC/NVILA-Lite-2B-SYNTHETIC_MIX_10PCT_80K-20260224_234537,obj1_closer,output/phasevar_5/0007_phA02_phB00.png,Is the magenta cube closer to the camera than the yellow cube? Answer with yes or no.,No,No,24.78125,26.375,True
/data/shared/Qwen/mydisk/output/SYNTHETIC/NVILA-Lite-2B-SYNTHETIC_MIX_10PCT_80K-20260224_234537,obj1_closer,output/phasevar_5/0007_phA02_phB01.png,Is the magenta cube closer to the camera than the yellow cube? Answer with yes or no.,No,No,25.546875,28.65625,True
/data/shared/Qwen/mydisk/output/SYNTHETIC/NVILA-Lite-2B-SYNTHETIC_MIX_10PCT_80K-20260224_234537,obj1_closer,output/phasevar_5/0007_phA02_phB02.png,Is the magenta cube closer to the camera than the yellow cube? Answer with yes or no.,No,No,25.59375,27.1875,True
/data/shared/Qwen/mydisk/output/SYNTHETIC/NVILA-Lite-2B-SYNTHETIC_MIX_10PCT_80K-20260224_234537,obj1_closer,output/phasevar_5/0007_phA02_phB03.png,Is the magenta cube closer to the camera than the yellow cube? Answer with yes or no.,No,No,24.9375,26.9375,True
/data/shared/Qwen/mydisk/output/SYNTHETIC/NVILA-Lite-2B-SYNTHETIC_MIX_10PCT_80K-20260224_234537,obj1_closer,output/phasevar_5/0007_phA02_phB04.png,Is the magenta cube closer to the camera than the yellow cube? Answer with yes or no.,No,No,24.984375,26.546875,True
/data/shared/Qwen/mydisk/output/SYNTHETIC/NVILA-Lite-2B-SYNTHETIC_MIX_10PCT_80K-20260224_234537,obj1_closer,output/phasevar_5/0007_phA02_phB05.png,Is the magenta cube closer to the camera than the yellow cube? Answer with yes or no.,No,No,24.53125,25.953125,True
/data/shared/Qwen/mydisk/output/SYNTHETIC/NVILA-Lite-2B-SYNTHETIC_MIX_10PCT_80K-20260224_234537,obj1_closer,output/phasevar_5/0007_phA02_phB06.png,Is the magenta cube closer to the camera than the yellow cube? Answer with yes or no.,No,No,25.1875,27.015625,True
/data/shared/Qwen/mydisk/output/SYNTHETIC/NVILA-Lite-2B-SYNTHETIC_MIX_10PCT_80K-20260224_234537,obj1_closer,output/phasevar_5/0007_phA02_phB07.png,Is the magenta cube closer to the camera than the yellow cube? Answer with yes or no.,No,No,24.890625,26.703125,True
/data/shared/Qwen/mydisk/output/SYNTHETIC/NVILA-Lite-2B-SYNTHETIC_MIX_10PCT_80K-20260224_234537,obj1_closer,output/phasevar_5/0007_phA02_phB08.png,Is the magenta cube closer to the camera than the yellow cube? Answer with yes or no.,No,No,24.59375,25.390625,True
/data/shared/Qwen/mydisk/output/SYNTHETIC/NVILA-Lite-2B-SYNTHETIC_MIX_10PCT_80K-20260224_234537,obj1_closer,output/phasevar_5/0007_phA02_phB09.png,Is the magenta cube closer to the camera than the yellow cube? Answer with yes or no.,No,No,24.8125,25.4375,True
/data/shared/Qwen/mydisk/output/SYNTHETIC/NVILA-Lite-2B-SYNTHETIC_MIX_10PCT_80K-20260224_234537,obj1_closer,output/phasevar_5/0007_phA02_phB10.png,Is the magenta cube closer to the camera than the yellow cube? Answer with yes or no.,No,No,24.890625,25.578125,True
/data/shared/Qwen/mydisk/output/SYNTHETIC/NVILA-Lite-2B-SYNTHETIC_MIX_10PCT_80K-20260224_234537,obj1_closer,output/phasevar_5/0007_phA02_phB11.png,Is the magenta cube closer to the camera than the yellow cube? Answer with yes or no.,No,Yes,25.265625,25.203125,False
/data/shared/Qwen/mydisk/output/SYNTHETIC/NVILA-Lite-2B-SYNTHETIC_MIX_10PCT_80K-20260224_234537,obj1_closer,output/phasevar_5/0007_phA02_phB12.png,Is the magenta cube closer to the camera than the yellow cube? Answer with yes or no.,No,No,24.640625,25.21875,True
/data/shared/Qwen/mydisk/output/SYNTHETIC/NVILA-Lite-2B-SYNTHETIC_MIX_10PCT_80K-20260224_234537,obj1_closer,output/phasevar_5/0007_phA02_phB13.png,Is the magenta cube closer to the camera than the yellow cube? Answer with yes or no.,No,No,23.875,25.328125,True
/data/shared/Qwen/mydisk/output/SYNTHETIC/NVILA-Lite-2B-SYNTHETIC_MIX_10PCT_80K-20260224_234537,obj1_closer,output/phasevar_5/0007_phA02_phB14.png,Is the magenta cube closer to the camera than the yellow cube? Answer with yes or no.,No,No,23.65625,24.625,True
/data/shared/Qwen/mydisk/output/SYNTHETIC/NVILA-Lite-2B-SYNTHETIC_MIX_10PCT_80K-20260224_234537,obj1_closer,output/phasevar_5/0007_phA02_phB15.png,Is the magenta cube closer to the camera than the yellow cube? Answer with yes or no.,No,No,24.109375,25.953125,True
/data/shared/Qwen/mydisk/output/SYNTHETIC/NVILA-Lite-2B-SYNTHETIC_MIX_10PCT_80K-20260224_234537,obj1_closer,output/phasevar_5/0007_phA03_phB00.png,Is the magenta cube closer to the camera than the yellow cube? Answer with yes or no.,No,No,24.640625,25.84375,True
/data/shared/Qwen/mydisk/output/SYNTHETIC/NVILA-Lite-2B-SYNTHETIC_MIX_10PCT_80K-20260224_234537,obj1_closer,output/phasevar_5/0007_phA03_phB01.png,Is the magenta cube closer to the camera than the yellow cube? Answer with yes or no.,No,No,25.390625,27.984375,True
/data/shared/Qwen/mydisk/output/SYNTHETIC/NVILA-Lite-2B-SYNTHETIC_MIX_10PCT_80K-20260224_234537,obj1_closer,output/phasevar_5/0007_phA03_phB02.png,Is the magenta cube closer to the camera than the yellow cube? Answer with yes or no.,No,No,25.578125,26.8125,True
/data/shared/Qwen/mydisk/output/SYNTHETIC/NVILA-Lite-2B-SYNTHETIC_MIX_10PCT_80K-20260224_234537,obj1_closer,output/phasevar_5/0007_phA03_phB03.png,Is the magenta cube closer to the camera than the yellow cube? Answer with yes or no.,No,No,25.484375,27.484375,True
/data/shared/Qwen/mydisk/output/SYNTHETIC/NVILA-Lite-2B-SYNTHETIC_MIX_10PCT_80K-20260224_234537,obj1_closer,output/phasevar_5/0007_phA03_phB04.png,Is the magenta cube closer to the camera than the yellow cube? Answer with yes or no.,No,No,25.28125,27.140625,True
/data/shared/Qwen/mydisk/output/SYNTHETIC/NVILA-Lite-2B-SYNTHETIC_MIX_10PCT_80K-20260224_234537,obj1_closer,output/phasevar_5/0007_phA03_phB05.png,Is the magenta cube closer to the camera than the yellow cube? Answer with yes or no.,No,No,24.921875,26.765625,True
/data/shared/Qwen/mydisk/output/SYNTHETIC/NVILA-Lite-2B-SYNTHETIC_MIX_10PCT_80K-20260224_234537,obj1_closer,output/phasevar_5/0007_phA03_phB06.png,Is the magenta cube closer to the camera than the yellow cube? Answer with yes or no.,No,No,25.09375,27.140625,True
/data/shared/Qwen/mydisk/output/SYNTHETIC/NVILA-Lite-2B-SYNTHETIC_MIX_10PCT_80K-20260224_234537,obj1_closer,output/phasevar_5/0007_phA03_phB07.png,Is the magenta cube closer to the camera than the yellow cube? Answer with yes or no.,No,No,24.78125,27.046875,True
/data/shared/Qwen/mydisk/output/SYNTHETIC/NVILA-Lite-2B-SYNTHETIC_MIX_10PCT_80K-20260224_234537,obj1_closer,output/phasevar_5/0007_phA03_phB08.png,Is the magenta cube closer to the camera than the yellow cube? Answer with yes or no.,No,No,24.40625,25.59375,True
/data/shared/Qwen/mydisk/output/SYNTHETIC/NVILA-Lite-2B-SYNTHETIC_MIX_10PCT_80K-20260224_234537,obj1_closer,output/phasevar_5/0007_phA03_phB09.png,Is the magenta cube closer to the camera than the yellow cube? Answer with yes or no.,No,No,24.390625,25.625,True
/data/shared/Qwen/mydisk/output/SYNTHETIC/NVILA-Lite-2B-SYNTHETIC_MIX_10PCT_80K-20260224_234537,obj1_closer,output/phasevar_5/0007_phA03_phB10.png,Is the magenta cube closer to the camera than the yellow cube? Answer with yes or no.,No,No,24.421875,25.53125,True
/data/shared/Qwen/mydisk/output/SYNTHETIC/NVILA-Lite-2B-SYNTHETIC_MIX_10PCT_80K-20260224_234537,obj1_closer,output/phasevar_5/0007_phA03_phB11.png,Is the magenta cube closer to the camera than the yellow cube? Answer with yes or no.,No,No,24.21875,24.65625,True
/data/shared/Qwen/mydisk/output/SYNTHETIC/NVILA-Lite-2B-SYNTHETIC_MIX_10PCT_80K-20260224_234537,obj1_closer,output/phasevar_5/0007_phA03_phB12.png,Is the magenta cube closer to the camera than the yellow cube? Answer with yes or no.,No,No,23.8125,24.703125,True
/data/shared/Qwen/mydisk/output/SYNTHETIC/NVILA-Lite-2B-SYNTHETIC_MIX_10PCT_80K-20260224_234537,obj1_closer,output/phasevar_5/0007_phA03_phB13.png,Is the magenta cube closer to the camera than the yellow cube? Answer with yes or no.,No,No,23.578125,25.0,True
/data/shared/Qwen/mydisk/output/SYNTHETIC/NVILA-Lite-2B-SYNTHETIC_MIX_10PCT_80K-20260224_234537,obj1_closer,output/phasevar_5/0007_phA03_phB14.png,Is the magenta cube closer to the camera than the yellow cube? Answer with yes or no.,No,No,23.609375,24.375,True
/data/shared/Qwen/mydisk/output/SYNTHETIC/NVILA-Lite-2B-SYNTHETIC_MIX_10PCT_80K-20260224_234537,obj1_closer,output/phasevar_5/0007_phA03_phB15.png,Is the magenta cube closer to the camera than the yellow cube? Answer with yes or no.,No,No,24.125,25.609375,True
/data/shared/Qwen/mydisk/output/SYNTHETIC/NVILA-Lite-2B-SYNTHETIC_MIX_10PCT_80K-20260224_234537,obj1_closer,output/phasevar_5/0007_phA04_phB00.png,Is the magenta cube closer to the camera than the yellow cube? Answer with yes or no.,No,No,24.3125,25.46875,True
/data/shared/Qwen/mydisk/output/SYNTHETIC/NVILA-Lite-2B-SYNTHETIC_MIX_10PCT_80K-20260224_234537,obj1_closer,output/phasevar_5/0007_phA04_phB01.png,Is the magenta cube closer to the camera than the yellow cube? Answer with yes or no.,No,No,24.875,26.921875,True
/data/shared/Qwen/mydisk/output/SYNTHETIC/NVILA-Lite-2B-SYNTHETIC_MIX_10PCT_80K-20260224_234537,obj1_closer,output/phasevar_5/0007_phA04_phB02.png,Is the magenta cube closer to the camera than the yellow cube? Answer with yes or no.,No,No,25.546875,26.796875,True
/data/shared/Qwen/mydisk/output/SYNTHETIC/NVILA-Lite-2B-SYNTHETIC_MIX_10PCT_80K-20260224_234537,obj1_closer,output/phasevar_5/0007_phA04_phB03.png,Is the magenta cube closer to the camera than the yellow cube? Answer with yes or no.,No,No,24.890625,27.15625,True
/data/shared/Qwen/mydisk/output/SYNTHETIC/NVILA-Lite-2B-SYNTHETIC_MIX_10PCT_80K-20260224_234537,obj1_closer,output/phasevar_5/0007_phA04_phB04.png,Is the magenta cube closer to the camera than the yellow cube? Answer with yes or no.,No,No,25.125,27.078125,True
/data/shared/Qwen/mydisk/output/SYNTHETIC/NVILA-Lite-2B-SYNTHETIC_MIX_10PCT_80K-20260224_234537,obj1_closer,output/phasevar_5/0007_phA04_phB05.png,Is the magenta cube closer to the camera than the yellow cube? Answer with yes or no.,No,No,24.6875,26.65625,True
/data/shared/Qwen/mydisk/output/SYNTHETIC/NVILA-Lite-2B-SYNTHETIC_MIX_10PCT_80K-20260224_234537,obj1_closer,output/phasevar_5/0007_phA04_phB06.png,Is the magenta cube closer to the camera than the yellow cube? Answer with yes or no.,No,No,24.671875,26.71875,True
/data/shared/Qwen/mydisk/output/SYNTHETIC/NVILA-Lite-2B-SYNTHETIC_MIX_10PCT_80K-20260224_234537,obj1_closer,output/phasevar_5/0007_phA04_phB07.png,Is the magenta cube closer to the camera than the yellow cube? Answer with yes or no.,No,No,24.453125,26.625,True
/data/shared/Qwen/mydisk/output/SYNTHETIC/NVILA-Lite-2B-SYNTHETIC_MIX_10PCT_80K-20260224_234537,obj1_closer,output/phasevar_5/0007_phA04_phB08.png,Is the magenta cube closer to the camera than the yellow cube? Answer with yes or no.,No,No,24.21875,24.953125,True
/data/shared/Qwen/mydisk/output/SYNTHETIC/NVILA-Lite-2B-SYNTHETIC_MIX_10PCT_80K-20260224_234537,obj1_closer,output/phasevar_5/0007_phA04_phB09.png,Is the magenta cube closer to the camera than the yellow cube? Answer with yes or no.,No,No,24.28125,25.359375,True
/data/shared/Qwen/mydisk/output/SYNTHETIC/NVILA-Lite-2B-SYNTHETIC_MIX_10PCT_80K-20260224_234537,obj1_closer,output/phasevar_5/0007_phA04_phB10.png,Is the magenta cube closer to the camera than the yellow cube? Answer with yes or no.,No,No,24.40625,25.640625,True
/data/shared/Qwen/mydisk/output/SYNTHETIC/NVILA-Lite-2B-SYNTHETIC_MIX_10PCT_80K-20260224_234537,obj1_closer,output/phasevar_5/0007_phA04_phB11.png,Is the magenta cube closer to the camera than the yellow cube? Answer with yes or no.,No,No,24.515625,24.734375,True
/data/shared/Qwen/mydisk/output/SYNTHETIC/NVILA-Lite-2B-SYNTHETIC_MIX_10PCT_80K-20260224_234537,obj1_closer,output/phasevar_5/0007_phA04_phB12.png,Is the magenta cube closer to the camera than the yellow cube? Answer with yes or no.,No,No,24.125,24.671875,True
/data/shared/Qwen/mydisk/output/SYNTHETIC/NVILA-Lite-2B-SYNTHETIC_MIX_10PCT_80K-20260224_234537,obj1_closer,output/phasevar_5/0007_phA04_phB13.png,Is the magenta cube closer to the camera than the yellow cube? Answer with yes or no.,No,No,23.515625,24.734375,True
/data/shared/Qwen/mydisk/output/SYNTHETIC/NVILA-Lite-2B-SYNTHETIC_MIX_10PCT_80K-20260224_234537,obj1_closer,output/phasevar_5/0007_phA04_phB14.png,Is the magenta cube closer to the camera than the yellow cube? Answer with yes or no.,No,No,23.5625,24.453125,True
/data/shared/Qwen/mydisk/output/SYNTHETIC/NVILA-Lite-2B-SYNTHETIC_MIX_10PCT_80K-20260224_234537,obj1_closer,output/phasevar_5/0007_phA04_phB15.png,Is the magenta cube closer to the camera than the yellow cube? Answer with yes or no.,No,No,23.84375,25.34375,True
/data/shared/Qwen/mydisk/output/SYNTHETIC/NVILA-Lite-2B-SYNTHETIC_MIX_10PCT_80K-20260224_234537,obj1_closer,output/phasevar_5/0007_phA05_phB00.png,Is the magenta cube closer to the camera than the yellow cube? Answer with yes or no.,No,No,24.390625,25.546875,True
/data/shared/Qwen/mydisk/output/SYNTHETIC/NVILA-Lite-2B-SYNTHETIC_MIX_10PCT_80K-20260224_234537,obj1_closer,output/phasevar_5/0007_phA05_phB01.png,Is the magenta cube closer to the camera than the yellow cube? Answer with yes or no.,No,No,25.03125,26.96875,True
/data/shared/Qwen/mydisk/output/SYNTHETIC/NVILA-Lite-2B-SYNTHETIC_MIX_10PCT_80K-20260224_234537,obj1_closer,output/phasevar_5/0007_phA05_phB02.png,Is the magenta cube closer to the camera than the yellow cube? Answer with yes or no.,No,No,25.65625,26.75,True
/data/shared/Qwen/mydisk/output/SYNTHETIC/NVILA-Lite-2B-SYNTHETIC_MIX_10PCT_80K-20260224_234537,obj1_closer,output/phasevar_5/0007_phA05_phB03.png,Is the magenta cube closer to the camera than the yellow cube? Answer with yes or no.,No,No,24.953125,26.6875,True
/data/shared/Qwen/mydisk/output/SYNTHETIC/NVILA-Lite-2B-SYNTHETIC_MIX_10PCT_80K-20260224_234537,obj1_closer,output/phasevar_5/0007_phA05_phB04.png,Is the magenta cube closer to the camera than the yellow cube? Answer with yes or no.,No,No,25.171875,27.265625,True
/data/shared/Qwen/mydisk/output/SYNTHETIC/NVILA-Lite-2B-SYNTHETIC_MIX_10PCT_80K-20260224_234537,obj1_closer,output/phasevar_5/0007_phA05_phB05.png,Is the magenta cube closer to the camera than the yellow cube? Answer with yes or no.,No,No,24.984375,27.109375,True
/data/shared/Qwen/mydisk/output/SYNTHETIC/NVILA-Lite-2B-SYNTHETIC_MIX_10PCT_80K-20260224_234537,obj1_closer,output/phasevar_5/0007_phA05_phB06.png,Is the magenta cube closer to the camera than the yellow cube? Answer with yes or no.,No,No,24.703125,26.796875,True
/data/shared/Qwen/mydisk/output/SYNTHETIC/NVILA-Lite-2B-SYNTHETIC_MIX_10PCT_80K-20260224_234537,obj1_closer,output/phasevar_5/0007_phA05_phB07.png,Is the magenta cube closer to the camera than the yellow cube? Answer with yes or no.,No,No,24.765625,27.25,True
/data/shared/Qwen/mydisk/output/SYNTHETIC/NVILA-Lite-2B-SYNTHETIC_MIX_10PCT_80K-20260224_234537,obj1_closer,output/phasevar_5/0007_phA05_phB08.png,Is the magenta cube closer to the camera than the yellow cube? Answer with yes or no.,No,No,24.203125,25.109375,True
/data/shared/Qwen/mydisk/output/SYNTHETIC/NVILA-Lite-2B-SYNTHETIC_MIX_10PCT_80K-20260224_234537,obj1_closer,output/phasevar_5/0007_phA05_phB09.png,Is the magenta cube closer to the camera than the yellow cube? Answer with yes or no.,No,No,24.28125,25.5625,True
/data/shared/Qwen/mydisk/output/SYNTHETIC/NVILA-Lite-2B-SYNTHETIC_MIX_10PCT_80K-20260224_234537,obj1_closer,output/phasevar_5/0007_phA05_phB10.png,Is the magenta cube closer to the camera than the yellow cube? Answer with yes or no.,No,No,24.28125,25.515625,True
/data/shared/Qwen/mydisk/output/SYNTHETIC/NVILA-Lite-2B-SYNTHETIC_MIX_10PCT_80K-20260224_234537,obj1_closer,output/phasevar_5/0007_phA05_phB11.png,Is the magenta cube closer to the camera than the yellow cube? Answer with yes or no.,No,No,24.328125,24.734375,True
/data/shared/Qwen/mydisk/output/SYNTHETIC/NVILA-Lite-2B-SYNTHETIC_MIX_10PCT_80K-20260224_234537,obj1_closer,output/phasevar_5/0007_phA05_phB12.png,Is the magenta cube closer to the camera than the yellow cube? Answer with yes or no.,No,No,24.328125,24.75,True
/data/shared/Qwen/mydisk/output/SYNTHETIC/NVILA-Lite-2B-SYNTHETIC_MIX_10PCT_80K-20260224_234537,obj1_closer,output/phasevar_5/0007_phA05_phB13.png,Is the magenta cube closer to the camera than the yellow cube? Answer with yes or no.,No,No,23.859375,24.8125,True
/data/shared/Qwen/mydisk/output/SYNTHETIC/NVILA-Lite-2B-SYNTHETIC_MIX_10PCT_80K-20260224_234537,obj1_closer,output/phasevar_5/0007_phA05_phB14.png,Is the magenta cube closer to the camera than the yellow cube? Answer with yes or no.,No,No,23.890625,24.703125,True
/data/shared/Qwen/mydisk/output/SYNTHETIC/NVILA-Lite-2B-SYNTHETIC_MIX_10PCT_80K-20260224_234537,obj1_closer,output/phasevar_5/0007_phA05_phB15.png,Is the magenta cube closer to the camera than the yellow cube? Answer with yes or no.,No,No,24.03125,25.40625,True
/data/shared/Qwen/mydisk/output/SYNTHETIC/NVILA-Lite-2B-SYNTHETIC_MIX_10PCT_80K-20260224_234537,obj1_closer,output/phasevar_5/0007_phA06_phB00.png,Is the magenta cube closer to the camera than the yellow cube? Answer with yes or no.,No,No,24.53125,25.234375,True
/data/shared/Qwen/mydisk/output/SYNTHETIC/NVILA-Lite-2B-SYNTHETIC_MIX_10PCT_80K-20260224_234537,obj1_closer,output/phasevar_5/0007_phA06_phB01.png,Is the magenta cube closer to the camera than the yellow cube? Answer with yes or no.,No,No,25.328125,26.8125,True
/data/shared/Qwen/mydisk/output/SYNTHETIC/NVILA-Lite-2B-SYNTHETIC_MIX_10PCT_80K-20260224_234537,obj1_closer,output/phasevar_5/0007_phA06_phB02.png,Is the magenta cube closer to the camera than the yellow cube? Answer with yes or no.,No,No,25.796875,26.4375,True
/data/shared/Qwen/mydisk/output/SYNTHETIC/NVILA-Lite-2B-SYNTHETIC_MIX_10PCT_80K-20260224_234537,obj1_closer,output/phasevar_5/0007_phA06_phB03.png,Is the magenta cube closer to the camera than the yellow cube? Answer with yes or no.,No,No,24.984375,25.96875,True
/data/shared/Qwen/mydisk/output/SYNTHETIC/NVILA-Lite-2B-SYNTHETIC_MIX_10PCT_80K-20260224_234537,obj1_closer,output/phasevar_5/0007_phA06_phB04.png,Is the magenta cube closer to the camera than the yellow cube? Answer with yes or no.,No,No,25.140625,26.109375,True
/data/shared/Qwen/mydisk/output/SYNTHETIC/NVILA-Lite-2B-SYNTHETIC_MIX_10PCT_80K-20260224_234537,obj1_closer,output/phasevar_5/0007_phA06_phB05.png,Is the magenta cube closer to the camera than the yellow cube? Answer with yes or no.,No,No,24.828125,26.59375,True
/data/shared/Qwen/mydisk/output/SYNTHETIC/NVILA-Lite-2B-SYNTHETIC_MIX_10PCT_80K-20260224_234537,obj1_closer,output/phasevar_5/0007_phA06_phB06.png,Is the magenta cube closer to the camera than the yellow cube? Answer with yes or no.,No,No,24.75,27.25,True
/data/shared/Qwen/mydisk/output/SYNTHETIC/NVILA-Lite-2B-SYNTHETIC_MIX_10PCT_80K-20260224_234537,obj1_closer,output/phasevar_5/0007_phA06_phB07.png,Is the magenta cube closer to the camera than the yellow cube? Answer with yes or no.,No,No,24.828125,27.828125,True
/data/shared/Qwen/mydisk/output/SYNTHETIC/NVILA-Lite-2B-SYNTHETIC_MIX_10PCT_80K-20260224_234537,obj1_closer,output/phasevar_5/0007_phA06_phB08.png,Is the magenta cube closer to the camera than the yellow cube? Answer with yes or no.,No,No,24.0,25.328125,True
/data/shared/Qwen/mydisk/output/SYNTHETIC/NVILA-Lite-2B-SYNTHETIC_MIX_10PCT_80K-20260224_234537,obj1_closer,output/phasevar_5/0007_phA06_phB09.png,Is the magenta cube closer to the camera than the yellow cube? Answer with yes or no.,No,No,23.953125,25.890625,True
/data/shared/Qwen/mydisk/output/SYNTHETIC/NVILA-Lite-2B-SYNTHETIC_MIX_10PCT_80K-20260224_234537,obj1_closer,output/phasevar_5/0007_phA06_phB10.png,Is the magenta cube closer to the camera than the yellow cube? Answer with yes or no.,No,No,24.125,25.9375,True
/data/shared/Qwen/mydisk/output/SYNTHETIC/NVILA-Lite-2B-SYNTHETIC_MIX_10PCT_80K-20260224_234537,obj1_closer,output/phasevar_5/0007_phA06_phB11.png,Is the magenta cube closer to the camera than the yellow cube? Answer with yes or no.,No,Yes,24.578125,24.5625,False
/data/shared/Qwen/mydisk/output/SYNTHETIC/NVILA-Lite-2B-SYNTHETIC_MIX_10PCT_80K-20260224_234537,obj1_closer,output/phasevar_5/0007_phA06_phB12.png,Is the magenta cube closer to the camera than the yellow cube? Answer with yes or no.,No,Yes,24.828125,24.453125,False
/data/shared/Qwen/mydisk/output/SYNTHETIC/NVILA-Lite-2B-SYNTHETIC_MIX_10PCT_80K-20260224_234537,obj1_closer,output/phasevar_5/0007_phA06_phB13.png,Is the magenta cube closer to the camera than the yellow cube? Answer with yes or no.,No,No,24.453125,24.5,True
/data/shared/Qwen/mydisk/output/SYNTHETIC/NVILA-Lite-2B-SYNTHETIC_MIX_10PCT_80K-20260224_234537,obj1_closer,output/phasevar_5/0007_phA06_phB14.png,Is the magenta cube closer to the camera than the yellow cube? Answer with yes or no.,No,No,24.265625,24.546875,True
/data/shared/Qwen/mydisk/output/SYNTHETIC/NVILA-Lite-2B-SYNTHETIC_MIX_10PCT_80K-20260224_234537,obj1_closer,output/phasevar_5/0007_phA06_phB15.png,Is the magenta cube closer to the camera than the yellow cube? Answer with yes or no.,No,No,24.484375,25.375,True
/data/shared/Qwen/mydisk/output/SYNTHETIC/NVILA-Lite-2B-SYNTHETIC_MIX_10PCT_80K-20260224_234537,obj1_closer,output/phasevar_5/0007_phA07_phB00.png,Is the magenta cube closer to the camera than the yellow cube? Answer with yes or no.,No,No,25.09375,26.203125,True
/data/shared/Qwen/mydisk/output/SYNTHETIC/NVILA-Lite-2B-SYNTHETIC_MIX_10PCT_80K-20260224_234537,obj1_closer,output/phasevar_5/0007_phA07_phB01.png,Is the magenta cube closer to the camera than the yellow cube? Answer with yes or no.,No,No,25.703125,27.4375,True
/data/shared/Qwen/mydisk/output/SYNTHETIC/NVILA-Lite-2B-SYNTHETIC_MIX_10PCT_80K-20260224_234537,obj1_closer,output/phasevar_5/0007_phA07_phB02.png,Is the magenta cube closer to the camera than the yellow cube? Answer with yes or no.,No,No,26.046875,26.5625,True
/data/shared/Qwen/mydisk/output/SYNTHETIC/NVILA-Lite-2B-SYNTHETIC_MIX_10PCT_80K-20260224_234537,obj1_closer,output/phasevar_5/0007_phA07_phB03.png,Is the magenta cube closer to the camera than the yellow cube? Answer with yes or no.,No,No,25.453125,26.0625,True
/data/shared/Qwen/mydisk/output/SYNTHETIC/NVILA-Lite-2B-SYNTHETIC_MIX_10PCT_80K-20260224_234537,obj1_closer,output/phasevar_5/0007_phA07_phB04.png,Is the magenta cube closer to the camera than the yellow cube? Answer with yes or no.,No,No,25.734375,26.125,True
/data/shared/Qwen/mydisk/output/SYNTHETIC/NVILA-Lite-2B-SYNTHETIC_MIX_10PCT_80K-20260224_234537,obj1_closer,output/phasevar_5/0007_phA07_phB05.png,Is the magenta cube closer to the camera than the yellow cube? Answer with yes or no.,No,No,25.4375,26.578125,True
/data/shared/Qwen/mydisk/output/SYNTHETIC/NVILA-Lite-2B-SYNTHETIC_MIX_10PCT_80K-20260224_234537,obj1_closer,output/phasevar_5/0007_phA07_phB06.png,Is the magenta cube closer to the camera than the yellow cube? Answer with yes or no.,No,No,25.328125,27.640625,True
/data/shared/Qwen/mydisk/output/SYNTHETIC/NVILA-Lite-2B-SYNTHETIC_MIX_10PCT_80K-20260224_234537,obj1_closer,output/phasevar_5/0007_phA07_phB07.png,Is the magenta cube closer to the camera than the yellow cube? Answer with yes or no.,No,No,25.4375,28.65625,True
/data/shared/Qwen/mydisk/output/SYNTHETIC/NVILA-Lite-2B-SYNTHETIC_MIX_10PCT_80K-20260224_234537,obj1_closer,output/phasevar_5/0007_phA07_phB08.png,Is the magenta cube closer to the camera than the yellow cube? Answer with yes or no.,No,No,24.65625,27.0,True
/data/shared/Qwen/mydisk/output/SYNTHETIC/NVILA-Lite-2B-SYNTHETIC_MIX_10PCT_80K-20260224_234537,obj1_closer,output/phasevar_5/0007_phA07_phB09.png,Is the magenta cube closer to the camera than the yellow cube? Answer with yes or no.,No,No,24.21875,26.359375,True
/data/shared/Qwen/mydisk/output/SYNTHETIC/NVILA-Lite-2B-SYNTHETIC_MIX_10PCT_80K-20260224_234537,obj1_closer,output/phasevar_5/0007_phA07_phB10.png,Is the magenta cube closer to the camera than the yellow cube? Answer with yes or no.,No,No,24.28125,26.109375,True
/data/shared/Qwen/mydisk/output/SYNTHETIC/NVILA-Lite-2B-SYNTHETIC_MIX_10PCT_80K-20260224_234537,obj1_closer,output/phasevar_5/0007_phA07_phB11.png,Is the magenta cube closer to the camera than the yellow cube? Answer with yes or no.,No,No,24.25,24.796875,True
/data/shared/Qwen/mydisk/output/SYNTHETIC/NVILA-Lite-2B-SYNTHETIC_MIX_10PCT_80K-20260224_234537,obj1_closer,output/phasevar_5/0007_phA07_phB12.png,Is the magenta cube closer to the camera than the yellow cube? Answer with yes or no.,No,No,24.375,24.6875,True
/data/shared/Qwen/mydisk/output/SYNTHETIC/NVILA-Lite-2B-SYNTHETIC_MIX_10PCT_80K-20260224_234537,obj1_closer,output/phasevar_5/0007_phA07_phB13.png,Is the magenta cube closer to the camera than the yellow cube? Answer with yes or no.,No,No,24.171875,24.75,True
/data/shared/Qwen/mydisk/output/SYNTHETIC/NVILA-Lite-2B-SYNTHETIC_MIX_10PCT_80K-20260224_234537,obj1_closer,output/phasevar_5/0007_phA07_phB14.png,Is the magenta cube closer to the camera than the yellow cube? Answer with yes or no.,No,No,24.109375,24.65625,True
/data/shared/Qwen/mydisk/output/SYNTHETIC/NVILA-Lite-2B-SYNTHETIC_MIX_10PCT_80K-20260224_234537,obj1_closer,output/phasevar_5/0007_phA07_phB15.png,Is the magenta cube closer to the camera than the yellow cube? Answer with yes or no.,No,No,24.609375,25.875,True
/data/shared/Qwen/mydisk/output/SYNTHETIC/NVILA-Lite-2B-SYNTHETIC_MIX_10PCT_80K-20260224_234537,obj1_closer,output/phasevar_5/0007_phA08_phB00.png,Is the magenta cube closer to the camera than the yellow cube? Answer with yes or no.,No,No,25.125,26.3125,True
/data/shared/Qwen/mydisk/output/SYNTHETIC/NVILA-Lite-2B-SYNTHETIC_MIX_10PCT_80K-20260224_234537,obj1_closer,output/phasevar_5/0007_phA08_phB01.png,Is the magenta cube closer to the camera than the yellow cube? Answer with yes or no.,No,No,25.765625,27.34375,True
/data/shared/Qwen/mydisk/output/SYNTHETIC/NVILA-Lite-2B-SYNTHETIC_MIX_10PCT_80K-20260224_234537,obj1_closer,output/phasevar_5/0007_phA08_phB02.png,Is the magenta cube closer to the camera than the yellow cube? Answer with yes or no.,No,No,26.09375,26.78125,True
/data/shared/Qwen/mydisk/output/SYNTHETIC/NVILA-Lite-2B-SYNTHETIC_MIX_10PCT_80K-20260224_234537,obj1_closer,output/phasevar_5/0007_phA08_phB03.png,Is the magenta cube closer to the camera than the yellow cube? Answer with yes or no.,No,No,25.84375,26.203125,True
/data/shared/Qwen/mydisk/output/SYNTHETIC/NVILA-Lite-2B-SYNTHETIC_MIX_10PCT_80K-20260224_234537,obj1_closer,output/phasevar_5/0007_phA08_phB04.png,Is the magenta cube closer to the camera than the yellow cube? Answer with yes or no.,No,No,25.9375,26.0625,True
/data/shared/Qwen/mydisk/output/SYNTHETIC/NVILA-Lite-2B-SYNTHETIC_MIX_10PCT_80K-20260224_234537,obj1_closer,output/phasevar_5/0007_phA08_phB05.png,Is the magenta cube closer to the camera than the yellow cube? Answer with yes or no.,No,No,25.46875,26.34375,True
/data/shared/Qwen/mydisk/output/SYNTHETIC/NVILA-Lite-2B-SYNTHETIC_MIX_10PCT_80K-20260224_234537,obj1_closer,output/phasevar_5/0007_phA08_phB06.png,Is the magenta cube closer to the camera than the yellow cube? Answer with yes or no.,No,No,25.34375,27.578125,True
/data/shared/Qwen/mydisk/output/SYNTHETIC/NVILA-Lite-2B-SYNTHETIC_MIX_10PCT_80K-20260224_234537,obj1_closer,output/phasevar_5/0007_phA08_phB07.png,Is the magenta cube closer to the camera than the yellow cube? Answer with yes or no.,No,No,25.21875,28.421875,True
/data/shared/Qwen/mydisk/output/SYNTHETIC/NVILA-Lite-2B-SYNTHETIC_MIX_10PCT_80K-20260224_234537,obj1_closer,output/phasevar_5/0007_phA08_phB08.png,Is the magenta cube closer to the camera than the yellow cube? Answer with yes or no.,No,No,24.484375,26.703125,True
/data/shared/Qwen/mydisk/output/SYNTHETIC/NVILA-Lite-2B-SYNTHETIC_MIX_10PCT_80K-20260224_234537,obj1_closer,output/phasevar_5/0007_phA08_phB09.png,Is the magenta cube closer to the camera than the yellow cube? Answer with yes or no.,No,No,24.21875,26.4375,True
/data/shared/Qwen/mydisk/output/SYNTHETIC/NVILA-Lite-2B-SYNTHETIC_MIX_10PCT_80K-20260224_234537,obj1_closer,output/phasevar_5/0007_phA08_phB10.png,Is the magenta cube closer to the camera than the yellow cube? Answer with yes or no.,No,No,24.203125,26.21875,True
/data/shared/Qwen/mydisk/output/SYNTHETIC/NVILA-Lite-2B-SYNTHETIC_MIX_10PCT_80K-20260224_234537,obj1_closer,output/phasevar_5/0007_phA08_phB11.png,Is the magenta cube closer to the camera than the yellow cube? Answer with yes or no.,No,No,24.203125,24.9375,True
/data/shared/Qwen/mydisk/output/SYNTHETIC/NVILA-Lite-2B-SYNTHETIC_MIX_10PCT_80K-20260224_234537,obj1_closer,output/phasevar_5/0007_phA08_phB12.png,Is the magenta cube closer to the camera than the yellow cube? Answer with yes or no.,No,No,24.390625,24.796875,True
/data/shared/Qwen/mydisk/output/SYNTHETIC/NVILA-Lite-2B-SYNTHETIC_MIX_10PCT_80K-20260224_234537,obj1_closer,output/phasevar_5/0007_phA08_phB13.png,Is the magenta cube closer to the camera than the yellow cube? Answer with yes or no.,No,No,24.09375,24.703125,True
/data/shared/Qwen/mydisk/output/SYNTHETIC/NVILA-Lite-2B-SYNTHETIC_MIX_10PCT_80K-20260224_234537,obj1_closer,output/phasevar_5/0007_phA08_phB14.png,Is the magenta cube closer to the camera than the yellow cube? Answer with yes or no.,No,No,24.09375,24.71875,True
/data/shared/Qwen/mydisk/output/SYNTHETIC/NVILA-Lite-2B-SYNTHETIC_MIX_10PCT_80K-20260224_234537,obj1_closer,output/phasevar_5/0007_phA08_phB15.png,Is the magenta cube closer to the camera than the yellow cube? Answer with yes or no.,No,No,24.828125,26.21875,True
/data/shared/Qwen/mydisk/output/SYNTHETIC/NVILA-Lite-2B-SYNTHETIC_MIX_10PCT_80K-20260224_234537,obj1_closer,output/phasevar_5/0007_phA09_phB00.png,Is the magenta cube closer to the camera than the yellow cube? Answer with yes or no.,No,No,26.15625,27.15625,True
/data/shared/Qwen/mydisk/output/SYNTHETIC/NVILA-Lite-2B-SYNTHETIC_MIX_10PCT_80K-20260224_234537,obj1_closer,output/phasevar_5/0007_phA09_phB01.png,Is the magenta cube closer to the camera than the yellow cube? Answer with yes or no.,No,No,26.609375,27.984375,True
/data/shared/Qwen/mydisk/output/SYNTHETIC/NVILA-Lite-2B-SYNTHETIC_MIX_10PCT_80K-20260224_234537,obj1_closer,output/phasevar_5/0007_phA09_phB02.png,Is the magenta cube closer to the camera than the yellow cube? Answer with yes or no.,No,No,26.515625,27.203125,True
/data/shared/Qwen/mydisk/output/SYNTHETIC/NVILA-Lite-2B-SYNTHETIC_MIX_10PCT_80K-20260224_234537,obj1_closer,output/phasevar_5/0007_phA09_phB03.png,Is the magenta cube closer to the camera than the yellow cube? Answer with yes or no.,No,No,26.5,26.78125,True
/data/shared/Qwen/mydisk/output/SYNTHETIC/NVILA-Lite-2B-SYNTHETIC_MIX_10PCT_80K-20260224_234537,obj1_closer,output/phasevar_5/0007_phA09_phB04.png,Is the magenta cube closer to the camera than the yellow cube? Answer with yes or no.,No,Yes,26.546875,26.453125,False
/data/shared/Qwen/mydisk/output/SYNTHETIC/NVILA-Lite-2B-SYNTHETIC_MIX_10PCT_80K-20260224_234537,obj1_closer,output/phasevar_5/0007_phA09_phB05.png,Is the magenta cube closer to the camera than the yellow cube? Answer with yes or no.,No,No,25.890625,26.53125,True
/data/shared/Qwen/mydisk/output/SYNTHETIC/NVILA-Lite-2B-SYNTHETIC_MIX_10PCT_80K-20260224_234537,obj1_closer,output/phasevar_5/0007_phA09_phB06.png,Is the magenta cube closer to the camera than the yellow cube? Answer with yes or no.,No,No,25.5625,27.484375,True
/data/shared/Qwen/mydisk/output/SYNTHETIC/NVILA-Lite-2B-SYNTHETIC_MIX_10PCT_80K-20260224_234537,obj1_closer,output/phasevar_5/0007_phA09_phB07.png,Is the magenta cube closer to the camera than the yellow cube? Answer with yes or no.,No,No,25.515625,28.4375,True
/data/shared/Qwen/mydisk/output/SYNTHETIC/NVILA-Lite-2B-SYNTHETIC_MIX_10PCT_80K-20260224_234537,obj1_closer,output/phasevar_5/0007_phA09_phB08.png,Is the magenta cube closer to the camera than the yellow cube? Answer with yes or no.,No,No,24.5625,27.453125,True
/data/shared/Qwen/mydisk/output/SYNTHETIC/NVILA-Lite-2B-SYNTHETIC_MIX_10PCT_80K-20260224_234537,obj1_closer,output/phasevar_5/0007_phA09_phB09.png,Is the magenta cube closer to the camera than the yellow cube? Answer with yes or no.,No,No,24.640625,27.078125,True
/data/shared/Qwen/mydisk/output/SYNTHETIC/NVILA-Lite-2B-SYNTHETIC_MIX_10PCT_80K-20260224_234537,obj1_closer,output/phasevar_5/0007_phA09_phB10.png,Is the magenta cube closer to the camera than the yellow cube? Answer with yes or no.,No,No,24.234375,26.21875,True
/data/shared/Qwen/mydisk/output/SYNTHETIC/NVILA-Lite-2B-SYNTHETIC_MIX_10PCT_80K-20260224_234537,obj1_closer,output/phasevar_5/0007_phA09_phB11.png,Is the magenta cube closer to the camera than the yellow cube? Answer with yes or no.,No,No,24.28125,25.015625,True
/data/shared/Qwen/mydisk/output/SYNTHETIC/NVILA-Lite-2B-SYNTHETIC_MIX_10PCT_80K-20260224_234537,obj1_closer,output/phasevar_5/0007_phA09_phB12.png,Is the magenta cube closer to the camera than the yellow cube? Answer with yes or no.,No,No,24.546875,24.90625,True
/data/shared/Qwen/mydisk/output/SYNTHETIC/NVILA-Lite-2B-SYNTHETIC_MIX_10PCT_80K-20260224_234537,obj1_closer,output/phasevar_5/0007_phA09_phB13.png,Is the magenta cube closer to the camera than the yellow cube? Answer with yes or no.,No,No,24.203125,24.84375,True
/data/shared/Qwen/mydisk/output/SYNTHETIC/NVILA-Lite-2B-SYNTHETIC_MIX_10PCT_80K-20260224_234537,obj1_closer,output/phasevar_5/0007_phA09_phB14.png,Is the magenta cube closer to the camera than the yellow cube? Answer with yes or no.,No,No,24.34375,24.9375,True
/data/shared/Qwen/mydisk/output/SYNTHETIC/NVILA-Lite-2B-SYNTHETIC_MIX_10PCT_80K-20260224_234537,obj1_closer,output/phasevar_5/0007_phA09_phB15.png,Is the magenta cube closer to the camera than the yellow cube? Answer with yes or no.,No,No,25.25,26.671875,True
/data/shared/Qwen/mydisk/output/SYNTHETIC/NVILA-Lite-2B-SYNTHETIC_MIX_10PCT_80K-20260224_234537,obj1_closer,output/phasevar_5/0007_phA10_phB00.png,Is the magenta cube closer to the camera than the yellow cube? Answer with yes or no.,No,No,26.109375,26.109375,True
/data/shared/Qwen/mydisk/output/SYNTHETIC/NVILA-Lite-2B-SYNTHETIC_MIX_10PCT_80K-20260224_234537,obj1_closer,output/phasevar_5/0007_phA10_phB01.png,Is the magenta cube closer to the camera than the yellow cube? Answer with yes or no.,No,No,26.8125,27.0625,True
/data/shared/Qwen/mydisk/output/SYNTHETIC/NVILA-Lite-2B-SYNTHETIC_MIX_10PCT_80K-20260224_234537,obj1_closer,output/phasevar_5/0007_phA10_phB02.png,Is the magenta cube closer to the camera than the yellow cube? Answer with yes or no.,No,Yes,26.578125,26.265625,False
/data/shared/Qwen/mydisk/output/SYNTHETIC/NVILA-Lite-2B-SYNTHETIC_MIX_10PCT_80K-20260224_234537,obj1_closer,output/phasevar_5/0007_phA10_phB03.png,Is the magenta cube closer to the camera than the yellow cube? Answer with yes or no.,No,Yes,26.28125,25.796875,False
/data/shared/Qwen/mydisk/output/SYNTHETIC/NVILA-Lite-2B-SYNTHETIC_MIX_10PCT_80K-20260224_234537,obj1_closer,output/phasevar_5/0007_phA10_phB04.png,Is the magenta cube closer to the camera than the yellow cube? Answer with yes or no.,No,Yes,26.078125,25.53125,False
/data/shared/Qwen/mydisk/output/SYNTHETIC/NVILA-Lite-2B-SYNTHETIC_MIX_10PCT_80K-20260224_234537,obj1_closer,output/phasevar_5/0007_phA10_phB05.png,Is the magenta cube closer to the camera than the yellow cube? Answer with yes or no.,No,No,25.703125,25.953125,True
/data/shared/Qwen/mydisk/output/SYNTHETIC/NVILA-Lite-2B-SYNTHETIC_MIX_10PCT_80K-20260224_234537,obj1_closer,output/phasevar_5/0007_phA10_phB06.png,Is the magenta cube closer to the camera than the yellow cube? Answer with yes or no.,No,No,25.625,27.015625,True
/data/shared/Qwen/mydisk/output/SYNTHETIC/NVILA-Lite-2B-SYNTHETIC_MIX_10PCT_80K-20260224_234537,obj1_closer,output/phasevar_5/0007_phA10_phB07.png,Is the magenta cube closer to the camera than the yellow cube? Answer with yes or no.,No,No,25.828125,27.703125,True
/data/shared/Qwen/mydisk/output/SYNTHETIC/NVILA-Lite-2B-SYNTHETIC_MIX_10PCT_80K-20260224_234537,obj1_closer,output/phasevar_5/0007_phA10_phB08.png,Is the magenta cube closer to the camera than the yellow cube? Answer with yes or no.,No,No,24.734375,26.1875,True
/data/shared/Qwen/mydisk/output/SYNTHETIC/NVILA-Lite-2B-SYNTHETIC_MIX_10PCT_80K-20260224_234537,obj1_closer,output/phasevar_5/0007_phA10_phB09.png,Is the magenta cube closer to the camera than the yellow cube? Answer with yes or no.,No,No,24.34375,27.0,True
/data/shared/Qwen/mydisk/output/SYNTHETIC/NVILA-Lite-2B-SYNTHETIC_MIX_10PCT_80K-20260224_234537,obj1_closer,output/phasevar_5/0007_phA10_phB10.png,Is the magenta cube closer to the camera than the yellow cube? Answer with yes or no.,No,No,24.28125,26.859375,True
/data/shared/Qwen/mydisk/output/SYNTHETIC/NVILA-Lite-2B-SYNTHETIC_MIX_10PCT_80K-20260224_234537,obj1_closer,output/phasevar_5/0007_phA10_phB11.png,Is the magenta cube closer to the camera than the yellow cube? Answer with yes or no.,No,No,24.3125,25.390625,True
/data/shared/Qwen/mydisk/output/SYNTHETIC/NVILA-Lite-2B-SYNTHETIC_MIX_10PCT_80K-20260224_234537,obj1_closer,output/phasevar_5/0007_phA10_phB12.png,Is the magenta cube closer to the camera than the yellow cube? Answer with yes or no.,No,No,24.40625,24.96875,True
/data/shared/Qwen/mydisk/output/SYNTHETIC/NVILA-Lite-2B-SYNTHETIC_MIX_10PCT_80K-20260224_234537,obj1_closer,output/phasevar_5/0007_phA10_phB13.png,Is the magenta cube closer to the camera than the yellow cube? Answer with yes or no.,No,No,24.3125,24.921875,True
/data/shared/Qwen/mydisk/output/SYNTHETIC/NVILA-Lite-2B-SYNTHETIC_MIX_10PCT_80K-20260224_234537,obj1_closer,output/phasevar_5/0007_phA10_phB14.png,Is the magenta cube closer to the camera than the yellow cube? Answer with yes or no.,No,No,24.59375,24.71875,True
/data/shared/Qwen/mydisk/output/SYNTHETIC/NVILA-Lite-2B-SYNTHETIC_MIX_10PCT_80K-20260224_234537,obj1_closer,output/phasevar_5/0007_phA10_phB15.png,Is the magenta cube closer to the camera than the yellow cube? Answer with yes or no.,No,No,25.53125,26.421875,True
/data/shared/Qwen/mydisk/output/SYNTHETIC/NVILA-Lite-2B-SYNTHETIC_MIX_10PCT_80K-20260224_234537,obj1_closer,output/phasevar_5/0007_phA11_phB00.png,Is the magenta cube closer to the camera than the yellow cube? Answer with yes or no.,No,No,25.734375,26.21875,True
/data/shared/Qwen/mydisk/output/SYNTHETIC/NVILA-Lite-2B-SYNTHETIC_MIX_10PCT_80K-20260224_234537,obj1_closer,output/phasevar_5/0007_phA11_phB01.png,Is the magenta cube closer to the camera than the yellow cube? Answer with yes or no.,No,No,26.3125,27.0625,True
/data/shared/Qwen/mydisk/output/SYNTHETIC/NVILA-Lite-2B-SYNTHETIC_MIX_10PCT_80K-20260224_234537,obj1_closer,output/phasevar_5/0007_phA11_phB02.png,Is the magenta cube closer to the camera than the yellow cube? Answer with yes or no.,No,No,26.328125,26.609375,True
/data/shared/Qwen/mydisk/output/SYNTHETIC/NVILA-Lite-2B-SYNTHETIC_MIX_10PCT_80K-20260224_234537,obj1_closer,output/phasevar_5/0007_phA11_phB03.png,Is the magenta cube closer to the camera than the yellow cube? Answer with yes or no.,No,No,25.828125,26.0625,True
/data/shared/Qwen/mydisk/output/SYNTHETIC/NVILA-Lite-2B-SYNTHETIC_MIX_10PCT_80K-20260224_234537,obj1_closer,output/phasevar_5/0007_phA11_phB04.png,Is the magenta cube closer to the camera than the yellow cube? Answer with yes or no.,No,No,25.8125,25.890625,True
/data/shared/Qwen/mydisk/output/SYNTHETIC/NVILA-Lite-2B-SYNTHETIC_MIX_10PCT_80K-20260224_234537,obj1_closer,output/phasevar_5/0007_phA11_phB05.png,Is the magenta cube closer to the camera than the yellow cube? Answer with yes or no.,No,No,25.25,25.75,True
/data/shared/Qwen/mydisk/output/SYNTHETIC/NVILA-Lite-2B-SYNTHETIC_MIX_10PCT_80K-20260224_234537,obj1_closer,output/phasevar_5/0007_phA11_phB06.png,Is the magenta cube closer to the camera than the yellow cube? Answer with yes or no.,No,No,25.3125,26.640625,True
/data/shared/Qwen/mydisk/output/SYNTHETIC/NVILA-Lite-2B-SYNTHETIC_MIX_10PCT_80K-20260224_234537,obj1_closer,output/phasevar_5/0007_phA11_phB07.png,Is the magenta cube closer to the camera than the yellow cube? Answer with yes or no.,No,No,25.3125,27.21875,True
/data/shared/Qwen/mydisk/output/SYNTHETIC/NVILA-Lite-2B-SYNTHETIC_MIX_10PCT_80K-20260224_234537,obj1_closer,output/phasevar_5/0007_phA11_phB08.png,Is the magenta cube closer to the camera than the yellow cube? Answer with yes or no.,No,No,23.984375,25.40625,True
/data/shared/Qwen/mydisk/output/SYNTHETIC/NVILA-Lite-2B-SYNTHETIC_MIX_10PCT_80K-20260224_234537,obj1_closer,output/phasevar_5/0007_phA11_phB09.png,Is the magenta cube closer to the camera than the yellow cube? Answer with yes or no.,No,No,23.671875,25.859375,True
/data/shared/Qwen/mydisk/output/SYNTHETIC/NVILA-Lite-2B-SYNTHETIC_MIX_10PCT_80K-20260224_234537,obj1_closer,output/phasevar_5/0007_phA11_phB10.png,Is the magenta cube closer to the camera than the yellow cube? Answer with yes or no.,No,No,23.984375,26.15625,True
/data/shared/Qwen/mydisk/output/SYNTHETIC/NVILA-Lite-2B-SYNTHETIC_MIX_10PCT_80K-20260224_234537,obj1_closer,output/phasevar_5/0007_phA11_phB11.png,Is the magenta cube closer to the camera than the yellow cube? Answer with yes or no.,No,No,23.984375,25.421875,True
/data/shared/Qwen/mydisk/output/SYNTHETIC/NVILA-Lite-2B-SYNTHETIC_MIX_10PCT_80K-20260224_234537,obj1_closer,output/phasevar_5/0007_phA11_phB12.png,Is the magenta cube closer to the camera than the yellow cube? Answer with yes or no.,No,No,24.078125,25.25,True
/data/shared/Qwen/mydisk/output/SYNTHETIC/NVILA-Lite-2B-SYNTHETIC_MIX_10PCT_80K-20260224_234537,obj1_closer,output/phasevar_5/0007_phA11_phB13.png,Is the magenta cube closer to the camera than the yellow cube? Answer with yes or no.,No,No,24.09375,25.21875,True
/data/shared/Qwen/mydisk/output/SYNTHETIC/NVILA-Lite-2B-SYNTHETIC_MIX_10PCT_80K-20260224_234537,obj1_closer,output/phasevar_5/0007_phA11_phB14.png,Is the magenta cube closer to the camera than the yellow cube? Answer with yes or no.,No,No,24.421875,25.1875,True
/data/shared/Qwen/mydisk/output/SYNTHETIC/NVILA-Lite-2B-SYNTHETIC_MIX_10PCT_80K-20260224_234537,obj1_closer,output/phasevar_5/0007_phA11_phB15.png,Is the magenta cube closer to the camera than the yellow cube? Answer with yes or no.,No,No,25.15625,26.265625,True
/data/shared/Qwen/mydisk/output/SYNTHETIC/NVILA-Lite-2B-SYNTHETIC_MIX_10PCT_80K-20260224_234537,obj1_closer,output/phasevar_5/0007_phA12_phB00.png,Is the magenta cube closer to the camera than the yellow cube? Answer with yes or no.,No,No,25.390625,26.171875,True
/data/shared/Qwen/mydisk/output/SYNTHETIC/NVILA-Lite-2B-SYNTHETIC_MIX_10PCT_80K-20260224_234537,obj1_closer,output/phasevar_5/0007_phA12_phB01.png,Is the magenta cube closer to the camera than the yellow cube? Answer with yes or no.,No,No,25.96875,26.96875,True
/data/shared/Qwen/mydisk/output/SYNTHETIC/NVILA-Lite-2B-SYNTHETIC_MIX_10PCT_80K-20260224_234537,obj1_closer,output/phasevar_5/0007_phA12_phB02.png,Is the magenta cube closer to the camera than the yellow cube? Answer with yes or no.,No,No,26.0625,26.5625,True
/data/shared/Qwen/mydisk/output/SYNTHETIC/NVILA-Lite-2B-SYNTHETIC_MIX_10PCT_80K-20260224_234537,obj1_closer,output/phasevar_5/0007_phA12_phB03.png,Is the magenta cube closer to the camera than the yellow cube? Answer with yes or no.,No,No,25.84375,26.421875,True
/data/shared/Qwen/mydisk/output/SYNTHETIC/NVILA-Lite-2B-SYNTHETIC_MIX_10PCT_80K-20260224_234537,obj1_closer,output/phasevar_5/0007_phA12_phB04.png,Is the magenta cube closer to the camera than the yellow cube? Answer with yes or no.,No,No,25.6875,26.1875,True
/data/shared/Qwen/mydisk/output/SYNTHETIC/NVILA-Lite-2B-SYNTHETIC_MIX_10PCT_80K-20260224_234537,obj1_closer,output/phasevar_5/0007_phA12_phB05.png,Is the magenta cube closer to the camera than the yellow cube? Answer with yes or no.,No,No,25.296875,26.21875,True
/data/shared/Qwen/mydisk/output/SYNTHETIC/NVILA-Lite-2B-SYNTHETIC_MIX_10PCT_80K-20260224_234537,obj1_closer,output/phasevar_5/0007_phA12_phB06.png,Is the magenta cube closer to the camera than the yellow cube? Answer with yes or no.,No,No,25.34375,26.734375,True
/data/shared/Qwen/mydisk/output/SYNTHETIC/NVILA-Lite-2B-SYNTHETIC_MIX_10PCT_80K-20260224_234537,obj1_closer,output/phasevar_5/0007_phA12_phB07.png,Is the magenta cube closer to the camera than the yellow cube? Answer with yes or no.,No,No,25.21875,27.171875,True
/data/shared/Qwen/mydisk/output/SYNTHETIC/NVILA-Lite-2B-SYNTHETIC_MIX_10PCT_80K-20260224_234537,obj1_closer,output/phasevar_5/0007_phA12_phB08.png,Is the magenta cube closer to the camera than the yellow cube? Answer with yes or no.,No,No,24.203125,25.78125,True
/data/shared/Qwen/mydisk/output/SYNTHETIC/NVILA-Lite-2B-SYNTHETIC_MIX_10PCT_80K-20260224_234537,obj1_closer,output/phasevar_5/0007_phA12_phB09.png,Is the magenta cube closer to the camera than the yellow cube? Answer with yes or no.,No,No,24.0,26.359375,True
/data/shared/Qwen/mydisk/output/SYNTHETIC/NVILA-Lite-2B-SYNTHETIC_MIX_10PCT_80K-20260224_234537,obj1_closer,output/phasevar_5/0007_phA12_phB10.png,Is the magenta cube closer to the camera than the yellow cube? Answer with yes or no.,No,No,24.140625,26.359375,True
/data/shared/Qwen/mydisk/output/SYNTHETIC/NVILA-Lite-2B-SYNTHETIC_MIX_10PCT_80K-20260224_234537,obj1_closer,output/phasevar_5/0007_phA12_phB11.png,Is the magenta cube closer to the camera than the yellow cube? Answer with yes or no.,No,No,24.109375,25.9375,True
/data/shared/Qwen/mydisk/output/SYNTHETIC/NVILA-Lite-2B-SYNTHETIC_MIX_10PCT_80K-20260224_234537,obj1_closer,output/phasevar_5/0007_phA12_phB12.png,Is the magenta cube closer to the camera than the yellow cube? Answer with yes or no.,No,No,24.375,26.0,True
/data/shared/Qwen/mydisk/output/SYNTHETIC/NVILA-Lite-2B-SYNTHETIC_MIX_10PCT_80K-20260224_234537,obj1_closer,output/phasevar_5/0007_phA12_phB13.png,Is the magenta cube closer to the camera than the yellow cube? Answer with yes or no.,No,No,24.140625,25.65625,True
/data/shared/Qwen/mydisk/output/SYNTHETIC/NVILA-Lite-2B-SYNTHETIC_MIX_10PCT_80K-20260224_234537,obj1_closer,output/phasevar_5/0007_phA12_phB14.png,Is the magenta cube closer to the camera than the yellow cube? Answer with yes or no.,No,No,24.265625,25.375,True
/data/shared/Qwen/mydisk/output/SYNTHETIC/NVILA-Lite-2B-SYNTHETIC_MIX_10PCT_80K-20260224_234537,obj1_closer,output/phasevar_5/0007_phA12_phB15.png,Is the magenta cube closer to the camera than the yellow cube? Answer with yes or no.,No,No,24.921875,26.375,True
/data/shared/Qwen/mydisk/output/SYNTHETIC/NVILA-Lite-2B-SYNTHETIC_MIX_10PCT_80K-20260224_234537,obj1_closer,output/phasevar_5/0007_phA13_phB00.png,Is the magenta cube closer to the camera than the yellow cube? Answer with yes or no.,No,No,25.765625,26.34375,True
/data/shared/Qwen/mydisk/output/SYNTHETIC/NVILA-Lite-2B-SYNTHETIC_MIX_10PCT_80K-20260224_234537,obj1_closer,output/phasevar_5/0007_phA13_phB01.png,Is the magenta cube closer to the camera than the yellow cube? Answer with yes or no.,No,No,26.5,27.296875,True
/data/shared/Qwen/mydisk/output/SYNTHETIC/NVILA-Lite-2B-SYNTHETIC_MIX_10PCT_80K-20260224_234537,obj1_closer,output/phasevar_5/0007_phA13_phB02.png,Is the magenta cube closer to the camera than the yellow cube? Answer with yes or no.,No,Yes,26.4375,26.296875,False
/data/shared/Qwen/mydisk/output/SYNTHETIC/NVILA-Lite-2B-SYNTHETIC_MIX_10PCT_80K-20260224_234537,obj1_closer,output/phasevar_5/0007_phA13_phB03.png,Is the magenta cube closer to the camera than the yellow cube? Answer with yes or no.,No,Yes,26.0,25.90625,False
/data/shared/Qwen/mydisk/output/SYNTHETIC/NVILA-Lite-2B-SYNTHETIC_MIX_10PCT_80K-20260224_234537,obj1_closer,output/phasevar_5/0007_phA13_phB04.png,Is the magenta cube closer to the camera than the yellow cube? Answer with yes or no.,No,Yes,26.0625,25.671875,False
/data/shared/Qwen/mydisk/output/SYNTHETIC/NVILA-Lite-2B-SYNTHETIC_MIX_10PCT_80K-20260224_234537,obj1_closer,output/phasevar_5/0007_phA13_phB05.png,Is the magenta cube closer to the camera than the yellow cube? Answer with yes or no.,No,No,25.484375,25.5625,True
/data/shared/Qwen/mydisk/output/SYNTHETIC/NVILA-Lite-2B-SYNTHETIC_MIX_10PCT_80K-20260224_234537,obj1_closer,output/phasevar_5/0007_phA13_phB06.png,Is the magenta cube closer to the camera than the yellow cube? Answer with yes or no.,No,No,25.84375,26.875,True
/data/shared/Qwen/mydisk/output/SYNTHETIC/NVILA-Lite-2B-SYNTHETIC_MIX_10PCT_80K-20260224_234537,obj1_closer,output/phasevar_5/0007_phA13_phB07.png,Is the magenta cube closer to the camera than the yellow cube? Answer with yes or no.,No,No,25.5625,27.09375,True
/data/shared/Qwen/mydisk/output/SYNTHETIC/NVILA-Lite-2B-SYNTHETIC_MIX_10PCT_80K-20260224_234537,obj1_closer,output/phasevar_5/0007_phA13_phB08.png,Is the magenta cube closer to the camera than the yellow cube? Answer with yes or no.,No,No,24.46875,25.75,True
/data/shared/Qwen/mydisk/output/SYNTHETIC/NVILA-Lite-2B-SYNTHETIC_MIX_10PCT_80K-20260224_234537,obj1_closer,output/phasevar_5/0007_phA13_phB09.png,Is the magenta cube closer to the camera than the yellow cube? Answer with yes or no.,No,No,24.140625,26.046875,True
/data/shared/Qwen/mydisk/output/SYNTHETIC/NVILA-Lite-2B-SYNTHETIC_MIX_10PCT_80K-20260224_234537,obj1_closer,output/phasevar_5/0007_phA13_phB10.png,Is the magenta cube closer to the camera than the yellow cube? Answer with yes or no.,No,No,24.296875,26.21875,True
/data/shared/Qwen/mydisk/output/SYNTHETIC/NVILA-Lite-2B-SYNTHETIC_MIX_10PCT_80K-20260224_234537,obj1_closer,output/phasevar_5/0007_phA13_phB11.png,Is the magenta cube closer to the camera than the yellow cube? Answer with yes or no.,No,No,23.859375,25.296875,True
/data/shared/Qwen/mydisk/output/SYNTHETIC/NVILA-Lite-2B-SYNTHETIC_MIX_10PCT_80K-20260224_234537,obj1_closer,output/phasevar_5/0007_phA13_phB12.png,Is the magenta cube closer to the camera than the yellow cube? Answer with yes or no.,No,No,24.25,26.0625,True
/data/shared/Qwen/mydisk/output/SYNTHETIC/NVILA-Lite-2B-SYNTHETIC_MIX_10PCT_80K-20260224_234537,obj1_closer,output/phasevar_5/0007_phA13_phB13.png,Is the magenta cube closer to the camera than the yellow cube? Answer with yes or no.,No,No,24.578125,26.140625,True
/data/shared/Qwen/mydisk/output/SYNTHETIC/NVILA-Lite-2B-SYNTHETIC_MIX_10PCT_80K-20260224_234537,obj1_closer,output/phasevar_5/0007_phA13_phB14.png,Is the magenta cube closer to the camera than the yellow cube? Answer with yes or no.,No,No,24.3125,25.0,True
/data/shared/Qwen/mydisk/output/SYNTHETIC/NVILA-Lite-2B-SYNTHETIC_MIX_10PCT_80K-20260224_234537,obj1_closer,output/phasevar_5/0007_phA13_phB15.png,Is the magenta cube closer to the camera than the yellow cube? Answer with yes or no.,No,No,25.421875,26.890625,True
/data/shared/Qwen/mydisk/output/SYNTHETIC/NVILA-Lite-2B-SYNTHETIC_MIX_10PCT_80K-20260224_234537,obj1_closer,output/phasevar_5/0007_phA14_phB00.png,Is the magenta cube closer to the camera than the yellow cube? Answer with yes or no.,No,No,25.171875,25.921875,True
/data/shared/Qwen/mydisk/output/SYNTHETIC/NVILA-Lite-2B-SYNTHETIC_MIX_10PCT_80K-20260224_234537,obj1_closer,output/phasevar_5/0007_phA14_phB01.png,Is the magenta cube closer to the camera than the yellow cube? Answer with yes or no.,No,No,26.28125,27.4375,True
/data/shared/Qwen/mydisk/output/SYNTHETIC/NVILA-Lite-2B-SYNTHETIC_MIX_10PCT_80K-20260224_234537,obj1_closer,output/phasevar_5/0007_phA14_phB02.png,Is the magenta cube closer to the camera than the yellow cube? Answer with yes or no.,No,Yes,26.171875,26.109375,False
/data/shared/Qwen/mydisk/output/SYNTHETIC/NVILA-Lite-2B-SYNTHETIC_MIX_10PCT_80K-20260224_234537,obj1_closer,output/phasevar_5/0007_phA14_phB03.png,Is the magenta cube closer to the camera than the yellow cube? Answer with yes or no.,No,No,26.015625,26.015625,True
/data/shared/Qwen/mydisk/output/SYNTHETIC/NVILA-Lite-2B-SYNTHETIC_MIX_10PCT_80K-20260224_234537,obj1_closer,output/phasevar_5/0007_phA14_phB04.png,Is the magenta cube closer to the camera than the yellow cube? Answer with yes or no.,No,Yes,26.171875,25.6875,False
/data/shared/Qwen/mydisk/output/SYNTHETIC/NVILA-Lite-2B-SYNTHETIC_MIX_10PCT_80K-20260224_234537,obj1_closer,output/phasevar_5/0007_phA14_phB05.png,Is the magenta cube closer to the camera than the yellow cube? Answer with yes or no.,No,No,25.640625,25.6875,True
/data/shared/Qwen/mydisk/output/SYNTHETIC/NVILA-Lite-2B-SYNTHETIC_MIX_10PCT_80K-20260224_234537,obj1_closer,output/phasevar_5/0007_phA14_phB06.png,Is the magenta cube closer to the camera than the yellow cube? Answer with yes or no.,No,No,25.8125,27.234375,True
/data/shared/Qwen/mydisk/output/SYNTHETIC/NVILA-Lite-2B-SYNTHETIC_MIX_10PCT_80K-20260224_234537,obj1_closer,output/phasevar_5/0007_phA14_phB07.png,Is the magenta cube closer to the camera than the yellow cube? Answer with yes or no.,No,No,25.484375,26.984375,True
/data/shared/Qwen/mydisk/output/SYNTHETIC/NVILA-Lite-2B-SYNTHETIC_MIX_10PCT_80K-20260224_234537,obj1_closer,output/phasevar_5/0007_phA14_phB08.png,Is the magenta cube closer to the camera than the yellow cube? Answer with yes or no.,No,No,24.515625,25.6875,True
/data/shared/Qwen/mydisk/output/SYNTHETIC/NVILA-Lite-2B-SYNTHETIC_MIX_10PCT_80K-20260224_234537,obj1_closer,output/phasevar_5/0007_phA14_phB09.png,Is the magenta cube closer to the camera than the yellow cube? Answer with yes or no.,No,No,24.25,25.71875,True
/data/shared/Qwen/mydisk/output/SYNTHETIC/NVILA-Lite-2B-SYNTHETIC_MIX_10PCT_80K-20260224_234537,obj1_closer,output/phasevar_5/0007_phA14_phB10.png,Is the magenta cube closer to the camera than the yellow cube? Answer with yes or no.,No,No,24.59375,26.3125,True
/data/shared/Qwen/mydisk/output/SYNTHETIC/NVILA-Lite-2B-SYNTHETIC_MIX_10PCT_80K-20260224_234537,obj1_closer,output/phasevar_5/0007_phA14_phB11.png,Is the magenta cube closer to the camera than the yellow cube? Answer with yes or no.,No,No,24.4375,25.421875,True
/data/shared/Qwen/mydisk/output/SYNTHETIC/NVILA-Lite-2B-SYNTHETIC_MIX_10PCT_80K-20260224_234537,obj1_closer,output/phasevar_5/0007_phA14_phB12.png,Is the magenta cube closer to the camera than the yellow cube? Answer with yes or no.,No,No,24.296875,25.8125,True
/data/shared/Qwen/mydisk/output/SYNTHETIC/NVILA-Lite-2B-SYNTHETIC_MIX_10PCT_80K-20260224_234537,obj1_closer,output/phasevar_5/0007_phA14_phB13.png,Is the magenta cube closer to the camera than the yellow cube? Answer with yes or no.,No,No,24.453125,26.359375,True
/data/shared/Qwen/mydisk/output/SYNTHETIC/NVILA-Lite-2B-SYNTHETIC_MIX_10PCT_80K-20260224_234537,obj1_closer,output/phasevar_5/0007_phA14_phB14.png,Is the magenta cube closer to the camera than the yellow cube? Answer with yes or no.,No,No,24.125,24.96875,True
/data/shared/Qwen/mydisk/output/SYNTHETIC/NVILA-Lite-2B-SYNTHETIC_MIX_10PCT_80K-20260224_234537,obj1_closer,output/phasevar_5/0007_phA14_phB15.png,Is the magenta cube closer to the camera than the yellow cube? Answer with yes or no.,No,No,25.328125,27.265625,True
/data/shared/Qwen/mydisk/output/SYNTHETIC/NVILA-Lite-2B-SYNTHETIC_MIX_10PCT_80K-20260224_234537,obj1_closer,output/phasevar_5/0007_phA15_phB00.png,Is the magenta cube closer to the camera than the yellow cube? Answer with yes or no.,No,No,25.390625,27.359375,True
/data/shared/Qwen/mydisk/output/SYNTHETIC/NVILA-Lite-2B-SYNTHETIC_MIX_10PCT_80K-20260224_234537,obj1_closer,output/phasevar_5/0007_phA15_phB01.png,Is the magenta cube closer to the camera than the yellow cube? Answer with yes or no.,No,No,26.0,27.96875,True
/data/shared/Qwen/mydisk/output/SYNTHETIC/NVILA-Lite-2B-SYNTHETIC_MIX_10PCT_80K-20260224_234537,obj1_closer,output/phasevar_5/0007_phA15_phB02.png,Is the magenta cube closer to the camera than the yellow cube? Answer with yes or no.,No,No,26.21875,26.84375,True
/data/shared/Qwen/mydisk/output/SYNTHETIC/NVILA-Lite-2B-SYNTHETIC_MIX_10PCT_80K-20260224_234537,obj1_closer,output/phasevar_5/0007_phA15_phB03.png,Is the magenta cube closer to the camera than the yellow cube? Answer with yes or no.,No,No,25.703125,26.28125,True
/data/shared/Qwen/mydisk/output/SYNTHETIC/NVILA-Lite-2B-SYNTHETIC_MIX_10PCT_80K-20260224_234537,obj1_closer,output/phasevar_5/0007_phA15_phB04.png,Is the magenta cube closer to the camera than the yellow cube? Answer with yes or no.,No,No,26.046875,26.203125,True
/data/shared/Qwen/mydisk/output/SYNTHETIC/NVILA-Lite-2B-SYNTHETIC_MIX_10PCT_80K-20260224_234537,obj1_closer,output/phasevar_5/0007_phA15_phB05.png,Is the magenta cube closer to the camera than the yellow cube? Answer with yes or no.,No,No,25.484375,26.0625,True
/data/shared/Qwen/mydisk/output/SYNTHETIC/NVILA-Lite-2B-SYNTHETIC_MIX_10PCT_80K-20260224_234537,obj1_closer,output/phasevar_5/0007_phA15_phB06.png,Is the magenta cube closer to the camera than the yellow cube? Answer with yes or no.,No,No,25.578125,27.015625,True
/data/shared/Qwen/mydisk/output/SYNTHETIC/NVILA-Lite-2B-SYNTHETIC_MIX_10PCT_80K-20260224_234537,obj1_closer,output/phasevar_5/0007_phA15_phB07.png,Is the magenta cube closer to the camera than the yellow cube? Answer with yes or no.,No,No,25.171875,26.96875,True
/data/shared/Qwen/mydisk/output/SYNTHETIC/NVILA-Lite-2B-SYNTHETIC_MIX_10PCT_80K-20260224_234537,obj1_closer,output/phasevar_5/0007_phA15_phB08.png,Is the magenta cube closer to the camera than the yellow cube? Answer with yes or no.,No,No,24.265625,25.5625,True
/data/shared/Qwen/mydisk/output/SYNTHETIC/NVILA-Lite-2B-SYNTHETIC_MIX_10PCT_80K-20260224_234537,obj1_closer,output/phasevar_5/0007_phA15_phB09.png,Is the magenta cube closer to the camera than the yellow cube? Answer with yes or no.,No,No,24.140625,25.578125,True
/data/shared/Qwen/mydisk/output/SYNTHETIC/NVILA-Lite-2B-SYNTHETIC_MIX_10PCT_80K-20260224_234537,obj1_closer,output/phasevar_5/0007_phA15_phB10.png,Is the magenta cube closer to the camera than the yellow cube? Answer with yes or no.,No,No,24.484375,25.859375,True
/data/shared/Qwen/mydisk/output/SYNTHETIC/NVILA-Lite-2B-SYNTHETIC_MIX_10PCT_80K-20260224_234537,obj1_closer,output/phasevar_5/0007_phA15_phB11.png,Is the magenta cube closer to the camera than the yellow cube? Answer with yes or no.,No,No,24.421875,25.25,True
/data/shared/Qwen/mydisk/output/SYNTHETIC/NVILA-Lite-2B-SYNTHETIC_MIX_10PCT_80K-20260224_234537,obj1_closer,output/phasevar_5/0007_phA15_phB12.png,Is the magenta cube closer to the camera than the yellow cube? Answer with yes or no.,No,No,24.203125,25.359375,True
/data/shared/Qwen/mydisk/output/SYNTHETIC/NVILA-Lite-2B-SYNTHETIC_MIX_10PCT_80K-20260224_234537,obj1_closer,output/phasevar_5/0007_phA15_phB13.png,Is the magenta cube closer to the camera than the yellow cube? Answer with yes or no.,No,No,24.125,25.828125,True
/data/shared/Qwen/mydisk/output/SYNTHETIC/NVILA-Lite-2B-SYNTHETIC_MIX_10PCT_80K-20260224_234537,obj1_closer,output/phasevar_5/0007_phA15_phB14.png,Is the magenta cube closer to the camera than the yellow cube? Answer with yes or no.,No,No,23.828125,24.875,True
/data/shared/Qwen/mydisk/output/SYNTHETIC/NVILA-Lite-2B-SYNTHETIC_MIX_10PCT_80K-20260224_234537,obj1_closer,output/phasevar_5/0007_phA15_phB15.png,Is the magenta cube closer to the camera than the yellow cube? Answer with yes or no.,No,No,24.75,26.984375,True
/data/shared/Qwen/mydisk/output/SYNTHETIC/NVILA-Lite-2B-SYNTHETIC_MIX_10PCT_80K-20260224_234537,obj1_closer,output/phasevar_5/0008_phA00_phB00.png,Is the blue cube closer to the camera than the cyan sphere? Answer with yes or no.,No,No,26.4375,28.390625,True
/data/shared/Qwen/mydisk/output/SYNTHETIC/NVILA-Lite-2B-SYNTHETIC_MIX_10PCT_80K-20260224_234537,obj1_closer,output/phasevar_5/0008_phA00_phB01.png,Is the blue cube closer to the camera than the cyan sphere? Answer with yes or no.,No,No,26.890625,28.984375,True
/data/shared/Qwen/mydisk/output/SYNTHETIC/NVILA-Lite-2B-SYNTHETIC_MIX_10PCT_80K-20260224_234537,obj1_closer,output/phasevar_5/0008_phA00_phB02.png,Is the blue cube closer to the camera than the cyan sphere? Answer with yes or no.,No,No,27.3125,28.59375,True
/data/shared/Qwen/mydisk/output/SYNTHETIC/NVILA-Lite-2B-SYNTHETIC_MIX_10PCT_80K-20260224_234537,obj1_closer,output/phasevar_5/0008_phA00_phB03.png,Is the blue cube closer to the camera than the cyan sphere? Answer with yes or no.,No,No,26.875,27.671875,True
/data/shared/Qwen/mydisk/output/SYNTHETIC/NVILA-Lite-2B-SYNTHETIC_MIX_10PCT_80K-20260224_234537,obj1_closer,output/phasevar_5/0008_phA00_phB04.png,Is the blue cube closer to the camera than the cyan sphere? Answer with yes or no.,No,No,26.59375,27.15625,True
/data/shared/Qwen/mydisk/output/SYNTHETIC/NVILA-Lite-2B-SYNTHETIC_MIX_10PCT_80K-20260224_234537,obj1_closer,output/phasevar_5/0008_phA00_phB05.png,Is the blue cube closer to the camera than the cyan sphere? Answer with yes or no.,No,No,26.421875,27.625,True
/data/shared/Qwen/mydisk/output/SYNTHETIC/NVILA-Lite-2B-SYNTHETIC_MIX_10PCT_80K-20260224_234537,obj1_closer,output/phasevar_5/0008_phA00_phB06.png,Is the blue cube closer to the camera than the cyan sphere? Answer with yes or no.,No,No,26.671875,28.25,True
/data/shared/Qwen/mydisk/output/SYNTHETIC/NVILA-Lite-2B-SYNTHETIC_MIX_10PCT_80K-20260224_234537,obj1_closer,output/phasevar_5/0008_phA00_phB07.png,Is the blue cube closer to the camera than the cyan sphere? Answer with yes or no.,No,No,26.078125,27.90625,True
/data/shared/Qwen/mydisk/output/SYNTHETIC/NVILA-Lite-2B-SYNTHETIC_MIX_10PCT_80K-20260224_234537,obj1_closer,output/phasevar_5/0008_phA00_phB08.png,Is the blue cube closer to the camera than the cyan sphere? Answer with yes or no.,No,No,25.515625,27.109375,True
/data/shared/Qwen/mydisk/output/SYNTHETIC/NVILA-Lite-2B-SYNTHETIC_MIX_10PCT_80K-20260224_234537,obj1_closer,output/phasevar_5/0008_phA00_phB09.png,Is the blue cube closer to the camera than the cyan sphere? Answer with yes or no.,No,No,25.453125,26.9375,True
/data/shared/Qwen/mydisk/output/SYNTHETIC/NVILA-Lite-2B-SYNTHETIC_MIX_10PCT_80K-20260224_234537,obj1_closer,output/phasevar_5/0008_phA00_phB10.png,Is the blue cube closer to the camera than the cyan sphere? Answer with yes or no.,No,No,26.234375,27.65625,True
/data/shared/Qwen/mydisk/output/SYNTHETIC/NVILA-Lite-2B-SYNTHETIC_MIX_10PCT_80K-20260224_234537,obj1_closer,output/phasevar_5/0008_phA00_phB11.png,Is the blue cube closer to the camera than the cyan sphere? Answer with yes or no.,No,No,25.5625,26.796875,True
/data/shared/Qwen/mydisk/output/SYNTHETIC/NVILA-Lite-2B-SYNTHETIC_MIX_10PCT_80K-20260224_234537,obj1_closer,output/phasevar_5/0008_phA00_phB12.png,Is the blue cube closer to the camera than the cyan sphere? Answer with yes or no.,No,No,25.578125,26.484375,True
/data/shared/Qwen/mydisk/output/SYNTHETIC/NVILA-Lite-2B-SYNTHETIC_MIX_10PCT_80K-20260224_234537,obj1_closer,output/phasevar_5/0008_phA00_phB13.png,Is the blue cube closer to the camera than the cyan sphere? Answer with yes or no.,No,No,25.0625,26.640625,True
/data/shared/Qwen/mydisk/output/SYNTHETIC/NVILA-Lite-2B-SYNTHETIC_MIX_10PCT_80K-20260224_234537,obj1_closer,output/phasevar_5/0008_phA00_phB14.png,Is the blue cube closer to the camera than the cyan sphere? Answer with yes or no.,No,No,25.640625,27.5625,True
/data/shared/Qwen/mydisk/output/SYNTHETIC/NVILA-Lite-2B-SYNTHETIC_MIX_10PCT_80K-20260224_234537,obj1_closer,output/phasevar_5/0008_phA00_phB15.png,Is the blue cube closer to the camera than the cyan sphere? Answer with yes or no.,No,No,25.6875,27.734375,True
/data/shared/Qwen/mydisk/output/SYNTHETIC/NVILA-Lite-2B-SYNTHETIC_MIX_10PCT_80K-20260224_234537,obj1_closer,output/phasevar_5/0008_phA01_phB00.png,Is the blue cube closer to the camera than the cyan sphere? Answer with yes or no.,No,No,26.140625,28.1875,True
/data/shared/Qwen/mydisk/output/SYNTHETIC/NVILA-Lite-2B-SYNTHETIC_MIX_10PCT_80K-20260224_234537,obj1_closer,output/phasevar_5/0008_phA01_phB01.png,Is the blue cube closer to the camera than the cyan sphere? Answer with yes or no.,No,No,26.453125,28.875,True
/data/shared/Qwen/mydisk/output/SYNTHETIC/NVILA-Lite-2B-SYNTHETIC_MIX_10PCT_80K-20260224_234537,obj1_closer,output/phasevar_5/0008_phA01_phB02.png,Is the blue cube closer to the camera than the cyan sphere? Answer with yes or no.,No,No,26.859375,28.296875,True
/data/shared/Qwen/mydisk/output/SYNTHETIC/NVILA-Lite-2B-SYNTHETIC_MIX_10PCT_80K-20260224_234537,obj1_closer,output/phasevar_5/0008_phA01_phB03.png,Is the blue cube closer to the camera than the cyan sphere? Answer with yes or no.,No,No,26.328125,27.203125,True
/data/shared/Qwen/mydisk/output/SYNTHETIC/NVILA-Lite-2B-SYNTHETIC_MIX_10PCT_80K-20260224_234537,obj1_closer,output/phasevar_5/0008_phA01_phB04.png,Is the blue cube closer to the camera than the cyan sphere? Answer with yes or no.,No,No,26.125,26.90625,True
/data/shared/Qwen/mydisk/output/SYNTHETIC/NVILA-Lite-2B-SYNTHETIC_MIX_10PCT_80K-20260224_234537,obj1_closer,output/phasevar_5/0008_phA01_phB05.png,Is the blue cube closer to the camera than the cyan sphere? Answer with yes or no.,No,No,26.046875,27.25,True
/data/shared/Qwen/mydisk/output/SYNTHETIC/NVILA-Lite-2B-SYNTHETIC_MIX_10PCT_80K-20260224_234537,obj1_closer,output/phasevar_5/0008_phA01_phB06.png,Is the blue cube closer to the camera than the cyan sphere? Answer with yes or no.,No,No,26.46875,27.84375,True
/data/shared/Qwen/mydisk/output/SYNTHETIC/NVILA-Lite-2B-SYNTHETIC_MIX_10PCT_80K-20260224_234537,obj1_closer,output/phasevar_5/0008_phA01_phB07.png,Is the blue cube closer to the camera than the cyan sphere? Answer with yes or no.,No,No,25.984375,27.796875,True
/data/shared/Qwen/mydisk/output/SYNTHETIC/NVILA-Lite-2B-SYNTHETIC_MIX_10PCT_80K-20260224_234537,obj1_closer,output/phasevar_5/0008_phA01_phB08.png,Is the blue cube closer to the camera than the cyan sphere? Answer with yes or no.,No,No,25.609375,27.03125,True
/data/shared/Qwen/mydisk/output/SYNTHETIC/NVILA-Lite-2B-SYNTHETIC_MIX_10PCT_80K-20260224_234537,obj1_closer,output/phasevar_5/0008_phA01_phB09.png,Is the blue cube closer to the camera than the cyan sphere? Answer with yes or no.,No,No,25.46875,26.921875,True
/data/shared/Qwen/mydisk/output/SYNTHETIC/NVILA-Lite-2B-SYNTHETIC_MIX_10PCT_80K-20260224_234537,obj1_closer,output/phasevar_5/0008_phA01_phB10.png,Is the blue cube closer to the camera than the cyan sphere? Answer with yes or no.,No,No,26.203125,27.578125,True
/data/shared/Qwen/mydisk/output/SYNTHETIC/NVILA-Lite-2B-SYNTHETIC_MIX_10PCT_80K-20260224_234537,obj1_closer,output/phasevar_5/0008_phA01_phB11.png,Is the blue cube closer to the camera than the cyan sphere? Answer with yes or no.,No,No,25.421875,26.65625,True
/data/shared/Qwen/mydisk/output/SYNTHETIC/NVILA-Lite-2B-SYNTHETIC_MIX_10PCT_80K-20260224_234537,obj1_closer,output/phasevar_5/0008_phA01_phB12.png,Is the blue cube closer to the camera than the cyan sphere? Answer with yes or no.,No,No,25.46875,26.25,True
/data/shared/Qwen/mydisk/output/SYNTHETIC/NVILA-Lite-2B-SYNTHETIC_MIX_10PCT_80K-20260224_234537,obj1_closer,output/phasevar_5/0008_phA01_phB13.png,Is the blue cube closer to the camera than the cyan sphere? Answer with yes or no.,No,No,25.109375,26.640625,True
/data/shared/Qwen/mydisk/output/SYNTHETIC/NVILA-Lite-2B-SYNTHETIC_MIX_10PCT_80K-20260224_234537,obj1_closer,output/phasevar_5/0008_phA01_phB14.png,Is the blue cube closer to the camera than the cyan sphere? Answer with yes or no.,No,No,25.703125,27.421875,True
/data/shared/Qwen/mydisk/output/SYNTHETIC/NVILA-Lite-2B-SYNTHETIC_MIX_10PCT_80K-20260224_234537,obj1_closer,output/phasevar_5/0008_phA01_phB15.png,Is the blue cube closer to the camera than the cyan sphere? Answer with yes or no.,No,No,25.796875,27.984375,True
/data/shared/Qwen/mydisk/output/SYNTHETIC/NVILA-Lite-2B-SYNTHETIC_MIX_10PCT_80K-20260224_234537,obj1_closer,output/phasevar_5/0008_phA02_phB00.png,Is the blue cube closer to the camera than the cyan sphere? Answer with yes or no.,No,No,25.65625,27.5,True
/data/shared/Qwen/mydisk/output/SYNTHETIC/NVILA-Lite-2B-SYNTHETIC_MIX_10PCT_80K-20260224_234537,obj1_closer,output/phasevar_5/0008_phA02_phB01.png,Is the blue cube closer to the camera than the cyan sphere? Answer with yes or no.,No,No,26.203125,28.6875,True
/data/shared/Qwen/mydisk/output/SYNTHETIC/NVILA-Lite-2B-SYNTHETIC_MIX_10PCT_80K-20260224_234537,obj1_closer,output/phasevar_5/0008_phA02_phB02.png,Is the blue cube closer to the camera than the cyan sphere? Answer with yes or no.,No,No,26.6875,27.96875,True
/data/shared/Qwen/mydisk/output/SYNTHETIC/NVILA-Lite-2B-SYNTHETIC_MIX_10PCT_80K-20260224_234537,obj1_closer,output/phasevar_5/0008_phA02_phB03.png,Is the blue cube closer to the camera than the cyan sphere? Answer with yes or no.,No,No,25.734375,27.078125,True
/data/shared/Qwen/mydisk/output/SYNTHETIC/NVILA-Lite-2B-SYNTHETIC_MIX_10PCT_80K-20260224_234537,obj1_closer,output/phasevar_5/0008_phA02_phB04.png,Is the blue cube closer to the camera than the cyan sphere? Answer with yes or no.,No,No,25.328125,26.65625,True
/data/shared/Qwen/mydisk/output/SYNTHETIC/NVILA-Lite-2B-SYNTHETIC_MIX_10PCT_80K-20260224_234537,obj1_closer,output/phasevar_5/0008_phA02_phB05.png,Is the blue cube closer to the camera than the cyan sphere? Answer with yes or no.,No,No,25.390625,26.796875,True
/data/shared/Qwen/mydisk/output/SYNTHETIC/NVILA-Lite-2B-SYNTHETIC_MIX_10PCT_80K-20260224_234537,obj1_closer,output/phasevar_5/0008_phA02_phB06.png,Is the blue cube closer to the camera than the cyan sphere? Answer with yes or no.,No,No,26.15625,27.90625,True
/data/shared/Qwen/mydisk/output/SYNTHETIC/NVILA-Lite-2B-SYNTHETIC_MIX_10PCT_80K-20260224_234537,obj1_closer,output/phasevar_5/0008_phA02_phB07.png,Is the blue cube closer to the camera than the cyan sphere? Answer with yes or no.,No,No,25.765625,27.609375,True
/data/shared/Qwen/mydisk/output/SYNTHETIC/NVILA-Lite-2B-SYNTHETIC_MIX_10PCT_80K-20260224_234537,obj1_closer,output/phasevar_5/0008_phA02_phB08.png,Is the blue cube closer to the camera than the cyan sphere? Answer with yes or no.,No,No,25.71875,26.703125,True
/data/shared/Qwen/mydisk/output/SYNTHETIC/NVILA-Lite-2B-SYNTHETIC_MIX_10PCT_80K-20260224_234537,obj1_closer,output/phasevar_5/0008_phA02_phB09.png,Is the blue cube closer to the camera than the cyan sphere? Answer with yes or no.,No,No,25.703125,26.625,True
/data/shared/Qwen/mydisk/output/SYNTHETIC/NVILA-Lite-2B-SYNTHETIC_MIX_10PCT_80K-20260224_234537,obj1_closer,output/phasevar_5/0008_phA02_phB10.png,Is the blue cube closer to the camera than the cyan sphere? Answer with yes or no.,No,No,25.875,26.890625,True
/data/shared/Qwen/mydisk/output/SYNTHETIC/NVILA-Lite-2B-SYNTHETIC_MIX_10PCT_80K-20260224_234537,obj1_closer,output/phasevar_5/0008_phA02_phB11.png,Is the blue cube closer to the camera than the cyan sphere? Answer with yes or no.,No,No,25.625,26.390625,True
/data/shared/Qwen/mydisk/output/SYNTHETIC/NVILA-Lite-2B-SYNTHETIC_MIX_10PCT_80K-20260224_234537,obj1_closer,output/phasevar_5/0008_phA02_phB12.png,Is the blue cube closer to the camera than the cyan sphere? Answer with yes or no.,No,No,25.625,26.125,True
/data/shared/Qwen/mydisk/output/SYNTHETIC/NVILA-Lite-2B-SYNTHETIC_MIX_10PCT_80K-20260224_234537,obj1_closer,output/phasevar_5/0008_phA02_phB13.png,Is the blue cube closer to the camera than the cyan sphere? Answer with yes or no.,No,No,24.859375,26.0625,True
/data/shared/Qwen/mydisk/output/SYNTHETIC/NVILA-Lite-2B-SYNTHETIC_MIX_10PCT_80K-20260224_234537,obj1_closer,output/phasevar_5/0008_phA02_phB14.png,Is the blue cube closer to the camera than the cyan sphere? Answer with yes or no.,No,No,25.046875,26.671875,True
/data/shared/Qwen/mydisk/output/SYNTHETIC/NVILA-Lite-2B-SYNTHETIC_MIX_10PCT_80K-20260224_234537,obj1_closer,output/phasevar_5/0008_phA02_phB15.png,Is the blue cube closer to the camera than the cyan sphere? Answer with yes or no.,No,No,25.0625,26.984375,True
/data/shared/Qwen/mydisk/output/SYNTHETIC/NVILA-Lite-2B-SYNTHETIC_MIX_10PCT_80K-20260224_234537,obj1_closer,output/phasevar_5/0008_phA03_phB00.png,Is the blue cube closer to the camera than the cyan sphere? Answer with yes or no.,No,No,25.703125,26.984375,True
/data/shared/Qwen/mydisk/output/SYNTHETIC/NVILA-Lite-2B-SYNTHETIC_MIX_10PCT_80K-20260224_234537,obj1_closer,output/phasevar_5/0008_phA03_phB01.png,Is the blue cube closer to the camera than the cyan sphere? Answer with yes or no.,No,No,26.09375,28.046875,True
/data/shared/Qwen/mydisk/output/SYNTHETIC/NVILA-Lite-2B-SYNTHETIC_MIX_10PCT_80K-20260224_234537,obj1_closer,output/phasevar_5/0008_phA03_phB02.png,Is the blue cube closer to the camera than the cyan sphere? Answer with yes or no.,No,No,26.390625,27.796875,True
/data/shared/Qwen/mydisk/output/SYNTHETIC/NVILA-Lite-2B-SYNTHETIC_MIX_10PCT_80K-20260224_234537,obj1_closer,output/phasevar_5/0008_phA03_phB03.png,Is the blue cube closer to the camera than the cyan sphere? Answer with yes or no.,No,No,25.8125,27.0,True
/data/shared/Qwen/mydisk/output/SYNTHETIC/NVILA-Lite-2B-SYNTHETIC_MIX_10PCT_80K-20260224_234537,obj1_closer,output/phasevar_5/0008_phA03_phB04.png,Is the blue cube closer to the camera than the cyan sphere? Answer with yes or no.,No,No,25.171875,26.71875,True
/data/shared/Qwen/mydisk/output/SYNTHETIC/NVILA-Lite-2B-SYNTHETIC_MIX_10PCT_80K-20260224_234537,obj1_closer,output/phasevar_5/0008_phA03_phB05.png,Is the blue cube closer to the camera than the cyan sphere? Answer with yes or no.,No,No,25.25,26.734375,True
/data/shared/Qwen/mydisk/output/SYNTHETIC/NVILA-Lite-2B-SYNTHETIC_MIX_10PCT_80K-20260224_234537,obj1_closer,output/phasevar_5/0008_phA03_phB06.png,Is the blue cube closer to the camera than the cyan sphere? Answer with yes or no.,No,No,25.828125,27.28125,True
/data/shared/Qwen/mydisk/output/SYNTHETIC/NVILA-Lite-2B-SYNTHETIC_MIX_10PCT_80K-20260224_234537,obj1_closer,output/phasevar_5/0008_phA03_phB07.png,Is the blue cube closer to the camera than the cyan sphere? Answer with yes or no.,No,No,25.453125,27.078125,True
/data/shared/Qwen/mydisk/output/SYNTHETIC/NVILA-Lite-2B-SYNTHETIC_MIX_10PCT_80K-20260224_234537,obj1_closer,output/phasevar_5/0008_phA03_phB08.png,Is the blue cube closer to the camera than the cyan sphere? Answer with yes or no.,No,No,24.890625,25.90625,True
/data/shared/Qwen/mydisk/output/SYNTHETIC/NVILA-Lite-2B-SYNTHETIC_MIX_10PCT_80K-20260224_234537,obj1_closer,output/phasevar_5/0008_phA03_phB09.png,Is the blue cube closer to the camera than the cyan sphere? Answer with yes or no.,No,No,24.6875,25.71875,True
/data/shared/Qwen/mydisk/output/SYNTHETIC/NVILA-Lite-2B-SYNTHETIC_MIX_10PCT_80K-20260224_234537,obj1_closer,output/phasevar_5/0008_phA03_phB10.png,Is the blue cube closer to the camera than the cyan sphere? Answer with yes or no.,No,No,25.09375,26.078125,True
/data/shared/Qwen/mydisk/output/SYNTHETIC/NVILA-Lite-2B-SYNTHETIC_MIX_10PCT_80K-20260224_234537,obj1_closer,output/phasevar_5/0008_phA03_phB11.png,Is the blue cube closer to the camera than the cyan sphere? Answer with yes or no.,No,No,24.453125,25.4375,True
/data/shared/Qwen/mydisk/output/SYNTHETIC/NVILA-Lite-2B-SYNTHETIC_MIX_10PCT_80K-20260224_234537,obj1_closer,output/phasevar_5/0008_phA03_phB12.png,Is the blue cube closer to the camera than the cyan sphere? Answer with yes or no.,No,No,24.6875,25.40625,True
/data/shared/Qwen/mydisk/output/SYNTHETIC/NVILA-Lite-2B-SYNTHETIC_MIX_10PCT_80K-20260224_234537,obj1_closer,output/phasevar_5/0008_phA03_phB13.png,Is the blue cube closer to the camera than the cyan sphere? Answer with yes or no.,No,No,24.6875,25.96875,True
/data/shared/Qwen/mydisk/output/SYNTHETIC/NVILA-Lite-2B-SYNTHETIC_MIX_10PCT_80K-20260224_234537,obj1_closer,output/phasevar_5/0008_phA03_phB14.png,Is the blue cube closer to the camera than the cyan sphere? Answer with yes or no.,No,No,25.140625,26.28125,True
/data/shared/Qwen/mydisk/output/SYNTHETIC/NVILA-Lite-2B-SYNTHETIC_MIX_10PCT_80K-20260224_234537,obj1_closer,output/phasevar_5/0008_phA03_phB15.png,Is the blue cube closer to the camera than the cyan sphere? Answer with yes or no.,No,No,25.15625,26.5625,True
/data/shared/Qwen/mydisk/output/SYNTHETIC/NVILA-Lite-2B-SYNTHETIC_MIX_10PCT_80K-20260224_234537,obj1_closer,output/phasevar_5/0008_phA04_phB00.png,Is the blue cube closer to the camera than the cyan sphere? Answer with yes or no.,No,No,25.609375,26.984375,True
/data/shared/Qwen/mydisk/output/SYNTHETIC/NVILA-Lite-2B-SYNTHETIC_MIX_10PCT_80K-20260224_234537,obj1_closer,output/phasevar_5/0008_phA04_phB01.png,Is the blue cube closer to the camera than the cyan sphere? Answer with yes or no.,No,No,26.234375,28.25,True
/data/shared/Qwen/mydisk/output/SYNTHETIC/NVILA-Lite-2B-SYNTHETIC_MIX_10PCT_80K-20260224_234537,obj1_closer,output/phasevar_5/0008_phA04_phB02.png,Is the blue cube closer to the camera than the cyan sphere? Answer with yes or no.,No,No,26.734375,27.6875,True
/data/shared/Qwen/mydisk/output/SYNTHETIC/NVILA-Lite-2B-SYNTHETIC_MIX_10PCT_80K-20260224_234537,obj1_closer,output/phasevar_5/0008_phA04_phB03.png,Is the blue cube closer to the camera than the cyan sphere? Answer with yes or no.,No,No,26.15625,27.484375,True
/data/shared/Qwen/mydisk/output/SYNTHETIC/NVILA-Lite-2B-SYNTHETIC_MIX_10PCT_80K-20260224_234537,obj1_closer,output/phasevar_5/0008_phA04_phB04.png,Is the blue cube closer to the camera than the cyan sphere? Answer with yes or no.,No,No,25.109375,26.78125,True
/data/shared/Qwen/mydisk/output/SYNTHETIC/NVILA-Lite-2B-SYNTHETIC_MIX_10PCT_80K-20260224_234537,obj1_closer,output/phasevar_5/0008_phA04_phB05.png,Is the blue cube closer to the camera than the cyan sphere? Answer with yes or no.,No,No,24.984375,26.796875,True
/data/shared/Qwen/mydisk/output/SYNTHETIC/NVILA-Lite-2B-SYNTHETIC_MIX_10PCT_80K-20260224_234537,obj1_closer,output/phasevar_5/0008_phA04_phB06.png,Is the blue cube closer to the camera than the cyan sphere? Answer with yes or no.,No,No,25.484375,27.28125,True
/data/shared/Qwen/mydisk/output/SYNTHETIC/NVILA-Lite-2B-SYNTHETIC_MIX_10PCT_80K-20260224_234537,obj1_closer,output/phasevar_5/0008_phA04_phB07.png,Is the blue cube closer to the camera than the cyan sphere? Answer with yes or no.,No,No,25.046875,26.96875,True
/data/shared/Qwen/mydisk/output/SYNTHETIC/NVILA-Lite-2B-SYNTHETIC_MIX_10PCT_80K-20260224_234537,obj1_closer,output/phasevar_5/0008_phA04_phB08.png,Is the blue cube closer to the camera than the cyan sphere? Answer with yes or no.,No,No,24.515625,25.921875,True
/data/shared/Qwen/mydisk/output/SYNTHETIC/NVILA-Lite-2B-SYNTHETIC_MIX_10PCT_80K-20260224_234537,obj1_closer,output/phasevar_5/0008_phA04_phB09.png,Is the blue cube closer to the camera than the cyan sphere? Answer with yes or no.,No,No,24.203125,25.796875,True
/data/shared/Qwen/mydisk/output/SYNTHETIC/NVILA-Lite-2B-SYNTHETIC_MIX_10PCT_80K-20260224_234537,obj1_closer,output/phasevar_5/0008_phA04_phB10.png,Is the blue cube closer to the camera than the cyan sphere? Answer with yes or no.,No,No,24.53125,26.171875,True
/data/shared/Qwen/mydisk/output/SYNTHETIC/NVILA-Lite-2B-SYNTHETIC_MIX_10PCT_80K-20260224_234537,obj1_closer,output/phasevar_5/0008_phA04_phB11.png,Is the blue cube closer to the camera than the cyan sphere? Answer with yes or no.,No,No,23.921875,25.640625,True
/data/shared/Qwen/mydisk/output/SYNTHETIC/NVILA-Lite-2B-SYNTHETIC_MIX_10PCT_80K-20260224_234537,obj1_closer,output/phasevar_5/0008_phA04_phB12.png,Is the blue cube closer to the camera than the cyan sphere? Answer with yes or no.,No,No,24.234375,25.6875,True
/data/shared/Qwen/mydisk/output/SYNTHETIC/NVILA-Lite-2B-SYNTHETIC_MIX_10PCT_80K-20260224_234537,obj1_closer,output/phasevar_5/0008_phA04_phB13.png,Is the blue cube closer to the camera than the cyan sphere? Answer with yes or no.,No,No,24.234375,26.0,True
/data/shared/Qwen/mydisk/output/SYNTHETIC/NVILA-Lite-2B-SYNTHETIC_MIX_10PCT_80K-20260224_234537,obj1_closer,output/phasevar_5/0008_phA04_phB14.png,Is the blue cube closer to the camera than the cyan sphere? Answer with yes or no.,No,No,25.0,26.390625,True
/data/shared/Qwen/mydisk/output/SYNTHETIC/NVILA-Lite-2B-SYNTHETIC_MIX_10PCT_80K-20260224_234537,obj1_closer,output/phasevar_5/0008_phA04_phB15.png,Is the blue cube closer to the camera than the cyan sphere? Answer with yes or no.,No,No,25.046875,26.65625,True
/data/shared/Qwen/mydisk/output/SYNTHETIC/NVILA-Lite-2B-SYNTHETIC_MIX_10PCT_80K-20260224_234537,obj1_closer,output/phasevar_5/0008_phA05_phB00.png,Is the blue cube closer to the camera than the cyan sphere? Answer with yes or no.,No,No,25.9375,27.59375,True
/data/shared/Qwen/mydisk/output/SYNTHETIC/NVILA-Lite-2B-SYNTHETIC_MIX_10PCT_80K-20260224_234537,obj1_closer,output/phasevar_5/0008_phA05_phB01.png,Is the blue cube closer to the camera than the cyan sphere? Answer with yes or no.,No,No,26.515625,28.90625,True
/data/shared/Qwen/mydisk/output/SYNTHETIC/NVILA-Lite-2B-SYNTHETIC_MIX_10PCT_80K-20260224_234537,obj1_closer,output/phasevar_5/0008_phA05_phB02.png,Is the blue cube closer to the camera than the cyan sphere? Answer with yes or no.,No,No,27.015625,28.1875,True
/data/shared/Qwen/mydisk/output/SYNTHETIC/NVILA-Lite-2B-SYNTHETIC_MIX_10PCT_80K-20260224_234537,obj1_closer,output/phasevar_5/0008_phA05_phB03.png,Is the blue cube closer to the camera than the cyan sphere? Answer with yes or no.,No,No,26.421875,27.90625,True
/data/shared/Qwen/mydisk/output/SYNTHETIC/NVILA-Lite-2B-SYNTHETIC_MIX_10PCT_80K-20260224_234537,obj1_closer,output/phasevar_5/0008_phA05_phB04.png,Is the blue cube closer to the camera than the cyan sphere? Answer with yes or no.,No,No,25.328125,26.890625,True
/data/shared/Qwen/mydisk/output/SYNTHETIC/NVILA-Lite-2B-SYNTHETIC_MIX_10PCT_80K-20260224_234537,obj1_closer,output/phasevar_5/0008_phA05_phB05.png,Is the blue cube closer to the camera than the cyan sphere? Answer with yes or no.,No,No,25.140625,27.1875,True
/data/shared/Qwen/mydisk/output/SYNTHETIC/NVILA-Lite-2B-SYNTHETIC_MIX_10PCT_80K-20260224_234537,obj1_closer,output/phasevar_5/0008_phA05_phB06.png,Is the blue cube closer to the camera than the cyan sphere? Answer with yes or no.,No,No,25.625,27.75,True
/data/shared/Qwen/mydisk/output/SYNTHETIC/NVILA-Lite-2B-SYNTHETIC_MIX_10PCT_80K-20260224_234537,obj1_closer,output/phasevar_5/0008_phA05_phB07.png,Is the blue cube closer to the camera than the cyan sphere? Answer with yes or no.,No,No,25.28125,27.859375,True
/data/shared/Qwen/mydisk/output/SYNTHETIC/NVILA-Lite-2B-SYNTHETIC_MIX_10PCT_80K-20260224_234537,obj1_closer,output/phasevar_5/0008_phA05_phB08.png,Is the blue cube closer to the camera than the cyan sphere? Answer with yes or no.,No,No,24.78125,26.40625,True
/data/shared/Qwen/mydisk/output/SYNTHETIC/NVILA-Lite-2B-SYNTHETIC_MIX_10PCT_80K-20260224_234537,obj1_closer,output/phasevar_5/0008_phA05_phB09.png,Is the blue cube closer to the camera than the cyan sphere? Answer with yes or no.,No,No,24.640625,26.5,True
/data/shared/Qwen/mydisk/output/SYNTHETIC/NVILA-Lite-2B-SYNTHETIC_MIX_10PCT_80K-20260224_234537,obj1_closer,output/phasevar_5/0008_phA05_phB10.png,Is the blue cube closer to the camera than the cyan sphere? Answer with yes or no.,No,No,24.984375,26.8125,True
/data/shared/Qwen/mydisk/output/SYNTHETIC/NVILA-Lite-2B-SYNTHETIC_MIX_10PCT_80K-20260224_234537,obj1_closer,output/phasevar_5/0008_phA05_phB11.png,Is the blue cube closer to the camera than the cyan sphere? Answer with yes or no.,No,No,24.265625,25.8125,True
/data/shared/Qwen/mydisk/output/SYNTHETIC/NVILA-Lite-2B-SYNTHETIC_MIX_10PCT_80K-20260224_234537,obj1_closer,output/phasevar_5/0008_phA05_phB12.png,Is the blue cube closer to the camera than the cyan sphere? Answer with yes or no.,No,No,24.53125,25.8125,True
/data/shared/Qwen/mydisk/output/SYNTHETIC/NVILA-Lite-2B-SYNTHETIC_MIX_10PCT_80K-20260224_234537,obj1_closer,output/phasevar_5/0008_phA05_phB13.png,Is the blue cube closer to the camera than the cyan sphere? Answer with yes or no.,No,No,24.71875,26.203125,True
/data/shared/Qwen/mydisk/output/SYNTHETIC/NVILA-Lite-2B-SYNTHETIC_MIX_10PCT_80K-20260224_234537,obj1_closer,output/phasevar_5/0008_phA05_phB14.png,Is the blue cube closer to the camera than the cyan sphere? Answer with yes or no.,No,No,25.34375,26.734375,True
/data/shared/Qwen/mydisk/output/SYNTHETIC/NVILA-Lite-2B-SYNTHETIC_MIX_10PCT_80K-20260224_234537,obj1_closer,output/phasevar_5/0008_phA05_phB15.png,Is the blue cube closer to the camera than the cyan sphere? Answer with yes or no.,No,No,25.453125,27.234375,True
/data/shared/Qwen/mydisk/output/SYNTHETIC/NVILA-Lite-2B-SYNTHETIC_MIX_10PCT_80K-20260224_234537,obj1_closer,output/phasevar_5/0008_phA06_phB00.png,Is the blue cube closer to the camera than the cyan sphere? Answer with yes or no.,No,No,26.171875,27.4375,True
/data/shared/Qwen/mydisk/output/SYNTHETIC/NVILA-Lite-2B-SYNTHETIC_MIX_10PCT_80K-20260224_234537,obj1_closer,output/phasevar_5/0008_phA06_phB01.png,Is the blue cube closer to the camera than the cyan sphere? Answer with yes or no.,No,No,26.796875,28.65625,True
/data/shared/Qwen/mydisk/output/SYNTHETIC/NVILA-Lite-2B-SYNTHETIC_MIX_10PCT_80K-20260224_234537,obj1_closer,output/phasevar_5/0008_phA06_phB02.png,Is the blue cube closer to the camera than the cyan sphere? Answer with yes or no.,No,No,27.40625,28.25,True
/data/shared/Qwen/mydisk/output/SYNTHETIC/NVILA-Lite-2B-SYNTHETIC_MIX_10PCT_80K-20260224_234537,obj1_closer,output/phasevar_5/0008_phA06_phB03.png,Is the blue cube closer to the camera than the cyan sphere? Answer with yes or no.,No,No,26.625,27.59375,True
/data/shared/Qwen/mydisk/output/SYNTHETIC/NVILA-Lite-2B-SYNTHETIC_MIX_10PCT_80K-20260224_234537,obj1_closer,output/phasevar_5/0008_phA06_phB04.png,Is the blue cube closer to the camera than the cyan sphere? Answer with yes or no.,No,No,25.921875,26.921875,True
/data/shared/Qwen/mydisk/output/SYNTHETIC/NVILA-Lite-2B-SYNTHETIC_MIX_10PCT_80K-20260224_234537,obj1_closer,output/phasevar_5/0008_phA06_phB05.png,Is the blue cube closer to the camera than the cyan sphere? Answer with yes or no.,No,No,24.890625,26.8125,True
/data/shared/Qwen/mydisk/output/SYNTHETIC/NVILA-Lite-2B-SYNTHETIC_MIX_10PCT_80K-20260224_234537,obj1_closer,output/phasevar_5/0008_phA06_phB06.png,Is the blue cube closer to the camera than the cyan sphere? Answer with yes or no.,No,No,25.40625,27.53125,True
/data/shared/Qwen/mydisk/output/SYNTHETIC/NVILA-Lite-2B-SYNTHETIC_MIX_10PCT_80K-20260224_234537,obj1_closer,output/phasevar_5/0008_phA06_phB07.png,Is the blue cube closer to the camera than the cyan sphere? Answer with yes or no.,No,No,25.421875,27.921875,True
/data/shared/Qwen/mydisk/output/SYNTHETIC/NVILA-Lite-2B-SYNTHETIC_MIX_10PCT_80K-20260224_234537,obj1_closer,output/phasevar_5/0008_phA06_phB08.png,Is the blue cube closer to the camera than the cyan sphere? Answer with yes or no.,No,No,24.828125,26.671875,True
/data/shared/Qwen/mydisk/output/SYNTHETIC/NVILA-Lite-2B-SYNTHETIC_MIX_10PCT_80K-20260224_234537,obj1_closer,output/phasevar_5/0008_phA06_phB09.png,Is the blue cube closer to the camera than the cyan sphere? Answer with yes or no.,No,No,24.625,26.78125,True
/data/shared/Qwen/mydisk/output/SYNTHETIC/NVILA-Lite-2B-SYNTHETIC_MIX_10PCT_80K-20260224_234537,obj1_closer,output/phasevar_5/0008_phA06_phB10.png,Is the blue cube closer to the camera than the cyan sphere? Answer with yes or no.,No,No,24.859375,26.84375,True
/data/shared/Qwen/mydisk/output/SYNTHETIC/NVILA-Lite-2B-SYNTHETIC_MIX_10PCT_80K-20260224_234537,obj1_closer,output/phasevar_5/0008_phA06_phB11.png,Is the blue cube closer to the camera than the cyan sphere? Answer with yes or no.,No,No,24.46875,25.84375,True
/data/shared/Qwen/mydisk/output/SYNTHETIC/NVILA-Lite-2B-SYNTHETIC_MIX_10PCT_80K-20260224_234537,obj1_closer,output/phasevar_5/0008_phA06_phB12.png,Is the blue cube closer to the camera than the cyan sphere? Answer with yes or no.,No,No,25.25,25.859375,True
/data/shared/Qwen/mydisk/output/SYNTHETIC/NVILA-Lite-2B-SYNTHETIC_MIX_10PCT_80K-20260224_234537,obj1_closer,output/phasevar_5/0008_phA06_phB13.png,Is the blue cube closer to the camera than the cyan sphere? Answer with yes or no.,No,No,25.09375,25.890625,True
/data/shared/Qwen/mydisk/output/SYNTHETIC/NVILA-Lite-2B-SYNTHETIC_MIX_10PCT_80K-20260224_234537,obj1_closer,output/phasevar_5/0008_phA06_phB14.png,Is the blue cube closer to the camera than the cyan sphere? Answer with yes or no.,No,No,25.359375,26.515625,True
/data/shared/Qwen/mydisk/output/SYNTHETIC/NVILA-Lite-2B-SYNTHETIC_MIX_10PCT_80K-20260224_234537,obj1_closer,output/phasevar_5/0008_phA06_phB15.png,Is the blue cube closer to the camera than the cyan sphere? Answer with yes or no.,No,No,25.5625,26.96875,True
/data/shared/Qwen/mydisk/output/SYNTHETIC/NVILA-Lite-2B-SYNTHETIC_MIX_10PCT_80K-20260224_234537,obj1_closer,output/phasevar_5/0008_phA07_phB00.png,Is the blue cube closer to the camera than the cyan sphere? Answer with yes or no.,No,No,26.59375,27.953125,True
/data/shared/Qwen/mydisk/output/SYNTHETIC/NVILA-Lite-2B-SYNTHETIC_MIX_10PCT_80K-20260224_234537,obj1_closer,output/phasevar_5/0008_phA07_phB01.png,Is the blue cube closer to the camera than the cyan sphere? Answer with yes or no.,No,No,27.28125,28.796875,True
/data/shared/Qwen/mydisk/output/SYNTHETIC/NVILA-Lite-2B-SYNTHETIC_MIX_10PCT_80K-20260224_234537,obj1_closer,output/phasevar_5/0008_phA07_phB02.png,Is the blue cube closer to the camera than the cyan sphere? Answer with yes or no.,No,No,27.71875,28.265625,True
/data/shared/Qwen/mydisk/output/SYNTHETIC/NVILA-Lite-2B-SYNTHETIC_MIX_10PCT_80K-20260224_234537,obj1_closer,output/phasevar_5/0008_phA07_phB03.png,Is the blue cube closer to the camera than the cyan sphere? Answer with yes or no.,No,No,27.3125,27.671875,True
/data/shared/Qwen/mydisk/output/SYNTHETIC/NVILA-Lite-2B-SYNTHETIC_MIX_10PCT_80K-20260224_234537,obj1_closer,output/phasevar_5/0008_phA07_phB04.png,Is the blue cube closer to the camera than the cyan sphere? Answer with yes or no.,No,No,26.40625,26.65625,True
/data/shared/Qwen/mydisk/output/SYNTHETIC/NVILA-Lite-2B-SYNTHETIC_MIX_10PCT_80K-20260224_234537,obj1_closer,output/phasevar_5/0008_phA07_phB05.png,Is the blue cube closer to the camera than the cyan sphere? Answer with yes or no.,No,No,25.828125,27.265625,True
/data/shared/Qwen/mydisk/output/SYNTHETIC/NVILA-Lite-2B-SYNTHETIC_MIX_10PCT_80K-20260224_234537,obj1_closer,output/phasevar_5/0008_phA07_phB06.png,Is the blue cube closer to the camera than the cyan sphere? Answer with yes or no.,No,No,26.09375,27.734375,True
/data/shared/Qwen/mydisk/output/SYNTHETIC/NVILA-Lite-2B-SYNTHETIC_MIX_10PCT_80K-20260224_234537,obj1_closer,output/phasevar_5/0008_phA07_phB07.png,Is the blue cube closer to the camera than the cyan sphere? Answer with yes or no.,No,No,26.015625,28.09375,True
/data/shared/Qwen/mydisk/output/SYNTHETIC/NVILA-Lite-2B-SYNTHETIC_MIX_10PCT_80K-20260224_234537,obj1_closer,output/phasevar_5/0008_phA07_phB08.png,Is the blue cube closer to the camera than the cyan sphere? Answer with yes or no.,No,No,25.4375,27.125,True
/data/shared/Qwen/mydisk/output/SYNTHETIC/NVILA-Lite-2B-SYNTHETIC_MIX_10PCT_80K-20260224_234537,obj1_closer,output/phasevar_5/0008_phA07_phB09.png,Is the blue cube closer to the camera than the cyan sphere? Answer with yes or no.,No,No,25.125,27.0625,True
/data/shared/Qwen/mydisk/output/SYNTHETIC/NVILA-Lite-2B-SYNTHETIC_MIX_10PCT_80K-20260224_234537,obj1_closer,output/phasevar_5/0008_phA07_phB10.png,Is the blue cube closer to the camera than the cyan sphere? Answer with yes or no.,No,No,25.34375,27.296875,True
/data/shared/Qwen/mydisk/output/SYNTHETIC/NVILA-Lite-2B-SYNTHETIC_MIX_10PCT_80K-20260224_234537,obj1_closer,output/phasevar_5/0008_phA07_phB11.png,Is the blue cube closer to the camera than the cyan sphere? Answer with yes or no.,No,No,24.71875,25.96875,True
/data/shared/Qwen/mydisk/output/SYNTHETIC/NVILA-Lite-2B-SYNTHETIC_MIX_10PCT_80K-20260224_234537,obj1_closer,output/phasevar_5/0008_phA07_phB12.png,Is the blue cube closer to the camera than the cyan sphere? Answer with yes or no.,No,No,25.296875,25.703125,True
/data/shared/Qwen/mydisk/output/SYNTHETIC/NVILA-Lite-2B-SYNTHETIC_MIX_10PCT_80K-20260224_234537,obj1_closer,output/phasevar_5/0008_phA07_phB13.png,Is the blue cube closer to the camera than the cyan sphere? Answer with yes or no.,No,No,25.1875,26.0,True
/data/shared/Qwen/mydisk/output/SYNTHETIC/NVILA-Lite-2B-SYNTHETIC_MIX_10PCT_80K-20260224_234537,obj1_closer,output/phasevar_5/0008_phA07_phB14.png,Is the blue cube closer to the camera than the cyan sphere? Answer with yes or no.,No,No,25.71875,26.765625,True
/data/shared/Qwen/mydisk/output/SYNTHETIC/NVILA-Lite-2B-SYNTHETIC_MIX_10PCT_80K-20260224_234537,obj1_closer,output/phasevar_5/0008_phA07_phB15.png,Is the blue cube closer to the camera than the cyan sphere? Answer with yes or no.,No,No,26.03125,27.53125,True
/data/shared/Qwen/mydisk/output/SYNTHETIC/NVILA-Lite-2B-SYNTHETIC_MIX_10PCT_80K-20260224_234537,obj1_closer,output/phasevar_5/0008_phA08_phB00.png,Is the blue cube closer to the camera than the cyan sphere? Answer with yes or no.,No,No,26.84375,27.734375,True
/data/shared/Qwen/mydisk/output/SYNTHETIC/NVILA-Lite-2B-SYNTHETIC_MIX_10PCT_80K-20260224_234537,obj1_closer,output/phasevar_5/0008_phA08_phB01.png,Is the blue cube closer to the camera than the cyan sphere? Answer with yes or no.,No,No,27.40625,28.65625,True
/data/shared/Qwen/mydisk/output/SYNTHETIC/NVILA-Lite-2B-SYNTHETIC_MIX_10PCT_80K-20260224_234537,obj1_closer,output/phasevar_5/0008_phA08_phB02.png,Is the blue cube closer to the camera than the cyan sphere? Answer with yes or no.,No,No,27.78125,27.921875,True
/data/shared/Qwen/mydisk/output/SYNTHETIC/NVILA-Lite-2B-SYNTHETIC_MIX_10PCT_80K-20260224_234537,obj1_closer,output/phasevar_5/0008_phA08_phB03.png,Is the blue cube closer to the camera than the cyan sphere? Answer with yes or no.,No,Yes,27.46875,27.328125,False
/data/shared/Qwen/mydisk/output/SYNTHETIC/NVILA-Lite-2B-SYNTHETIC_MIX_10PCT_80K-20260224_234537,obj1_closer,output/phasevar_5/0008_phA08_phB04.png,Is the blue cube closer to the camera than the cyan sphere? Answer with yes or no.,No,Yes,26.84375,26.515625,False
/data/shared/Qwen/mydisk/output/SYNTHETIC/NVILA-Lite-2B-SYNTHETIC_MIX_10PCT_80K-20260224_234537,obj1_closer,output/phasevar_5/0008_phA08_phB05.png,Is the blue cube closer to the camera than the cyan sphere? Answer with yes or no.,No,No,26.078125,27.125,True
/data/shared/Qwen/mydisk/output/SYNTHETIC/NVILA-Lite-2B-SYNTHETIC_MIX_10PCT_80K-20260224_234537,obj1_closer,output/phasevar_5/0008_phA08_phB06.png,Is the blue cube closer to the camera than the cyan sphere? Answer with yes or no.,No,No,26.09375,27.46875,True
/data/shared/Qwen/mydisk/output/SYNTHETIC/NVILA-Lite-2B-SYNTHETIC_MIX_10PCT_80K-20260224_234537,obj1_closer,output/phasevar_5/0008_phA08_phB07.png,Is the blue cube closer to the camera than the cyan sphere? Answer with yes or no.,No,No,25.96875,27.671875,True
/data/shared/Qwen/mydisk/output/SYNTHETIC/NVILA-Lite-2B-SYNTHETIC_MIX_10PCT_80K-20260224_234537,obj1_closer,output/phasevar_5/0008_phA08_phB08.png,Is the blue cube closer to the camera than the cyan sphere? Answer with yes or no.,No,No,25.078125,26.5625,True
/data/shared/Qwen/mydisk/output/SYNTHETIC/NVILA-Lite-2B-SYNTHETIC_MIX_10PCT_80K-20260224_234537,obj1_closer,output/phasevar_5/0008_phA08_phB09.png,Is the blue cube closer to the camera than the cyan sphere? Answer with yes or no.,No,No,25.03125,27.03125,True
/data/shared/Qwen/mydisk/output/SYNTHETIC/NVILA-Lite-2B-SYNTHETIC_MIX_10PCT_80K-20260224_234537,obj1_closer,output/phasevar_5/0008_phA08_phB10.png,Is the blue cube closer to the camera than the cyan sphere? Answer with yes or no.,No,No,25.0625,27.03125,True
/data/shared/Qwen/mydisk/output/SYNTHETIC/NVILA-Lite-2B-SYNTHETIC_MIX_10PCT_80K-20260224_234537,obj1_closer,output/phasevar_5/0008_phA08_phB11.png,Is the blue cube closer to the camera than the cyan sphere? Answer with yes or no.,No,No,24.671875,25.875,True
/data/shared/Qwen/mydisk/output/SYNTHETIC/NVILA-Lite-2B-SYNTHETIC_MIX_10PCT_80K-20260224_234537,obj1_closer,output/phasevar_5/0008_phA08_phB12.png,Is the blue cube closer to the camera than the cyan sphere? Answer with yes or no.,No,No,25.46875,25.734375,True
/data/shared/Qwen/mydisk/output/SYNTHETIC/NVILA-Lite-2B-SYNTHETIC_MIX_10PCT_80K-20260224_234537,obj1_closer,output/phasevar_5/0008_phA08_phB13.png,Is the blue cube closer to the camera than the cyan sphere? Answer with yes or no.,No,No,25.234375,25.9375,True
/data/shared/Qwen/mydisk/output/SYNTHETIC/NVILA-Lite-2B-SYNTHETIC_MIX_10PCT_80K-20260224_234537,obj1_closer,output/phasevar_5/0008_phA08_phB14.png,Is the blue cube closer to the camera than the cyan sphere? Answer with yes or no.,No,No,25.734375,26.609375,True
/data/shared/Qwen/mydisk/output/SYNTHETIC/NVILA-Lite-2B-SYNTHETIC_MIX_10PCT_80K-20260224_234537,obj1_closer,output/phasevar_5/0008_phA08_phB15.png,Is the blue cube closer to the camera than the cyan sphere? Answer with yes or no.,No,No,26.1875,27.34375,True
/data/shared/Qwen/mydisk/output/SYNTHETIC/NVILA-Lite-2B-SYNTHETIC_MIX_10PCT_80K-20260224_234537,obj1_closer,output/phasevar_5/0008_phA09_phB00.png,Is the blue cube closer to the camera than the cyan sphere? Answer with yes or no.,No,No,27.4375,28.71875,True
/data/shared/Qwen/mydisk/output/SYNTHETIC/NVILA-Lite-2B-SYNTHETIC_MIX_10PCT_80K-20260224_234537,obj1_closer,output/phasevar_5/0008_phA09_phB01.png,Is the blue cube closer to the camera than the cyan sphere? Answer with yes or no.,No,No,28.0625,29.4375,True
/data/shared/Qwen/mydisk/output/SYNTHETIC/NVILA-Lite-2B-SYNTHETIC_MIX_10PCT_80K-20260224_234537,obj1_closer,output/phasevar_5/0008_phA09_phB02.png,Is the blue cube closer to the camera than the cyan sphere? Answer with yes or no.,No,No,28.609375,28.78125,True
/data/shared/Qwen/mydisk/output/SYNTHETIC/NVILA-Lite-2B-SYNTHETIC_MIX_10PCT_80K-20260224_234537,obj1_closer,output/phasevar_5/0008_phA09_phB03.png,Is the blue cube closer to the camera than the cyan sphere? Answer with yes or no.,No,No,28.203125,28.21875,True
/data/shared/Qwen/mydisk/output/SYNTHETIC/NVILA-Lite-2B-SYNTHETIC_MIX_10PCT_80K-20260224_234537,obj1_closer,output/phasevar_5/0008_phA09_phB04.png,Is the blue cube closer to the camera than the cyan sphere? Answer with yes or no.,No,Yes,27.734375,27.5,False
/data/shared/Qwen/mydisk/output/SYNTHETIC/NVILA-Lite-2B-SYNTHETIC_MIX_10PCT_80K-20260224_234537,obj1_closer,output/phasevar_5/0008_phA09_phB05.png,Is the blue cube closer to the camera than the cyan sphere? Answer with yes or no.,No,No,26.921875,28.359375,True
/data/shared/Qwen/mydisk/output/SYNTHETIC/NVILA-Lite-2B-SYNTHETIC_MIX_10PCT_80K-20260224_234537,obj1_closer,output/phasevar_5/0008_phA09_phB06.png,Is the blue cube closer to the camera than the cyan sphere? Answer with yes or no.,No,No,26.78125,28.453125,True
/data/shared/Qwen/mydisk/output/SYNTHETIC/NVILA-Lite-2B-SYNTHETIC_MIX_10PCT_80K-20260224_234537,obj1_closer,output/phasevar_5/0008_phA09_phB07.png,Is the blue cube closer to the camera than the cyan sphere? Answer with yes or no.,No,No,26.5,28.515625,True
/data/shared/Qwen/mydisk/output/SYNTHETIC/NVILA-Lite-2B-SYNTHETIC_MIX_10PCT_80K-20260224_234537,obj1_closer,output/phasevar_5/0008_phA09_phB08.png,Is the blue cube closer to the camera than the cyan sphere? Answer with yes or no.,No,No,25.53125,27.671875,True
/data/shared/Qwen/mydisk/output/SYNTHETIC/NVILA-Lite-2B-SYNTHETIC_MIX_10PCT_80K-20260224_234537,obj1_closer,output/phasevar_5/0008_phA09_phB09.png,Is the blue cube closer to the camera than the cyan sphere? Answer with yes or no.,No,No,25.484375,28.0,True
/data/shared/Qwen/mydisk/output/SYNTHETIC/NVILA-Lite-2B-SYNTHETIC_MIX_10PCT_80K-20260224_234537,obj1_closer,output/phasevar_5/0008_phA09_phB10.png,Is the blue cube closer to the camera than the cyan sphere? Answer with yes or no.,No,No,25.515625,27.984375,True
/data/shared/Qwen/mydisk/output/SYNTHETIC/NVILA-Lite-2B-SYNTHETIC_MIX_10PCT_80K-20260224_234537,obj1_closer,output/phasevar_5/0008_phA09_phB11.png,Is the blue cube closer to the camera than the cyan sphere? Answer with yes or no.,No,No,25.109375,26.609375,True
/data/shared/Qwen/mydisk/output/SYNTHETIC/NVILA-Lite-2B-SYNTHETIC_MIX_10PCT_80K-20260224_234537,obj1_closer,output/phasevar_5/0008_phA09_phB12.png,Is the blue cube closer to the camera than the cyan sphere? Answer with yes or no.,No,No,26.03125,26.4375,True
/data/shared/Qwen/mydisk/output/SYNTHETIC/NVILA-Lite-2B-SYNTHETIC_MIX_10PCT_80K-20260224_234537,obj1_closer,output/phasevar_5/0008_phA09_phB13.png,Is the blue cube closer to the camera than the cyan sphere? Answer with yes or no.,No,No,25.734375,26.671875,True
/data/shared/Qwen/mydisk/output/SYNTHETIC/NVILA-Lite-2B-SYNTHETIC_MIX_10PCT_80K-20260224_234537,obj1_closer,output/phasevar_5/0008_phA09_phB14.png,Is the blue cube closer to the camera than the cyan sphere? Answer with yes or no.,No,No,26.109375,27.296875,True
/data/shared/Qwen/mydisk/output/SYNTHETIC/NVILA-Lite-2B-SYNTHETIC_MIX_10PCT_80K-20260224_234537,obj1_closer,output/phasevar_5/0008_phA09_phB15.png,Is the blue cube closer to the camera than the cyan sphere? Answer with yes or no.,No,No,26.609375,28.1875,True
/data/shared/Qwen/mydisk/output/SYNTHETIC/NVILA-Lite-2B-SYNTHETIC_MIX_10PCT_80K-20260224_234537,obj1_closer,output/phasevar_5/0008_phA10_phB00.png,Is the blue cube closer to the camera than the cyan sphere? Answer with yes or no.,No,Yes,27.5,27.375,False
/data/shared/Qwen/mydisk/output/SYNTHETIC/NVILA-Lite-2B-SYNTHETIC_MIX_10PCT_80K-20260224_234537,obj1_closer,output/phasevar_5/0008_phA10_phB01.png,Is the blue cube closer to the camera than the cyan sphere? Answer with yes or no.,No,Yes,28.40625,28.0,False
/data/shared/Qwen/mydisk/output/SYNTHETIC/NVILA-Lite-2B-SYNTHETIC_MIX_10PCT_80K-20260224_234537,obj1_closer,output/phasevar_5/0008_phA10_phB02.png,Is the blue cube closer to the camera than the cyan sphere? Answer with yes or no.,No,Yes,28.828125,27.65625,False
/data/shared/Qwen/mydisk/output/SYNTHETIC/NVILA-Lite-2B-SYNTHETIC_MIX_10PCT_80K-20260224_234537,obj1_closer,output/phasevar_5/0008_phA10_phB03.png,Is the blue cube closer to the camera than the cyan sphere? Answer with yes or no.,No,Yes,28.1875,26.6875,False
/data/shared/Qwen/mydisk/output/SYNTHETIC/NVILA-Lite-2B-SYNTHETIC_MIX_10PCT_80K-20260224_234537,obj1_closer,output/phasevar_5/0008_phA10_phB04.png,Is the blue cube closer to the camera than the cyan sphere? Answer with yes or no.,No,Yes,27.5625,25.984375,False
/data/shared/Qwen/mydisk/output/SYNTHETIC/NVILA-Lite-2B-SYNTHETIC_MIX_10PCT_80K-20260224_234537,obj1_closer,output/phasevar_5/0008_phA10_phB05.png,Is the blue cube closer to the camera than the cyan sphere? Answer with yes or no.,No,No,27.0,27.0625,True
/data/shared/Qwen/mydisk/output/SYNTHETIC/NVILA-Lite-2B-SYNTHETIC_MIX_10PCT_80K-20260224_234537,obj1_closer,output/phasevar_5/0008_phA10_phB06.png,Is the blue cube closer to the camera than the cyan sphere? Answer with yes or no.,No,No,26.90625,27.484375,True
/data/shared/Qwen/mydisk/output/SYNTHETIC/NVILA-Lite-2B-SYNTHETIC_MIX_10PCT_80K-20260224_234537,obj1_closer,output/phasevar_5/0008_phA10_phB07.png,Is the blue cube closer to the camera than the cyan sphere? Answer with yes or no.,No,No,26.65625,27.4375,True
/data/shared/Qwen/mydisk/output/SYNTHETIC/NVILA-Lite-2B-SYNTHETIC_MIX_10PCT_80K-20260224_234537,obj1_closer,output/phasevar_5/0008_phA10_phB08.png,Is the blue cube closer to the camera than the cyan sphere? Answer with yes or no.,No,No,25.296875,26.546875,True
/data/shared/Qwen/mydisk/output/SYNTHETIC/NVILA-Lite-2B-SYNTHETIC_MIX_10PCT_80K-20260224_234537,obj1_closer,output/phasevar_5/0008_phA10_phB09.png,Is the blue cube closer to the camera than the cyan sphere? Answer with yes or no.,No,No,25.59375,27.609375,True
/data/shared/Qwen/mydisk/output/SYNTHETIC/NVILA-Lite-2B-SYNTHETIC_MIX_10PCT_80K-20260224_234537,obj1_closer,output/phasevar_5/0008_phA10_phB10.png,Is the blue cube closer to the camera than the cyan sphere? Answer with yes or no.,No,No,25.5625,27.765625,True
/data/shared/Qwen/mydisk/output/SYNTHETIC/NVILA-Lite-2B-SYNTHETIC_MIX_10PCT_80K-20260224_234537,obj1_closer,output/phasevar_5/0008_phA10_phB11.png,Is the blue cube closer to the camera than the cyan sphere? Answer with yes or no.,No,No,25.375,26.09375,True
/data/shared/Qwen/mydisk/output/SYNTHETIC/NVILA-Lite-2B-SYNTHETIC_MIX_10PCT_80K-20260224_234537,obj1_closer,output/phasevar_5/0008_phA10_phB12.png,Is the blue cube closer to the camera than the cyan sphere? Answer with yes or no.,No,Yes,26.46875,26.25,False
/data/shared/Qwen/mydisk/output/SYNTHETIC/NVILA-Lite-2B-SYNTHETIC_MIX_10PCT_80K-20260224_234537,obj1_closer,output/phasevar_5/0008_phA10_phB13.png,Is the blue cube closer to the camera than the cyan sphere? Answer with yes or no.,No,No,25.921875,26.0625,True
/data/shared/Qwen/mydisk/output/SYNTHETIC/NVILA-Lite-2B-SYNTHETIC_MIX_10PCT_80K-20260224_234537,obj1_closer,output/phasevar_5/0008_phA10_phB14.png,Is the blue cube closer to the camera than the cyan sphere? Answer with yes or no.,No,No,26.296875,26.578125,True
/data/shared/Qwen/mydisk/output/SYNTHETIC/NVILA-Lite-2B-SYNTHETIC_MIX_10PCT_80K-20260224_234537,obj1_closer,output/phasevar_5/0008_phA10_phB15.png,Is the blue cube closer to the camera than the cyan sphere? Answer with yes or no.,No,No,27.203125,27.328125,True
/data/shared/Qwen/mydisk/output/SYNTHETIC/NVILA-Lite-2B-SYNTHETIC_MIX_10PCT_80K-20260224_234537,obj1_closer,output/phasevar_5/0008_phA11_phB00.png,Is the blue cube closer to the camera than the cyan sphere? Answer with yes or no.,No,No,26.90625,27.25,True
/data/shared/Qwen/mydisk/output/SYNTHETIC/NVILA-Lite-2B-SYNTHETIC_MIX_10PCT_80K-20260224_234537,obj1_closer,output/phasevar_5/0008_phA11_phB01.png,Is the blue cube closer to the camera than the cyan sphere? Answer with yes or no.,No,No,27.84375,28.015625,True
/data/shared/Qwen/mydisk/output/SYNTHETIC/NVILA-Lite-2B-SYNTHETIC_MIX_10PCT_80K-20260224_234537,obj1_closer,output/phasevar_5/0008_phA11_phB02.png,Is the blue cube closer to the camera than the cyan sphere? Answer with yes or no.,No,Yes,28.109375,27.421875,False
/data/shared/Qwen/mydisk/output/SYNTHETIC/NVILA-Lite-2B-SYNTHETIC_MIX_10PCT_80K-20260224_234537,obj1_closer,output/phasevar_5/0008_phA11_phB03.png,Is the blue cube closer to the camera than the cyan sphere? Answer with yes or no.,No,Yes,27.625,26.578125,False
/data/shared/Qwen/mydisk/output/SYNTHETIC/NVILA-Lite-2B-SYNTHETIC_MIX_10PCT_80K-20260224_234537,obj1_closer,output/phasevar_5/0008_phA11_phB04.png,Is the blue cube closer to the camera than the cyan sphere? Answer with yes or no.,No,Yes,27.03125,25.8125,False
/data/shared/Qwen/mydisk/output/SYNTHETIC/NVILA-Lite-2B-SYNTHETIC_MIX_10PCT_80K-20260224_234537,obj1_closer,output/phasevar_5/0008_phA11_phB05.png,Is the blue cube closer to the camera than the cyan sphere? Answer with yes or no.,No,No,26.75,26.96875,True
/data/shared/Qwen/mydisk/output/SYNTHETIC/NVILA-Lite-2B-SYNTHETIC_MIX_10PCT_80K-20260224_234537,obj1_closer,output/phasevar_5/0008_phA11_phB06.png,Is the blue cube closer to the camera than the cyan sphere? Answer with yes or no.,No,No,26.640625,27.46875,True
/data/shared/Qwen/mydisk/output/SYNTHETIC/NVILA-Lite-2B-SYNTHETIC_MIX_10PCT_80K-20260224_234537,obj1_closer,output/phasevar_5/0008_phA11_phB07.png,Is the blue cube closer to the camera than the cyan sphere? Answer with yes or no.,No,No,26.234375,27.4375,True
/data/shared/Qwen/mydisk/output/SYNTHETIC/NVILA-Lite-2B-SYNTHETIC_MIX_10PCT_80K-20260224_234537,obj1_closer,output/phasevar_5/0008_phA11_phB08.png,Is the blue cube closer to the camera than the cyan sphere? Answer with yes or no.,No,No,25.1875,26.4375,True
/data/shared/Qwen/mydisk/output/SYNTHETIC/NVILA-Lite-2B-SYNTHETIC_MIX_10PCT_80K-20260224_234537,obj1_closer,output/phasevar_5/0008_phA11_phB09.png,Is the blue cube closer to the camera than the cyan sphere? Answer with yes or no.,No,No,25.3125,27.140625,True
/data/shared/Qwen/mydisk/output/SYNTHETIC/NVILA-Lite-2B-SYNTHETIC_MIX_10PCT_80K-20260224_234537,obj1_closer,output/phasevar_5/0008_phA11_phB10.png,Is the blue cube closer to the camera than the cyan sphere? Answer with yes or no.,No,No,25.375,27.5,True
/data/shared/Qwen/mydisk/output/SYNTHETIC/NVILA-Lite-2B-SYNTHETIC_MIX_10PCT_80K-20260224_234537,obj1_closer,output/phasevar_5/0008_phA11_phB11.png,Is the blue cube closer to the camera than the cyan sphere? Answer with yes or no.,No,No,24.4375,25.875,True
/data/shared/Qwen/mydisk/output/SYNTHETIC/NVILA-Lite-2B-SYNTHETIC_MIX_10PCT_80K-20260224_234537,obj1_closer,output/phasevar_5/0008_phA11_phB12.png,Is the blue cube closer to the camera than the cyan sphere? Answer with yes or no.,No,No,25.1875,25.890625,True
/data/shared/Qwen/mydisk/output/SYNTHETIC/NVILA-Lite-2B-SYNTHETIC_MIX_10PCT_80K-20260224_234537,obj1_closer,output/phasevar_5/0008_phA11_phB13.png,Is the blue cube closer to the camera than the cyan sphere? Answer with yes or no.,No,No,25.140625,25.96875,True
/data/shared/Qwen/mydisk/output/SYNTHETIC/NVILA-Lite-2B-SYNTHETIC_MIX_10PCT_80K-20260224_234537,obj1_closer,output/phasevar_5/0008_phA11_phB14.png,Is the blue cube closer to the camera than the cyan sphere? Answer with yes or no.,No,No,25.875,26.4375,True
/data/shared/Qwen/mydisk/output/SYNTHETIC/NVILA-Lite-2B-SYNTHETIC_MIX_10PCT_80K-20260224_234537,obj1_closer,output/phasevar_5/0008_phA11_phB15.png,Is the blue cube closer to the camera than the cyan sphere? Answer with yes or no.,No,No,26.609375,27.125,True
/data/shared/Qwen/mydisk/output/SYNTHETIC/NVILA-Lite-2B-SYNTHETIC_MIX_10PCT_80K-20260224_234537,obj1_closer,output/phasevar_5/0008_phA12_phB00.png,Is the blue cube closer to the camera than the cyan sphere? Answer with yes or no.,No,No,26.4375,27.125,True
/data/shared/Qwen/mydisk/output/SYNTHETIC/NVILA-Lite-2B-SYNTHETIC_MIX_10PCT_80K-20260224_234537,obj1_closer,output/phasevar_5/0008_phA12_phB01.png,Is the blue cube closer to the camera than the cyan sphere? Answer with yes or no.,No,No,27.453125,27.890625,True
/data/shared/Qwen/mydisk/output/SYNTHETIC/NVILA-Lite-2B-SYNTHETIC_MIX_10PCT_80K-20260224_234537,obj1_closer,output/phasevar_5/0008_phA12_phB02.png,Is the blue cube closer to the camera than the cyan sphere? Answer with yes or no.,No,Yes,28.015625,27.421875,False
/data/shared/Qwen/mydisk/output/SYNTHETIC/NVILA-Lite-2B-SYNTHETIC_MIX_10PCT_80K-20260224_234537,obj1_closer,output/phasevar_5/0008_phA12_phB03.png,Is the blue cube closer to the camera than the cyan sphere? Answer with yes or no.,No,Yes,27.28125,26.65625,False
/data/shared/Qwen/mydisk/output/SYNTHETIC/NVILA-Lite-2B-SYNTHETIC_MIX_10PCT_80K-20260224_234537,obj1_closer,output/phasevar_5/0008_phA12_phB04.png,Is the blue cube closer to the camera than the cyan sphere? Answer with yes or no.,No,Yes,26.75,26.015625,False
/data/shared/Qwen/mydisk/output/SYNTHETIC/NVILA-Lite-2B-SYNTHETIC_MIX_10PCT_80K-20260224_234537,obj1_closer,output/phasevar_5/0008_phA12_phB05.png,Is the blue cube closer to the camera than the cyan sphere? Answer with yes or no.,No,No,26.5,27.015625,True
/data/shared/Qwen/mydisk/output/SYNTHETIC/NVILA-Lite-2B-SYNTHETIC_MIX_10PCT_80K-20260224_234537,obj1_closer,output/phasevar_5/0008_phA12_phB06.png,Is the blue cube closer to the camera than the cyan sphere? Answer with yes or no.,No,No,26.609375,27.625,True
/data/shared/Qwen/mydisk/output/SYNTHETIC/NVILA-Lite-2B-SYNTHETIC_MIX_10PCT_80K-20260224_234537,obj1_closer,output/phasevar_5/0008_phA12_phB07.png,Is the blue cube closer to the camera than the cyan sphere? Answer with yes or no.,No,No,26.09375,27.515625,True
/data/shared/Qwen/mydisk/output/SYNTHETIC/NVILA-Lite-2B-SYNTHETIC_MIX_10PCT_80K-20260224_234537,obj1_closer,output/phasevar_5/0008_phA12_phB08.png,Is the blue cube closer to the camera than the cyan sphere? Answer with yes or no.,No,No,25.171875,26.578125,True
/data/shared/Qwen/mydisk/output/SYNTHETIC/NVILA-Lite-2B-SYNTHETIC_MIX_10PCT_80K-20260224_234537,obj1_closer,output/phasevar_5/0008_phA12_phB09.png,Is the blue cube closer to the camera than the cyan sphere? Answer with yes or no.,No,No,25.109375,27.0,True
/data/shared/Qwen/mydisk/output/SYNTHETIC/NVILA-Lite-2B-SYNTHETIC_MIX_10PCT_80K-20260224_234537,obj1_closer,output/phasevar_5/0008_phA12_phB10.png,Is the blue cube closer to the camera than the cyan sphere? Answer with yes or no.,No,No,25.453125,27.484375,True
/data/shared/Qwen/mydisk/output/SYNTHETIC/NVILA-Lite-2B-SYNTHETIC_MIX_10PCT_80K-20260224_234537,obj1_closer,output/phasevar_5/0008_phA12_phB11.png,Is the blue cube closer to the camera than the cyan sphere? Answer with yes or no.,No,No,24.5625,26.234375,True
/data/shared/Qwen/mydisk/output/SYNTHETIC/NVILA-Lite-2B-SYNTHETIC_MIX_10PCT_80K-20260224_234537,obj1_closer,output/phasevar_5/0008_phA12_phB12.png,Is the blue cube closer to the camera than the cyan sphere? Answer with yes or no.,No,No,25.046875,26.203125,True
/data/shared/Qwen/mydisk/output/SYNTHETIC/NVILA-Lite-2B-SYNTHETIC_MIX_10PCT_80K-20260224_234537,obj1_closer,output/phasevar_5/0008_phA12_phB13.png,Is the blue cube closer to the camera than the cyan sphere? Answer with yes or no.,No,No,25.0625,26.4375,True
/data/shared/Qwen/mydisk/output/SYNTHETIC/NVILA-Lite-2B-SYNTHETIC_MIX_10PCT_80K-20260224_234537,obj1_closer,output/phasevar_5/0008_phA12_phB14.png,Is the blue cube closer to the camera than the cyan sphere? Answer with yes or no.,No,No,25.71875,26.578125,True
/data/shared/Qwen/mydisk/output/SYNTHETIC/NVILA-Lite-2B-SYNTHETIC_MIX_10PCT_80K-20260224_234537,obj1_closer,output/phasevar_5/0008_phA12_phB15.png,Is the blue cube closer to the camera than the cyan sphere? Answer with yes or no.,No,No,26.234375,26.953125,True
/data/shared/Qwen/mydisk/output/SYNTHETIC/NVILA-Lite-2B-SYNTHETIC_MIX_10PCT_80K-20260224_234537,obj1_closer,output/phasevar_5/0008_phA13_phB00.png,Is the blue cube closer to the camera than the cyan sphere? Answer with yes or no.,No,No,26.328125,26.796875,True
/data/shared/Qwen/mydisk/output/SYNTHETIC/NVILA-Lite-2B-SYNTHETIC_MIX_10PCT_80K-20260224_234537,obj1_closer,output/phasevar_5/0008_phA13_phB01.png,Is the blue cube closer to the camera than the cyan sphere? Answer with yes or no.,No,No,27.359375,27.890625,True
/data/shared/Qwen/mydisk/output/SYNTHETIC/NVILA-Lite-2B-SYNTHETIC_MIX_10PCT_80K-20260224_234537,obj1_closer,output/phasevar_5/0008_phA13_phB02.png,Is the blue cube closer to the camera than the cyan sphere? Answer with yes or no.,No,No,27.515625,27.5625,True
/data/shared/Qwen/mydisk/output/SYNTHETIC/NVILA-Lite-2B-SYNTHETIC_MIX_10PCT_80K-20260224_234537,obj1_closer,output/phasevar_5/0008_phA13_phB03.png,Is the blue cube closer to the camera than the cyan sphere? Answer with yes or no.,No,Yes,27.390625,26.921875,False
/data/shared/Qwen/mydisk/output/SYNTHETIC/NVILA-Lite-2B-SYNTHETIC_MIX_10PCT_80K-20260224_234537,obj1_closer,output/phasevar_5/0008_phA13_phB04.png,Is the blue cube closer to the camera than the cyan sphere? Answer with yes or no.,No,Yes,26.703125,26.015625,False
/data/shared/Qwen/mydisk/output/SYNTHETIC/NVILA-Lite-2B-SYNTHETIC_MIX_10PCT_80K-20260224_234537,obj1_closer,output/phasevar_5/0008_phA13_phB05.png,Is the blue cube closer to the camera than the cyan sphere? Answer with yes or no.,No,No,26.625,26.75,True
/data/shared/Qwen/mydisk/output/SYNTHETIC/NVILA-Lite-2B-SYNTHETIC_MIX_10PCT_80K-20260224_234537,obj1_closer,output/phasevar_5/0008_phA13_phB06.png,Is the blue cube closer to the camera than the cyan sphere? Answer with yes or no.,No,No,26.625,27.375,True
/data/shared/Qwen/mydisk/output/SYNTHETIC/NVILA-Lite-2B-SYNTHETIC_MIX_10PCT_80K-20260224_234537,obj1_closer,output/phasevar_5/0008_phA13_phB07.png,Is the blue cube closer to the camera than the cyan sphere? Answer with yes or no.,No,No,25.859375,26.671875,True
/data/shared/Qwen/mydisk/output/SYNTHETIC/NVILA-Lite-2B-SYNTHETIC_MIX_10PCT_80K-20260224_234537,obj1_closer,output/phasevar_5/0008_phA13_phB08.png,Is the blue cube closer to the camera than the cyan sphere? Answer with yes or no.,No,No,25.3125,26.3125,True
/data/shared/Qwen/mydisk/output/SYNTHETIC/NVILA-Lite-2B-SYNTHETIC_MIX_10PCT_80K-20260224_234537,obj1_closer,output/phasevar_5/0008_phA13_phB09.png,Is the blue cube closer to the camera than the cyan sphere? Answer with yes or no.,No,No,25.03125,26.109375,True
/data/shared/Qwen/mydisk/output/SYNTHETIC/NVILA-Lite-2B-SYNTHETIC_MIX_10PCT_80K-20260224_234537,obj1_closer,output/phasevar_5/0008_phA13_phB10.png,Is the blue cube closer to the camera than the cyan sphere? Answer with yes or no.,No,No,25.78125,27.25,True
/data/shared/Qwen/mydisk/output/SYNTHETIC/NVILA-Lite-2B-SYNTHETIC_MIX_10PCT_80K-20260224_234537,obj1_closer,output/phasevar_5/0008_phA13_phB11.png,Is the blue cube closer to the camera than the cyan sphere? Answer with yes or no.,No,No,25.078125,26.359375,True
/data/shared/Qwen/mydisk/output/SYNTHETIC/NVILA-Lite-2B-SYNTHETIC_MIX_10PCT_80K-20260224_234537,obj1_closer,output/phasevar_5/0008_phA13_phB12.png,Is the blue cube closer to the camera than the cyan sphere? Answer with yes or no.,No,No,25.171875,26.28125,True
/data/shared/Qwen/mydisk/output/SYNTHETIC/NVILA-Lite-2B-SYNTHETIC_MIX_10PCT_80K-20260224_234537,obj1_closer,output/phasevar_5/0008_phA13_phB13.png,Is the blue cube closer to the camera than the cyan sphere? Answer with yes or no.,No,No,25.203125,26.203125,True
/data/shared/Qwen/mydisk/output/SYNTHETIC/NVILA-Lite-2B-SYNTHETIC_MIX_10PCT_80K-20260224_234537,obj1_closer,output/phasevar_5/0008_phA13_phB14.png,Is the blue cube closer to the camera than the cyan sphere? Answer with yes or no.,No,No,25.796875,26.75,True
/data/shared/Qwen/mydisk/output/SYNTHETIC/NVILA-Lite-2B-SYNTHETIC_MIX_10PCT_80K-20260224_234537,obj1_closer,output/phasevar_5/0008_phA13_phB15.png,Is the blue cube closer to the camera than the cyan sphere? Answer with yes or no.,No,No,26.265625,26.71875,True
/data/shared/Qwen/mydisk/output/SYNTHETIC/NVILA-Lite-2B-SYNTHETIC_MIX_10PCT_80K-20260224_234537,obj1_closer,output/phasevar_5/0008_phA14_phB00.png,Is the blue cube closer to the camera than the cyan sphere? Answer with yes or no.,No,No,26.65625,27.71875,True
/data/shared/Qwen/mydisk/output/SYNTHETIC/NVILA-Lite-2B-SYNTHETIC_MIX_10PCT_80K-20260224_234537,obj1_closer,output/phasevar_5/0008_phA14_phB01.png,Is the blue cube closer to the camera than the cyan sphere? Answer with yes or no.,No,No,27.5625,28.40625,True
/data/shared/Qwen/mydisk/output/SYNTHETIC/NVILA-Lite-2B-SYNTHETIC_MIX_10PCT_80K-20260224_234537,obj1_closer,output/phasevar_5/0008_phA14_phB02.png,Is the blue cube closer to the camera than the cyan sphere? Answer with yes or no.,No,No,28.046875,28.046875,True
/data/shared/Qwen/mydisk/output/SYNTHETIC/NVILA-Lite-2B-SYNTHETIC_MIX_10PCT_80K-20260224_234537,obj1_closer,output/phasevar_5/0008_phA14_phB03.png,Is the blue cube closer to the camera than the cyan sphere? Answer with yes or no.,No,Yes,27.328125,26.890625,False
/data/shared/Qwen/mydisk/output/SYNTHETIC/NVILA-Lite-2B-SYNTHETIC_MIX_10PCT_80K-20260224_234537,obj1_closer,output/phasevar_5/0008_phA14_phB04.png,Is the blue cube closer to the camera than the cyan sphere? Answer with yes or no.,No,Yes,27.140625,26.234375,False
/data/shared/Qwen/mydisk/output/SYNTHETIC/NVILA-Lite-2B-SYNTHETIC_MIX_10PCT_80K-20260224_234537,obj1_closer,output/phasevar_5/0008_phA14_phB05.png,Is the blue cube closer to the camera than the cyan sphere? Answer with yes or no.,No,No,26.953125,27.359375,True
/data/shared/Qwen/mydisk/output/SYNTHETIC/NVILA-Lite-2B-SYNTHETIC_MIX_10PCT_80K-20260224_234537,obj1_closer,output/phasevar_5/0008_phA14_phB06.png,Is the blue cube closer to the camera than the cyan sphere? Answer with yes or no.,No,No,27.109375,28.203125,True
/data/shared/Qwen/mydisk/output/SYNTHETIC/NVILA-Lite-2B-SYNTHETIC_MIX_10PCT_80K-20260224_234537,obj1_closer,output/phasevar_5/0008_phA14_phB07.png,Is the blue cube closer to the camera than the cyan sphere? Answer with yes or no.,No,No,26.515625,27.9375,True
/data/shared/Qwen/mydisk/output/SYNTHETIC/NVILA-Lite-2B-SYNTHETIC_MIX_10PCT_80K-20260224_234537,obj1_closer,output/phasevar_5/0008_phA14_phB08.png,Is the blue cube closer to the camera than the cyan sphere? Answer with yes or no.,No,No,25.53125,26.890625,True
/data/shared/Qwen/mydisk/output/SYNTHETIC/NVILA-Lite-2B-SYNTHETIC_MIX_10PCT_80K-20260224_234537,obj1_closer,output/phasevar_5/0008_phA14_phB09.png,Is the blue cube closer to the camera than the cyan sphere? Answer with yes or no.,No,No,25.421875,27.03125,True
/data/shared/Qwen/mydisk/output/SYNTHETIC/NVILA-Lite-2B-SYNTHETIC_MIX_10PCT_80K-20260224_234537,obj1_closer,output/phasevar_5/0008_phA14_phB10.png,Is the blue cube closer to the camera than the cyan sphere? Answer with yes or no.,No,No,25.96875,27.828125,True
/data/shared/Qwen/mydisk/output/SYNTHETIC/NVILA-Lite-2B-SYNTHETIC_MIX_10PCT_80K-20260224_234537,obj1_closer,output/phasevar_5/0008_phA14_phB11.png,Is the blue cube closer to the camera than the cyan sphere? Answer with yes or no.,No,No,25.109375,26.421875,True
/data/shared/Qwen/mydisk/output/SYNTHETIC/NVILA-Lite-2B-SYNTHETIC_MIX_10PCT_80K-20260224_234537,obj1_closer,output/phasevar_5/0008_phA14_phB12.png,Is the blue cube closer to the camera than the cyan sphere? Answer with yes or no.,No,No,25.234375,26.390625,True
/data/shared/Qwen/mydisk/output/SYNTHETIC/NVILA-Lite-2B-SYNTHETIC_MIX_10PCT_80K-20260224_234537,obj1_closer,output/phasevar_5/0008_phA14_phB13.png,Is the blue cube closer to the camera than the cyan sphere? Answer with yes or no.,No,No,25.03125,26.640625,True
/data/shared/Qwen/mydisk/output/SYNTHETIC/NVILA-Lite-2B-SYNTHETIC_MIX_10PCT_80K-20260224_234537,obj1_closer,output/phasevar_5/0008_phA14_phB14.png,Is the blue cube closer to the camera than the cyan sphere? Answer with yes or no.,No,No,25.6875,27.359375,True
/data/shared/Qwen/mydisk/output/SYNTHETIC/NVILA-Lite-2B-SYNTHETIC_MIX_10PCT_80K-20260224_234537,obj1_closer,output/phasevar_5/0008_phA14_phB15.png,Is the blue cube closer to the camera than the cyan sphere? Answer with yes or no.,No,No,26.265625,27.484375,True
/data/shared/Qwen/mydisk/output/SYNTHETIC/NVILA-Lite-2B-SYNTHETIC_MIX_10PCT_80K-20260224_234537,obj1_closer,output/phasevar_5/0008_phA15_phB00.png,Is the blue cube closer to the camera than the cyan sphere? Answer with yes or no.,No,No,26.578125,28.953125,True
/data/shared/Qwen/mydisk/output/SYNTHETIC/NVILA-Lite-2B-SYNTHETIC_MIX_10PCT_80K-20260224_234537,obj1_closer,output/phasevar_5/0008_phA15_phB01.png,Is the blue cube closer to the camera than the cyan sphere? Answer with yes or no.,No,No,27.21875,29.9375,True
/data/shared/Qwen/mydisk/output/SYNTHETIC/NVILA-Lite-2B-SYNTHETIC_MIX_10PCT_80K-20260224_234537,obj1_closer,output/phasevar_5/0008_phA15_phB02.png,Is the blue cube closer to the camera than the cyan sphere? Answer with yes or no.,No,No,27.71875,29.21875,True
/data/shared/Qwen/mydisk/output/SYNTHETIC/NVILA-Lite-2B-SYNTHETIC_MIX_10PCT_80K-20260224_234537,obj1_closer,output/phasevar_5/0008_phA15_phB03.png,Is the blue cube closer to the camera than the cyan sphere? Answer with yes or no.,No,No,27.125,28.28125,True
/data/shared/Qwen/mydisk/output/SYNTHETIC/NVILA-Lite-2B-SYNTHETIC_MIX_10PCT_80K-20260224_234537,obj1_closer,output/phasevar_5/0008_phA15_phB04.png,Is the blue cube closer to the camera than the cyan sphere? Answer with yes or no.,No,No,26.796875,27.609375,True
/data/shared/Qwen/mydisk/output/SYNTHETIC/NVILA-Lite-2B-SYNTHETIC_MIX_10PCT_80K-20260224_234537,obj1_closer,output/phasevar_5/0008_phA15_phB05.png,Is the blue cube closer to the camera than the cyan sphere? Answer with yes or no.,No,No,26.71875,28.34375,True
/data/shared/Qwen/mydisk/output/SYNTHETIC/NVILA-Lite-2B-SYNTHETIC_MIX_10PCT_80K-20260224_234537,obj1_closer,output/phasevar_5/0008_phA15_phB06.png,Is the blue cube closer to the camera than the cyan sphere? Answer with yes or no.,No,No,26.890625,28.875,True
/data/shared/Qwen/mydisk/output/SYNTHETIC/NVILA-Lite-2B-SYNTHETIC_MIX_10PCT_80K-20260224_234537,obj1_closer,output/phasevar_5/0008_phA15_phB07.png,Is the blue cube closer to the camera than the cyan sphere? Answer with yes or no.,No,No,26.375,28.71875,True
/data/shared/Qwen/mydisk/output/SYNTHETIC/NVILA-Lite-2B-SYNTHETIC_MIX_10PCT_80K-20260224_234537,obj1_closer,output/phasevar_5/0008_phA15_phB08.png,Is the blue cube closer to the camera than the cyan sphere? Answer with yes or no.,No,No,25.640625,27.765625,True
/data/shared/Qwen/mydisk/output/SYNTHETIC/NVILA-Lite-2B-SYNTHETIC_MIX_10PCT_80K-20260224_234537,obj1_closer,output/phasevar_5/0008_phA15_phB09.png,Is the blue cube closer to the camera than the cyan sphere? Answer with yes or no.,No,No,25.5625,27.75,True
/data/shared/Qwen/mydisk/output/SYNTHETIC/NVILA-Lite-2B-SYNTHETIC_MIX_10PCT_80K-20260224_234537,obj1_closer,output/phasevar_5/0008_phA15_phB10.png,Is the blue cube closer to the camera than the cyan sphere? Answer with yes or no.,No,No,26.078125,28.296875,True
/data/shared/Qwen/mydisk/output/SYNTHETIC/NVILA-Lite-2B-SYNTHETIC_MIX_10PCT_80K-20260224_234537,obj1_closer,output/phasevar_5/0008_phA15_phB11.png,Is the blue cube closer to the camera than the cyan sphere? Answer with yes or no.,No,No,25.609375,27.3125,True
/data/shared/Qwen/mydisk/output/SYNTHETIC/NVILA-Lite-2B-SYNTHETIC_MIX_10PCT_80K-20260224_234537,obj1_closer,output/phasevar_5/0008_phA15_phB12.png,Is the blue cube closer to the camera than the cyan sphere? Answer with yes or no.,No,No,25.703125,27.171875,True
/data/shared/Qwen/mydisk/output/SYNTHETIC/NVILA-Lite-2B-SYNTHETIC_MIX_10PCT_80K-20260224_234537,obj1_closer,output/phasevar_5/0008_phA15_phB13.png,Is the blue cube closer to the camera than the cyan sphere? Answer with yes or no.,No,No,25.28125,27.296875,True
/data/shared/Qwen/mydisk/output/SYNTHETIC/NVILA-Lite-2B-SYNTHETIC_MIX_10PCT_80K-20260224_234537,obj1_closer,output/phasevar_5/0008_phA15_phB14.png,Is the blue cube closer to the camera than the cyan sphere? Answer with yes or no.,No,No,25.609375,28.015625,True
/data/shared/Qwen/mydisk/output/SYNTHETIC/NVILA-Lite-2B-SYNTHETIC_MIX_10PCT_80K-20260224_234537,obj1_closer,output/phasevar_5/0008_phA15_phB15.png,Is the blue cube closer to the camera than the cyan sphere? Answer with yes or no.,No,No,25.796875,28.359375,True
/data/shared/Qwen/mydisk/output/SYNTHETIC/NVILA-Lite-2B-SYNTHETIC_MIX_10PCT_80K-20260224_234537,obj1_closer,output/phasevar_5/0009_phA00_phB00.png,Is the green sphere closer to the camera than the yellow cube? Answer with yes or no.,No,No,25.859375,28.125,True
/data/shared/Qwen/mydisk/output/SYNTHETIC/NVILA-Lite-2B-SYNTHETIC_MIX_10PCT_80K-20260224_234537,obj1_closer,output/phasevar_5/0009_phA00_phB01.png,Is the green sphere closer to the camera than the yellow cube? Answer with yes or no.,No,No,26.90625,28.921875,True
/data/shared/Qwen/mydisk/output/SYNTHETIC/NVILA-Lite-2B-SYNTHETIC_MIX_10PCT_80K-20260224_234537,obj1_closer,output/phasevar_5/0009_phA00_phB02.png,Is the green sphere closer to the camera than the yellow cube? Answer with yes or no.,No,No,26.890625,28.0,True
/data/shared/Qwen/mydisk/output/SYNTHETIC/NVILA-Lite-2B-SYNTHETIC_MIX_10PCT_80K-20260224_234537,obj1_closer,output/phasevar_5/0009_phA00_phB03.png,Is the green sphere closer to the camera than the yellow cube? Answer with yes or no.,No,No,26.75,27.890625,True
/data/shared/Qwen/mydisk/output/SYNTHETIC/NVILA-Lite-2B-SYNTHETIC_MIX_10PCT_80K-20260224_234537,obj1_closer,output/phasevar_5/0009_phA00_phB04.png,Is the green sphere closer to the camera than the yellow cube? Answer with yes or no.,No,No,26.703125,27.609375,True
/data/shared/Qwen/mydisk/output/SYNTHETIC/NVILA-Lite-2B-SYNTHETIC_MIX_10PCT_80K-20260224_234537,obj1_closer,output/phasevar_5/0009_phA00_phB05.png,Is the green sphere closer to the camera than the yellow cube? Answer with yes or no.,No,No,26.015625,27.15625,True
/data/shared/Qwen/mydisk/output/SYNTHETIC/NVILA-Lite-2B-SYNTHETIC_MIX_10PCT_80K-20260224_234537,obj1_closer,output/phasevar_5/0009_phA00_phB06.png,Is the green sphere closer to the camera than the yellow cube? Answer with yes or no.,No,No,26.5625,28.328125,True
/data/shared/Qwen/mydisk/output/SYNTHETIC/NVILA-Lite-2B-SYNTHETIC_MIX_10PCT_80K-20260224_234537,obj1_closer,output/phasevar_5/0009_phA00_phB07.png,Is the green sphere closer to the camera than the yellow cube? Answer with yes or no.,No,No,25.9375,27.515625,True
/data/shared/Qwen/mydisk/output/SYNTHETIC/NVILA-Lite-2B-SYNTHETIC_MIX_10PCT_80K-20260224_234537,obj1_closer,output/phasevar_5/0009_phA00_phB08.png,Is the green sphere closer to the camera than the yellow cube? Answer with yes or no.,No,No,25.59375,26.828125,True
/data/shared/Qwen/mydisk/output/SYNTHETIC/NVILA-Lite-2B-SYNTHETIC_MIX_10PCT_80K-20260224_234537,obj1_closer,output/phasevar_5/0009_phA00_phB09.png,Is the green sphere closer to the camera than the yellow cube? Answer with yes or no.,No,No,24.96875,26.125,True
/data/shared/Qwen/mydisk/output/SYNTHETIC/NVILA-Lite-2B-SYNTHETIC_MIX_10PCT_80K-20260224_234537,obj1_closer,output/phasevar_5/0009_phA00_phB10.png,Is the green sphere closer to the camera than the yellow cube? Answer with yes or no.,No,No,25.3125,26.53125,True
/data/shared/Qwen/mydisk/output/SYNTHETIC/NVILA-Lite-2B-SYNTHETIC_MIX_10PCT_80K-20260224_234537,obj1_closer,output/phasevar_5/0009_phA00_phB11.png,Is the green sphere closer to the camera than the yellow cube? Answer with yes or no.,No,No,25.265625,26.1875,True
/data/shared/Qwen/mydisk/output/SYNTHETIC/NVILA-Lite-2B-SYNTHETIC_MIX_10PCT_80K-20260224_234537,obj1_closer,output/phasevar_5/0009_phA00_phB12.png,Is the green sphere closer to the camera than the yellow cube? Answer with yes or no.,No,No,25.25,26.40625,True
/data/shared/Qwen/mydisk/output/SYNTHETIC/NVILA-Lite-2B-SYNTHETIC_MIX_10PCT_80K-20260224_234537,obj1_closer,output/phasevar_5/0009_phA00_phB13.png,Is the green sphere closer to the camera than the yellow cube? Answer with yes or no.,No,No,24.8125,26.21875,True
/data/shared/Qwen/mydisk/output/SYNTHETIC/NVILA-Lite-2B-SYNTHETIC_MIX_10PCT_80K-20260224_234537,obj1_closer,output/phasevar_5/0009_phA00_phB14.png,Is the green sphere closer to the camera than the yellow cube? Answer with yes or no.,No,No,24.5,26.5,True
/data/shared/Qwen/mydisk/output/SYNTHETIC/NVILA-Lite-2B-SYNTHETIC_MIX_10PCT_80K-20260224_234537,obj1_closer,output/phasevar_5/0009_phA00_phB15.png,Is the green sphere closer to the camera than the yellow cube? Answer with yes or no.,No,No,24.90625,27.296875,True
/data/shared/Qwen/mydisk/output/SYNTHETIC/NVILA-Lite-2B-SYNTHETIC_MIX_10PCT_80K-20260224_234537,obj1_closer,output/phasevar_5/0009_phA01_phB00.png,Is the green sphere closer to the camera than the yellow cube? Answer with yes or no.,No,No,25.421875,27.765625,True
/data/shared/Qwen/mydisk/output/SYNTHETIC/NVILA-Lite-2B-SYNTHETIC_MIX_10PCT_80K-20260224_234537,obj1_closer,output/phasevar_5/0009_phA01_phB01.png,Is the green sphere closer to the camera than the yellow cube? Answer with yes or no.,No,No,26.59375,28.875,True
/data/shared/Qwen/mydisk/output/SYNTHETIC/NVILA-Lite-2B-SYNTHETIC_MIX_10PCT_80K-20260224_234537,obj1_closer,output/phasevar_5/0009_phA01_phB02.png,Is the green sphere closer to the camera than the yellow cube? Answer with yes or no.,No,No,26.765625,28.0625,True
/data/shared/Qwen/mydisk/output/SYNTHETIC/NVILA-Lite-2B-SYNTHETIC_MIX_10PCT_80K-20260224_234537,obj1_closer,output/phasevar_5/0009_phA01_phB03.png,Is the green sphere closer to the camera than the yellow cube? Answer with yes or no.,No,No,26.5625,28.203125,True
/data/shared/Qwen/mydisk/output/SYNTHETIC/NVILA-Lite-2B-SYNTHETIC_MIX_10PCT_80K-20260224_234537,obj1_closer,output/phasevar_5/0009_phA01_phB04.png,Is the green sphere closer to the camera than the yellow cube? Answer with yes or no.,No,No,26.78125,28.0625,True
/data/shared/Qwen/mydisk/output/SYNTHETIC/NVILA-Lite-2B-SYNTHETIC_MIX_10PCT_80K-20260224_234537,obj1_closer,output/phasevar_5/0009_phA01_phB05.png,Is the green sphere closer to the camera than the yellow cube? Answer with yes or no.,No,No,25.921875,27.453125,True
/data/shared/Qwen/mydisk/output/SYNTHETIC/NVILA-Lite-2B-SYNTHETIC_MIX_10PCT_80K-20260224_234537,obj1_closer,output/phasevar_5/0009_phA01_phB06.png,Is the green sphere closer to the camera than the yellow cube? Answer with yes or no.,No,No,26.5,28.21875,True
/data/shared/Qwen/mydisk/output/SYNTHETIC/NVILA-Lite-2B-SYNTHETIC_MIX_10PCT_80K-20260224_234537,obj1_closer,output/phasevar_5/0009_phA01_phB07.png,Is the green sphere closer to the camera than the yellow cube? Answer with yes or no.,No,No,26.0625,27.671875,True
/data/shared/Qwen/mydisk/output/SYNTHETIC/NVILA-Lite-2B-SYNTHETIC_MIX_10PCT_80K-20260224_234537,obj1_closer,output/phasevar_5/0009_phA01_phB08.png,Is the green sphere closer to the camera than the yellow cube? Answer with yes or no.,No,No,25.71875,26.703125,True
/data/shared/Qwen/mydisk/output/SYNTHETIC/NVILA-Lite-2B-SYNTHETIC_MIX_10PCT_80K-20260224_234537,obj1_closer,output/phasevar_5/0009_phA01_phB09.png,Is the green sphere closer to the camera than the yellow cube? Answer with yes or no.,No,No,25.453125,26.234375,True
/data/shared/Qwen/mydisk/output/SYNTHETIC/NVILA-Lite-2B-SYNTHETIC_MIX_10PCT_80K-20260224_234537,obj1_closer,output/phasevar_5/0009_phA01_phB10.png,Is the green sphere closer to the camera than the yellow cube? Answer with yes or no.,No,No,25.65625,26.578125,True
/data/shared/Qwen/mydisk/output/SYNTHETIC/NVILA-Lite-2B-SYNTHETIC_MIX_10PCT_80K-20260224_234537,obj1_closer,output/phasevar_5/0009_phA01_phB11.png,Is the green sphere closer to the camera than the yellow cube? Answer with yes or no.,No,No,25.640625,26.109375,True
/data/shared/Qwen/mydisk/output/SYNTHETIC/NVILA-Lite-2B-SYNTHETIC_MIX_10PCT_80K-20260224_234537,obj1_closer,output/phasevar_5/0009_phA01_phB12.png,Is the green sphere closer to the camera than the yellow cube? Answer with yes or no.,No,No,25.71875,26.171875,True
/data/shared/Qwen/mydisk/output/SYNTHETIC/NVILA-Lite-2B-SYNTHETIC_MIX_10PCT_80K-20260224_234537,obj1_closer,output/phasevar_5/0009_phA01_phB13.png,Is the green sphere closer to the camera than the yellow cube? Answer with yes or no.,No,No,25.09375,25.953125,True
/data/shared/Qwen/mydisk/output/SYNTHETIC/NVILA-Lite-2B-SYNTHETIC_MIX_10PCT_80K-20260224_234537,obj1_closer,output/phasevar_5/0009_phA01_phB14.png,Is the green sphere closer to the camera than the yellow cube? Answer with yes or no.,No,No,24.515625,26.359375,True
/data/shared/Qwen/mydisk/output/SYNTHETIC/NVILA-Lite-2B-SYNTHETIC_MIX_10PCT_80K-20260224_234537,obj1_closer,output/phasevar_5/0009_phA01_phB15.png,Is the green sphere closer to the camera than the yellow cube? Answer with yes or no.,No,No,24.8125,27.015625,True
/data/shared/Qwen/mydisk/output/SYNTHETIC/NVILA-Lite-2B-SYNTHETIC_MIX_10PCT_80K-20260224_234537,obj1_closer,output/phasevar_5/0009_phA02_phB00.png,Is the green sphere closer to the camera than the yellow cube? Answer with yes or no.,No,No,25.046875,26.78125,True
/data/shared/Qwen/mydisk/output/SYNTHETIC/NVILA-Lite-2B-SYNTHETIC_MIX_10PCT_80K-20260224_234537,obj1_closer,output/phasevar_5/0009_phA02_phB01.png,Is the green sphere closer to the camera than the yellow cube? Answer with yes or no.,No,No,26.09375,28.328125,True
/data/shared/Qwen/mydisk/output/SYNTHETIC/NVILA-Lite-2B-SYNTHETIC_MIX_10PCT_80K-20260224_234537,obj1_closer,output/phasevar_5/0009_phA02_phB02.png,Is the green sphere closer to the camera than the yellow cube? Answer with yes or no.,No,No,26.25,27.734375,True
/data/shared/Qwen/mydisk/output/SYNTHETIC/NVILA-Lite-2B-SYNTHETIC_MIX_10PCT_80K-20260224_234537,obj1_closer,output/phasevar_5/0009_phA02_phB03.png,Is the green sphere closer to the camera than the yellow cube? Answer with yes or no.,No,No,25.90625,28.15625,True
/data/shared/Qwen/mydisk/output/SYNTHETIC/NVILA-Lite-2B-SYNTHETIC_MIX_10PCT_80K-20260224_234537,obj1_closer,output/phasevar_5/0009_phA02_phB04.png,Is the green sphere closer to the camera than the yellow cube? Answer with yes or no.,No,No,25.859375,27.65625,True
/data/shared/Qwen/mydisk/output/SYNTHETIC/NVILA-Lite-2B-SYNTHETIC_MIX_10PCT_80K-20260224_234537,obj1_closer,output/phasevar_5/0009_phA02_phB05.png,Is the green sphere closer to the camera than the yellow cube? Answer with yes or no.,No,No,25.0,26.546875,True
/data/shared/Qwen/mydisk/output/SYNTHETIC/NVILA-Lite-2B-SYNTHETIC_MIX_10PCT_80K-20260224_234537,obj1_closer,output/phasevar_5/0009_phA02_phB06.png,Is the green sphere closer to the camera than the yellow cube? Answer with yes or no.,No,No,25.921875,27.703125,True
/data/shared/Qwen/mydisk/output/SYNTHETIC/NVILA-Lite-2B-SYNTHETIC_MIX_10PCT_80K-20260224_234537,obj1_closer,output/phasevar_5/0009_phA02_phB07.png,Is the green sphere closer to the camera than the yellow cube? Answer with yes or no.,No,No,25.875,27.046875,True
/data/shared/Qwen/mydisk/output/SYNTHETIC/NVILA-Lite-2B-SYNTHETIC_MIX_10PCT_80K-20260224_234537,obj1_closer,output/phasevar_5/0009_phA02_phB08.png,Is the green sphere closer to the camera than the yellow cube? Answer with yes or no.,No,No,26.1875,26.546875,True
/data/shared/Qwen/mydisk/output/SYNTHETIC/NVILA-Lite-2B-SYNTHETIC_MIX_10PCT_80K-20260224_234537,obj1_closer,output/phasevar_5/0009_phA02_phB09.png,Is the green sphere closer to the camera than the yellow cube? Answer with yes or no.,No,No,26.0625,26.15625,True
/data/shared/Qwen/mydisk/output/SYNTHETIC/NVILA-Lite-2B-SYNTHETIC_MIX_10PCT_80K-20260224_234537,obj1_closer,output/phasevar_5/0009_phA02_phB10.png,Is the green sphere closer to the camera than the yellow cube? Answer with yes or no.,No,No,25.8125,26.5625,True
/data/shared/Qwen/mydisk/output/SYNTHETIC/NVILA-Lite-2B-SYNTHETIC_MIX_10PCT_80K-20260224_234537,obj1_closer,output/phasevar_5/0009_phA02_phB11.png,Is the green sphere closer to the camera than the yellow cube? Answer with yes or no.,No,No,26.078125,26.390625,True
/data/shared/Qwen/mydisk/output/SYNTHETIC/NVILA-Lite-2B-SYNTHETIC_MIX_10PCT_80K-20260224_234537,obj1_closer,output/phasevar_5/0009_phA02_phB12.png,Is the green sphere closer to the camera than the yellow cube? Answer with yes or no.,No,No,25.96875,26.4375,True
/data/shared/Qwen/mydisk/output/SYNTHETIC/NVILA-Lite-2B-SYNTHETIC_MIX_10PCT_80K-20260224_234537,obj1_closer,output/phasevar_5/0009_phA02_phB13.png,Is the green sphere closer to the camera than the yellow cube? Answer with yes or no.,No,No,24.953125,26.015625,True
/data/shared/Qwen/mydisk/output/SYNTHETIC/NVILA-Lite-2B-SYNTHETIC_MIX_10PCT_80K-20260224_234537,obj1_closer,output/phasevar_5/0009_phA02_phB14.png,Is the green sphere closer to the camera than the yellow cube? Answer with yes or no.,No,No,24.0625,25.734375,True
/data/shared/Qwen/mydisk/output/SYNTHETIC/NVILA-Lite-2B-SYNTHETIC_MIX_10PCT_80K-20260224_234537,obj1_closer,output/phasevar_5/0009_phA02_phB15.png,Is the green sphere closer to the camera than the yellow cube? Answer with yes or no.,No,No,24.453125,26.25,True
/data/shared/Qwen/mydisk/output/SYNTHETIC/NVILA-Lite-2B-SYNTHETIC_MIX_10PCT_80K-20260224_234537,obj1_closer,output/phasevar_5/0009_phA03_phB00.png,Is the green sphere closer to the camera than the yellow cube? Answer with yes or no.,No,No,24.953125,26.421875,True
/data/shared/Qwen/mydisk/output/SYNTHETIC/NVILA-Lite-2B-SYNTHETIC_MIX_10PCT_80K-20260224_234537,obj1_closer,output/phasevar_5/0009_phA03_phB01.png,Is the green sphere closer to the camera than the yellow cube? Answer with yes or no.,No,No,25.828125,27.46875,True
/data/shared/Qwen/mydisk/output/SYNTHETIC/NVILA-Lite-2B-SYNTHETIC_MIX_10PCT_80K-20260224_234537,obj1_closer,output/phasevar_5/0009_phA03_phB02.png,Is the green sphere closer to the camera than the yellow cube? Answer with yes or no.,No,No,25.953125,26.890625,True
/data/shared/Qwen/mydisk/output/SYNTHETIC/NVILA-Lite-2B-SYNTHETIC_MIX_10PCT_80K-20260224_234537,obj1_closer,output/phasevar_5/0009_phA03_phB03.png,Is the green sphere closer to the camera than the yellow cube? Answer with yes or no.,No,No,25.625,27.625,True
/data/shared/Qwen/mydisk/output/SYNTHETIC/NVILA-Lite-2B-SYNTHETIC_MIX_10PCT_80K-20260224_234537,obj1_closer,output/phasevar_5/0009_phA03_phB04.png,Is the green sphere closer to the camera than the yellow cube? Answer with yes or no.,No,No,25.875,27.625,True
/data/shared/Qwen/mydisk/output/SYNTHETIC/NVILA-Lite-2B-SYNTHETIC_MIX_10PCT_80K-20260224_234537,obj1_closer,output/phasevar_5/0009_phA03_phB05.png,Is the green sphere closer to the camera than the yellow cube? Answer with yes or no.,No,No,25.09375,26.921875,True
/data/shared/Qwen/mydisk/output/SYNTHETIC/NVILA-Lite-2B-SYNTHETIC_MIX_10PCT_80K-20260224_234537,obj1_closer,output/phasevar_5/0009_phA03_phB06.png,Is the green sphere closer to the camera than the yellow cube? Answer with yes or no.,No,No,25.671875,27.421875,True
/data/shared/Qwen/mydisk/output/SYNTHETIC/NVILA-Lite-2B-SYNTHETIC_MIX_10PCT_80K-20260224_234537,obj1_closer,output/phasevar_5/0009_phA03_phB07.png,Is the green sphere closer to the camera than the yellow cube? Answer with yes or no.,No,No,25.421875,26.921875,True
/data/shared/Qwen/mydisk/output/SYNTHETIC/NVILA-Lite-2B-SYNTHETIC_MIX_10PCT_80K-20260224_234537,obj1_closer,output/phasevar_5/0009_phA03_phB08.png,Is the green sphere closer to the camera than the yellow cube? Answer with yes or no.,No,No,25.453125,26.1875,True
/data/shared/Qwen/mydisk/output/SYNTHETIC/NVILA-Lite-2B-SYNTHETIC_MIX_10PCT_80K-20260224_234537,obj1_closer,output/phasevar_5/0009_phA03_phB09.png,Is the green sphere closer to the camera than the yellow cube? Answer with yes or no.,No,No,24.703125,25.5625,True
/data/shared/Qwen/mydisk/output/SYNTHETIC/NVILA-Lite-2B-SYNTHETIC_MIX_10PCT_80K-20260224_234537,obj1_closer,output/phasevar_5/0009_phA03_phB10.png,Is the green sphere closer to the camera than the yellow cube? Answer with yes or no.,No,No,24.921875,26.09375,True
/data/shared/Qwen/mydisk/output/SYNTHETIC/NVILA-Lite-2B-SYNTHETIC_MIX_10PCT_80K-20260224_234537,obj1_closer,output/phasevar_5/0009_phA03_phB11.png,Is the green sphere closer to the camera than the yellow cube? Answer with yes or no.,No,No,24.515625,25.640625,True
/data/shared/Qwen/mydisk/output/SYNTHETIC/NVILA-Lite-2B-SYNTHETIC_MIX_10PCT_80K-20260224_234537,obj1_closer,output/phasevar_5/0009_phA03_phB12.png,Is the green sphere closer to the camera than the yellow cube? Answer with yes or no.,No,No,24.328125,25.515625,True
/data/shared/Qwen/mydisk/output/SYNTHETIC/NVILA-Lite-2B-SYNTHETIC_MIX_10PCT_80K-20260224_234537,obj1_closer,output/phasevar_5/0009_phA03_phB13.png,Is the green sphere closer to the camera than the yellow cube? Answer with yes or no.,No,No,24.25,25.65625,True
/data/shared/Qwen/mydisk/output/SYNTHETIC/NVILA-Lite-2B-SYNTHETIC_MIX_10PCT_80K-20260224_234537,obj1_closer,output/phasevar_5/0009_phA03_phB14.png,Is the green sphere closer to the camera than the yellow cube? Answer with yes or no.,No,No,23.90625,25.28125,True
/data/shared/Qwen/mydisk/output/SYNTHETIC/NVILA-Lite-2B-SYNTHETIC_MIX_10PCT_80K-20260224_234537,obj1_closer,output/phasevar_5/0009_phA03_phB15.png,Is the green sphere closer to the camera than the yellow cube? Answer with yes or no.,No,No,24.421875,25.9375,True
/data/shared/Qwen/mydisk/output/SYNTHETIC/NVILA-Lite-2B-SYNTHETIC_MIX_10PCT_80K-20260224_234537,obj1_closer,output/phasevar_5/0009_phA04_phB00.png,Is the green sphere closer to the camera than the yellow cube? Answer with yes or no.,No,No,24.796875,26.296875,True
/data/shared/Qwen/mydisk/output/SYNTHETIC/NVILA-Lite-2B-SYNTHETIC_MIX_10PCT_80K-20260224_234537,obj1_closer,output/phasevar_5/0009_phA04_phB01.png,Is the green sphere closer to the camera than the yellow cube? Answer with yes or no.,No,No,25.71875,27.359375,True
/data/shared/Qwen/mydisk/output/SYNTHETIC/NVILA-Lite-2B-SYNTHETIC_MIX_10PCT_80K-20260224_234537,obj1_closer,output/phasevar_5/0009_phA04_phB02.png,Is the green sphere closer to the camera than the yellow cube? Answer with yes or no.,No,No,25.921875,26.890625,True
/data/shared/Qwen/mydisk/output/SYNTHETIC/NVILA-Lite-2B-SYNTHETIC_MIX_10PCT_80K-20260224_234537,obj1_closer,output/phasevar_5/0009_phA04_phB03.png,Is the green sphere closer to the camera than the yellow cube? Answer with yes or no.,No,No,25.265625,27.421875,True
/data/shared/Qwen/mydisk/output/SYNTHETIC/NVILA-Lite-2B-SYNTHETIC_MIX_10PCT_80K-20260224_234537,obj1_closer,output/phasevar_5/0009_phA04_phB04.png,Is the green sphere closer to the camera than the yellow cube? Answer with yes or no.,No,No,25.65625,27.71875,True
/data/shared/Qwen/mydisk/output/SYNTHETIC/NVILA-Lite-2B-SYNTHETIC_MIX_10PCT_80K-20260224_234537,obj1_closer,output/phasevar_5/0009_phA04_phB05.png,Is the green sphere closer to the camera than the yellow cube? Answer with yes or no.,No,No,24.984375,26.96875,True
/data/shared/Qwen/mydisk/output/SYNTHETIC/NVILA-Lite-2B-SYNTHETIC_MIX_10PCT_80K-20260224_234537,obj1_closer,output/phasevar_5/0009_phA04_phB06.png,Is the green sphere closer to the camera than the yellow cube? Answer with yes or no.,No,No,25.4375,27.390625,True
/data/shared/Qwen/mydisk/output/SYNTHETIC/NVILA-Lite-2B-SYNTHETIC_MIX_10PCT_80K-20260224_234537,obj1_closer,output/phasevar_5/0009_phA04_phB07.png,Is the green sphere closer to the camera than the yellow cube? Answer with yes or no.,No,No,25.140625,26.796875,True
/data/shared/Qwen/mydisk/output/SYNTHETIC/NVILA-Lite-2B-SYNTHETIC_MIX_10PCT_80K-20260224_234537,obj1_closer,output/phasevar_5/0009_phA04_phB08.png,Is the green sphere closer to the camera than the yellow cube? Answer with yes or no.,No,No,24.953125,25.921875,True
/data/shared/Qwen/mydisk/output/SYNTHETIC/NVILA-Lite-2B-SYNTHETIC_MIX_10PCT_80K-20260224_234537,obj1_closer,output/phasevar_5/0009_phA04_phB09.png,Is the green sphere closer to the camera than the yellow cube? Answer with yes or no.,No,No,24.296875,25.203125,True
/data/shared/Qwen/mydisk/output/SYNTHETIC/NVILA-Lite-2B-SYNTHETIC_MIX_10PCT_80K-20260224_234537,obj1_closer,output/phasevar_5/0009_phA04_phB10.png,Is the green sphere closer to the camera than the yellow cube? Answer with yes or no.,No,No,24.4375,25.640625,True
/data/shared/Qwen/mydisk/output/SYNTHETIC/NVILA-Lite-2B-SYNTHETIC_MIX_10PCT_80K-20260224_234537,obj1_closer,output/phasevar_5/0009_phA04_phB11.png,Is the green sphere closer to the camera than the yellow cube? Answer with yes or no.,No,No,24.1875,25.28125,True
/data/shared/Qwen/mydisk/output/SYNTHETIC/NVILA-Lite-2B-SYNTHETIC_MIX_10PCT_80K-20260224_234537,obj1_closer,output/phasevar_5/0009_phA04_phB12.png,Is the green sphere closer to the camera than the yellow cube? Answer with yes or no.,No,No,24.203125,25.234375,True
/data/shared/Qwen/mydisk/output/SYNTHETIC/NVILA-Lite-2B-SYNTHETIC_MIX_10PCT_80K-20260224_234537,obj1_closer,output/phasevar_5/0009_phA04_phB13.png,Is the green sphere closer to the camera than the yellow cube? Answer with yes or no.,No,No,24.1875,25.5,True
/data/shared/Qwen/mydisk/output/SYNTHETIC/NVILA-Lite-2B-SYNTHETIC_MIX_10PCT_80K-20260224_234537,obj1_closer,output/phasevar_5/0009_phA04_phB14.png,Is the green sphere closer to the camera than the yellow cube? Answer with yes or no.,No,No,23.890625,25.21875,True
/data/shared/Qwen/mydisk/output/SYNTHETIC/NVILA-Lite-2B-SYNTHETIC_MIX_10PCT_80K-20260224_234537,obj1_closer,output/phasevar_5/0009_phA04_phB15.png,Is the green sphere closer to the camera than the yellow cube? Answer with yes or no.,No,No,24.296875,25.890625,True
/data/shared/Qwen/mydisk/output/SYNTHETIC/NVILA-Lite-2B-SYNTHETIC_MIX_10PCT_80K-20260224_234537,obj1_closer,output/phasevar_5/0009_phA05_phB00.png,Is the green sphere closer to the camera than the yellow cube? Answer with yes or no.,No,No,24.96875,26.375,True
/data/shared/Qwen/mydisk/output/SYNTHETIC/NVILA-Lite-2B-SYNTHETIC_MIX_10PCT_80K-20260224_234537,obj1_closer,output/phasevar_5/0009_phA05_phB01.png,Is the green sphere closer to the camera than the yellow cube? Answer with yes or no.,No,No,25.671875,27.34375,True
/data/shared/Qwen/mydisk/output/SYNTHETIC/NVILA-Lite-2B-SYNTHETIC_MIX_10PCT_80K-20260224_234537,obj1_closer,output/phasevar_5/0009_phA05_phB02.png,Is the green sphere closer to the camera than the yellow cube? Answer with yes or no.,No,No,26.0,26.828125,True
/data/shared/Qwen/mydisk/output/SYNTHETIC/NVILA-Lite-2B-SYNTHETIC_MIX_10PCT_80K-20260224_234537,obj1_closer,output/phasevar_5/0009_phA05_phB03.png,Is the green sphere closer to the camera than the yellow cube? Answer with yes or no.,No,No,25.234375,27.125,True
/data/shared/Qwen/mydisk/output/SYNTHETIC/NVILA-Lite-2B-SYNTHETIC_MIX_10PCT_80K-20260224_234537,obj1_closer,output/phasevar_5/0009_phA05_phB04.png,Is the green sphere closer to the camera than the yellow cube? Answer with yes or no.,No,No,25.671875,27.671875,True
/data/shared/Qwen/mydisk/output/SYNTHETIC/NVILA-Lite-2B-SYNTHETIC_MIX_10PCT_80K-20260224_234537,obj1_closer,output/phasevar_5/0009_phA05_phB05.png,Is the green sphere closer to the camera than the yellow cube? Answer with yes or no.,No,No,25.03125,27.078125,True
/data/shared/Qwen/mydisk/output/SYNTHETIC/NVILA-Lite-2B-SYNTHETIC_MIX_10PCT_80K-20260224_234537,obj1_closer,output/phasevar_5/0009_phA05_phB06.png,Is the green sphere closer to the camera than the yellow cube? Answer with yes or no.,No,No,25.390625,27.234375,True
/data/shared/Qwen/mydisk/output/SYNTHETIC/NVILA-Lite-2B-SYNTHETIC_MIX_10PCT_80K-20260224_234537,obj1_closer,output/phasevar_5/0009_phA05_phB07.png,Is the green sphere closer to the camera than the yellow cube? Answer with yes or no.,No,No,25.03125,26.71875,True
/data/shared/Qwen/mydisk/output/SYNTHETIC/NVILA-Lite-2B-SYNTHETIC_MIX_10PCT_80K-20260224_234537,obj1_closer,output/phasevar_5/0009_phA05_phB08.png,Is the green sphere closer to the camera than the yellow cube? Answer with yes or no.,No,No,24.875,26.109375,True
/data/shared/Qwen/mydisk/output/SYNTHETIC/NVILA-Lite-2B-SYNTHETIC_MIX_10PCT_80K-20260224_234537,obj1_closer,output/phasevar_5/0009_phA05_phB09.png,Is the green sphere closer to the camera than the yellow cube? Answer with yes or no.,No,No,24.203125,25.328125,True
/data/shared/Qwen/mydisk/output/SYNTHETIC/NVILA-Lite-2B-SYNTHETIC_MIX_10PCT_80K-20260224_234537,obj1_closer,output/phasevar_5/0009_phA05_phB10.png,Is the green sphere closer to the camera than the yellow cube? Answer with yes or no.,No,No,24.421875,25.703125,True
/data/shared/Qwen/mydisk/output/SYNTHETIC/NVILA-Lite-2B-SYNTHETIC_MIX_10PCT_80K-20260224_234537,obj1_closer,output/phasevar_5/0009_phA05_phB11.png,Is the green sphere closer to the camera than the yellow cube? Answer with yes or no.,No,No,24.203125,25.28125,True
/data/shared/Qwen/mydisk/output/SYNTHETIC/NVILA-Lite-2B-SYNTHETIC_MIX_10PCT_80K-20260224_234537,obj1_closer,output/phasevar_5/0009_phA05_phB12.png,Is the green sphere closer to the camera than the yellow cube? Answer with yes or no.,No,No,24.375,25.171875,True
/data/shared/Qwen/mydisk/output/SYNTHETIC/NVILA-Lite-2B-SYNTHETIC_MIX_10PCT_80K-20260224_234537,obj1_closer,output/phasevar_5/0009_phA05_phB13.png,Is the green sphere closer to the camera than the yellow cube? Answer with yes or no.,No,No,24.375,25.40625,True
/data/shared/Qwen/mydisk/output/SYNTHETIC/NVILA-Lite-2B-SYNTHETIC_MIX_10PCT_80K-20260224_234537,obj1_closer,output/phasevar_5/0009_phA05_phB14.png,Is the green sphere closer to the camera than the yellow cube? Answer with yes or no.,No,No,24.0,25.265625,True
/data/shared/Qwen/mydisk/output/SYNTHETIC/NVILA-Lite-2B-SYNTHETIC_MIX_10PCT_80K-20260224_234537,obj1_closer,output/phasevar_5/0009_phA05_phB15.png,Is the green sphere closer to the camera than the yellow cube? Answer with yes or no.,No,No,24.453125,25.984375,True
/data/shared/Qwen/mydisk/output/SYNTHETIC/NVILA-Lite-2B-SYNTHETIC_MIX_10PCT_80K-20260224_234537,obj1_closer,output/phasevar_5/0009_phA06_phB00.png,Is the green sphere closer to the camera than the yellow cube? Answer with yes or no.,No,No,25.265625,26.46875,True
/data/shared/Qwen/mydisk/output/SYNTHETIC/NVILA-Lite-2B-SYNTHETIC_MIX_10PCT_80K-20260224_234537,obj1_closer,output/phasevar_5/0009_phA06_phB01.png,Is the green sphere closer to the camera than the yellow cube? Answer with yes or no.,No,No,25.984375,27.390625,True
/data/shared/Qwen/mydisk/output/SYNTHETIC/NVILA-Lite-2B-SYNTHETIC_MIX_10PCT_80K-20260224_234537,obj1_closer,output/phasevar_5/0009_phA06_phB02.png,Is the green sphere closer to the camera than the yellow cube? Answer with yes or no.,No,No,26.3125,26.953125,True
/data/shared/Qwen/mydisk/output/SYNTHETIC/NVILA-Lite-2B-SYNTHETIC_MIX_10PCT_80K-20260224_234537,obj1_closer,output/phasevar_5/0009_phA06_phB03.png,Is the green sphere closer to the camera than the yellow cube? Answer with yes or no.,No,No,25.5625,26.75,True
/data/shared/Qwen/mydisk/output/SYNTHETIC/NVILA-Lite-2B-SYNTHETIC_MIX_10PCT_80K-20260224_234537,obj1_closer,output/phasevar_5/0009_phA06_phB04.png,Is the green sphere closer to the camera than the yellow cube? Answer with yes or no.,No,No,25.6875,27.109375,True
/data/shared/Qwen/mydisk/output/SYNTHETIC/NVILA-Lite-2B-SYNTHETIC_MIX_10PCT_80K-20260224_234537,obj1_closer,output/phasevar_5/0009_phA06_phB05.png,Is the green sphere closer to the camera than the yellow cube? Answer with yes or no.,No,No,24.890625,26.90625,True
/data/shared/Qwen/mydisk/output/SYNTHETIC/NVILA-Lite-2B-SYNTHETIC_MIX_10PCT_80K-20260224_234537,obj1_closer,output/phasevar_5/0009_phA06_phB06.png,Is the green sphere closer to the camera than the yellow cube? Answer with yes or no.,No,No,25.15625,27.375,True
/data/shared/Qwen/mydisk/output/SYNTHETIC/NVILA-Lite-2B-SYNTHETIC_MIX_10PCT_80K-20260224_234537,obj1_closer,output/phasevar_5/0009_phA06_phB07.png,Is the green sphere closer to the camera than the yellow cube? Answer with yes or no.,No,No,25.046875,27.078125,True
/data/shared/Qwen/mydisk/output/SYNTHETIC/NVILA-Lite-2B-SYNTHETIC_MIX_10PCT_80K-20260224_234537,obj1_closer,output/phasevar_5/0009_phA06_phB08.png,Is the green sphere closer to the camera than the yellow cube? Answer with yes or no.,No,No,24.90625,26.421875,True
/data/shared/Qwen/mydisk/output/SYNTHETIC/NVILA-Lite-2B-SYNTHETIC_MIX_10PCT_80K-20260224_234537,obj1_closer,output/phasevar_5/0009_phA06_phB09.png,Is the green sphere closer to the camera than the yellow cube? Answer with yes or no.,No,No,24.046875,25.59375,True
/data/shared/Qwen/mydisk/output/SYNTHETIC/NVILA-Lite-2B-SYNTHETIC_MIX_10PCT_80K-20260224_234537,obj1_closer,output/phasevar_5/0009_phA06_phB10.png,Is the green sphere closer to the camera than the yellow cube? Answer with yes or no.,No,No,24.34375,26.046875,True
/data/shared/Qwen/mydisk/output/SYNTHETIC/NVILA-Lite-2B-SYNTHETIC_MIX_10PCT_80K-20260224_234537,obj1_closer,output/phasevar_5/0009_phA06_phB11.png,Is the green sphere closer to the camera than the yellow cube? Answer with yes or no.,No,No,24.515625,25.578125,True
/data/shared/Qwen/mydisk/output/SYNTHETIC/NVILA-Lite-2B-SYNTHETIC_MIX_10PCT_80K-20260224_234537,obj1_closer,output/phasevar_5/0009_phA06_phB12.png,Is the green sphere closer to the camera than the yellow cube? Answer with yes or no.,No,No,25.265625,25.5625,True
/data/shared/Qwen/mydisk/output/SYNTHETIC/NVILA-Lite-2B-SYNTHETIC_MIX_10PCT_80K-20260224_234537,obj1_closer,output/phasevar_5/0009_phA06_phB13.png,Is the green sphere closer to the camera than the yellow cube? Answer with yes or no.,No,No,25.09375,25.609375,True
/data/shared/Qwen/mydisk/output/SYNTHETIC/NVILA-Lite-2B-SYNTHETIC_MIX_10PCT_80K-20260224_234537,obj1_closer,output/phasevar_5/0009_phA06_phB14.png,Is the green sphere closer to the camera than the yellow cube? Answer with yes or no.,No,No,24.234375,25.296875,True
/data/shared/Qwen/mydisk/output/SYNTHETIC/NVILA-Lite-2B-SYNTHETIC_MIX_10PCT_80K-20260224_234537,obj1_closer,output/phasevar_5/0009_phA06_phB15.png,Is the green sphere closer to the camera than the yellow cube? Answer with yes or no.,No,No,24.765625,26.03125,True
/data/shared/Qwen/mydisk/output/SYNTHETIC/NVILA-Lite-2B-SYNTHETIC_MIX_10PCT_80K-20260224_234537,obj1_closer,output/phasevar_5/0009_phA07_phB00.png,Is the green sphere closer to the camera than the yellow cube? Answer with yes or no.,No,No,25.484375,26.78125,True
/data/shared/Qwen/mydisk/output/SYNTHETIC/NVILA-Lite-2B-SYNTHETIC_MIX_10PCT_80K-20260224_234537,obj1_closer,output/phasevar_5/0009_phA07_phB01.png,Is the green sphere closer to the camera than the yellow cube? Answer with yes or no.,No,No,26.578125,27.640625,True
/data/shared/Qwen/mydisk/output/SYNTHETIC/NVILA-Lite-2B-SYNTHETIC_MIX_10PCT_80K-20260224_234537,obj1_closer,output/phasevar_5/0009_phA07_phB02.png,Is the green sphere closer to the camera than the yellow cube? Answer with yes or no.,No,No,26.859375,26.890625,True
/data/shared/Qwen/mydisk/output/SYNTHETIC/NVILA-Lite-2B-SYNTHETIC_MIX_10PCT_80K-20260224_234537,obj1_closer,output/phasevar_5/0009_phA07_phB03.png,Is the green sphere closer to the camera than the yellow cube? Answer with yes or no.,No,No,26.5625,26.90625,True
/data/shared/Qwen/mydisk/output/SYNTHETIC/NVILA-Lite-2B-SYNTHETIC_MIX_10PCT_80K-20260224_234537,obj1_closer,output/phasevar_5/0009_phA07_phB04.png,Is the green sphere closer to the camera than the yellow cube? Answer with yes or no.,No,No,27.03125,27.3125,True
/data/shared/Qwen/mydisk/output/SYNTHETIC/NVILA-Lite-2B-SYNTHETIC_MIX_10PCT_80K-20260224_234537,obj1_closer,output/phasevar_5/0009_phA07_phB05.png,Is the green sphere closer to the camera than the yellow cube? Answer with yes or no.,No,No,25.75,27.234375,True
/data/shared/Qwen/mydisk/output/SYNTHETIC/NVILA-Lite-2B-SYNTHETIC_MIX_10PCT_80K-20260224_234537,obj1_closer,output/phasevar_5/0009_phA07_phB06.png,Is the green sphere closer to the camera than the yellow cube? Answer with yes or no.,No,No,25.671875,27.734375,True
/data/shared/Qwen/mydisk/output/SYNTHETIC/NVILA-Lite-2B-SYNTHETIC_MIX_10PCT_80K-20260224_234537,obj1_closer,output/phasevar_5/0009_phA07_phB07.png,Is the green sphere closer to the camera than the yellow cube? Answer with yes or no.,No,No,25.46875,27.9375,True
/data/shared/Qwen/mydisk/output/SYNTHETIC/NVILA-Lite-2B-SYNTHETIC_MIX_10PCT_80K-20260224_234537,obj1_closer,output/phasevar_5/0009_phA07_phB08.png,Is the green sphere closer to the camera than the yellow cube? Answer with yes or no.,No,No,24.8125,26.84375,True
/data/shared/Qwen/mydisk/output/SYNTHETIC/NVILA-Lite-2B-SYNTHETIC_MIX_10PCT_80K-20260224_234537,obj1_closer,output/phasevar_5/0009_phA07_phB09.png,Is the green sphere closer to the camera than the yellow cube? Answer with yes or no.,No,No,24.265625,26.046875,True
/data/shared/Qwen/mydisk/output/SYNTHETIC/NVILA-Lite-2B-SYNTHETIC_MIX_10PCT_80K-20260224_234537,obj1_closer,output/phasevar_5/0009_phA07_phB10.png,Is the green sphere closer to the camera than the yellow cube? Answer with yes or no.,No,No,24.78125,26.484375,True
/data/shared/Qwen/mydisk/output/SYNTHETIC/NVILA-Lite-2B-SYNTHETIC_MIX_10PCT_80K-20260224_234537,obj1_closer,output/phasevar_5/0009_phA07_phB11.png,Is the green sphere closer to the camera than the yellow cube? Answer with yes or no.,No,No,24.96875,25.859375,True
/data/shared/Qwen/mydisk/output/SYNTHETIC/NVILA-Lite-2B-SYNTHETIC_MIX_10PCT_80K-20260224_234537,obj1_closer,output/phasevar_5/0009_phA07_phB12.png,Is the green sphere closer to the camera than the yellow cube? Answer with yes or no.,No,No,25.8125,25.859375,True
/data/shared/Qwen/mydisk/output/SYNTHETIC/NVILA-Lite-2B-SYNTHETIC_MIX_10PCT_80K-20260224_234537,obj1_closer,output/phasevar_5/0009_phA07_phB13.png,Is the green sphere closer to the camera than the yellow cube? Answer with yes or no.,No,No,25.453125,25.734375,True
/data/shared/Qwen/mydisk/output/SYNTHETIC/NVILA-Lite-2B-SYNTHETIC_MIX_10PCT_80K-20260224_234537,obj1_closer,output/phasevar_5/0009_phA07_phB14.png,Is the green sphere closer to the camera than the yellow cube? Answer with yes or no.,No,No,24.625,25.625,True
/data/shared/Qwen/mydisk/output/SYNTHETIC/NVILA-Lite-2B-SYNTHETIC_MIX_10PCT_80K-20260224_234537,obj1_closer,output/phasevar_5/0009_phA07_phB15.png,Is the green sphere closer to the camera than the yellow cube? Answer with yes or no.,No,No,24.953125,26.34375,True
/data/shared/Qwen/mydisk/output/SYNTHETIC/NVILA-Lite-2B-SYNTHETIC_MIX_10PCT_80K-20260224_234537,obj1_closer,output/phasevar_5/0009_phA08_phB00.png,Is the green sphere closer to the camera than the yellow cube? Answer with yes or no.,No,No,25.96875,27.078125,True
/data/shared/Qwen/mydisk/output/SYNTHETIC/NVILA-Lite-2B-SYNTHETIC_MIX_10PCT_80K-20260224_234537,obj1_closer,output/phasevar_5/0009_phA08_phB01.png,Is the green sphere closer to the camera than the yellow cube? Answer with yes or no.,No,No,26.9375,27.859375,True
/data/shared/Qwen/mydisk/output/SYNTHETIC/NVILA-Lite-2B-SYNTHETIC_MIX_10PCT_80K-20260224_234537,obj1_closer,output/phasevar_5/0009_phA08_phB02.png,Is the green sphere closer to the camera than the yellow cube? Answer with yes or no.,No,Yes,27.09375,26.859375,False
/data/shared/Qwen/mydisk/output/SYNTHETIC/NVILA-Lite-2B-SYNTHETIC_MIX_10PCT_80K-20260224_234537,obj1_closer,output/phasevar_5/0009_phA08_phB03.png,Is the green sphere closer to the camera than the yellow cube? Answer with yes or no.,No,Yes,27.296875,27.140625,False
/data/shared/Qwen/mydisk/output/SYNTHETIC/NVILA-Lite-2B-SYNTHETIC_MIX_10PCT_80K-20260224_234537,obj1_closer,output/phasevar_5/0009_phA08_phB04.png,Is the green sphere closer to the camera than the yellow cube? Answer with yes or no.,No,Yes,27.5,27.296875,False
/data/shared/Qwen/mydisk/output/SYNTHETIC/NVILA-Lite-2B-SYNTHETIC_MIX_10PCT_80K-20260224_234537,obj1_closer,output/phasevar_5/0009_phA08_phB05.png,Is the green sphere closer to the camera than the yellow cube? Answer with yes or no.,No,No,25.984375,27.046875,True
/data/shared/Qwen/mydisk/output/SYNTHETIC/NVILA-Lite-2B-SYNTHETIC_MIX_10PCT_80K-20260224_234537,obj1_closer,output/phasevar_5/0009_phA08_phB06.png,Is the green sphere closer to the camera than the yellow cube? Answer with yes or no.,No,No,25.921875,27.796875,True
/data/shared/Qwen/mydisk/output/SYNTHETIC/NVILA-Lite-2B-SYNTHETIC_MIX_10PCT_80K-20260224_234537,obj1_closer,output/phasevar_5/0009_phA08_phB07.png,Is the green sphere closer to the camera than the yellow cube? Answer with yes or no.,No,No,25.8125,28.125,True
/data/shared/Qwen/mydisk/output/SYNTHETIC/NVILA-Lite-2B-SYNTHETIC_MIX_10PCT_80K-20260224_234537,obj1_closer,output/phasevar_5/0009_phA08_phB08.png,Is the green sphere closer to the camera than the yellow cube? Answer with yes or no.,No,No,25.03125,27.15625,True
/data/shared/Qwen/mydisk/output/SYNTHETIC/NVILA-Lite-2B-SYNTHETIC_MIX_10PCT_80K-20260224_234537,obj1_closer,output/phasevar_5/0009_phA08_phB09.png,Is the green sphere closer to the camera than the yellow cube? Answer with yes or no.,No,No,24.28125,26.640625,True
/data/shared/Qwen/mydisk/output/SYNTHETIC/NVILA-Lite-2B-SYNTHETIC_MIX_10PCT_80K-20260224_234537,obj1_closer,output/phasevar_5/0009_phA08_phB10.png,Is the green sphere closer to the camera than the yellow cube? Answer with yes or no.,No,No,24.640625,26.640625,True
/data/shared/Qwen/mydisk/output/SYNTHETIC/NVILA-Lite-2B-SYNTHETIC_MIX_10PCT_80K-20260224_234537,obj1_closer,output/phasevar_5/0009_phA08_phB11.png,Is the green sphere closer to the camera than the yellow cube? Answer with yes or no.,No,No,25.0625,26.15625,True
/data/shared/Qwen/mydisk/output/SYNTHETIC/NVILA-Lite-2B-SYNTHETIC_MIX_10PCT_80K-20260224_234537,obj1_closer,output/phasevar_5/0009_phA08_phB12.png,Is the green sphere closer to the camera than the yellow cube? Answer with yes or no.,No,No,25.984375,26.0625,True
/data/shared/Qwen/mydisk/output/SYNTHETIC/NVILA-Lite-2B-SYNTHETIC_MIX_10PCT_80K-20260224_234537,obj1_closer,output/phasevar_5/0009_phA08_phB13.png,Is the green sphere closer to the camera than the yellow cube? Answer with yes or no.,No,No,25.515625,25.84375,True
/data/shared/Qwen/mydisk/output/SYNTHETIC/NVILA-Lite-2B-SYNTHETIC_MIX_10PCT_80K-20260224_234537,obj1_closer,output/phasevar_5/0009_phA08_phB14.png,Is the green sphere closer to the camera than the yellow cube? Answer with yes or no.,No,No,24.75,25.890625,True
/data/shared/Qwen/mydisk/output/SYNTHETIC/NVILA-Lite-2B-SYNTHETIC_MIX_10PCT_80K-20260224_234537,obj1_closer,output/phasevar_5/0009_phA08_phB15.png,Is the green sphere closer to the camera than the yellow cube? Answer with yes or no.,No,No,25.140625,26.765625,True
/data/shared/Qwen/mydisk/output/SYNTHETIC/NVILA-Lite-2B-SYNTHETIC_MIX_10PCT_80K-20260224_234537,obj1_closer,output/phasevar_5/0009_phA09_phB00.png,Is the green sphere closer to the camera than the yellow cube? Answer with yes or no.,No,No,26.5625,27.421875,True
/data/shared/Qwen/mydisk/output/SYNTHETIC/NVILA-Lite-2B-SYNTHETIC_MIX_10PCT_80K-20260224_234537,obj1_closer,output/phasevar_5/0009_phA09_phB01.png,Is the green sphere closer to the camera than the yellow cube? Answer with yes or no.,No,No,27.4375,28.171875,True
/data/shared/Qwen/mydisk/output/SYNTHETIC/NVILA-Lite-2B-SYNTHETIC_MIX_10PCT_80K-20260224_234537,obj1_closer,output/phasevar_5/0009_phA09_phB02.png,Is the green sphere closer to the camera than the yellow cube? Answer with yes or no.,No,Yes,27.65625,27.34375,False
/data/shared/Qwen/mydisk/output/SYNTHETIC/NVILA-Lite-2B-SYNTHETIC_MIX_10PCT_80K-20260224_234537,obj1_closer,output/phasevar_5/0009_phA09_phB03.png,Is the green sphere closer to the camera than the yellow cube? Answer with yes or no.,No,No,27.5625,27.671875,True
/data/shared/Qwen/mydisk/output/SYNTHETIC/NVILA-Lite-2B-SYNTHETIC_MIX_10PCT_80K-20260224_234537,obj1_closer,output/phasevar_5/0009_phA09_phB04.png,Is the green sphere closer to the camera than the yellow cube? Answer with yes or no.,No,No,27.609375,27.78125,True
/data/shared/Qwen/mydisk/output/SYNTHETIC/NVILA-Lite-2B-SYNTHETIC_MIX_10PCT_80K-20260224_234537,obj1_closer,output/phasevar_5/0009_phA09_phB05.png,Is the green sphere closer to the camera than the yellow cube? Answer with yes or no.,No,No,26.46875,27.6875,True
/data/shared/Qwen/mydisk/output/SYNTHETIC/NVILA-Lite-2B-SYNTHETIC_MIX_10PCT_80K-20260224_234537,obj1_closer,output/phasevar_5/0009_phA09_phB06.png,Is the green sphere closer to the camera than the yellow cube? Answer with yes or no.,No,No,26.359375,28.265625,True
/data/shared/Qwen/mydisk/output/SYNTHETIC/NVILA-Lite-2B-SYNTHETIC_MIX_10PCT_80K-20260224_234537,obj1_closer,output/phasevar_5/0009_phA09_phB07.png,Is the green sphere closer to the camera than the yellow cube? Answer with yes or no.,No,No,26.328125,28.4375,True
/data/shared/Qwen/mydisk/output/SYNTHETIC/NVILA-Lite-2B-SYNTHETIC_MIX_10PCT_80K-20260224_234537,obj1_closer,output/phasevar_5/0009_phA09_phB08.png,Is the green sphere closer to the camera than the yellow cube? Answer with yes or no.,No,No,25.578125,27.40625,True
/data/shared/Qwen/mydisk/output/SYNTHETIC/NVILA-Lite-2B-SYNTHETIC_MIX_10PCT_80K-20260224_234537,obj1_closer,output/phasevar_5/0009_phA09_phB09.png,Is the green sphere closer to the camera than the yellow cube? Answer with yes or no.,No,No,24.453125,26.765625,True
/data/shared/Qwen/mydisk/output/SYNTHETIC/NVILA-Lite-2B-SYNTHETIC_MIX_10PCT_80K-20260224_234537,obj1_closer,output/phasevar_5/0009_phA09_phB10.png,Is the green sphere closer to the camera than the yellow cube? Answer with yes or no.,No,No,24.9375,27.125,True
/data/shared/Qwen/mydisk/output/SYNTHETIC/NVILA-Lite-2B-SYNTHETIC_MIX_10PCT_80K-20260224_234537,obj1_closer,output/phasevar_5/0009_phA09_phB11.png,Is the green sphere closer to the camera than the yellow cube? Answer with yes or no.,No,No,25.328125,26.546875,True
/data/shared/Qwen/mydisk/output/SYNTHETIC/NVILA-Lite-2B-SYNTHETIC_MIX_10PCT_80K-20260224_234537,obj1_closer,output/phasevar_5/0009_phA09_phB12.png,Is the green sphere closer to the camera than the yellow cube? Answer with yes or no.,No,No,26.546875,26.71875,True
/data/shared/Qwen/mydisk/output/SYNTHETIC/NVILA-Lite-2B-SYNTHETIC_MIX_10PCT_80K-20260224_234537,obj1_closer,output/phasevar_5/0009_phA09_phB13.png,Is the green sphere closer to the camera than the yellow cube? Answer with yes or no.,No,No,25.90625,26.5,True
/data/shared/Qwen/mydisk/output/SYNTHETIC/NVILA-Lite-2B-SYNTHETIC_MIX_10PCT_80K-20260224_234537,obj1_closer,output/phasevar_5/0009_phA09_phB14.png,Is the green sphere closer to the camera than the yellow cube? Answer with yes or no.,No,No,25.03125,26.390625,True
/data/shared/Qwen/mydisk/output/SYNTHETIC/NVILA-Lite-2B-SYNTHETIC_MIX_10PCT_80K-20260224_234537,obj1_closer,output/phasevar_5/0009_phA09_phB15.png,Is the green sphere closer to the camera than the yellow cube? Answer with yes or no.,No,No,25.515625,27.34375,True
/data/shared/Qwen/mydisk/output/SYNTHETIC/NVILA-Lite-2B-SYNTHETIC_MIX_10PCT_80K-20260224_234537,obj1_closer,output/phasevar_5/0009_phA10_phB00.png,Is the green sphere closer to the camera than the yellow cube? Answer with yes or no.,No,Yes,27.453125,26.609375,False
/data/shared/Qwen/mydisk/output/SYNTHETIC/NVILA-Lite-2B-SYNTHETIC_MIX_10PCT_80K-20260224_234537,obj1_closer,output/phasevar_5/0009_phA10_phB01.png,Is the green sphere closer to the camera than the yellow cube? Answer with yes or no.,No,Yes,28.359375,27.515625,False
/data/shared/Qwen/mydisk/output/SYNTHETIC/NVILA-Lite-2B-SYNTHETIC_MIX_10PCT_80K-20260224_234537,obj1_closer,output/phasevar_5/0009_phA10_phB02.png,Is the green sphere closer to the camera than the yellow cube? Answer with yes or no.,No,Yes,28.421875,26.625,False
/data/shared/Qwen/mydisk/output/SYNTHETIC/NVILA-Lite-2B-SYNTHETIC_MIX_10PCT_80K-20260224_234537,obj1_closer,output/phasevar_5/0009_phA10_phB03.png,Is the green sphere closer to the camera than the yellow cube? Answer with yes or no.,No,Yes,27.96875,26.578125,False
/data/shared/Qwen/mydisk/output/SYNTHETIC/NVILA-Lite-2B-SYNTHETIC_MIX_10PCT_80K-20260224_234537,obj1_closer,output/phasevar_5/0009_phA10_phB04.png,Is the green sphere closer to the camera than the yellow cube? Answer with yes or no.,No,Yes,27.4375,26.578125,False
/data/shared/Qwen/mydisk/output/SYNTHETIC/NVILA-Lite-2B-SYNTHETIC_MIX_10PCT_80K-20260224_234537,obj1_closer,output/phasevar_5/0009_phA10_phB05.png,Is the green sphere closer to the camera than the yellow cube? Answer with yes or no.,No,Yes,26.765625,26.65625,False
/data/shared/Qwen/mydisk/output/SYNTHETIC/NVILA-Lite-2B-SYNTHETIC_MIX_10PCT_80K-20260224_234537,obj1_closer,output/phasevar_5/0009_phA10_phB06.png,Is the green sphere closer to the camera than the yellow cube? Answer with yes or no.,No,No,27.015625,27.53125,True
/data/shared/Qwen/mydisk/output/SYNTHETIC/NVILA-Lite-2B-SYNTHETIC_MIX_10PCT_80K-20260224_234537,obj1_closer,output/phasevar_5/0009_phA10_phB07.png,Is the green sphere closer to the camera than the yellow cube? Answer with yes or no.,No,No,26.9375,27.34375,True
/data/shared/Qwen/mydisk/output/SYNTHETIC/NVILA-Lite-2B-SYNTHETIC_MIX_10PCT_80K-20260224_234537,obj1_closer,output/phasevar_5/0009_phA10_phB08.png,Is the green sphere closer to the camera than the yellow cube? Answer with yes or no.,No,No,26.421875,26.5,True
/data/shared/Qwen/mydisk/output/SYNTHETIC/NVILA-Lite-2B-SYNTHETIC_MIX_10PCT_80K-20260224_234537,obj1_closer,output/phasevar_5/0009_phA10_phB09.png,Is the green sphere closer to the camera than the yellow cube? Answer with yes or no.,No,No,24.640625,26.421875,True
/data/shared/Qwen/mydisk/output/SYNTHETIC/NVILA-Lite-2B-SYNTHETIC_MIX_10PCT_80K-20260224_234537,obj1_closer,output/phasevar_5/0009_phA10_phB10.png,Is the green sphere closer to the camera than the yellow cube? Answer with yes or no.,No,No,24.6875,26.84375,True
/data/shared/Qwen/mydisk/output/SYNTHETIC/NVILA-Lite-2B-SYNTHETIC_MIX_10PCT_80K-20260224_234537,obj1_closer,output/phasevar_5/0009_phA10_phB11.png,Is the green sphere closer to the camera than the yellow cube? Answer with yes or no.,No,No,25.4375,26.921875,True
/data/shared/Qwen/mydisk/output/SYNTHETIC/NVILA-Lite-2B-SYNTHETIC_MIX_10PCT_80K-20260224_234537,obj1_closer,output/phasevar_5/0009_phA10_phB12.png,Is the green sphere closer to the camera than the yellow cube? Answer with yes or no.,No,No,26.84375,26.875,True
/data/shared/Qwen/mydisk/output/SYNTHETIC/NVILA-Lite-2B-SYNTHETIC_MIX_10PCT_80K-20260224_234537,obj1_closer,output/phasevar_5/0009_phA10_phB13.png,Is the green sphere closer to the camera than the yellow cube? Answer with yes or no.,No,No,25.984375,26.265625,True
/data/shared/Qwen/mydisk/output/SYNTHETIC/NVILA-Lite-2B-SYNTHETIC_MIX_10PCT_80K-20260224_234537,obj1_closer,output/phasevar_5/0009_phA10_phB14.png,Is the green sphere closer to the camera than the yellow cube? Answer with yes or no.,No,No,25.3125,26.015625,True
/data/shared/Qwen/mydisk/output/SYNTHETIC/NVILA-Lite-2B-SYNTHETIC_MIX_10PCT_80K-20260224_234537,obj1_closer,output/phasevar_5/0009_phA10_phB15.png,Is the green sphere closer to the camera than the yellow cube? Answer with yes or no.,No,No,26.65625,26.96875,True
/data/shared/Qwen/mydisk/output/SYNTHETIC/NVILA-Lite-2B-SYNTHETIC_MIX_10PCT_80K-20260224_234537,obj1_closer,output/phasevar_5/0009_phA11_phB00.png,Is the green sphere closer to the camera than the yellow cube? Answer with yes or no.,No,Yes,26.90625,26.484375,False
/data/shared/Qwen/mydisk/output/SYNTHETIC/NVILA-Lite-2B-SYNTHETIC_MIX_10PCT_80K-20260224_234537,obj1_closer,output/phasevar_5/0009_phA11_phB01.png,Is the green sphere closer to the camera than the yellow cube? Answer with yes or no.,No,Yes,27.546875,27.25,False
/data/shared/Qwen/mydisk/output/SYNTHETIC/NVILA-Lite-2B-SYNTHETIC_MIX_10PCT_80K-20260224_234537,obj1_closer,output/phasevar_5/0009_phA11_phB02.png,Is the green sphere closer to the camera than the yellow cube? Answer with yes or no.,No,Yes,27.578125,26.25,False
/data/shared/Qwen/mydisk/output/SYNTHETIC/NVILA-Lite-2B-SYNTHETIC_MIX_10PCT_80K-20260224_234537,obj1_closer,output/phasevar_5/0009_phA11_phB03.png,Is the green sphere closer to the camera than the yellow cube? Answer with yes or no.,No,Yes,26.859375,26.5625,False
/data/shared/Qwen/mydisk/output/SYNTHETIC/NVILA-Lite-2B-SYNTHETIC_MIX_10PCT_80K-20260224_234537,obj1_closer,output/phasevar_5/0009_phA11_phB04.png,Is the green sphere closer to the camera than the yellow cube? Answer with yes or no.,No,No,26.671875,26.75,True
/data/shared/Qwen/mydisk/output/SYNTHETIC/NVILA-Lite-2B-SYNTHETIC_MIX_10PCT_80K-20260224_234537,obj1_closer,output/phasevar_5/0009_phA11_phB05.png,Is the green sphere closer to the camera than the yellow cube? Answer with yes or no.,No,No,26.03125,26.515625,True
/data/shared/Qwen/mydisk/output/SYNTHETIC/NVILA-Lite-2B-SYNTHETIC_MIX_10PCT_80K-20260224_234537,obj1_closer,output/phasevar_5/0009_phA11_phB06.png,Is the green sphere closer to the camera than the yellow cube? Answer with yes or no.,No,No,26.578125,27.328125,True
/data/shared/Qwen/mydisk/output/SYNTHETIC/NVILA-Lite-2B-SYNTHETIC_MIX_10PCT_80K-20260224_234537,obj1_closer,output/phasevar_5/0009_phA11_phB07.png,Is the green sphere closer to the camera than the yellow cube? Answer with yes or no.,No,No,26.640625,27.28125,True
/data/shared/Qwen/mydisk/output/SYNTHETIC/NVILA-Lite-2B-SYNTHETIC_MIX_10PCT_80K-20260224_234537,obj1_closer,output/phasevar_5/0009_phA11_phB08.png,Is the green sphere closer to the camera than the yellow cube? Answer with yes or no.,No,No,26.203125,26.390625,True
/data/shared/Qwen/mydisk/output/SYNTHETIC/NVILA-Lite-2B-SYNTHETIC_MIX_10PCT_80K-20260224_234537,obj1_closer,output/phasevar_5/0009_phA11_phB09.png,Is the green sphere closer to the camera than the yellow cube? Answer with yes or no.,No,No,24.09375,25.515625,True
/data/shared/Qwen/mydisk/output/SYNTHETIC/NVILA-Lite-2B-SYNTHETIC_MIX_10PCT_80K-20260224_234537,obj1_closer,output/phasevar_5/0009_phA11_phB10.png,Is the green sphere closer to the camera than the yellow cube? Answer with yes or no.,No,No,24.375,26.421875,True
/data/shared/Qwen/mydisk/output/SYNTHETIC/NVILA-Lite-2B-SYNTHETIC_MIX_10PCT_80K-20260224_234537,obj1_closer,output/phasevar_5/0009_phA11_phB11.png,Is the green sphere closer to the camera than the yellow cube? Answer with yes or no.,No,No,24.40625,26.359375,True
/data/shared/Qwen/mydisk/output/SYNTHETIC/NVILA-Lite-2B-SYNTHETIC_MIX_10PCT_80K-20260224_234537,obj1_closer,output/phasevar_5/0009_phA11_phB12.png,Is the green sphere closer to the camera than the yellow cube? Answer with yes or no.,No,No,24.796875,26.3125,True
/data/shared/Qwen/mydisk/output/SYNTHETIC/NVILA-Lite-2B-SYNTHETIC_MIX_10PCT_80K-20260224_234537,obj1_closer,output/phasevar_5/0009_phA11_phB13.png,Is the green sphere closer to the camera than the yellow cube? Answer with yes or no.,No,No,24.84375,26.0625,True
/data/shared/Qwen/mydisk/output/SYNTHETIC/NVILA-Lite-2B-SYNTHETIC_MIX_10PCT_80K-20260224_234537,obj1_closer,output/phasevar_5/0009_phA11_phB14.png,Is the green sphere closer to the camera than the yellow cube? Answer with yes or no.,No,No,24.53125,25.65625,True
/data/shared/Qwen/mydisk/output/SYNTHETIC/NVILA-Lite-2B-SYNTHETIC_MIX_10PCT_80K-20260224_234537,obj1_closer,output/phasevar_5/0009_phA11_phB15.png,Is the green sphere closer to the camera than the yellow cube? Answer with yes or no.,No,No,25.796875,26.46875,True
/data/shared/Qwen/mydisk/output/SYNTHETIC/NVILA-Lite-2B-SYNTHETIC_MIX_10PCT_80K-20260224_234537,obj1_closer,output/phasevar_5/0009_phA12_phB00.png,Is the green sphere closer to the camera than the yellow cube? Answer with yes or no.,No,Yes,26.578125,26.21875,False
/data/shared/Qwen/mydisk/output/SYNTHETIC/NVILA-Lite-2B-SYNTHETIC_MIX_10PCT_80K-20260224_234537,obj1_closer,output/phasevar_5/0009_phA12_phB01.png,Is the green sphere closer to the camera than the yellow cube? Answer with yes or no.,No,Yes,27.625,27.203125,False
/data/shared/Qwen/mydisk/output/SYNTHETIC/NVILA-Lite-2B-SYNTHETIC_MIX_10PCT_80K-20260224_234537,obj1_closer,output/phasevar_5/0009_phA12_phB02.png,Is the green sphere closer to the camera than the yellow cube? Answer with yes or no.,No,Yes,27.71875,26.515625,False
/data/shared/Qwen/mydisk/output/SYNTHETIC/NVILA-Lite-2B-SYNTHETIC_MIX_10PCT_80K-20260224_234537,obj1_closer,output/phasevar_5/0009_phA12_phB03.png,Is the green sphere closer to the camera than the yellow cube? Answer with yes or no.,No,No,26.9375,27.09375,True
/data/shared/Qwen/mydisk/output/SYNTHETIC/NVILA-Lite-2B-SYNTHETIC_MIX_10PCT_80K-20260224_234537,obj1_closer,output/phasevar_5/0009_phA12_phB04.png,Is the green sphere closer to the camera than the yellow cube? Answer with yes or no.,No,No,26.890625,27.125,True
/data/shared/Qwen/mydisk/output/SYNTHETIC/NVILA-Lite-2B-SYNTHETIC_MIX_10PCT_80K-20260224_234537,obj1_closer,output/phasevar_5/0009_phA12_phB05.png,Is the green sphere closer to the camera than the yellow cube? Answer with yes or no.,No,No,26.109375,26.75,True
/data/shared/Qwen/mydisk/output/SYNTHETIC/NVILA-Lite-2B-SYNTHETIC_MIX_10PCT_80K-20260224_234537,obj1_closer,output/phasevar_5/0009_phA12_phB06.png,Is the green sphere closer to the camera than the yellow cube? Answer with yes or no.,No,No,26.578125,27.46875,True
/data/shared/Qwen/mydisk/output/SYNTHETIC/NVILA-Lite-2B-SYNTHETIC_MIX_10PCT_80K-20260224_234537,obj1_closer,output/phasevar_5/0009_phA12_phB07.png,Is the green sphere closer to the camera than the yellow cube? Answer with yes or no.,No,No,26.421875,27.140625,True
/data/shared/Qwen/mydisk/output/SYNTHETIC/NVILA-Lite-2B-SYNTHETIC_MIX_10PCT_80K-20260224_234537,obj1_closer,output/phasevar_5/0009_phA12_phB08.png,Is the green sphere closer to the camera than the yellow cube? Answer with yes or no.,No,No,26.0625,26.28125,True
/data/shared/Qwen/mydisk/output/SYNTHETIC/NVILA-Lite-2B-SYNTHETIC_MIX_10PCT_80K-20260224_234537,obj1_closer,output/phasevar_5/0009_phA12_phB09.png,Is the green sphere closer to the camera than the yellow cube? Answer with yes or no.,No,No,24.15625,25.625,True
/data/shared/Qwen/mydisk/output/SYNTHETIC/NVILA-Lite-2B-SYNTHETIC_MIX_10PCT_80K-20260224_234537,obj1_closer,output/phasevar_5/0009_phA12_phB10.png,Is the green sphere closer to the camera than the yellow cube? Answer with yes or no.,No,No,24.484375,26.34375,True
/data/shared/Qwen/mydisk/output/SYNTHETIC/NVILA-Lite-2B-SYNTHETIC_MIX_10PCT_80K-20260224_234537,obj1_closer,output/phasevar_5/0009_phA12_phB11.png,Is the green sphere closer to the camera than the yellow cube? Answer with yes or no.,No,No,24.390625,26.359375,True
/data/shared/Qwen/mydisk/output/SYNTHETIC/NVILA-Lite-2B-SYNTHETIC_MIX_10PCT_80K-20260224_234537,obj1_closer,output/phasevar_5/0009_phA12_phB12.png,Is the green sphere closer to the camera than the yellow cube? Answer with yes or no.,No,No,24.671875,26.21875,True
/data/shared/Qwen/mydisk/output/SYNTHETIC/NVILA-Lite-2B-SYNTHETIC_MIX_10PCT_80K-20260224_234537,obj1_closer,output/phasevar_5/0009_phA12_phB13.png,Is the green sphere closer to the camera than the yellow cube? Answer with yes or no.,No,No,24.796875,25.984375,True
/data/shared/Qwen/mydisk/output/SYNTHETIC/NVILA-Lite-2B-SYNTHETIC_MIX_10PCT_80K-20260224_234537,obj1_closer,output/phasevar_5/0009_phA12_phB14.png,Is the green sphere closer to the camera than the yellow cube? Answer with yes or no.,No,No,24.546875,25.90625,True
/data/shared/Qwen/mydisk/output/SYNTHETIC/NVILA-Lite-2B-SYNTHETIC_MIX_10PCT_80K-20260224_234537,obj1_closer,output/phasevar_5/0009_phA12_phB15.png,Is the green sphere closer to the camera than the yellow cube? Answer with yes or no.,No,No,25.515625,26.234375,True
/data/shared/Qwen/mydisk/output/SYNTHETIC/NVILA-Lite-2B-SYNTHETIC_MIX_10PCT_80K-20260224_234537,obj1_closer,output/phasevar_5/0009_phA13_phB00.png,Is the green sphere closer to the camera than the yellow cube? Answer with yes or no.,No,Yes,26.546875,26.140625,False
/data/shared/Qwen/mydisk/output/SYNTHETIC/NVILA-Lite-2B-SYNTHETIC_MIX_10PCT_80K-20260224_234537,obj1_closer,output/phasevar_5/0009_phA13_phB01.png,Is the green sphere closer to the camera than the yellow cube? Answer with yes or no.,No,Yes,27.546875,26.796875,False
/data/shared/Qwen/mydisk/output/SYNTHETIC/NVILA-Lite-2B-SYNTHETIC_MIX_10PCT_80K-20260224_234537,obj1_closer,output/phasevar_5/0009_phA13_phB02.png,Is the green sphere closer to the camera than the yellow cube? Answer with yes or no.,No,Yes,27.859375,26.359375,False
/data/shared/Qwen/mydisk/output/SYNTHETIC/NVILA-Lite-2B-SYNTHETIC_MIX_10PCT_80K-20260224_234537,obj1_closer,output/phasevar_5/0009_phA13_phB03.png,Is the green sphere closer to the camera than the yellow cube? Answer with yes or no.,No,Yes,27.34375,26.625,False
/data/shared/Qwen/mydisk/output/SYNTHETIC/NVILA-Lite-2B-SYNTHETIC_MIX_10PCT_80K-20260224_234537,obj1_closer,output/phasevar_5/0009_phA13_phB04.png,Is the green sphere closer to the camera than the yellow cube? Answer with yes or no.,No,Yes,27.296875,26.671875,False
/data/shared/Qwen/mydisk/output/SYNTHETIC/NVILA-Lite-2B-SYNTHETIC_MIX_10PCT_80K-20260224_234537,obj1_closer,output/phasevar_5/0009_phA13_phB05.png,Is the green sphere closer to the camera than the yellow cube? Answer with yes or no.,No,Yes,26.703125,26.515625,False
/data/shared/Qwen/mydisk/output/SYNTHETIC/NVILA-Lite-2B-SYNTHETIC_MIX_10PCT_80K-20260224_234537,obj1_closer,output/phasevar_5/0009_phA13_phB06.png,Is the green sphere closer to the camera than the yellow cube? Answer with yes or no.,No,No,27.15625,27.40625,True
/data/shared/Qwen/mydisk/output/SYNTHETIC/NVILA-Lite-2B-SYNTHETIC_MIX_10PCT_80K-20260224_234537,obj1_closer,output/phasevar_5/0009_phA13_phB07.png,Is the green sphere closer to the camera than the yellow cube? Answer with yes or no.,No,No,26.859375,26.953125,True
/data/shared/Qwen/mydisk/output/SYNTHETIC/NVILA-Lite-2B-SYNTHETIC_MIX_10PCT_80K-20260224_234537,obj1_closer,output/phasevar_5/0009_phA13_phB08.png,Is the green sphere closer to the camera than the yellow cube? Answer with yes or no.,No,Yes,26.46875,26.15625,False
/data/shared/Qwen/mydisk/output/SYNTHETIC/NVILA-Lite-2B-SYNTHETIC_MIX_10PCT_80K-20260224_234537,obj1_closer,output/phasevar_5/0009_phA13_phB09.png,Is the green sphere closer to the camera than the yellow cube? Answer with yes or no.,No,No,24.515625,25.484375,True
/data/shared/Qwen/mydisk/output/SYNTHETIC/NVILA-Lite-2B-SYNTHETIC_MIX_10PCT_80K-20260224_234537,obj1_closer,output/phasevar_5/0009_phA13_phB10.png,Is the green sphere closer to the camera than the yellow cube? Answer with yes or no.,No,No,24.78125,26.25,True
/data/shared/Qwen/mydisk/output/SYNTHETIC/NVILA-Lite-2B-SYNTHETIC_MIX_10PCT_80K-20260224_234537,obj1_closer,output/phasevar_5/0009_phA13_phB11.png,Is the green sphere closer to the camera than the yellow cube? Answer with yes or no.,No,No,24.53125,26.046875,True
/data/shared/Qwen/mydisk/output/SYNTHETIC/NVILA-Lite-2B-SYNTHETIC_MIX_10PCT_80K-20260224_234537,obj1_closer,output/phasevar_5/0009_phA13_phB12.png,Is the green sphere closer to the camera than the yellow cube? Answer with yes or no.,No,No,24.890625,26.421875,True
/data/shared/Qwen/mydisk/output/SYNTHETIC/NVILA-Lite-2B-SYNTHETIC_MIX_10PCT_80K-20260224_234537,obj1_closer,output/phasevar_5/0009_phA13_phB13.png,Is the green sphere closer to the camera than the yellow cube? Answer with yes or no.,No,No,24.953125,26.140625,True
/data/shared/Qwen/mydisk/output/SYNTHETIC/NVILA-Lite-2B-SYNTHETIC_MIX_10PCT_80K-20260224_234537,obj1_closer,output/phasevar_5/0009_phA13_phB14.png,Is the green sphere closer to the camera than the yellow cube? Answer with yes or no.,No,No,24.578125,25.84375,True
/data/shared/Qwen/mydisk/output/SYNTHETIC/NVILA-Lite-2B-SYNTHETIC_MIX_10PCT_80K-20260224_234537,obj1_closer,output/phasevar_5/0009_phA13_phB15.png,Is the green sphere closer to the camera than the yellow cube? Answer with yes or no.,No,No,25.6875,26.3125,True
/data/shared/Qwen/mydisk/output/SYNTHETIC/NVILA-Lite-2B-SYNTHETIC_MIX_10PCT_80K-20260224_234537,obj1_closer,output/phasevar_5/0009_phA14_phB00.png,Is the green sphere closer to the camera than the yellow cube? Answer with yes or no.,No,No,26.296875,26.671875,True
/data/shared/Qwen/mydisk/output/SYNTHETIC/NVILA-Lite-2B-SYNTHETIC_MIX_10PCT_80K-20260224_234537,obj1_closer,output/phasevar_5/0009_phA14_phB01.png,Is the green sphere closer to the camera than the yellow cube? Answer with yes or no.,No,No,27.171875,27.5,True
/data/shared/Qwen/mydisk/output/SYNTHETIC/NVILA-Lite-2B-SYNTHETIC_MIX_10PCT_80K-20260224_234537,obj1_closer,output/phasevar_5/0009_phA14_phB02.png,Is the green sphere closer to the camera than the yellow cube? Answer with yes or no.,No,Yes,27.5625,27.015625,False
/data/shared/Qwen/mydisk/output/SYNTHETIC/NVILA-Lite-2B-SYNTHETIC_MIX_10PCT_80K-20260224_234537,obj1_closer,output/phasevar_5/0009_phA14_phB03.png,Is the green sphere closer to the camera than the yellow cube? Answer with yes or no.,No,Yes,27.265625,27.0,False
/data/shared/Qwen/mydisk/output/SYNTHETIC/NVILA-Lite-2B-SYNTHETIC_MIX_10PCT_80K-20260224_234537,obj1_closer,output/phasevar_5/0009_phA14_phB04.png,Is the green sphere closer to the camera than the yellow cube? Answer with yes or no.,No,Yes,27.28125,26.875,False
/data/shared/Qwen/mydisk/output/SYNTHETIC/NVILA-Lite-2B-SYNTHETIC_MIX_10PCT_80K-20260224_234537,obj1_closer,output/phasevar_5/0009_phA14_phB05.png,Is the green sphere closer to the camera than the yellow cube? Answer with yes or no.,No,No,26.453125,26.546875,True
/data/shared/Qwen/mydisk/output/SYNTHETIC/NVILA-Lite-2B-SYNTHETIC_MIX_10PCT_80K-20260224_234537,obj1_closer,output/phasevar_5/0009_phA14_phB06.png,Is the green sphere closer to the camera than the yellow cube? Answer with yes or no.,No,No,26.796875,27.640625,True
/data/shared/Qwen/mydisk/output/SYNTHETIC/NVILA-Lite-2B-SYNTHETIC_MIX_10PCT_80K-20260224_234537,obj1_closer,output/phasevar_5/0009_phA14_phB07.png,Is the green sphere closer to the camera than the yellow cube? Answer with yes or no.,No,No,26.453125,27.265625,True
/data/shared/Qwen/mydisk/output/SYNTHETIC/NVILA-Lite-2B-SYNTHETIC_MIX_10PCT_80K-20260224_234537,obj1_closer,output/phasevar_5/0009_phA14_phB08.png,Is the green sphere closer to the camera than the yellow cube? Answer with yes or no.,No,No,26.0625,26.5,True
/data/shared/Qwen/mydisk/output/SYNTHETIC/NVILA-Lite-2B-SYNTHETIC_MIX_10PCT_80K-20260224_234537,obj1_closer,output/phasevar_5/0009_phA14_phB09.png,Is the green sphere closer to the camera than the yellow cube? Answer with yes or no.,No,No,25.0625,26.203125,True
/data/shared/Qwen/mydisk/output/SYNTHETIC/NVILA-Lite-2B-SYNTHETIC_MIX_10PCT_80K-20260224_234537,obj1_closer,output/phasevar_5/0009_phA14_phB10.png,Is the green sphere closer to the camera than the yellow cube? Answer with yes or no.,No,No,25.453125,26.65625,True
/data/shared/Qwen/mydisk/output/SYNTHETIC/NVILA-Lite-2B-SYNTHETIC_MIX_10PCT_80K-20260224_234537,obj1_closer,output/phasevar_5/0009_phA14_phB11.png,Is the green sphere closer to the camera than the yellow cube? Answer with yes or no.,No,No,25.34375,26.296875,True
/data/shared/Qwen/mydisk/output/SYNTHETIC/NVILA-Lite-2B-SYNTHETIC_MIX_10PCT_80K-20260224_234537,obj1_closer,output/phasevar_5/0009_phA14_phB12.png,Is the green sphere closer to the camera than the yellow cube? Answer with yes or no.,No,No,25.375,26.390625,True
/data/shared/Qwen/mydisk/output/SYNTHETIC/NVILA-Lite-2B-SYNTHETIC_MIX_10PCT_80K-20260224_234537,obj1_closer,output/phasevar_5/0009_phA14_phB13.png,Is the green sphere closer to the camera than the yellow cube? Answer with yes or no.,No,No,24.9375,26.421875,True
/data/shared/Qwen/mydisk/output/SYNTHETIC/NVILA-Lite-2B-SYNTHETIC_MIX_10PCT_80K-20260224_234537,obj1_closer,output/phasevar_5/0009_phA14_phB14.png,Is the green sphere closer to the camera than the yellow cube? Answer with yes or no.,No,No,24.640625,26.421875,True
/data/shared/Qwen/mydisk/output/SYNTHETIC/NVILA-Lite-2B-SYNTHETIC_MIX_10PCT_80K-20260224_234537,obj1_closer,output/phasevar_5/0009_phA14_phB15.png,Is the green sphere closer to the camera than the yellow cube? Answer with yes or no.,No,No,25.53125,27.25,True
/data/shared/Qwen/mydisk/output/SYNTHETIC/NVILA-Lite-2B-SYNTHETIC_MIX_10PCT_80K-20260224_234537,obj1_closer,output/phasevar_5/0009_phA15_phB00.png,Is the green sphere closer to the camera than the yellow cube? Answer with yes or no.,No,No,26.25,27.953125,True
/data/shared/Qwen/mydisk/output/SYNTHETIC/NVILA-Lite-2B-SYNTHETIC_MIX_10PCT_80K-20260224_234537,obj1_closer,output/phasevar_5/0009_phA15_phB01.png,Is the green sphere closer to the camera than the yellow cube? Answer with yes or no.,No,No,26.953125,28.40625,True
/data/shared/Qwen/mydisk/output/SYNTHETIC/NVILA-Lite-2B-SYNTHETIC_MIX_10PCT_80K-20260224_234537,obj1_closer,output/phasevar_5/0009_phA15_phB02.png,Is the green sphere closer to the camera than the yellow cube? Answer with yes or no.,No,No,27.15625,27.78125,True
/data/shared/Qwen/mydisk/output/SYNTHETIC/NVILA-Lite-2B-SYNTHETIC_MIX_10PCT_80K-20260224_234537,obj1_closer,output/phasevar_5/0009_phA15_phB03.png,Is the green sphere closer to the camera than the yellow cube? Answer with yes or no.,No,No,26.78125,27.46875,True
/data/shared/Qwen/mydisk/output/SYNTHETIC/NVILA-Lite-2B-SYNTHETIC_MIX_10PCT_80K-20260224_234537,obj1_closer,output/phasevar_5/0009_phA15_phB04.png,Is the green sphere closer to the camera than the yellow cube? Answer with yes or no.,No,No,26.828125,27.4375,True
/data/shared/Qwen/mydisk/output/SYNTHETIC/NVILA-Lite-2B-SYNTHETIC_MIX_10PCT_80K-20260224_234537,obj1_closer,output/phasevar_5/0009_phA15_phB05.png,Is the green sphere closer to the camera than the yellow cube? Answer with yes or no.,No,No,26.0,26.921875,True
/data/shared/Qwen/mydisk/output/SYNTHETIC/NVILA-Lite-2B-SYNTHETIC_MIX_10PCT_80K-20260224_234537,obj1_closer,output/phasevar_5/0009_phA15_phB06.png,Is the green sphere closer to the camera than the yellow cube? Answer with yes or no.,No,No,26.578125,28.078125,True
/data/shared/Qwen/mydisk/output/SYNTHETIC/NVILA-Lite-2B-SYNTHETIC_MIX_10PCT_80K-20260224_234537,obj1_closer,output/phasevar_5/0009_phA15_phB07.png,Is the green sphere closer to the camera than the yellow cube? Answer with yes or no.,No,No,26.140625,27.75,True
/data/shared/Qwen/mydisk/output/SYNTHETIC/NVILA-Lite-2B-SYNTHETIC_MIX_10PCT_80K-20260224_234537,obj1_closer,output/phasevar_5/0009_phA15_phB08.png,Is the green sphere closer to the camera than the yellow cube? Answer with yes or no.,No,No,25.6875,26.875,True
/data/shared/Qwen/mydisk/output/SYNTHETIC/NVILA-Lite-2B-SYNTHETIC_MIX_10PCT_80K-20260224_234537,obj1_closer,output/phasevar_5/0009_phA15_phB09.png,Is the green sphere closer to the camera than the yellow cube? Answer with yes or no.,No,No,25.09375,26.5,True
/data/shared/Qwen/mydisk/output/SYNTHETIC/NVILA-Lite-2B-SYNTHETIC_MIX_10PCT_80K-20260224_234537,obj1_closer,output/phasevar_5/0009_phA15_phB10.png,Is the green sphere closer to the camera than the yellow cube? Answer with yes or no.,No,No,25.4375,26.703125,True
/data/shared/Qwen/mydisk/output/SYNTHETIC/NVILA-Lite-2B-SYNTHETIC_MIX_10PCT_80K-20260224_234537,obj1_closer,output/phasevar_5/0009_phA15_phB11.png,Is the green sphere closer to the camera than the yellow cube? Answer with yes or no.,No,No,25.40625,26.359375,True
/data/shared/Qwen/mydisk/output/SYNTHETIC/NVILA-Lite-2B-SYNTHETIC_MIX_10PCT_80K-20260224_234537,obj1_closer,output/phasevar_5/0009_phA15_phB12.png,Is the green sphere closer to the camera than the yellow cube? Answer with yes or no.,No,No,25.34375,26.53125,True
/data/shared/Qwen/mydisk/output/SYNTHETIC/NVILA-Lite-2B-SYNTHETIC_MIX_10PCT_80K-20260224_234537,obj1_closer,output/phasevar_5/0009_phA15_phB13.png,Is the green sphere closer to the camera than the yellow cube? Answer with yes or no.,No,No,24.984375,26.453125,True
/data/shared/Qwen/mydisk/output/SYNTHETIC/NVILA-Lite-2B-SYNTHETIC_MIX_10PCT_80K-20260224_234537,obj1_closer,output/phasevar_5/0009_phA15_phB14.png,Is the green sphere closer to the camera than the yellow cube? Answer with yes or no.,No,No,24.609375,26.625,True
/data/shared/Qwen/mydisk/output/SYNTHETIC/NVILA-Lite-2B-SYNTHETIC_MIX_10PCT_80K-20260224_234537,obj1_closer,output/phasevar_5/0009_phA15_phB15.png,Is the green sphere closer to the camera than the yellow cube? Answer with yes or no.,No,No,24.96875,27.515625,True
/data/shared/Qwen/mydisk/output/SYNTHETIC/NVILA-Lite-2B-SYNTHETIC_MIX_10PCT_80K-20260224_234537,obj1_closer,output/phasevar_5/0010_phA00_phB00.png,Is the cyan sphere closer to the camera than the magenta cube? Answer with yes or no.,No,No,25.09375,26.5,True
/data/shared/Qwen/mydisk/output/SYNTHETIC/NVILA-Lite-2B-SYNTHETIC_MIX_10PCT_80K-20260224_234537,obj1_closer,output/phasevar_5/0010_phA00_phB01.png,Is the cyan sphere closer to the camera than the magenta cube? Answer with yes or no.,No,No,26.140625,27.25,True
/data/shared/Qwen/mydisk/output/SYNTHETIC/NVILA-Lite-2B-SYNTHETIC_MIX_10PCT_80K-20260224_234537,obj1_closer,output/phasevar_5/0010_phA00_phB02.png,Is the cyan sphere closer to the camera than the magenta cube? Answer with yes or no.,No,No,26.796875,27.234375,True
/data/shared/Qwen/mydisk/output/SYNTHETIC/NVILA-Lite-2B-SYNTHETIC_MIX_10PCT_80K-20260224_234537,obj1_closer,output/phasevar_5/0010_phA00_phB03.png,Is the cyan sphere closer to the camera than the magenta cube? Answer with yes or no.,No,Yes,26.65625,26.40625,False
/data/shared/Qwen/mydisk/output/SYNTHETIC/NVILA-Lite-2B-SYNTHETIC_MIX_10PCT_80K-20260224_234537,obj1_closer,output/phasevar_5/0010_phA00_phB04.png,Is the cyan sphere closer to the camera than the magenta cube? Answer with yes or no.,No,Yes,27.046875,26.296875,False
/data/shared/Qwen/mydisk/output/SYNTHETIC/NVILA-Lite-2B-SYNTHETIC_MIX_10PCT_80K-20260224_234537,obj1_closer,output/phasevar_5/0010_phA00_phB05.png,Is the cyan sphere closer to the camera than the magenta cube? Answer with yes or no.,No,No,25.953125,26.125,True
/data/shared/Qwen/mydisk/output/SYNTHETIC/NVILA-Lite-2B-SYNTHETIC_MIX_10PCT_80K-20260224_234537,obj1_closer,output/phasevar_5/0010_phA00_phB06.png,Is the cyan sphere closer to the camera than the magenta cube? Answer with yes or no.,No,No,26.078125,26.84375,True
/data/shared/Qwen/mydisk/output/SYNTHETIC/NVILA-Lite-2B-SYNTHETIC_MIX_10PCT_80K-20260224_234537,obj1_closer,output/phasevar_5/0010_phA00_phB07.png,Is the cyan sphere closer to the camera than the magenta cube? Answer with yes or no.,No,No,25.375,26.046875,True
/data/shared/Qwen/mydisk/output/SYNTHETIC/NVILA-Lite-2B-SYNTHETIC_MIX_10PCT_80K-20260224_234537,obj1_closer,output/phasevar_5/0010_phA00_phB08.png,Is the cyan sphere closer to the camera than the magenta cube? Answer with yes or no.,No,No,25.03125,25.671875,True
/data/shared/Qwen/mydisk/output/SYNTHETIC/NVILA-Lite-2B-SYNTHETIC_MIX_10PCT_80K-20260224_234537,obj1_closer,output/phasevar_5/0010_phA00_phB09.png,Is the cyan sphere closer to the camera than the magenta cube? Answer with yes or no.,No,No,25.21875,25.75,True
/data/shared/Qwen/mydisk/output/SYNTHETIC/NVILA-Lite-2B-SYNTHETIC_MIX_10PCT_80K-20260224_234537,obj1_closer,output/phasevar_5/0010_phA00_phB10.png,Is the cyan sphere closer to the camera than the magenta cube? Answer with yes or no.,No,No,25.8125,26.21875,True
/data/shared/Qwen/mydisk/output/SYNTHETIC/NVILA-Lite-2B-SYNTHETIC_MIX_10PCT_80K-20260224_234537,obj1_closer,output/phasevar_5/0010_phA00_phB11.png,Is the cyan sphere closer to the camera than the magenta cube? Answer with yes or no.,No,No,25.640625,25.921875,True
/data/shared/Qwen/mydisk/output/SYNTHETIC/NVILA-Lite-2B-SYNTHETIC_MIX_10PCT_80K-20260224_234537,obj1_closer,output/phasevar_5/0010_phA00_phB12.png,Is the cyan sphere closer to the camera than the magenta cube? Answer with yes or no.,No,No,25.5,25.671875,True
/data/shared/Qwen/mydisk/output/SYNTHETIC/NVILA-Lite-2B-SYNTHETIC_MIX_10PCT_80K-20260224_234537,obj1_closer,output/phasevar_5/0010_phA00_phB13.png,Is the cyan sphere closer to the camera than the magenta cube? Answer with yes or no.,No,No,25.09375,25.84375,True
/data/shared/Qwen/mydisk/output/SYNTHETIC/NVILA-Lite-2B-SYNTHETIC_MIX_10PCT_80K-20260224_234537,obj1_closer,output/phasevar_5/0010_phA00_phB14.png,Is the cyan sphere closer to the camera than the magenta cube? Answer with yes or no.,No,No,24.484375,25.71875,True
/data/shared/Qwen/mydisk/output/SYNTHETIC/NVILA-Lite-2B-SYNTHETIC_MIX_10PCT_80K-20260224_234537,obj1_closer,output/phasevar_5/0010_phA00_phB15.png,Is the cyan sphere closer to the camera than the magenta cube? Answer with yes or no.,No,No,24.546875,26.109375,True
/data/shared/Qwen/mydisk/output/SYNTHETIC/NVILA-Lite-2B-SYNTHETIC_MIX_10PCT_80K-20260224_234537,obj1_closer,output/phasevar_5/0010_phA01_phB00.png,Is the cyan sphere closer to the camera than the magenta cube? Answer with yes or no.,No,No,24.890625,26.125,True
/data/shared/Qwen/mydisk/output/SYNTHETIC/NVILA-Lite-2B-SYNTHETIC_MIX_10PCT_80K-20260224_234537,obj1_closer,output/phasevar_5/0010_phA01_phB01.png,Is the cyan sphere closer to the camera than the magenta cube? Answer with yes or no.,No,No,25.890625,27.109375,True
/data/shared/Qwen/mydisk/output/SYNTHETIC/NVILA-Lite-2B-SYNTHETIC_MIX_10PCT_80K-20260224_234537,obj1_closer,output/phasevar_5/0010_phA01_phB02.png,Is the cyan sphere closer to the camera than the magenta cube? Answer with yes or no.,No,No,26.53125,27.421875,True
/data/shared/Qwen/mydisk/output/SYNTHETIC/NVILA-Lite-2B-SYNTHETIC_MIX_10PCT_80K-20260224_234537,obj1_closer,output/phasevar_5/0010_phA01_phB03.png,Is the cyan sphere closer to the camera than the magenta cube? Answer with yes or no.,No,No,26.46875,27.140625,True
/data/shared/Qwen/mydisk/output/SYNTHETIC/NVILA-Lite-2B-SYNTHETIC_MIX_10PCT_80K-20260224_234537,obj1_closer,output/phasevar_5/0010_phA01_phB04.png,Is the cyan sphere closer to the camera than the magenta cube? Answer with yes or no.,No,No,26.6875,26.84375,True
/data/shared/Qwen/mydisk/output/SYNTHETIC/NVILA-Lite-2B-SYNTHETIC_MIX_10PCT_80K-20260224_234537,obj1_closer,output/phasevar_5/0010_phA01_phB05.png,Is the cyan sphere closer to the camera than the magenta cube? Answer with yes or no.,No,No,25.921875,26.671875,True
/data/shared/Qwen/mydisk/output/SYNTHETIC/NVILA-Lite-2B-SYNTHETIC_MIX_10PCT_80K-20260224_234537,obj1_closer,output/phasevar_5/0010_phA01_phB06.png,Is the cyan sphere closer to the camera than the magenta cube? Answer with yes or no.,No,No,26.234375,27.171875,True
/data/shared/Qwen/mydisk/output/SYNTHETIC/NVILA-Lite-2B-SYNTHETIC_MIX_10PCT_80K-20260224_234537,obj1_closer,output/phasevar_5/0010_phA01_phB07.png,Is the cyan sphere closer to the camera than the magenta cube? Answer with yes or no.,No,No,25.40625,26.171875,True
/data/shared/Qwen/mydisk/output/SYNTHETIC/NVILA-Lite-2B-SYNTHETIC_MIX_10PCT_80K-20260224_234537,obj1_closer,output/phasevar_5/0010_phA01_phB08.png,Is the cyan sphere closer to the camera than the magenta cube? Answer with yes or no.,No,No,25.28125,25.890625,True
/data/shared/Qwen/mydisk/output/SYNTHETIC/NVILA-Lite-2B-SYNTHETIC_MIX_10PCT_80K-20260224_234537,obj1_closer,output/phasevar_5/0010_phA01_phB09.png,Is the cyan sphere closer to the camera than the magenta cube? Answer with yes or no.,No,No,25.578125,25.890625,True
/data/shared/Qwen/mydisk/output/SYNTHETIC/NVILA-Lite-2B-SYNTHETIC_MIX_10PCT_80K-20260224_234537,obj1_closer,output/phasevar_5/0010_phA01_phB10.png,Is the cyan sphere closer to the camera than the magenta cube? Answer with yes or no.,No,No,26.0,26.21875,True
/data/shared/Qwen/mydisk/output/SYNTHETIC/NVILA-Lite-2B-SYNTHETIC_MIX_10PCT_80K-20260224_234537,obj1_closer,output/phasevar_5/0010_phA01_phB11.png,Is the cyan sphere closer to the camera than the magenta cube? Answer with yes or no.,No,Yes,26.203125,26.171875,False
/data/shared/Qwen/mydisk/output/SYNTHETIC/NVILA-Lite-2B-SYNTHETIC_MIX_10PCT_80K-20260224_234537,obj1_closer,output/phasevar_5/0010_phA01_phB12.png,Is the cyan sphere closer to the camera than the magenta cube? Answer with yes or no.,No,Yes,26.15625,26.046875,False
/data/shared/Qwen/mydisk/output/SYNTHETIC/NVILA-Lite-2B-SYNTHETIC_MIX_10PCT_80K-20260224_234537,obj1_closer,output/phasevar_5/0010_phA01_phB13.png,Is the cyan sphere closer to the camera than the magenta cube? Answer with yes or no.,No,No,25.40625,25.9375,True
/data/shared/Qwen/mydisk/output/SYNTHETIC/NVILA-Lite-2B-SYNTHETIC_MIX_10PCT_80K-20260224_234537,obj1_closer,output/phasevar_5/0010_phA01_phB14.png,Is the cyan sphere closer to the camera than the magenta cube? Answer with yes or no.,No,No,24.6875,25.796875,True
/data/shared/Qwen/mydisk/output/SYNTHETIC/NVILA-Lite-2B-SYNTHETIC_MIX_10PCT_80K-20260224_234537,obj1_closer,output/phasevar_5/0010_phA01_phB15.png,Is the cyan sphere closer to the camera than the magenta cube? Answer with yes or no.,No,No,24.546875,26.078125,True
/data/shared/Qwen/mydisk/output/SYNTHETIC/NVILA-Lite-2B-SYNTHETIC_MIX_10PCT_80K-20260224_234537,obj1_closer,output/phasevar_5/0010_phA02_phB00.png,Is the cyan sphere closer to the camera than the magenta cube? Answer with yes or no.,No,No,24.125,24.8125,True
/data/shared/Qwen/mydisk/output/SYNTHETIC/NVILA-Lite-2B-SYNTHETIC_MIX_10PCT_80K-20260224_234537,obj1_closer,output/phasevar_5/0010_phA02_phB01.png,Is the cyan sphere closer to the camera than the magenta cube? Answer with yes or no.,No,No,25.046875,26.359375,True
/data/shared/Qwen/mydisk/output/SYNTHETIC/NVILA-Lite-2B-SYNTHETIC_MIX_10PCT_80K-20260224_234537,obj1_closer,output/phasevar_5/0010_phA02_phB02.png,Is the cyan sphere closer to the camera than the magenta cube? Answer with yes or no.,No,No,25.953125,26.96875,True
/data/shared/Qwen/mydisk/output/SYNTHETIC/NVILA-Lite-2B-SYNTHETIC_MIX_10PCT_80K-20260224_234537,obj1_closer,output/phasevar_5/0010_phA02_phB03.png,Is the cyan sphere closer to the camera than the magenta cube? Answer with yes or no.,No,No,25.625,26.59375,True
/data/shared/Qwen/mydisk/output/SYNTHETIC/NVILA-Lite-2B-SYNTHETIC_MIX_10PCT_80K-20260224_234537,obj1_closer,output/phasevar_5/0010_phA02_phB04.png,Is the cyan sphere closer to the camera than the magenta cube? Answer with yes or no.,No,No,25.765625,26.34375,True
/data/shared/Qwen/mydisk/output/SYNTHETIC/NVILA-Lite-2B-SYNTHETIC_MIX_10PCT_80K-20260224_234537,obj1_closer,output/phasevar_5/0010_phA02_phB05.png,Is the cyan sphere closer to the camera than the magenta cube? Answer with yes or no.,No,No,25.15625,26.109375,True
/data/shared/Qwen/mydisk/output/SYNTHETIC/NVILA-Lite-2B-SYNTHETIC_MIX_10PCT_80K-20260224_234537,obj1_closer,output/phasevar_5/0010_phA02_phB06.png,Is the cyan sphere closer to the camera than the magenta cube? Answer with yes or no.,No,No,25.65625,26.78125,True
/data/shared/Qwen/mydisk/output/SYNTHETIC/NVILA-Lite-2B-SYNTHETIC_MIX_10PCT_80K-20260224_234537,obj1_closer,output/phasevar_5/0010_phA02_phB07.png,Is the cyan sphere closer to the camera than the magenta cube? Answer with yes or no.,No,No,25.15625,25.90625,True
/data/shared/Qwen/mydisk/output/SYNTHETIC/NVILA-Lite-2B-SYNTHETIC_MIX_10PCT_80K-20260224_234537,obj1_closer,output/phasevar_5/0010_phA02_phB08.png,Is the cyan sphere closer to the camera than the magenta cube? Answer with yes or no.,No,Yes,25.921875,25.859375,False
/data/shared/Qwen/mydisk/output/SYNTHETIC/NVILA-Lite-2B-SYNTHETIC_MIX_10PCT_80K-20260224_234537,obj1_closer,output/phasevar_5/0010_phA02_phB09.png,Is the cyan sphere closer to the camera than the magenta cube? Answer with yes or no.,No,Yes,26.53125,26.015625,False
/data/shared/Qwen/mydisk/output/SYNTHETIC/NVILA-Lite-2B-SYNTHETIC_MIX_10PCT_80K-20260224_234537,obj1_closer,output/phasevar_5/0010_phA02_phB10.png,Is the cyan sphere closer to the camera than the magenta cube? Answer with yes or no.,No,Yes,26.546875,26.484375,False
/data/shared/Qwen/mydisk/output/SYNTHETIC/NVILA-Lite-2B-SYNTHETIC_MIX_10PCT_80K-20260224_234537,obj1_closer,output/phasevar_5/0010_phA02_phB11.png,Is the cyan sphere closer to the camera than the magenta cube? Answer with yes or no.,No,Yes,26.5,26.40625,False
/data/shared/Qwen/mydisk/output/SYNTHETIC/NVILA-Lite-2B-SYNTHETIC_MIX_10PCT_80K-20260224_234537,obj1_closer,output/phasevar_5/0010_phA02_phB12.png,Is the cyan sphere closer to the camera than the magenta cube? Answer with yes or no.,No,Yes,26.21875,26.078125,False
/data/shared/Qwen/mydisk/output/SYNTHETIC/NVILA-Lite-2B-SYNTHETIC_MIX_10PCT_80K-20260224_234537,obj1_closer,output/phasevar_5/0010_phA02_phB13.png,Is the cyan sphere closer to the camera than the magenta cube? Answer with yes or no.,No,No,25.28125,25.796875,True
/data/shared/Qwen/mydisk/output/SYNTHETIC/NVILA-Lite-2B-SYNTHETIC_MIX_10PCT_80K-20260224_234537,obj1_closer,output/phasevar_5/0010_phA02_phB14.png,Is the cyan sphere closer to the camera than the magenta cube? Answer with yes or no.,No,No,24.25,25.21875,True
/data/shared/Qwen/mydisk/output/SYNTHETIC/NVILA-Lite-2B-SYNTHETIC_MIX_10PCT_80K-20260224_234537,obj1_closer,output/phasevar_5/0010_phA02_phB15.png,Is the cyan sphere closer to the camera than the magenta cube? Answer with yes or no.,No,No,23.9375,25.03125,True
/data/shared/Qwen/mydisk/output/SYNTHETIC/NVILA-Lite-2B-SYNTHETIC_MIX_10PCT_80K-20260224_234537,obj1_closer,output/phasevar_5/0010_phA03_phB00.png,Is the cyan sphere closer to the camera than the magenta cube? Answer with yes or no.,No,No,24.28125,24.953125,True
/data/shared/Qwen/mydisk/output/SYNTHETIC/NVILA-Lite-2B-SYNTHETIC_MIX_10PCT_80K-20260224_234537,obj1_closer,output/phasevar_5/0010_phA03_phB01.png,Is the cyan sphere closer to the camera than the magenta cube? Answer with yes or no.,No,No,25.03125,25.984375,True
/data/shared/Qwen/mydisk/output/SYNTHETIC/NVILA-Lite-2B-SYNTHETIC_MIX_10PCT_80K-20260224_234537,obj1_closer,output/phasevar_5/0010_phA03_phB02.png,Is the cyan sphere closer to the camera than the magenta cube? Answer with yes or no.,No,No,25.765625,26.609375,True
/data/shared/Qwen/mydisk/output/SYNTHETIC/NVILA-Lite-2B-SYNTHETIC_MIX_10PCT_80K-20260224_234537,obj1_closer,output/phasevar_5/0010_phA03_phB03.png,Is the cyan sphere closer to the camera than the magenta cube? Answer with yes or no.,No,No,25.1875,26.390625,True
/data/shared/Qwen/mydisk/output/SYNTHETIC/NVILA-Lite-2B-SYNTHETIC_MIX_10PCT_80K-20260224_234537,obj1_closer,output/phasevar_5/0010_phA03_phB04.png,Is the cyan sphere closer to the camera than the magenta cube? Answer with yes or no.,No,No,25.296875,26.25,True
/data/shared/Qwen/mydisk/output/SYNTHETIC/NVILA-Lite-2B-SYNTHETIC_MIX_10PCT_80K-20260224_234537,obj1_closer,output/phasevar_5/0010_phA03_phB05.png,Is the cyan sphere closer to the camera than the magenta cube? Answer with yes or no.,No,No,24.96875,26.21875,True
/data/shared/Qwen/mydisk/output/SYNTHETIC/NVILA-Lite-2B-SYNTHETIC_MIX_10PCT_80K-20260224_234537,obj1_closer,output/phasevar_5/0010_phA03_phB06.png,Is the cyan sphere closer to the camera than the magenta cube? Answer with yes or no.,No,No,25.375,26.5,True
/data/shared/Qwen/mydisk/output/SYNTHETIC/NVILA-Lite-2B-SYNTHETIC_MIX_10PCT_80K-20260224_234537,obj1_closer,output/phasevar_5/0010_phA03_phB07.png,Is the cyan sphere closer to the camera than the magenta cube? Answer with yes or no.,No,No,24.953125,26.15625,True
/data/shared/Qwen/mydisk/output/SYNTHETIC/NVILA-Lite-2B-SYNTHETIC_MIX_10PCT_80K-20260224_234537,obj1_closer,output/phasevar_5/0010_phA03_phB08.png,Is the cyan sphere closer to the camera than the magenta cube? Answer with yes or no.,No,No,25.203125,25.734375,True
/data/shared/Qwen/mydisk/output/SYNTHETIC/NVILA-Lite-2B-SYNTHETIC_MIX_10PCT_80K-20260224_234537,obj1_closer,output/phasevar_5/0010_phA03_phB09.png,Is the cyan sphere closer to the camera than the magenta cube? Answer with yes or no.,No,No,25.15625,25.640625,True
/data/shared/Qwen/mydisk/output/SYNTHETIC/NVILA-Lite-2B-SYNTHETIC_MIX_10PCT_80K-20260224_234537,obj1_closer,output/phasevar_5/0010_phA03_phB10.png,Is the cyan sphere closer to the camera than the magenta cube? Answer with yes or no.,No,No,25.265625,25.828125,True
/data/shared/Qwen/mydisk/output/SYNTHETIC/NVILA-Lite-2B-SYNTHETIC_MIX_10PCT_80K-20260224_234537,obj1_closer,output/phasevar_5/0010_phA03_phB11.png,Is the cyan sphere closer to the camera than the magenta cube? Answer with yes or no.,No,No,24.8125,25.578125,True
/data/shared/Qwen/mydisk/output/SYNTHETIC/NVILA-Lite-2B-SYNTHETIC_MIX_10PCT_80K-20260224_234537,obj1_closer,output/phasevar_5/0010_phA03_phB12.png,Is the cyan sphere closer to the camera than the magenta cube? Answer with yes or no.,No,No,24.5,25.296875,True
/data/shared/Qwen/mydisk/output/SYNTHETIC/NVILA-Lite-2B-SYNTHETIC_MIX_10PCT_80K-20260224_234537,obj1_closer,output/phasevar_5/0010_phA03_phB13.png,Is the cyan sphere closer to the camera than the magenta cube? Answer with yes or no.,No,No,24.171875,25.21875,True
/data/shared/Qwen/mydisk/output/SYNTHETIC/NVILA-Lite-2B-SYNTHETIC_MIX_10PCT_80K-20260224_234537,obj1_closer,output/phasevar_5/0010_phA03_phB14.png,Is the cyan sphere closer to the camera than the magenta cube? Answer with yes or no.,No,No,24.015625,25.0,True
/data/shared/Qwen/mydisk/output/SYNTHETIC/NVILA-Lite-2B-SYNTHETIC_MIX_10PCT_80K-20260224_234537,obj1_closer,output/phasevar_5/0010_phA03_phB15.png,Is the cyan sphere closer to the camera than the magenta cube? Answer with yes or no.,No,No,23.9375,25.0,True
/data/shared/Qwen/mydisk/output/SYNTHETIC/NVILA-Lite-2B-SYNTHETIC_MIX_10PCT_80K-20260224_234537,obj1_closer,output/phasevar_5/0010_phA04_phB00.png,Is the cyan sphere closer to the camera than the magenta cube? Answer with yes or no.,No,No,24.453125,25.0625,True
/data/shared/Qwen/mydisk/output/SYNTHETIC/NVILA-Lite-2B-SYNTHETIC_MIX_10PCT_80K-20260224_234537,obj1_closer,output/phasevar_5/0010_phA04_phB01.png,Is the cyan sphere closer to the camera than the magenta cube? Answer with yes or no.,No,No,25.078125,26.03125,True
/data/shared/Qwen/mydisk/output/SYNTHETIC/NVILA-Lite-2B-SYNTHETIC_MIX_10PCT_80K-20260224_234537,obj1_closer,output/phasevar_5/0010_phA04_phB02.png,Is the cyan sphere closer to the camera than the magenta cube? Answer with yes or no.,No,No,25.84375,26.765625,True
/data/shared/Qwen/mydisk/output/SYNTHETIC/NVILA-Lite-2B-SYNTHETIC_MIX_10PCT_80K-20260224_234537,obj1_closer,output/phasevar_5/0010_phA04_phB03.png,Is the cyan sphere closer to the camera than the magenta cube? Answer with yes or no.,No,No,25.28125,26.375,True
/data/shared/Qwen/mydisk/output/SYNTHETIC/NVILA-Lite-2B-SYNTHETIC_MIX_10PCT_80K-20260224_234537,obj1_closer,output/phasevar_5/0010_phA04_phB04.png,Is the cyan sphere closer to the camera than the magenta cube? Answer with yes or no.,No,No,25.328125,26.21875,True
/data/shared/Qwen/mydisk/output/SYNTHETIC/NVILA-Lite-2B-SYNTHETIC_MIX_10PCT_80K-20260224_234537,obj1_closer,output/phasevar_5/0010_phA04_phB05.png,Is the cyan sphere closer to the camera than the magenta cube? Answer with yes or no.,No,No,25.03125,26.3125,True
/data/shared/Qwen/mydisk/output/SYNTHETIC/NVILA-Lite-2B-SYNTHETIC_MIX_10PCT_80K-20260224_234537,obj1_closer,output/phasevar_5/0010_phA04_phB06.png,Is the cyan sphere closer to the camera than the magenta cube? Answer with yes or no.,No,No,25.140625,26.265625,True
/data/shared/Qwen/mydisk/output/SYNTHETIC/NVILA-Lite-2B-SYNTHETIC_MIX_10PCT_80K-20260224_234537,obj1_closer,output/phasevar_5/0010_phA04_phB07.png,Is the cyan sphere closer to the camera than the magenta cube? Answer with yes or no.,No,No,24.6875,25.796875,True
/data/shared/Qwen/mydisk/output/SYNTHETIC/NVILA-Lite-2B-SYNTHETIC_MIX_10PCT_80K-20260224_234537,obj1_closer,output/phasevar_5/0010_phA04_phB08.png,Is the cyan sphere closer to the camera than the magenta cube? Answer with yes or no.,No,No,24.96875,25.34375,True
/data/shared/Qwen/mydisk/output/SYNTHETIC/NVILA-Lite-2B-SYNTHETIC_MIX_10PCT_80K-20260224_234537,obj1_closer,output/phasevar_5/0010_phA04_phB09.png,Is the cyan sphere closer to the camera than the magenta cube? Answer with yes or no.,No,No,24.84375,25.171875,True
/data/shared/Qwen/mydisk/output/SYNTHETIC/NVILA-Lite-2B-SYNTHETIC_MIX_10PCT_80K-20260224_234537,obj1_closer,output/phasevar_5/0010_phA04_phB10.png,Is the cyan sphere closer to the camera than the magenta cube? Answer with yes or no.,No,No,24.8125,25.34375,True
/data/shared/Qwen/mydisk/output/SYNTHETIC/NVILA-Lite-2B-SYNTHETIC_MIX_10PCT_80K-20260224_234537,obj1_closer,output/phasevar_5/0010_phA04_phB11.png,Is the cyan sphere closer to the camera than the magenta cube? Answer with yes or no.,No,No,24.53125,25.1875,True
/data/shared/Qwen/mydisk/output/SYNTHETIC/NVILA-Lite-2B-SYNTHETIC_MIX_10PCT_80K-20260224_234537,obj1_closer,output/phasevar_5/0010_phA04_phB12.png,Is the cyan sphere closer to the camera than the magenta cube? Answer with yes or no.,No,No,24.34375,24.96875,True
/data/shared/Qwen/mydisk/output/SYNTHETIC/NVILA-Lite-2B-SYNTHETIC_MIX_10PCT_80K-20260224_234537,obj1_closer,output/phasevar_5/0010_phA04_phB13.png,Is the cyan sphere closer to the camera than the magenta cube? Answer with yes or no.,No,No,24.140625,25.125,True
/data/shared/Qwen/mydisk/output/SYNTHETIC/NVILA-Lite-2B-SYNTHETIC_MIX_10PCT_80K-20260224_234537,obj1_closer,output/phasevar_5/0010_phA04_phB14.png,Is the cyan sphere closer to the camera than the magenta cube? Answer with yes or no.,No,No,23.8125,24.703125,True
/data/shared/Qwen/mydisk/output/SYNTHETIC/NVILA-Lite-2B-SYNTHETIC_MIX_10PCT_80K-20260224_234537,obj1_closer,output/phasevar_5/0010_phA04_phB15.png,Is the cyan sphere closer to the camera than the magenta cube? Answer with yes or no.,No,No,23.859375,24.875,True
/data/shared/Qwen/mydisk/output/SYNTHETIC/NVILA-Lite-2B-SYNTHETIC_MIX_10PCT_80K-20260224_234537,obj1_closer,output/phasevar_5/0010_phA05_phB00.png,Is the cyan sphere closer to the camera than the magenta cube? Answer with yes or no.,No,No,24.875,25.671875,True
/data/shared/Qwen/mydisk/output/SYNTHETIC/NVILA-Lite-2B-SYNTHETIC_MIX_10PCT_80K-20260224_234537,obj1_closer,output/phasevar_5/0010_phA05_phB01.png,Is the cyan sphere closer to the camera than the magenta cube? Answer with yes or no.,No,No,25.28125,26.5625,True
/data/shared/Qwen/mydisk/output/SYNTHETIC/NVILA-Lite-2B-SYNTHETIC_MIX_10PCT_80K-20260224_234537,obj1_closer,output/phasevar_5/0010_phA05_phB02.png,Is the cyan sphere closer to the camera than the magenta cube? Answer with yes or no.,No,No,25.828125,26.875,True
/data/shared/Qwen/mydisk/output/SYNTHETIC/NVILA-Lite-2B-SYNTHETIC_MIX_10PCT_80K-20260224_234537,obj1_closer,output/phasevar_5/0010_phA05_phB03.png,Is the cyan sphere closer to the camera than the magenta cube? Answer with yes or no.,No,No,25.265625,26.328125,True
/data/shared/Qwen/mydisk/output/SYNTHETIC/NVILA-Lite-2B-SYNTHETIC_MIX_10PCT_80K-20260224_234537,obj1_closer,output/phasevar_5/0010_phA05_phB04.png,Is the cyan sphere closer to the camera than the magenta cube? Answer with yes or no.,No,No,25.15625,25.96875,True
/data/shared/Qwen/mydisk/output/SYNTHETIC/NVILA-Lite-2B-SYNTHETIC_MIX_10PCT_80K-20260224_234537,obj1_closer,output/phasevar_5/0010_phA05_phB05.png,Is the cyan sphere closer to the camera than the magenta cube? Answer with yes or no.,No,No,25.15625,26.578125,True
/data/shared/Qwen/mydisk/output/SYNTHETIC/NVILA-Lite-2B-SYNTHETIC_MIX_10PCT_80K-20260224_234537,obj1_closer,output/phasevar_5/0010_phA05_phB06.png,Is the cyan sphere closer to the camera than the magenta cube? Answer with yes or no.,No,No,25.046875,26.34375,True
/data/shared/Qwen/mydisk/output/SYNTHETIC/NVILA-Lite-2B-SYNTHETIC_MIX_10PCT_80K-20260224_234537,obj1_closer,output/phasevar_5/0010_phA05_phB07.png,Is the cyan sphere closer to the camera than the magenta cube? Answer with yes or no.,No,No,24.84375,26.359375,True
/data/shared/Qwen/mydisk/output/SYNTHETIC/NVILA-Lite-2B-SYNTHETIC_MIX_10PCT_80K-20260224_234537,obj1_closer,output/phasevar_5/0010_phA05_phB08.png,Is the cyan sphere closer to the camera than the magenta cube? Answer with yes or no.,No,No,24.796875,25.625,True
/data/shared/Qwen/mydisk/output/SYNTHETIC/NVILA-Lite-2B-SYNTHETIC_MIX_10PCT_80K-20260224_234537,obj1_closer,output/phasevar_5/0010_phA05_phB09.png,Is the cyan sphere closer to the camera than the magenta cube? Answer with yes or no.,No,No,24.9375,25.796875,True
/data/shared/Qwen/mydisk/output/SYNTHETIC/NVILA-Lite-2B-SYNTHETIC_MIX_10PCT_80K-20260224_234537,obj1_closer,output/phasevar_5/0010_phA05_phB10.png,Is the cyan sphere closer to the camera than the magenta cube? Answer with yes or no.,No,No,25.0,25.8125,True
/data/shared/Qwen/mydisk/output/SYNTHETIC/NVILA-Lite-2B-SYNTHETIC_MIX_10PCT_80K-20260224_234537,obj1_closer,output/phasevar_5/0010_phA05_phB11.png,Is the cyan sphere closer to the camera than the magenta cube? Answer with yes or no.,No,No,24.734375,25.484375,True
/data/shared/Qwen/mydisk/output/SYNTHETIC/NVILA-Lite-2B-SYNTHETIC_MIX_10PCT_80K-20260224_234537,obj1_closer,output/phasevar_5/0010_phA05_phB12.png,Is the cyan sphere closer to the camera than the magenta cube? Answer with yes or no.,No,No,24.65625,25.125,True
/data/shared/Qwen/mydisk/output/SYNTHETIC/NVILA-Lite-2B-SYNTHETIC_MIX_10PCT_80K-20260224_234537,obj1_closer,output/phasevar_5/0010_phA05_phB13.png,Is the cyan sphere closer to the camera than the magenta cube? Answer with yes or no.,No,No,24.703125,25.453125,True
/data/shared/Qwen/mydisk/output/SYNTHETIC/NVILA-Lite-2B-SYNTHETIC_MIX_10PCT_80K-20260224_234537,obj1_closer,output/phasevar_5/0010_phA05_phB14.png,Is the cyan sphere closer to the camera than the magenta cube? Answer with yes or no.,No,No,24.234375,25.171875,True
/data/shared/Qwen/mydisk/output/SYNTHETIC/NVILA-Lite-2B-SYNTHETIC_MIX_10PCT_80K-20260224_234537,obj1_closer,output/phasevar_5/0010_phA05_phB15.png,Is the cyan sphere closer to the camera than the magenta cube? Answer with yes or no.,No,No,24.390625,25.46875,True
/data/shared/Qwen/mydisk/output/SYNTHETIC/NVILA-Lite-2B-SYNTHETIC_MIX_10PCT_80K-20260224_234537,obj1_closer,output/phasevar_5/0010_phA06_phB00.png,Is the cyan sphere closer to the camera than the magenta cube? Answer with yes or no.,No,No,25.40625,25.65625,True
/data/shared/Qwen/mydisk/output/SYNTHETIC/NVILA-Lite-2B-SYNTHETIC_MIX_10PCT_80K-20260224_234537,obj1_closer,output/phasevar_5/0010_phA06_phB01.png,Is the cyan sphere closer to the camera than the magenta cube? Answer with yes or no.,No,No,25.609375,26.5,True
/data/shared/Qwen/mydisk/output/SYNTHETIC/NVILA-Lite-2B-SYNTHETIC_MIX_10PCT_80K-20260224_234537,obj1_closer,output/phasevar_5/0010_phA06_phB02.png,Is the cyan sphere closer to the camera than the magenta cube? Answer with yes or no.,No,No,26.140625,26.921875,True
/data/shared/Qwen/mydisk/output/SYNTHETIC/NVILA-Lite-2B-SYNTHETIC_MIX_10PCT_80K-20260224_234537,obj1_closer,output/phasevar_5/0010_phA06_phB03.png,Is the cyan sphere closer to the camera than the magenta cube? Answer with yes or no.,No,No,25.375,25.859375,True
/data/shared/Qwen/mydisk/output/SYNTHETIC/NVILA-Lite-2B-SYNTHETIC_MIX_10PCT_80K-20260224_234537,obj1_closer,output/phasevar_5/0010_phA06_phB04.png,Is the cyan sphere closer to the camera than the magenta cube? Answer with yes or no.,No,No,25.265625,25.34375,True
/data/shared/Qwen/mydisk/output/SYNTHETIC/NVILA-Lite-2B-SYNTHETIC_MIX_10PCT_80K-20260224_234537,obj1_closer,output/phasevar_5/0010_phA06_phB05.png,Is the cyan sphere closer to the camera than the magenta cube? Answer with yes or no.,No,No,24.890625,26.125,True
/data/shared/Qwen/mydisk/output/SYNTHETIC/NVILA-Lite-2B-SYNTHETIC_MIX_10PCT_80K-20260224_234537,obj1_closer,output/phasevar_5/0010_phA06_phB06.png,Is the cyan sphere closer to the camera than the magenta cube? Answer with yes or no.,No,No,25.0,26.609375,True
/data/shared/Qwen/mydisk/output/SYNTHETIC/NVILA-Lite-2B-SYNTHETIC_MIX_10PCT_80K-20260224_234537,obj1_closer,output/phasevar_5/0010_phA06_phB07.png,Is the cyan sphere closer to the camera than the magenta cube? Answer with yes or no.,No,No,24.8125,26.578125,True
/data/shared/Qwen/mydisk/output/SYNTHETIC/NVILA-Lite-2B-SYNTHETIC_MIX_10PCT_80K-20260224_234537,obj1_closer,output/phasevar_5/0010_phA06_phB08.png,Is the cyan sphere closer to the camera than the magenta cube? Answer with yes or no.,No,No,24.71875,25.828125,True
/data/shared/Qwen/mydisk/output/SYNTHETIC/NVILA-Lite-2B-SYNTHETIC_MIX_10PCT_80K-20260224_234537,obj1_closer,output/phasevar_5/0010_phA06_phB09.png,Is the cyan sphere closer to the camera than the magenta cube? Answer with yes or no.,No,No,24.65625,25.921875,True
/data/shared/Qwen/mydisk/output/SYNTHETIC/NVILA-Lite-2B-SYNTHETIC_MIX_10PCT_80K-20260224_234537,obj1_closer,output/phasevar_5/0010_phA06_phB10.png,Is the cyan sphere closer to the camera than the magenta cube? Answer with yes or no.,No,No,24.53125,25.671875,True
/data/shared/Qwen/mydisk/output/SYNTHETIC/NVILA-Lite-2B-SYNTHETIC_MIX_10PCT_80K-20260224_234537,obj1_closer,output/phasevar_5/0010_phA06_phB11.png,Is the cyan sphere closer to the camera than the magenta cube? Answer with yes or no.,No,No,25.03125,25.484375,True
/data/shared/Qwen/mydisk/output/SYNTHETIC/NVILA-Lite-2B-SYNTHETIC_MIX_10PCT_80K-20260224_234537,obj1_closer,output/phasevar_5/0010_phA06_phB12.png,Is the cyan sphere closer to the camera than the magenta cube? Answer with yes or no.,No,Yes,25.84375,25.453125,False
/data/shared/Qwen/mydisk/output/SYNTHETIC/NVILA-Lite-2B-SYNTHETIC_MIX_10PCT_80K-20260224_234537,obj1_closer,output/phasevar_5/0010_phA06_phB13.png,Is the cyan sphere closer to the camera than the magenta cube? Answer with yes or no.,No,Yes,25.5625,25.546875,False
/data/shared/Qwen/mydisk/output/SYNTHETIC/NVILA-Lite-2B-SYNTHETIC_MIX_10PCT_80K-20260224_234537,obj1_closer,output/phasevar_5/0010_phA06_phB14.png,Is the cyan sphere closer to the camera than the magenta cube? Answer with yes or no.,No,No,24.609375,25.203125,True
/data/shared/Qwen/mydisk/output/SYNTHETIC/NVILA-Lite-2B-SYNTHETIC_MIX_10PCT_80K-20260224_234537,obj1_closer,output/phasevar_5/0010_phA06_phB15.png,Is the cyan sphere closer to the camera than the magenta cube? Answer with yes or no.,No,No,24.9375,25.4375,True
/data/shared/Qwen/mydisk/output/SYNTHETIC/NVILA-Lite-2B-SYNTHETIC_MIX_10PCT_80K-20260224_234537,obj1_closer,output/phasevar_5/0010_phA07_phB00.png,Is the cyan sphere closer to the camera than the magenta cube? Answer with yes or no.,No,No,25.46875,25.96875,True
/data/shared/Qwen/mydisk/output/SYNTHETIC/NVILA-Lite-2B-SYNTHETIC_MIX_10PCT_80K-20260224_234537,obj1_closer,output/phasevar_5/0010_phA07_phB01.png,Is the cyan sphere closer to the camera than the magenta cube? Answer with yes or no.,No,No,26.234375,26.953125,True
/data/shared/Qwen/mydisk/output/SYNTHETIC/NVILA-Lite-2B-SYNTHETIC_MIX_10PCT_80K-20260224_234537,obj1_closer,output/phasevar_5/0010_phA07_phB02.png,Is the cyan sphere closer to the camera than the magenta cube? Answer with yes or no.,No,No,26.515625,26.875,True
/data/shared/Qwen/mydisk/output/SYNTHETIC/NVILA-Lite-2B-SYNTHETIC_MIX_10PCT_80K-20260224_234537,obj1_closer,output/phasevar_5/0010_phA07_phB03.png,Is the cyan sphere closer to the camera than the magenta cube? Answer with yes or no.,No,Yes,26.296875,26.0,False
/data/shared/Qwen/mydisk/output/SYNTHETIC/NVILA-Lite-2B-SYNTHETIC_MIX_10PCT_80K-20260224_234537,obj1_closer,output/phasevar_5/0010_phA07_phB04.png,Is the cyan sphere closer to the camera than the magenta cube? Answer with yes or no.,No,Yes,26.6875,25.46875,False
/data/shared/Qwen/mydisk/output/SYNTHETIC/NVILA-Lite-2B-SYNTHETIC_MIX_10PCT_80K-20260224_234537,obj1_closer,output/phasevar_5/0010_phA07_phB05.png,Is the cyan sphere closer to the camera than the magenta cube? Answer with yes or no.,No,No,25.84375,25.984375,True
/data/shared/Qwen/mydisk/output/SYNTHETIC/NVILA-Lite-2B-SYNTHETIC_MIX_10PCT_80K-20260224_234537,obj1_closer,output/phasevar_5/0010_phA07_phB06.png,Is the cyan sphere closer to the camera than the magenta cube? Answer with yes or no.,No,No,25.75,26.703125,True
/data/shared/Qwen/mydisk/output/SYNTHETIC/NVILA-Lite-2B-SYNTHETIC_MIX_10PCT_80K-20260224_234537,obj1_closer,output/phasevar_5/0010_phA07_phB07.png,Is the cyan sphere closer to the camera than the magenta cube? Answer with yes or no.,No,No,25.40625,26.8125,True
/data/shared/Qwen/mydisk/output/SYNTHETIC/NVILA-Lite-2B-SYNTHETIC_MIX_10PCT_80K-20260224_234537,obj1_closer,output/phasevar_5/0010_phA07_phB08.png,Is the cyan sphere closer to the camera than the magenta cube? Answer with yes or no.,No,No,24.625,26.125,True
/data/shared/Qwen/mydisk/output/SYNTHETIC/NVILA-Lite-2B-SYNTHETIC_MIX_10PCT_80K-20260224_234537,obj1_closer,output/phasevar_5/0010_phA07_phB09.png,Is the cyan sphere closer to the camera than the magenta cube? Answer with yes or no.,No,No,24.65625,25.890625,True
/data/shared/Qwen/mydisk/output/SYNTHETIC/NVILA-Lite-2B-SYNTHETIC_MIX_10PCT_80K-20260224_234537,obj1_closer,output/phasevar_5/0010_phA07_phB10.png,Is the cyan sphere closer to the camera than the magenta cube? Answer with yes or no.,No,No,24.859375,25.671875,True
/data/shared/Qwen/mydisk/output/SYNTHETIC/NVILA-Lite-2B-SYNTHETIC_MIX_10PCT_80K-20260224_234537,obj1_closer,output/phasevar_5/0010_phA07_phB11.png,Is the cyan sphere closer to the camera than the magenta cube? Answer with yes or no.,No,No,25.234375,25.328125,True
/data/shared/Qwen/mydisk/output/SYNTHETIC/NVILA-Lite-2B-SYNTHETIC_MIX_10PCT_80K-20260224_234537,obj1_closer,output/phasevar_5/0010_phA07_phB12.png,Is the cyan sphere closer to the camera than the magenta cube? Answer with yes or no.,No,Yes,25.9375,25.265625,False
/data/shared/Qwen/mydisk/output/SYNTHETIC/NVILA-Lite-2B-SYNTHETIC_MIX_10PCT_80K-20260224_234537,obj1_closer,output/phasevar_5/0010_phA07_phB13.png,Is the cyan sphere closer to the camera than the magenta cube? Answer with yes or no.,No,Yes,25.71875,25.40625,False
/data/shared/Qwen/mydisk/output/SYNTHETIC/NVILA-Lite-2B-SYNTHETIC_MIX_10PCT_80K-20260224_234537,obj1_closer,output/phasevar_5/0010_phA07_phB14.png,Is the cyan sphere closer to the camera than the magenta cube? Answer with yes or no.,No,No,24.8125,25.296875,True
/data/shared/Qwen/mydisk/output/SYNTHETIC/NVILA-Lite-2B-SYNTHETIC_MIX_10PCT_80K-20260224_234537,obj1_closer,output/phasevar_5/0010_phA07_phB15.png,Is the cyan sphere closer to the camera than the magenta cube? Answer with yes or no.,No,No,24.96875,25.6875,True
/data/shared/Qwen/mydisk/output/SYNTHETIC/NVILA-Lite-2B-SYNTHETIC_MIX_10PCT_80K-20260224_234537,obj1_closer,output/phasevar_5/0010_phA08_phB00.png,Is the cyan sphere closer to the camera than the magenta cube? Answer with yes or no.,No,No,26.0,26.234375,True
/data/shared/Qwen/mydisk/output/SYNTHETIC/NVILA-Lite-2B-SYNTHETIC_MIX_10PCT_80K-20260224_234537,obj1_closer,output/phasevar_5/0010_phA08_phB01.png,Is the cyan sphere closer to the camera than the magenta cube? Answer with yes or no.,No,No,26.6875,26.90625,True
/data/shared/Qwen/mydisk/output/SYNTHETIC/NVILA-Lite-2B-SYNTHETIC_MIX_10PCT_80K-20260224_234537,obj1_closer,output/phasevar_5/0010_phA08_phB02.png,Is the cyan sphere closer to the camera than the magenta cube? Answer with yes or no.,No,Yes,27.109375,26.9375,False
/data/shared/Qwen/mydisk/output/SYNTHETIC/NVILA-Lite-2B-SYNTHETIC_MIX_10PCT_80K-20260224_234537,obj1_closer,output/phasevar_5/0010_phA08_phB03.png,Is the cyan sphere closer to the camera than the magenta cube? Answer with yes or no.,No,Yes,26.84375,26.0,False
/data/shared/Qwen/mydisk/output/SYNTHETIC/NVILA-Lite-2B-SYNTHETIC_MIX_10PCT_80K-20260224_234537,obj1_closer,output/phasevar_5/0010_phA08_phB04.png,Is the cyan sphere closer to the camera than the magenta cube? Answer with yes or no.,No,Yes,26.859375,25.53125,False
/data/shared/Qwen/mydisk/output/SYNTHETIC/NVILA-Lite-2B-SYNTHETIC_MIX_10PCT_80K-20260224_234537,obj1_closer,output/phasevar_5/0010_phA08_phB05.png,Is the cyan sphere closer to the camera than the magenta cube? Answer with yes or no.,No,Yes,26.0,25.828125,False
/data/shared/Qwen/mydisk/output/SYNTHETIC/NVILA-Lite-2B-SYNTHETIC_MIX_10PCT_80K-20260224_234537,obj1_closer,output/phasevar_5/0010_phA08_phB06.png,Is the cyan sphere closer to the camera than the magenta cube? Answer with yes or no.,No,No,25.984375,26.75,True
/data/shared/Qwen/mydisk/output/SYNTHETIC/NVILA-Lite-2B-SYNTHETIC_MIX_10PCT_80K-20260224_234537,obj1_closer,output/phasevar_5/0010_phA08_phB07.png,Is the cyan sphere closer to the camera than the magenta cube? Answer with yes or no.,No,No,25.625,26.78125,True
/data/shared/Qwen/mydisk/output/SYNTHETIC/NVILA-Lite-2B-SYNTHETIC_MIX_10PCT_80K-20260224_234537,obj1_closer,output/phasevar_5/0010_phA08_phB08.png,Is the cyan sphere closer to the camera than the magenta cube? Answer with yes or no.,No,No,24.703125,26.421875,True
/data/shared/Qwen/mydisk/output/SYNTHETIC/NVILA-Lite-2B-SYNTHETIC_MIX_10PCT_80K-20260224_234537,obj1_closer,output/phasevar_5/0010_phA08_phB09.png,Is the cyan sphere closer to the camera than the magenta cube? Answer with yes or no.,No,No,24.59375,26.25,True
/data/shared/Qwen/mydisk/output/SYNTHETIC/NVILA-Lite-2B-SYNTHETIC_MIX_10PCT_80K-20260224_234537,obj1_closer,output/phasevar_5/0010_phA08_phB10.png,Is the cyan sphere closer to the camera than the magenta cube? Answer with yes or no.,No,No,24.703125,25.828125,True
/data/shared/Qwen/mydisk/output/SYNTHETIC/NVILA-Lite-2B-SYNTHETIC_MIX_10PCT_80K-20260224_234537,obj1_closer,output/phasevar_5/0010_phA08_phB11.png,Is the cyan sphere closer to the camera than the magenta cube? Answer with yes or no.,No,No,24.734375,25.28125,True
/data/shared/Qwen/mydisk/output/SYNTHETIC/NVILA-Lite-2B-SYNTHETIC_MIX_10PCT_80K-20260224_234537,obj1_closer,output/phasevar_5/0010_phA08_phB12.png,Is the cyan sphere closer to the camera than the magenta cube? Answer with yes or no.,No,Yes,25.625,25.375,False
/data/shared/Qwen/mydisk/output/SYNTHETIC/NVILA-Lite-2B-SYNTHETIC_MIX_10PCT_80K-20260224_234537,obj1_closer,output/phasevar_5/0010_phA08_phB13.png,Is the cyan sphere closer to the camera than the magenta cube? Answer with yes or no.,No,Yes,25.34375,25.234375,False
/data/shared/Qwen/mydisk/output/SYNTHETIC/NVILA-Lite-2B-SYNTHETIC_MIX_10PCT_80K-20260224_234537,obj1_closer,output/phasevar_5/0010_phA08_phB14.png,Is the cyan sphere closer to the camera than the magenta cube? Answer with yes or no.,No,No,24.875,25.40625,True
/data/shared/Qwen/mydisk/output/SYNTHETIC/NVILA-Lite-2B-SYNTHETIC_MIX_10PCT_80K-20260224_234537,obj1_closer,output/phasevar_5/0010_phA08_phB15.png,Is the cyan sphere closer to the camera than the magenta cube? Answer with yes or no.,No,No,25.203125,25.9375,True
/data/shared/Qwen/mydisk/output/SYNTHETIC/NVILA-Lite-2B-SYNTHETIC_MIX_10PCT_80K-20260224_234537,obj1_closer,output/phasevar_5/0010_phA09_phB00.png,Is the cyan sphere closer to the camera than the magenta cube? Answer with yes or no.,No,No,26.1875,26.671875,True
/data/shared/Qwen/mydisk/output/SYNTHETIC/NVILA-Lite-2B-SYNTHETIC_MIX_10PCT_80K-20260224_234537,obj1_closer,output/phasevar_5/0010_phA09_phB01.png,Is the cyan sphere closer to the camera than the magenta cube? Answer with yes or no.,No,No,26.75,26.921875,True
/data/shared/Qwen/mydisk/output/SYNTHETIC/NVILA-Lite-2B-SYNTHETIC_MIX_10PCT_80K-20260224_234537,obj1_closer,output/phasevar_5/0010_phA09_phB02.png,Is the cyan sphere closer to the camera than the magenta cube? Answer with yes or no.,No,Yes,27.421875,27.28125,False
/data/shared/Qwen/mydisk/output/SYNTHETIC/NVILA-Lite-2B-SYNTHETIC_MIX_10PCT_80K-20260224_234537,obj1_closer,output/phasevar_5/0010_phA09_phB03.png,Is the cyan sphere closer to the camera than the magenta cube? Answer with yes or no.,No,Yes,27.171875,26.390625,False
/data/shared/Qwen/mydisk/output/SYNTHETIC/NVILA-Lite-2B-SYNTHETIC_MIX_10PCT_80K-20260224_234537,obj1_closer,output/phasevar_5/0010_phA09_phB04.png,Is the cyan sphere closer to the camera than the magenta cube? Answer with yes or no.,No,Yes,27.1875,25.953125,False
/data/shared/Qwen/mydisk/output/SYNTHETIC/NVILA-Lite-2B-SYNTHETIC_MIX_10PCT_80K-20260224_234537,obj1_closer,output/phasevar_5/0010_phA09_phB05.png,Is the cyan sphere closer to the camera than the magenta cube? Answer with yes or no.,No,No,26.359375,26.40625,True
/data/shared/Qwen/mydisk/output/SYNTHETIC/NVILA-Lite-2B-SYNTHETIC_MIX_10PCT_80K-20260224_234537,obj1_closer,output/phasevar_5/0010_phA09_phB06.png,Is the cyan sphere closer to the camera than the magenta cube? Answer with yes or no.,No,No,26.03125,26.65625,True
/data/shared/Qwen/mydisk/output/SYNTHETIC/NVILA-Lite-2B-SYNTHETIC_MIX_10PCT_80K-20260224_234537,obj1_closer,output/phasevar_5/0010_phA09_phB07.png,Is the cyan sphere closer to the camera than the magenta cube? Answer with yes or no.,No,No,25.75,26.671875,True
/data/shared/Qwen/mydisk/output/SYNTHETIC/NVILA-Lite-2B-SYNTHETIC_MIX_10PCT_80K-20260224_234537,obj1_closer,output/phasevar_5/0010_phA09_phB08.png,Is the cyan sphere closer to the camera than the magenta cube? Answer with yes or no.,No,No,24.9375,26.390625,True
/data/shared/Qwen/mydisk/output/SYNTHETIC/NVILA-Lite-2B-SYNTHETIC_MIX_10PCT_80K-20260224_234537,obj1_closer,output/phasevar_5/0010_phA09_phB09.png,Is the cyan sphere closer to the camera than the magenta cube? Answer with yes or no.,No,No,24.671875,26.21875,True
/data/shared/Qwen/mydisk/output/SYNTHETIC/NVILA-Lite-2B-SYNTHETIC_MIX_10PCT_80K-20260224_234537,obj1_closer,output/phasevar_5/0010_phA09_phB10.png,Is the cyan sphere closer to the camera than the magenta cube? Answer with yes or no.,No,No,24.75,25.75,True
/data/shared/Qwen/mydisk/output/SYNTHETIC/NVILA-Lite-2B-SYNTHETIC_MIX_10PCT_80K-20260224_234537,obj1_closer,output/phasevar_5/0010_phA09_phB11.png,Is the cyan sphere closer to the camera than the magenta cube? Answer with yes or no.,No,No,25.0,25.46875,True
/data/shared/Qwen/mydisk/output/SYNTHETIC/NVILA-Lite-2B-SYNTHETIC_MIX_10PCT_80K-20260224_234537,obj1_closer,output/phasevar_5/0010_phA09_phB12.png,Is the cyan sphere closer to the camera than the magenta cube? Answer with yes or no.,No,Yes,26.015625,25.734375,False
/data/shared/Qwen/mydisk/output/SYNTHETIC/NVILA-Lite-2B-SYNTHETIC_MIX_10PCT_80K-20260224_234537,obj1_closer,output/phasevar_5/0010_phA09_phB13.png,Is the cyan sphere closer to the camera than the magenta cube? Answer with yes or no.,No,No,25.515625,25.640625,True
/data/shared/Qwen/mydisk/output/SYNTHETIC/NVILA-Lite-2B-SYNTHETIC_MIX_10PCT_80K-20260224_234537,obj1_closer,output/phasevar_5/0010_phA09_phB14.png,Is the cyan sphere closer to the camera than the magenta cube? Answer with yes or no.,No,No,25.015625,25.59375,True
/data/shared/Qwen/mydisk/output/SYNTHETIC/NVILA-Lite-2B-SYNTHETIC_MIX_10PCT_80K-20260224_234537,obj1_closer,output/phasevar_5/0010_phA09_phB15.png,Is the cyan sphere closer to the camera than the magenta cube? Answer with yes or no.,No,No,25.234375,26.25,True
/data/shared/Qwen/mydisk/output/SYNTHETIC/NVILA-Lite-2B-SYNTHETIC_MIX_10PCT_80K-20260224_234537,obj1_closer,output/phasevar_5/0010_phA10_phB00.png,Is the cyan sphere closer to the camera than the magenta cube? Answer with yes or no.,No,Yes,27.515625,26.25,False
/data/shared/Qwen/mydisk/output/SYNTHETIC/NVILA-Lite-2B-SYNTHETIC_MIX_10PCT_80K-20260224_234537,obj1_closer,output/phasevar_5/0010_phA10_phB01.png,Is the cyan sphere closer to the camera than the magenta cube? Answer with yes or no.,No,Yes,27.9375,26.78125,False
/data/shared/Qwen/mydisk/output/SYNTHETIC/NVILA-Lite-2B-SYNTHETIC_MIX_10PCT_80K-20260224_234537,obj1_closer,output/phasevar_5/0010_phA10_phB02.png,Is the cyan sphere closer to the camera than the magenta cube? Answer with yes or no.,No,Yes,28.15625,26.8125,False
/data/shared/Qwen/mydisk/output/SYNTHETIC/NVILA-Lite-2B-SYNTHETIC_MIX_10PCT_80K-20260224_234537,obj1_closer,output/phasevar_5/0010_phA10_phB03.png,Is the cyan sphere closer to the camera than the magenta cube? Answer with yes or no.,No,Yes,27.5,25.359375,False
/data/shared/Qwen/mydisk/output/SYNTHETIC/NVILA-Lite-2B-SYNTHETIC_MIX_10PCT_80K-20260224_234537,obj1_closer,output/phasevar_5/0010_phA10_phB04.png,Is the cyan sphere closer to the camera than the magenta cube? Answer with yes or no.,No,Yes,26.890625,24.734375,False
/data/shared/Qwen/mydisk/output/SYNTHETIC/NVILA-Lite-2B-SYNTHETIC_MIX_10PCT_80K-20260224_234537,obj1_closer,output/phasevar_5/0010_phA10_phB05.png,Is the cyan sphere closer to the camera than the magenta cube? Answer with yes or no.,No,Yes,26.4375,25.4375,False
/data/shared/Qwen/mydisk/output/SYNTHETIC/NVILA-Lite-2B-SYNTHETIC_MIX_10PCT_80K-20260224_234537,obj1_closer,output/phasevar_5/0010_phA10_phB06.png,Is the cyan sphere closer to the camera than the magenta cube? Answer with yes or no.,No,Yes,26.65625,26.3125,False
/data/shared/Qwen/mydisk/output/SYNTHETIC/NVILA-Lite-2B-SYNTHETIC_MIX_10PCT_80K-20260224_234537,obj1_closer,output/phasevar_5/0010_phA10_phB07.png,Is the cyan sphere closer to the camera than the magenta cube? Answer with yes or no.,No,Yes,26.703125,26.59375,False
/data/shared/Qwen/mydisk/output/SYNTHETIC/NVILA-Lite-2B-SYNTHETIC_MIX_10PCT_80K-20260224_234537,obj1_closer,output/phasevar_5/0010_phA10_phB08.png,Is the cyan sphere closer to the camera than the magenta cube? Answer with yes or no.,No,Yes,26.03125,25.953125,False
/data/shared/Qwen/mydisk/output/SYNTHETIC/NVILA-Lite-2B-SYNTHETIC_MIX_10PCT_80K-20260224_234537,obj1_closer,output/phasevar_5/0010_phA10_phB09.png,Is the cyan sphere closer to the camera than the magenta cube? Answer with yes or no.,No,No,25.078125,26.21875,True
/data/shared/Qwen/mydisk/output/SYNTHETIC/NVILA-Lite-2B-SYNTHETIC_MIX_10PCT_80K-20260224_234537,obj1_closer,output/phasevar_5/0010_phA10_phB10.png,Is the cyan sphere closer to the camera than the magenta cube? Answer with yes or no.,No,No,25.03125,26.0,True
/data/shared/Qwen/mydisk/output/SYNTHETIC/NVILA-Lite-2B-SYNTHETIC_MIX_10PCT_80K-20260224_234537,obj1_closer,output/phasevar_5/0010_phA10_phB11.png,Is the cyan sphere closer to the camera than the magenta cube? Answer with yes or no.,No,No,25.359375,25.71875,True
/data/shared/Qwen/mydisk/output/SYNTHETIC/NVILA-Lite-2B-SYNTHETIC_MIX_10PCT_80K-20260224_234537,obj1_closer,output/phasevar_5/0010_phA10_phB12.png,Is the cyan sphere closer to the camera than the magenta cube? Answer with yes or no.,No,Yes,26.65625,25.859375,False
/data/shared/Qwen/mydisk/output/SYNTHETIC/NVILA-Lite-2B-SYNTHETIC_MIX_10PCT_80K-20260224_234537,obj1_closer,output/phasevar_5/0010_phA10_phB13.png,Is the cyan sphere closer to the camera than the magenta cube? Answer with yes or no.,No,Yes,26.734375,25.921875,False
/data/shared/Qwen/mydisk/output/SYNTHETIC/NVILA-Lite-2B-SYNTHETIC_MIX_10PCT_80K-20260224_234537,obj1_closer,output/phasevar_5/0010_phA10_phB14.png,Is the cyan sphere closer to the camera than the magenta cube? Answer with yes or no.,No,Yes,25.9375,25.65625,False
/data/shared/Qwen/mydisk/output/SYNTHETIC/NVILA-Lite-2B-SYNTHETIC_MIX_10PCT_80K-20260224_234537,obj1_closer,output/phasevar_5/0010_phA10_phB15.png,Is the cyan sphere closer to the camera than the magenta cube? Answer with yes or no.,No,Yes,27.15625,26.765625,False
/data/shared/Qwen/mydisk/output/SYNTHETIC/NVILA-Lite-2B-SYNTHETIC_MIX_10PCT_80K-20260224_234537,obj1_closer,output/phasevar_5/0010_phA11_phB00.png,Is the cyan sphere closer to the camera than the magenta cube? Answer with yes or no.,No,Yes,26.859375,25.71875,False
/data/shared/Qwen/mydisk/output/SYNTHETIC/NVILA-Lite-2B-SYNTHETIC_MIX_10PCT_80K-20260224_234537,obj1_closer,output/phasevar_5/0010_phA11_phB01.png,Is the cyan sphere closer to the camera than the magenta cube? Answer with yes or no.,No,Yes,27.09375,26.1875,False
/data/shared/Qwen/mydisk/output/SYNTHETIC/NVILA-Lite-2B-SYNTHETIC_MIX_10PCT_80K-20260224_234537,obj1_closer,output/phasevar_5/0010_phA11_phB02.png,Is the cyan sphere closer to the camera than the magenta cube? Answer with yes or no.,No,Yes,27.359375,26.3125,False
/data/shared/Qwen/mydisk/output/SYNTHETIC/NVILA-Lite-2B-SYNTHETIC_MIX_10PCT_80K-20260224_234537,obj1_closer,output/phasevar_5/0010_phA11_phB03.png,Is the cyan sphere closer to the camera than the magenta cube? Answer with yes or no.,No,Yes,26.421875,25.125,False
/data/shared/Qwen/mydisk/output/SYNTHETIC/NVILA-Lite-2B-SYNTHETIC_MIX_10PCT_80K-20260224_234537,obj1_closer,output/phasevar_5/0010_phA11_phB04.png,Is the cyan sphere closer to the camera than the magenta cube? Answer with yes or no.,No,Yes,26.328125,25.015625,False
/data/shared/Qwen/mydisk/output/SYNTHETIC/NVILA-Lite-2B-SYNTHETIC_MIX_10PCT_80K-20260224_234537,obj1_closer,output/phasevar_5/0010_phA11_phB05.png,Is the cyan sphere closer to the camera than the magenta cube? Answer with yes or no.,No,Yes,25.9375,25.515625,False
/data/shared/Qwen/mydisk/output/SYNTHETIC/NVILA-Lite-2B-SYNTHETIC_MIX_10PCT_80K-20260224_234537,obj1_closer,output/phasevar_5/0010_phA11_phB06.png,Is the cyan sphere closer to the camera than the magenta cube? Answer with yes or no.,No,Yes,26.09375,26.046875,False
/data/shared/Qwen/mydisk/output/SYNTHETIC/NVILA-Lite-2B-SYNTHETIC_MIX_10PCT_80K-20260224_234537,obj1_closer,output/phasevar_5/0010_phA11_phB07.png,Is the cyan sphere closer to the camera than the magenta cube? Answer with yes or no.,No,No,26.296875,26.5625,True
/data/shared/Qwen/mydisk/output/SYNTHETIC/NVILA-Lite-2B-SYNTHETIC_MIX_10PCT_80K-20260224_234537,obj1_closer,output/phasevar_5/0010_phA11_phB08.png,Is the cyan sphere closer to the camera than the magenta cube? Answer with yes or no.,No,No,25.59375,25.609375,True
/data/shared/Qwen/mydisk/output/SYNTHETIC/NVILA-Lite-2B-SYNTHETIC_MIX_10PCT_80K-20260224_234537,obj1_closer,output/phasevar_5/0010_phA11_phB09.png,Is the cyan sphere closer to the camera than the magenta cube? Answer with yes or no.,No,No,24.390625,25.71875,True
/data/shared/Qwen/mydisk/output/SYNTHETIC/NVILA-Lite-2B-SYNTHETIC_MIX_10PCT_80K-20260224_234537,obj1_closer,output/phasevar_5/0010_phA11_phB10.png,Is the cyan sphere closer to the camera than the magenta cube? Answer with yes or no.,No,No,24.609375,25.765625,True
/data/shared/Qwen/mydisk/output/SYNTHETIC/NVILA-Lite-2B-SYNTHETIC_MIX_10PCT_80K-20260224_234537,obj1_closer,output/phasevar_5/0010_phA11_phB11.png,Is the cyan sphere closer to the camera than the magenta cube? Answer with yes or no.,No,No,24.296875,25.671875,True
/data/shared/Qwen/mydisk/output/SYNTHETIC/NVILA-Lite-2B-SYNTHETIC_MIX_10PCT_80K-20260224_234537,obj1_closer,output/phasevar_5/0010_phA11_phB12.png,Is the cyan sphere closer to the camera than the magenta cube? Answer with yes or no.,No,No,24.6875,25.421875,True
/data/shared/Qwen/mydisk/output/SYNTHETIC/NVILA-Lite-2B-SYNTHETIC_MIX_10PCT_80K-20260224_234537,obj1_closer,output/phasevar_5/0010_phA11_phB13.png,Is the cyan sphere closer to the camera than the magenta cube? Answer with yes or no.,No,No,25.21875,25.453125,True
/data/shared/Qwen/mydisk/output/SYNTHETIC/NVILA-Lite-2B-SYNTHETIC_MIX_10PCT_80K-20260224_234537,obj1_closer,output/phasevar_5/0010_phA11_phB14.png,Is the cyan sphere closer to the camera than the magenta cube? Answer with yes or no.,No,No,25.0625,25.390625,True
/data/shared/Qwen/mydisk/output/SYNTHETIC/NVILA-Lite-2B-SYNTHETIC_MIX_10PCT_80K-20260224_234537,obj1_closer,output/phasevar_5/0010_phA11_phB15.png,Is the cyan sphere closer to the camera than the magenta cube? Answer with yes or no.,No,No,26.015625,26.1875,True
/data/shared/Qwen/mydisk/output/SYNTHETIC/NVILA-Lite-2B-SYNTHETIC_MIX_10PCT_80K-20260224_234537,obj1_closer,output/phasevar_5/0010_phA12_phB00.png,Is the cyan sphere closer to the camera than the magenta cube? Answer with yes or no.,No,Yes,26.375,26.0,False
/data/shared/Qwen/mydisk/output/SYNTHETIC/NVILA-Lite-2B-SYNTHETIC_MIX_10PCT_80K-20260224_234537,obj1_closer,output/phasevar_5/0010_phA12_phB01.png,Is the cyan sphere closer to the camera than the magenta cube? Answer with yes or no.,No,Yes,27.15625,26.828125,False
/data/shared/Qwen/mydisk/output/SYNTHETIC/NVILA-Lite-2B-SYNTHETIC_MIX_10PCT_80K-20260224_234537,obj1_closer,output/phasevar_5/0010_phA12_phB02.png,Is the cyan sphere closer to the camera than the magenta cube? Answer with yes or no.,No,Yes,27.5,26.734375,False
/data/shared/Qwen/mydisk/output/SYNTHETIC/NVILA-Lite-2B-SYNTHETIC_MIX_10PCT_80K-20260224_234537,obj1_closer,output/phasevar_5/0010_phA12_phB03.png,Is the cyan sphere closer to the camera than the magenta cube? Answer with yes or no.,No,Yes,26.546875,25.515625,False
/data/shared/Qwen/mydisk/output/SYNTHETIC/NVILA-Lite-2B-SYNTHETIC_MIX_10PCT_80K-20260224_234537,obj1_closer,output/phasevar_5/0010_phA12_phB04.png,Is the cyan sphere closer to the camera than the magenta cube? Answer with yes or no.,No,Yes,26.296875,24.96875,False
/data/shared/Qwen/mydisk/output/SYNTHETIC/NVILA-Lite-2B-SYNTHETIC_MIX_10PCT_80K-20260224_234537,obj1_closer,output/phasevar_5/0010_phA12_phB05.png,Is the cyan sphere closer to the camera than the magenta cube? Answer with yes or no.,No,Yes,25.984375,25.640625,False
/data/shared/Qwen/mydisk/output/SYNTHETIC/NVILA-Lite-2B-SYNTHETIC_MIX_10PCT_80K-20260224_234537,obj1_closer,output/phasevar_5/0010_phA12_phB06.png,Is the cyan sphere closer to the camera than the magenta cube? Answer with yes or no.,No,No,26.3125,26.5,True
/data/shared/Qwen/mydisk/output/SYNTHETIC/NVILA-Lite-2B-SYNTHETIC_MIX_10PCT_80K-20260224_234537,obj1_closer,output/phasevar_5/0010_phA12_phB07.png,Is the cyan sphere closer to the camera than the magenta cube? Answer with yes or no.,No,No,26.265625,26.78125,True
/data/shared/Qwen/mydisk/output/SYNTHETIC/NVILA-Lite-2B-SYNTHETIC_MIX_10PCT_80K-20260224_234537,obj1_closer,output/phasevar_5/0010_phA12_phB08.png,Is the cyan sphere closer to the camera than the magenta cube? Answer with yes or no.,No,No,25.546875,25.78125,True
/data/shared/Qwen/mydisk/output/SYNTHETIC/NVILA-Lite-2B-SYNTHETIC_MIX_10PCT_80K-20260224_234537,obj1_closer,output/phasevar_5/0010_phA12_phB09.png,Is the cyan sphere closer to the camera than the magenta cube? Answer with yes or no.,No,No,24.296875,25.421875,True
/data/shared/Qwen/mydisk/output/SYNTHETIC/NVILA-Lite-2B-SYNTHETIC_MIX_10PCT_80K-20260224_234537,obj1_closer,output/phasevar_5/0010_phA12_phB10.png,Is the cyan sphere closer to the camera than the magenta cube? Answer with yes or no.,No,No,24.640625,25.796875,True
/data/shared/Qwen/mydisk/output/SYNTHETIC/NVILA-Lite-2B-SYNTHETIC_MIX_10PCT_80K-20260224_234537,obj1_closer,output/phasevar_5/0010_phA12_phB11.png,Is the cyan sphere closer to the camera than the magenta cube? Answer with yes or no.,No,No,24.1875,25.65625,True
/data/shared/Qwen/mydisk/output/SYNTHETIC/NVILA-Lite-2B-SYNTHETIC_MIX_10PCT_80K-20260224_234537,obj1_closer,output/phasevar_5/0010_phA12_phB12.png,Is the cyan sphere closer to the camera than the magenta cube? Answer with yes or no.,No,No,24.4375,25.875,True
/data/shared/Qwen/mydisk/output/SYNTHETIC/NVILA-Lite-2B-SYNTHETIC_MIX_10PCT_80K-20260224_234537,obj1_closer,output/phasevar_5/0010_phA12_phB13.png,Is the cyan sphere closer to the camera than the magenta cube? Answer with yes or no.,No,No,24.609375,25.390625,True
/data/shared/Qwen/mydisk/output/SYNTHETIC/NVILA-Lite-2B-SYNTHETIC_MIX_10PCT_80K-20260224_234537,obj1_closer,output/phasevar_5/0010_phA12_phB14.png,Is the cyan sphere closer to the camera than the magenta cube? Answer with yes or no.,No,No,24.75,25.46875,True
/data/shared/Qwen/mydisk/output/SYNTHETIC/NVILA-Lite-2B-SYNTHETIC_MIX_10PCT_80K-20260224_234537,obj1_closer,output/phasevar_5/0010_phA12_phB15.png,Is the cyan sphere closer to the camera than the magenta cube? Answer with yes or no.,No,No,25.328125,26.078125,True
/data/shared/Qwen/mydisk/output/SYNTHETIC/NVILA-Lite-2B-SYNTHETIC_MIX_10PCT_80K-20260224_234537,obj1_closer,output/phasevar_5/0010_phA13_phB00.png,Is the cyan sphere closer to the camera than the magenta cube? Answer with yes or no.,No,Yes,25.828125,25.21875,False
/data/shared/Qwen/mydisk/output/SYNTHETIC/NVILA-Lite-2B-SYNTHETIC_MIX_10PCT_80K-20260224_234537,obj1_closer,output/phasevar_5/0010_phA13_phB01.png,Is the cyan sphere closer to the camera than the magenta cube? Answer with yes or no.,No,Yes,26.609375,25.6875,False
/data/shared/Qwen/mydisk/output/SYNTHETIC/NVILA-Lite-2B-SYNTHETIC_MIX_10PCT_80K-20260224_234537,obj1_closer,output/phasevar_5/0010_phA13_phB02.png,Is the cyan sphere closer to the camera than the magenta cube? Answer with yes or no.,No,Yes,27.328125,26.265625,False
/data/shared/Qwen/mydisk/output/SYNTHETIC/NVILA-Lite-2B-SYNTHETIC_MIX_10PCT_80K-20260224_234537,obj1_closer,output/phasevar_5/0010_phA13_phB03.png,Is the cyan sphere closer to the camera than the magenta cube? Answer with yes or no.,No,Yes,26.453125,25.203125,False
/data/shared/Qwen/mydisk/output/SYNTHETIC/NVILA-Lite-2B-SYNTHETIC_MIX_10PCT_80K-20260224_234537,obj1_closer,output/phasevar_5/0010_phA13_phB04.png,Is the cyan sphere closer to the camera than the magenta cube? Answer with yes or no.,No,Yes,26.984375,25.203125,False
/data/shared/Qwen/mydisk/output/SYNTHETIC/NVILA-Lite-2B-SYNTHETIC_MIX_10PCT_80K-20260224_234537,obj1_closer,output/phasevar_5/0010_phA13_phB05.png,Is the cyan sphere closer to the camera than the magenta cube? Answer with yes or no.,No,Yes,26.5625,25.859375,False
/data/shared/Qwen/mydisk/output/SYNTHETIC/NVILA-Lite-2B-SYNTHETIC_MIX_10PCT_80K-20260224_234537,obj1_closer,output/phasevar_5/0010_phA13_phB06.png,Is the cyan sphere closer to the camera than the magenta cube? Answer with yes or no.,No,Yes,26.5,26.421875,False
/data/shared/Qwen/mydisk/output/SYNTHETIC/NVILA-Lite-2B-SYNTHETIC_MIX_10PCT_80K-20260224_234537,obj1_closer,output/phasevar_5/0010_phA13_phB07.png,Is the cyan sphere closer to the camera than the magenta cube? Answer with yes or no.,No,Yes,26.265625,26.21875,False
/data/shared/Qwen/mydisk/output/SYNTHETIC/NVILA-Lite-2B-SYNTHETIC_MIX_10PCT_80K-20260224_234537,obj1_closer,output/phasevar_5/0010_phA13_phB08.png,Is the cyan sphere closer to the camera than the magenta cube? Answer with yes or no.,No,Yes,25.6875,25.46875,False
/data/shared/Qwen/mydisk/output/SYNTHETIC/NVILA-Lite-2B-SYNTHETIC_MIX_10PCT_80K-20260224_234537,obj1_closer,output/phasevar_5/0010_phA13_phB09.png,Is the cyan sphere closer to the camera than the magenta cube? Answer with yes or no.,No,No,24.546875,25.09375,True
/data/shared/Qwen/mydisk/output/SYNTHETIC/NVILA-Lite-2B-SYNTHETIC_MIX_10PCT_80K-20260224_234537,obj1_closer,output/phasevar_5/0010_phA13_phB10.png,Is the cyan sphere closer to the camera than the magenta cube? Answer with yes or no.,No,No,25.140625,25.90625,True
/data/shared/Qwen/mydisk/output/SYNTHETIC/NVILA-Lite-2B-SYNTHETIC_MIX_10PCT_80K-20260224_234537,obj1_closer,output/phasevar_5/0010_phA13_phB11.png,Is the cyan sphere closer to the camera than the magenta cube? Answer with yes or no.,No,No,24.4375,25.625,True
/data/shared/Qwen/mydisk/output/SYNTHETIC/NVILA-Lite-2B-SYNTHETIC_MIX_10PCT_80K-20260224_234537,obj1_closer,output/phasevar_5/0010_phA13_phB12.png,Is the cyan sphere closer to the camera than the magenta cube? Answer with yes or no.,No,No,24.640625,25.78125,True
/data/shared/Qwen/mydisk/output/SYNTHETIC/NVILA-Lite-2B-SYNTHETIC_MIX_10PCT_80K-20260224_234537,obj1_closer,output/phasevar_5/0010_phA13_phB13.png,Is the cyan sphere closer to the camera than the magenta cube? Answer with yes or no.,No,No,24.8125,25.390625,True
/data/shared/Qwen/mydisk/output/SYNTHETIC/NVILA-Lite-2B-SYNTHETIC_MIX_10PCT_80K-20260224_234537,obj1_closer,output/phasevar_5/0010_phA13_phB14.png,Is the cyan sphere closer to the camera than the magenta cube? Answer with yes or no.,No,No,24.75,25.34375,True
/data/shared/Qwen/mydisk/output/SYNTHETIC/NVILA-Lite-2B-SYNTHETIC_MIX_10PCT_80K-20260224_234537,obj1_closer,output/phasevar_5/0010_phA13_phB15.png,Is the cyan sphere closer to the camera than the magenta cube? Answer with yes or no.,No,No,25.0625,25.4375,True
/data/shared/Qwen/mydisk/output/SYNTHETIC/NVILA-Lite-2B-SYNTHETIC_MIX_10PCT_80K-20260224_234537,obj1_closer,output/phasevar_5/0010_phA14_phB00.png,Is the cyan sphere closer to the camera than the magenta cube? Answer with yes or no.,No,Yes,25.578125,25.125,False
/data/shared/Qwen/mydisk/output/SYNTHETIC/NVILA-Lite-2B-SYNTHETIC_MIX_10PCT_80K-20260224_234537,obj1_closer,output/phasevar_5/0010_phA14_phB01.png,Is the cyan sphere closer to the camera than the magenta cube? Answer with yes or no.,No,Yes,26.75,26.109375,False
/data/shared/Qwen/mydisk/output/SYNTHETIC/NVILA-Lite-2B-SYNTHETIC_MIX_10PCT_80K-20260224_234537,obj1_closer,output/phasevar_5/0010_phA14_phB02.png,Is the cyan sphere closer to the camera than the magenta cube? Answer with yes or no.,No,Yes,27.453125,26.65625,False
/data/shared/Qwen/mydisk/output/SYNTHETIC/NVILA-Lite-2B-SYNTHETIC_MIX_10PCT_80K-20260224_234537,obj1_closer,output/phasevar_5/0010_phA14_phB03.png,Is the cyan sphere closer to the camera than the magenta cube? Answer with yes or no.,No,Yes,27.0625,25.71875,False
/data/shared/Qwen/mydisk/output/SYNTHETIC/NVILA-Lite-2B-SYNTHETIC_MIX_10PCT_80K-20260224_234537,obj1_closer,output/phasevar_5/0010_phA14_phB04.png,Is the cyan sphere closer to the camera than the magenta cube? Answer with yes or no.,No,Yes,27.671875,26.03125,False
/data/shared/Qwen/mydisk/output/SYNTHETIC/NVILA-Lite-2B-SYNTHETIC_MIX_10PCT_80K-20260224_234537,obj1_closer,output/phasevar_5/0010_phA14_phB05.png,Is the cyan sphere closer to the camera than the magenta cube? Answer with yes or no.,No,Yes,27.109375,26.25,False
/data/shared/Qwen/mydisk/output/SYNTHETIC/NVILA-Lite-2B-SYNTHETIC_MIX_10PCT_80K-20260224_234537,obj1_closer,output/phasevar_5/0010_phA14_phB06.png,Is the cyan sphere closer to the camera than the magenta cube? Answer with yes or no.,No,Yes,26.921875,26.890625,False
/data/shared/Qwen/mydisk/output/SYNTHETIC/NVILA-Lite-2B-SYNTHETIC_MIX_10PCT_80K-20260224_234537,obj1_closer,output/phasevar_5/0010_phA14_phB07.png,Is the cyan sphere closer to the camera than the magenta cube? Answer with yes or no.,No,Yes,26.765625,26.6875,False
/data/shared/Qwen/mydisk/output/SYNTHETIC/NVILA-Lite-2B-SYNTHETIC_MIX_10PCT_80K-20260224_234537,obj1_closer,output/phasevar_5/0010_phA14_phB08.png,Is the cyan sphere closer to the camera than the magenta cube? Answer with yes or no.,No,Yes,26.25,25.953125,False
/data/shared/Qwen/mydisk/output/SYNTHETIC/NVILA-Lite-2B-SYNTHETIC_MIX_10PCT_80K-20260224_234537,obj1_closer,output/phasevar_5/0010_phA14_phB09.png,Is the cyan sphere closer to the camera than the magenta cube? Answer with yes or no.,No,No,25.1875,25.4375,True
/data/shared/Qwen/mydisk/output/SYNTHETIC/NVILA-Lite-2B-SYNTHETIC_MIX_10PCT_80K-20260224_234537,obj1_closer,output/phasevar_5/0010_phA14_phB10.png,Is the cyan sphere closer to the camera than the magenta cube? Answer with yes or no.,No,No,25.609375,26.328125,True
/data/shared/Qwen/mydisk/output/SYNTHETIC/NVILA-Lite-2B-SYNTHETIC_MIX_10PCT_80K-20260224_234537,obj1_closer,output/phasevar_5/0010_phA14_phB11.png,Is the cyan sphere closer to the camera than the magenta cube? Answer with yes or no.,No,No,25.21875,25.9375,True
/data/shared/Qwen/mydisk/output/SYNTHETIC/NVILA-Lite-2B-SYNTHETIC_MIX_10PCT_80K-20260224_234537,obj1_closer,output/phasevar_5/0010_phA14_phB12.png,Is the cyan sphere closer to the camera than the magenta cube? Answer with yes or no.,No,No,25.0,26.0,True
/data/shared/Qwen/mydisk/output/SYNTHETIC/NVILA-Lite-2B-SYNTHETIC_MIX_10PCT_80K-20260224_234537,obj1_closer,output/phasevar_5/0010_phA14_phB13.png,Is the cyan sphere closer to the camera than the magenta cube? Answer with yes or no.,No,No,24.984375,26.21875,True
/data/shared/Qwen/mydisk/output/SYNTHETIC/NVILA-Lite-2B-SYNTHETIC_MIX_10PCT_80K-20260224_234537,obj1_closer,output/phasevar_5/0010_phA14_phB14.png,Is the cyan sphere closer to the camera than the magenta cube? Answer with yes or no.,No,No,24.75,25.8125,True
/data/shared/Qwen/mydisk/output/SYNTHETIC/NVILA-Lite-2B-SYNTHETIC_MIX_10PCT_80K-20260224_234537,obj1_closer,output/phasevar_5/0010_phA14_phB15.png,Is the cyan sphere closer to the camera than the magenta cube? Answer with yes or no.,No,No,25.109375,26.28125,True
/data/shared/Qwen/mydisk/output/SYNTHETIC/NVILA-Lite-2B-SYNTHETIC_MIX_10PCT_80K-20260224_234537,obj1_closer,output/phasevar_5/0010_phA15_phB00.png,Is the cyan sphere closer to the camera than the magenta cube? Answer with yes or no.,No,No,25.078125,25.671875,True
/data/shared/Qwen/mydisk/output/SYNTHETIC/NVILA-Lite-2B-SYNTHETIC_MIX_10PCT_80K-20260224_234537,obj1_closer,output/phasevar_5/0010_phA15_phB01.png,Is the cyan sphere closer to the camera than the magenta cube? Answer with yes or no.,No,No,25.8125,26.046875,True
/data/shared/Qwen/mydisk/output/SYNTHETIC/NVILA-Lite-2B-SYNTHETIC_MIX_10PCT_80K-20260224_234537,obj1_closer,output/phasevar_5/0010_phA15_phB02.png,Is the cyan sphere closer to the camera than the magenta cube? Answer with yes or no.,No,No,26.453125,26.453125,True
/data/shared/Qwen/mydisk/output/SYNTHETIC/NVILA-Lite-2B-SYNTHETIC_MIX_10PCT_80K-20260224_234537,obj1_closer,output/phasevar_5/0010_phA15_phB03.png,Is the cyan sphere closer to the camera than the magenta cube? Answer with yes or no.,No,Yes,26.21875,25.78125,False
/data/shared/Qwen/mydisk/output/SYNTHETIC/NVILA-Lite-2B-SYNTHETIC_MIX_10PCT_80K-20260224_234537,obj1_closer,output/phasevar_5/0010_phA15_phB04.png,Is the cyan sphere closer to the camera than the magenta cube? Answer with yes or no.,No,Yes,26.453125,25.703125,False
/data/shared/Qwen/mydisk/output/SYNTHETIC/NVILA-Lite-2B-SYNTHETIC_MIX_10PCT_80K-20260224_234537,obj1_closer,output/phasevar_5/0010_phA15_phB05.png,Is the cyan sphere closer to the camera than the magenta cube? Answer with yes or no.,No,Yes,25.734375,25.71875,False
/data/shared/Qwen/mydisk/output/SYNTHETIC/NVILA-Lite-2B-SYNTHETIC_MIX_10PCT_80K-20260224_234537,obj1_closer,output/phasevar_5/0010_phA15_phB06.png,Is the cyan sphere closer to the camera than the magenta cube? Answer with yes or no.,No,No,25.734375,26.359375,True
/data/shared/Qwen/mydisk/output/SYNTHETIC/NVILA-Lite-2B-SYNTHETIC_MIX_10PCT_80K-20260224_234537,obj1_closer,output/phasevar_5/0010_phA15_phB07.png,Is the cyan sphere closer to the camera than the magenta cube? Answer with yes or no.,No,No,25.421875,25.8125,True
/data/shared/Qwen/mydisk/output/SYNTHETIC/NVILA-Lite-2B-SYNTHETIC_MIX_10PCT_80K-20260224_234537,obj1_closer,output/phasevar_5/0010_phA15_phB08.png,Is the cyan sphere closer to the camera than the magenta cube? Answer with yes or no.,No,No,24.984375,25.515625,True
/data/shared/Qwen/mydisk/output/SYNTHETIC/NVILA-Lite-2B-SYNTHETIC_MIX_10PCT_80K-20260224_234537,obj1_closer,output/phasevar_5/0010_phA15_phB09.png,Is the cyan sphere closer to the camera than the magenta cube? Answer with yes or no.,No,No,25.125,25.875,True
/data/shared/Qwen/mydisk/output/SYNTHETIC/NVILA-Lite-2B-SYNTHETIC_MIX_10PCT_80K-20260224_234537,obj1_closer,output/phasevar_5/0010_phA15_phB10.png,Is the cyan sphere closer to the camera than the magenta cube? Answer with yes or no.,No,No,25.609375,26.109375,True
/data/shared/Qwen/mydisk/output/SYNTHETIC/NVILA-Lite-2B-SYNTHETIC_MIX_10PCT_80K-20260224_234537,obj1_closer,output/phasevar_5/0010_phA15_phB11.png,Is the cyan sphere closer to the camera than the magenta cube? Answer with yes or no.,No,No,25.78125,26.078125,True
/data/shared/Qwen/mydisk/output/SYNTHETIC/NVILA-Lite-2B-SYNTHETIC_MIX_10PCT_80K-20260224_234537,obj1_closer,output/phasevar_5/0010_phA15_phB12.png,Is the cyan sphere closer to the camera than the magenta cube? Answer with yes or no.,No,No,25.4375,25.703125,True
/data/shared/Qwen/mydisk/output/SYNTHETIC/NVILA-Lite-2B-SYNTHETIC_MIX_10PCT_80K-20260224_234537,obj1_closer,output/phasevar_5/0010_phA15_phB13.png,Is the cyan sphere closer to the camera than the magenta cube? Answer with yes or no.,No,No,25.015625,25.859375,True
/data/shared/Qwen/mydisk/output/SYNTHETIC/NVILA-Lite-2B-SYNTHETIC_MIX_10PCT_80K-20260224_234537,obj1_closer,output/phasevar_5/0010_phA15_phB14.png,Is the cyan sphere closer to the camera than the magenta cube? Answer with yes or no.,No,No,24.40625,25.5625,True
/data/shared/Qwen/mydisk/output/SYNTHETIC/NVILA-Lite-2B-SYNTHETIC_MIX_10PCT_80K-20260224_234537,obj1_closer,output/phasevar_5/0010_phA15_phB15.png,Is the cyan sphere closer to the camera than the magenta cube? Answer with yes or no.,No,No,24.59375,26.0,True
/data/shared/Qwen/mydisk/output/SYNTHETIC/NVILA-Lite-2B-SYNTHETIC_MIX_10PCT_80K-20260224_234537,obj1_closer,output/phasevar_5/0011_phA00_phB00.png,Is the magenta sphere closer to the camera than the magenta cube? Answer with yes or no.,No,No,25.96875,27.0625,True
/data/shared/Qwen/mydisk/output/SYNTHETIC/NVILA-Lite-2B-SYNTHETIC_MIX_10PCT_80K-20260224_234537,obj1_closer,output/phasevar_5/0011_phA00_phB01.png,Is the magenta sphere closer to the camera than the magenta cube? Answer with yes or no.,No,No,26.84375,27.59375,True
/data/shared/Qwen/mydisk/output/SYNTHETIC/NVILA-Lite-2B-SYNTHETIC_MIX_10PCT_80K-20260224_234537,obj1_closer,output/phasevar_5/0011_phA00_phB02.png,Is the magenta sphere closer to the camera than the magenta cube? Answer with yes or no.,No,No,27.296875,28.140625,True
/data/shared/Qwen/mydisk/output/SYNTHETIC/NVILA-Lite-2B-SYNTHETIC_MIX_10PCT_80K-20260224_234537,obj1_closer,output/phasevar_5/0011_phA00_phB03.png,Is the magenta sphere closer to the camera than the magenta cube? Answer with yes or no.,No,No,26.3125,27.15625,True
/data/shared/Qwen/mydisk/output/SYNTHETIC/NVILA-Lite-2B-SYNTHETIC_MIX_10PCT_80K-20260224_234537,obj1_closer,output/phasevar_5/0011_phA00_phB04.png,Is the magenta sphere closer to the camera than the magenta cube? Answer with yes or no.,No,No,26.328125,27.015625,True
/data/shared/Qwen/mydisk/output/SYNTHETIC/NVILA-Lite-2B-SYNTHETIC_MIX_10PCT_80K-20260224_234537,obj1_closer,output/phasevar_5/0011_phA00_phB05.png,Is the magenta sphere closer to the camera than the magenta cube? Answer with yes or no.,No,No,25.21875,25.953125,True
/data/shared/Qwen/mydisk/output/SYNTHETIC/NVILA-Lite-2B-SYNTHETIC_MIX_10PCT_80K-20260224_234537,obj1_closer,output/phasevar_5/0011_phA00_phB06.png,Is the magenta sphere closer to the camera than the magenta cube? Answer with yes or no.,No,No,25.875,26.53125,True
/data/shared/Qwen/mydisk/output/SYNTHETIC/NVILA-Lite-2B-SYNTHETIC_MIX_10PCT_80K-20260224_234537,obj1_closer,output/phasevar_5/0011_phA00_phB07.png,Is the magenta sphere closer to the camera than the magenta cube? Answer with yes or no.,No,No,25.921875,26.84375,True
/data/shared/Qwen/mydisk/output/SYNTHETIC/NVILA-Lite-2B-SYNTHETIC_MIX_10PCT_80K-20260224_234537,obj1_closer,output/phasevar_5/0011_phA00_phB08.png,Is the magenta sphere closer to the camera than the magenta cube? Answer with yes or no.,No,No,25.515625,25.9375,True
/data/shared/Qwen/mydisk/output/SYNTHETIC/NVILA-Lite-2B-SYNTHETIC_MIX_10PCT_80K-20260224_234537,obj1_closer,output/phasevar_5/0011_phA00_phB09.png,Is the magenta sphere closer to the camera than the magenta cube? Answer with yes or no.,No,No,25.4375,25.75,True
/data/shared/Qwen/mydisk/output/SYNTHETIC/NVILA-Lite-2B-SYNTHETIC_MIX_10PCT_80K-20260224_234537,obj1_closer,output/phasevar_5/0011_phA00_phB10.png,Is the magenta sphere closer to the camera than the magenta cube? Answer with yes or no.,No,Yes,25.25,24.96875,False
/data/shared/Qwen/mydisk/output/SYNTHETIC/NVILA-Lite-2B-SYNTHETIC_MIX_10PCT_80K-20260224_234537,obj1_closer,output/phasevar_5/0011_phA00_phB11.png,Is the magenta sphere closer to the camera than the magenta cube? Answer with yes or no.,No,Yes,24.671875,24.65625,False
/data/shared/Qwen/mydisk/output/SYNTHETIC/NVILA-Lite-2B-SYNTHETIC_MIX_10PCT_80K-20260224_234537,obj1_closer,output/phasevar_5/0011_phA00_phB12.png,Is the magenta sphere closer to the camera than the magenta cube? Answer with yes or no.,No,No,24.734375,24.921875,True
/data/shared/Qwen/mydisk/output/SYNTHETIC/NVILA-Lite-2B-SYNTHETIC_MIX_10PCT_80K-20260224_234537,obj1_closer,output/phasevar_5/0011_phA00_phB13.png,Is the magenta sphere closer to the camera than the magenta cube? Answer with yes or no.,No,No,24.4375,24.96875,True
/data/shared/Qwen/mydisk/output/SYNTHETIC/NVILA-Lite-2B-SYNTHETIC_MIX_10PCT_80K-20260224_234537,obj1_closer,output/phasevar_5/0011_phA00_phB14.png,Is the magenta sphere closer to the camera than the magenta cube? Answer with yes or no.,No,No,24.359375,25.046875,True
/data/shared/Qwen/mydisk/output/SYNTHETIC/NVILA-Lite-2B-SYNTHETIC_MIX_10PCT_80K-20260224_234537,obj1_closer,output/phasevar_5/0011_phA00_phB15.png,Is the magenta sphere closer to the camera than the magenta cube? Answer with yes or no.,No,No,24.65625,25.828125,True
/data/shared/Qwen/mydisk/output/SYNTHETIC/NVILA-Lite-2B-SYNTHETIC_MIX_10PCT_80K-20260224_234537,obj1_closer,output/phasevar_5/0011_phA01_phB00.png,Is the magenta sphere closer to the camera than the magenta cube? Answer with yes or no.,No,No,25.296875,26.328125,True
/data/shared/Qwen/mydisk/output/SYNTHETIC/NVILA-Lite-2B-SYNTHETIC_MIX_10PCT_80K-20260224_234537,obj1_closer,output/phasevar_5/0011_phA01_phB01.png,Is the magenta sphere closer to the camera than the magenta cube? Answer with yes or no.,No,No,26.515625,27.5,True
/data/shared/Qwen/mydisk/output/SYNTHETIC/NVILA-Lite-2B-SYNTHETIC_MIX_10PCT_80K-20260224_234537,obj1_closer,output/phasevar_5/0011_phA01_phB02.png,Is the magenta sphere closer to the camera than the magenta cube? Answer with yes or no.,No,No,26.78125,27.84375,True
/data/shared/Qwen/mydisk/output/SYNTHETIC/NVILA-Lite-2B-SYNTHETIC_MIX_10PCT_80K-20260224_234537,obj1_closer,output/phasevar_5/0011_phA01_phB03.png,Is the magenta sphere closer to the camera than the magenta cube? Answer with yes or no.,No,No,26.1875,27.25,True
/data/shared/Qwen/mydisk/output/SYNTHETIC/NVILA-Lite-2B-SYNTHETIC_MIX_10PCT_80K-20260224_234537,obj1_closer,output/phasevar_5/0011_phA01_phB04.png,Is the magenta sphere closer to the camera than the magenta cube? Answer with yes or no.,No,No,26.25,27.40625,True
/data/shared/Qwen/mydisk/output/SYNTHETIC/NVILA-Lite-2B-SYNTHETIC_MIX_10PCT_80K-20260224_234537,obj1_closer,output/phasevar_5/0011_phA01_phB05.png,Is the magenta sphere closer to the camera than the magenta cube? Answer with yes or no.,No,No,25.296875,26.328125,True
/data/shared/Qwen/mydisk/output/SYNTHETIC/NVILA-Lite-2B-SYNTHETIC_MIX_10PCT_80K-20260224_234537,obj1_closer,output/phasevar_5/0011_phA01_phB06.png,Is the magenta sphere closer to the camera than the magenta cube? Answer with yes or no.,No,No,25.84375,26.859375,True
/data/shared/Qwen/mydisk/output/SYNTHETIC/NVILA-Lite-2B-SYNTHETIC_MIX_10PCT_80K-20260224_234537,obj1_closer,output/phasevar_5/0011_phA01_phB07.png,Is the magenta sphere closer to the camera than the magenta cube? Answer with yes or no.,No,No,25.671875,26.625,True
/data/shared/Qwen/mydisk/output/SYNTHETIC/NVILA-Lite-2B-SYNTHETIC_MIX_10PCT_80K-20260224_234537,obj1_closer,output/phasevar_5/0011_phA01_phB08.png,Is the magenta sphere closer to the camera than the magenta cube? Answer with yes or no.,No,No,25.453125,25.875,True
/data/shared/Qwen/mydisk/output/SYNTHETIC/NVILA-Lite-2B-SYNTHETIC_MIX_10PCT_80K-20260224_234537,obj1_closer,output/phasevar_5/0011_phA01_phB09.png,Is the magenta sphere closer to the camera than the magenta cube? Answer with yes or no.,No,No,25.5,25.84375,True
/data/shared/Qwen/mydisk/output/SYNTHETIC/NVILA-Lite-2B-SYNTHETIC_MIX_10PCT_80K-20260224_234537,obj1_closer,output/phasevar_5/0011_phA01_phB10.png,Is the magenta sphere closer to the camera than the magenta cube? Answer with yes or no.,No,No,25.140625,25.140625,True
/data/shared/Qwen/mydisk/output/SYNTHETIC/NVILA-Lite-2B-SYNTHETIC_MIX_10PCT_80K-20260224_234537,obj1_closer,output/phasevar_5/0011_phA01_phB11.png,Is the magenta sphere closer to the camera than the magenta cube? Answer with yes or no.,No,No,24.671875,24.9375,True
/data/shared/Qwen/mydisk/output/SYNTHETIC/NVILA-Lite-2B-SYNTHETIC_MIX_10PCT_80K-20260224_234537,obj1_closer,output/phasevar_5/0011_phA01_phB12.png,Is the magenta sphere closer to the camera than the magenta cube? Answer with yes or no.,No,No,24.734375,25.125,True
/data/shared/Qwen/mydisk/output/SYNTHETIC/NVILA-Lite-2B-SYNTHETIC_MIX_10PCT_80K-20260224_234537,obj1_closer,output/phasevar_5/0011_phA01_phB13.png,Is the magenta sphere closer to the camera than the magenta cube? Answer with yes or no.,No,No,24.484375,25.109375,True
/data/shared/Qwen/mydisk/output/SYNTHETIC/NVILA-Lite-2B-SYNTHETIC_MIX_10PCT_80K-20260224_234537,obj1_closer,output/phasevar_5/0011_phA01_phB14.png,Is the magenta sphere closer to the camera than the magenta cube? Answer with yes or no.,No,No,24.4375,24.984375,True
/data/shared/Qwen/mydisk/output/SYNTHETIC/NVILA-Lite-2B-SYNTHETIC_MIX_10PCT_80K-20260224_234537,obj1_closer,output/phasevar_5/0011_phA01_phB15.png,Is the magenta sphere closer to the camera than the magenta cube? Answer with yes or no.,No,No,24.703125,25.78125,True
/data/shared/Qwen/mydisk/output/SYNTHETIC/NVILA-Lite-2B-SYNTHETIC_MIX_10PCT_80K-20260224_234537,obj1_closer,output/phasevar_5/0011_phA02_phB00.png,Is the magenta sphere closer to the camera than the magenta cube? Answer with yes or no.,No,No,24.8125,25.625,True
/data/shared/Qwen/mydisk/output/SYNTHETIC/NVILA-Lite-2B-SYNTHETIC_MIX_10PCT_80K-20260224_234537,obj1_closer,output/phasevar_5/0011_phA02_phB01.png,Is the magenta sphere closer to the camera than the magenta cube? Answer with yes or no.,No,No,26.1875,27.375,True
/data/shared/Qwen/mydisk/output/SYNTHETIC/NVILA-Lite-2B-SYNTHETIC_MIX_10PCT_80K-20260224_234537,obj1_closer,output/phasevar_5/0011_phA02_phB02.png,Is the magenta sphere closer to the camera than the magenta cube? Answer with yes or no.,No,No,26.484375,27.59375,True
/data/shared/Qwen/mydisk/output/SYNTHETIC/NVILA-Lite-2B-SYNTHETIC_MIX_10PCT_80K-20260224_234537,obj1_closer,output/phasevar_5/0011_phA02_phB03.png,Is the magenta sphere closer to the camera than the magenta cube? Answer with yes or no.,No,No,25.6875,27.046875,True
/data/shared/Qwen/mydisk/output/SYNTHETIC/NVILA-Lite-2B-SYNTHETIC_MIX_10PCT_80K-20260224_234537,obj1_closer,output/phasevar_5/0011_phA02_phB04.png,Is the magenta sphere closer to the camera than the magenta cube? Answer with yes or no.,No,No,25.46875,26.65625,True
/data/shared/Qwen/mydisk/output/SYNTHETIC/NVILA-Lite-2B-SYNTHETIC_MIX_10PCT_80K-20260224_234537,obj1_closer,output/phasevar_5/0011_phA02_phB05.png,Is the magenta sphere closer to the camera than the magenta cube? Answer with yes or no.,No,No,24.3125,25.0625,True
/data/shared/Qwen/mydisk/output/SYNTHETIC/NVILA-Lite-2B-SYNTHETIC_MIX_10PCT_80K-20260224_234537,obj1_closer,output/phasevar_5/0011_phA02_phB06.png,Is the magenta sphere closer to the camera than the magenta cube? Answer with yes or no.,No,No,25.171875,25.78125,True
/data/shared/Qwen/mydisk/output/SYNTHETIC/NVILA-Lite-2B-SYNTHETIC_MIX_10PCT_80K-20260224_234537,obj1_closer,output/phasevar_5/0011_phA02_phB07.png,Is the magenta sphere closer to the camera than the magenta cube? Answer with yes or no.,No,No,25.640625,26.234375,True
/data/shared/Qwen/mydisk/output/SYNTHETIC/NVILA-Lite-2B-SYNTHETIC_MIX_10PCT_80K-20260224_234537,obj1_closer,output/phasevar_5/0011_phA02_phB08.png,Is the magenta sphere closer to the camera than the magenta cube? Answer with yes or no.,No,Yes,25.765625,25.4375,False
/data/shared/Qwen/mydisk/output/SYNTHETIC/NVILA-Lite-2B-SYNTHETIC_MIX_10PCT_80K-20260224_234537,obj1_closer,output/phasevar_5/0011_phA02_phB09.png,Is the magenta sphere closer to the camera than the magenta cube? Answer with yes or no.,No,Yes,25.828125,25.40625,False
/data/shared/Qwen/mydisk/output/SYNTHETIC/NVILA-Lite-2B-SYNTHETIC_MIX_10PCT_80K-20260224_234537,obj1_closer,output/phasevar_5/0011_phA02_phB10.png,Is the magenta sphere closer to the camera than the magenta cube? Answer with yes or no.,No,Yes,25.921875,25.40625,False
/data/shared/Qwen/mydisk/output/SYNTHETIC/NVILA-Lite-2B-SYNTHETIC_MIX_10PCT_80K-20260224_234537,obj1_closer,output/phasevar_5/0011_phA02_phB11.png,Is the magenta sphere closer to the camera than the magenta cube? Answer with yes or no.,No,Yes,25.484375,25.21875,False
/data/shared/Qwen/mydisk/output/SYNTHETIC/NVILA-Lite-2B-SYNTHETIC_MIX_10PCT_80K-20260224_234537,obj1_closer,output/phasevar_5/0011_phA02_phB12.png,Is the magenta sphere closer to the camera than the magenta cube? Answer with yes or no.,No,No,25.25,25.359375,True
/data/shared/Qwen/mydisk/output/SYNTHETIC/NVILA-Lite-2B-SYNTHETIC_MIX_10PCT_80K-20260224_234537,obj1_closer,output/phasevar_5/0011_phA02_phB13.png,Is the magenta sphere closer to the camera than the magenta cube? Answer with yes or no.,No,No,24.765625,25.046875,True
/data/shared/Qwen/mydisk/output/SYNTHETIC/NVILA-Lite-2B-SYNTHETIC_MIX_10PCT_80K-20260224_234537,obj1_closer,output/phasevar_5/0011_phA02_phB14.png,Is the magenta sphere closer to the camera than the magenta cube? Answer with yes or no.,No,No,24.125,24.609375,True
/data/shared/Qwen/mydisk/output/SYNTHETIC/NVILA-Lite-2B-SYNTHETIC_MIX_10PCT_80K-20260224_234537,obj1_closer,output/phasevar_5/0011_phA02_phB15.png,Is the magenta sphere closer to the camera than the magenta cube? Answer with yes or no.,No,No,24.25,24.859375,True
/data/shared/Qwen/mydisk/output/SYNTHETIC/NVILA-Lite-2B-SYNTHETIC_MIX_10PCT_80K-20260224_234537,obj1_closer,output/phasevar_5/0011_phA03_phB00.png,Is the magenta sphere closer to the camera than the magenta cube? Answer with yes or no.,No,No,24.984375,25.609375,True
/data/shared/Qwen/mydisk/output/SYNTHETIC/NVILA-Lite-2B-SYNTHETIC_MIX_10PCT_80K-20260224_234537,obj1_closer,output/phasevar_5/0011_phA03_phB01.png,Is the magenta sphere closer to the camera than the magenta cube? Answer with yes or no.,No,No,26.015625,26.875,True
/data/shared/Qwen/mydisk/output/SYNTHETIC/NVILA-Lite-2B-SYNTHETIC_MIX_10PCT_80K-20260224_234537,obj1_closer,output/phasevar_5/0011_phA03_phB02.png,Is the magenta sphere closer to the camera than the magenta cube? Answer with yes or no.,No,No,26.375,27.21875,True
/data/shared/Qwen/mydisk/output/SYNTHETIC/NVILA-Lite-2B-SYNTHETIC_MIX_10PCT_80K-20260224_234537,obj1_closer,output/phasevar_5/0011_phA03_phB03.png,Is the magenta sphere closer to the camera than the magenta cube? Answer with yes or no.,No,No,25.75,27.046875,True
/data/shared/Qwen/mydisk/output/SYNTHETIC/NVILA-Lite-2B-SYNTHETIC_MIX_10PCT_80K-20260224_234537,obj1_closer,output/phasevar_5/0011_phA03_phB04.png,Is the magenta sphere closer to the camera than the magenta cube? Answer with yes or no.,No,No,25.65625,27.34375,True
/data/shared/Qwen/mydisk/output/SYNTHETIC/NVILA-Lite-2B-SYNTHETIC_MIX_10PCT_80K-20260224_234537,obj1_closer,output/phasevar_5/0011_phA03_phB05.png,Is the magenta sphere closer to the camera than the magenta cube? Answer with yes or no.,No,No,24.5625,25.65625,True
/data/shared/Qwen/mydisk/output/SYNTHETIC/NVILA-Lite-2B-SYNTHETIC_MIX_10PCT_80K-20260224_234537,obj1_closer,output/phasevar_5/0011_phA03_phB06.png,Is the magenta sphere closer to the camera than the magenta cube? Answer with yes or no.,No,No,25.171875,25.875,True
/data/shared/Qwen/mydisk/output/SYNTHETIC/NVILA-Lite-2B-SYNTHETIC_MIX_10PCT_80K-20260224_234537,obj1_closer,output/phasevar_5/0011_phA03_phB07.png,Is the magenta sphere closer to the camera than the magenta cube? Answer with yes or no.,No,No,25.5625,26.375,True
/data/shared/Qwen/mydisk/output/SYNTHETIC/NVILA-Lite-2B-SYNTHETIC_MIX_10PCT_80K-20260224_234537,obj1_closer,output/phasevar_5/0011_phA03_phB08.png,Is the magenta sphere closer to the camera than the magenta cube? Answer with yes or no.,No,Yes,25.46875,25.421875,False
/data/shared/Qwen/mydisk/output/SYNTHETIC/NVILA-Lite-2B-SYNTHETIC_MIX_10PCT_80K-20260224_234537,obj1_closer,output/phasevar_5/0011_phA03_phB09.png,Is the magenta sphere closer to the camera than the magenta cube? Answer with yes or no.,No,Yes,25.390625,25.25,False
/data/shared/Qwen/mydisk/output/SYNTHETIC/NVILA-Lite-2B-SYNTHETIC_MIX_10PCT_80K-20260224_234537,obj1_closer,output/phasevar_5/0011_phA03_phB10.png,Is the magenta sphere closer to the camera than the magenta cube? Answer with yes or no.,No,Yes,25.203125,25.109375,False
/data/shared/Qwen/mydisk/output/SYNTHETIC/NVILA-Lite-2B-SYNTHETIC_MIX_10PCT_80K-20260224_234537,obj1_closer,output/phasevar_5/0011_phA03_phB11.png,Is the magenta sphere closer to the camera than the magenta cube? Answer with yes or no.,No,No,24.515625,24.71875,True
/data/shared/Qwen/mydisk/output/SYNTHETIC/NVILA-Lite-2B-SYNTHETIC_MIX_10PCT_80K-20260224_234537,obj1_closer,output/phasevar_5/0011_phA03_phB12.png,Is the magenta sphere closer to the camera than the magenta cube? Answer with yes or no.,No,No,24.25,24.859375,True
/data/shared/Qwen/mydisk/output/SYNTHETIC/NVILA-Lite-2B-SYNTHETIC_MIX_10PCT_80K-20260224_234537,obj1_closer,output/phasevar_5/0011_phA03_phB13.png,Is the magenta sphere closer to the camera than the magenta cube? Answer with yes or no.,No,No,24.125,24.75,True
/data/shared/Qwen/mydisk/output/SYNTHETIC/NVILA-Lite-2B-SYNTHETIC_MIX_10PCT_80K-20260224_234537,obj1_closer,output/phasevar_5/0011_phA03_phB14.png,Is the magenta sphere closer to the camera than the magenta cube? Answer with yes or no.,No,No,24.21875,24.59375,True
/data/shared/Qwen/mydisk/output/SYNTHETIC/NVILA-Lite-2B-SYNTHETIC_MIX_10PCT_80K-20260224_234537,obj1_closer,output/phasevar_5/0011_phA03_phB15.png,Is the magenta sphere closer to the camera than the magenta cube? Answer with yes or no.,No,No,24.109375,24.75,True
/data/shared/Qwen/mydisk/output/SYNTHETIC/NVILA-Lite-2B-SYNTHETIC_MIX_10PCT_80K-20260224_234537,obj1_closer,output/phasevar_5/0011_phA04_phB00.png,Is the magenta sphere closer to the camera than the magenta cube? Answer with yes or no.,No,No,24.9375,25.484375,True
/data/shared/Qwen/mydisk/output/SYNTHETIC/NVILA-Lite-2B-SYNTHETIC_MIX_10PCT_80K-20260224_234537,obj1_closer,output/phasevar_5/0011_phA04_phB01.png,Is the magenta sphere closer to the camera than the magenta cube? Answer with yes or no.,No,No,25.84375,26.515625,True
/data/shared/Qwen/mydisk/output/SYNTHETIC/NVILA-Lite-2B-SYNTHETIC_MIX_10PCT_80K-20260224_234537,obj1_closer,output/phasevar_5/0011_phA04_phB02.png,Is the magenta sphere closer to the camera than the magenta cube? Answer with yes or no.,No,No,26.15625,26.921875,True
/data/shared/Qwen/mydisk/output/SYNTHETIC/NVILA-Lite-2B-SYNTHETIC_MIX_10PCT_80K-20260224_234537,obj1_closer,output/phasevar_5/0011_phA04_phB03.png,Is the magenta sphere closer to the camera than the magenta cube? Answer with yes or no.,No,No,25.578125,27.09375,True
/data/shared/Qwen/mydisk/output/SYNTHETIC/NVILA-Lite-2B-SYNTHETIC_MIX_10PCT_80K-20260224_234537,obj1_closer,output/phasevar_5/0011_phA04_phB04.png,Is the magenta sphere closer to the camera than the magenta cube? Answer with yes or no.,No,No,25.5,27.15625,True
/data/shared/Qwen/mydisk/output/SYNTHETIC/NVILA-Lite-2B-SYNTHETIC_MIX_10PCT_80K-20260224_234537,obj1_closer,output/phasevar_5/0011_phA04_phB05.png,Is the magenta sphere closer to the camera than the magenta cube? Answer with yes or no.,No,No,24.46875,25.65625,True
/data/shared/Qwen/mydisk/output/SYNTHETIC/NVILA-Lite-2B-SYNTHETIC_MIX_10PCT_80K-20260224_234537,obj1_closer,output/phasevar_5/0011_phA04_phB06.png,Is the magenta sphere closer to the camera than the magenta cube? Answer with yes or no.,No,No,24.984375,25.640625,True
/data/shared/Qwen/mydisk/output/SYNTHETIC/NVILA-Lite-2B-SYNTHETIC_MIX_10PCT_80K-20260224_234537,obj1_closer,output/phasevar_5/0011_phA04_phB07.png,Is the magenta sphere closer to the camera than the magenta cube? Answer with yes or no.,No,No,25.34375,26.078125,True
/data/shared/Qwen/mydisk/output/SYNTHETIC/NVILA-Lite-2B-SYNTHETIC_MIX_10PCT_80K-20260224_234537,obj1_closer,output/phasevar_5/0011_phA04_phB08.png,Is the magenta sphere closer to the camera than the magenta cube? Answer with yes or no.,No,Yes,25.453125,25.25,False
/data/shared/Qwen/mydisk/output/SYNTHETIC/NVILA-Lite-2B-SYNTHETIC_MIX_10PCT_80K-20260224_234537,obj1_closer,output/phasevar_5/0011_phA04_phB09.png,Is the magenta sphere closer to the camera than the magenta cube? Answer with yes or no.,No,Yes,25.328125,25.046875,False
/data/shared/Qwen/mydisk/output/SYNTHETIC/NVILA-Lite-2B-SYNTHETIC_MIX_10PCT_80K-20260224_234537,obj1_closer,output/phasevar_5/0011_phA04_phB10.png,Is the magenta sphere closer to the camera than the magenta cube? Answer with yes or no.,No,Yes,24.984375,24.796875,False
/data/shared/Qwen/mydisk/output/SYNTHETIC/NVILA-Lite-2B-SYNTHETIC_MIX_10PCT_80K-20260224_234537,obj1_closer,output/phasevar_5/0011_phA04_phB11.png,Is the magenta sphere closer to the camera than the magenta cube? Answer with yes or no.,No,No,24.078125,24.296875,True
/data/shared/Qwen/mydisk/output/SYNTHETIC/NVILA-Lite-2B-SYNTHETIC_MIX_10PCT_80K-20260224_234537,obj1_closer,output/phasevar_5/0011_phA04_phB12.png,Is the magenta sphere closer to the camera than the magenta cube? Answer with yes or no.,No,No,23.90625,24.515625,True
/data/shared/Qwen/mydisk/output/SYNTHETIC/NVILA-Lite-2B-SYNTHETIC_MIX_10PCT_80K-20260224_234537,obj1_closer,output/phasevar_5/0011_phA04_phB13.png,Is the magenta sphere closer to the camera than the magenta cube? Answer with yes or no.,No,No,24.078125,24.59375,True
/data/shared/Qwen/mydisk/output/SYNTHETIC/NVILA-Lite-2B-SYNTHETIC_MIX_10PCT_80K-20260224_234537,obj1_closer,output/phasevar_5/0011_phA04_phB14.png,Is the magenta sphere closer to the camera than the magenta cube? Answer with yes or no.,No,No,24.359375,24.59375,True
/data/shared/Qwen/mydisk/output/SYNTHETIC/NVILA-Lite-2B-SYNTHETIC_MIX_10PCT_80K-20260224_234537,obj1_closer,output/phasevar_5/0011_phA04_phB15.png,Is the magenta sphere closer to the camera than the magenta cube? Answer with yes or no.,No,No,24.25,24.765625,True
/data/shared/Qwen/mydisk/output/SYNTHETIC/NVILA-Lite-2B-SYNTHETIC_MIX_10PCT_80K-20260224_234537,obj1_closer,output/phasevar_5/0011_phA05_phB00.png,Is the magenta sphere closer to the camera than the magenta cube? Answer with yes or no.,No,No,25.21875,25.578125,True
/data/shared/Qwen/mydisk/output/SYNTHETIC/NVILA-Lite-2B-SYNTHETIC_MIX_10PCT_80K-20260224_234537,obj1_closer,output/phasevar_5/0011_phA05_phB01.png,Is the magenta sphere closer to the camera than the magenta cube? Answer with yes or no.,No,No,25.96875,26.53125,True
/data/shared/Qwen/mydisk/output/SYNTHETIC/NVILA-Lite-2B-SYNTHETIC_MIX_10PCT_80K-20260224_234537,obj1_closer,output/phasevar_5/0011_phA05_phB02.png,Is the magenta sphere closer to the camera than the magenta cube? Answer with yes or no.,No,No,26.046875,26.796875,True
/data/shared/Qwen/mydisk/output/SYNTHETIC/NVILA-Lite-2B-SYNTHETIC_MIX_10PCT_80K-20260224_234537,obj1_closer,output/phasevar_5/0011_phA05_phB03.png,Is the magenta sphere closer to the camera than the magenta cube? Answer with yes or no.,No,No,25.421875,26.71875,True
/data/shared/Qwen/mydisk/output/SYNTHETIC/NVILA-Lite-2B-SYNTHETIC_MIX_10PCT_80K-20260224_234537,obj1_closer,output/phasevar_5/0011_phA05_phB04.png,Is the magenta sphere closer to the camera than the magenta cube? Answer with yes or no.,No,No,25.46875,27.0625,True
/data/shared/Qwen/mydisk/output/SYNTHETIC/NVILA-Lite-2B-SYNTHETIC_MIX_10PCT_80K-20260224_234537,obj1_closer,output/phasevar_5/0011_phA05_phB05.png,Is the magenta sphere closer to the camera than the magenta cube? Answer with yes or no.,No,No,24.453125,25.703125,True
/data/shared/Qwen/mydisk/output/SYNTHETIC/NVILA-Lite-2B-SYNTHETIC_MIX_10PCT_80K-20260224_234537,obj1_closer,output/phasevar_5/0011_phA05_phB06.png,Is the magenta sphere closer to the camera than the magenta cube? Answer with yes or no.,No,No,25.015625,25.765625,True
/data/shared/Qwen/mydisk/output/SYNTHETIC/NVILA-Lite-2B-SYNTHETIC_MIX_10PCT_80K-20260224_234537,obj1_closer,output/phasevar_5/0011_phA05_phB07.png,Is the magenta sphere closer to the camera than the magenta cube? Answer with yes or no.,No,No,25.21875,25.96875,True
/data/shared/Qwen/mydisk/output/SYNTHETIC/NVILA-Lite-2B-SYNTHETIC_MIX_10PCT_80K-20260224_234537,obj1_closer,output/phasevar_5/0011_phA05_phB08.png,Is the magenta sphere closer to the camera than the magenta cube? Answer with yes or no.,No,Yes,25.375,25.234375,False
/data/shared/Qwen/mydisk/output/SYNTHETIC/NVILA-Lite-2B-SYNTHETIC_MIX_10PCT_80K-20260224_234537,obj1_closer,output/phasevar_5/0011_phA05_phB09.png,Is the magenta sphere closer to the camera than the magenta cube? Answer with yes or no.,No,Yes,25.171875,25.046875,False
/data/shared/Qwen/mydisk/output/SYNTHETIC/NVILA-Lite-2B-SYNTHETIC_MIX_10PCT_80K-20260224_234537,obj1_closer,output/phasevar_5/0011_phA05_phB10.png,Is the magenta sphere closer to the camera than the magenta cube? Answer with yes or no.,No,Yes,24.859375,24.734375,False
/data/shared/Qwen/mydisk/output/SYNTHETIC/NVILA-Lite-2B-SYNTHETIC_MIX_10PCT_80K-20260224_234537,obj1_closer,output/phasevar_5/0011_phA05_phB11.png,Is the magenta sphere closer to the camera than the magenta cube? Answer with yes or no.,No,No,24.203125,24.296875,True
/data/shared/Qwen/mydisk/output/SYNTHETIC/NVILA-Lite-2B-SYNTHETIC_MIX_10PCT_80K-20260224_234537,obj1_closer,output/phasevar_5/0011_phA05_phB12.png,Is the magenta sphere closer to the camera than the magenta cube? Answer with yes or no.,No,No,24.234375,24.640625,True
/data/shared/Qwen/mydisk/output/SYNTHETIC/NVILA-Lite-2B-SYNTHETIC_MIX_10PCT_80K-20260224_234537,obj1_closer,output/phasevar_5/0011_phA05_phB13.png,Is the magenta sphere closer to the camera than the magenta cube? Answer with yes or no.,No,No,24.46875,24.546875,True
/data/shared/Qwen/mydisk/output/SYNTHETIC/NVILA-Lite-2B-SYNTHETIC_MIX_10PCT_80K-20260224_234537,obj1_closer,output/phasevar_5/0011_phA05_phB14.png,Is the magenta sphere closer to the camera than the magenta cube? Answer with yes or no.,No,Yes,24.515625,24.5,False
/data/shared/Qwen/mydisk/output/SYNTHETIC/NVILA-Lite-2B-SYNTHETIC_MIX_10PCT_80K-20260224_234537,obj1_closer,output/phasevar_5/0011_phA05_phB15.png,Is the magenta sphere closer to the camera than the magenta cube? Answer with yes or no.,No,No,24.65625,24.765625,True
/data/shared/Qwen/mydisk/output/SYNTHETIC/NVILA-Lite-2B-SYNTHETIC_MIX_10PCT_80K-20260224_234537,obj1_closer,output/phasevar_5/0011_phA06_phB00.png,Is the magenta sphere closer to the camera than the magenta cube? Answer with yes or no.,No,Yes,25.953125,25.65625,False
/data/shared/Qwen/mydisk/output/SYNTHETIC/NVILA-Lite-2B-SYNTHETIC_MIX_10PCT_80K-20260224_234537,obj1_closer,output/phasevar_5/0011_phA06_phB01.png,Is the magenta sphere closer to the camera than the magenta cube? Answer with yes or no.,No,Yes,26.578125,26.484375,False
/data/shared/Qwen/mydisk/output/SYNTHETIC/NVILA-Lite-2B-SYNTHETIC_MIX_10PCT_80K-20260224_234537,obj1_closer,output/phasevar_5/0011_phA06_phB02.png,Is the magenta sphere closer to the camera than the magenta cube? Answer with yes or no.,No,No,26.53125,26.875,True
/data/shared/Qwen/mydisk/output/SYNTHETIC/NVILA-Lite-2B-SYNTHETIC_MIX_10PCT_80K-20260224_234537,obj1_closer,output/phasevar_5/0011_phA06_phB03.png,Is the magenta sphere closer to the camera than the magenta cube? Answer with yes or no.,No,No,26.03125,27.0,True
/data/shared/Qwen/mydisk/output/SYNTHETIC/NVILA-Lite-2B-SYNTHETIC_MIX_10PCT_80K-20260224_234537,obj1_closer,output/phasevar_5/0011_phA06_phB04.png,Is the magenta sphere closer to the camera than the magenta cube? Answer with yes or no.,No,No,25.828125,27.046875,True
/data/shared/Qwen/mydisk/output/SYNTHETIC/NVILA-Lite-2B-SYNTHETIC_MIX_10PCT_80K-20260224_234537,obj1_closer,output/phasevar_5/0011_phA06_phB05.png,Is the magenta sphere closer to the camera than the magenta cube? Answer with yes or no.,No,No,24.9375,26.703125,True
/data/shared/Qwen/mydisk/output/SYNTHETIC/NVILA-Lite-2B-SYNTHETIC_MIX_10PCT_80K-20260224_234537,obj1_closer,output/phasevar_5/0011_phA06_phB06.png,Is the magenta sphere closer to the camera than the magenta cube? Answer with yes or no.,No,No,25.4375,26.71875,True
/data/shared/Qwen/mydisk/output/SYNTHETIC/NVILA-Lite-2B-SYNTHETIC_MIX_10PCT_80K-20260224_234537,obj1_closer,output/phasevar_5/0011_phA06_phB07.png,Is the magenta sphere closer to the camera than the magenta cube? Answer with yes or no.,No,No,25.453125,26.53125,True
/data/shared/Qwen/mydisk/output/SYNTHETIC/NVILA-Lite-2B-SYNTHETIC_MIX_10PCT_80K-20260224_234537,obj1_closer,output/phasevar_5/0011_phA06_phB08.png,Is the magenta sphere closer to the camera than the magenta cube? Answer with yes or no.,No,No,25.28125,25.5625,True
/data/shared/Qwen/mydisk/output/SYNTHETIC/NVILA-Lite-2B-SYNTHETIC_MIX_10PCT_80K-20260224_234537,obj1_closer,output/phasevar_5/0011_phA06_phB09.png,Is the magenta sphere closer to the camera than the magenta cube? Answer with yes or no.,No,No,25.203125,25.59375,True
/data/shared/Qwen/mydisk/output/SYNTHETIC/NVILA-Lite-2B-SYNTHETIC_MIX_10PCT_80K-20260224_234537,obj1_closer,output/phasevar_5/0011_phA06_phB10.png,Is the magenta sphere closer to the camera than the magenta cube? Answer with yes or no.,No,No,24.6875,24.984375,True
/data/shared/Qwen/mydisk/output/SYNTHETIC/NVILA-Lite-2B-SYNTHETIC_MIX_10PCT_80K-20260224_234537,obj1_closer,output/phasevar_5/0011_phA06_phB11.png,Is the magenta sphere closer to the camera than the magenta cube? Answer with yes or no.,No,Yes,24.875,24.765625,False
/data/shared/Qwen/mydisk/output/SYNTHETIC/NVILA-Lite-2B-SYNTHETIC_MIX_10PCT_80K-20260224_234537,obj1_closer,output/phasevar_5/0011_phA06_phB12.png,Is the magenta sphere closer to the camera than the magenta cube? Answer with yes or no.,No,Yes,25.296875,25.140625,False
/data/shared/Qwen/mydisk/output/SYNTHETIC/NVILA-Lite-2B-SYNTHETIC_MIX_10PCT_80K-20260224_234537,obj1_closer,output/phasevar_5/0011_phA06_phB13.png,Is the magenta sphere closer to the camera than the magenta cube? Answer with yes or no.,No,Yes,25.453125,25.0625,False
/data/shared/Qwen/mydisk/output/SYNTHETIC/NVILA-Lite-2B-SYNTHETIC_MIX_10PCT_80K-20260224_234537,obj1_closer,output/phasevar_5/0011_phA06_phB14.png,Is the magenta sphere closer to the camera than the magenta cube? Answer with yes or no.,No,Yes,25.140625,24.8125,False
/data/shared/Qwen/mydisk/output/SYNTHETIC/NVILA-Lite-2B-SYNTHETIC_MIX_10PCT_80K-20260224_234537,obj1_closer,output/phasevar_5/0011_phA06_phB15.png,Is the magenta sphere closer to the camera than the magenta cube? Answer with yes or no.,No,Yes,25.71875,25.3125,False
/data/shared/Qwen/mydisk/output/SYNTHETIC/NVILA-Lite-2B-SYNTHETIC_MIX_10PCT_80K-20260224_234537,obj1_closer,output/phasevar_5/0011_phA07_phB00.png,Is the magenta sphere closer to the camera than the magenta cube? Answer with yes or no.,No,No,25.90625,26.03125,True
/data/shared/Qwen/mydisk/output/SYNTHETIC/NVILA-Lite-2B-SYNTHETIC_MIX_10PCT_80K-20260224_234537,obj1_closer,output/phasevar_5/0011_phA07_phB01.png,Is the magenta sphere closer to the camera than the magenta cube? Answer with yes or no.,No,Yes,26.78125,26.65625,False
/data/shared/Qwen/mydisk/output/SYNTHETIC/NVILA-Lite-2B-SYNTHETIC_MIX_10PCT_80K-20260224_234537,obj1_closer,output/phasevar_5/0011_phA07_phB02.png,Is the magenta sphere closer to the camera than the magenta cube? Answer with yes or no.,No,No,26.84375,27.109375,True
/data/shared/Qwen/mydisk/output/SYNTHETIC/NVILA-Lite-2B-SYNTHETIC_MIX_10PCT_80K-20260224_234537,obj1_closer,output/phasevar_5/0011_phA07_phB03.png,Is the magenta sphere closer to the camera than the magenta cube? Answer with yes or no.,No,No,26.65625,27.109375,True
/data/shared/Qwen/mydisk/output/SYNTHETIC/NVILA-Lite-2B-SYNTHETIC_MIX_10PCT_80K-20260224_234537,obj1_closer,output/phasevar_5/0011_phA07_phB04.png,Is the magenta sphere closer to the camera than the magenta cube? Answer with yes or no.,No,No,26.53125,27.03125,True
/data/shared/Qwen/mydisk/output/SYNTHETIC/NVILA-Lite-2B-SYNTHETIC_MIX_10PCT_80K-20260224_234537,obj1_closer,output/phasevar_5/0011_phA07_phB05.png,Is the magenta sphere closer to the camera than the magenta cube? Answer with yes or no.,No,No,25.609375,26.828125,True
/data/shared/Qwen/mydisk/output/SYNTHETIC/NVILA-Lite-2B-SYNTHETIC_MIX_10PCT_80K-20260224_234537,obj1_closer,output/phasevar_5/0011_phA07_phB06.png,Is the magenta sphere closer to the camera than the magenta cube? Answer with yes or no.,No,No,25.96875,26.875,True
/data/shared/Qwen/mydisk/output/SYNTHETIC/NVILA-Lite-2B-SYNTHETIC_MIX_10PCT_80K-20260224_234537,obj1_closer,output/phasevar_5/0011_phA07_phB07.png,Is the magenta sphere closer to the camera than the magenta cube? Answer with yes or no.,No,No,25.765625,27.296875,True
/data/shared/Qwen/mydisk/output/SYNTHETIC/NVILA-Lite-2B-SYNTHETIC_MIX_10PCT_80K-20260224_234537,obj1_closer,output/phasevar_5/0011_phA07_phB08.png,Is the magenta sphere closer to the camera than the magenta cube? Answer with yes or no.,No,No,25.40625,26.078125,True
/data/shared/Qwen/mydisk/output/SYNTHETIC/NVILA-Lite-2B-SYNTHETIC_MIX_10PCT_80K-20260224_234537,obj1_closer,output/phasevar_5/0011_phA07_phB09.png,Is the magenta sphere closer to the camera than the magenta cube? Answer with yes or no.,No,No,25.046875,25.78125,True
/data/shared/Qwen/mydisk/output/SYNTHETIC/NVILA-Lite-2B-SYNTHETIC_MIX_10PCT_80K-20260224_234537,obj1_closer,output/phasevar_5/0011_phA07_phB10.png,Is the magenta sphere closer to the camera than the magenta cube? Answer with yes or no.,No,No,24.75,25.125,True
/data/shared/Qwen/mydisk/output/SYNTHETIC/NVILA-Lite-2B-SYNTHETIC_MIX_10PCT_80K-20260224_234537,obj1_closer,output/phasevar_5/0011_phA07_phB11.png,Is the magenta sphere closer to the camera than the magenta cube? Answer with yes or no.,No,Yes,24.65625,24.625,False
/data/shared/Qwen/mydisk/output/SYNTHETIC/NVILA-Lite-2B-SYNTHETIC_MIX_10PCT_80K-20260224_234537,obj1_closer,output/phasevar_5/0011_phA07_phB12.png,Is the magenta sphere closer to the camera than the magenta cube? Answer with yes or no.,No,Yes,25.3125,25.015625,False
/data/shared/Qwen/mydisk/output/SYNTHETIC/NVILA-Lite-2B-SYNTHETIC_MIX_10PCT_80K-20260224_234537,obj1_closer,output/phasevar_5/0011_phA07_phB13.png,Is the magenta sphere closer to the camera than the magenta cube? Answer with yes or no.,No,Yes,25.203125,24.84375,False
/data/shared/Qwen/mydisk/output/SYNTHETIC/NVILA-Lite-2B-SYNTHETIC_MIX_10PCT_80K-20260224_234537,obj1_closer,output/phasevar_5/0011_phA07_phB14.png,Is the magenta sphere closer to the camera than the magenta cube? Answer with yes or no.,No,Yes,25.078125,24.828125,False
/data/shared/Qwen/mydisk/output/SYNTHETIC/NVILA-Lite-2B-SYNTHETIC_MIX_10PCT_80K-20260224_234537,obj1_closer,output/phasevar_5/0011_phA07_phB15.png,Is the magenta sphere closer to the camera than the magenta cube? Answer with yes or no.,No,No,25.421875,25.5625,True
/data/shared/Qwen/mydisk/output/SYNTHETIC/NVILA-Lite-2B-SYNTHETIC_MIX_10PCT_80K-20260224_234537,obj1_closer,output/phasevar_5/0011_phA08_phB00.png,Is the magenta sphere closer to the camera than the magenta cube? Answer with yes or no.,No,No,26.734375,26.875,True
/data/shared/Qwen/mydisk/output/SYNTHETIC/NVILA-Lite-2B-SYNTHETIC_MIX_10PCT_80K-20260224_234537,obj1_closer,output/phasevar_5/0011_phA08_phB01.png,Is the magenta sphere closer to the camera than the magenta cube? Answer with yes or no.,No,Yes,27.375,27.046875,False
/data/shared/Qwen/mydisk/output/SYNTHETIC/NVILA-Lite-2B-SYNTHETIC_MIX_10PCT_80K-20260224_234537,obj1_closer,output/phasevar_5/0011_phA08_phB02.png,Is the magenta sphere closer to the camera than the magenta cube? Answer with yes or no.,No,No,27.40625,27.484375,True
/data/shared/Qwen/mydisk/output/SYNTHETIC/NVILA-Lite-2B-SYNTHETIC_MIX_10PCT_80K-20260224_234537,obj1_closer,output/phasevar_5/0011_phA08_phB03.png,Is the magenta sphere closer to the camera than the magenta cube? Answer with yes or no.,No,Yes,27.140625,27.078125,False
/data/shared/Qwen/mydisk/output/SYNTHETIC/NVILA-Lite-2B-SYNTHETIC_MIX_10PCT_80K-20260224_234537,obj1_closer,output/phasevar_5/0011_phA08_phB04.png,Is the magenta sphere closer to the camera than the magenta cube? Answer with yes or no.,No,No,27.046875,27.234375,True
/data/shared/Qwen/mydisk/output/SYNTHETIC/NVILA-Lite-2B-SYNTHETIC_MIX_10PCT_80K-20260224_234537,obj1_closer,output/phasevar_5/0011_phA08_phB05.png,Is the magenta sphere closer to the camera than the magenta cube? Answer with yes or no.,No,No,25.9375,26.828125,True
/data/shared/Qwen/mydisk/output/SYNTHETIC/NVILA-Lite-2B-SYNTHETIC_MIX_10PCT_80K-20260224_234537,obj1_closer,output/phasevar_5/0011_phA08_phB06.png,Is the magenta sphere closer to the camera than the magenta cube? Answer with yes or no.,No,No,26.234375,27.140625,True
/data/shared/Qwen/mydisk/output/SYNTHETIC/NVILA-Lite-2B-SYNTHETIC_MIX_10PCT_80K-20260224_234537,obj1_closer,output/phasevar_5/0011_phA08_phB07.png,Is the magenta sphere closer to the camera than the magenta cube? Answer with yes or no.,No,No,26.09375,27.5,True
/data/shared/Qwen/mydisk/output/SYNTHETIC/NVILA-Lite-2B-SYNTHETIC_MIX_10PCT_80K-20260224_234537,obj1_closer,output/phasevar_5/0011_phA08_phB08.png,Is the magenta sphere closer to the camera than the magenta cube? Answer with yes or no.,No,No,25.53125,26.546875,True
/data/shared/Qwen/mydisk/output/SYNTHETIC/NVILA-Lite-2B-SYNTHETIC_MIX_10PCT_80K-20260224_234537,obj1_closer,output/phasevar_5/0011_phA08_phB09.png,Is the magenta sphere closer to the camera than the magenta cube? Answer with yes or no.,No,No,24.96875,26.0625,True
/data/shared/Qwen/mydisk/output/SYNTHETIC/NVILA-Lite-2B-SYNTHETIC_MIX_10PCT_80K-20260224_234537,obj1_closer,output/phasevar_5/0011_phA08_phB10.png,Is the magenta sphere closer to the camera than the magenta cube? Answer with yes or no.,No,No,24.46875,24.953125,True
/data/shared/Qwen/mydisk/output/SYNTHETIC/NVILA-Lite-2B-SYNTHETIC_MIX_10PCT_80K-20260224_234537,obj1_closer,output/phasevar_5/0011_phA08_phB11.png,Is the magenta sphere closer to the camera than the magenta cube? Answer with yes or no.,No,No,24.390625,24.59375,True
/data/shared/Qwen/mydisk/output/SYNTHETIC/NVILA-Lite-2B-SYNTHETIC_MIX_10PCT_80K-20260224_234537,obj1_closer,output/phasevar_5/0011_phA08_phB12.png,Is the magenta sphere closer to the camera than the magenta cube? Answer with yes or no.,No,Yes,25.125,25.078125,False
/data/shared/Qwen/mydisk/output/SYNTHETIC/NVILA-Lite-2B-SYNTHETIC_MIX_10PCT_80K-20260224_234537,obj1_closer,output/phasevar_5/0011_phA08_phB13.png,Is the magenta sphere closer to the camera than the magenta cube? Answer with yes or no.,No,Yes,24.984375,24.90625,False
/data/shared/Qwen/mydisk/output/SYNTHETIC/NVILA-Lite-2B-SYNTHETIC_MIX_10PCT_80K-20260224_234537,obj1_closer,output/phasevar_5/0011_phA08_phB14.png,Is the magenta sphere closer to the camera than the magenta cube? Answer with yes or no.,No,Yes,25.1875,25.140625,False
/data/shared/Qwen/mydisk/output/SYNTHETIC/NVILA-Lite-2B-SYNTHETIC_MIX_10PCT_80K-20260224_234537,obj1_closer,output/phasevar_5/0011_phA08_phB15.png,Is the magenta sphere closer to the camera than the magenta cube? Answer with yes or no.,No,No,25.875,26.171875,True
/data/shared/Qwen/mydisk/output/SYNTHETIC/NVILA-Lite-2B-SYNTHETIC_MIX_10PCT_80K-20260224_234537,obj1_closer,output/phasevar_5/0011_phA09_phB00.png,Is the magenta sphere closer to the camera than the magenta cube? Answer with yes or no.,No,No,27.3125,27.65625,True
/data/shared/Qwen/mydisk/output/SYNTHETIC/NVILA-Lite-2B-SYNTHETIC_MIX_10PCT_80K-20260224_234537,obj1_closer,output/phasevar_5/0011_phA09_phB01.png,Is the magenta sphere closer to the camera than the magenta cube? Answer with yes or no.,No,Yes,27.5625,27.359375,False
/data/shared/Qwen/mydisk/output/SYNTHETIC/NVILA-Lite-2B-SYNTHETIC_MIX_10PCT_80K-20260224_234537,obj1_closer,output/phasevar_5/0011_phA09_phB02.png,Is the magenta sphere closer to the camera than the magenta cube? Answer with yes or no.,No,No,27.5625,27.625,True
/data/shared/Qwen/mydisk/output/SYNTHETIC/NVILA-Lite-2B-SYNTHETIC_MIX_10PCT_80K-20260224_234537,obj1_closer,output/phasevar_5/0011_phA09_phB03.png,Is the magenta sphere closer to the camera than the magenta cube? Answer with yes or no.,No,No,27.390625,27.71875,True
/data/shared/Qwen/mydisk/output/SYNTHETIC/NVILA-Lite-2B-SYNTHETIC_MIX_10PCT_80K-20260224_234537,obj1_closer,output/phasevar_5/0011_phA09_phB04.png,Is the magenta sphere closer to the camera than the magenta cube? Answer with yes or no.,No,No,27.25,27.78125,True
/data/shared/Qwen/mydisk/output/SYNTHETIC/NVILA-Lite-2B-SYNTHETIC_MIX_10PCT_80K-20260224_234537,obj1_closer,output/phasevar_5/0011_phA09_phB05.png,Is the magenta sphere closer to the camera than the magenta cube? Answer with yes or no.,No,No,26.25,27.109375,True
/data/shared/Qwen/mydisk/output/SYNTHETIC/NVILA-Lite-2B-SYNTHETIC_MIX_10PCT_80K-20260224_234537,obj1_closer,output/phasevar_5/0011_phA09_phB06.png,Is the magenta sphere closer to the camera than the magenta cube? Answer with yes or no.,No,No,26.375,27.328125,True
/data/shared/Qwen/mydisk/output/SYNTHETIC/NVILA-Lite-2B-SYNTHETIC_MIX_10PCT_80K-20260224_234537,obj1_closer,output/phasevar_5/0011_phA09_phB07.png,Is the magenta sphere closer to the camera than the magenta cube? Answer with yes or no.,No,No,26.328125,27.921875,True
/data/shared/Qwen/mydisk/output/SYNTHETIC/NVILA-Lite-2B-SYNTHETIC_MIX_10PCT_80K-20260224_234537,obj1_closer,output/phasevar_5/0011_phA09_phB08.png,Is the magenta sphere closer to the camera than the magenta cube? Answer with yes or no.,No,No,25.8125,27.21875,True
/data/shared/Qwen/mydisk/output/SYNTHETIC/NVILA-Lite-2B-SYNTHETIC_MIX_10PCT_80K-20260224_234537,obj1_closer,output/phasevar_5/0011_phA09_phB09.png,Is the magenta sphere closer to the camera than the magenta cube? Answer with yes or no.,No,No,25.25,26.75,True
/data/shared/Qwen/mydisk/output/SYNTHETIC/NVILA-Lite-2B-SYNTHETIC_MIX_10PCT_80K-20260224_234537,obj1_closer,output/phasevar_5/0011_phA09_phB10.png,Is the magenta sphere closer to the camera than the magenta cube? Answer with yes or no.,No,No,25.0,25.8125,True
/data/shared/Qwen/mydisk/output/SYNTHETIC/NVILA-Lite-2B-SYNTHETIC_MIX_10PCT_80K-20260224_234537,obj1_closer,output/phasevar_5/0011_phA09_phB11.png,Is the magenta sphere closer to the camera than the magenta cube? Answer with yes or no.,No,No,24.921875,25.28125,True
/data/shared/Qwen/mydisk/output/SYNTHETIC/NVILA-Lite-2B-SYNTHETIC_MIX_10PCT_80K-20260224_234537,obj1_closer,output/phasevar_5/0011_phA09_phB12.png,Is the magenta sphere closer to the camera than the magenta cube? Answer with yes or no.,No,No,25.6875,25.78125,True
/data/shared/Qwen/mydisk/output/SYNTHETIC/NVILA-Lite-2B-SYNTHETIC_MIX_10PCT_80K-20260224_234537,obj1_closer,output/phasevar_5/0011_phA09_phB13.png,Is the magenta sphere closer to the camera than the magenta cube? Answer with yes or no.,No,Yes,25.59375,25.546875,False
/data/shared/Qwen/mydisk/output/SYNTHETIC/NVILA-Lite-2B-SYNTHETIC_MIX_10PCT_80K-20260224_234537,obj1_closer,output/phasevar_5/0011_phA09_phB14.png,Is the magenta sphere closer to the camera than the magenta cube? Answer with yes or no.,No,No,25.5,25.578125,True
/data/shared/Qwen/mydisk/output/SYNTHETIC/NVILA-Lite-2B-SYNTHETIC_MIX_10PCT_80K-20260224_234537,obj1_closer,output/phasevar_5/0011_phA09_phB15.png,Is the magenta sphere closer to the camera than the magenta cube? Answer with yes or no.,No,No,26.21875,26.90625,True
/data/shared/Qwen/mydisk/output/SYNTHETIC/NVILA-Lite-2B-SYNTHETIC_MIX_10PCT_80K-20260224_234537,obj1_closer,output/phasevar_5/0011_phA10_phB00.png,Is the magenta sphere closer to the camera than the magenta cube? Answer with yes or no.,No,Yes,28.09375,26.65625,False
/data/shared/Qwen/mydisk/output/SYNTHETIC/NVILA-Lite-2B-SYNTHETIC_MIX_10PCT_80K-20260224_234537,obj1_closer,output/phasevar_5/0011_phA10_phB01.png,Is the magenta sphere closer to the camera than the magenta cube? Answer with yes or no.,No,Yes,27.96875,26.390625,False
/data/shared/Qwen/mydisk/output/SYNTHETIC/NVILA-Lite-2B-SYNTHETIC_MIX_10PCT_80K-20260224_234537,obj1_closer,output/phasevar_5/0011_phA10_phB02.png,Is the magenta sphere closer to the camera than the magenta cube? Answer with yes or no.,No,Yes,27.765625,26.640625,False
/data/shared/Qwen/mydisk/output/SYNTHETIC/NVILA-Lite-2B-SYNTHETIC_MIX_10PCT_80K-20260224_234537,obj1_closer,output/phasevar_5/0011_phA10_phB03.png,Is the magenta sphere closer to the camera than the magenta cube? Answer with yes or no.,No,Yes,27.375,26.484375,False
/data/shared/Qwen/mydisk/output/SYNTHETIC/NVILA-Lite-2B-SYNTHETIC_MIX_10PCT_80K-20260224_234537,obj1_closer,output/phasevar_5/0011_phA10_phB04.png,Is the magenta sphere closer to the camera than the magenta cube? Answer with yes or no.,No,Yes,26.984375,26.28125,False
/data/shared/Qwen/mydisk/output/SYNTHETIC/NVILA-Lite-2B-SYNTHETIC_MIX_10PCT_80K-20260224_234537,obj1_closer,output/phasevar_5/0011_phA10_phB05.png,Is the magenta sphere closer to the camera than the magenta cube? Answer with yes or no.,No,Yes,25.890625,25.625,False
/data/shared/Qwen/mydisk/output/SYNTHETIC/NVILA-Lite-2B-SYNTHETIC_MIX_10PCT_80K-20260224_234537,obj1_closer,output/phasevar_5/0011_phA10_phB06.png,Is the magenta sphere closer to the camera than the magenta cube? Answer with yes or no.,No,Yes,26.59375,26.5,False
/data/shared/Qwen/mydisk/output/SYNTHETIC/NVILA-Lite-2B-SYNTHETIC_MIX_10PCT_80K-20260224_234537,obj1_closer,output/phasevar_5/0011_phA10_phB07.png,Is the magenta sphere closer to the camera than the magenta cube? Answer with yes or no.,No,No,26.890625,26.96875,True
/data/shared/Qwen/mydisk/output/SYNTHETIC/NVILA-Lite-2B-SYNTHETIC_MIX_10PCT_80K-20260224_234537,obj1_closer,output/phasevar_5/0011_phA10_phB08.png,Is the magenta sphere closer to the camera than the magenta cube? Answer with yes or no.,No,Yes,26.453125,26.171875,False
/data/shared/Qwen/mydisk/output/SYNTHETIC/NVILA-Lite-2B-SYNTHETIC_MIX_10PCT_80K-20260224_234537,obj1_closer,output/phasevar_5/0011_phA10_phB09.png,Is the magenta sphere closer to the camera than the magenta cube? Answer with yes or no.,No,No,25.53125,26.40625,True
/data/shared/Qwen/mydisk/output/SYNTHETIC/NVILA-Lite-2B-SYNTHETIC_MIX_10PCT_80K-20260224_234537,obj1_closer,output/phasevar_5/0011_phA10_phB10.png,Is the magenta sphere closer to the camera than the magenta cube? Answer with yes or no.,No,No,24.90625,25.703125,True
/data/shared/Qwen/mydisk/output/SYNTHETIC/NVILA-Lite-2B-SYNTHETIC_MIX_10PCT_80K-20260224_234537,obj1_closer,output/phasevar_5/0011_phA10_phB11.png,Is the magenta sphere closer to the camera than the magenta cube? Answer with yes or no.,No,No,25.078125,25.71875,True
/data/shared/Qwen/mydisk/output/SYNTHETIC/NVILA-Lite-2B-SYNTHETIC_MIX_10PCT_80K-20260224_234537,obj1_closer,output/phasevar_5/0011_phA10_phB12.png,Is the magenta sphere closer to the camera than the magenta cube? Answer with yes or no.,No,No,26.1875,26.25,True
/data/shared/Qwen/mydisk/output/SYNTHETIC/NVILA-Lite-2B-SYNTHETIC_MIX_10PCT_80K-20260224_234537,obj1_closer,output/phasevar_5/0011_phA10_phB13.png,Is the magenta sphere closer to the camera than the magenta cube? Answer with yes or no.,No,Yes,26.171875,25.859375,False
/data/shared/Qwen/mydisk/output/SYNTHETIC/NVILA-Lite-2B-SYNTHETIC_MIX_10PCT_80K-20260224_234537,obj1_closer,output/phasevar_5/0011_phA10_phB14.png,Is the magenta sphere closer to the camera than the magenta cube? Answer with yes or no.,No,Yes,26.21875,26.015625,False
/data/shared/Qwen/mydisk/output/SYNTHETIC/NVILA-Lite-2B-SYNTHETIC_MIX_10PCT_80K-20260224_234537,obj1_closer,output/phasevar_5/0011_phA10_phB15.png,Is the magenta sphere closer to the camera than the magenta cube? Answer with yes or no.,No,Yes,27.59375,27.15625,False
/data/shared/Qwen/mydisk/output/SYNTHETIC/NVILA-Lite-2B-SYNTHETIC_MIX_10PCT_80K-20260224_234537,obj1_closer,output/phasevar_5/0011_phA11_phB00.png,Is the magenta sphere closer to the camera than the magenta cube? Answer with yes or no.,No,Yes,27.328125,26.421875,False
/data/shared/Qwen/mydisk/output/SYNTHETIC/NVILA-Lite-2B-SYNTHETIC_MIX_10PCT_80K-20260224_234537,obj1_closer,output/phasevar_5/0011_phA11_phB01.png,Is the magenta sphere closer to the camera than the magenta cube? Answer with yes or no.,No,Yes,27.375,26.328125,False
/data/shared/Qwen/mydisk/output/SYNTHETIC/NVILA-Lite-2B-SYNTHETIC_MIX_10PCT_80K-20260224_234537,obj1_closer,output/phasevar_5/0011_phA11_phB02.png,Is the magenta sphere closer to the camera than the magenta cube? Answer with yes or no.,No,Yes,27.359375,26.65625,False
/data/shared/Qwen/mydisk/output/SYNTHETIC/NVILA-Lite-2B-SYNTHETIC_MIX_10PCT_80K-20260224_234537,obj1_closer,output/phasevar_5/0011_phA11_phB03.png,Is the magenta sphere closer to the camera than the magenta cube? Answer with yes or no.,No,Yes,26.75,26.28125,False
/data/shared/Qwen/mydisk/output/SYNTHETIC/NVILA-Lite-2B-SYNTHETIC_MIX_10PCT_80K-20260224_234537,obj1_closer,output/phasevar_5/0011_phA11_phB04.png,Is the magenta sphere closer to the camera than the magenta cube? Answer with yes or no.,No,Yes,26.34375,25.875,False
/data/shared/Qwen/mydisk/output/SYNTHETIC/NVILA-Lite-2B-SYNTHETIC_MIX_10PCT_80K-20260224_234537,obj1_closer,output/phasevar_5/0011_phA11_phB05.png,Is the magenta sphere closer to the camera than the magenta cube? Answer with yes or no.,No,No,25.328125,25.40625,True
/data/shared/Qwen/mydisk/output/SYNTHETIC/NVILA-Lite-2B-SYNTHETIC_MIX_10PCT_80K-20260224_234537,obj1_closer,output/phasevar_5/0011_phA11_phB06.png,Is the magenta sphere closer to the camera than the magenta cube? Answer with yes or no.,No,No,26.046875,26.046875,True
/data/shared/Qwen/mydisk/output/SYNTHETIC/NVILA-Lite-2B-SYNTHETIC_MIX_10PCT_80K-20260224_234537,obj1_closer,output/phasevar_5/0011_phA11_phB07.png,Is the magenta sphere closer to the camera than the magenta cube? Answer with yes or no.,No,No,26.34375,26.390625,True
/data/shared/Qwen/mydisk/output/SYNTHETIC/NVILA-Lite-2B-SYNTHETIC_MIX_10PCT_80K-20260224_234537,obj1_closer,output/phasevar_5/0011_phA11_phB08.png,Is the magenta sphere closer to the camera than the magenta cube? Answer with yes or no.,No,Yes,25.921875,25.609375,False
/data/shared/Qwen/mydisk/output/SYNTHETIC/NVILA-Lite-2B-SYNTHETIC_MIX_10PCT_80K-20260224_234537,obj1_closer,output/phasevar_5/0011_phA11_phB09.png,Is the magenta sphere closer to the camera than the magenta cube? Answer with yes or no.,No,No,25.140625,25.6875,True
/data/shared/Qwen/mydisk/output/SYNTHETIC/NVILA-Lite-2B-SYNTHETIC_MIX_10PCT_80K-20260224_234537,obj1_closer,output/phasevar_5/0011_phA11_phB10.png,Is the magenta sphere closer to the camera than the magenta cube? Answer with yes or no.,No,No,24.640625,24.984375,True
/data/shared/Qwen/mydisk/output/SYNTHETIC/NVILA-Lite-2B-SYNTHETIC_MIX_10PCT_80K-20260224_234537,obj1_closer,output/phasevar_5/0011_phA11_phB11.png,Is the magenta sphere closer to the camera than the magenta cube? Answer with yes or no.,No,No,24.015625,24.84375,True
/data/shared/Qwen/mydisk/output/SYNTHETIC/NVILA-Lite-2B-SYNTHETIC_MIX_10PCT_80K-20260224_234537,obj1_closer,output/phasevar_5/0011_phA11_phB12.png,Is the magenta sphere closer to the camera than the magenta cube? Answer with yes or no.,No,No,24.796875,25.6875,True
/data/shared/Qwen/mydisk/output/SYNTHETIC/NVILA-Lite-2B-SYNTHETIC_MIX_10PCT_80K-20260224_234537,obj1_closer,output/phasevar_5/0011_phA11_phB13.png,Is the magenta sphere closer to the camera than the magenta cube? Answer with yes or no.,No,No,25.125,25.484375,True
/data/shared/Qwen/mydisk/output/SYNTHETIC/NVILA-Lite-2B-SYNTHETIC_MIX_10PCT_80K-20260224_234537,obj1_closer,output/phasevar_5/0011_phA11_phB14.png,Is the magenta sphere closer to the camera than the magenta cube? Answer with yes or no.,No,No,25.53125,25.734375,True
/data/shared/Qwen/mydisk/output/SYNTHETIC/NVILA-Lite-2B-SYNTHETIC_MIX_10PCT_80K-20260224_234537,obj1_closer,output/phasevar_5/0011_phA11_phB15.png,Is the magenta sphere closer to the camera than the magenta cube? Answer with yes or no.,No,No,26.828125,27.0,True
/data/shared/Qwen/mydisk/output/SYNTHETIC/NVILA-Lite-2B-SYNTHETIC_MIX_10PCT_80K-20260224_234537,obj1_closer,output/phasevar_5/0011_phA12_phB00.png,Is the magenta sphere closer to the camera than the magenta cube? Answer with yes or no.,No,Yes,26.78125,26.265625,False
/data/shared/Qwen/mydisk/output/SYNTHETIC/NVILA-Lite-2B-SYNTHETIC_MIX_10PCT_80K-20260224_234537,obj1_closer,output/phasevar_5/0011_phA12_phB01.png,Is the magenta sphere closer to the camera than the magenta cube? Answer with yes or no.,No,Yes,27.34375,26.578125,False
/data/shared/Qwen/mydisk/output/SYNTHETIC/NVILA-Lite-2B-SYNTHETIC_MIX_10PCT_80K-20260224_234537,obj1_closer,output/phasevar_5/0011_phA12_phB02.png,Is the magenta sphere closer to the camera than the magenta cube? Answer with yes or no.,No,Yes,27.453125,26.890625,False
/data/shared/Qwen/mydisk/output/SYNTHETIC/NVILA-Lite-2B-SYNTHETIC_MIX_10PCT_80K-20260224_234537,obj1_closer,output/phasevar_5/0011_phA12_phB03.png,Is the magenta sphere closer to the camera than the magenta cube? Answer with yes or no.,No,Yes,26.90625,26.796875,False
/data/shared/Qwen/mydisk/output/SYNTHETIC/NVILA-Lite-2B-SYNTHETIC_MIX_10PCT_80K-20260224_234537,obj1_closer,output/phasevar_5/0011_phA12_phB04.png,Is the magenta sphere closer to the camera than the magenta cube? Answer with yes or no.,No,Yes,26.515625,26.28125,False
/data/shared/Qwen/mydisk/output/SYNTHETIC/NVILA-Lite-2B-SYNTHETIC_MIX_10PCT_80K-20260224_234537,obj1_closer,output/phasevar_5/0011_phA12_phB05.png,Is the magenta sphere closer to the camera than the magenta cube? Answer with yes or no.,No,No,25.453125,25.6875,True
/data/shared/Qwen/mydisk/output/SYNTHETIC/NVILA-Lite-2B-SYNTHETIC_MIX_10PCT_80K-20260224_234537,obj1_closer,output/phasevar_5/0011_phA12_phB06.png,Is the magenta sphere closer to the camera than the magenta cube? Answer with yes or no.,No,No,26.1875,26.3125,True
/data/shared/Qwen/mydisk/output/SYNTHETIC/NVILA-Lite-2B-SYNTHETIC_MIX_10PCT_80K-20260224_234537,obj1_closer,output/phasevar_5/0011_phA12_phB07.png,Is the magenta sphere closer to the camera than the magenta cube? Answer with yes or no.,No,No,26.265625,26.578125,True
/data/shared/Qwen/mydisk/output/SYNTHETIC/NVILA-Lite-2B-SYNTHETIC_MIX_10PCT_80K-20260224_234537,obj1_closer,output/phasevar_5/0011_phA12_phB08.png,Is the magenta sphere closer to the camera than the magenta cube? Answer with yes or no.,No,Yes,25.734375,25.625,False
/data/shared/Qwen/mydisk/output/SYNTHETIC/NVILA-Lite-2B-SYNTHETIC_MIX_10PCT_80K-20260224_234537,obj1_closer,output/phasevar_5/0011_phA12_phB09.png,Is the magenta sphere closer to the camera than the magenta cube? Answer with yes or no.,No,No,25.03125,25.640625,True
/data/shared/Qwen/mydisk/output/SYNTHETIC/NVILA-Lite-2B-SYNTHETIC_MIX_10PCT_80K-20260224_234537,obj1_closer,output/phasevar_5/0011_phA12_phB10.png,Is the magenta sphere closer to the camera than the magenta cube? Answer with yes or no.,No,No,24.734375,25.046875,True
/data/shared/Qwen/mydisk/output/SYNTHETIC/NVILA-Lite-2B-SYNTHETIC_MIX_10PCT_80K-20260224_234537,obj1_closer,output/phasevar_5/0011_phA12_phB11.png,Is the magenta sphere closer to the camera than the magenta cube? Answer with yes or no.,No,No,24.046875,24.78125,True
/data/shared/Qwen/mydisk/output/SYNTHETIC/NVILA-Lite-2B-SYNTHETIC_MIX_10PCT_80K-20260224_234537,obj1_closer,output/phasevar_5/0011_phA12_phB12.png,Is the magenta sphere closer to the camera than the magenta cube? Answer with yes or no.,No,No,24.515625,25.515625,True
/data/shared/Qwen/mydisk/output/SYNTHETIC/NVILA-Lite-2B-SYNTHETIC_MIX_10PCT_80K-20260224_234537,obj1_closer,output/phasevar_5/0011_phA12_phB13.png,Is the magenta sphere closer to the camera than the magenta cube? Answer with yes or no.,No,No,24.90625,25.640625,True
/data/shared/Qwen/mydisk/output/SYNTHETIC/NVILA-Lite-2B-SYNTHETIC_MIX_10PCT_80K-20260224_234537,obj1_closer,output/phasevar_5/0011_phA12_phB14.png,Is the magenta sphere closer to the camera than the magenta cube? Answer with yes or no.,No,No,25.125,25.515625,True
/data/shared/Qwen/mydisk/output/SYNTHETIC/NVILA-Lite-2B-SYNTHETIC_MIX_10PCT_80K-20260224_234537,obj1_closer,output/phasevar_5/0011_phA12_phB15.png,Is the magenta sphere closer to the camera than the magenta cube? Answer with yes or no.,No,No,26.25,26.921875,True
/data/shared/Qwen/mydisk/output/SYNTHETIC/NVILA-Lite-2B-SYNTHETIC_MIX_10PCT_80K-20260224_234537,obj1_closer,output/phasevar_5/0011_phA13_phB00.png,Is the magenta sphere closer to the camera than the magenta cube? Answer with yes or no.,No,Yes,26.625,26.0625,False
/data/shared/Qwen/mydisk/output/SYNTHETIC/NVILA-Lite-2B-SYNTHETIC_MIX_10PCT_80K-20260224_234537,obj1_closer,output/phasevar_5/0011_phA13_phB01.png,Is the magenta sphere closer to the camera than the magenta cube? Answer with yes or no.,No,Yes,27.5,26.484375,False
/data/shared/Qwen/mydisk/output/SYNTHETIC/NVILA-Lite-2B-SYNTHETIC_MIX_10PCT_80K-20260224_234537,obj1_closer,output/phasevar_5/0011_phA13_phB02.png,Is the magenta sphere closer to the camera than the magenta cube? Answer with yes or no.,No,Yes,27.65625,27.25,False
/data/shared/Qwen/mydisk/output/SYNTHETIC/NVILA-Lite-2B-SYNTHETIC_MIX_10PCT_80K-20260224_234537,obj1_closer,output/phasevar_5/0011_phA13_phB03.png,Is the magenta sphere closer to the camera than the magenta cube? Answer with yes or no.,No,No,27.125,27.125,True
/data/shared/Qwen/mydisk/output/SYNTHETIC/NVILA-Lite-2B-SYNTHETIC_MIX_10PCT_80K-20260224_234537,obj1_closer,output/phasevar_5/0011_phA13_phB04.png,Is the magenta sphere closer to the camera than the magenta cube? Answer with yes or no.,No,Yes,26.859375,26.8125,False
/data/shared/Qwen/mydisk/output/SYNTHETIC/NVILA-Lite-2B-SYNTHETIC_MIX_10PCT_80K-20260224_234537,obj1_closer,output/phasevar_5/0011_phA13_phB05.png,Is the magenta sphere closer to the camera than the magenta cube? Answer with yes or no.,No,No,25.890625,26.171875,True
/data/shared/Qwen/mydisk/output/SYNTHETIC/NVILA-Lite-2B-SYNTHETIC_MIX_10PCT_80K-20260224_234537,obj1_closer,output/phasevar_5/0011_phA13_phB06.png,Is the magenta sphere closer to the camera than the magenta cube? Answer with yes or no.,No,No,26.328125,26.578125,True
/data/shared/Qwen/mydisk/output/SYNTHETIC/NVILA-Lite-2B-SYNTHETIC_MIX_10PCT_80K-20260224_234537,obj1_closer,output/phasevar_5/0011_phA13_phB07.png,Is the magenta sphere closer to the camera than the magenta cube? Answer with yes or no.,No,No,26.25,26.40625,True
/data/shared/Qwen/mydisk/output/SYNTHETIC/NVILA-Lite-2B-SYNTHETIC_MIX_10PCT_80K-20260224_234537,obj1_closer,output/phasevar_5/0011_phA13_phB08.png,Is the magenta sphere closer to the camera than the magenta cube? Answer with yes or no.,No,Yes,25.875,25.640625,False
/data/shared/Qwen/mydisk/output/SYNTHETIC/NVILA-Lite-2B-SYNTHETIC_MIX_10PCT_80K-20260224_234537,obj1_closer,output/phasevar_5/0011_phA13_phB09.png,Is the magenta sphere closer to the camera than the magenta cube? Answer with yes or no.,No,No,25.140625,25.71875,True
/data/shared/Qwen/mydisk/output/SYNTHETIC/NVILA-Lite-2B-SYNTHETIC_MIX_10PCT_80K-20260224_234537,obj1_closer,output/phasevar_5/0011_phA13_phB10.png,Is the magenta sphere closer to the camera than the magenta cube? Answer with yes or no.,No,No,25.03125,25.28125,True
/data/shared/Qwen/mydisk/output/SYNTHETIC/NVILA-Lite-2B-SYNTHETIC_MIX_10PCT_80K-20260224_234537,obj1_closer,output/phasevar_5/0011_phA13_phB11.png,Is the magenta sphere closer to the camera than the magenta cube? Answer with yes or no.,No,No,24.171875,24.859375,True
/data/shared/Qwen/mydisk/output/SYNTHETIC/NVILA-Lite-2B-SYNTHETIC_MIX_10PCT_80K-20260224_234537,obj1_closer,output/phasevar_5/0011_phA13_phB12.png,Is the magenta sphere closer to the camera than the magenta cube? Answer with yes or no.,No,No,24.703125,25.78125,True
/data/shared/Qwen/mydisk/output/SYNTHETIC/NVILA-Lite-2B-SYNTHETIC_MIX_10PCT_80K-20260224_234537,obj1_closer,output/phasevar_5/0011_phA13_phB13.png,Is the magenta sphere closer to the camera than the magenta cube? Answer with yes or no.,No,No,25.078125,25.953125,True
/data/shared/Qwen/mydisk/output/SYNTHETIC/NVILA-Lite-2B-SYNTHETIC_MIX_10PCT_80K-20260224_234537,obj1_closer,output/phasevar_5/0011_phA13_phB14.png,Is the magenta sphere closer to the camera than the magenta cube? Answer with yes or no.,No,No,25.03125,25.46875,True
/data/shared/Qwen/mydisk/output/SYNTHETIC/NVILA-Lite-2B-SYNTHETIC_MIX_10PCT_80K-20260224_234537,obj1_closer,output/phasevar_5/0011_phA13_phB15.png,Is the magenta sphere closer to the camera than the magenta cube? Answer with yes or no.,No,No,25.875,26.484375,True
/data/shared/Qwen/mydisk/output/SYNTHETIC/NVILA-Lite-2B-SYNTHETIC_MIX_10PCT_80K-20260224_234537,obj1_closer,output/phasevar_5/0011_phA14_phB00.png,Is the magenta sphere closer to the camera than the magenta cube? Answer with yes or no.,No,Yes,26.78125,26.234375,False
/data/shared/Qwen/mydisk/output/SYNTHETIC/NVILA-Lite-2B-SYNTHETIC_MIX_10PCT_80K-20260224_234537,obj1_closer,output/phasevar_5/0011_phA14_phB01.png,Is the magenta sphere closer to the camera than the magenta cube? Answer with yes or no.,No,Yes,27.671875,26.84375,False
/data/shared/Qwen/mydisk/output/SYNTHETIC/NVILA-Lite-2B-SYNTHETIC_MIX_10PCT_80K-20260224_234537,obj1_closer,output/phasevar_5/0011_phA14_phB02.png,Is the magenta sphere closer to the camera than the magenta cube? Answer with yes or no.,No,Yes,27.84375,27.640625,False
/data/shared/Qwen/mydisk/output/SYNTHETIC/NVILA-Lite-2B-SYNTHETIC_MIX_10PCT_80K-20260224_234537,obj1_closer,output/phasevar_5/0011_phA14_phB03.png,Is the magenta sphere closer to the camera than the magenta cube? Answer with yes or no.,No,Yes,27.265625,27.078125,False
/data/shared/Qwen/mydisk/output/SYNTHETIC/NVILA-Lite-2B-SYNTHETIC_MIX_10PCT_80K-20260224_234537,obj1_closer,output/phasevar_5/0011_phA14_phB04.png,Is the magenta sphere closer to the camera than the magenta cube? Answer with yes or no.,No,Yes,26.984375,26.578125,False
/data/shared/Qwen/mydisk/output/SYNTHETIC/NVILA-Lite-2B-SYNTHETIC_MIX_10PCT_80K-20260224_234537,obj1_closer,output/phasevar_5/0011_phA14_phB05.png,Is the magenta sphere closer to the camera than the magenta cube? Answer with yes or no.,No,No,26.140625,26.21875,True
/data/shared/Qwen/mydisk/output/SYNTHETIC/NVILA-Lite-2B-SYNTHETIC_MIX_10PCT_80K-20260224_234537,obj1_closer,output/phasevar_5/0011_phA14_phB06.png,Is the magenta sphere closer to the camera than the magenta cube? Answer with yes or no.,No,No,26.515625,26.796875,True
/data/shared/Qwen/mydisk/output/SYNTHETIC/NVILA-Lite-2B-SYNTHETIC_MIX_10PCT_80K-20260224_234537,obj1_closer,output/phasevar_5/0011_phA14_phB07.png,Is the magenta sphere closer to the camera than the magenta cube? Answer with yes or no.,No,No,26.46875,26.6875,True
/data/shared/Qwen/mydisk/output/SYNTHETIC/NVILA-Lite-2B-SYNTHETIC_MIX_10PCT_80K-20260224_234537,obj1_closer,output/phasevar_5/0011_phA14_phB08.png,Is the magenta sphere closer to the camera than the magenta cube? Answer with yes or no.,No,Yes,26.140625,26.046875,False
/data/shared/Qwen/mydisk/output/SYNTHETIC/NVILA-Lite-2B-SYNTHETIC_MIX_10PCT_80K-20260224_234537,obj1_closer,output/phasevar_5/0011_phA14_phB09.png,Is the magenta sphere closer to the camera than the magenta cube? Answer with yes or no.,No,No,25.59375,25.921875,True
/data/shared/Qwen/mydisk/output/SYNTHETIC/NVILA-Lite-2B-SYNTHETIC_MIX_10PCT_80K-20260224_234537,obj1_closer,output/phasevar_5/0011_phA14_phB10.png,Is the magenta sphere closer to the camera than the magenta cube? Answer with yes or no.,No,No,25.40625,25.421875,True
/data/shared/Qwen/mydisk/output/SYNTHETIC/NVILA-Lite-2B-SYNTHETIC_MIX_10PCT_80K-20260224_234537,obj1_closer,output/phasevar_5/0011_phA14_phB11.png,Is the magenta sphere closer to the camera than the magenta cube? Answer with yes or no.,No,No,24.6875,24.859375,True
/data/shared/Qwen/mydisk/output/SYNTHETIC/NVILA-Lite-2B-SYNTHETIC_MIX_10PCT_80K-20260224_234537,obj1_closer,output/phasevar_5/0011_phA14_phB12.png,Is the magenta sphere closer to the camera than the magenta cube? Answer with yes or no.,No,No,25.015625,25.5,True
/data/shared/Qwen/mydisk/output/SYNTHETIC/NVILA-Lite-2B-SYNTHETIC_MIX_10PCT_80K-20260224_234537,obj1_closer,output/phasevar_5/0011_phA14_phB13.png,Is the magenta sphere closer to the camera than the magenta cube? Answer with yes or no.,No,No,24.90625,25.828125,True
/data/shared/Qwen/mydisk/output/SYNTHETIC/NVILA-Lite-2B-SYNTHETIC_MIX_10PCT_80K-20260224_234537,obj1_closer,output/phasevar_5/0011_phA14_phB14.png,Is the magenta sphere closer to the camera than the magenta cube? Answer with yes or no.,No,No,24.921875,25.625,True
/data/shared/Qwen/mydisk/output/SYNTHETIC/NVILA-Lite-2B-SYNTHETIC_MIX_10PCT_80K-20260224_234537,obj1_closer,output/phasevar_5/0011_phA14_phB15.png,Is the magenta sphere closer to the camera than the magenta cube? Answer with yes or no.,No,No,25.5625,26.5625,True
/data/shared/Qwen/mydisk/output/SYNTHETIC/NVILA-Lite-2B-SYNTHETIC_MIX_10PCT_80K-20260224_234537,obj1_closer,output/phasevar_5/0011_phA15_phB00.png,Is the magenta sphere closer to the camera than the magenta cube? Answer with yes or no.,No,No,26.21875,27.125,True
/data/shared/Qwen/mydisk/output/SYNTHETIC/NVILA-Lite-2B-SYNTHETIC_MIX_10PCT_80K-20260224_234537,obj1_closer,output/phasevar_5/0011_phA15_phB01.png,Is the magenta sphere closer to the camera than the magenta cube? Answer with yes or no.,No,No,27.046875,27.421875,True
/data/shared/Qwen/mydisk/output/SYNTHETIC/NVILA-Lite-2B-SYNTHETIC_MIX_10PCT_80K-20260224_234537,obj1_closer,output/phasevar_5/0011_phA15_phB02.png,Is the magenta sphere closer to the camera than the magenta cube? Answer with yes or no.,No,No,27.578125,28.34375,True
/data/shared/Qwen/mydisk/output/SYNTHETIC/NVILA-Lite-2B-SYNTHETIC_MIX_10PCT_80K-20260224_234537,obj1_closer,output/phasevar_5/0011_phA15_phB03.png,Is the magenta sphere closer to the camera than the magenta cube? Answer with yes or no.,No,No,27.125,27.8125,True
/data/shared/Qwen/mydisk/output/SYNTHETIC/NVILA-Lite-2B-SYNTHETIC_MIX_10PCT_80K-20260224_234537,obj1_closer,output/phasevar_5/0011_phA15_phB04.png,Is the magenta sphere closer to the camera than the magenta cube? Answer with yes or no.,No,No,27.046875,27.71875,True
/data/shared/Qwen/mydisk/output/SYNTHETIC/NVILA-Lite-2B-SYNTHETIC_MIX_10PCT_80K-20260224_234537,obj1_closer,output/phasevar_5/0011_phA15_phB05.png,Is the magenta sphere closer to the camera than the magenta cube? Answer with yes or no.,No,No,26.03125,26.84375,True
/data/shared/Qwen/mydisk/output/SYNTHETIC/NVILA-Lite-2B-SYNTHETIC_MIX_10PCT_80K-20260224_234537,obj1_closer,output/phasevar_5/0011_phA15_phB06.png,Is the magenta sphere closer to the camera than the magenta cube? Answer with yes or no.,No,No,26.40625,27.28125,True
/data/shared/Qwen/mydisk/output/SYNTHETIC/NVILA-Lite-2B-SYNTHETIC_MIX_10PCT_80K-20260224_234537,obj1_closer,output/phasevar_5/0011_phA15_phB07.png,Is the magenta sphere closer to the camera than the magenta cube? Answer with yes or no.,No,No,26.203125,27.03125,True
/data/shared/Qwen/mydisk/output/SYNTHETIC/NVILA-Lite-2B-SYNTHETIC_MIX_10PCT_80K-20260224_234537,obj1_closer,output/phasevar_5/0011_phA15_phB08.png,Is the magenta sphere closer to the camera than the magenta cube? Answer with yes or no.,No,No,25.828125,26.25,True
/data/shared/Qwen/mydisk/output/SYNTHETIC/NVILA-Lite-2B-SYNTHETIC_MIX_10PCT_80K-20260224_234537,obj1_closer,output/phasevar_5/0011_phA15_phB09.png,Is the magenta sphere closer to the camera than the magenta cube? Answer with yes or no.,No,No,25.640625,26.203125,True
/data/shared/Qwen/mydisk/output/SYNTHETIC/NVILA-Lite-2B-SYNTHETIC_MIX_10PCT_80K-20260224_234537,obj1_closer,output/phasevar_5/0011_phA15_phB10.png,Is the magenta sphere closer to the camera than the magenta cube? Answer with yes or no.,No,Yes,25.515625,25.421875,False
/data/shared/Qwen/mydisk/output/SYNTHETIC/NVILA-Lite-2B-SYNTHETIC_MIX_10PCT_80K-20260224_234537,obj1_closer,output/phasevar_5/0011_phA15_phB11.png,Is the magenta sphere closer to the camera than the magenta cube? Answer with yes or no.,No,No,24.828125,24.90625,True
/data/shared/Qwen/mydisk/output/SYNTHETIC/NVILA-Lite-2B-SYNTHETIC_MIX_10PCT_80K-20260224_234537,obj1_closer,output/phasevar_5/0011_phA15_phB12.png,Is the magenta sphere closer to the camera than the magenta cube? Answer with yes or no.,No,No,25.15625,25.3125,True
/data/shared/Qwen/mydisk/output/SYNTHETIC/NVILA-Lite-2B-SYNTHETIC_MIX_10PCT_80K-20260224_234537,obj1_closer,output/phasevar_5/0011_phA15_phB13.png,Is the magenta sphere closer to the camera than the magenta cube? Answer with yes or no.,No,No,24.890625,25.296875,True
/data/shared/Qwen/mydisk/output/SYNTHETIC/NVILA-Lite-2B-SYNTHETIC_MIX_10PCT_80K-20260224_234537,obj1_closer,output/phasevar_5/0011_phA15_phB14.png,Is the magenta sphere closer to the camera than the magenta cube? Answer with yes or no.,No,No,24.78125,25.28125,True
/data/shared/Qwen/mydisk/output/SYNTHETIC/NVILA-Lite-2B-SYNTHETIC_MIX_10PCT_80K-20260224_234537,obj1_closer,output/phasevar_5/0011_phA15_phB15.png,Is the magenta sphere closer to the camera than the magenta cube? Answer with yes or no.,No,No,25.109375,26.453125,True
