model_path,variant,image,question,ground_truth,prediction,Yes_logit,No_logit,correct
Zhoues/RoboRefer-2B-SFT,obj1_farther,output/phasevar_5/0000_phA00_phB00.png,Is the cyan cube farther from the camera than the green sphere? Answer with yes or no.,Yes,Yes,22.4375,20.390625,True
Zhoues/RoboRefer-2B-SFT,obj1_farther,output/phasevar_5/0000_phA00_phB01.png,Is the cyan cube farther from the camera than the green sphere? Answer with yes or no.,Yes,Yes,22.015625,20.484375,True
Zhoues/RoboRefer-2B-SFT,obj1_farther,output/phasevar_5/0000_phA00_phB02.png,Is the cyan cube farther from the camera than the green sphere? Answer with yes or no.,Yes,Yes,21.609375,20.265625,True
Zhoues/RoboRefer-2B-SFT,obj1_farther,output/phasevar_5/0000_phA00_phB03.png,Is the cyan cube farther from the camera than the green sphere? Answer with yes or no.,Yes,Yes,21.765625,20.3125,True
Zhoues/RoboRefer-2B-SFT,obj1_farther,output/phasevar_5/0000_phA00_phB04.png,Is the cyan cube farther from the camera than the green sphere? Answer with yes or no.,Yes,Yes,21.96875,20.09375,True
Zhoues/RoboRefer-2B-SFT,obj1_farther,output/phasevar_5/0000_phA00_phB05.png,Is the cyan cube farther from the camera than the green sphere? Answer with yes or no.,Yes,Yes,21.984375,20.015625,True
Zhoues/RoboRefer-2B-SFT,obj1_farther,output/phasevar_5/0000_phA00_phB06.png,Is the cyan cube farther from the camera than the green sphere? Answer with yes or no.,Yes,Yes,22.171875,20.0625,True
Zhoues/RoboRefer-2B-SFT,obj1_farther,output/phasevar_5/0000_phA00_phB07.png,Is the cyan cube farther from the camera than the green sphere? Answer with yes or no.,Yes,Yes,22.515625,20.1875,True
Zhoues/RoboRefer-2B-SFT,obj1_farther,output/phasevar_5/0000_phA00_phB08.png,Is the cyan cube farther from the camera than the green sphere? Answer with yes or no.,Yes,Yes,22.609375,20.265625,True
Zhoues/RoboRefer-2B-SFT,obj1_farther,output/phasevar_5/0000_phA00_phB09.png,Is the cyan cube farther from the camera than the green sphere? Answer with yes or no.,Yes,Yes,22.34375,20.28125,True
Zhoues/RoboRefer-2B-SFT,obj1_farther,output/phasevar_5/0000_phA00_phB10.png,Is the cyan cube farther from the camera than the green sphere? Answer with yes or no.,Yes,Yes,22.5,19.984375,True
Zhoues/RoboRefer-2B-SFT,obj1_farther,output/phasevar_5/0000_phA00_phB11.png,Is the cyan cube farther from the camera than the green sphere? Answer with yes or no.,Yes,Yes,22.1875,20.015625,True
Zhoues/RoboRefer-2B-SFT,obj1_farther,output/phasevar_5/0000_phA00_phB12.png,Is the cyan cube farther from the camera than the green sphere? Answer with yes or no.,Yes,Yes,22.078125,19.890625,True
Zhoues/RoboRefer-2B-SFT,obj1_farther,output/phasevar_5/0000_phA00_phB13.png,Is the cyan cube farther from the camera than the green sphere? Answer with yes or no.,Yes,Yes,21.96875,20.046875,True
Zhoues/RoboRefer-2B-SFT,obj1_farther,output/phasevar_5/0000_phA00_phB14.png,Is the cyan cube farther from the camera than the green sphere? Answer with yes or no.,Yes,Yes,22.390625,20.09375,True
Zhoues/RoboRefer-2B-SFT,obj1_farther,output/phasevar_5/0000_phA00_phB15.png,Is the cyan cube farther from the camera than the green sphere? Answer with yes or no.,Yes,Yes,22.484375,20.203125,True
Zhoues/RoboRefer-2B-SFT,obj1_farther,output/phasevar_5/0000_phA01_phB00.png,Is the cyan cube farther from the camera than the green sphere? Answer with yes or no.,Yes,Yes,22.484375,20.234375,True
Zhoues/RoboRefer-2B-SFT,obj1_farther,output/phasevar_5/0000_phA01_phB01.png,Is the cyan cube farther from the camera than the green sphere? Answer with yes or no.,Yes,Yes,22.34375,20.46875,True
Zhoues/RoboRefer-2B-SFT,obj1_farther,output/phasevar_5/0000_phA01_phB02.png,Is the cyan cube farther from the camera than the green sphere? Answer with yes or no.,Yes,Yes,21.890625,20.296875,True
Zhoues/RoboRefer-2B-SFT,obj1_farther,output/phasevar_5/0000_phA01_phB03.png,Is the cyan cube farther from the camera than the green sphere? Answer with yes or no.,Yes,Yes,22.015625,20.3125,True
Zhoues/RoboRefer-2B-SFT,obj1_farther,output/phasevar_5/0000_phA01_phB04.png,Is the cyan cube farther from the camera than the green sphere? Answer with yes or no.,Yes,Yes,22.1875,20.0,True
Zhoues/RoboRefer-2B-SFT,obj1_farther,output/phasevar_5/0000_phA01_phB05.png,Is the cyan cube farther from the camera than the green sphere? Answer with yes or no.,Yes,Yes,22.203125,19.984375,True
Zhoues/RoboRefer-2B-SFT,obj1_farther,output/phasevar_5/0000_phA01_phB06.png,Is the cyan cube farther from the camera than the green sphere? Answer with yes or no.,Yes,Yes,22.359375,20.046875,True
Zhoues/RoboRefer-2B-SFT,obj1_farther,output/phasevar_5/0000_phA01_phB07.png,Is the cyan cube farther from the camera than the green sphere? Answer with yes or no.,Yes,Yes,22.671875,20.09375,True
Zhoues/RoboRefer-2B-SFT,obj1_farther,output/phasevar_5/0000_phA01_phB08.png,Is the cyan cube farther from the camera than the green sphere? Answer with yes or no.,Yes,Yes,22.6875,20.1875,True
Zhoues/RoboRefer-2B-SFT,obj1_farther,output/phasevar_5/0000_phA01_phB09.png,Is the cyan cube farther from the camera than the green sphere? Answer with yes or no.,Yes,Yes,22.375,20.328125,True
Zhoues/RoboRefer-2B-SFT,obj1_farther,output/phasevar_5/0000_phA01_phB10.png,Is the cyan cube farther from the camera than the green sphere? Answer with yes or no.,Yes,Yes,22.546875,20.015625,True
Zhoues/RoboRefer-2B-SFT,obj1_farther,output/phasevar_5/0000_phA01_phB11.png,Is the cyan cube farther from the camera than the green sphere? Answer with yes or no.,Yes,Yes,22.28125,19.953125,True
Zhoues/RoboRefer-2B-SFT,obj1_farther,output/phasevar_5/0000_phA01_phB12.png,Is the cyan cube farther from the camera than the green sphere? Answer with yes or no.,Yes,Yes,22.203125,19.8125,True
Zhoues/RoboRefer-2B-SFT,obj1_farther,output/phasevar_5/0000_phA01_phB13.png,Is the cyan cube farther from the camera than the green sphere? Answer with yes or no.,Yes,Yes,22.109375,20.046875,True
Zhoues/RoboRefer-2B-SFT,obj1_farther,output/phasevar_5/0000_phA01_phB14.png,Is the cyan cube farther from the camera than the green sphere? Answer with yes or no.,Yes,Yes,22.4375,20.046875,True
Zhoues/RoboRefer-2B-SFT,obj1_farther,output/phasevar_5/0000_phA01_phB15.png,Is the cyan cube farther from the camera than the green sphere? Answer with yes or no.,Yes,Yes,22.453125,20.140625,True
Zhoues/RoboRefer-2B-SFT,obj1_farther,output/phasevar_5/0000_phA02_phB00.png,Is the cyan cube farther from the camera than the green sphere? Answer with yes or no.,Yes,Yes,22.453125,20.1875,True
Zhoues/RoboRefer-2B-SFT,obj1_farther,output/phasevar_5/0000_phA02_phB01.png,Is the cyan cube farther from the camera than the green sphere? Answer with yes or no.,Yes,Yes,22.625,20.390625,True
Zhoues/RoboRefer-2B-SFT,obj1_farther,output/phasevar_5/0000_phA02_phB02.png,Is the cyan cube farther from the camera than the green sphere? Answer with yes or no.,Yes,Yes,22.171875,20.34375,True
Zhoues/RoboRefer-2B-SFT,obj1_farther,output/phasevar_5/0000_phA02_phB03.png,Is the cyan cube farther from the camera than the green sphere? Answer with yes or no.,Yes,Yes,22.234375,20.265625,True
Zhoues/RoboRefer-2B-SFT,obj1_farther,output/phasevar_5/0000_phA02_phB04.png,Is the cyan cube farther from the camera than the green sphere? Answer with yes or no.,Yes,Yes,22.234375,20.03125,True
Zhoues/RoboRefer-2B-SFT,obj1_farther,output/phasevar_5/0000_phA02_phB05.png,Is the cyan cube farther from the camera than the green sphere? Answer with yes or no.,Yes,Yes,22.234375,20.125,True
Zhoues/RoboRefer-2B-SFT,obj1_farther,output/phasevar_5/0000_phA02_phB06.png,Is the cyan cube farther from the camera than the green sphere? Answer with yes or no.,Yes,Yes,22.421875,20.171875,True
Zhoues/RoboRefer-2B-SFT,obj1_farther,output/phasevar_5/0000_phA02_phB07.png,Is the cyan cube farther from the camera than the green sphere? Answer with yes or no.,Yes,Yes,22.671875,20.15625,True
Zhoues/RoboRefer-2B-SFT,obj1_farther,output/phasevar_5/0000_phA02_phB08.png,Is the cyan cube farther from the camera than the green sphere? Answer with yes or no.,Yes,Yes,22.65625,20.265625,True
Zhoues/RoboRefer-2B-SFT,obj1_farther,output/phasevar_5/0000_phA02_phB09.png,Is the cyan cube farther from the camera than the green sphere? Answer with yes or no.,Yes,Yes,22.390625,20.34375,True
Zhoues/RoboRefer-2B-SFT,obj1_farther,output/phasevar_5/0000_phA02_phB10.png,Is the cyan cube farther from the camera than the green sphere? Answer with yes or no.,Yes,Yes,22.5625,20.03125,True
Zhoues/RoboRefer-2B-SFT,obj1_farther,output/phasevar_5/0000_phA02_phB11.png,Is the cyan cube farther from the camera than the green sphere? Answer with yes or no.,Yes,Yes,22.40625,19.96875,True
Zhoues/RoboRefer-2B-SFT,obj1_farther,output/phasevar_5/0000_phA02_phB12.png,Is the cyan cube farther from the camera than the green sphere? Answer with yes or no.,Yes,Yes,22.328125,19.796875,True
Zhoues/RoboRefer-2B-SFT,obj1_farther,output/phasevar_5/0000_phA02_phB13.png,Is the cyan cube farther from the camera than the green sphere? Answer with yes or no.,Yes,Yes,22.296875,20.0625,True
Zhoues/RoboRefer-2B-SFT,obj1_farther,output/phasevar_5/0000_phA02_phB14.png,Is the cyan cube farther from the camera than the green sphere? Answer with yes or no.,Yes,Yes,22.421875,20.046875,True
Zhoues/RoboRefer-2B-SFT,obj1_farther,output/phasevar_5/0000_phA02_phB15.png,Is the cyan cube farther from the camera than the green sphere? Answer with yes or no.,Yes,Yes,22.421875,20.28125,True
Zhoues/RoboRefer-2B-SFT,obj1_farther,output/phasevar_5/0000_phA03_phB00.png,Is the cyan cube farther from the camera than the green sphere? Answer with yes or no.,Yes,Yes,22.203125,20.03125,True
Zhoues/RoboRefer-2B-SFT,obj1_farther,output/phasevar_5/0000_phA03_phB01.png,Is the cyan cube farther from the camera than the green sphere? Answer with yes or no.,Yes,Yes,22.375,20.09375,True
Zhoues/RoboRefer-2B-SFT,obj1_farther,output/phasevar_5/0000_phA03_phB02.png,Is the cyan cube farther from the camera than the green sphere? Answer with yes or no.,Yes,Yes,22.109375,20.125,True
Zhoues/RoboRefer-2B-SFT,obj1_farther,output/phasevar_5/0000_phA03_phB03.png,Is the cyan cube farther from the camera than the green sphere? Answer with yes or no.,Yes,Yes,22.0,20.15625,True
Zhoues/RoboRefer-2B-SFT,obj1_farther,output/phasevar_5/0000_phA03_phB04.png,Is the cyan cube farther from the camera than the green sphere? Answer with yes or no.,Yes,Yes,22.25,19.984375,True
Zhoues/RoboRefer-2B-SFT,obj1_farther,output/phasevar_5/0000_phA03_phB05.png,Is the cyan cube farther from the camera than the green sphere? Answer with yes or no.,Yes,Yes,22.1875,20.0,True
Zhoues/RoboRefer-2B-SFT,obj1_farther,output/phasevar_5/0000_phA03_phB06.png,Is the cyan cube farther from the camera than the green sphere? Answer with yes or no.,Yes,Yes,22.203125,19.828125,True
Zhoues/RoboRefer-2B-SFT,obj1_farther,output/phasevar_5/0000_phA03_phB07.png,Is the cyan cube farther from the camera than the green sphere? Answer with yes or no.,Yes,Yes,22.5625,19.875,True
Zhoues/RoboRefer-2B-SFT,obj1_farther,output/phasevar_5/0000_phA03_phB08.png,Is the cyan cube farther from the camera than the green sphere? Answer with yes or no.,Yes,Yes,22.546875,19.96875,True
Zhoues/RoboRefer-2B-SFT,obj1_farther,output/phasevar_5/0000_phA03_phB09.png,Is the cyan cube farther from the camera than the green sphere? Answer with yes or no.,Yes,Yes,22.296875,20.078125,True
Zhoues/RoboRefer-2B-SFT,obj1_farther,output/phasevar_5/0000_phA03_phB10.png,Is the cyan cube farther from the camera than the green sphere? Answer with yes or no.,Yes,Yes,22.515625,19.796875,True
Zhoues/RoboRefer-2B-SFT,obj1_farther,output/phasevar_5/0000_phA03_phB11.png,Is the cyan cube farther from the camera than the green sphere? Answer with yes or no.,Yes,Yes,22.1875,20.03125,True
Zhoues/RoboRefer-2B-SFT,obj1_farther,output/phasevar_5/0000_phA03_phB12.png,Is the cyan cube farther from the camera than the green sphere? Answer with yes or no.,Yes,Yes,22.1875,19.84375,True
Zhoues/RoboRefer-2B-SFT,obj1_farther,output/phasevar_5/0000_phA03_phB13.png,Is the cyan cube farther from the camera than the green sphere? Answer with yes or no.,Yes,Yes,22.203125,19.90625,True
Zhoues/RoboRefer-2B-SFT,obj1_farther,output/phasevar_5/0000_phA03_phB14.png,Is the cyan cube farther from the camera than the green sphere? Answer with yes or no.,Yes,Yes,22.359375,20.0,True
Zhoues/RoboRefer-2B-SFT,obj1_farther,output/phasevar_5/0000_phA03_phB15.png,Is the cyan cube farther from the camera than the green sphere? Answer with yes or no.,Yes,Yes,22.25,20.0625,True
Zhoues/RoboRefer-2B-SFT,obj1_farther,output/phasevar_5/0000_phA04_phB00.png,Is the cyan cube farther from the camera than the green sphere? Answer with yes or no.,Yes,Yes,22.265625,20.15625,True
Zhoues/RoboRefer-2B-SFT,obj1_farther,output/phasevar_5/0000_phA04_phB01.png,Is the cyan cube farther from the camera than the green sphere? Answer with yes or no.,Yes,Yes,22.34375,20.1875,True
Zhoues/RoboRefer-2B-SFT,obj1_farther,output/phasevar_5/0000_phA04_phB02.png,Is the cyan cube farther from the camera than the green sphere? Answer with yes or no.,Yes,Yes,22.171875,20.09375,True
Zhoues/RoboRefer-2B-SFT,obj1_farther,output/phasevar_5/0000_phA04_phB03.png,Is the cyan cube farther from the camera than the green sphere? Answer with yes or no.,Yes,Yes,22.1875,20.234375,True
Zhoues/RoboRefer-2B-SFT,obj1_farther,output/phasevar_5/0000_phA04_phB04.png,Is the cyan cube farther from the camera than the green sphere? Answer with yes or no.,Yes,Yes,22.15625,20.296875,True
Zhoues/RoboRefer-2B-SFT,obj1_farther,output/phasevar_5/0000_phA04_phB05.png,Is the cyan cube farther from the camera than the green sphere? Answer with yes or no.,Yes,Yes,22.171875,20.265625,True
Zhoues/RoboRefer-2B-SFT,obj1_farther,output/phasevar_5/0000_phA04_phB06.png,Is the cyan cube farther from the camera than the green sphere? Answer with yes or no.,Yes,Yes,22.265625,19.875,True
Zhoues/RoboRefer-2B-SFT,obj1_farther,output/phasevar_5/0000_phA04_phB07.png,Is the cyan cube farther from the camera than the green sphere? Answer with yes or no.,Yes,Yes,22.609375,20.140625,True
Zhoues/RoboRefer-2B-SFT,obj1_farther,output/phasevar_5/0000_phA04_phB08.png,Is the cyan cube farther from the camera than the green sphere? Answer with yes or no.,Yes,Yes,22.59375,20.140625,True
Zhoues/RoboRefer-2B-SFT,obj1_farther,output/phasevar_5/0000_phA04_phB09.png,Is the cyan cube farther from the camera than the green sphere? Answer with yes or no.,Yes,Yes,22.390625,20.21875,True
Zhoues/RoboRefer-2B-SFT,obj1_farther,output/phasevar_5/0000_phA04_phB10.png,Is the cyan cube farther from the camera than the green sphere? Answer with yes or no.,Yes,Yes,22.5,19.984375,True
Zhoues/RoboRefer-2B-SFT,obj1_farther,output/phasevar_5/0000_phA04_phB11.png,Is the cyan cube farther from the camera than the green sphere? Answer with yes or no.,Yes,Yes,22.265625,20.09375,True
Zhoues/RoboRefer-2B-SFT,obj1_farther,output/phasevar_5/0000_phA04_phB12.png,Is the cyan cube farther from the camera than the green sphere? Answer with yes or no.,Yes,Yes,22.21875,19.90625,True
Zhoues/RoboRefer-2B-SFT,obj1_farther,output/phasevar_5/0000_phA04_phB13.png,Is the cyan cube farther from the camera than the green sphere? Answer with yes or no.,Yes,Yes,22.34375,20.0,True
Zhoues/RoboRefer-2B-SFT,obj1_farther,output/phasevar_5/0000_phA04_phB14.png,Is the cyan cube farther from the camera than the green sphere? Answer with yes or no.,Yes,Yes,22.4375,20.078125,True
Zhoues/RoboRefer-2B-SFT,obj1_farther,output/phasevar_5/0000_phA04_phB15.png,Is the cyan cube farther from the camera than the green sphere? Answer with yes or no.,Yes,Yes,22.328125,20.125,True
Zhoues/RoboRefer-2B-SFT,obj1_farther,output/phasevar_5/0000_phA05_phB00.png,Is the cyan cube farther from the camera than the green sphere? Answer with yes or no.,Yes,Yes,22.15625,19.828125,True
Zhoues/RoboRefer-2B-SFT,obj1_farther,output/phasevar_5/0000_phA05_phB01.png,Is the cyan cube farther from the camera than the green sphere? Answer with yes or no.,Yes,Yes,22.34375,19.84375,True
Zhoues/RoboRefer-2B-SFT,obj1_farther,output/phasevar_5/0000_phA05_phB02.png,Is the cyan cube farther from the camera than the green sphere? Answer with yes or no.,Yes,Yes,22.203125,19.875,True
Zhoues/RoboRefer-2B-SFT,obj1_farther,output/phasevar_5/0000_phA05_phB03.png,Is the cyan cube farther from the camera than the green sphere? Answer with yes or no.,Yes,Yes,22.15625,19.875,True
Zhoues/RoboRefer-2B-SFT,obj1_farther,output/phasevar_5/0000_phA05_phB04.png,Is the cyan cube farther from the camera than the green sphere? Answer with yes or no.,Yes,Yes,22.109375,20.015625,True
Zhoues/RoboRefer-2B-SFT,obj1_farther,output/phasevar_5/0000_phA05_phB05.png,Is the cyan cube farther from the camera than the green sphere? Answer with yes or no.,Yes,Yes,22.1875,20.078125,True
Zhoues/RoboRefer-2B-SFT,obj1_farther,output/phasevar_5/0000_phA05_phB06.png,Is the cyan cube farther from the camera than the green sphere? Answer with yes or no.,Yes,Yes,22.171875,19.71875,True
Zhoues/RoboRefer-2B-SFT,obj1_farther,output/phasevar_5/0000_phA05_phB07.png,Is the cyan cube farther from the camera than the green sphere? Answer with yes or no.,Yes,Yes,22.46875,19.78125,True
Zhoues/RoboRefer-2B-SFT,obj1_farther,output/phasevar_5/0000_phA05_phB08.png,Is the cyan cube farther from the camera than the green sphere? Answer with yes or no.,Yes,Yes,22.46875,19.90625,True
Zhoues/RoboRefer-2B-SFT,obj1_farther,output/phasevar_5/0000_phA05_phB09.png,Is the cyan cube farther from the camera than the green sphere? Answer with yes or no.,Yes,Yes,22.25,19.984375,True
Zhoues/RoboRefer-2B-SFT,obj1_farther,output/phasevar_5/0000_phA05_phB10.png,Is the cyan cube farther from the camera than the green sphere? Answer with yes or no.,Yes,Yes,22.390625,19.734375,True
Zhoues/RoboRefer-2B-SFT,obj1_farther,output/phasevar_5/0000_phA05_phB11.png,Is the cyan cube farther from the camera than the green sphere? Answer with yes or no.,Yes,Yes,22.234375,19.8125,True
Zhoues/RoboRefer-2B-SFT,obj1_farther,output/phasevar_5/0000_phA05_phB12.png,Is the cyan cube farther from the camera than the green sphere? Answer with yes or no.,Yes,Yes,22.203125,19.578125,True
Zhoues/RoboRefer-2B-SFT,obj1_farther,output/phasevar_5/0000_phA05_phB13.png,Is the cyan cube farther from the camera than the green sphere? Answer with yes or no.,Yes,Yes,22.25,19.625,True
Zhoues/RoboRefer-2B-SFT,obj1_farther,output/phasevar_5/0000_phA05_phB14.png,Is the cyan cube farther from the camera than the green sphere? Answer with yes or no.,Yes,Yes,22.390625,19.765625,True
Zhoues/RoboRefer-2B-SFT,obj1_farther,output/phasevar_5/0000_phA05_phB15.png,Is the cyan cube farther from the camera than the green sphere? Answer with yes or no.,Yes,Yes,22.265625,19.84375,True
Zhoues/RoboRefer-2B-SFT,obj1_farther,output/phasevar_5/0000_phA06_phB00.png,Is the cyan cube farther from the camera than the green sphere? Answer with yes or no.,Yes,Yes,22.078125,19.765625,True
Zhoues/RoboRefer-2B-SFT,obj1_farther,output/phasevar_5/0000_phA06_phB01.png,Is the cyan cube farther from the camera than the green sphere? Answer with yes or no.,Yes,Yes,22.21875,19.828125,True
Zhoues/RoboRefer-2B-SFT,obj1_farther,output/phasevar_5/0000_phA06_phB02.png,Is the cyan cube farther from the camera than the green sphere? Answer with yes or no.,Yes,Yes,22.0625,19.796875,True
Zhoues/RoboRefer-2B-SFT,obj1_farther,output/phasevar_5/0000_phA06_phB03.png,Is the cyan cube farther from the camera than the green sphere? Answer with yes or no.,Yes,Yes,21.9375,19.78125,True
Zhoues/RoboRefer-2B-SFT,obj1_farther,output/phasevar_5/0000_phA06_phB04.png,Is the cyan cube farther from the camera than the green sphere? Answer with yes or no.,Yes,Yes,21.953125,19.765625,True
Zhoues/RoboRefer-2B-SFT,obj1_farther,output/phasevar_5/0000_phA06_phB05.png,Is the cyan cube farther from the camera than the green sphere? Answer with yes or no.,Yes,Yes,21.953125,19.96875,True
Zhoues/RoboRefer-2B-SFT,obj1_farther,output/phasevar_5/0000_phA06_phB06.png,Is the cyan cube farther from the camera than the green sphere? Answer with yes or no.,Yes,Yes,22.140625,19.796875,True
Zhoues/RoboRefer-2B-SFT,obj1_farther,output/phasevar_5/0000_phA06_phB07.png,Is the cyan cube farther from the camera than the green sphere? Answer with yes or no.,Yes,Yes,22.453125,19.859375,True
Zhoues/RoboRefer-2B-SFT,obj1_farther,output/phasevar_5/0000_phA06_phB08.png,Is the cyan cube farther from the camera than the green sphere? Answer with yes or no.,Yes,Yes,22.421875,19.984375,True
Zhoues/RoboRefer-2B-SFT,obj1_farther,output/phasevar_5/0000_phA06_phB09.png,Is the cyan cube farther from the camera than the green sphere? Answer with yes or no.,Yes,Yes,22.140625,19.96875,True
Zhoues/RoboRefer-2B-SFT,obj1_farther,output/phasevar_5/0000_phA06_phB10.png,Is the cyan cube farther from the camera than the green sphere? Answer with yes or no.,Yes,Yes,22.15625,19.75,True
Zhoues/RoboRefer-2B-SFT,obj1_farther,output/phasevar_5/0000_phA06_phB11.png,Is the cyan cube farther from the camera than the green sphere? Answer with yes or no.,Yes,Yes,21.96875,19.71875,True
Zhoues/RoboRefer-2B-SFT,obj1_farther,output/phasevar_5/0000_phA06_phB12.png,Is the cyan cube farther from the camera than the green sphere? Answer with yes or no.,Yes,Yes,21.921875,19.5,True
Zhoues/RoboRefer-2B-SFT,obj1_farther,output/phasevar_5/0000_phA06_phB13.png,Is the cyan cube farther from the camera than the green sphere? Answer with yes or no.,Yes,Yes,22.03125,19.59375,True
Zhoues/RoboRefer-2B-SFT,obj1_farther,output/phasevar_5/0000_phA06_phB14.png,Is the cyan cube farther from the camera than the green sphere? Answer with yes or no.,Yes,Yes,22.234375,19.6875,True
Zhoues/RoboRefer-2B-SFT,obj1_farther,output/phasevar_5/0000_phA06_phB15.png,Is the cyan cube farther from the camera than the green sphere? Answer with yes or no.,Yes,Yes,22.109375,19.734375,True
Zhoues/RoboRefer-2B-SFT,obj1_farther,output/phasevar_5/0000_phA07_phB00.png,Is the cyan cube farther from the camera than the green sphere? Answer with yes or no.,Yes,Yes,22.3125,19.953125,True
Zhoues/RoboRefer-2B-SFT,obj1_farther,output/phasevar_5/0000_phA07_phB01.png,Is the cyan cube farther from the camera than the green sphere? Answer with yes or no.,Yes,Yes,22.453125,20.015625,True
Zhoues/RoboRefer-2B-SFT,obj1_farther,output/phasevar_5/0000_phA07_phB02.png,Is the cyan cube farther from the camera than the green sphere? Answer with yes or no.,Yes,Yes,22.234375,20.0,True
Zhoues/RoboRefer-2B-SFT,obj1_farther,output/phasevar_5/0000_phA07_phB03.png,Is the cyan cube farther from the camera than the green sphere? Answer with yes or no.,Yes,Yes,22.140625,20.0625,True
Zhoues/RoboRefer-2B-SFT,obj1_farther,output/phasevar_5/0000_phA07_phB04.png,Is the cyan cube farther from the camera than the green sphere? Answer with yes or no.,Yes,Yes,22.140625,20.0,True
Zhoues/RoboRefer-2B-SFT,obj1_farther,output/phasevar_5/0000_phA07_phB05.png,Is the cyan cube farther from the camera than the green sphere? Answer with yes or no.,Yes,Yes,22.1875,20.125,True
Zhoues/RoboRefer-2B-SFT,obj1_farther,output/phasevar_5/0000_phA07_phB06.png,Is the cyan cube farther from the camera than the green sphere? Answer with yes or no.,Yes,Yes,22.328125,19.96875,True
Zhoues/RoboRefer-2B-SFT,obj1_farther,output/phasevar_5/0000_phA07_phB07.png,Is the cyan cube farther from the camera than the green sphere? Answer with yes or no.,Yes,Yes,22.671875,20.015625,True
Zhoues/RoboRefer-2B-SFT,obj1_farther,output/phasevar_5/0000_phA07_phB08.png,Is the cyan cube farther from the camera than the green sphere? Answer with yes or no.,Yes,Yes,22.734375,19.984375,True
Zhoues/RoboRefer-2B-SFT,obj1_farther,output/phasevar_5/0000_phA07_phB09.png,Is the cyan cube farther from the camera than the green sphere? Answer with yes or no.,Yes,Yes,22.4375,20.078125,True
Zhoues/RoboRefer-2B-SFT,obj1_farther,output/phasevar_5/0000_phA07_phB10.png,Is the cyan cube farther from the camera than the green sphere? Answer with yes or no.,Yes,Yes,22.40625,19.9375,True
Zhoues/RoboRefer-2B-SFT,obj1_farther,output/phasevar_5/0000_phA07_phB11.png,Is the cyan cube farther from the camera than the green sphere? Answer with yes or no.,Yes,Yes,22.15625,19.921875,True
Zhoues/RoboRefer-2B-SFT,obj1_farther,output/phasevar_5/0000_phA07_phB12.png,Is the cyan cube farther from the camera than the green sphere? Answer with yes or no.,Yes,Yes,22.078125,19.609375,True
Zhoues/RoboRefer-2B-SFT,obj1_farther,output/phasevar_5/0000_phA07_phB13.png,Is the cyan cube farther from the camera than the green sphere? Answer with yes or no.,Yes,Yes,22.203125,19.6875,True
Zhoues/RoboRefer-2B-SFT,obj1_farther,output/phasevar_5/0000_phA07_phB14.png,Is the cyan cube farther from the camera than the green sphere? Answer with yes or no.,Yes,Yes,22.4375,19.796875,True
Zhoues/RoboRefer-2B-SFT,obj1_farther,output/phasevar_5/0000_phA07_phB15.png,Is the cyan cube farther from the camera than the green sphere? Answer with yes or no.,Yes,Yes,22.359375,19.875,True
Zhoues/RoboRefer-2B-SFT,obj1_farther,output/phasevar_5/0000_phA08_phB00.png,Is the cyan cube farther from the camera than the green sphere? Answer with yes or no.,Yes,Yes,22.125,19.96875,True
Zhoues/RoboRefer-2B-SFT,obj1_farther,output/phasevar_5/0000_phA08_phB01.png,Is the cyan cube farther from the camera than the green sphere? Answer with yes or no.,Yes,Yes,22.234375,20.078125,True
Zhoues/RoboRefer-2B-SFT,obj1_farther,output/phasevar_5/0000_phA08_phB02.png,Is the cyan cube farther from the camera than the green sphere? Answer with yes or no.,Yes,Yes,21.984375,20.03125,True
Zhoues/RoboRefer-2B-SFT,obj1_farther,output/phasevar_5/0000_phA08_phB03.png,Is the cyan cube farther from the camera than the green sphere? Answer with yes or no.,Yes,Yes,21.984375,20.078125,True
Zhoues/RoboRefer-2B-SFT,obj1_farther,output/phasevar_5/0000_phA08_phB04.png,Is the cyan cube farther from the camera than the green sphere? Answer with yes or no.,Yes,Yes,21.953125,19.984375,True
Zhoues/RoboRefer-2B-SFT,obj1_farther,output/phasevar_5/0000_phA08_phB05.png,Is the cyan cube farther from the camera than the green sphere? Answer with yes or no.,Yes,Yes,21.953125,20.09375,True
Zhoues/RoboRefer-2B-SFT,obj1_farther,output/phasevar_5/0000_phA08_phB06.png,Is the cyan cube farther from the camera than the green sphere? Answer with yes or no.,Yes,Yes,22.1875,19.9375,True
Zhoues/RoboRefer-2B-SFT,obj1_farther,output/phasevar_5/0000_phA08_phB07.png,Is the cyan cube farther from the camera than the green sphere? Answer with yes or no.,Yes,Yes,22.515625,20.09375,True
Zhoues/RoboRefer-2B-SFT,obj1_farther,output/phasevar_5/0000_phA08_phB08.png,Is the cyan cube farther from the camera than the green sphere? Answer with yes or no.,Yes,Yes,22.65625,19.90625,True
Zhoues/RoboRefer-2B-SFT,obj1_farther,output/phasevar_5/0000_phA08_phB09.png,Is the cyan cube farther from the camera than the green sphere? Answer with yes or no.,Yes,Yes,22.328125,20.078125,True
Zhoues/RoboRefer-2B-SFT,obj1_farther,output/phasevar_5/0000_phA08_phB10.png,Is the cyan cube farther from the camera than the green sphere? Answer with yes or no.,Yes,Yes,22.328125,19.921875,True
Zhoues/RoboRefer-2B-SFT,obj1_farther,output/phasevar_5/0000_phA08_phB11.png,Is the cyan cube farther from the camera than the green sphere? Answer with yes or no.,Yes,Yes,22.046875,19.890625,True
Zhoues/RoboRefer-2B-SFT,obj1_farther,output/phasevar_5/0000_phA08_phB12.png,Is the cyan cube farther from the camera than the green sphere? Answer with yes or no.,Yes,Yes,21.96875,19.59375,True
Zhoues/RoboRefer-2B-SFT,obj1_farther,output/phasevar_5/0000_phA08_phB13.png,Is the cyan cube farther from the camera than the green sphere? Answer with yes or no.,Yes,Yes,22.109375,19.65625,True
Zhoues/RoboRefer-2B-SFT,obj1_farther,output/phasevar_5/0000_phA08_phB14.png,Is the cyan cube farther from the camera than the green sphere? Answer with yes or no.,Yes,Yes,22.28125,19.78125,True
Zhoues/RoboRefer-2B-SFT,obj1_farther,output/phasevar_5/0000_phA08_phB15.png,Is the cyan cube farther from the camera than the green sphere? Answer with yes or no.,Yes,Yes,22.203125,19.84375,True
Zhoues/RoboRefer-2B-SFT,obj1_farther,output/phasevar_5/0000_phA09_phB00.png,Is the cyan cube farther from the camera than the green sphere? Answer with yes or no.,Yes,Yes,22.109375,19.9375,True
Zhoues/RoboRefer-2B-SFT,obj1_farther,output/phasevar_5/0000_phA09_phB01.png,Is the cyan cube farther from the camera than the green sphere? Answer with yes or no.,Yes,Yes,22.25,20.078125,True
Zhoues/RoboRefer-2B-SFT,obj1_farther,output/phasevar_5/0000_phA09_phB02.png,Is the cyan cube farther from the camera than the green sphere? Answer with yes or no.,Yes,Yes,21.984375,20.0,True
Zhoues/RoboRefer-2B-SFT,obj1_farther,output/phasevar_5/0000_phA09_phB03.png,Is the cyan cube farther from the camera than the green sphere? Answer with yes or no.,Yes,Yes,21.96875,20.078125,True
Zhoues/RoboRefer-2B-SFT,obj1_farther,output/phasevar_5/0000_phA09_phB04.png,Is the cyan cube farther from the camera than the green sphere? Answer with yes or no.,Yes,Yes,21.921875,19.96875,True
Zhoues/RoboRefer-2B-SFT,obj1_farther,output/phasevar_5/0000_phA09_phB05.png,Is the cyan cube farther from the camera than the green sphere? Answer with yes or no.,Yes,Yes,21.90625,20.078125,True
Zhoues/RoboRefer-2B-SFT,obj1_farther,output/phasevar_5/0000_phA09_phB06.png,Is the cyan cube farther from the camera than the green sphere? Answer with yes or no.,Yes,Yes,22.15625,19.953125,True
Zhoues/RoboRefer-2B-SFT,obj1_farther,output/phasevar_5/0000_phA09_phB07.png,Is the cyan cube farther from the camera than the green sphere? Answer with yes or no.,Yes,Yes,22.5,20.109375,True
Zhoues/RoboRefer-2B-SFT,obj1_farther,output/phasevar_5/0000_phA09_phB08.png,Is the cyan cube farther from the camera than the green sphere? Answer with yes or no.,Yes,Yes,22.609375,19.984375,True
Zhoues/RoboRefer-2B-SFT,obj1_farther,output/phasevar_5/0000_phA09_phB09.png,Is the cyan cube farther from the camera than the green sphere? Answer with yes or no.,Yes,Yes,22.375,19.890625,True
Zhoues/RoboRefer-2B-SFT,obj1_farther,output/phasevar_5/0000_phA09_phB10.png,Is the cyan cube farther from the camera than the green sphere? Answer with yes or no.,Yes,Yes,22.3125,19.890625,True
Zhoues/RoboRefer-2B-SFT,obj1_farther,output/phasevar_5/0000_phA09_phB11.png,Is the cyan cube farther from the camera than the green sphere? Answer with yes or no.,Yes,Yes,22.015625,19.921875,True
Zhoues/RoboRefer-2B-SFT,obj1_farther,output/phasevar_5/0000_phA09_phB12.png,Is the cyan cube farther from the camera than the green sphere? Answer with yes or no.,Yes,Yes,21.96875,19.65625,True
Zhoues/RoboRefer-2B-SFT,obj1_farther,output/phasevar_5/0000_phA09_phB13.png,Is the cyan cube farther from the camera than the green sphere? Answer with yes or no.,Yes,Yes,22.171875,19.65625,True
Zhoues/RoboRefer-2B-SFT,obj1_farther,output/phasevar_5/0000_phA09_phB14.png,Is the cyan cube farther from the camera than the green sphere? Answer with yes or no.,Yes,Yes,22.3125,19.734375,True
Zhoues/RoboRefer-2B-SFT,obj1_farther,output/phasevar_5/0000_phA09_phB15.png,Is the cyan cube farther from the camera than the green sphere? Answer with yes or no.,Yes,Yes,22.25,19.796875,True
Zhoues/RoboRefer-2B-SFT,obj1_farther,output/phasevar_5/0000_phA10_phB00.png,Is the cyan cube farther from the camera than the green sphere? Answer with yes or no.,Yes,Yes,22.0,19.953125,True
Zhoues/RoboRefer-2B-SFT,obj1_farther,output/phasevar_5/0000_phA10_phB01.png,Is the cyan cube farther from the camera than the green sphere? Answer with yes or no.,Yes,Yes,22.046875,20.078125,True
Zhoues/RoboRefer-2B-SFT,obj1_farther,output/phasevar_5/0000_phA10_phB02.png,Is the cyan cube farther from the camera than the green sphere? Answer with yes or no.,Yes,Yes,21.84375,20.0,True
Zhoues/RoboRefer-2B-SFT,obj1_farther,output/phasevar_5/0000_phA10_phB03.png,Is the cyan cube farther from the camera than the green sphere? Answer with yes or no.,Yes,Yes,22.015625,20.078125,True
Zhoues/RoboRefer-2B-SFT,obj1_farther,output/phasevar_5/0000_phA10_phB04.png,Is the cyan cube farther from the camera than the green sphere? Answer with yes or no.,Yes,Yes,22.0,20.0,True
Zhoues/RoboRefer-2B-SFT,obj1_farther,output/phasevar_5/0000_phA10_phB05.png,Is the cyan cube farther from the camera than the green sphere? Answer with yes or no.,Yes,Yes,21.984375,20.109375,True
Zhoues/RoboRefer-2B-SFT,obj1_farther,output/phasevar_5/0000_phA10_phB06.png,Is the cyan cube farther from the camera than the green sphere? Answer with yes or no.,Yes,Yes,22.171875,20.03125,True
Zhoues/RoboRefer-2B-SFT,obj1_farther,output/phasevar_5/0000_phA10_phB07.png,Is the cyan cube farther from the camera than the green sphere? Answer with yes or no.,Yes,Yes,22.375,20.171875,True
Zhoues/RoboRefer-2B-SFT,obj1_farther,output/phasevar_5/0000_phA10_phB08.png,Is the cyan cube farther from the camera than the green sphere? Answer with yes or no.,Yes,Yes,22.59375,20.234375,True
Zhoues/RoboRefer-2B-SFT,obj1_farther,output/phasevar_5/0000_phA10_phB09.png,Is the cyan cube farther from the camera than the green sphere? Answer with yes or no.,Yes,Yes,22.359375,20.125,True
Zhoues/RoboRefer-2B-SFT,obj1_farther,output/phasevar_5/0000_phA10_phB10.png,Is the cyan cube farther from the camera than the green sphere? Answer with yes or no.,Yes,Yes,22.515625,20.03125,True
Zhoues/RoboRefer-2B-SFT,obj1_farther,output/phasevar_5/0000_phA10_phB11.png,Is the cyan cube farther from the camera than the green sphere? Answer with yes or no.,Yes,Yes,22.390625,19.96875,True
Zhoues/RoboRefer-2B-SFT,obj1_farther,output/phasevar_5/0000_phA10_phB12.png,Is the cyan cube farther from the camera than the green sphere? Answer with yes or no.,Yes,Yes,22.234375,19.625,True
Zhoues/RoboRefer-2B-SFT,obj1_farther,output/phasevar_5/0000_phA10_phB13.png,Is the cyan cube farther from the camera than the green sphere? Answer with yes or no.,Yes,Yes,22.375,19.671875,True
Zhoues/RoboRefer-2B-SFT,obj1_farther,output/phasevar_5/0000_phA10_phB14.png,Is the cyan cube farther from the camera than the green sphere? Answer with yes or no.,Yes,Yes,22.5,19.859375,True
Zhoues/RoboRefer-2B-SFT,obj1_farther,output/phasevar_5/0000_phA10_phB15.png,Is the cyan cube farther from the camera than the green sphere? Answer with yes or no.,Yes,Yes,22.25,19.921875,True
Zhoues/RoboRefer-2B-SFT,obj1_farther,output/phasevar_5/0000_phA11_phB00.png,Is the cyan cube farther from the camera than the green sphere? Answer with yes or no.,Yes,Yes,21.953125,20.125,True
Zhoues/RoboRefer-2B-SFT,obj1_farther,output/phasevar_5/0000_phA11_phB01.png,Is the cyan cube farther from the camera than the green sphere? Answer with yes or no.,Yes,Yes,21.90625,20.25,True
Zhoues/RoboRefer-2B-SFT,obj1_farther,output/phasevar_5/0000_phA11_phB02.png,Is the cyan cube farther from the camera than the green sphere? Answer with yes or no.,Yes,Yes,21.765625,20.234375,True
Zhoues/RoboRefer-2B-SFT,obj1_farther,output/phasevar_5/0000_phA11_phB03.png,Is the cyan cube farther from the camera than the green sphere? Answer with yes or no.,Yes,Yes,21.875,20.28125,True
Zhoues/RoboRefer-2B-SFT,obj1_farther,output/phasevar_5/0000_phA11_phB04.png,Is the cyan cube farther from the camera than the green sphere? Answer with yes or no.,Yes,Yes,21.984375,20.234375,True
Zhoues/RoboRefer-2B-SFT,obj1_farther,output/phasevar_5/0000_phA11_phB05.png,Is the cyan cube farther from the camera than the green sphere? Answer with yes or no.,Yes,Yes,22.0,20.203125,True
Zhoues/RoboRefer-2B-SFT,obj1_farther,output/phasevar_5/0000_phA11_phB06.png,Is the cyan cube farther from the camera than the green sphere? Answer with yes or no.,Yes,Yes,22.1875,20.15625,True
Zhoues/RoboRefer-2B-SFT,obj1_farther,output/phasevar_5/0000_phA11_phB07.png,Is the cyan cube farther from the camera than the green sphere? Answer with yes or no.,Yes,Yes,22.375,20.28125,True
Zhoues/RoboRefer-2B-SFT,obj1_farther,output/phasevar_5/0000_phA11_phB08.png,Is the cyan cube farther from the camera than the green sphere? Answer with yes or no.,Yes,Yes,22.609375,20.15625,True
Zhoues/RoboRefer-2B-SFT,obj1_farther,output/phasevar_5/0000_phA11_phB09.png,Is the cyan cube farther from the camera than the green sphere? Answer with yes or no.,Yes,Yes,22.28125,20.171875,True
Zhoues/RoboRefer-2B-SFT,obj1_farther,output/phasevar_5/0000_phA11_phB10.png,Is the cyan cube farther from the camera than the green sphere? Answer with yes or no.,Yes,Yes,22.609375,20.0625,True
Zhoues/RoboRefer-2B-SFT,obj1_farther,output/phasevar_5/0000_phA11_phB11.png,Is the cyan cube farther from the camera than the green sphere? Answer with yes or no.,Yes,Yes,22.53125,20.015625,True
Zhoues/RoboRefer-2B-SFT,obj1_farther,output/phasevar_5/0000_phA11_phB12.png,Is the cyan cube farther from the camera than the green sphere? Answer with yes or no.,Yes,Yes,22.390625,19.765625,True
Zhoues/RoboRefer-2B-SFT,obj1_farther,output/phasevar_5/0000_phA11_phB13.png,Is the cyan cube farther from the camera than the green sphere? Answer with yes or no.,Yes,Yes,22.515625,19.953125,True
Zhoues/RoboRefer-2B-SFT,obj1_farther,output/phasevar_5/0000_phA11_phB14.png,Is the cyan cube farther from the camera than the green sphere? Answer with yes or no.,Yes,Yes,22.53125,20.015625,True
Zhoues/RoboRefer-2B-SFT,obj1_farther,output/phasevar_5/0000_phA11_phB15.png,Is the cyan cube farther from the camera than the green sphere? Answer with yes or no.,Yes,Yes,22.140625,20.0625,True
Zhoues/RoboRefer-2B-SFT,obj1_farther,output/phasevar_5/0000_phA12_phB00.png,Is the cyan cube farther from the camera than the green sphere? Answer with yes or no.,Yes,Yes,22.140625,20.25,True
Zhoues/RoboRefer-2B-SFT,obj1_farther,output/phasevar_5/0000_phA12_phB01.png,Is the cyan cube farther from the camera than the green sphere? Answer with yes or no.,Yes,Yes,22.125,20.34375,True
Zhoues/RoboRefer-2B-SFT,obj1_farther,output/phasevar_5/0000_phA12_phB02.png,Is the cyan cube farther from the camera than the green sphere? Answer with yes or no.,Yes,Yes,21.890625,20.265625,True
Zhoues/RoboRefer-2B-SFT,obj1_farther,output/phasevar_5/0000_phA12_phB03.png,Is the cyan cube farther from the camera than the green sphere? Answer with yes or no.,Yes,Yes,22.0625,20.296875,True
Zhoues/RoboRefer-2B-SFT,obj1_farther,output/phasevar_5/0000_phA12_phB04.png,Is the cyan cube farther from the camera than the green sphere? Answer with yes or no.,Yes,Yes,22.125,20.265625,True
Zhoues/RoboRefer-2B-SFT,obj1_farther,output/phasevar_5/0000_phA12_phB05.png,Is the cyan cube farther from the camera than the green sphere? Answer with yes or no.,Yes,Yes,22.140625,20.15625,True
Zhoues/RoboRefer-2B-SFT,obj1_farther,output/phasevar_5/0000_phA12_phB06.png,Is the cyan cube farther from the camera than the green sphere? Answer with yes or no.,Yes,Yes,22.328125,20.078125,True
Zhoues/RoboRefer-2B-SFT,obj1_farther,output/phasevar_5/0000_phA12_phB07.png,Is the cyan cube farther from the camera than the green sphere? Answer with yes or no.,Yes,Yes,22.515625,20.21875,True
Zhoues/RoboRefer-2B-SFT,obj1_farther,output/phasevar_5/0000_phA12_phB08.png,Is the cyan cube farther from the camera than the green sphere? Answer with yes or no.,Yes,Yes,22.765625,20.15625,True
Zhoues/RoboRefer-2B-SFT,obj1_farther,output/phasevar_5/0000_phA12_phB09.png,Is the cyan cube farther from the camera than the green sphere? Answer with yes or no.,Yes,Yes,22.4375,20.203125,True
Zhoues/RoboRefer-2B-SFT,obj1_farther,output/phasevar_5/0000_phA12_phB10.png,Is the cyan cube farther from the camera than the green sphere? Answer with yes or no.,Yes,Yes,22.671875,20.046875,True
Zhoues/RoboRefer-2B-SFT,obj1_farther,output/phasevar_5/0000_phA12_phB11.png,Is the cyan cube farther from the camera than the green sphere? Answer with yes or no.,Yes,Yes,22.671875,20.109375,True
Zhoues/RoboRefer-2B-SFT,obj1_farther,output/phasevar_5/0000_phA12_phB12.png,Is the cyan cube farther from the camera than the green sphere? Answer with yes or no.,Yes,Yes,22.453125,20.09375,True
Zhoues/RoboRefer-2B-SFT,obj1_farther,output/phasevar_5/0000_phA12_phB13.png,Is the cyan cube farther from the camera than the green sphere? Answer with yes or no.,Yes,Yes,22.5625,20.140625,True
Zhoues/RoboRefer-2B-SFT,obj1_farther,output/phasevar_5/0000_phA12_phB14.png,Is the cyan cube farther from the camera than the green sphere? Answer with yes or no.,Yes,Yes,22.5625,20.15625,True
Zhoues/RoboRefer-2B-SFT,obj1_farther,output/phasevar_5/0000_phA12_phB15.png,Is the cyan cube farther from the camera than the green sphere? Answer with yes or no.,Yes,Yes,22.296875,20.234375,True
Zhoues/RoboRefer-2B-SFT,obj1_farther,output/phasevar_5/0000_phA13_phB00.png,Is the cyan cube farther from the camera than the green sphere? Answer with yes or no.,Yes,Yes,21.90625,20.28125,True
Zhoues/RoboRefer-2B-SFT,obj1_farther,output/phasevar_5/0000_phA13_phB01.png,Is the cyan cube farther from the camera than the green sphere? Answer with yes or no.,Yes,Yes,21.765625,20.28125,True
Zhoues/RoboRefer-2B-SFT,obj1_farther,output/phasevar_5/0000_phA13_phB02.png,Is the cyan cube farther from the camera than the green sphere? Answer with yes or no.,Yes,Yes,21.671875,20.21875,True
Zhoues/RoboRefer-2B-SFT,obj1_farther,output/phasevar_5/0000_phA13_phB03.png,Is the cyan cube farther from the camera than the green sphere? Answer with yes or no.,Yes,Yes,21.875,20.25,True
Zhoues/RoboRefer-2B-SFT,obj1_farther,output/phasevar_5/0000_phA13_phB04.png,Is the cyan cube farther from the camera than the green sphere? Answer with yes or no.,Yes,Yes,21.953125,20.109375,True
Zhoues/RoboRefer-2B-SFT,obj1_farther,output/phasevar_5/0000_phA13_phB05.png,Is the cyan cube farther from the camera than the green sphere? Answer with yes or no.,Yes,Yes,22.046875,20.078125,True
Zhoues/RoboRefer-2B-SFT,obj1_farther,output/phasevar_5/0000_phA13_phB06.png,Is the cyan cube farther from the camera than the green sphere? Answer with yes or no.,Yes,Yes,22.078125,20.0625,True
Zhoues/RoboRefer-2B-SFT,obj1_farther,output/phasevar_5/0000_phA13_phB07.png,Is the cyan cube farther from the camera than the green sphere? Answer with yes or no.,Yes,Yes,22.3125,20.171875,True
Zhoues/RoboRefer-2B-SFT,obj1_farther,output/phasevar_5/0000_phA13_phB08.png,Is the cyan cube farther from the camera than the green sphere? Answer with yes or no.,Yes,Yes,22.546875,20.21875,True
Zhoues/RoboRefer-2B-SFT,obj1_farther,output/phasevar_5/0000_phA13_phB09.png,Is the cyan cube farther from the camera than the green sphere? Answer with yes or no.,Yes,Yes,22.34375,20.25,True
Zhoues/RoboRefer-2B-SFT,obj1_farther,output/phasevar_5/0000_phA13_phB10.png,Is the cyan cube farther from the camera than the green sphere? Answer with yes or no.,Yes,Yes,22.5625,20.0625,True
Zhoues/RoboRefer-2B-SFT,obj1_farther,output/phasevar_5/0000_phA13_phB11.png,Is the cyan cube farther from the camera than the green sphere? Answer with yes or no.,Yes,Yes,22.53125,20.15625,True
Zhoues/RoboRefer-2B-SFT,obj1_farther,output/phasevar_5/0000_phA13_phB12.png,Is the cyan cube farther from the camera than the green sphere? Answer with yes or no.,Yes,Yes,22.390625,20.078125,True
Zhoues/RoboRefer-2B-SFT,obj1_farther,output/phasevar_5/0000_phA13_phB13.png,Is the cyan cube farther from the camera than the green sphere? Answer with yes or no.,Yes,Yes,22.40625,20.25,True
Zhoues/RoboRefer-2B-SFT,obj1_farther,output/phasevar_5/0000_phA13_phB14.png,Is the cyan cube farther from the camera than the green sphere? Answer with yes or no.,Yes,Yes,22.328125,20.203125,True
Zhoues/RoboRefer-2B-SFT,obj1_farther,output/phasevar_5/0000_phA13_phB15.png,Is the cyan cube farther from the camera than the green sphere? Answer with yes or no.,Yes,Yes,22.09375,20.21875,True
Zhoues/RoboRefer-2B-SFT,obj1_farther,output/phasevar_5/0000_phA14_phB00.png,Is the cyan cube farther from the camera than the green sphere? Answer with yes or no.,Yes,Yes,21.921875,20.4375,True
Zhoues/RoboRefer-2B-SFT,obj1_farther,output/phasevar_5/0000_phA14_phB01.png,Is the cyan cube farther from the camera than the green sphere? Answer with yes or no.,Yes,Yes,21.828125,20.359375,True
Zhoues/RoboRefer-2B-SFT,obj1_farther,output/phasevar_5/0000_phA14_phB02.png,Is the cyan cube farther from the camera than the green sphere? Answer with yes or no.,Yes,Yes,21.640625,20.1875,True
Zhoues/RoboRefer-2B-SFT,obj1_farther,output/phasevar_5/0000_phA14_phB03.png,Is the cyan cube farther from the camera than the green sphere? Answer with yes or no.,Yes,Yes,21.84375,20.21875,True
Zhoues/RoboRefer-2B-SFT,obj1_farther,output/phasevar_5/0000_phA14_phB04.png,Is the cyan cube farther from the camera than the green sphere? Answer with yes or no.,Yes,Yes,21.984375,20.015625,True
Zhoues/RoboRefer-2B-SFT,obj1_farther,output/phasevar_5/0000_phA14_phB05.png,Is the cyan cube farther from the camera than the green sphere? Answer with yes or no.,Yes,Yes,22.109375,20.015625,True
Zhoues/RoboRefer-2B-SFT,obj1_farther,output/phasevar_5/0000_phA14_phB06.png,Is the cyan cube farther from the camera than the green sphere? Answer with yes or no.,Yes,Yes,22.046875,20.078125,True
Zhoues/RoboRefer-2B-SFT,obj1_farther,output/phasevar_5/0000_phA14_phB07.png,Is the cyan cube farther from the camera than the green sphere? Answer with yes or no.,Yes,Yes,22.328125,20.15625,True
Zhoues/RoboRefer-2B-SFT,obj1_farther,output/phasevar_5/0000_phA14_phB08.png,Is the cyan cube farther from the camera than the green sphere? Answer with yes or no.,Yes,Yes,22.453125,20.203125,True
Zhoues/RoboRefer-2B-SFT,obj1_farther,output/phasevar_5/0000_phA14_phB09.png,Is the cyan cube farther from the camera than the green sphere? Answer with yes or no.,Yes,Yes,22.140625,20.3125,True
Zhoues/RoboRefer-2B-SFT,obj1_farther,output/phasevar_5/0000_phA14_phB10.png,Is the cyan cube farther from the camera than the green sphere? Answer with yes or no.,Yes,Yes,22.5,20.0625,True
Zhoues/RoboRefer-2B-SFT,obj1_farther,output/phasevar_5/0000_phA14_phB11.png,Is the cyan cube farther from the camera than the green sphere? Answer with yes or no.,Yes,Yes,22.328125,20.109375,True
Zhoues/RoboRefer-2B-SFT,obj1_farther,output/phasevar_5/0000_phA14_phB12.png,Is the cyan cube farther from the camera than the green sphere? Answer with yes or no.,Yes,Yes,22.171875,20.046875,True
Zhoues/RoboRefer-2B-SFT,obj1_farther,output/phasevar_5/0000_phA14_phB13.png,Is the cyan cube farther from the camera than the green sphere? Answer with yes or no.,Yes,Yes,22.15625,20.28125,True
Zhoues/RoboRefer-2B-SFT,obj1_farther,output/phasevar_5/0000_phA14_phB14.png,Is the cyan cube farther from the camera than the green sphere? Answer with yes or no.,Yes,Yes,22.484375,20.1875,True
Zhoues/RoboRefer-2B-SFT,obj1_farther,output/phasevar_5/0000_phA14_phB15.png,Is the cyan cube farther from the camera than the green sphere? Answer with yes or no.,Yes,Yes,22.25,20.375,True
Zhoues/RoboRefer-2B-SFT,obj1_farther,output/phasevar_5/0000_phA15_phB00.png,Is the cyan cube farther from the camera than the green sphere? Answer with yes or no.,Yes,Yes,22.03125,20.265625,True
Zhoues/RoboRefer-2B-SFT,obj1_farther,output/phasevar_5/0000_phA15_phB01.png,Is the cyan cube farther from the camera than the green sphere? Answer with yes or no.,Yes,Yes,21.78125,20.265625,True
Zhoues/RoboRefer-2B-SFT,obj1_farther,output/phasevar_5/0000_phA15_phB02.png,Is the cyan cube farther from the camera than the green sphere? Answer with yes or no.,Yes,Yes,21.65625,20.15625,True
Zhoues/RoboRefer-2B-SFT,obj1_farther,output/phasevar_5/0000_phA15_phB03.png,Is the cyan cube farther from the camera than the green sphere? Answer with yes or no.,Yes,Yes,21.6875,20.109375,True
Zhoues/RoboRefer-2B-SFT,obj1_farther,output/phasevar_5/0000_phA15_phB04.png,Is the cyan cube farther from the camera than the green sphere? Answer with yes or no.,Yes,Yes,21.859375,19.90625,True
Zhoues/RoboRefer-2B-SFT,obj1_farther,output/phasevar_5/0000_phA15_phB05.png,Is the cyan cube farther from the camera than the green sphere? Answer with yes or no.,Yes,Yes,21.890625,19.84375,True
Zhoues/RoboRefer-2B-SFT,obj1_farther,output/phasevar_5/0000_phA15_phB06.png,Is the cyan cube farther from the camera than the green sphere? Answer with yes or no.,Yes,Yes,22.015625,19.9375,True
Zhoues/RoboRefer-2B-SFT,obj1_farther,output/phasevar_5/0000_phA15_phB07.png,Is the cyan cube farther from the camera than the green sphere? Answer with yes or no.,Yes,Yes,22.3125,20.0,True
Zhoues/RoboRefer-2B-SFT,obj1_farther,output/phasevar_5/0000_phA15_phB08.png,Is the cyan cube farther from the camera than the green sphere? Answer with yes or no.,Yes,Yes,22.359375,20.140625,True
Zhoues/RoboRefer-2B-SFT,obj1_farther,output/phasevar_5/0000_phA15_phB09.png,Is the cyan cube farther from the camera than the green sphere? Answer with yes or no.,Yes,Yes,22.171875,20.09375,True
Zhoues/RoboRefer-2B-SFT,obj1_farther,output/phasevar_5/0000_phA15_phB10.png,Is the cyan cube farther from the camera than the green sphere? Answer with yes or no.,Yes,Yes,22.4375,19.8125,True
Zhoues/RoboRefer-2B-SFT,obj1_farther,output/phasevar_5/0000_phA15_phB11.png,Is the cyan cube farther from the camera than the green sphere? Answer with yes or no.,Yes,Yes,22.140625,19.90625,True
Zhoues/RoboRefer-2B-SFT,obj1_farther,output/phasevar_5/0000_phA15_phB12.png,Is the cyan cube farther from the camera than the green sphere? Answer with yes or no.,Yes,Yes,21.984375,19.8125,True
Zhoues/RoboRefer-2B-SFT,obj1_farther,output/phasevar_5/0000_phA15_phB13.png,Is the cyan cube farther from the camera than the green sphere? Answer with yes or no.,Yes,Yes,21.875,19.890625,True
Zhoues/RoboRefer-2B-SFT,obj1_farther,output/phasevar_5/0000_phA15_phB14.png,Is the cyan cube farther from the camera than the green sphere? Answer with yes or no.,Yes,Yes,22.3125,19.921875,True
Zhoues/RoboRefer-2B-SFT,obj1_farther,output/phasevar_5/0000_phA15_phB15.png,Is the cyan cube farther from the camera than the green sphere? Answer with yes or no.,Yes,Yes,22.265625,20.046875,True
Zhoues/RoboRefer-2B-SFT,obj1_farther,output/phasevar_5/0001_phA00_phB00.png,Is the green sphere farther from the camera than the blue cube? Answer with yes or no.,Yes,Yes,22.921875,20.375,True
Zhoues/RoboRefer-2B-SFT,obj1_farther,output/phasevar_5/0001_phA00_phB01.png,Is the green sphere farther from the camera than the blue cube? Answer with yes or no.,Yes,Yes,22.515625,20.40625,True
Zhoues/RoboRefer-2B-SFT,obj1_farther,output/phasevar_5/0001_phA00_phB02.png,Is the green sphere farther from the camera than the blue cube? Answer with yes or no.,Yes,Yes,22.125,20.265625,True
Zhoues/RoboRefer-2B-SFT,obj1_farther,output/phasevar_5/0001_phA00_phB03.png,Is the green sphere farther from the camera than the blue cube? Answer with yes or no.,Yes,Yes,22.5,20.234375,True
Zhoues/RoboRefer-2B-SFT,obj1_farther,output/phasevar_5/0001_phA00_phB04.png,Is the green sphere farther from the camera than the blue cube? Answer with yes or no.,Yes,Yes,22.34375,20.28125,True
Zhoues/RoboRefer-2B-SFT,obj1_farther,output/phasevar_5/0001_phA00_phB05.png,Is the green sphere farther from the camera than the blue cube? Answer with yes or no.,Yes,Yes,22.609375,20.171875,True
Zhoues/RoboRefer-2B-SFT,obj1_farther,output/phasevar_5/0001_phA00_phB06.png,Is the green sphere farther from the camera than the blue cube? Answer with yes or no.,Yes,Yes,22.625,20.0,True
Zhoues/RoboRefer-2B-SFT,obj1_farther,output/phasevar_5/0001_phA00_phB07.png,Is the green sphere farther from the camera than the blue cube? Answer with yes or no.,Yes,Yes,23.0625,20.09375,True
Zhoues/RoboRefer-2B-SFT,obj1_farther,output/phasevar_5/0001_phA00_phB08.png,Is the green sphere farther from the camera than the blue cube? Answer with yes or no.,Yes,Yes,23.3125,20.0625,True
Zhoues/RoboRefer-2B-SFT,obj1_farther,output/phasevar_5/0001_phA00_phB09.png,Is the green sphere farther from the camera than the blue cube? Answer with yes or no.,Yes,Yes,23.046875,19.828125,True
Zhoues/RoboRefer-2B-SFT,obj1_farther,output/phasevar_5/0001_phA00_phB10.png,Is the green sphere farther from the camera than the blue cube? Answer with yes or no.,Yes,Yes,22.953125,19.90625,True
Zhoues/RoboRefer-2B-SFT,obj1_farther,output/phasevar_5/0001_phA00_phB11.png,Is the green sphere farther from the camera than the blue cube? Answer with yes or no.,Yes,Yes,22.828125,20.03125,True
Zhoues/RoboRefer-2B-SFT,obj1_farther,output/phasevar_5/0001_phA00_phB12.png,Is the green sphere farther from the camera than the blue cube? Answer with yes or no.,Yes,Yes,22.8125,20.09375,True
Zhoues/RoboRefer-2B-SFT,obj1_farther,output/phasevar_5/0001_phA00_phB13.png,Is the green sphere farther from the camera than the blue cube? Answer with yes or no.,Yes,Yes,22.890625,20.1875,True
Zhoues/RoboRefer-2B-SFT,obj1_farther,output/phasevar_5/0001_phA00_phB14.png,Is the green sphere farther from the camera than the blue cube? Answer with yes or no.,Yes,Yes,23.0625,20.28125,True
Zhoues/RoboRefer-2B-SFT,obj1_farther,output/phasevar_5/0001_phA00_phB15.png,Is the green sphere farther from the camera than the blue cube? Answer with yes or no.,Yes,Yes,22.921875,20.21875,True
Zhoues/RoboRefer-2B-SFT,obj1_farther,output/phasevar_5/0001_phA01_phB00.png,Is the green sphere farther from the camera than the blue cube? Answer with yes or no.,Yes,Yes,23.015625,20.421875,True
Zhoues/RoboRefer-2B-SFT,obj1_farther,output/phasevar_5/0001_phA01_phB01.png,Is the green sphere farther from the camera than the blue cube? Answer with yes or no.,Yes,Yes,22.84375,20.4375,True
Zhoues/RoboRefer-2B-SFT,obj1_farther,output/phasevar_5/0001_phA01_phB02.png,Is the green sphere farther from the camera than the blue cube? Answer with yes or no.,Yes,Yes,22.34375,20.265625,True
Zhoues/RoboRefer-2B-SFT,obj1_farther,output/phasevar_5/0001_phA01_phB03.png,Is the green sphere farther from the camera than the blue cube? Answer with yes or no.,Yes,Yes,22.59375,20.390625,True
Zhoues/RoboRefer-2B-SFT,obj1_farther,output/phasevar_5/0001_phA01_phB04.png,Is the green sphere farther from the camera than the blue cube? Answer with yes or no.,Yes,Yes,22.453125,20.390625,True
Zhoues/RoboRefer-2B-SFT,obj1_farther,output/phasevar_5/0001_phA01_phB05.png,Is the green sphere farther from the camera than the blue cube? Answer with yes or no.,Yes,Yes,22.671875,20.3125,True
Zhoues/RoboRefer-2B-SFT,obj1_farther,output/phasevar_5/0001_phA01_phB06.png,Is the green sphere farther from the camera than the blue cube? Answer with yes or no.,Yes,Yes,22.75,20.03125,True
Zhoues/RoboRefer-2B-SFT,obj1_farther,output/phasevar_5/0001_phA01_phB07.png,Is the green sphere farther from the camera than the blue cube? Answer with yes or no.,Yes,Yes,23.171875,20.140625,True
Zhoues/RoboRefer-2B-SFT,obj1_farther,output/phasevar_5/0001_phA01_phB08.png,Is the green sphere farther from the camera than the blue cube? Answer with yes or no.,Yes,Yes,23.359375,20.0,True
Zhoues/RoboRefer-2B-SFT,obj1_farther,output/phasevar_5/0001_phA01_phB09.png,Is the green sphere farther from the camera than the blue cube? Answer with yes or no.,Yes,Yes,23.09375,19.875,True
Zhoues/RoboRefer-2B-SFT,obj1_farther,output/phasevar_5/0001_phA01_phB10.png,Is the green sphere farther from the camera than the blue cube? Answer with yes or no.,Yes,Yes,22.9375,19.953125,True
Zhoues/RoboRefer-2B-SFT,obj1_farther,output/phasevar_5/0001_phA01_phB11.png,Is the green sphere farther from the camera than the blue cube? Answer with yes or no.,Yes,Yes,22.765625,20.09375,True
Zhoues/RoboRefer-2B-SFT,obj1_farther,output/phasevar_5/0001_phA01_phB12.png,Is the green sphere farther from the camera than the blue cube? Answer with yes or no.,Yes,Yes,22.78125,20.140625,True
Zhoues/RoboRefer-2B-SFT,obj1_farther,output/phasevar_5/0001_phA01_phB13.png,Is the green sphere farther from the camera than the blue cube? Answer with yes or no.,Yes,Yes,22.921875,20.15625,True
Zhoues/RoboRefer-2B-SFT,obj1_farther,output/phasevar_5/0001_phA01_phB14.png,Is the green sphere farther from the camera than the blue cube? Answer with yes or no.,Yes,Yes,22.984375,20.25,True
Zhoues/RoboRefer-2B-SFT,obj1_farther,output/phasevar_5/0001_phA01_phB15.png,Is the green sphere farther from the camera than the blue cube? Answer with yes or no.,Yes,Yes,22.96875,20.25,True
Zhoues/RoboRefer-2B-SFT,obj1_farther,output/phasevar_5/0001_phA02_phB00.png,Is the green sphere farther from the camera than the blue cube? Answer with yes or no.,Yes,Yes,22.984375,20.546875,True
Zhoues/RoboRefer-2B-SFT,obj1_farther,output/phasevar_5/0001_phA02_phB01.png,Is the green sphere farther from the camera than the blue cube? Answer with yes or no.,Yes,Yes,22.84375,20.46875,True
Zhoues/RoboRefer-2B-SFT,obj1_farther,output/phasevar_5/0001_phA02_phB02.png,Is the green sphere farther from the camera than the blue cube? Answer with yes or no.,Yes,Yes,22.4375,20.40625,True
Zhoues/RoboRefer-2B-SFT,obj1_farther,output/phasevar_5/0001_phA02_phB03.png,Is the green sphere farther from the camera than the blue cube? Answer with yes or no.,Yes,Yes,22.703125,20.484375,True
Zhoues/RoboRefer-2B-SFT,obj1_farther,output/phasevar_5/0001_phA02_phB04.png,Is the green sphere farther from the camera than the blue cube? Answer with yes or no.,Yes,Yes,22.546875,20.40625,True
Zhoues/RoboRefer-2B-SFT,obj1_farther,output/phasevar_5/0001_phA02_phB05.png,Is the green sphere farther from the camera than the blue cube? Answer with yes or no.,Yes,Yes,22.703125,20.328125,True
Zhoues/RoboRefer-2B-SFT,obj1_farther,output/phasevar_5/0001_phA02_phB06.png,Is the green sphere farther from the camera than the blue cube? Answer with yes or no.,Yes,Yes,22.734375,20.078125,True
Zhoues/RoboRefer-2B-SFT,obj1_farther,output/phasevar_5/0001_phA02_phB07.png,Is the green sphere farther from the camera than the blue cube? Answer with yes or no.,Yes,Yes,23.125,20.125,True
Zhoues/RoboRefer-2B-SFT,obj1_farther,output/phasevar_5/0001_phA02_phB08.png,Is the green sphere farther from the camera than the blue cube? Answer with yes or no.,Yes,Yes,23.328125,20.09375,True
Zhoues/RoboRefer-2B-SFT,obj1_farther,output/phasevar_5/0001_phA02_phB09.png,Is the green sphere farther from the camera than the blue cube? Answer with yes or no.,Yes,Yes,23.0625,20.109375,True
Zhoues/RoboRefer-2B-SFT,obj1_farther,output/phasevar_5/0001_phA02_phB10.png,Is the green sphere farther from the camera than the blue cube? Answer with yes or no.,Yes,Yes,22.921875,20.125,True
Zhoues/RoboRefer-2B-SFT,obj1_farther,output/phasevar_5/0001_phA02_phB11.png,Is the green sphere farther from the camera than the blue cube? Answer with yes or no.,Yes,Yes,22.796875,20.203125,True
Zhoues/RoboRefer-2B-SFT,obj1_farther,output/phasevar_5/0001_phA02_phB12.png,Is the green sphere farther from the camera than the blue cube? Answer with yes or no.,Yes,Yes,22.875,20.171875,True
Zhoues/RoboRefer-2B-SFT,obj1_farther,output/phasevar_5/0001_phA02_phB13.png,Is the green sphere farther from the camera than the blue cube? Answer with yes or no.,Yes,Yes,23.0,20.203125,True
Zhoues/RoboRefer-2B-SFT,obj1_farther,output/phasevar_5/0001_phA02_phB14.png,Is the green sphere farther from the camera than the blue cube? Answer with yes or no.,Yes,Yes,23.078125,20.265625,True
Zhoues/RoboRefer-2B-SFT,obj1_farther,output/phasevar_5/0001_phA02_phB15.png,Is the green sphere farther from the camera than the blue cube? Answer with yes or no.,Yes,Yes,22.921875,20.328125,True
Zhoues/RoboRefer-2B-SFT,obj1_farther,output/phasevar_5/0001_phA03_phB00.png,Is the green sphere farther from the camera than the blue cube? Answer with yes or no.,Yes,Yes,22.859375,20.5625,True
Zhoues/RoboRefer-2B-SFT,obj1_farther,output/phasevar_5/0001_phA03_phB01.png,Is the green sphere farther from the camera than the blue cube? Answer with yes or no.,Yes,Yes,22.71875,20.390625,True
Zhoues/RoboRefer-2B-SFT,obj1_farther,output/phasevar_5/0001_phA03_phB02.png,Is the green sphere farther from the camera than the blue cube? Answer with yes or no.,Yes,Yes,22.296875,20.1875,True
Zhoues/RoboRefer-2B-SFT,obj1_farther,output/phasevar_5/0001_phA03_phB03.png,Is the green sphere farther from the camera than the blue cube? Answer with yes or no.,Yes,Yes,22.71875,20.265625,True
Zhoues/RoboRefer-2B-SFT,obj1_farther,output/phasevar_5/0001_phA03_phB04.png,Is the green sphere farther from the camera than the blue cube? Answer with yes or no.,Yes,Yes,22.640625,20.328125,True
Zhoues/RoboRefer-2B-SFT,obj1_farther,output/phasevar_5/0001_phA03_phB05.png,Is the green sphere farther from the camera than the blue cube? Answer with yes or no.,Yes,Yes,22.8125,20.234375,True
Zhoues/RoboRefer-2B-SFT,obj1_farther,output/phasevar_5/0001_phA03_phB06.png,Is the green sphere farther from the camera than the blue cube? Answer with yes or no.,Yes,Yes,22.734375,19.953125,True
Zhoues/RoboRefer-2B-SFT,obj1_farther,output/phasevar_5/0001_phA03_phB07.png,Is the green sphere farther from the camera than the blue cube? Answer with yes or no.,Yes,Yes,23.140625,20.125,True
Zhoues/RoboRefer-2B-SFT,obj1_farther,output/phasevar_5/0001_phA03_phB08.png,Is the green sphere farther from the camera than the blue cube? Answer with yes or no.,Yes,Yes,23.34375,20.0625,True
Zhoues/RoboRefer-2B-SFT,obj1_farther,output/phasevar_5/0001_phA03_phB09.png,Is the green sphere farther from the camera than the blue cube? Answer with yes or no.,Yes,Yes,23.078125,19.96875,True
Zhoues/RoboRefer-2B-SFT,obj1_farther,output/phasevar_5/0001_phA03_phB10.png,Is the green sphere farther from the camera than the blue cube? Answer with yes or no.,Yes,Yes,22.921875,20.046875,True
Zhoues/RoboRefer-2B-SFT,obj1_farther,output/phasevar_5/0001_phA03_phB11.png,Is the green sphere farther from the camera than the blue cube? Answer with yes or no.,Yes,Yes,22.828125,20.3125,True
Zhoues/RoboRefer-2B-SFT,obj1_farther,output/phasevar_5/0001_phA03_phB12.png,Is the green sphere farther from the camera than the blue cube? Answer with yes or no.,Yes,Yes,22.765625,20.265625,True
Zhoues/RoboRefer-2B-SFT,obj1_farther,output/phasevar_5/0001_phA03_phB13.png,Is the green sphere farther from the camera than the blue cube? Answer with yes or no.,Yes,Yes,22.96875,20.234375,True
Zhoues/RoboRefer-2B-SFT,obj1_farther,output/phasevar_5/0001_phA03_phB14.png,Is the green sphere farther from the camera than the blue cube? Answer with yes or no.,Yes,Yes,22.90625,20.25,True
Zhoues/RoboRefer-2B-SFT,obj1_farther,output/phasevar_5/0001_phA03_phB15.png,Is the green sphere farther from the camera than the blue cube? Answer with yes or no.,Yes,Yes,22.9375,20.28125,True
Zhoues/RoboRefer-2B-SFT,obj1_farther,output/phasevar_5/0001_phA04_phB00.png,Is the green sphere farther from the camera than the blue cube? Answer with yes or no.,Yes,Yes,22.890625,20.53125,True
Zhoues/RoboRefer-2B-SFT,obj1_farther,output/phasevar_5/0001_phA04_phB01.png,Is the green sphere farther from the camera than the blue cube? Answer with yes or no.,Yes,Yes,22.734375,20.375,True
Zhoues/RoboRefer-2B-SFT,obj1_farther,output/phasevar_5/0001_phA04_phB02.png,Is the green sphere farther from the camera than the blue cube? Answer with yes or no.,Yes,Yes,22.375,20.296875,True
Zhoues/RoboRefer-2B-SFT,obj1_farther,output/phasevar_5/0001_phA04_phB03.png,Is the green sphere farther from the camera than the blue cube? Answer with yes or no.,Yes,Yes,22.6875,20.3125,True
Zhoues/RoboRefer-2B-SFT,obj1_farther,output/phasevar_5/0001_phA04_phB04.png,Is the green sphere farther from the camera than the blue cube? Answer with yes or no.,Yes,Yes,22.53125,20.421875,True
Zhoues/RoboRefer-2B-SFT,obj1_farther,output/phasevar_5/0001_phA04_phB05.png,Is the green sphere farther from the camera than the blue cube? Answer with yes or no.,Yes,Yes,22.84375,20.375,True
Zhoues/RoboRefer-2B-SFT,obj1_farther,output/phasevar_5/0001_phA04_phB06.png,Is the green sphere farther from the camera than the blue cube? Answer with yes or no.,Yes,Yes,22.796875,20.0625,True
Zhoues/RoboRefer-2B-SFT,obj1_farther,output/phasevar_5/0001_phA04_phB07.png,Is the green sphere farther from the camera than the blue cube? Answer with yes or no.,Yes,Yes,23.171875,20.21875,True
Zhoues/RoboRefer-2B-SFT,obj1_farther,output/phasevar_5/0001_phA04_phB08.png,Is the green sphere farther from the camera than the blue cube? Answer with yes or no.,Yes,Yes,23.359375,20.203125,True
Zhoues/RoboRefer-2B-SFT,obj1_farther,output/phasevar_5/0001_phA04_phB09.png,Is the green sphere farther from the camera than the blue cube? Answer with yes or no.,Yes,Yes,23.046875,20.109375,True
Zhoues/RoboRefer-2B-SFT,obj1_farther,output/phasevar_5/0001_phA04_phB10.png,Is the green sphere farther from the camera than the blue cube? Answer with yes or no.,Yes,Yes,22.953125,20.171875,True
Zhoues/RoboRefer-2B-SFT,obj1_farther,output/phasevar_5/0001_phA04_phB11.png,Is the green sphere farther from the camera than the blue cube? Answer with yes or no.,Yes,Yes,22.875,20.328125,True
Zhoues/RoboRefer-2B-SFT,obj1_farther,output/phasevar_5/0001_phA04_phB12.png,Is the green sphere farther from the camera than the blue cube? Answer with yes or no.,Yes,Yes,22.75,20.34375,True
Zhoues/RoboRefer-2B-SFT,obj1_farther,output/phasevar_5/0001_phA04_phB13.png,Is the green sphere farther from the camera than the blue cube? Answer with yes or no.,Yes,Yes,23.0,20.203125,True
Zhoues/RoboRefer-2B-SFT,obj1_farther,output/phasevar_5/0001_phA04_phB14.png,Is the green sphere farther from the camera than the blue cube? Answer with yes or no.,Yes,Yes,23.078125,20.28125,True
Zhoues/RoboRefer-2B-SFT,obj1_farther,output/phasevar_5/0001_phA04_phB15.png,Is the green sphere farther from the camera than the blue cube? Answer with yes or no.,Yes,Yes,22.984375,20.28125,True
Zhoues/RoboRefer-2B-SFT,obj1_farther,output/phasevar_5/0001_phA05_phB00.png,Is the green sphere farther from the camera than the blue cube? Answer with yes or no.,Yes,Yes,22.71875,20.234375,True
Zhoues/RoboRefer-2B-SFT,obj1_farther,output/phasevar_5/0001_phA05_phB01.png,Is the green sphere farther from the camera than the blue cube? Answer with yes or no.,Yes,Yes,22.59375,20.15625,True
Zhoues/RoboRefer-2B-SFT,obj1_farther,output/phasevar_5/0001_phA05_phB02.png,Is the green sphere farther from the camera than the blue cube? Answer with yes or no.,Yes,Yes,22.203125,20.15625,True
Zhoues/RoboRefer-2B-SFT,obj1_farther,output/phasevar_5/0001_phA05_phB03.png,Is the green sphere farther from the camera than the blue cube? Answer with yes or no.,Yes,Yes,22.546875,20.140625,True
Zhoues/RoboRefer-2B-SFT,obj1_farther,output/phasevar_5/0001_phA05_phB04.png,Is the green sphere farther from the camera than the blue cube? Answer with yes or no.,Yes,Yes,22.40625,20.140625,True
Zhoues/RoboRefer-2B-SFT,obj1_farther,output/phasevar_5/0001_phA05_phB05.png,Is the green sphere farther from the camera than the blue cube? Answer with yes or no.,Yes,Yes,22.65625,20.203125,True
Zhoues/RoboRefer-2B-SFT,obj1_farther,output/phasevar_5/0001_phA05_phB06.png,Is the green sphere farther from the camera than the blue cube? Answer with yes or no.,Yes,Yes,22.6875,19.96875,True
Zhoues/RoboRefer-2B-SFT,obj1_farther,output/phasevar_5/0001_phA05_phB07.png,Is the green sphere farther from the camera than the blue cube? Answer with yes or no.,Yes,Yes,23.0625,20.0625,True
Zhoues/RoboRefer-2B-SFT,obj1_farther,output/phasevar_5/0001_phA05_phB08.png,Is the green sphere farther from the camera than the blue cube? Answer with yes or no.,Yes,Yes,23.21875,20.09375,True
Zhoues/RoboRefer-2B-SFT,obj1_farther,output/phasevar_5/0001_phA05_phB09.png,Is the green sphere farther from the camera than the blue cube? Answer with yes or no.,Yes,Yes,22.890625,20.03125,True
Zhoues/RoboRefer-2B-SFT,obj1_farther,output/phasevar_5/0001_phA05_phB10.png,Is the green sphere farther from the camera than the blue cube? Answer with yes or no.,Yes,Yes,22.78125,20.0625,True
Zhoues/RoboRefer-2B-SFT,obj1_farther,output/phasevar_5/0001_phA05_phB11.png,Is the green sphere farther from the camera than the blue cube? Answer with yes or no.,Yes,Yes,22.65625,20.21875,True
Zhoues/RoboRefer-2B-SFT,obj1_farther,output/phasevar_5/0001_phA05_phB12.png,Is the green sphere farther from the camera than the blue cube? Answer with yes or no.,Yes,Yes,22.65625,20.078125,True
Zhoues/RoboRefer-2B-SFT,obj1_farther,output/phasevar_5/0001_phA05_phB13.png,Is the green sphere farther from the camera than the blue cube? Answer with yes or no.,Yes,Yes,22.8125,19.96875,True
Zhoues/RoboRefer-2B-SFT,obj1_farther,output/phasevar_5/0001_phA05_phB14.png,Is the green sphere farther from the camera than the blue cube? Answer with yes or no.,Yes,Yes,22.8125,19.984375,True
Zhoues/RoboRefer-2B-SFT,obj1_farther,output/phasevar_5/0001_phA05_phB15.png,Is the green sphere farther from the camera than the blue cube? Answer with yes or no.,Yes,Yes,22.875,20.0,True
Zhoues/RoboRefer-2B-SFT,obj1_farther,output/phasevar_5/0001_phA06_phB00.png,Is the green sphere farther from the camera than the blue cube? Answer with yes or no.,Yes,Yes,22.765625,20.078125,True
Zhoues/RoboRefer-2B-SFT,obj1_farther,output/phasevar_5/0001_phA06_phB01.png,Is the green sphere farther from the camera than the blue cube? Answer with yes or no.,Yes,Yes,22.59375,20.015625,True
Zhoues/RoboRefer-2B-SFT,obj1_farther,output/phasevar_5/0001_phA06_phB02.png,Is the green sphere farther from the camera than the blue cube? Answer with yes or no.,Yes,Yes,22.296875,20.09375,True
Zhoues/RoboRefer-2B-SFT,obj1_farther,output/phasevar_5/0001_phA06_phB03.png,Is the green sphere farther from the camera than the blue cube? Answer with yes or no.,Yes,Yes,22.5,20.03125,True
Zhoues/RoboRefer-2B-SFT,obj1_farther,output/phasevar_5/0001_phA06_phB04.png,Is the green sphere farther from the camera than the blue cube? Answer with yes or no.,Yes,Yes,22.328125,20.0,True
Zhoues/RoboRefer-2B-SFT,obj1_farther,output/phasevar_5/0001_phA06_phB05.png,Is the green sphere farther from the camera than the blue cube? Answer with yes or no.,Yes,Yes,22.609375,20.109375,True
Zhoues/RoboRefer-2B-SFT,obj1_farther,output/phasevar_5/0001_phA06_phB06.png,Is the green sphere farther from the camera than the blue cube? Answer with yes or no.,Yes,Yes,22.6875,19.90625,True
Zhoues/RoboRefer-2B-SFT,obj1_farther,output/phasevar_5/0001_phA06_phB07.png,Is the green sphere farther from the camera than the blue cube? Answer with yes or no.,Yes,Yes,23.078125,19.9375,True
Zhoues/RoboRefer-2B-SFT,obj1_farther,output/phasevar_5/0001_phA06_phB08.png,Is the green sphere farther from the camera than the blue cube? Answer with yes or no.,Yes,Yes,23.265625,20.015625,True
Zhoues/RoboRefer-2B-SFT,obj1_farther,output/phasevar_5/0001_phA06_phB09.png,Is the green sphere farther from the camera than the blue cube? Answer with yes or no.,Yes,Yes,22.875,19.984375,True
Zhoues/RoboRefer-2B-SFT,obj1_farther,output/phasevar_5/0001_phA06_phB10.png,Is the green sphere farther from the camera than the blue cube? Answer with yes or no.,Yes,Yes,22.703125,19.984375,True
Zhoues/RoboRefer-2B-SFT,obj1_farther,output/phasevar_5/0001_phA06_phB11.png,Is the green sphere farther from the camera than the blue cube? Answer with yes or no.,Yes,Yes,22.578125,20.171875,True
Zhoues/RoboRefer-2B-SFT,obj1_farther,output/phasevar_5/0001_phA06_phB12.png,Is the green sphere farther from the camera than the blue cube? Answer with yes or no.,Yes,Yes,22.53125,19.890625,True
Zhoues/RoboRefer-2B-SFT,obj1_farther,output/phasevar_5/0001_phA06_phB13.png,Is the green sphere farther from the camera than the blue cube? Answer with yes or no.,Yes,Yes,22.71875,19.8125,True
Zhoues/RoboRefer-2B-SFT,obj1_farther,output/phasevar_5/0001_phA06_phB14.png,Is the green sphere farther from the camera than the blue cube? Answer with yes or no.,Yes,Yes,22.828125,19.890625,True
Zhoues/RoboRefer-2B-SFT,obj1_farther,output/phasevar_5/0001_phA06_phB15.png,Is the green sphere farther from the camera than the blue cube? Answer with yes or no.,Yes,Yes,22.84375,19.890625,True
Zhoues/RoboRefer-2B-SFT,obj1_farther,output/phasevar_5/0001_phA07_phB00.png,Is the green sphere farther from the camera than the blue cube? Answer with yes or no.,Yes,Yes,22.84375,19.984375,True
Zhoues/RoboRefer-2B-SFT,obj1_farther,output/phasevar_5/0001_phA07_phB01.png,Is the green sphere farther from the camera than the blue cube? Answer with yes or no.,Yes,Yes,22.71875,20.0,True
Zhoues/RoboRefer-2B-SFT,obj1_farther,output/phasevar_5/0001_phA07_phB02.png,Is the green sphere farther from the camera than the blue cube? Answer with yes or no.,Yes,Yes,22.3125,20.140625,True
Zhoues/RoboRefer-2B-SFT,obj1_farther,output/phasevar_5/0001_phA07_phB03.png,Is the green sphere farther from the camera than the blue cube? Answer with yes or no.,Yes,Yes,22.53125,20.125,True
Zhoues/RoboRefer-2B-SFT,obj1_farther,output/phasevar_5/0001_phA07_phB04.png,Is the green sphere farther from the camera than the blue cube? Answer with yes or no.,Yes,Yes,22.359375,20.046875,True
Zhoues/RoboRefer-2B-SFT,obj1_farther,output/phasevar_5/0001_phA07_phB05.png,Is the green sphere farther from the camera than the blue cube? Answer with yes or no.,Yes,Yes,22.484375,20.171875,True
Zhoues/RoboRefer-2B-SFT,obj1_farther,output/phasevar_5/0001_phA07_phB06.png,Is the green sphere farther from the camera than the blue cube? Answer with yes or no.,Yes,Yes,22.6875,19.8125,True
Zhoues/RoboRefer-2B-SFT,obj1_farther,output/phasevar_5/0001_phA07_phB07.png,Is the green sphere farther from the camera than the blue cube? Answer with yes or no.,Yes,Yes,23.140625,19.8125,True
Zhoues/RoboRefer-2B-SFT,obj1_farther,output/phasevar_5/0001_phA07_phB08.png,Is the green sphere farther from the camera than the blue cube? Answer with yes or no.,Yes,Yes,23.28125,19.71875,True
Zhoues/RoboRefer-2B-SFT,obj1_farther,output/phasevar_5/0001_phA07_phB09.png,Is the green sphere farther from the camera than the blue cube? Answer with yes or no.,Yes,Yes,23.046875,19.78125,True
Zhoues/RoboRefer-2B-SFT,obj1_farther,output/phasevar_5/0001_phA07_phB10.png,Is the green sphere farther from the camera than the blue cube? Answer with yes or no.,Yes,Yes,22.765625,19.8125,True
Zhoues/RoboRefer-2B-SFT,obj1_farther,output/phasevar_5/0001_phA07_phB11.png,Is the green sphere farther from the camera than the blue cube? Answer with yes or no.,Yes,Yes,22.609375,20.015625,True
Zhoues/RoboRefer-2B-SFT,obj1_farther,output/phasevar_5/0001_phA07_phB12.png,Is the green sphere farther from the camera than the blue cube? Answer with yes or no.,Yes,Yes,22.546875,19.828125,True
Zhoues/RoboRefer-2B-SFT,obj1_farther,output/phasevar_5/0001_phA07_phB13.png,Is the green sphere farther from the camera than the blue cube? Answer with yes or no.,Yes,Yes,22.734375,19.75,True
Zhoues/RoboRefer-2B-SFT,obj1_farther,output/phasevar_5/0001_phA07_phB14.png,Is the green sphere farther from the camera than the blue cube? Answer with yes or no.,Yes,Yes,22.859375,19.828125,True
Zhoues/RoboRefer-2B-SFT,obj1_farther,output/phasevar_5/0001_phA07_phB15.png,Is the green sphere farther from the camera than the blue cube? Answer with yes or no.,Yes,Yes,22.9375,19.84375,True
Zhoues/RoboRefer-2B-SFT,obj1_farther,output/phasevar_5/0001_phA08_phB00.png,Is the green sphere farther from the camera than the blue cube? Answer with yes or no.,Yes,Yes,22.75,20.046875,True
Zhoues/RoboRefer-2B-SFT,obj1_farther,output/phasevar_5/0001_phA08_phB01.png,Is the green sphere farther from the camera than the blue cube? Answer with yes or no.,Yes,Yes,22.609375,20.125,True
Zhoues/RoboRefer-2B-SFT,obj1_farther,output/phasevar_5/0001_phA08_phB02.png,Is the green sphere farther from the camera than the blue cube? Answer with yes or no.,Yes,Yes,22.171875,20.09375,True
Zhoues/RoboRefer-2B-SFT,obj1_farther,output/phasevar_5/0001_phA08_phB03.png,Is the green sphere farther from the camera than the blue cube? Answer with yes or no.,Yes,Yes,22.4375,20.140625,True
Zhoues/RoboRefer-2B-SFT,obj1_farther,output/phasevar_5/0001_phA08_phB04.png,Is the green sphere farther from the camera than the blue cube? Answer with yes or no.,Yes,Yes,22.28125,20.109375,True
Zhoues/RoboRefer-2B-SFT,obj1_farther,output/phasevar_5/0001_phA08_phB05.png,Is the green sphere farther from the camera than the blue cube? Answer with yes or no.,Yes,Yes,22.484375,20.0625,True
Zhoues/RoboRefer-2B-SFT,obj1_farther,output/phasevar_5/0001_phA08_phB06.png,Is the green sphere farther from the camera than the blue cube? Answer with yes or no.,Yes,Yes,22.5625,19.90625,True
Zhoues/RoboRefer-2B-SFT,obj1_farther,output/phasevar_5/0001_phA08_phB07.png,Is the green sphere farther from the camera than the blue cube? Answer with yes or no.,Yes,Yes,23.046875,19.96875,True
Zhoues/RoboRefer-2B-SFT,obj1_farther,output/phasevar_5/0001_phA08_phB08.png,Is the green sphere farther from the camera than the blue cube? Answer with yes or no.,Yes,Yes,23.203125,19.859375,True
Zhoues/RoboRefer-2B-SFT,obj1_farther,output/phasevar_5/0001_phA08_phB09.png,Is the green sphere farther from the camera than the blue cube? Answer with yes or no.,Yes,Yes,22.875,19.9375,True
Zhoues/RoboRefer-2B-SFT,obj1_farther,output/phasevar_5/0001_phA08_phB10.png,Is the green sphere farther from the camera than the blue cube? Answer with yes or no.,Yes,Yes,22.734375,19.90625,True
Zhoues/RoboRefer-2B-SFT,obj1_farther,output/phasevar_5/0001_phA08_phB11.png,Is the green sphere farther from the camera than the blue cube? Answer with yes or no.,Yes,Yes,22.53125,20.046875,True
Zhoues/RoboRefer-2B-SFT,obj1_farther,output/phasevar_5/0001_phA08_phB12.png,Is the green sphere farther from the camera than the blue cube? Answer with yes or no.,Yes,Yes,22.515625,19.90625,True
Zhoues/RoboRefer-2B-SFT,obj1_farther,output/phasevar_5/0001_phA08_phB13.png,Is the green sphere farther from the camera than the blue cube? Answer with yes or no.,Yes,Yes,22.75,19.84375,True
Zhoues/RoboRefer-2B-SFT,obj1_farther,output/phasevar_5/0001_phA08_phB14.png,Is the green sphere farther from the camera than the blue cube? Answer with yes or no.,Yes,Yes,22.890625,20.03125,True
Zhoues/RoboRefer-2B-SFT,obj1_farther,output/phasevar_5/0001_phA08_phB15.png,Is the green sphere farther from the camera than the blue cube? Answer with yes or no.,Yes,Yes,22.859375,19.859375,True
Zhoues/RoboRefer-2B-SFT,obj1_farther,output/phasevar_5/0001_phA09_phB00.png,Is the green sphere farther from the camera than the blue cube? Answer with yes or no.,Yes,Yes,22.65625,20.046875,True
Zhoues/RoboRefer-2B-SFT,obj1_farther,output/phasevar_5/0001_phA09_phB01.png,Is the green sphere farther from the camera than the blue cube? Answer with yes or no.,Yes,Yes,22.421875,20.125,True
Zhoues/RoboRefer-2B-SFT,obj1_farther,output/phasevar_5/0001_phA09_phB02.png,Is the green sphere farther from the camera than the blue cube? Answer with yes or no.,Yes,Yes,22.0,20.09375,True
Zhoues/RoboRefer-2B-SFT,obj1_farther,output/phasevar_5/0001_phA09_phB03.png,Is the green sphere farther from the camera than the blue cube? Answer with yes or no.,Yes,Yes,22.28125,20.09375,True
Zhoues/RoboRefer-2B-SFT,obj1_farther,output/phasevar_5/0001_phA09_phB04.png,Is the green sphere farther from the camera than the blue cube? Answer with yes or no.,Yes,Yes,22.109375,20.140625,True
Zhoues/RoboRefer-2B-SFT,obj1_farther,output/phasevar_5/0001_phA09_phB05.png,Is the green sphere farther from the camera than the blue cube? Answer with yes or no.,Yes,Yes,22.25,20.0,True
Zhoues/RoboRefer-2B-SFT,obj1_farther,output/phasevar_5/0001_phA09_phB06.png,Is the green sphere farther from the camera than the blue cube? Answer with yes or no.,Yes,Yes,22.46875,19.9375,True
Zhoues/RoboRefer-2B-SFT,obj1_farther,output/phasevar_5/0001_phA09_phB07.png,Is the green sphere farther from the camera than the blue cube? Answer with yes or no.,Yes,Yes,22.9375,20.0,True
Zhoues/RoboRefer-2B-SFT,obj1_farther,output/phasevar_5/0001_phA09_phB08.png,Is the green sphere farther from the camera than the blue cube? Answer with yes or no.,Yes,Yes,23.1875,19.65625,True
Zhoues/RoboRefer-2B-SFT,obj1_farther,output/phasevar_5/0001_phA09_phB09.png,Is the green sphere farther from the camera than the blue cube? Answer with yes or no.,Yes,Yes,22.875,19.75,True
Zhoues/RoboRefer-2B-SFT,obj1_farther,output/phasevar_5/0001_phA09_phB10.png,Is the green sphere farther from the camera than the blue cube? Answer with yes or no.,Yes,Yes,22.640625,19.8125,True
Zhoues/RoboRefer-2B-SFT,obj1_farther,output/phasevar_5/0001_phA09_phB11.png,Is the green sphere farther from the camera than the blue cube? Answer with yes or no.,Yes,Yes,22.578125,20.0,True
Zhoues/RoboRefer-2B-SFT,obj1_farther,output/phasevar_5/0001_phA09_phB12.png,Is the green sphere farther from the camera than the blue cube? Answer with yes or no.,Yes,Yes,22.609375,19.875,True
Zhoues/RoboRefer-2B-SFT,obj1_farther,output/phasevar_5/0001_phA09_phB13.png,Is the green sphere farther from the camera than the blue cube? Answer with yes or no.,Yes,Yes,22.75,19.8125,True
Zhoues/RoboRefer-2B-SFT,obj1_farther,output/phasevar_5/0001_phA09_phB14.png,Is the green sphere farther from the camera than the blue cube? Answer with yes or no.,Yes,Yes,22.859375,19.828125,True
Zhoues/RoboRefer-2B-SFT,obj1_farther,output/phasevar_5/0001_phA09_phB15.png,Is the green sphere farther from the camera than the blue cube? Answer with yes or no.,Yes,Yes,22.71875,19.828125,True
Zhoues/RoboRefer-2B-SFT,obj1_farther,output/phasevar_5/0001_phA10_phB00.png,Is the green sphere farther from the camera than the blue cube? Answer with yes or no.,Yes,Yes,22.578125,20.015625,True
Zhoues/RoboRefer-2B-SFT,obj1_farther,output/phasevar_5/0001_phA10_phB01.png,Is the green sphere farther from the camera than the blue cube? Answer with yes or no.,Yes,Yes,22.203125,20.15625,True
Zhoues/RoboRefer-2B-SFT,obj1_farther,output/phasevar_5/0001_phA10_phB02.png,Is the green sphere farther from the camera than the blue cube? Answer with yes or no.,Yes,Yes,21.96875,20.109375,True
Zhoues/RoboRefer-2B-SFT,obj1_farther,output/phasevar_5/0001_phA10_phB03.png,Is the green sphere farther from the camera than the blue cube? Answer with yes or no.,Yes,Yes,22.296875,20.0625,True
Zhoues/RoboRefer-2B-SFT,obj1_farther,output/phasevar_5/0001_phA10_phB04.png,Is the green sphere farther from the camera than the blue cube? Answer with yes or no.,Yes,Yes,21.984375,20.078125,True
Zhoues/RoboRefer-2B-SFT,obj1_farther,output/phasevar_5/0001_phA10_phB05.png,Is the green sphere farther from the camera than the blue cube? Answer with yes or no.,Yes,Yes,22.171875,20.03125,True
Zhoues/RoboRefer-2B-SFT,obj1_farther,output/phasevar_5/0001_phA10_phB06.png,Is the green sphere farther from the camera than the blue cube? Answer with yes or no.,Yes,Yes,22.328125,20.0625,True
Zhoues/RoboRefer-2B-SFT,obj1_farther,output/phasevar_5/0001_phA10_phB07.png,Is the green sphere farther from the camera than the blue cube? Answer with yes or no.,Yes,Yes,22.890625,20.171875,True
Zhoues/RoboRefer-2B-SFT,obj1_farther,output/phasevar_5/0001_phA10_phB08.png,Is the green sphere farther from the camera than the blue cube? Answer with yes or no.,Yes,Yes,23.1875,19.859375,True
Zhoues/RoboRefer-2B-SFT,obj1_farther,output/phasevar_5/0001_phA10_phB09.png,Is the green sphere farther from the camera than the blue cube? Answer with yes or no.,Yes,Yes,22.859375,19.765625,True
Zhoues/RoboRefer-2B-SFT,obj1_farther,output/phasevar_5/0001_phA10_phB10.png,Is the green sphere farther from the camera than the blue cube? Answer with yes or no.,Yes,Yes,22.703125,19.875,True
Zhoues/RoboRefer-2B-SFT,obj1_farther,output/phasevar_5/0001_phA10_phB11.png,Is the green sphere farther from the camera than the blue cube? Answer with yes or no.,Yes,Yes,22.5625,20.015625,True
Zhoues/RoboRefer-2B-SFT,obj1_farther,output/phasevar_5/0001_phA10_phB12.png,Is the green sphere farther from the camera than the blue cube? Answer with yes or no.,Yes,Yes,22.546875,19.8125,True
Zhoues/RoboRefer-2B-SFT,obj1_farther,output/phasevar_5/0001_phA10_phB13.png,Is the green sphere farther from the camera than the blue cube? Answer with yes or no.,Yes,Yes,22.8125,19.765625,True
Zhoues/RoboRefer-2B-SFT,obj1_farther,output/phasevar_5/0001_phA10_phB14.png,Is the green sphere farther from the camera than the blue cube? Answer with yes or no.,Yes,Yes,22.90625,19.71875,True
Zhoues/RoboRefer-2B-SFT,obj1_farther,output/phasevar_5/0001_phA10_phB15.png,Is the green sphere farther from the camera than the blue cube? Answer with yes or no.,Yes,Yes,22.75,19.828125,True
Zhoues/RoboRefer-2B-SFT,obj1_farther,output/phasevar_5/0001_phA11_phB00.png,Is the green sphere farther from the camera than the blue cube? Answer with yes or no.,Yes,Yes,22.640625,20.4375,True
Zhoues/RoboRefer-2B-SFT,obj1_farther,output/phasevar_5/0001_phA11_phB01.png,Is the green sphere farther from the camera than the blue cube? Answer with yes or no.,Yes,Yes,22.3125,20.46875,True
Zhoues/RoboRefer-2B-SFT,obj1_farther,output/phasevar_5/0001_phA11_phB02.png,Is the green sphere farther from the camera than the blue cube? Answer with yes or no.,Yes,Yes,22.09375,20.34375,True
Zhoues/RoboRefer-2B-SFT,obj1_farther,output/phasevar_5/0001_phA11_phB03.png,Is the green sphere farther from the camera than the blue cube? Answer with yes or no.,Yes,Yes,22.375,20.390625,True
Zhoues/RoboRefer-2B-SFT,obj1_farther,output/phasevar_5/0001_phA11_phB04.png,Is the green sphere farther from the camera than the blue cube? Answer with yes or no.,Yes,Yes,22.109375,20.359375,True
Zhoues/RoboRefer-2B-SFT,obj1_farther,output/phasevar_5/0001_phA11_phB05.png,Is the green sphere farther from the camera than the blue cube? Answer with yes or no.,Yes,Yes,22.34375,20.265625,True
Zhoues/RoboRefer-2B-SFT,obj1_farther,output/phasevar_5/0001_phA11_phB06.png,Is the green sphere farther from the camera than the blue cube? Answer with yes or no.,Yes,Yes,22.484375,20.3125,True
Zhoues/RoboRefer-2B-SFT,obj1_farther,output/phasevar_5/0001_phA11_phB07.png,Is the green sphere farther from the camera than the blue cube? Answer with yes or no.,Yes,Yes,22.9375,20.296875,True
Zhoues/RoboRefer-2B-SFT,obj1_farther,output/phasevar_5/0001_phA11_phB08.png,Is the green sphere farther from the camera than the blue cube? Answer with yes or no.,Yes,Yes,23.28125,20.046875,True
Zhoues/RoboRefer-2B-SFT,obj1_farther,output/phasevar_5/0001_phA11_phB09.png,Is the green sphere farther from the camera than the blue cube? Answer with yes or no.,Yes,Yes,22.984375,19.9375,True
Zhoues/RoboRefer-2B-SFT,obj1_farther,output/phasevar_5/0001_phA11_phB10.png,Is the green sphere farther from the camera than the blue cube? Answer with yes or no.,Yes,Yes,22.84375,20.046875,True
Zhoues/RoboRefer-2B-SFT,obj1_farther,output/phasevar_5/0001_phA11_phB11.png,Is the green sphere farther from the camera than the blue cube? Answer with yes or no.,Yes,Yes,22.84375,20.296875,True
Zhoues/RoboRefer-2B-SFT,obj1_farther,output/phasevar_5/0001_phA11_phB12.png,Is the green sphere farther from the camera than the blue cube? Answer with yes or no.,Yes,Yes,22.859375,20.109375,True
Zhoues/RoboRefer-2B-SFT,obj1_farther,output/phasevar_5/0001_phA11_phB13.png,Is the green sphere farther from the camera than the blue cube? Answer with yes or no.,Yes,Yes,23.0625,20.125,True
Zhoues/RoboRefer-2B-SFT,obj1_farther,output/phasevar_5/0001_phA11_phB14.png,Is the green sphere farther from the camera than the blue cube? Answer with yes or no.,Yes,Yes,23.0,20.1875,True
Zhoues/RoboRefer-2B-SFT,obj1_farther,output/phasevar_5/0001_phA11_phB15.png,Is the green sphere farther from the camera than the blue cube? Answer with yes or no.,Yes,Yes,22.828125,20.1875,True
Zhoues/RoboRefer-2B-SFT,obj1_farther,output/phasevar_5/0001_phA12_phB00.png,Is the green sphere farther from the camera than the blue cube? Answer with yes or no.,Yes,Yes,22.734375,20.5625,True
Zhoues/RoboRefer-2B-SFT,obj1_farther,output/phasevar_5/0001_phA12_phB01.png,Is the green sphere farther from the camera than the blue cube? Answer with yes or no.,Yes,Yes,22.40625,20.5625,True
Zhoues/RoboRefer-2B-SFT,obj1_farther,output/phasevar_5/0001_phA12_phB02.png,Is the green sphere farther from the camera than the blue cube? Answer with yes or no.,Yes,Yes,22.171875,20.34375,True
Zhoues/RoboRefer-2B-SFT,obj1_farther,output/phasevar_5/0001_phA12_phB03.png,Is the green sphere farther from the camera than the blue cube? Answer with yes or no.,Yes,Yes,22.421875,20.375,True
Zhoues/RoboRefer-2B-SFT,obj1_farther,output/phasevar_5/0001_phA12_phB04.png,Is the green sphere farther from the camera than the blue cube? Answer with yes or no.,Yes,Yes,22.203125,20.40625,True
Zhoues/RoboRefer-2B-SFT,obj1_farther,output/phasevar_5/0001_phA12_phB05.png,Is the green sphere farther from the camera than the blue cube? Answer with yes or no.,Yes,Yes,22.46875,20.21875,True
Zhoues/RoboRefer-2B-SFT,obj1_farther,output/phasevar_5/0001_phA12_phB06.png,Is the green sphere farther from the camera than the blue cube? Answer with yes or no.,Yes,Yes,22.5625,20.203125,True
Zhoues/RoboRefer-2B-SFT,obj1_farther,output/phasevar_5/0001_phA12_phB07.png,Is the green sphere farther from the camera than the blue cube? Answer with yes or no.,Yes,Yes,23.03125,20.1875,True
Zhoues/RoboRefer-2B-SFT,obj1_farther,output/phasevar_5/0001_phA12_phB08.png,Is the green sphere farther from the camera than the blue cube? Answer with yes or no.,Yes,Yes,23.328125,20.0,True
Zhoues/RoboRefer-2B-SFT,obj1_farther,output/phasevar_5/0001_phA12_phB09.png,Is the green sphere farther from the camera than the blue cube? Answer with yes or no.,Yes,Yes,23.046875,19.9375,True
Zhoues/RoboRefer-2B-SFT,obj1_farther,output/phasevar_5/0001_phA12_phB10.png,Is the green sphere farther from the camera than the blue cube? Answer with yes or no.,Yes,Yes,22.90625,20.015625,True
Zhoues/RoboRefer-2B-SFT,obj1_farther,output/phasevar_5/0001_phA12_phB11.png,Is the green sphere farther from the camera than the blue cube? Answer with yes or no.,Yes,Yes,22.921875,20.265625,True
Zhoues/RoboRefer-2B-SFT,obj1_farther,output/phasevar_5/0001_phA12_phB12.png,Is the green sphere farther from the camera than the blue cube? Answer with yes or no.,Yes,Yes,22.875,20.296875,True
Zhoues/RoboRefer-2B-SFT,obj1_farther,output/phasevar_5/0001_phA12_phB13.png,Is the green sphere farther from the camera than the blue cube? Answer with yes or no.,Yes,Yes,23.0625,20.359375,True
Zhoues/RoboRefer-2B-SFT,obj1_farther,output/phasevar_5/0001_phA12_phB14.png,Is the green sphere farther from the camera than the blue cube? Answer with yes or no.,Yes,Yes,23.015625,20.28125,True
Zhoues/RoboRefer-2B-SFT,obj1_farther,output/phasevar_5/0001_phA12_phB15.png,Is the green sphere farther from the camera than the blue cube? Answer with yes or no.,Yes,Yes,22.921875,20.390625,True
Zhoues/RoboRefer-2B-SFT,obj1_farther,output/phasevar_5/0001_phA13_phB00.png,Is the green sphere farther from the camera than the blue cube? Answer with yes or no.,Yes,Yes,22.75,20.5,True
Zhoues/RoboRefer-2B-SFT,obj1_farther,output/phasevar_5/0001_phA13_phB01.png,Is the green sphere farther from the camera than the blue cube? Answer with yes or no.,Yes,Yes,22.390625,20.515625,True
Zhoues/RoboRefer-2B-SFT,obj1_farther,output/phasevar_5/0001_phA13_phB02.png,Is the green sphere farther from the camera than the blue cube? Answer with yes or no.,Yes,Yes,22.1875,20.296875,True
Zhoues/RoboRefer-2B-SFT,obj1_farther,output/phasevar_5/0001_phA13_phB03.png,Is the green sphere farther from the camera than the blue cube? Answer with yes or no.,Yes,Yes,22.46875,20.3125,True
Zhoues/RoboRefer-2B-SFT,obj1_farther,output/phasevar_5/0001_phA13_phB04.png,Is the green sphere farther from the camera than the blue cube? Answer with yes or no.,Yes,Yes,22.25,20.34375,True
Zhoues/RoboRefer-2B-SFT,obj1_farther,output/phasevar_5/0001_phA13_phB05.png,Is the green sphere farther from the camera than the blue cube? Answer with yes or no.,Yes,Yes,22.609375,20.15625,True
Zhoues/RoboRefer-2B-SFT,obj1_farther,output/phasevar_5/0001_phA13_phB06.png,Is the green sphere farther from the camera than the blue cube? Answer with yes or no.,Yes,Yes,22.59375,20.09375,True
Zhoues/RoboRefer-2B-SFT,obj1_farther,output/phasevar_5/0001_phA13_phB07.png,Is the green sphere farther from the camera than the blue cube? Answer with yes or no.,Yes,Yes,23.015625,20.21875,True
Zhoues/RoboRefer-2B-SFT,obj1_farther,output/phasevar_5/0001_phA13_phB08.png,Is the green sphere farther from the camera than the blue cube? Answer with yes or no.,Yes,Yes,23.34375,19.953125,True
Zhoues/RoboRefer-2B-SFT,obj1_farther,output/phasevar_5/0001_phA13_phB09.png,Is the green sphere farther from the camera than the blue cube? Answer with yes or no.,Yes,Yes,23.09375,19.890625,True
Zhoues/RoboRefer-2B-SFT,obj1_farther,output/phasevar_5/0001_phA13_phB10.png,Is the green sphere farther from the camera than the blue cube? Answer with yes or no.,Yes,Yes,23.015625,19.921875,True
Zhoues/RoboRefer-2B-SFT,obj1_farther,output/phasevar_5/0001_phA13_phB11.png,Is the green sphere farther from the camera than the blue cube? Answer with yes or no.,Yes,Yes,23.015625,20.09375,True
Zhoues/RoboRefer-2B-SFT,obj1_farther,output/phasevar_5/0001_phA13_phB12.png,Is the green sphere farther from the camera than the blue cube? Answer with yes or no.,Yes,Yes,22.96875,20.109375,True
Zhoues/RoboRefer-2B-SFT,obj1_farther,output/phasevar_5/0001_phA13_phB13.png,Is the green sphere farther from the camera than the blue cube? Answer with yes or no.,Yes,Yes,23.09375,20.1875,True
Zhoues/RoboRefer-2B-SFT,obj1_farther,output/phasevar_5/0001_phA13_phB14.png,Is the green sphere farther from the camera than the blue cube? Answer with yes or no.,Yes,Yes,23.03125,20.28125,True
Zhoues/RoboRefer-2B-SFT,obj1_farther,output/phasevar_5/0001_phA13_phB15.png,Is the green sphere farther from the camera than the blue cube? Answer with yes or no.,Yes,Yes,22.90625,20.234375,True
Zhoues/RoboRefer-2B-SFT,obj1_farther,output/phasevar_5/0001_phA14_phB00.png,Is the green sphere farther from the camera than the blue cube? Answer with yes or no.,Yes,Yes,22.859375,20.5625,True
Zhoues/RoboRefer-2B-SFT,obj1_farther,output/phasevar_5/0001_phA14_phB01.png,Is the green sphere farther from the camera than the blue cube? Answer with yes or no.,Yes,Yes,22.46875,20.59375,True
Zhoues/RoboRefer-2B-SFT,obj1_farther,output/phasevar_5/0001_phA14_phB02.png,Is the green sphere farther from the camera than the blue cube? Answer with yes or no.,Yes,Yes,22.21875,20.375,True
Zhoues/RoboRefer-2B-SFT,obj1_farther,output/phasevar_5/0001_phA14_phB03.png,Is the green sphere farther from the camera than the blue cube? Answer with yes or no.,Yes,Yes,22.390625,20.25,True
Zhoues/RoboRefer-2B-SFT,obj1_farther,output/phasevar_5/0001_phA14_phB04.png,Is the green sphere farther from the camera than the blue cube? Answer with yes or no.,Yes,Yes,22.25,20.328125,True
Zhoues/RoboRefer-2B-SFT,obj1_farther,output/phasevar_5/0001_phA14_phB05.png,Is the green sphere farther from the camera than the blue cube? Answer with yes or no.,Yes,Yes,22.578125,20.125,True
Zhoues/RoboRefer-2B-SFT,obj1_farther,output/phasevar_5/0001_phA14_phB06.png,Is the green sphere farther from the camera than the blue cube? Answer with yes or no.,Yes,Yes,22.609375,20.171875,True
Zhoues/RoboRefer-2B-SFT,obj1_farther,output/phasevar_5/0001_phA14_phB07.png,Is the green sphere farther from the camera than the blue cube? Answer with yes or no.,Yes,Yes,23.078125,20.109375,True
Zhoues/RoboRefer-2B-SFT,obj1_farther,output/phasevar_5/0001_phA14_phB08.png,Is the green sphere farther from the camera than the blue cube? Answer with yes or no.,Yes,Yes,23.28125,19.890625,True
Zhoues/RoboRefer-2B-SFT,obj1_farther,output/phasevar_5/0001_phA14_phB09.png,Is the green sphere farther from the camera than the blue cube? Answer with yes or no.,Yes,Yes,23.09375,19.828125,True
Zhoues/RoboRefer-2B-SFT,obj1_farther,output/phasevar_5/0001_phA14_phB10.png,Is the green sphere farther from the camera than the blue cube? Answer with yes or no.,Yes,Yes,23.03125,19.875,True
Zhoues/RoboRefer-2B-SFT,obj1_farther,output/phasevar_5/0001_phA14_phB11.png,Is the green sphere farther from the camera than the blue cube? Answer with yes or no.,Yes,Yes,23.0,19.828125,True
Zhoues/RoboRefer-2B-SFT,obj1_farther,output/phasevar_5/0001_phA14_phB12.png,Is the green sphere farther from the camera than the blue cube? Answer with yes or no.,Yes,Yes,23.0,20.0,True
Zhoues/RoboRefer-2B-SFT,obj1_farther,output/phasevar_5/0001_phA14_phB13.png,Is the green sphere farther from the camera than the blue cube? Answer with yes or no.,Yes,Yes,23.046875,20.265625,True
Zhoues/RoboRefer-2B-SFT,obj1_farther,output/phasevar_5/0001_phA14_phB14.png,Is the green sphere farther from the camera than the blue cube? Answer with yes or no.,Yes,Yes,23.140625,20.109375,True
Zhoues/RoboRefer-2B-SFT,obj1_farther,output/phasevar_5/0001_phA14_phB15.png,Is the green sphere farther from the camera than the blue cube? Answer with yes or no.,Yes,Yes,23.03125,20.296875,True
Zhoues/RoboRefer-2B-SFT,obj1_farther,output/phasevar_5/0001_phA15_phB00.png,Is the green sphere farther from the camera than the blue cube? Answer with yes or no.,Yes,Yes,22.78125,20.4375,True
Zhoues/RoboRefer-2B-SFT,obj1_farther,output/phasevar_5/0001_phA15_phB01.png,Is the green sphere farther from the camera than the blue cube? Answer with yes or no.,Yes,Yes,22.40625,20.421875,True
Zhoues/RoboRefer-2B-SFT,obj1_farther,output/phasevar_5/0001_phA15_phB02.png,Is the green sphere farther from the camera than the blue cube? Answer with yes or no.,Yes,Yes,22.015625,20.21875,True
Zhoues/RoboRefer-2B-SFT,obj1_farther,output/phasevar_5/0001_phA15_phB03.png,Is the green sphere farther from the camera than the blue cube? Answer with yes or no.,Yes,Yes,22.390625,20.171875,True
Zhoues/RoboRefer-2B-SFT,obj1_farther,output/phasevar_5/0001_phA15_phB04.png,Is the green sphere farther from the camera than the blue cube? Answer with yes or no.,Yes,Yes,22.1875,20.234375,True
Zhoues/RoboRefer-2B-SFT,obj1_farther,output/phasevar_5/0001_phA15_phB05.png,Is the green sphere farther from the camera than the blue cube? Answer with yes or no.,Yes,Yes,22.421875,20.1875,True
Zhoues/RoboRefer-2B-SFT,obj1_farther,output/phasevar_5/0001_phA15_phB06.png,Is the green sphere farther from the camera than the blue cube? Answer with yes or no.,Yes,Yes,22.484375,20.0625,True
Zhoues/RoboRefer-2B-SFT,obj1_farther,output/phasevar_5/0001_phA15_phB07.png,Is the green sphere farther from the camera than the blue cube? Answer with yes or no.,Yes,Yes,22.9375,20.265625,True
Zhoues/RoboRefer-2B-SFT,obj1_farther,output/phasevar_5/0001_phA15_phB08.png,Is the green sphere farther from the camera than the blue cube? Answer with yes or no.,Yes,Yes,23.21875,20.125,True
Zhoues/RoboRefer-2B-SFT,obj1_farther,output/phasevar_5/0001_phA15_phB09.png,Is the green sphere farther from the camera than the blue cube? Answer with yes or no.,Yes,Yes,22.984375,19.984375,True
Zhoues/RoboRefer-2B-SFT,obj1_farther,output/phasevar_5/0001_phA15_phB10.png,Is the green sphere farther from the camera than the blue cube? Answer with yes or no.,Yes,Yes,22.875,19.890625,True
Zhoues/RoboRefer-2B-SFT,obj1_farther,output/phasevar_5/0001_phA15_phB11.png,Is the green sphere farther from the camera than the blue cube? Answer with yes or no.,Yes,Yes,22.796875,20.125,True
Zhoues/RoboRefer-2B-SFT,obj1_farther,output/phasevar_5/0001_phA15_phB12.png,Is the green sphere farther from the camera than the blue cube? Answer with yes or no.,Yes,Yes,22.71875,20.15625,True
Zhoues/RoboRefer-2B-SFT,obj1_farther,output/phasevar_5/0001_phA15_phB13.png,Is the green sphere farther from the camera than the blue cube? Answer with yes or no.,Yes,Yes,22.859375,20.28125,True
Zhoues/RoboRefer-2B-SFT,obj1_farther,output/phasevar_5/0001_phA15_phB14.png,Is the green sphere farther from the camera than the blue cube? Answer with yes or no.,Yes,Yes,22.96875,20.28125,True
Zhoues/RoboRefer-2B-SFT,obj1_farther,output/phasevar_5/0001_phA15_phB15.png,Is the green sphere farther from the camera than the blue cube? Answer with yes or no.,Yes,Yes,22.953125,20.21875,True
Zhoues/RoboRefer-2B-SFT,obj1_farther,output/phasevar_5/0002_phA00_phB00.png,Is the magenta sphere farther from the camera than the black sphere? Answer with yes or no.,Yes,Yes,22.53125,20.296875,True
Zhoues/RoboRefer-2B-SFT,obj1_farther,output/phasevar_5/0002_phA00_phB01.png,Is the magenta sphere farther from the camera than the black sphere? Answer with yes or no.,Yes,Yes,22.59375,20.359375,True
Zhoues/RoboRefer-2B-SFT,obj1_farther,output/phasevar_5/0002_phA00_phB02.png,Is the magenta sphere farther from the camera than the black sphere? Answer with yes or no.,Yes,Yes,22.21875,20.3125,True
Zhoues/RoboRefer-2B-SFT,obj1_farther,output/phasevar_5/0002_phA00_phB03.png,Is the magenta sphere farther from the camera than the black sphere? Answer with yes or no.,Yes,Yes,22.125,20.46875,True
Zhoues/RoboRefer-2B-SFT,obj1_farther,output/phasevar_5/0002_phA00_phB04.png,Is the magenta sphere farther from the camera than the black sphere? Answer with yes or no.,Yes,Yes,22.34375,20.328125,True
Zhoues/RoboRefer-2B-SFT,obj1_farther,output/phasevar_5/0002_phA00_phB05.png,Is the magenta sphere farther from the camera than the black sphere? Answer with yes or no.,Yes,Yes,22.328125,20.234375,True
Zhoues/RoboRefer-2B-SFT,obj1_farther,output/phasevar_5/0002_phA00_phB06.png,Is the magenta sphere farther from the camera than the black sphere? Answer with yes or no.,Yes,Yes,22.265625,20.4375,True
Zhoues/RoboRefer-2B-SFT,obj1_farther,output/phasevar_5/0002_phA00_phB07.png,Is the magenta sphere farther from the camera than the black sphere? Answer with yes or no.,Yes,Yes,22.75,20.1875,True
Zhoues/RoboRefer-2B-SFT,obj1_farther,output/phasevar_5/0002_phA00_phB08.png,Is the magenta sphere farther from the camera than the black sphere? Answer with yes or no.,Yes,Yes,22.625,20.390625,True
Zhoues/RoboRefer-2B-SFT,obj1_farther,output/phasevar_5/0002_phA00_phB09.png,Is the magenta sphere farther from the camera than the black sphere? Answer with yes or no.,Yes,Yes,22.671875,20.34375,True
Zhoues/RoboRefer-2B-SFT,obj1_farther,output/phasevar_5/0002_phA00_phB10.png,Is the magenta sphere farther from the camera than the black sphere? Answer with yes or no.,Yes,Yes,22.609375,20.21875,True
Zhoues/RoboRefer-2B-SFT,obj1_farther,output/phasevar_5/0002_phA00_phB11.png,Is the magenta sphere farther from the camera than the black sphere? Answer with yes or no.,Yes,Yes,22.375,20.1875,True
Zhoues/RoboRefer-2B-SFT,obj1_farther,output/phasevar_5/0002_phA00_phB12.png,Is the magenta sphere farther from the camera than the black sphere? Answer with yes or no.,Yes,Yes,22.34375,20.109375,True
Zhoues/RoboRefer-2B-SFT,obj1_farther,output/phasevar_5/0002_phA00_phB13.png,Is the magenta sphere farther from the camera than the black sphere? Answer with yes or no.,Yes,Yes,22.296875,20.421875,True
Zhoues/RoboRefer-2B-SFT,obj1_farther,output/phasevar_5/0002_phA00_phB14.png,Is the magenta sphere farther from the camera than the black sphere? Answer with yes or no.,Yes,Yes,22.53125,20.359375,True
Zhoues/RoboRefer-2B-SFT,obj1_farther,output/phasevar_5/0002_phA00_phB15.png,Is the magenta sphere farther from the camera than the black sphere? Answer with yes or no.,Yes,Yes,22.578125,20.265625,True
Zhoues/RoboRefer-2B-SFT,obj1_farther,output/phasevar_5/0002_phA01_phB00.png,Is the magenta sphere farther from the camera than the black sphere? Answer with yes or no.,Yes,Yes,22.40625,20.28125,True
Zhoues/RoboRefer-2B-SFT,obj1_farther,output/phasevar_5/0002_phA01_phB01.png,Is the magenta sphere farther from the camera than the black sphere? Answer with yes or no.,Yes,Yes,22.671875,20.3125,True
Zhoues/RoboRefer-2B-SFT,obj1_farther,output/phasevar_5/0002_phA01_phB02.png,Is the magenta sphere farther from the camera than the black sphere? Answer with yes or no.,Yes,Yes,22.171875,20.296875,True
Zhoues/RoboRefer-2B-SFT,obj1_farther,output/phasevar_5/0002_phA01_phB03.png,Is the magenta sphere farther from the camera than the black sphere? Answer with yes or no.,Yes,Yes,22.21875,20.390625,True
Zhoues/RoboRefer-2B-SFT,obj1_farther,output/phasevar_5/0002_phA01_phB04.png,Is the magenta sphere farther from the camera than the black sphere? Answer with yes or no.,Yes,Yes,22.328125,20.25,True
Zhoues/RoboRefer-2B-SFT,obj1_farther,output/phasevar_5/0002_phA01_phB05.png,Is the magenta sphere farther from the camera than the black sphere? Answer with yes or no.,Yes,Yes,22.28125,20.140625,True
Zhoues/RoboRefer-2B-SFT,obj1_farther,output/phasevar_5/0002_phA01_phB06.png,Is the magenta sphere farther from the camera than the black sphere? Answer with yes or no.,Yes,Yes,22.21875,20.40625,True
Zhoues/RoboRefer-2B-SFT,obj1_farther,output/phasevar_5/0002_phA01_phB07.png,Is the magenta sphere farther from the camera than the black sphere? Answer with yes or no.,Yes,Yes,22.734375,20.140625,True
Zhoues/RoboRefer-2B-SFT,obj1_farther,output/phasevar_5/0002_phA01_phB08.png,Is the magenta sphere farther from the camera than the black sphere? Answer with yes or no.,Yes,Yes,22.59375,20.3125,True
Zhoues/RoboRefer-2B-SFT,obj1_farther,output/phasevar_5/0002_phA01_phB09.png,Is the magenta sphere farther from the camera than the black sphere? Answer with yes or no.,Yes,Yes,22.5625,20.28125,True
Zhoues/RoboRefer-2B-SFT,obj1_farther,output/phasevar_5/0002_phA01_phB10.png,Is the magenta sphere farther from the camera than the black sphere? Answer with yes or no.,Yes,Yes,22.515625,20.25,True
Zhoues/RoboRefer-2B-SFT,obj1_farther,output/phasevar_5/0002_phA01_phB11.png,Is the magenta sphere farther from the camera than the black sphere? Answer with yes or no.,Yes,Yes,22.359375,20.109375,True
Zhoues/RoboRefer-2B-SFT,obj1_farther,output/phasevar_5/0002_phA01_phB12.png,Is the magenta sphere farther from the camera than the black sphere? Answer with yes or no.,Yes,Yes,22.3125,20.078125,True
Zhoues/RoboRefer-2B-SFT,obj1_farther,output/phasevar_5/0002_phA01_phB13.png,Is the magenta sphere farther from the camera than the black sphere? Answer with yes or no.,Yes,Yes,22.234375,20.34375,True
Zhoues/RoboRefer-2B-SFT,obj1_farther,output/phasevar_5/0002_phA01_phB14.png,Is the magenta sphere farther from the camera than the black sphere? Answer with yes or no.,Yes,Yes,22.40625,20.359375,True
Zhoues/RoboRefer-2B-SFT,obj1_farther,output/phasevar_5/0002_phA01_phB15.png,Is the magenta sphere farther from the camera than the black sphere? Answer with yes or no.,Yes,Yes,22.5,20.15625,True
Zhoues/RoboRefer-2B-SFT,obj1_farther,output/phasevar_5/0002_phA02_phB00.png,Is the magenta sphere farther from the camera than the black sphere? Answer with yes or no.,Yes,Yes,22.15625,20.375,True
Zhoues/RoboRefer-2B-SFT,obj1_farther,output/phasevar_5/0002_phA02_phB01.png,Is the magenta sphere farther from the camera than the black sphere? Answer with yes or no.,Yes,Yes,22.4375,20.40625,True
Zhoues/RoboRefer-2B-SFT,obj1_farther,output/phasevar_5/0002_phA02_phB02.png,Is the magenta sphere farther from the camera than the black sphere? Answer with yes or no.,Yes,Yes,22.0625,20.375,True
Zhoues/RoboRefer-2B-SFT,obj1_farther,output/phasevar_5/0002_phA02_phB03.png,Is the magenta sphere farther from the camera than the black sphere? Answer with yes or no.,Yes,Yes,22.109375,20.484375,True
Zhoues/RoboRefer-2B-SFT,obj1_farther,output/phasevar_5/0002_phA02_phB04.png,Is the magenta sphere farther from the camera than the black sphere? Answer with yes or no.,Yes,Yes,22.21875,20.328125,True
Zhoues/RoboRefer-2B-SFT,obj1_farther,output/phasevar_5/0002_phA02_phB05.png,Is the magenta sphere farther from the camera than the black sphere? Answer with yes or no.,Yes,Yes,22.359375,20.265625,True
Zhoues/RoboRefer-2B-SFT,obj1_farther,output/phasevar_5/0002_phA02_phB06.png,Is the magenta sphere farther from the camera than the black sphere? Answer with yes or no.,Yes,Yes,22.140625,20.421875,True
Zhoues/RoboRefer-2B-SFT,obj1_farther,output/phasevar_5/0002_phA02_phB07.png,Is the magenta sphere farther from the camera than the black sphere? Answer with yes or no.,Yes,Yes,22.65625,20.3125,True
Zhoues/RoboRefer-2B-SFT,obj1_farther,output/phasevar_5/0002_phA02_phB08.png,Is the magenta sphere farther from the camera than the black sphere? Answer with yes or no.,Yes,Yes,22.453125,20.421875,True
Zhoues/RoboRefer-2B-SFT,obj1_farther,output/phasevar_5/0002_phA02_phB09.png,Is the magenta sphere farther from the camera than the black sphere? Answer with yes or no.,Yes,Yes,22.484375,20.4375,True
Zhoues/RoboRefer-2B-SFT,obj1_farther,output/phasevar_5/0002_phA02_phB10.png,Is the magenta sphere farther from the camera than the black sphere? Answer with yes or no.,Yes,Yes,22.4375,20.4375,True
Zhoues/RoboRefer-2B-SFT,obj1_farther,output/phasevar_5/0002_phA02_phB11.png,Is the magenta sphere farther from the camera than the black sphere? Answer with yes or no.,Yes,Yes,22.1875,20.3125,True
Zhoues/RoboRefer-2B-SFT,obj1_farther,output/phasevar_5/0002_phA02_phB12.png,Is the magenta sphere farther from the camera than the black sphere? Answer with yes or no.,Yes,Yes,22.203125,20.203125,True
Zhoues/RoboRefer-2B-SFT,obj1_farther,output/phasevar_5/0002_phA02_phB13.png,Is the magenta sphere farther from the camera than the black sphere? Answer with yes or no.,Yes,Yes,22.109375,20.453125,True
Zhoues/RoboRefer-2B-SFT,obj1_farther,output/phasevar_5/0002_phA02_phB14.png,Is the magenta sphere farther from the camera than the black sphere? Answer with yes or no.,Yes,Yes,22.296875,20.4375,True
Zhoues/RoboRefer-2B-SFT,obj1_farther,output/phasevar_5/0002_phA02_phB15.png,Is the magenta sphere farther from the camera than the black sphere? Answer with yes or no.,Yes,Yes,22.328125,20.25,True
Zhoues/RoboRefer-2B-SFT,obj1_farther,output/phasevar_5/0002_phA03_phB00.png,Is the magenta sphere farther from the camera than the black sphere? Answer with yes or no.,Yes,Yes,22.28125,20.453125,True
Zhoues/RoboRefer-2B-SFT,obj1_farther,output/phasevar_5/0002_phA03_phB01.png,Is the magenta sphere farther from the camera than the black sphere? Answer with yes or no.,Yes,Yes,22.6875,20.390625,True
Zhoues/RoboRefer-2B-SFT,obj1_farther,output/phasevar_5/0002_phA03_phB02.png,Is the magenta sphere farther from the camera than the black sphere? Answer with yes or no.,Yes,Yes,22.296875,20.34375,True
Zhoues/RoboRefer-2B-SFT,obj1_farther,output/phasevar_5/0002_phA03_phB03.png,Is the magenta sphere farther from the camera than the black sphere? Answer with yes or no.,Yes,Yes,22.34375,20.5,True
Zhoues/RoboRefer-2B-SFT,obj1_farther,output/phasevar_5/0002_phA03_phB04.png,Is the magenta sphere farther from the camera than the black sphere? Answer with yes or no.,Yes,Yes,22.421875,20.453125,True
Zhoues/RoboRefer-2B-SFT,obj1_farther,output/phasevar_5/0002_phA03_phB05.png,Is the magenta sphere farther from the camera than the black sphere? Answer with yes or no.,Yes,Yes,22.5,20.359375,True
Zhoues/RoboRefer-2B-SFT,obj1_farther,output/phasevar_5/0002_phA03_phB06.png,Is the magenta sphere farther from the camera than the black sphere? Answer with yes or no.,Yes,Yes,22.359375,20.46875,True
Zhoues/RoboRefer-2B-SFT,obj1_farther,output/phasevar_5/0002_phA03_phB07.png,Is the magenta sphere farther from the camera than the black sphere? Answer with yes or no.,Yes,Yes,22.796875,20.28125,True
Zhoues/RoboRefer-2B-SFT,obj1_farther,output/phasevar_5/0002_phA03_phB08.png,Is the magenta sphere farther from the camera than the black sphere? Answer with yes or no.,Yes,Yes,22.609375,20.484375,True
Zhoues/RoboRefer-2B-SFT,obj1_farther,output/phasevar_5/0002_phA03_phB09.png,Is the magenta sphere farther from the camera than the black sphere? Answer with yes or no.,Yes,Yes,22.5625,20.40625,True
Zhoues/RoboRefer-2B-SFT,obj1_farther,output/phasevar_5/0002_phA03_phB10.png,Is the magenta sphere farther from the camera than the black sphere? Answer with yes or no.,Yes,Yes,22.546875,20.546875,True
Zhoues/RoboRefer-2B-SFT,obj1_farther,output/phasevar_5/0002_phA03_phB11.png,Is the magenta sphere farther from the camera than the black sphere? Answer with yes or no.,Yes,Yes,22.375,20.40625,True
Zhoues/RoboRefer-2B-SFT,obj1_farther,output/phasevar_5/0002_phA03_phB12.png,Is the magenta sphere farther from the camera than the black sphere? Answer with yes or no.,Yes,Yes,22.375,20.375,True
Zhoues/RoboRefer-2B-SFT,obj1_farther,output/phasevar_5/0002_phA03_phB13.png,Is the magenta sphere farther from the camera than the black sphere? Answer with yes or no.,Yes,Yes,22.3125,20.53125,True
Zhoues/RoboRefer-2B-SFT,obj1_farther,output/phasevar_5/0002_phA03_phB14.png,Is the magenta sphere farther from the camera than the black sphere? Answer with yes or no.,Yes,Yes,22.40625,20.5625,True
Zhoues/RoboRefer-2B-SFT,obj1_farther,output/phasevar_5/0002_phA03_phB15.png,Is the magenta sphere farther from the camera than the black sphere? Answer with yes or no.,Yes,Yes,22.46875,20.3125,True
Zhoues/RoboRefer-2B-SFT,obj1_farther,output/phasevar_5/0002_phA04_phB00.png,Is the magenta sphere farther from the camera than the black sphere? Answer with yes or no.,Yes,Yes,22.390625,20.4375,True
Zhoues/RoboRefer-2B-SFT,obj1_farther,output/phasevar_5/0002_phA04_phB01.png,Is the magenta sphere farther from the camera than the black sphere? Answer with yes or no.,Yes,Yes,22.6875,20.328125,True
Zhoues/RoboRefer-2B-SFT,obj1_farther,output/phasevar_5/0002_phA04_phB02.png,Is the magenta sphere farther from the camera than the black sphere? Answer with yes or no.,Yes,Yes,22.375,20.234375,True
Zhoues/RoboRefer-2B-SFT,obj1_farther,output/phasevar_5/0002_phA04_phB03.png,Is the magenta sphere farther from the camera than the black sphere? Answer with yes or no.,Yes,Yes,22.5,20.40625,True
Zhoues/RoboRefer-2B-SFT,obj1_farther,output/phasevar_5/0002_phA04_phB04.png,Is the magenta sphere farther from the camera than the black sphere? Answer with yes or no.,Yes,Yes,22.421875,20.4375,True
Zhoues/RoboRefer-2B-SFT,obj1_farther,output/phasevar_5/0002_phA04_phB05.png,Is the magenta sphere farther from the camera than the black sphere? Answer with yes or no.,Yes,Yes,22.609375,20.34375,True
Zhoues/RoboRefer-2B-SFT,obj1_farther,output/phasevar_5/0002_phA04_phB06.png,Is the magenta sphere farther from the camera than the black sphere? Answer with yes or no.,Yes,Yes,22.65625,20.375,True
Zhoues/RoboRefer-2B-SFT,obj1_farther,output/phasevar_5/0002_phA04_phB07.png,Is the magenta sphere farther from the camera than the black sphere? Answer with yes or no.,Yes,Yes,22.859375,20.1875,True
Zhoues/RoboRefer-2B-SFT,obj1_farther,output/phasevar_5/0002_phA04_phB08.png,Is the magenta sphere farther from the camera than the black sphere? Answer with yes or no.,Yes,Yes,22.703125,20.453125,True
Zhoues/RoboRefer-2B-SFT,obj1_farther,output/phasevar_5/0002_phA04_phB09.png,Is the magenta sphere farther from the camera than the black sphere? Answer with yes or no.,Yes,Yes,22.609375,20.328125,True
Zhoues/RoboRefer-2B-SFT,obj1_farther,output/phasevar_5/0002_phA04_phB10.png,Is the magenta sphere farther from the camera than the black sphere? Answer with yes or no.,Yes,Yes,22.609375,20.46875,True
Zhoues/RoboRefer-2B-SFT,obj1_farther,output/phasevar_5/0002_phA04_phB11.png,Is the magenta sphere farther from the camera than the black sphere? Answer with yes or no.,Yes,Yes,22.421875,20.4375,True
Zhoues/RoboRefer-2B-SFT,obj1_farther,output/phasevar_5/0002_phA04_phB12.png,Is the magenta sphere farther from the camera than the black sphere? Answer with yes or no.,Yes,Yes,22.359375,20.421875,True
Zhoues/RoboRefer-2B-SFT,obj1_farther,output/phasevar_5/0002_phA04_phB13.png,Is the magenta sphere farther from the camera than the black sphere? Answer with yes or no.,Yes,Yes,22.359375,20.515625,True
Zhoues/RoboRefer-2B-SFT,obj1_farther,output/phasevar_5/0002_phA04_phB14.png,Is the magenta sphere farther from the camera than the black sphere? Answer with yes or no.,Yes,Yes,22.46875,20.5625,True
Zhoues/RoboRefer-2B-SFT,obj1_farther,output/phasevar_5/0002_phA04_phB15.png,Is the magenta sphere farther from the camera than the black sphere? Answer with yes or no.,Yes,Yes,22.53125,20.328125,True
Zhoues/RoboRefer-2B-SFT,obj1_farther,output/phasevar_5/0002_phA05_phB00.png,Is the magenta sphere farther from the camera than the black sphere? Answer with yes or no.,Yes,Yes,22.234375,20.390625,True
Zhoues/RoboRefer-2B-SFT,obj1_farther,output/phasevar_5/0002_phA05_phB01.png,Is the magenta sphere farther from the camera than the black sphere? Answer with yes or no.,Yes,Yes,22.578125,20.34375,True
Zhoues/RoboRefer-2B-SFT,obj1_farther,output/phasevar_5/0002_phA05_phB02.png,Is the magenta sphere farther from the camera than the black sphere? Answer with yes or no.,Yes,Yes,22.28125,20.25,True
Zhoues/RoboRefer-2B-SFT,obj1_farther,output/phasevar_5/0002_phA05_phB03.png,Is the magenta sphere farther from the camera than the black sphere? Answer with yes or no.,Yes,Yes,22.4375,20.375,True
Zhoues/RoboRefer-2B-SFT,obj1_farther,output/phasevar_5/0002_phA05_phB04.png,Is the magenta sphere farther from the camera than the black sphere? Answer with yes or no.,Yes,Yes,22.390625,20.421875,True
Zhoues/RoboRefer-2B-SFT,obj1_farther,output/phasevar_5/0002_phA05_phB05.png,Is the magenta sphere farther from the camera than the black sphere? Answer with yes or no.,Yes,Yes,22.53125,20.390625,True
Zhoues/RoboRefer-2B-SFT,obj1_farther,output/phasevar_5/0002_phA05_phB06.png,Is the magenta sphere farther from the camera than the black sphere? Answer with yes or no.,Yes,Yes,22.421875,20.375,True
Zhoues/RoboRefer-2B-SFT,obj1_farther,output/phasevar_5/0002_phA05_phB07.png,Is the magenta sphere farther from the camera than the black sphere? Answer with yes or no.,Yes,Yes,22.703125,20.15625,True
Zhoues/RoboRefer-2B-SFT,obj1_farther,output/phasevar_5/0002_phA05_phB08.png,Is the magenta sphere farther from the camera than the black sphere? Answer with yes or no.,Yes,Yes,22.515625,20.421875,True
Zhoues/RoboRefer-2B-SFT,obj1_farther,output/phasevar_5/0002_phA05_phB09.png,Is the magenta sphere farther from the camera than the black sphere? Answer with yes or no.,Yes,Yes,22.453125,20.296875,True
Zhoues/RoboRefer-2B-SFT,obj1_farther,output/phasevar_5/0002_phA05_phB10.png,Is the magenta sphere farther from the camera than the black sphere? Answer with yes or no.,Yes,Yes,22.390625,20.46875,True
Zhoues/RoboRefer-2B-SFT,obj1_farther,output/phasevar_5/0002_phA05_phB11.png,Is the magenta sphere farther from the camera than the black sphere? Answer with yes or no.,Yes,Yes,22.265625,20.4375,True
Zhoues/RoboRefer-2B-SFT,obj1_farther,output/phasevar_5/0002_phA05_phB12.png,Is the magenta sphere farther from the camera than the black sphere? Answer with yes or no.,Yes,Yes,22.28125,20.328125,True
Zhoues/RoboRefer-2B-SFT,obj1_farther,output/phasevar_5/0002_phA05_phB13.png,Is the magenta sphere farther from the camera than the black sphere? Answer with yes or no.,Yes,Yes,22.3125,20.421875,True
Zhoues/RoboRefer-2B-SFT,obj1_farther,output/phasevar_5/0002_phA05_phB14.png,Is the magenta sphere farther from the camera than the black sphere? Answer with yes or no.,Yes,Yes,22.34375,20.515625,True
Zhoues/RoboRefer-2B-SFT,obj1_farther,output/phasevar_5/0002_phA05_phB15.png,Is the magenta sphere farther from the camera than the black sphere? Answer with yes or no.,Yes,Yes,22.40625,20.28125,True
Zhoues/RoboRefer-2B-SFT,obj1_farther,output/phasevar_5/0002_phA06_phB00.png,Is the magenta sphere farther from the camera than the black sphere? Answer with yes or no.,Yes,Yes,22.1875,20.265625,True
Zhoues/RoboRefer-2B-SFT,obj1_farther,output/phasevar_5/0002_phA06_phB01.png,Is the magenta sphere farther from the camera than the black sphere? Answer with yes or no.,Yes,Yes,22.46875,20.28125,True
Zhoues/RoboRefer-2B-SFT,obj1_farther,output/phasevar_5/0002_phA06_phB02.png,Is the magenta sphere farther from the camera than the black sphere? Answer with yes or no.,Yes,Yes,22.21875,20.234375,True
Zhoues/RoboRefer-2B-SFT,obj1_farther,output/phasevar_5/0002_phA06_phB03.png,Is the magenta sphere farther from the camera than the black sphere? Answer with yes or no.,Yes,Yes,22.3125,20.34375,True
Zhoues/RoboRefer-2B-SFT,obj1_farther,output/phasevar_5/0002_phA06_phB04.png,Is the magenta sphere farther from the camera than the black sphere? Answer with yes or no.,Yes,Yes,22.1875,20.25,True
Zhoues/RoboRefer-2B-SFT,obj1_farther,output/phasevar_5/0002_phA06_phB05.png,Is the magenta sphere farther from the camera than the black sphere? Answer with yes or no.,Yes,Yes,22.28125,20.328125,True
Zhoues/RoboRefer-2B-SFT,obj1_farther,output/phasevar_5/0002_phA06_phB06.png,Is the magenta sphere farther from the camera than the black sphere? Answer with yes or no.,Yes,Yes,22.25,20.375,True
Zhoues/RoboRefer-2B-SFT,obj1_farther,output/phasevar_5/0002_phA06_phB07.png,Is the magenta sphere farther from the camera than the black sphere? Answer with yes or no.,Yes,Yes,22.609375,20.203125,True
Zhoues/RoboRefer-2B-SFT,obj1_farther,output/phasevar_5/0002_phA06_phB08.png,Is the magenta sphere farther from the camera than the black sphere? Answer with yes or no.,Yes,Yes,22.375,20.34375,True
Zhoues/RoboRefer-2B-SFT,obj1_farther,output/phasevar_5/0002_phA06_phB09.png,Is the magenta sphere farther from the camera than the black sphere? Answer with yes or no.,Yes,Yes,22.3125,20.265625,True
Zhoues/RoboRefer-2B-SFT,obj1_farther,output/phasevar_5/0002_phA06_phB10.png,Is the magenta sphere farther from the camera than the black sphere? Answer with yes or no.,Yes,Yes,22.328125,20.390625,True
Zhoues/RoboRefer-2B-SFT,obj1_farther,output/phasevar_5/0002_phA06_phB11.png,Is the magenta sphere farther from the camera than the black sphere? Answer with yes or no.,Yes,Yes,22.125,20.359375,True
Zhoues/RoboRefer-2B-SFT,obj1_farther,output/phasevar_5/0002_phA06_phB12.png,Is the magenta sphere farther from the camera than the black sphere? Answer with yes or no.,Yes,Yes,22.125,20.171875,True
Zhoues/RoboRefer-2B-SFT,obj1_farther,output/phasevar_5/0002_phA06_phB13.png,Is the magenta sphere farther from the camera than the black sphere? Answer with yes or no.,Yes,Yes,22.234375,20.328125,True
Zhoues/RoboRefer-2B-SFT,obj1_farther,output/phasevar_5/0002_phA06_phB14.png,Is the magenta sphere farther from the camera than the black sphere? Answer with yes or no.,Yes,Yes,22.375,20.453125,True
Zhoues/RoboRefer-2B-SFT,obj1_farther,output/phasevar_5/0002_phA06_phB15.png,Is the magenta sphere farther from the camera than the black sphere? Answer with yes or no.,Yes,Yes,22.34375,20.203125,True
Zhoues/RoboRefer-2B-SFT,obj1_farther,output/phasevar_5/0002_phA07_phB00.png,Is the magenta sphere farther from the camera than the black sphere? Answer with yes or no.,Yes,Yes,22.46875,20.140625,True
Zhoues/RoboRefer-2B-SFT,obj1_farther,output/phasevar_5/0002_phA07_phB01.png,Is the magenta sphere farther from the camera than the black sphere? Answer with yes or no.,Yes,Yes,22.671875,20.140625,True
Zhoues/RoboRefer-2B-SFT,obj1_farther,output/phasevar_5/0002_phA07_phB02.png,Is the magenta sphere farther from the camera than the black sphere? Answer with yes or no.,Yes,Yes,22.328125,20.171875,True
Zhoues/RoboRefer-2B-SFT,obj1_farther,output/phasevar_5/0002_phA07_phB03.png,Is the magenta sphere farther from the camera than the black sphere? Answer with yes or no.,Yes,Yes,22.359375,20.25,True
Zhoues/RoboRefer-2B-SFT,obj1_farther,output/phasevar_5/0002_phA07_phB04.png,Is the magenta sphere farther from the camera than the black sphere? Answer with yes or no.,Yes,Yes,22.328125,20.171875,True
Zhoues/RoboRefer-2B-SFT,obj1_farther,output/phasevar_5/0002_phA07_phB05.png,Is the magenta sphere farther from the camera than the black sphere? Answer with yes or no.,Yes,Yes,22.328125,20.15625,True
Zhoues/RoboRefer-2B-SFT,obj1_farther,output/phasevar_5/0002_phA07_phB06.png,Is the magenta sphere farther from the camera than the black sphere? Answer with yes or no.,Yes,Yes,22.40625,20.3125,True
Zhoues/RoboRefer-2B-SFT,obj1_farther,output/phasevar_5/0002_phA07_phB07.png,Is the magenta sphere farther from the camera than the black sphere? Answer with yes or no.,Yes,Yes,22.796875,20.015625,True
Zhoues/RoboRefer-2B-SFT,obj1_farther,output/phasevar_5/0002_phA07_phB08.png,Is the magenta sphere farther from the camera than the black sphere? Answer with yes or no.,Yes,Yes,22.578125,20.15625,True
Zhoues/RoboRefer-2B-SFT,obj1_farther,output/phasevar_5/0002_phA07_phB09.png,Is the magenta sphere farther from the camera than the black sphere? Answer with yes or no.,Yes,Yes,22.546875,20.078125,True
Zhoues/RoboRefer-2B-SFT,obj1_farther,output/phasevar_5/0002_phA07_phB10.png,Is the magenta sphere farther from the camera than the black sphere? Answer with yes or no.,Yes,Yes,22.5,20.21875,True
Zhoues/RoboRefer-2B-SFT,obj1_farther,output/phasevar_5/0002_phA07_phB11.png,Is the magenta sphere farther from the camera than the black sphere? Answer with yes or no.,Yes,Yes,22.390625,20.15625,True
Zhoues/RoboRefer-2B-SFT,obj1_farther,output/phasevar_5/0002_phA07_phB12.png,Is the magenta sphere farther from the camera than the black sphere? Answer with yes or no.,Yes,Yes,22.34375,19.953125,True
Zhoues/RoboRefer-2B-SFT,obj1_farther,output/phasevar_5/0002_phA07_phB13.png,Is the magenta sphere farther from the camera than the black sphere? Answer with yes or no.,Yes,Yes,22.421875,20.125,True
Zhoues/RoboRefer-2B-SFT,obj1_farther,output/phasevar_5/0002_phA07_phB14.png,Is the magenta sphere farther from the camera than the black sphere? Answer with yes or no.,Yes,Yes,22.578125,20.21875,True
Zhoues/RoboRefer-2B-SFT,obj1_farther,output/phasevar_5/0002_phA07_phB15.png,Is the magenta sphere farther from the camera than the black sphere? Answer with yes or no.,Yes,Yes,22.5625,20.03125,True
Zhoues/RoboRefer-2B-SFT,obj1_farther,output/phasevar_5/0002_phA08_phB00.png,Is the magenta sphere farther from the camera than the black sphere? Answer with yes or no.,Yes,Yes,22.421875,20.171875,True
Zhoues/RoboRefer-2B-SFT,obj1_farther,output/phasevar_5/0002_phA08_phB01.png,Is the magenta sphere farther from the camera than the black sphere? Answer with yes or no.,Yes,Yes,22.640625,20.171875,True
Zhoues/RoboRefer-2B-SFT,obj1_farther,output/phasevar_5/0002_phA08_phB02.png,Is the magenta sphere farther from the camera than the black sphere? Answer with yes or no.,Yes,Yes,22.203125,20.140625,True
Zhoues/RoboRefer-2B-SFT,obj1_farther,output/phasevar_5/0002_phA08_phB03.png,Is the magenta sphere farther from the camera than the black sphere? Answer with yes or no.,Yes,Yes,22.359375,20.203125,True
Zhoues/RoboRefer-2B-SFT,obj1_farther,output/phasevar_5/0002_phA08_phB04.png,Is the magenta sphere farther from the camera than the black sphere? Answer with yes or no.,Yes,Yes,22.265625,20.15625,True
Zhoues/RoboRefer-2B-SFT,obj1_farther,output/phasevar_5/0002_phA08_phB05.png,Is the magenta sphere farther from the camera than the black sphere? Answer with yes or no.,Yes,Yes,22.296875,20.203125,True
Zhoues/RoboRefer-2B-SFT,obj1_farther,output/phasevar_5/0002_phA08_phB06.png,Is the magenta sphere farther from the camera than the black sphere? Answer with yes or no.,Yes,Yes,22.328125,20.1875,True
Zhoues/RoboRefer-2B-SFT,obj1_farther,output/phasevar_5/0002_phA08_phB07.png,Is the magenta sphere farther from the camera than the black sphere? Answer with yes or no.,Yes,Yes,22.765625,20.03125,True
Zhoues/RoboRefer-2B-SFT,obj1_farther,output/phasevar_5/0002_phA08_phB08.png,Is the magenta sphere farther from the camera than the black sphere? Answer with yes or no.,Yes,Yes,22.515625,20.140625,True
Zhoues/RoboRefer-2B-SFT,obj1_farther,output/phasevar_5/0002_phA08_phB09.png,Is the magenta sphere farther from the camera than the black sphere? Answer with yes or no.,Yes,Yes,22.546875,19.984375,True
Zhoues/RoboRefer-2B-SFT,obj1_farther,output/phasevar_5/0002_phA08_phB10.png,Is the magenta sphere farther from the camera than the black sphere? Answer with yes or no.,Yes,Yes,22.5,20.15625,True
Zhoues/RoboRefer-2B-SFT,obj1_farther,output/phasevar_5/0002_phA08_phB11.png,Is the magenta sphere farther from the camera than the black sphere? Answer with yes or no.,Yes,Yes,22.375,20.109375,True
Zhoues/RoboRefer-2B-SFT,obj1_farther,output/phasevar_5/0002_phA08_phB12.png,Is the magenta sphere farther from the camera than the black sphere? Answer with yes or no.,Yes,Yes,22.40625,19.859375,True
Zhoues/RoboRefer-2B-SFT,obj1_farther,output/phasevar_5/0002_phA08_phB13.png,Is the magenta sphere farther from the camera than the black sphere? Answer with yes or no.,Yes,Yes,22.515625,20.140625,True
Zhoues/RoboRefer-2B-SFT,obj1_farther,output/phasevar_5/0002_phA08_phB14.png,Is the magenta sphere farther from the camera than the black sphere? Answer with yes or no.,Yes,Yes,22.5625,20.1875,True
Zhoues/RoboRefer-2B-SFT,obj1_farther,output/phasevar_5/0002_phA08_phB15.png,Is the magenta sphere farther from the camera than the black sphere? Answer with yes or no.,Yes,Yes,22.53125,20.078125,True
Zhoues/RoboRefer-2B-SFT,obj1_farther,output/phasevar_5/0002_phA09_phB00.png,Is the magenta sphere farther from the camera than the black sphere? Answer with yes or no.,Yes,Yes,22.28125,20.171875,True
Zhoues/RoboRefer-2B-SFT,obj1_farther,output/phasevar_5/0002_phA09_phB01.png,Is the magenta sphere farther from the camera than the black sphere? Answer with yes or no.,Yes,Yes,22.515625,20.140625,True
Zhoues/RoboRefer-2B-SFT,obj1_farther,output/phasevar_5/0002_phA09_phB02.png,Is the magenta sphere farther from the camera than the black sphere? Answer with yes or no.,Yes,Yes,21.90625,20.0625,True
Zhoues/RoboRefer-2B-SFT,obj1_farther,output/phasevar_5/0002_phA09_phB03.png,Is the magenta sphere farther from the camera than the black sphere? Answer with yes or no.,Yes,Yes,22.265625,20.1875,True
Zhoues/RoboRefer-2B-SFT,obj1_farther,output/phasevar_5/0002_phA09_phB04.png,Is the magenta sphere farther from the camera than the black sphere? Answer with yes or no.,Yes,Yes,22.09375,20.109375,True
Zhoues/RoboRefer-2B-SFT,obj1_farther,output/phasevar_5/0002_phA09_phB05.png,Is the magenta sphere farther from the camera than the black sphere? Answer with yes or no.,Yes,Yes,22.1875,20.203125,True
Zhoues/RoboRefer-2B-SFT,obj1_farther,output/phasevar_5/0002_phA09_phB06.png,Is the magenta sphere farther from the camera than the black sphere? Answer with yes or no.,Yes,Yes,21.953125,20.203125,True
Zhoues/RoboRefer-2B-SFT,obj1_farther,output/phasevar_5/0002_phA09_phB07.png,Is the magenta sphere farther from the camera than the black sphere? Answer with yes or no.,Yes,Yes,22.671875,20.03125,True
Zhoues/RoboRefer-2B-SFT,obj1_farther,output/phasevar_5/0002_phA09_phB08.png,Is the magenta sphere farther from the camera than the black sphere? Answer with yes or no.,Yes,Yes,22.546875,20.078125,True
Zhoues/RoboRefer-2B-SFT,obj1_farther,output/phasevar_5/0002_phA09_phB09.png,Is the magenta sphere farther from the camera than the black sphere? Answer with yes or no.,Yes,Yes,22.421875,20.03125,True
Zhoues/RoboRefer-2B-SFT,obj1_farther,output/phasevar_5/0002_phA09_phB10.png,Is the magenta sphere farther from the camera than the black sphere? Answer with yes or no.,Yes,Yes,22.375,20.125,True
Zhoues/RoboRefer-2B-SFT,obj1_farther,output/phasevar_5/0002_phA09_phB11.png,Is the magenta sphere farther from the camera than the black sphere? Answer with yes or no.,Yes,Yes,22.25,20.0625,True
Zhoues/RoboRefer-2B-SFT,obj1_farther,output/phasevar_5/0002_phA09_phB12.png,Is the magenta sphere farther from the camera than the black sphere? Answer with yes or no.,Yes,Yes,22.328125,19.78125,True
Zhoues/RoboRefer-2B-SFT,obj1_farther,output/phasevar_5/0002_phA09_phB13.png,Is the magenta sphere farther from the camera than the black sphere? Answer with yes or no.,Yes,Yes,22.421875,20.03125,True
Zhoues/RoboRefer-2B-SFT,obj1_farther,output/phasevar_5/0002_phA09_phB14.png,Is the magenta sphere farther from the camera than the black sphere? Answer with yes or no.,Yes,Yes,22.53125,20.15625,True
Zhoues/RoboRefer-2B-SFT,obj1_farther,output/phasevar_5/0002_phA09_phB15.png,Is the magenta sphere farther from the camera than the black sphere? Answer with yes or no.,Yes,Yes,22.4375,20.046875,True
Zhoues/RoboRefer-2B-SFT,obj1_farther,output/phasevar_5/0002_phA10_phB00.png,Is the magenta sphere farther from the camera than the black sphere? Answer with yes or no.,Yes,Yes,21.8125,20.140625,True
Zhoues/RoboRefer-2B-SFT,obj1_farther,output/phasevar_5/0002_phA10_phB01.png,Is the magenta sphere farther from the camera than the black sphere? Answer with yes or no.,Yes,Yes,22.203125,20.109375,True
Zhoues/RoboRefer-2B-SFT,obj1_farther,output/phasevar_5/0002_phA10_phB02.png,Is the magenta sphere farther from the camera than the black sphere? Answer with yes or no.,Yes,Yes,21.796875,20.109375,True
Zhoues/RoboRefer-2B-SFT,obj1_farther,output/phasevar_5/0002_phA10_phB03.png,Is the magenta sphere farther from the camera than the black sphere? Answer with yes or no.,Yes,Yes,22.09375,20.171875,True
Zhoues/RoboRefer-2B-SFT,obj1_farther,output/phasevar_5/0002_phA10_phB04.png,Is the magenta sphere farther from the camera than the black sphere? Answer with yes or no.,Yes,Yes,21.90625,20.125,True
Zhoues/RoboRefer-2B-SFT,obj1_farther,output/phasevar_5/0002_phA10_phB05.png,Is the magenta sphere farther from the camera than the black sphere? Answer with yes or no.,Yes,Yes,22.015625,20.125,True
Zhoues/RoboRefer-2B-SFT,obj1_farther,output/phasevar_5/0002_phA10_phB06.png,Is the magenta sphere farther from the camera than the black sphere? Answer with yes or no.,Yes,Yes,21.25,20.140625,True
Zhoues/RoboRefer-2B-SFT,obj1_farther,output/phasevar_5/0002_phA10_phB07.png,Is the magenta sphere farther from the camera than the black sphere? Answer with yes or no.,Yes,Yes,22.4375,20.109375,True
Zhoues/RoboRefer-2B-SFT,obj1_farther,output/phasevar_5/0002_phA10_phB08.png,Is the magenta sphere farther from the camera than the black sphere? Answer with yes or no.,Yes,Yes,22.203125,20.140625,True
Zhoues/RoboRefer-2B-SFT,obj1_farther,output/phasevar_5/0002_phA10_phB09.png,Is the magenta sphere farther from the camera than the black sphere? Answer with yes or no.,Yes,Yes,21.75,20.203125,True
Zhoues/RoboRefer-2B-SFT,obj1_farther,output/phasevar_5/0002_phA10_phB10.png,Is the magenta sphere farther from the camera than the black sphere? Answer with yes or no.,Yes,Yes,22.3125,20.109375,True
Zhoues/RoboRefer-2B-SFT,obj1_farther,output/phasevar_5/0002_phA10_phB11.png,Is the magenta sphere farther from the camera than the black sphere? Answer with yes or no.,Yes,Yes,22.21875,20.0,True
Zhoues/RoboRefer-2B-SFT,obj1_farther,output/phasevar_5/0002_phA10_phB12.png,Is the magenta sphere farther from the camera than the black sphere? Answer with yes or no.,Yes,Yes,22.3125,19.71875,True
Zhoues/RoboRefer-2B-SFT,obj1_farther,output/phasevar_5/0002_phA10_phB13.png,Is the magenta sphere farther from the camera than the black sphere? Answer with yes or no.,Yes,Yes,22.46875,20.0,True
Zhoues/RoboRefer-2B-SFT,obj1_farther,output/phasevar_5/0002_phA10_phB14.png,Is the magenta sphere farther from the camera than the black sphere? Answer with yes or no.,Yes,Yes,22.578125,20.046875,True
Zhoues/RoboRefer-2B-SFT,obj1_farther,output/phasevar_5/0002_phA10_phB15.png,Is the magenta sphere farther from the camera than the black sphere? Answer with yes or no.,Yes,Yes,22.15625,20.015625,True
Zhoues/RoboRefer-2B-SFT,obj1_farther,output/phasevar_5/0002_phA11_phB00.png,Is the magenta sphere farther from the camera than the black sphere? Answer with yes or no.,Yes,Yes,21.984375,20.21875,True
Zhoues/RoboRefer-2B-SFT,obj1_farther,output/phasevar_5/0002_phA11_phB01.png,Is the magenta sphere farther from the camera than the black sphere? Answer with yes or no.,Yes,Yes,22.265625,20.15625,True
Zhoues/RoboRefer-2B-SFT,obj1_farther,output/phasevar_5/0002_phA11_phB02.png,Is the magenta sphere farther from the camera than the black sphere? Answer with yes or no.,Yes,Yes,21.921875,20.15625,True
Zhoues/RoboRefer-2B-SFT,obj1_farther,output/phasevar_5/0002_phA11_phB03.png,Is the magenta sphere farther from the camera than the black sphere? Answer with yes or no.,Yes,Yes,22.1875,20.28125,True
Zhoues/RoboRefer-2B-SFT,obj1_farther,output/phasevar_5/0002_phA11_phB04.png,Is the magenta sphere farther from the camera than the black sphere? Answer with yes or no.,Yes,Yes,22.0625,20.1875,True
Zhoues/RoboRefer-2B-SFT,obj1_farther,output/phasevar_5/0002_phA11_phB05.png,Is the magenta sphere farther from the camera than the black sphere? Answer with yes or no.,Yes,Yes,22.09375,20.109375,True
Zhoues/RoboRefer-2B-SFT,obj1_farther,output/phasevar_5/0002_phA11_phB06.png,Is the magenta sphere farther from the camera than the black sphere? Answer with yes or no.,Yes,Yes,21.671875,20.328125,True
Zhoues/RoboRefer-2B-SFT,obj1_farther,output/phasevar_5/0002_phA11_phB07.png,Is the magenta sphere farther from the camera than the black sphere? Answer with yes or no.,Yes,Yes,22.5,20.046875,True
Zhoues/RoboRefer-2B-SFT,obj1_farther,output/phasevar_5/0002_phA11_phB08.png,Is the magenta sphere farther from the camera than the black sphere? Answer with yes or no.,Yes,Yes,22.359375,20.125,True
Zhoues/RoboRefer-2B-SFT,obj1_farther,output/phasevar_5/0002_phA11_phB09.png,Is the magenta sphere farther from the camera than the black sphere? Answer with yes or no.,Yes,Yes,21.875,20.25,True
Zhoues/RoboRefer-2B-SFT,obj1_farther,output/phasevar_5/0002_phA11_phB10.png,Is the magenta sphere farther from the camera than the black sphere? Answer with yes or no.,Yes,Yes,22.359375,20.109375,True
Zhoues/RoboRefer-2B-SFT,obj1_farther,output/phasevar_5/0002_phA11_phB11.png,Is the magenta sphere farther from the camera than the black sphere? Answer with yes or no.,Yes,Yes,22.328125,20.203125,True
Zhoues/RoboRefer-2B-SFT,obj1_farther,output/phasevar_5/0002_phA11_phB12.png,Is the magenta sphere farther from the camera than the black sphere? Answer with yes or no.,Yes,Yes,22.453125,19.96875,True
Zhoues/RoboRefer-2B-SFT,obj1_farther,output/phasevar_5/0002_phA11_phB13.png,Is the magenta sphere farther from the camera than the black sphere? Answer with yes or no.,Yes,Yes,22.578125,20.265625,True
Zhoues/RoboRefer-2B-SFT,obj1_farther,output/phasevar_5/0002_phA11_phB14.png,Is the magenta sphere farther from the camera than the black sphere? Answer with yes or no.,Yes,Yes,22.546875,20.1875,True
Zhoues/RoboRefer-2B-SFT,obj1_farther,output/phasevar_5/0002_phA11_phB15.png,Is the magenta sphere farther from the camera than the black sphere? Answer with yes or no.,Yes,Yes,22.25,20.078125,True
Zhoues/RoboRefer-2B-SFT,obj1_farther,output/phasevar_5/0002_phA12_phB00.png,Is the magenta sphere farther from the camera than the black sphere? Answer with yes or no.,Yes,Yes,22.109375,20.4375,True
Zhoues/RoboRefer-2B-SFT,obj1_farther,output/phasevar_5/0002_phA12_phB01.png,Is the magenta sphere farther from the camera than the black sphere? Answer with yes or no.,Yes,Yes,22.4375,20.328125,True
Zhoues/RoboRefer-2B-SFT,obj1_farther,output/phasevar_5/0002_phA12_phB02.png,Is the magenta sphere farther from the camera than the black sphere? Answer with yes or no.,Yes,Yes,22.078125,20.375,True
Zhoues/RoboRefer-2B-SFT,obj1_farther,output/phasevar_5/0002_phA12_phB03.png,Is the magenta sphere farther from the camera than the black sphere? Answer with yes or no.,Yes,Yes,22.34375,20.4375,True
Zhoues/RoboRefer-2B-SFT,obj1_farther,output/phasevar_5/0002_phA12_phB04.png,Is the magenta sphere farther from the camera than the black sphere? Answer with yes or no.,Yes,Yes,22.265625,20.375,True
Zhoues/RoboRefer-2B-SFT,obj1_farther,output/phasevar_5/0002_phA12_phB05.png,Is the magenta sphere farther from the camera than the black sphere? Answer with yes or no.,Yes,Yes,22.234375,20.21875,True
Zhoues/RoboRefer-2B-SFT,obj1_farther,output/phasevar_5/0002_phA12_phB06.png,Is the magenta sphere farther from the camera than the black sphere? Answer with yes or no.,Yes,Yes,21.5,20.484375,True
Zhoues/RoboRefer-2B-SFT,obj1_farther,output/phasevar_5/0002_phA12_phB07.png,Is the magenta sphere farther from the camera than the black sphere? Answer with yes or no.,Yes,Yes,22.578125,20.1875,True
Zhoues/RoboRefer-2B-SFT,obj1_farther,output/phasevar_5/0002_phA12_phB08.png,Is the magenta sphere farther from the camera than the black sphere? Answer with yes or no.,Yes,Yes,22.375,20.3125,True
Zhoues/RoboRefer-2B-SFT,obj1_farther,output/phasevar_5/0002_phA12_phB09.png,Is the magenta sphere farther from the camera than the black sphere? Answer with yes or no.,Yes,Yes,21.71875,20.421875,True
Zhoues/RoboRefer-2B-SFT,obj1_farther,output/phasevar_5/0002_phA12_phB10.png,Is the magenta sphere farther from the camera than the black sphere? Answer with yes or no.,Yes,Yes,22.46875,20.28125,True
Zhoues/RoboRefer-2B-SFT,obj1_farther,output/phasevar_5/0002_phA12_phB11.png,Is the magenta sphere farther from the camera than the black sphere? Answer with yes or no.,Yes,Yes,22.5,20.359375,True
Zhoues/RoboRefer-2B-SFT,obj1_farther,output/phasevar_5/0002_phA12_phB12.png,Is the magenta sphere farther from the camera than the black sphere? Answer with yes or no.,Yes,Yes,22.515625,20.265625,True
Zhoues/RoboRefer-2B-SFT,obj1_farther,output/phasevar_5/0002_phA12_phB13.png,Is the magenta sphere farther from the camera than the black sphere? Answer with yes or no.,Yes,Yes,22.671875,20.546875,True
Zhoues/RoboRefer-2B-SFT,obj1_farther,output/phasevar_5/0002_phA12_phB14.png,Is the magenta sphere farther from the camera than the black sphere? Answer with yes or no.,Yes,Yes,22.59375,20.3125,True
Zhoues/RoboRefer-2B-SFT,obj1_farther,output/phasevar_5/0002_phA12_phB15.png,Is the magenta sphere farther from the camera than the black sphere? Answer with yes or no.,Yes,Yes,22.140625,20.359375,True
Zhoues/RoboRefer-2B-SFT,obj1_farther,output/phasevar_5/0002_phA13_phB00.png,Is the magenta sphere farther from the camera than the black sphere? Answer with yes or no.,Yes,Yes,21.765625,20.375,True
Zhoues/RoboRefer-2B-SFT,obj1_farther,output/phasevar_5/0002_phA13_phB01.png,Is the magenta sphere farther from the camera than the black sphere? Answer with yes or no.,Yes,Yes,22.046875,20.28125,True
Zhoues/RoboRefer-2B-SFT,obj1_farther,output/phasevar_5/0002_phA13_phB02.png,Is the magenta sphere farther from the camera than the black sphere? Answer with yes or no.,Yes,Yes,21.734375,20.375,True
Zhoues/RoboRefer-2B-SFT,obj1_farther,output/phasevar_5/0002_phA13_phB03.png,Is the magenta sphere farther from the camera than the black sphere? Answer with yes or no.,Yes,Yes,22.140625,20.484375,True
Zhoues/RoboRefer-2B-SFT,obj1_farther,output/phasevar_5/0002_phA13_phB04.png,Is the magenta sphere farther from the camera than the black sphere? Answer with yes or no.,Yes,Yes,21.984375,20.421875,True
Zhoues/RoboRefer-2B-SFT,obj1_farther,output/phasevar_5/0002_phA13_phB05.png,Is the magenta sphere farther from the camera than the black sphere? Answer with yes or no.,Yes,Yes,22.046875,20.34375,True
Zhoues/RoboRefer-2B-SFT,obj1_farther,output/phasevar_5/0002_phA13_phB06.png,Is the magenta sphere farther from the camera than the black sphere? Answer with yes or no.,Yes,Yes,21.296875,20.375,True
Zhoues/RoboRefer-2B-SFT,obj1_farther,output/phasevar_5/0002_phA13_phB07.png,Is the magenta sphere farther from the camera than the black sphere? Answer with yes or no.,Yes,Yes,22.328125,20.296875,True
Zhoues/RoboRefer-2B-SFT,obj1_farther,output/phasevar_5/0002_phA13_phB08.png,Is the magenta sphere farther from the camera than the black sphere? Answer with yes or no.,Yes,Yes,22.078125,20.375,True
Zhoues/RoboRefer-2B-SFT,obj1_farther,output/phasevar_5/0002_phA13_phB09.png,Is the magenta sphere farther from the camera than the black sphere? Answer with yes or no.,Yes,Yes,22.078125,20.46875,True
Zhoues/RoboRefer-2B-SFT,obj1_farther,output/phasevar_5/0002_phA13_phB10.png,Is the magenta sphere farther from the camera than the black sphere? Answer with yes or no.,Yes,Yes,22.421875,20.296875,True
Zhoues/RoboRefer-2B-SFT,obj1_farther,output/phasevar_5/0002_phA13_phB11.png,Is the magenta sphere farther from the camera than the black sphere? Answer with yes or no.,Yes,Yes,22.40625,20.40625,True
Zhoues/RoboRefer-2B-SFT,obj1_farther,output/phasevar_5/0002_phA13_phB12.png,Is the magenta sphere farther from the camera than the black sphere? Answer with yes or no.,Yes,Yes,22.453125,20.25,True
Zhoues/RoboRefer-2B-SFT,obj1_farther,output/phasevar_5/0002_phA13_phB13.png,Is the magenta sphere farther from the camera than the black sphere? Answer with yes or no.,Yes,Yes,22.40625,20.625,True
Zhoues/RoboRefer-2B-SFT,obj1_farther,output/phasevar_5/0002_phA13_phB14.png,Is the magenta sphere farther from the camera than the black sphere? Answer with yes or no.,Yes,Yes,22.421875,20.28125,True
Zhoues/RoboRefer-2B-SFT,obj1_farther,output/phasevar_5/0002_phA13_phB15.png,Is the magenta sphere farther from the camera than the black sphere? Answer with yes or no.,Yes,Yes,21.421875,20.296875,True
Zhoues/RoboRefer-2B-SFT,obj1_farther,output/phasevar_5/0002_phA14_phB00.png,Is the magenta sphere farther from the camera than the black sphere? Answer with yes or no.,Yes,Yes,21.65625,20.359375,True
Zhoues/RoboRefer-2B-SFT,obj1_farther,output/phasevar_5/0002_phA14_phB01.png,Is the magenta sphere farther from the camera than the black sphere? Answer with yes or no.,Yes,Yes,21.96875,20.375,True
Zhoues/RoboRefer-2B-SFT,obj1_farther,output/phasevar_5/0002_phA14_phB02.png,Is the magenta sphere farther from the camera than the black sphere? Answer with yes or no.,Yes,Yes,21.4375,20.28125,True
Zhoues/RoboRefer-2B-SFT,obj1_farther,output/phasevar_5/0002_phA14_phB03.png,Is the magenta sphere farther from the camera than the black sphere? Answer with yes or no.,Yes,Yes,21.6875,20.453125,True
Zhoues/RoboRefer-2B-SFT,obj1_farther,output/phasevar_5/0002_phA14_phB04.png,Is the magenta sphere farther from the camera than the black sphere? Answer with yes or no.,Yes,Yes,21.765625,20.28125,True
Zhoues/RoboRefer-2B-SFT,obj1_farther,output/phasevar_5/0002_phA14_phB05.png,Is the magenta sphere farther from the camera than the black sphere? Answer with yes or no.,Yes,Yes,21.765625,20.296875,True
Zhoues/RoboRefer-2B-SFT,obj1_farther,output/phasevar_5/0002_phA14_phB06.png,Is the magenta sphere farther from the camera than the black sphere? Answer with yes or no.,Yes,Yes,20.859375,20.140625,True
Zhoues/RoboRefer-2B-SFT,obj1_farther,output/phasevar_5/0002_phA14_phB07.png,Is the magenta sphere farther from the camera than the black sphere? Answer with yes or no.,Yes,Yes,22.015625,20.375,True
Zhoues/RoboRefer-2B-SFT,obj1_farther,output/phasevar_5/0002_phA14_phB08.png,Is the magenta sphere farther from the camera than the black sphere? Answer with yes or no.,Yes,Yes,21.515625,20.34375,True
Zhoues/RoboRefer-2B-SFT,obj1_farther,output/phasevar_5/0002_phA14_phB09.png,Is the magenta sphere farther from the camera than the black sphere? Answer with yes or no.,Yes,Yes,21.984375,20.46875,True
Zhoues/RoboRefer-2B-SFT,obj1_farther,output/phasevar_5/0002_phA14_phB10.png,Is the magenta sphere farther from the camera than the black sphere? Answer with yes or no.,Yes,Yes,22.25,20.28125,True
Zhoues/RoboRefer-2B-SFT,obj1_farther,output/phasevar_5/0002_phA14_phB11.png,Is the magenta sphere farther from the camera than the black sphere? Answer with yes or no.,Yes,Yes,22.234375,20.3125,True
Zhoues/RoboRefer-2B-SFT,obj1_farther,output/phasevar_5/0002_phA14_phB12.png,Is the magenta sphere farther from the camera than the black sphere? Answer with yes or no.,Yes,Yes,22.265625,20.171875,True
Zhoues/RoboRefer-2B-SFT,obj1_farther,output/phasevar_5/0002_phA14_phB13.png,Is the magenta sphere farther from the camera than the black sphere? Answer with yes or no.,Yes,Yes,22.265625,20.578125,True
Zhoues/RoboRefer-2B-SFT,obj1_farther,output/phasevar_5/0002_phA14_phB14.png,Is the magenta sphere farther from the camera than the black sphere? Answer with yes or no.,Yes,Yes,22.34375,20.3125,True
Zhoues/RoboRefer-2B-SFT,obj1_farther,output/phasevar_5/0002_phA14_phB15.png,Is the magenta sphere farther from the camera than the black sphere? Answer with yes or no.,Yes,Yes,21.421875,20.296875,True
Zhoues/RoboRefer-2B-SFT,obj1_farther,output/phasevar_5/0002_phA15_phB00.png,Is the magenta sphere farther from the camera than the black sphere? Answer with yes or no.,Yes,Yes,22.53125,20.484375,True
Zhoues/RoboRefer-2B-SFT,obj1_farther,output/phasevar_5/0002_phA15_phB01.png,Is the magenta sphere farther from the camera than the black sphere? Answer with yes or no.,Yes,Yes,22.59375,20.453125,True
Zhoues/RoboRefer-2B-SFT,obj1_farther,output/phasevar_5/0002_phA15_phB02.png,Is the magenta sphere farther from the camera than the black sphere? Answer with yes or no.,Yes,Yes,22.234375,20.34375,True
Zhoues/RoboRefer-2B-SFT,obj1_farther,output/phasevar_5/0002_phA15_phB03.png,Is the magenta sphere farther from the camera than the black sphere? Answer with yes or no.,Yes,Yes,22.125,20.484375,True
Zhoues/RoboRefer-2B-SFT,obj1_farther,output/phasevar_5/0002_phA15_phB04.png,Is the magenta sphere farther from the camera than the black sphere? Answer with yes or no.,Yes,Yes,22.234375,20.28125,True
Zhoues/RoboRefer-2B-SFT,obj1_farther,output/phasevar_5/0002_phA15_phB05.png,Is the magenta sphere farther from the camera than the black sphere? Answer with yes or no.,Yes,Yes,22.265625,20.234375,True
Zhoues/RoboRefer-2B-SFT,obj1_farther,output/phasevar_5/0002_phA15_phB06.png,Is the magenta sphere farther from the camera than the black sphere? Answer with yes or no.,Yes,Yes,22.0625,20.515625,True
Zhoues/RoboRefer-2B-SFT,obj1_farther,output/phasevar_5/0002_phA15_phB07.png,Is the magenta sphere farther from the camera than the black sphere? Answer with yes or no.,Yes,Yes,22.671875,20.328125,True
Zhoues/RoboRefer-2B-SFT,obj1_farther,output/phasevar_5/0002_phA15_phB08.png,Is the magenta sphere farther from the camera than the black sphere? Answer with yes or no.,Yes,Yes,22.546875,20.53125,True
Zhoues/RoboRefer-2B-SFT,obj1_farther,output/phasevar_5/0002_phA15_phB09.png,Is the magenta sphere farther from the camera than the black sphere? Answer with yes or no.,Yes,Yes,22.609375,20.5,True
Zhoues/RoboRefer-2B-SFT,obj1_farther,output/phasevar_5/0002_phA15_phB10.png,Is the magenta sphere farther from the camera than the black sphere? Answer with yes or no.,Yes,Yes,22.640625,20.34375,True
Zhoues/RoboRefer-2B-SFT,obj1_farther,output/phasevar_5/0002_phA15_phB11.png,Is the magenta sphere farther from the camera than the black sphere? Answer with yes or no.,Yes,Yes,22.421875,20.34375,True
Zhoues/RoboRefer-2B-SFT,obj1_farther,output/phasevar_5/0002_phA15_phB12.png,Is the magenta sphere farther from the camera than the black sphere? Answer with yes or no.,Yes,Yes,22.453125,20.21875,True
Zhoues/RoboRefer-2B-SFT,obj1_farther,output/phasevar_5/0002_phA15_phB13.png,Is the magenta sphere farther from the camera than the black sphere? Answer with yes or no.,Yes,Yes,22.40625,20.53125,True
Zhoues/RoboRefer-2B-SFT,obj1_farther,output/phasevar_5/0002_phA15_phB14.png,Is the magenta sphere farther from the camera than the black sphere? Answer with yes or no.,Yes,Yes,22.578125,20.453125,True
Zhoues/RoboRefer-2B-SFT,obj1_farther,output/phasevar_5/0002_phA15_phB15.png,Is the magenta sphere farther from the camera than the black sphere? Answer with yes or no.,Yes,Yes,22.734375,20.375,True
Zhoues/RoboRefer-2B-SFT,obj1_farther,output/phasevar_5/0003_phA00_phB00.png,Is the black sphere farther from the camera than the blue sphere? Answer with yes or no.,Yes,Yes,23.125,20.359375,True
Zhoues/RoboRefer-2B-SFT,obj1_farther,output/phasevar_5/0003_phA00_phB01.png,Is the black sphere farther from the camera than the blue sphere? Answer with yes or no.,Yes,Yes,22.484375,20.359375,True
Zhoues/RoboRefer-2B-SFT,obj1_farther,output/phasevar_5/0003_phA00_phB02.png,Is the black sphere farther from the camera than the blue sphere? Answer with yes or no.,Yes,Yes,21.953125,20.34375,True
Zhoues/RoboRefer-2B-SFT,obj1_farther,output/phasevar_5/0003_phA00_phB03.png,Is the black sphere farther from the camera than the blue sphere? Answer with yes or no.,Yes,Yes,22.140625,20.296875,True
Zhoues/RoboRefer-2B-SFT,obj1_farther,output/phasevar_5/0003_phA00_phB04.png,Is the black sphere farther from the camera than the blue sphere? Answer with yes or no.,Yes,Yes,22.296875,20.140625,True
Zhoues/RoboRefer-2B-SFT,obj1_farther,output/phasevar_5/0003_phA00_phB05.png,Is the black sphere farther from the camera than the blue sphere? Answer with yes or no.,Yes,Yes,22.53125,19.875,True
Zhoues/RoboRefer-2B-SFT,obj1_farther,output/phasevar_5/0003_phA00_phB06.png,Is the black sphere farther from the camera than the blue sphere? Answer with yes or no.,Yes,Yes,22.40625,19.90625,True
Zhoues/RoboRefer-2B-SFT,obj1_farther,output/phasevar_5/0003_phA00_phB07.png,Is the black sphere farther from the camera than the blue sphere? Answer with yes or no.,Yes,Yes,22.75,20.078125,True
Zhoues/RoboRefer-2B-SFT,obj1_farther,output/phasevar_5/0003_phA00_phB08.png,Is the black sphere farther from the camera than the blue sphere? Answer with yes or no.,Yes,Yes,22.921875,20.265625,True
Zhoues/RoboRefer-2B-SFT,obj1_farther,output/phasevar_5/0003_phA00_phB09.png,Is the black sphere farther from the camera than the blue sphere? Answer with yes or no.,Yes,Yes,22.71875,20.28125,True
Zhoues/RoboRefer-2B-SFT,obj1_farther,output/phasevar_5/0003_phA00_phB10.png,Is the black sphere farther from the camera than the blue sphere? Answer with yes or no.,Yes,Yes,22.6875,20.28125,True
Zhoues/RoboRefer-2B-SFT,obj1_farther,output/phasevar_5/0003_phA00_phB11.png,Is the black sphere farther from the camera than the blue sphere? Answer with yes or no.,Yes,Yes,22.375,19.953125,True
Zhoues/RoboRefer-2B-SFT,obj1_farther,output/phasevar_5/0003_phA00_phB12.png,Is the black sphere farther from the camera than the blue sphere? Answer with yes or no.,Yes,Yes,22.4375,20.15625,True
Zhoues/RoboRefer-2B-SFT,obj1_farther,output/phasevar_5/0003_phA00_phB13.png,Is the black sphere farther from the camera than the blue sphere? Answer with yes or no.,Yes,Yes,22.40625,20.28125,True
Zhoues/RoboRefer-2B-SFT,obj1_farther,output/phasevar_5/0003_phA00_phB14.png,Is the black sphere farther from the camera than the blue sphere? Answer with yes or no.,Yes,Yes,22.53125,20.359375,True
Zhoues/RoboRefer-2B-SFT,obj1_farther,output/phasevar_5/0003_phA00_phB15.png,Is the black sphere farther from the camera than the blue sphere? Answer with yes or no.,Yes,Yes,22.984375,20.265625,True
Zhoues/RoboRefer-2B-SFT,obj1_farther,output/phasevar_5/0003_phA01_phB00.png,Is the black sphere farther from the camera than the blue sphere? Answer with yes or no.,Yes,Yes,23.109375,20.359375,True
Zhoues/RoboRefer-2B-SFT,obj1_farther,output/phasevar_5/0003_phA01_phB01.png,Is the black sphere farther from the camera than the blue sphere? Answer with yes or no.,Yes,Yes,22.5625,20.40625,True
Zhoues/RoboRefer-2B-SFT,obj1_farther,output/phasevar_5/0003_phA01_phB02.png,Is the black sphere farther from the camera than the blue sphere? Answer with yes or no.,Yes,Yes,21.953125,20.3125,True
Zhoues/RoboRefer-2B-SFT,obj1_farther,output/phasevar_5/0003_phA01_phB03.png,Is the black sphere farther from the camera than the blue sphere? Answer with yes or no.,Yes,Yes,22.15625,20.328125,True
Zhoues/RoboRefer-2B-SFT,obj1_farther,output/phasevar_5/0003_phA01_phB04.png,Is the black sphere farther from the camera than the blue sphere? Answer with yes or no.,Yes,Yes,22.328125,20.171875,True
Zhoues/RoboRefer-2B-SFT,obj1_farther,output/phasevar_5/0003_phA01_phB05.png,Is the black sphere farther from the camera than the blue sphere? Answer with yes or no.,Yes,Yes,22.53125,19.921875,True
Zhoues/RoboRefer-2B-SFT,obj1_farther,output/phasevar_5/0003_phA01_phB06.png,Is the black sphere farther from the camera than the blue sphere? Answer with yes or no.,Yes,Yes,22.4375,20.0,True
Zhoues/RoboRefer-2B-SFT,obj1_farther,output/phasevar_5/0003_phA01_phB07.png,Is the black sphere farther from the camera than the blue sphere? Answer with yes or no.,Yes,Yes,22.75,20.171875,True
Zhoues/RoboRefer-2B-SFT,obj1_farther,output/phasevar_5/0003_phA01_phB08.png,Is the black sphere farther from the camera than the blue sphere? Answer with yes or no.,Yes,Yes,22.9375,20.265625,True
Zhoues/RoboRefer-2B-SFT,obj1_farther,output/phasevar_5/0003_phA01_phB09.png,Is the black sphere farther from the camera than the blue sphere? Answer with yes or no.,Yes,Yes,22.640625,20.34375,True
Zhoues/RoboRefer-2B-SFT,obj1_farther,output/phasevar_5/0003_phA01_phB10.png,Is the black sphere farther from the camera than the blue sphere? Answer with yes or no.,Yes,Yes,22.578125,20.296875,True
Zhoues/RoboRefer-2B-SFT,obj1_farther,output/phasevar_5/0003_phA01_phB11.png,Is the black sphere farther from the camera than the blue sphere? Answer with yes or no.,Yes,Yes,22.296875,19.953125,True
Zhoues/RoboRefer-2B-SFT,obj1_farther,output/phasevar_5/0003_phA01_phB12.png,Is the black sphere farther from the camera than the blue sphere? Answer with yes or no.,Yes,Yes,22.390625,20.15625,True
Zhoues/RoboRefer-2B-SFT,obj1_farther,output/phasevar_5/0003_phA01_phB13.png,Is the black sphere farther from the camera than the blue sphere? Answer with yes or no.,Yes,Yes,22.328125,20.1875,True
Zhoues/RoboRefer-2B-SFT,obj1_farther,output/phasevar_5/0003_phA01_phB14.png,Is the black sphere farther from the camera than the blue sphere? Answer with yes or no.,Yes,Yes,22.40625,20.359375,True
Zhoues/RoboRefer-2B-SFT,obj1_farther,output/phasevar_5/0003_phA01_phB15.png,Is the black sphere farther from the camera than the blue sphere? Answer with yes or no.,Yes,Yes,22.84375,20.328125,True
Zhoues/RoboRefer-2B-SFT,obj1_farther,output/phasevar_5/0003_phA02_phB00.png,Is the black sphere farther from the camera than the blue sphere? Answer with yes or no.,Yes,Yes,23.171875,20.53125,True
Zhoues/RoboRefer-2B-SFT,obj1_farther,output/phasevar_5/0003_phA02_phB01.png,Is the black sphere farther from the camera than the blue sphere? Answer with yes or no.,Yes,Yes,22.828125,20.453125,True
Zhoues/RoboRefer-2B-SFT,obj1_farther,output/phasevar_5/0003_phA02_phB02.png,Is the black sphere farther from the camera than the blue sphere? Answer with yes or no.,Yes,Yes,22.375,20.46875,True
Zhoues/RoboRefer-2B-SFT,obj1_farther,output/phasevar_5/0003_phA02_phB03.png,Is the black sphere farther from the camera than the blue sphere? Answer with yes or no.,Yes,Yes,22.40625,20.4375,True
Zhoues/RoboRefer-2B-SFT,obj1_farther,output/phasevar_5/0003_phA02_phB04.png,Is the black sphere farther from the camera than the blue sphere? Answer with yes or no.,Yes,Yes,22.546875,20.109375,True
Zhoues/RoboRefer-2B-SFT,obj1_farther,output/phasevar_5/0003_phA02_phB05.png,Is the black sphere farther from the camera than the blue sphere? Answer with yes or no.,Yes,Yes,22.78125,19.796875,True
Zhoues/RoboRefer-2B-SFT,obj1_farther,output/phasevar_5/0003_phA02_phB06.png,Is the black sphere farther from the camera than the blue sphere? Answer with yes or no.,Yes,Yes,22.71875,20.03125,True
Zhoues/RoboRefer-2B-SFT,obj1_farther,output/phasevar_5/0003_phA02_phB07.png,Is the black sphere farther from the camera than the blue sphere? Answer with yes or no.,Yes,Yes,22.84375,20.171875,True
Zhoues/RoboRefer-2B-SFT,obj1_farther,output/phasevar_5/0003_phA02_phB08.png,Is the black sphere farther from the camera than the blue sphere? Answer with yes or no.,Yes,Yes,23.015625,20.25,True
Zhoues/RoboRefer-2B-SFT,obj1_farther,output/phasevar_5/0003_phA02_phB09.png,Is the black sphere farther from the camera than the blue sphere? Answer with yes or no.,Yes,Yes,22.734375,20.421875,True
Zhoues/RoboRefer-2B-SFT,obj1_farther,output/phasevar_5/0003_phA02_phB10.png,Is the black sphere farther from the camera than the blue sphere? Answer with yes or no.,Yes,Yes,22.625,20.34375,True
Zhoues/RoboRefer-2B-SFT,obj1_farther,output/phasevar_5/0003_phA02_phB11.png,Is the black sphere farther from the camera than the blue sphere? Answer with yes or no.,Yes,Yes,22.4375,19.9375,True
Zhoues/RoboRefer-2B-SFT,obj1_farther,output/phasevar_5/0003_phA02_phB12.png,Is the black sphere farther from the camera than the blue sphere? Answer with yes or no.,Yes,Yes,22.5625,20.15625,True
Zhoues/RoboRefer-2B-SFT,obj1_farther,output/phasevar_5/0003_phA02_phB13.png,Is the black sphere farther from the camera than the blue sphere? Answer with yes or no.,Yes,Yes,22.359375,20.3125,True
Zhoues/RoboRefer-2B-SFT,obj1_farther,output/phasevar_5/0003_phA02_phB14.png,Is the black sphere farther from the camera than the blue sphere? Answer with yes or no.,Yes,Yes,22.46875,20.4375,True
Zhoues/RoboRefer-2B-SFT,obj1_farther,output/phasevar_5/0003_phA02_phB15.png,Is the black sphere farther from the camera than the blue sphere? Answer with yes or no.,Yes,Yes,22.78125,20.46875,True
Zhoues/RoboRefer-2B-SFT,obj1_farther,output/phasevar_5/0003_phA03_phB00.png,Is the black sphere farther from the camera than the blue sphere? Answer with yes or no.,Yes,Yes,23.078125,20.484375,True
Zhoues/RoboRefer-2B-SFT,obj1_farther,output/phasevar_5/0003_phA03_phB01.png,Is the black sphere farther from the camera than the blue sphere? Answer with yes or no.,Yes,Yes,22.859375,20.328125,True
Zhoues/RoboRefer-2B-SFT,obj1_farther,output/phasevar_5/0003_phA03_phB02.png,Is the black sphere farther from the camera than the blue sphere? Answer with yes or no.,Yes,Yes,22.515625,20.4375,True
Zhoues/RoboRefer-2B-SFT,obj1_farther,output/phasevar_5/0003_phA03_phB03.png,Is the black sphere farther from the camera than the blue sphere? Answer with yes or no.,Yes,Yes,22.640625,20.421875,True
Zhoues/RoboRefer-2B-SFT,obj1_farther,output/phasevar_5/0003_phA03_phB04.png,Is the black sphere farther from the camera than the blue sphere? Answer with yes or no.,Yes,Yes,22.859375,20.109375,True
Zhoues/RoboRefer-2B-SFT,obj1_farther,output/phasevar_5/0003_phA03_phB05.png,Is the black sphere farther from the camera than the blue sphere? Answer with yes or no.,Yes,Yes,23.0,19.890625,True
Zhoues/RoboRefer-2B-SFT,obj1_farther,output/phasevar_5/0003_phA03_phB06.png,Is the black sphere farther from the camera than the blue sphere? Answer with yes or no.,Yes,Yes,22.859375,19.8125,True
Zhoues/RoboRefer-2B-SFT,obj1_farther,output/phasevar_5/0003_phA03_phB07.png,Is the black sphere farther from the camera than the blue sphere? Answer with yes or no.,Yes,Yes,22.984375,20.0625,True
Zhoues/RoboRefer-2B-SFT,obj1_farther,output/phasevar_5/0003_phA03_phB08.png,Is the black sphere farther from the camera than the blue sphere? Answer with yes or no.,Yes,Yes,23.109375,20.1875,True
Zhoues/RoboRefer-2B-SFT,obj1_farther,output/phasevar_5/0003_phA03_phB09.png,Is the black sphere farther from the camera than the blue sphere? Answer with yes or no.,Yes,Yes,22.875,20.21875,True
Zhoues/RoboRefer-2B-SFT,obj1_farther,output/phasevar_5/0003_phA03_phB10.png,Is the black sphere farther from the camera than the blue sphere? Answer with yes or no.,Yes,Yes,22.8125,20.375,True
Zhoues/RoboRefer-2B-SFT,obj1_farther,output/phasevar_5/0003_phA03_phB11.png,Is the black sphere farther from the camera than the blue sphere? Answer with yes or no.,Yes,Yes,22.515625,20.03125,True
Zhoues/RoboRefer-2B-SFT,obj1_farther,output/phasevar_5/0003_phA03_phB12.png,Is the black sphere farther from the camera than the blue sphere? Answer with yes or no.,Yes,Yes,22.671875,20.265625,True
Zhoues/RoboRefer-2B-SFT,obj1_farther,output/phasevar_5/0003_phA03_phB13.png,Is the black sphere farther from the camera than the blue sphere? Answer with yes or no.,Yes,Yes,22.640625,20.375,True
Zhoues/RoboRefer-2B-SFT,obj1_farther,output/phasevar_5/0003_phA03_phB14.png,Is the black sphere farther from the camera than the blue sphere? Answer with yes or no.,Yes,Yes,22.515625,20.546875,True
Zhoues/RoboRefer-2B-SFT,obj1_farther,output/phasevar_5/0003_phA03_phB15.png,Is the black sphere farther from the camera than the blue sphere? Answer with yes or no.,Yes,Yes,22.828125,20.484375,True
Zhoues/RoboRefer-2B-SFT,obj1_farther,output/phasevar_5/0003_phA04_phB00.png,Is the black sphere farther from the camera than the blue sphere? Answer with yes or no.,Yes,Yes,22.921875,20.46875,True
Zhoues/RoboRefer-2B-SFT,obj1_farther,output/phasevar_5/0003_phA04_phB01.png,Is the black sphere farther from the camera than the blue sphere? Answer with yes or no.,Yes,Yes,22.6875,20.359375,True
Zhoues/RoboRefer-2B-SFT,obj1_farther,output/phasevar_5/0003_phA04_phB02.png,Is the black sphere farther from the camera than the blue sphere? Answer with yes or no.,Yes,Yes,22.34375,20.34375,True
Zhoues/RoboRefer-2B-SFT,obj1_farther,output/phasevar_5/0003_phA04_phB03.png,Is the black sphere farther from the camera than the blue sphere? Answer with yes or no.,Yes,Yes,22.515625,20.359375,True
Zhoues/RoboRefer-2B-SFT,obj1_farther,output/phasevar_5/0003_phA04_phB04.png,Is the black sphere farther from the camera than the blue sphere? Answer with yes or no.,Yes,Yes,22.546875,20.28125,True
Zhoues/RoboRefer-2B-SFT,obj1_farther,output/phasevar_5/0003_phA04_phB05.png,Is the black sphere farther from the camera than the blue sphere? Answer with yes or no.,Yes,Yes,22.71875,20.109375,True
Zhoues/RoboRefer-2B-SFT,obj1_farther,output/phasevar_5/0003_phA04_phB06.png,Is the black sphere farther from the camera than the blue sphere? Answer with yes or no.,Yes,Yes,22.734375,19.78125,True
Zhoues/RoboRefer-2B-SFT,obj1_farther,output/phasevar_5/0003_phA04_phB07.png,Is the black sphere farther from the camera than the blue sphere? Answer with yes or no.,Yes,Yes,22.859375,20.171875,True
Zhoues/RoboRefer-2B-SFT,obj1_farther,output/phasevar_5/0003_phA04_phB08.png,Is the black sphere farther from the camera than the blue sphere? Answer with yes or no.,Yes,Yes,22.984375,20.234375,True
Zhoues/RoboRefer-2B-SFT,obj1_farther,output/phasevar_5/0003_phA04_phB09.png,Is the black sphere farther from the camera than the blue sphere? Answer with yes or no.,Yes,Yes,22.703125,20.25,True
Zhoues/RoboRefer-2B-SFT,obj1_farther,output/phasevar_5/0003_phA04_phB10.png,Is the black sphere farther from the camera than the blue sphere? Answer with yes or no.,Yes,Yes,22.625,20.3125,True
Zhoues/RoboRefer-2B-SFT,obj1_farther,output/phasevar_5/0003_phA04_phB11.png,Is the black sphere farther from the camera than the blue sphere? Answer with yes or no.,Yes,Yes,22.234375,20.09375,True
Zhoues/RoboRefer-2B-SFT,obj1_farther,output/phasevar_5/0003_phA04_phB12.png,Is the black sphere farther from the camera than the blue sphere? Answer with yes or no.,Yes,Yes,22.359375,20.28125,True
Zhoues/RoboRefer-2B-SFT,obj1_farther,output/phasevar_5/0003_phA04_phB13.png,Is the black sphere farther from the camera than the blue sphere? Answer with yes or no.,Yes,Yes,22.34375,20.3125,True
Zhoues/RoboRefer-2B-SFT,obj1_farther,output/phasevar_5/0003_phA04_phB14.png,Is the black sphere farther from the camera than the blue sphere? Answer with yes or no.,Yes,Yes,22.3125,20.40625,True
Zhoues/RoboRefer-2B-SFT,obj1_farther,output/phasevar_5/0003_phA04_phB15.png,Is the black sphere farther from the camera than the blue sphere? Answer with yes or no.,Yes,Yes,22.640625,20.453125,True
Zhoues/RoboRefer-2B-SFT,obj1_farther,output/phasevar_5/0003_phA05_phB00.png,Is the black sphere farther from the camera than the blue sphere? Answer with yes or no.,Yes,Yes,22.84375,20.296875,True
Zhoues/RoboRefer-2B-SFT,obj1_farther,output/phasevar_5/0003_phA05_phB01.png,Is the black sphere farther from the camera than the blue sphere? Answer with yes or no.,Yes,Yes,22.5625,20.140625,True
Zhoues/RoboRefer-2B-SFT,obj1_farther,output/phasevar_5/0003_phA05_phB02.png,Is the black sphere farther from the camera than the blue sphere? Answer with yes or no.,Yes,Yes,22.28125,20.25,True
Zhoues/RoboRefer-2B-SFT,obj1_farther,output/phasevar_5/0003_phA05_phB03.png,Is the black sphere farther from the camera than the blue sphere? Answer with yes or no.,Yes,Yes,22.46875,20.28125,True
Zhoues/RoboRefer-2B-SFT,obj1_farther,output/phasevar_5/0003_phA05_phB04.png,Is the black sphere farther from the camera than the blue sphere? Answer with yes or no.,Yes,Yes,22.453125,20.25,True
Zhoues/RoboRefer-2B-SFT,obj1_farther,output/phasevar_5/0003_phA05_phB05.png,Is the black sphere farther from the camera than the blue sphere? Answer with yes or no.,Yes,Yes,22.734375,20.125,True
Zhoues/RoboRefer-2B-SFT,obj1_farther,output/phasevar_5/0003_phA05_phB06.png,Is the black sphere farther from the camera than the blue sphere? Answer with yes or no.,Yes,Yes,22.578125,19.9375,True
Zhoues/RoboRefer-2B-SFT,obj1_farther,output/phasevar_5/0003_phA05_phB07.png,Is the black sphere farther from the camera than the blue sphere? Answer with yes or no.,Yes,Yes,22.703125,20.140625,True
Zhoues/RoboRefer-2B-SFT,obj1_farther,output/phasevar_5/0003_phA05_phB08.png,Is the black sphere farther from the camera than the blue sphere? Answer with yes or no.,Yes,Yes,22.953125,20.28125,True
Zhoues/RoboRefer-2B-SFT,obj1_farther,output/phasevar_5/0003_phA05_phB09.png,Is the black sphere farther from the camera than the blue sphere? Answer with yes or no.,Yes,Yes,22.640625,20.234375,True
Zhoues/RoboRefer-2B-SFT,obj1_farther,output/phasevar_5/0003_phA05_phB10.png,Is the black sphere farther from the camera than the blue sphere? Answer with yes or no.,Yes,Yes,22.59375,20.328125,True
Zhoues/RoboRefer-2B-SFT,obj1_farther,output/phasevar_5/0003_phA05_phB11.png,Is the black sphere farther from the camera than the blue sphere? Answer with yes or no.,Yes,Yes,22.265625,20.078125,True
Zhoues/RoboRefer-2B-SFT,obj1_farther,output/phasevar_5/0003_phA05_phB12.png,Is the black sphere farther from the camera than the blue sphere? Answer with yes or no.,Yes,Yes,22.453125,20.1875,True
Zhoues/RoboRefer-2B-SFT,obj1_farther,output/phasevar_5/0003_phA05_phB13.png,Is the black sphere farther from the camera than the blue sphere? Answer with yes or no.,Yes,Yes,22.40625,20.140625,True
Zhoues/RoboRefer-2B-SFT,obj1_farther,output/phasevar_5/0003_phA05_phB14.png,Is the black sphere farther from the camera than the blue sphere? Answer with yes or no.,Yes,Yes,22.390625,20.3125,True
Zhoues/RoboRefer-2B-SFT,obj1_farther,output/phasevar_5/0003_phA05_phB15.png,Is the black sphere farther from the camera than the blue sphere? Answer with yes or no.,Yes,Yes,22.609375,20.296875,True
Zhoues/RoboRefer-2B-SFT,obj1_farther,output/phasevar_5/0003_phA06_phB00.png,Is the black sphere farther from the camera than the blue sphere? Answer with yes or no.,Yes,Yes,22.796875,20.34375,True
Zhoues/RoboRefer-2B-SFT,obj1_farther,output/phasevar_5/0003_phA06_phB01.png,Is the black sphere farther from the camera than the blue sphere? Answer with yes or no.,Yes,Yes,22.5625,20.171875,True
Zhoues/RoboRefer-2B-SFT,obj1_farther,output/phasevar_5/0003_phA06_phB02.png,Is the black sphere farther from the camera than the blue sphere? Answer with yes or no.,Yes,Yes,22.140625,20.1875,True
Zhoues/RoboRefer-2B-SFT,obj1_farther,output/phasevar_5/0003_phA06_phB03.png,Is the black sphere farther from the camera than the blue sphere? Answer with yes or no.,Yes,Yes,22.21875,20.265625,True
Zhoues/RoboRefer-2B-SFT,obj1_farther,output/phasevar_5/0003_phA06_phB04.png,Is the black sphere farther from the camera than the blue sphere? Answer with yes or no.,Yes,Yes,22.125,20.171875,True
Zhoues/RoboRefer-2B-SFT,obj1_farther,output/phasevar_5/0003_phA06_phB05.png,Is the black sphere farther from the camera than the blue sphere? Answer with yes or no.,Yes,Yes,22.28125,20.1875,True
Zhoues/RoboRefer-2B-SFT,obj1_farther,output/phasevar_5/0003_phA06_phB06.png,Is the black sphere farther from the camera than the blue sphere? Answer with yes or no.,Yes,Yes,22.296875,20.09375,True
Zhoues/RoboRefer-2B-SFT,obj1_farther,output/phasevar_5/0003_phA06_phB07.png,Is the black sphere farther from the camera than the blue sphere? Answer with yes or no.,Yes,Yes,22.65625,20.21875,True
Zhoues/RoboRefer-2B-SFT,obj1_farther,output/phasevar_5/0003_phA06_phB08.png,Is the black sphere farther from the camera than the blue sphere? Answer with yes or no.,Yes,Yes,22.921875,20.328125,True
Zhoues/RoboRefer-2B-SFT,obj1_farther,output/phasevar_5/0003_phA06_phB09.png,Is the black sphere farther from the camera than the blue sphere? Answer with yes or no.,Yes,Yes,22.484375,20.328125,True
Zhoues/RoboRefer-2B-SFT,obj1_farther,output/phasevar_5/0003_phA06_phB10.png,Is the black sphere farther from the camera than the blue sphere? Answer with yes or no.,Yes,Yes,22.375,20.328125,True
Zhoues/RoboRefer-2B-SFT,obj1_farther,output/phasevar_5/0003_phA06_phB11.png,Is the black sphere farther from the camera than the blue sphere? Answer with yes or no.,Yes,Yes,22.0,20.046875,True
Zhoues/RoboRefer-2B-SFT,obj1_farther,output/phasevar_5/0003_phA06_phB12.png,Is the black sphere farther from the camera than the blue sphere? Answer with yes or no.,Yes,Yes,22.21875,20.1875,True
Zhoues/RoboRefer-2B-SFT,obj1_farther,output/phasevar_5/0003_phA06_phB13.png,Is the black sphere farther from the camera than the blue sphere? Answer with yes or no.,Yes,Yes,22.234375,20.171875,True
Zhoues/RoboRefer-2B-SFT,obj1_farther,output/phasevar_5/0003_phA06_phB14.png,Is the black sphere farther from the camera than the blue sphere? Answer with yes or no.,Yes,Yes,22.265625,20.3125,True
Zhoues/RoboRefer-2B-SFT,obj1_farther,output/phasevar_5/0003_phA06_phB15.png,Is the black sphere farther from the camera than the blue sphere? Answer with yes or no.,Yes,Yes,22.515625,20.328125,True
Zhoues/RoboRefer-2B-SFT,obj1_farther,output/phasevar_5/0003_phA07_phB00.png,Is the black sphere farther from the camera than the blue sphere? Answer with yes or no.,Yes,Yes,22.671875,20.1875,True
Zhoues/RoboRefer-2B-SFT,obj1_farther,output/phasevar_5/0003_phA07_phB01.png,Is the black sphere farther from the camera than the blue sphere? Answer with yes or no.,Yes,Yes,22.40625,20.078125,True
Zhoues/RoboRefer-2B-SFT,obj1_farther,output/phasevar_5/0003_phA07_phB02.png,Is the black sphere farther from the camera than the blue sphere? Answer with yes or no.,Yes,Yes,21.90625,19.984375,True
Zhoues/RoboRefer-2B-SFT,obj1_farther,output/phasevar_5/0003_phA07_phB03.png,Is the black sphere farther from the camera than the blue sphere? Answer with yes or no.,Yes,Yes,22.046875,20.078125,True
Zhoues/RoboRefer-2B-SFT,obj1_farther,output/phasevar_5/0003_phA07_phB04.png,Is the black sphere farther from the camera than the blue sphere? Answer with yes or no.,Yes,Yes,21.96875,19.984375,True
Zhoues/RoboRefer-2B-SFT,obj1_farther,output/phasevar_5/0003_phA07_phB05.png,Is the black sphere farther from the camera than the blue sphere? Answer with yes or no.,Yes,Yes,22.09375,20.03125,True
Zhoues/RoboRefer-2B-SFT,obj1_farther,output/phasevar_5/0003_phA07_phB06.png,Is the black sphere farther from the camera than the blue sphere? Answer with yes or no.,Yes,Yes,22.046875,19.90625,True
Zhoues/RoboRefer-2B-SFT,obj1_farther,output/phasevar_5/0003_phA07_phB07.png,Is the black sphere farther from the camera than the blue sphere? Answer with yes or no.,Yes,Yes,22.5,19.9375,True
Zhoues/RoboRefer-2B-SFT,obj1_farther,output/phasevar_5/0003_phA07_phB08.png,Is the black sphere farther from the camera than the blue sphere? Answer with yes or no.,Yes,Yes,22.8125,19.859375,True
Zhoues/RoboRefer-2B-SFT,obj1_farther,output/phasevar_5/0003_phA07_phB09.png,Is the black sphere farther from the camera than the blue sphere? Answer with yes or no.,Yes,Yes,22.515625,20.09375,True
Zhoues/RoboRefer-2B-SFT,obj1_farther,output/phasevar_5/0003_phA07_phB10.png,Is the black sphere farther from the camera than the blue sphere? Answer with yes or no.,Yes,Yes,22.3125,20.078125,True
Zhoues/RoboRefer-2B-SFT,obj1_farther,output/phasevar_5/0003_phA07_phB11.png,Is the black sphere farther from the camera than the blue sphere? Answer with yes or no.,Yes,Yes,21.90625,19.796875,True
Zhoues/RoboRefer-2B-SFT,obj1_farther,output/phasevar_5/0003_phA07_phB12.png,Is the black sphere farther from the camera than the blue sphere? Answer with yes or no.,Yes,Yes,22.078125,19.9375,True
Zhoues/RoboRefer-2B-SFT,obj1_farther,output/phasevar_5/0003_phA07_phB13.png,Is the black sphere farther from the camera than the blue sphere? Answer with yes or no.,Yes,Yes,22.0625,19.96875,True
Zhoues/RoboRefer-2B-SFT,obj1_farther,output/phasevar_5/0003_phA07_phB14.png,Is the black sphere farther from the camera than the blue sphere? Answer with yes or no.,Yes,Yes,22.3125,20.15625,True
Zhoues/RoboRefer-2B-SFT,obj1_farther,output/phasevar_5/0003_phA07_phB15.png,Is the black sphere farther from the camera than the blue sphere? Answer with yes or no.,Yes,Yes,22.46875,20.171875,True
Zhoues/RoboRefer-2B-SFT,obj1_farther,output/phasevar_5/0003_phA08_phB00.png,Is the black sphere farther from the camera than the blue sphere? Answer with yes or no.,Yes,Yes,22.703125,20.359375,True
Zhoues/RoboRefer-2B-SFT,obj1_farther,output/phasevar_5/0003_phA08_phB01.png,Is the black sphere farther from the camera than the blue sphere? Answer with yes or no.,Yes,Yes,22.453125,20.1875,True
Zhoues/RoboRefer-2B-SFT,obj1_farther,output/phasevar_5/0003_phA08_phB02.png,Is the black sphere farther from the camera than the blue sphere? Answer with yes or no.,Yes,Yes,21.875,20.125,True
Zhoues/RoboRefer-2B-SFT,obj1_farther,output/phasevar_5/0003_phA08_phB03.png,Is the black sphere farther from the camera than the blue sphere? Answer with yes or no.,Yes,Yes,21.875,20.125,True
Zhoues/RoboRefer-2B-SFT,obj1_farther,output/phasevar_5/0003_phA08_phB04.png,Is the black sphere farther from the camera than the blue sphere? Answer with yes or no.,Yes,Yes,21.90625,20.09375,True
Zhoues/RoboRefer-2B-SFT,obj1_farther,output/phasevar_5/0003_phA08_phB05.png,Is the black sphere farther from the camera than the blue sphere? Answer with yes or no.,Yes,Yes,22.015625,20.15625,True
Zhoues/RoboRefer-2B-SFT,obj1_farther,output/phasevar_5/0003_phA08_phB06.png,Is the black sphere farther from the camera than the blue sphere? Answer with yes or no.,Yes,Yes,22.03125,20.0,True
Zhoues/RoboRefer-2B-SFT,obj1_farther,output/phasevar_5/0003_phA08_phB07.png,Is the black sphere farther from the camera than the blue sphere? Answer with yes or no.,Yes,Yes,22.5,20.0,True
Zhoues/RoboRefer-2B-SFT,obj1_farther,output/phasevar_5/0003_phA08_phB08.png,Is the black sphere farther from the camera than the blue sphere? Answer with yes or no.,Yes,Yes,22.875,19.921875,True
Zhoues/RoboRefer-2B-SFT,obj1_farther,output/phasevar_5/0003_phA08_phB09.png,Is the black sphere farther from the camera than the blue sphere? Answer with yes or no.,Yes,Yes,22.515625,20.0625,True
Zhoues/RoboRefer-2B-SFT,obj1_farther,output/phasevar_5/0003_phA08_phB10.png,Is the black sphere farther from the camera than the blue sphere? Answer with yes or no.,Yes,Yes,22.34375,20.125,True
Zhoues/RoboRefer-2B-SFT,obj1_farther,output/phasevar_5/0003_phA08_phB11.png,Is the black sphere farther from the camera than the blue sphere? Answer with yes or no.,Yes,Yes,21.875,19.90625,True
Zhoues/RoboRefer-2B-SFT,obj1_farther,output/phasevar_5/0003_phA08_phB12.png,Is the black sphere farther from the camera than the blue sphere? Answer with yes or no.,Yes,Yes,22.0,19.953125,True
Zhoues/RoboRefer-2B-SFT,obj1_farther,output/phasevar_5/0003_phA08_phB13.png,Is the black sphere farther from the camera than the blue sphere? Answer with yes or no.,Yes,Yes,22.03125,20.078125,True
Zhoues/RoboRefer-2B-SFT,obj1_farther,output/phasevar_5/0003_phA08_phB14.png,Is the black sphere farther from the camera than the blue sphere? Answer with yes or no.,Yes,Yes,22.40625,20.21875,True
Zhoues/RoboRefer-2B-SFT,obj1_farther,output/phasevar_5/0003_phA08_phB15.png,Is the black sphere farther from the camera than the blue sphere? Answer with yes or no.,Yes,Yes,22.546875,20.25,True
Zhoues/RoboRefer-2B-SFT,obj1_farther,output/phasevar_5/0003_phA09_phB00.png,Is the black sphere farther from the camera than the blue sphere? Answer with yes or no.,Yes,Yes,22.703125,20.296875,True
Zhoues/RoboRefer-2B-SFT,obj1_farther,output/phasevar_5/0003_phA09_phB01.png,Is the black sphere farther from the camera than the blue sphere? Answer with yes or no.,Yes,Yes,22.421875,20.171875,True
Zhoues/RoboRefer-2B-SFT,obj1_farther,output/phasevar_5/0003_phA09_phB02.png,Is the black sphere farther from the camera than the blue sphere? Answer with yes or no.,Yes,Yes,21.875,20.0625,True
Zhoues/RoboRefer-2B-SFT,obj1_farther,output/phasevar_5/0003_phA09_phB03.png,Is the black sphere farther from the camera than the blue sphere? Answer with yes or no.,Yes,Yes,22.015625,20.140625,True
Zhoues/RoboRefer-2B-SFT,obj1_farther,output/phasevar_5/0003_phA09_phB04.png,Is the black sphere farther from the camera than the blue sphere? Answer with yes or no.,Yes,Yes,22.09375,20.0625,True
Zhoues/RoboRefer-2B-SFT,obj1_farther,output/phasevar_5/0003_phA09_phB05.png,Is the black sphere farther from the camera than the blue sphere? Answer with yes or no.,Yes,Yes,22.171875,20.03125,True
Zhoues/RoboRefer-2B-SFT,obj1_farther,output/phasevar_5/0003_phA09_phB06.png,Is the black sphere farther from the camera than the blue sphere? Answer with yes or no.,Yes,Yes,22.140625,20.03125,True
Zhoues/RoboRefer-2B-SFT,obj1_farther,output/phasevar_5/0003_phA09_phB07.png,Is the black sphere farther from the camera than the blue sphere? Answer with yes or no.,Yes,Yes,22.5625,20.046875,True
Zhoues/RoboRefer-2B-SFT,obj1_farther,output/phasevar_5/0003_phA09_phB08.png,Is the black sphere farther from the camera than the blue sphere? Answer with yes or no.,Yes,Yes,22.96875,19.84375,True
Zhoues/RoboRefer-2B-SFT,obj1_farther,output/phasevar_5/0003_phA09_phB09.png,Is the black sphere farther from the camera than the blue sphere? Answer with yes or no.,Yes,Yes,22.59375,20.015625,True
Zhoues/RoboRefer-2B-SFT,obj1_farther,output/phasevar_5/0003_phA09_phB10.png,Is the black sphere farther from the camera than the blue sphere? Answer with yes or no.,Yes,Yes,22.34375,20.140625,True
Zhoues/RoboRefer-2B-SFT,obj1_farther,output/phasevar_5/0003_phA09_phB11.png,Is the black sphere farther from the camera than the blue sphere? Answer with yes or no.,Yes,Yes,21.890625,19.921875,True
Zhoues/RoboRefer-2B-SFT,obj1_farther,output/phasevar_5/0003_phA09_phB12.png,Is the black sphere farther from the camera than the blue sphere? Answer with yes or no.,Yes,Yes,22.0625,19.953125,True
Zhoues/RoboRefer-2B-SFT,obj1_farther,output/phasevar_5/0003_phA09_phB13.png,Is the black sphere farther from the camera than the blue sphere? Answer with yes or no.,Yes,Yes,22.109375,19.96875,True
Zhoues/RoboRefer-2B-SFT,obj1_farther,output/phasevar_5/0003_phA09_phB14.png,Is the black sphere farther from the camera than the blue sphere? Answer with yes or no.,Yes,Yes,22.421875,20.109375,True
Zhoues/RoboRefer-2B-SFT,obj1_farther,output/phasevar_5/0003_phA09_phB15.png,Is the black sphere farther from the camera than the blue sphere? Answer with yes or no.,Yes,Yes,22.625,20.15625,True
Zhoues/RoboRefer-2B-SFT,obj1_farther,output/phasevar_5/0003_phA10_phB00.png,Is the black sphere farther from the camera than the blue sphere? Answer with yes or no.,Yes,Yes,22.453125,20.171875,True
Zhoues/RoboRefer-2B-SFT,obj1_farther,output/phasevar_5/0003_phA10_phB01.png,Is the black sphere farther from the camera than the blue sphere? Answer with yes or no.,Yes,Yes,22.125,20.078125,True
Zhoues/RoboRefer-2B-SFT,obj1_farther,output/phasevar_5/0003_phA10_phB02.png,Is the black sphere farther from the camera than the blue sphere? Answer with yes or no.,Yes,Yes,21.765625,19.984375,True
Zhoues/RoboRefer-2B-SFT,obj1_farther,output/phasevar_5/0003_phA10_phB03.png,Is the black sphere farther from the camera than the blue sphere? Answer with yes or no.,Yes,Yes,21.90625,19.953125,True
Zhoues/RoboRefer-2B-SFT,obj1_farther,output/phasevar_5/0003_phA10_phB04.png,Is the black sphere farther from the camera than the blue sphere? Answer with yes or no.,Yes,Yes,21.921875,19.890625,True
Zhoues/RoboRefer-2B-SFT,obj1_farther,output/phasevar_5/0003_phA10_phB05.png,Is the black sphere farther from the camera than the blue sphere? Answer with yes or no.,Yes,Yes,22.046875,19.84375,True
Zhoues/RoboRefer-2B-SFT,obj1_farther,output/phasevar_5/0003_phA10_phB06.png,Is the black sphere farther from the camera than the blue sphere? Answer with yes or no.,Yes,Yes,21.921875,19.984375,True
Zhoues/RoboRefer-2B-SFT,obj1_farther,output/phasevar_5/0003_phA10_phB07.png,Is the black sphere farther from the camera than the blue sphere? Answer with yes or no.,Yes,Yes,22.328125,20.109375,True
Zhoues/RoboRefer-2B-SFT,obj1_farther,output/phasevar_5/0003_phA10_phB08.png,Is the black sphere farther from the camera than the blue sphere? Answer with yes or no.,Yes,Yes,22.84375,19.921875,True
Zhoues/RoboRefer-2B-SFT,obj1_farther,output/phasevar_5/0003_phA10_phB09.png,Is the black sphere farther from the camera than the blue sphere? Answer with yes or no.,Yes,Yes,22.421875,20.0,True
Zhoues/RoboRefer-2B-SFT,obj1_farther,output/phasevar_5/0003_phA10_phB10.png,Is the black sphere farther from the camera than the blue sphere? Answer with yes or no.,Yes,Yes,22.296875,20.140625,True
Zhoues/RoboRefer-2B-SFT,obj1_farther,output/phasevar_5/0003_phA10_phB11.png,Is the black sphere farther from the camera than the blue sphere? Answer with yes or no.,Yes,Yes,22.03125,19.75,True
Zhoues/RoboRefer-2B-SFT,obj1_farther,output/phasevar_5/0003_phA10_phB12.png,Is the black sphere farther from the camera than the blue sphere? Answer with yes or no.,Yes,Yes,22.15625,19.859375,True
Zhoues/RoboRefer-2B-SFT,obj1_farther,output/phasevar_5/0003_phA10_phB13.png,Is the black sphere farther from the camera than the blue sphere? Answer with yes or no.,Yes,Yes,22.328125,19.78125,True
Zhoues/RoboRefer-2B-SFT,obj1_farther,output/phasevar_5/0003_phA10_phB14.png,Is the black sphere farther from the camera than the blue sphere? Answer with yes or no.,Yes,Yes,22.296875,19.96875,True
Zhoues/RoboRefer-2B-SFT,obj1_farther,output/phasevar_5/0003_phA10_phB15.png,Is the black sphere farther from the camera than the blue sphere? Answer with yes or no.,Yes,Yes,22.421875,20.0625,True
Zhoues/RoboRefer-2B-SFT,obj1_farther,output/phasevar_5/0003_phA11_phB00.png,Is the black sphere farther from the camera than the blue sphere? Answer with yes or no.,Yes,Yes,22.59375,20.546875,True
Zhoues/RoboRefer-2B-SFT,obj1_farther,output/phasevar_5/0003_phA11_phB01.png,Is the black sphere farther from the camera than the blue sphere? Answer with yes or no.,Yes,Yes,22.3125,20.453125,True
Zhoues/RoboRefer-2B-SFT,obj1_farther,output/phasevar_5/0003_phA11_phB02.png,Is the black sphere farther from the camera than the blue sphere? Answer with yes or no.,Yes,Yes,21.890625,20.390625,True
Zhoues/RoboRefer-2B-SFT,obj1_farther,output/phasevar_5/0003_phA11_phB03.png,Is the black sphere farther from the camera than the blue sphere? Answer with yes or no.,Yes,Yes,21.984375,20.375,True
Zhoues/RoboRefer-2B-SFT,obj1_farther,output/phasevar_5/0003_phA11_phB04.png,Is the black sphere farther from the camera than the blue sphere? Answer with yes or no.,Yes,Yes,22.203125,20.3125,True
Zhoues/RoboRefer-2B-SFT,obj1_farther,output/phasevar_5/0003_phA11_phB05.png,Is the black sphere farther from the camera than the blue sphere? Answer with yes or no.,Yes,Yes,22.359375,20.125,True
Zhoues/RoboRefer-2B-SFT,obj1_farther,output/phasevar_5/0003_phA11_phB06.png,Is the black sphere farther from the camera than the blue sphere? Answer with yes or no.,Yes,Yes,22.359375,20.1875,True
Zhoues/RoboRefer-2B-SFT,obj1_farther,output/phasevar_5/0003_phA11_phB07.png,Is the black sphere farther from the camera than the blue sphere? Answer with yes or no.,Yes,Yes,22.59375,20.34375,True
Zhoues/RoboRefer-2B-SFT,obj1_farther,output/phasevar_5/0003_phA11_phB08.png,Is the black sphere farther from the camera than the blue sphere? Answer with yes or no.,Yes,Yes,22.9375,20.25,True
Zhoues/RoboRefer-2B-SFT,obj1_farther,output/phasevar_5/0003_phA11_phB09.png,Is the black sphere farther from the camera than the blue sphere? Answer with yes or no.,Yes,Yes,22.5,20.25,True
Zhoues/RoboRefer-2B-SFT,obj1_farther,output/phasevar_5/0003_phA11_phB10.png,Is the black sphere farther from the camera than the blue sphere? Answer with yes or no.,Yes,Yes,22.5,20.34375,True
Zhoues/RoboRefer-2B-SFT,obj1_farther,output/phasevar_5/0003_phA11_phB11.png,Is the black sphere farther from the camera than the blue sphere? Answer with yes or no.,Yes,Yes,22.5,20.0625,True
Zhoues/RoboRefer-2B-SFT,obj1_farther,output/phasevar_5/0003_phA11_phB12.png,Is the black sphere farther from the camera than the blue sphere? Answer with yes or no.,Yes,Yes,22.609375,20.15625,True
Zhoues/RoboRefer-2B-SFT,obj1_farther,output/phasevar_5/0003_phA11_phB13.png,Is the black sphere farther from the camera than the blue sphere? Answer with yes or no.,Yes,Yes,22.59375,20.328125,True
Zhoues/RoboRefer-2B-SFT,obj1_farther,output/phasevar_5/0003_phA11_phB14.png,Is the black sphere farther from the camera than the blue sphere? Answer with yes or no.,Yes,Yes,22.53125,20.359375,True
Zhoues/RoboRefer-2B-SFT,obj1_farther,output/phasevar_5/0003_phA11_phB15.png,Is the black sphere farther from the camera than the blue sphere? Answer with yes or no.,Yes,Yes,22.453125,20.34375,True
Zhoues/RoboRefer-2B-SFT,obj1_farther,output/phasevar_5/0003_phA12_phB00.png,Is the black sphere farther from the camera than the blue sphere? Answer with yes or no.,Yes,Yes,22.78125,20.578125,True
Zhoues/RoboRefer-2B-SFT,obj1_farther,output/phasevar_5/0003_phA12_phB01.png,Is the black sphere farther from the camera than the blue sphere? Answer with yes or no.,Yes,Yes,22.484375,20.5,True
Zhoues/RoboRefer-2B-SFT,obj1_farther,output/phasevar_5/0003_phA12_phB02.png,Is the black sphere farther from the camera than the blue sphere? Answer with yes or no.,Yes,Yes,22.0,20.390625,True
Zhoues/RoboRefer-2B-SFT,obj1_farther,output/phasevar_5/0003_phA12_phB03.png,Is the black sphere farther from the camera than the blue sphere? Answer with yes or no.,Yes,Yes,22.03125,20.390625,True
Zhoues/RoboRefer-2B-SFT,obj1_farther,output/phasevar_5/0003_phA12_phB04.png,Is the black sphere farther from the camera than the blue sphere? Answer with yes or no.,Yes,Yes,22.375,20.25,True
Zhoues/RoboRefer-2B-SFT,obj1_farther,output/phasevar_5/0003_phA12_phB05.png,Is the black sphere farther from the camera than the blue sphere? Answer with yes or no.,Yes,Yes,22.453125,20.09375,True
Zhoues/RoboRefer-2B-SFT,obj1_farther,output/phasevar_5/0003_phA12_phB06.png,Is the black sphere farther from the camera than the blue sphere? Answer with yes or no.,Yes,Yes,22.453125,20.03125,True
Zhoues/RoboRefer-2B-SFT,obj1_farther,output/phasevar_5/0003_phA12_phB07.png,Is the black sphere farther from the camera than the blue sphere? Answer with yes or no.,Yes,Yes,22.75,20.203125,True
Zhoues/RoboRefer-2B-SFT,obj1_farther,output/phasevar_5/0003_phA12_phB08.png,Is the black sphere farther from the camera than the blue sphere? Answer with yes or no.,Yes,Yes,23.03125,20.0625,True
Zhoues/RoboRefer-2B-SFT,obj1_farther,output/phasevar_5/0003_phA12_phB09.png,Is the black sphere farther from the camera than the blue sphere? Answer with yes or no.,Yes,Yes,22.75,20.140625,True
Zhoues/RoboRefer-2B-SFT,obj1_farther,output/phasevar_5/0003_phA12_phB10.png,Is the black sphere farther from the camera than the blue sphere? Answer with yes or no.,Yes,Yes,22.703125,20.28125,True
Zhoues/RoboRefer-2B-SFT,obj1_farther,output/phasevar_5/0003_phA12_phB11.png,Is the black sphere farther from the camera than the blue sphere? Answer with yes or no.,Yes,Yes,22.625,20.140625,True
Zhoues/RoboRefer-2B-SFT,obj1_farther,output/phasevar_5/0003_phA12_phB12.png,Is the black sphere farther from the camera than the blue sphere? Answer with yes or no.,Yes,Yes,22.75,20.203125,True
Zhoues/RoboRefer-2B-SFT,obj1_farther,output/phasevar_5/0003_phA12_phB13.png,Is the black sphere farther from the camera than the blue sphere? Answer with yes or no.,Yes,Yes,22.765625,20.484375,True
Zhoues/RoboRefer-2B-SFT,obj1_farther,output/phasevar_5/0003_phA12_phB14.png,Is the black sphere farther from the camera than the blue sphere? Answer with yes or no.,Yes,Yes,22.609375,20.453125,True
Zhoues/RoboRefer-2B-SFT,obj1_farther,output/phasevar_5/0003_phA12_phB15.png,Is the black sphere farther from the camera than the blue sphere? Answer with yes or no.,Yes,Yes,22.671875,20.453125,True
Zhoues/RoboRefer-2B-SFT,obj1_farther,output/phasevar_5/0003_phA13_phB00.png,Is the black sphere farther from the camera than the blue sphere? Answer with yes or no.,Yes,Yes,22.828125,20.609375,True
Zhoues/RoboRefer-2B-SFT,obj1_farther,output/phasevar_5/0003_phA13_phB01.png,Is the black sphere farther from the camera than the blue sphere? Answer with yes or no.,Yes,Yes,22.421875,20.484375,True
Zhoues/RoboRefer-2B-SFT,obj1_farther,output/phasevar_5/0003_phA13_phB02.png,Is the black sphere farther from the camera than the blue sphere? Answer with yes or no.,Yes,Yes,21.984375,20.359375,True
Zhoues/RoboRefer-2B-SFT,obj1_farther,output/phasevar_5/0003_phA13_phB03.png,Is the black sphere farther from the camera than the blue sphere? Answer with yes or no.,Yes,Yes,22.15625,20.359375,True
Zhoues/RoboRefer-2B-SFT,obj1_farther,output/phasevar_5/0003_phA13_phB04.png,Is the black sphere farther from the camera than the blue sphere? Answer with yes or no.,Yes,Yes,22.421875,20.1875,True
Zhoues/RoboRefer-2B-SFT,obj1_farther,output/phasevar_5/0003_phA13_phB05.png,Is the black sphere farther from the camera than the blue sphere? Answer with yes or no.,Yes,Yes,22.5625,19.875,True
Zhoues/RoboRefer-2B-SFT,obj1_farther,output/phasevar_5/0003_phA13_phB06.png,Is the black sphere farther from the camera than the blue sphere? Answer with yes or no.,Yes,Yes,22.4375,20.046875,True
Zhoues/RoboRefer-2B-SFT,obj1_farther,output/phasevar_5/0003_phA13_phB07.png,Is the black sphere farther from the camera than the blue sphere? Answer with yes or no.,Yes,Yes,22.78125,20.234375,True
Zhoues/RoboRefer-2B-SFT,obj1_farther,output/phasevar_5/0003_phA13_phB08.png,Is the black sphere farther from the camera than the blue sphere? Answer with yes or no.,Yes,Yes,23.03125,20.140625,True
Zhoues/RoboRefer-2B-SFT,obj1_farther,output/phasevar_5/0003_phA13_phB09.png,Is the black sphere farther from the camera than the blue sphere? Answer with yes or no.,Yes,Yes,22.78125,20.234375,True
Zhoues/RoboRefer-2B-SFT,obj1_farther,output/phasevar_5/0003_phA13_phB10.png,Is the black sphere farther from the camera than the blue sphere? Answer with yes or no.,Yes,Yes,22.78125,20.3125,True
Zhoues/RoboRefer-2B-SFT,obj1_farther,output/phasevar_5/0003_phA13_phB11.png,Is the black sphere farther from the camera than the blue sphere? Answer with yes or no.,Yes,Yes,22.796875,20.046875,True
Zhoues/RoboRefer-2B-SFT,obj1_farther,output/phasevar_5/0003_phA13_phB12.png,Is the black sphere farther from the camera than the blue sphere? Answer with yes or no.,Yes,Yes,22.8125,20.125,True
Zhoues/RoboRefer-2B-SFT,obj1_farther,output/phasevar_5/0003_phA13_phB13.png,Is the black sphere farther from the camera than the blue sphere? Answer with yes or no.,Yes,Yes,22.859375,20.40625,True
Zhoues/RoboRefer-2B-SFT,obj1_farther,output/phasevar_5/0003_phA13_phB14.png,Is the black sphere farther from the camera than the blue sphere? Answer with yes or no.,Yes,Yes,22.671875,20.546875,True
Zhoues/RoboRefer-2B-SFT,obj1_farther,output/phasevar_5/0003_phA13_phB15.png,Is the black sphere farther from the camera than the blue sphere? Answer with yes or no.,Yes,Yes,22.78125,20.515625,True
Zhoues/RoboRefer-2B-SFT,obj1_farther,output/phasevar_5/0003_phA14_phB00.png,Is the black sphere farther from the camera than the blue sphere? Answer with yes or no.,Yes,Yes,22.765625,20.640625,True
Zhoues/RoboRefer-2B-SFT,obj1_farther,output/phasevar_5/0003_phA14_phB01.png,Is the black sphere farther from the camera than the blue sphere? Answer with yes or no.,Yes,Yes,22.375,20.484375,True
Zhoues/RoboRefer-2B-SFT,obj1_farther,output/phasevar_5/0003_phA14_phB02.png,Is the black sphere farther from the camera than the blue sphere? Answer with yes or no.,Yes,Yes,21.96875,20.40625,True
Zhoues/RoboRefer-2B-SFT,obj1_farther,output/phasevar_5/0003_phA14_phB03.png,Is the black sphere farther from the camera than the blue sphere? Answer with yes or no.,Yes,Yes,22.15625,20.40625,True
Zhoues/RoboRefer-2B-SFT,obj1_farther,output/phasevar_5/0003_phA14_phB04.png,Is the black sphere farther from the camera than the blue sphere? Answer with yes or no.,Yes,Yes,22.34375,20.296875,True
Zhoues/RoboRefer-2B-SFT,obj1_farther,output/phasevar_5/0003_phA14_phB05.png,Is the black sphere farther from the camera than the blue sphere? Answer with yes or no.,Yes,Yes,22.515625,19.96875,True
Zhoues/RoboRefer-2B-SFT,obj1_farther,output/phasevar_5/0003_phA14_phB06.png,Is the black sphere farther from the camera than the blue sphere? Answer with yes or no.,Yes,Yes,22.390625,20.1875,True
Zhoues/RoboRefer-2B-SFT,obj1_farther,output/phasevar_5/0003_phA14_phB07.png,Is the black sphere farther from the camera than the blue sphere? Answer with yes or no.,Yes,Yes,22.703125,20.34375,True
Zhoues/RoboRefer-2B-SFT,obj1_farther,output/phasevar_5/0003_phA14_phB08.png,Is the black sphere farther from the camera than the blue sphere? Answer with yes or no.,Yes,Yes,22.984375,20.25,True
Zhoues/RoboRefer-2B-SFT,obj1_farther,output/phasevar_5/0003_phA14_phB09.png,Is the black sphere farther from the camera than the blue sphere? Answer with yes or no.,Yes,Yes,22.640625,20.359375,True
Zhoues/RoboRefer-2B-SFT,obj1_farther,output/phasevar_5/0003_phA14_phB10.png,Is the black sphere farther from the camera than the blue sphere? Answer with yes or no.,Yes,Yes,22.765625,20.40625,True
Zhoues/RoboRefer-2B-SFT,obj1_farther,output/phasevar_5/0003_phA14_phB11.png,Is the black sphere farther from the camera than the blue sphere? Answer with yes or no.,Yes,Yes,22.578125,20.0625,True
Zhoues/RoboRefer-2B-SFT,obj1_farther,output/phasevar_5/0003_phA14_phB12.png,Is the black sphere farther from the camera than the blue sphere? Answer with yes or no.,Yes,Yes,22.640625,20.171875,True
Zhoues/RoboRefer-2B-SFT,obj1_farther,output/phasevar_5/0003_phA14_phB13.png,Is the black sphere farther from the camera than the blue sphere? Answer with yes or no.,Yes,Yes,22.6875,20.484375,True
Zhoues/RoboRefer-2B-SFT,obj1_farther,output/phasevar_5/0003_phA14_phB14.png,Is the black sphere farther from the camera than the blue sphere? Answer with yes or no.,Yes,Yes,22.578125,20.4375,True
Zhoues/RoboRefer-2B-SFT,obj1_farther,output/phasevar_5/0003_phA14_phB15.png,Is the black sphere farther from the camera than the blue sphere? Answer with yes or no.,Yes,Yes,22.703125,20.515625,True
Zhoues/RoboRefer-2B-SFT,obj1_farther,output/phasevar_5/0003_phA15_phB00.png,Is the black sphere farther from the camera than the blue sphere? Answer with yes or no.,Yes,Yes,22.921875,20.515625,True
Zhoues/RoboRefer-2B-SFT,obj1_farther,output/phasevar_5/0003_phA15_phB01.png,Is the black sphere farther from the camera than the blue sphere? Answer with yes or no.,Yes,Yes,22.40625,20.34375,True
Zhoues/RoboRefer-2B-SFT,obj1_farther,output/phasevar_5/0003_phA15_phB02.png,Is the black sphere farther from the camera than the blue sphere? Answer with yes or no.,Yes,Yes,21.890625,20.265625,True
Zhoues/RoboRefer-2B-SFT,obj1_farther,output/phasevar_5/0003_phA15_phB03.png,Is the black sphere farther from the camera than the blue sphere? Answer with yes or no.,Yes,Yes,22.046875,20.265625,True
Zhoues/RoboRefer-2B-SFT,obj1_farther,output/phasevar_5/0003_phA15_phB04.png,Is the black sphere farther from the camera than the blue sphere? Answer with yes or no.,Yes,Yes,22.28125,20.125,True
Zhoues/RoboRefer-2B-SFT,obj1_farther,output/phasevar_5/0003_phA15_phB05.png,Is the black sphere farther from the camera than the blue sphere? Answer with yes or no.,Yes,Yes,22.421875,19.90625,True
Zhoues/RoboRefer-2B-SFT,obj1_farther,output/phasevar_5/0003_phA15_phB06.png,Is the black sphere farther from the camera than the blue sphere? Answer with yes or no.,Yes,Yes,22.203125,20.078125,True
Zhoues/RoboRefer-2B-SFT,obj1_farther,output/phasevar_5/0003_phA15_phB07.png,Is the black sphere farther from the camera than the blue sphere? Answer with yes or no.,Yes,Yes,22.609375,20.234375,True
Zhoues/RoboRefer-2B-SFT,obj1_farther,output/phasevar_5/0003_phA15_phB08.png,Is the black sphere farther from the camera than the blue sphere? Answer with yes or no.,Yes,Yes,22.8125,20.296875,True
Zhoues/RoboRefer-2B-SFT,obj1_farther,output/phasevar_5/0003_phA15_phB09.png,Is the black sphere farther from the camera than the blue sphere? Answer with yes or no.,Yes,Yes,22.578125,20.328125,True
Zhoues/RoboRefer-2B-SFT,obj1_farther,output/phasevar_5/0003_phA15_phB10.png,Is the black sphere farther from the camera than the blue sphere? Answer with yes or no.,Yes,Yes,22.609375,20.375,True
Zhoues/RoboRefer-2B-SFT,obj1_farther,output/phasevar_5/0003_phA15_phB11.png,Is the black sphere farther from the camera than the blue sphere? Answer with yes or no.,Yes,Yes,22.3125,20.046875,True
Zhoues/RoboRefer-2B-SFT,obj1_farther,output/phasevar_5/0003_phA15_phB12.png,Is the black sphere farther from the camera than the blue sphere? Answer with yes or no.,Yes,Yes,22.296875,20.203125,True
Zhoues/RoboRefer-2B-SFT,obj1_farther,output/phasevar_5/0003_phA15_phB13.png,Is the black sphere farther from the camera than the blue sphere? Answer with yes or no.,Yes,Yes,22.3125,20.296875,True
Zhoues/RoboRefer-2B-SFT,obj1_farther,output/phasevar_5/0003_phA15_phB14.png,Is the black sphere farther from the camera than the blue sphere? Answer with yes or no.,Yes,Yes,22.421875,20.375,True
Zhoues/RoboRefer-2B-SFT,obj1_farther,output/phasevar_5/0003_phA15_phB15.png,Is the black sphere farther from the camera than the blue sphere? Answer with yes or no.,Yes,Yes,22.96875,20.359375,True
Zhoues/RoboRefer-2B-SFT,obj1_farther,output/phasevar_5/0004_phA00_phB00.png,Is the red cube farther from the camera than the magenta sphere? Answer with yes or no.,Yes,Yes,23.015625,20.078125,True
Zhoues/RoboRefer-2B-SFT,obj1_farther,output/phasevar_5/0004_phA00_phB01.png,Is the red cube farther from the camera than the magenta sphere? Answer with yes or no.,Yes,Yes,22.84375,20.296875,True
Zhoues/RoboRefer-2B-SFT,obj1_farther,output/phasevar_5/0004_phA00_phB02.png,Is the red cube farther from the camera than the magenta sphere? Answer with yes or no.,Yes,Yes,22.78125,20.28125,True
Zhoues/RoboRefer-2B-SFT,obj1_farther,output/phasevar_5/0004_phA00_phB03.png,Is the red cube farther from the camera than the magenta sphere? Answer with yes or no.,Yes,Yes,22.59375,20.15625,True
Zhoues/RoboRefer-2B-SFT,obj1_farther,output/phasevar_5/0004_phA00_phB04.png,Is the red cube farther from the camera than the magenta sphere? Answer with yes or no.,Yes,Yes,22.734375,19.8125,True
Zhoues/RoboRefer-2B-SFT,obj1_farther,output/phasevar_5/0004_phA00_phB05.png,Is the red cube farther from the camera than the magenta sphere? Answer with yes or no.,Yes,Yes,22.671875,19.65625,True
Zhoues/RoboRefer-2B-SFT,obj1_farther,output/phasevar_5/0004_phA00_phB06.png,Is the red cube farther from the camera than the magenta sphere? Answer with yes or no.,Yes,Yes,22.8125,19.65625,True
Zhoues/RoboRefer-2B-SFT,obj1_farther,output/phasevar_5/0004_phA00_phB07.png,Is the red cube farther from the camera than the magenta sphere? Answer with yes or no.,Yes,Yes,22.984375,19.796875,True
Zhoues/RoboRefer-2B-SFT,obj1_farther,output/phasevar_5/0004_phA00_phB08.png,Is the red cube farther from the camera than the magenta sphere? Answer with yes or no.,Yes,Yes,23.078125,19.921875,True
Zhoues/RoboRefer-2B-SFT,obj1_farther,output/phasevar_5/0004_phA00_phB09.png,Is the red cube farther from the camera than the magenta sphere? Answer with yes or no.,Yes,Yes,22.875,20.078125,True
Zhoues/RoboRefer-2B-SFT,obj1_farther,output/phasevar_5/0004_phA00_phB10.png,Is the red cube farther from the camera than the magenta sphere? Answer with yes or no.,Yes,Yes,22.984375,19.875,True
Zhoues/RoboRefer-2B-SFT,obj1_farther,output/phasevar_5/0004_phA00_phB11.png,Is the red cube farther from the camera than the magenta sphere? Answer with yes or no.,Yes,Yes,22.671875,19.8125,True
Zhoues/RoboRefer-2B-SFT,obj1_farther,output/phasevar_5/0004_phA00_phB12.png,Is the red cube farther from the camera than the magenta sphere? Answer with yes or no.,Yes,Yes,22.4375,19.796875,True
Zhoues/RoboRefer-2B-SFT,obj1_farther,output/phasevar_5/0004_phA00_phB13.png,Is the red cube farther from the camera than the magenta sphere? Answer with yes or no.,Yes,Yes,22.5625,20.109375,True
Zhoues/RoboRefer-2B-SFT,obj1_farther,output/phasevar_5/0004_phA00_phB14.png,Is the red cube farther from the camera than the magenta sphere? Answer with yes or no.,Yes,Yes,22.84375,20.046875,True
Zhoues/RoboRefer-2B-SFT,obj1_farther,output/phasevar_5/0004_phA00_phB15.png,Is the red cube farther from the camera than the magenta sphere? Answer with yes or no.,Yes,Yes,22.953125,20.046875,True
Zhoues/RoboRefer-2B-SFT,obj1_farther,output/phasevar_5/0004_phA01_phB00.png,Is the red cube farther from the camera than the magenta sphere? Answer with yes or no.,Yes,Yes,23.125,19.796875,True
Zhoues/RoboRefer-2B-SFT,obj1_farther,output/phasevar_5/0004_phA01_phB01.png,Is the red cube farther from the camera than the magenta sphere? Answer with yes or no.,Yes,Yes,22.953125,20.078125,True
Zhoues/RoboRefer-2B-SFT,obj1_farther,output/phasevar_5/0004_phA01_phB02.png,Is the red cube farther from the camera than the magenta sphere? Answer with yes or no.,Yes,Yes,22.90625,20.125,True
Zhoues/RoboRefer-2B-SFT,obj1_farther,output/phasevar_5/0004_phA01_phB03.png,Is the red cube farther from the camera than the magenta sphere? Answer with yes or no.,Yes,Yes,22.71875,20.046875,True
Zhoues/RoboRefer-2B-SFT,obj1_farther,output/phasevar_5/0004_phA01_phB04.png,Is the red cube farther from the camera than the magenta sphere? Answer with yes or no.,Yes,Yes,22.84375,19.59375,True
Zhoues/RoboRefer-2B-SFT,obj1_farther,output/phasevar_5/0004_phA01_phB05.png,Is the red cube farther from the camera than the magenta sphere? Answer with yes or no.,Yes,Yes,22.734375,19.46875,True
Zhoues/RoboRefer-2B-SFT,obj1_farther,output/phasevar_5/0004_phA01_phB06.png,Is the red cube farther from the camera than the magenta sphere? Answer with yes or no.,Yes,Yes,22.890625,19.46875,True
Zhoues/RoboRefer-2B-SFT,obj1_farther,output/phasevar_5/0004_phA01_phB07.png,Is the red cube farther from the camera than the magenta sphere? Answer with yes or no.,Yes,Yes,23.015625,19.59375,True
Zhoues/RoboRefer-2B-SFT,obj1_farther,output/phasevar_5/0004_phA01_phB08.png,Is the red cube farther from the camera than the magenta sphere? Answer with yes or no.,Yes,Yes,23.109375,19.609375,True
Zhoues/RoboRefer-2B-SFT,obj1_farther,output/phasevar_5/0004_phA01_phB09.png,Is the red cube farther from the camera than the magenta sphere? Answer with yes or no.,Yes,Yes,22.921875,19.875,True
Zhoues/RoboRefer-2B-SFT,obj1_farther,output/phasevar_5/0004_phA01_phB10.png,Is the red cube farther from the camera than the magenta sphere? Answer with yes or no.,Yes,Yes,23.015625,19.59375,True
Zhoues/RoboRefer-2B-SFT,obj1_farther,output/phasevar_5/0004_phA01_phB11.png,Is the red cube farther from the camera than the magenta sphere? Answer with yes or no.,Yes,Yes,22.6875,19.46875,True
Zhoues/RoboRefer-2B-SFT,obj1_farther,output/phasevar_5/0004_phA01_phB12.png,Is the red cube farther from the camera than the magenta sphere? Answer with yes or no.,Yes,Yes,22.515625,19.4375,True
Zhoues/RoboRefer-2B-SFT,obj1_farther,output/phasevar_5/0004_phA01_phB13.png,Is the red cube farther from the camera than the magenta sphere? Answer with yes or no.,Yes,Yes,22.640625,19.78125,True
Zhoues/RoboRefer-2B-SFT,obj1_farther,output/phasevar_5/0004_phA01_phB14.png,Is the red cube farther from the camera than the magenta sphere? Answer with yes or no.,Yes,Yes,22.8125,19.78125,True
Zhoues/RoboRefer-2B-SFT,obj1_farther,output/phasevar_5/0004_phA01_phB15.png,Is the red cube farther from the camera than the magenta sphere? Answer with yes or no.,Yes,Yes,23.0,19.8125,True
Zhoues/RoboRefer-2B-SFT,obj1_farther,output/phasevar_5/0004_phA02_phB00.png,Is the red cube farther from the camera than the magenta sphere? Answer with yes or no.,Yes,Yes,23.09375,20.0,True
Zhoues/RoboRefer-2B-SFT,obj1_farther,output/phasevar_5/0004_phA02_phB01.png,Is the red cube farther from the camera than the magenta sphere? Answer with yes or no.,Yes,Yes,22.953125,20.203125,True
Zhoues/RoboRefer-2B-SFT,obj1_farther,output/phasevar_5/0004_phA02_phB02.png,Is the red cube farther from the camera than the magenta sphere? Answer with yes or no.,Yes,Yes,22.90625,20.078125,True
Zhoues/RoboRefer-2B-SFT,obj1_farther,output/phasevar_5/0004_phA02_phB03.png,Is the red cube farther from the camera than the magenta sphere? Answer with yes or no.,Yes,Yes,22.78125,20.125,True
Zhoues/RoboRefer-2B-SFT,obj1_farther,output/phasevar_5/0004_phA02_phB04.png,Is the red cube farther from the camera than the magenta sphere? Answer with yes or no.,Yes,Yes,22.828125,19.703125,True
Zhoues/RoboRefer-2B-SFT,obj1_farther,output/phasevar_5/0004_phA02_phB05.png,Is the red cube farther from the camera than the magenta sphere? Answer with yes or no.,Yes,Yes,22.84375,19.609375,True
Zhoues/RoboRefer-2B-SFT,obj1_farther,output/phasevar_5/0004_phA02_phB06.png,Is the red cube farther from the camera than the magenta sphere? Answer with yes or no.,Yes,Yes,22.84375,19.625,True
Zhoues/RoboRefer-2B-SFT,obj1_farther,output/phasevar_5/0004_phA02_phB07.png,Is the red cube farther from the camera than the magenta sphere? Answer with yes or no.,Yes,Yes,23.0,19.890625,True
Zhoues/RoboRefer-2B-SFT,obj1_farther,output/phasevar_5/0004_phA02_phB08.png,Is the red cube farther from the camera than the magenta sphere? Answer with yes or no.,Yes,Yes,23.125,19.9375,True
Zhoues/RoboRefer-2B-SFT,obj1_farther,output/phasevar_5/0004_phA02_phB09.png,Is the red cube farther from the camera than the magenta sphere? Answer with yes or no.,Yes,Yes,22.9375,20.25,True
Zhoues/RoboRefer-2B-SFT,obj1_farther,output/phasevar_5/0004_phA02_phB10.png,Is the red cube farther from the camera than the magenta sphere? Answer with yes or no.,Yes,Yes,23.0,19.890625,True
Zhoues/RoboRefer-2B-SFT,obj1_farther,output/phasevar_5/0004_phA02_phB11.png,Is the red cube farther from the camera than the magenta sphere? Answer with yes or no.,Yes,Yes,22.6875,19.71875,True
Zhoues/RoboRefer-2B-SFT,obj1_farther,output/phasevar_5/0004_phA02_phB12.png,Is the red cube farther from the camera than the magenta sphere? Answer with yes or no.,Yes,Yes,22.5625,19.640625,True
Zhoues/RoboRefer-2B-SFT,obj1_farther,output/phasevar_5/0004_phA02_phB13.png,Is the red cube farther from the camera than the magenta sphere? Answer with yes or no.,Yes,Yes,22.5625,20.015625,True
Zhoues/RoboRefer-2B-SFT,obj1_farther,output/phasevar_5/0004_phA02_phB14.png,Is the red cube farther from the camera than the magenta sphere? Answer with yes or no.,Yes,Yes,22.75,20.109375,True
Zhoues/RoboRefer-2B-SFT,obj1_farther,output/phasevar_5/0004_phA02_phB15.png,Is the red cube farther from the camera than the magenta sphere? Answer with yes or no.,Yes,Yes,22.9375,20.046875,True
Zhoues/RoboRefer-2B-SFT,obj1_farther,output/phasevar_5/0004_phA03_phB00.png,Is the red cube farther from the camera than the magenta sphere? Answer with yes or no.,Yes,Yes,22.953125,20.0625,True
Zhoues/RoboRefer-2B-SFT,obj1_farther,output/phasevar_5/0004_phA03_phB01.png,Is the red cube farther from the camera than the magenta sphere? Answer with yes or no.,Yes,Yes,22.921875,20.203125,True
Zhoues/RoboRefer-2B-SFT,obj1_farther,output/phasevar_5/0004_phA03_phB02.png,Is the red cube farther from the camera than the magenta sphere? Answer with yes or no.,Yes,Yes,22.953125,20.0625,True
Zhoues/RoboRefer-2B-SFT,obj1_farther,output/phasevar_5/0004_phA03_phB03.png,Is the red cube farther from the camera than the magenta sphere? Answer with yes or no.,Yes,Yes,22.671875,20.109375,True
Zhoues/RoboRefer-2B-SFT,obj1_farther,output/phasevar_5/0004_phA03_phB04.png,Is the red cube farther from the camera than the magenta sphere? Answer with yes or no.,Yes,Yes,22.859375,19.9375,True
Zhoues/RoboRefer-2B-SFT,obj1_farther,output/phasevar_5/0004_phA03_phB05.png,Is the red cube farther from the camera than the magenta sphere? Answer with yes or no.,Yes,Yes,22.8125,19.875,True
Zhoues/RoboRefer-2B-SFT,obj1_farther,output/phasevar_5/0004_phA03_phB06.png,Is the red cube farther from the camera than the magenta sphere? Answer with yes or no.,Yes,Yes,22.828125,19.640625,True
Zhoues/RoboRefer-2B-SFT,obj1_farther,output/phasevar_5/0004_phA03_phB07.png,Is the red cube farther from the camera than the magenta sphere? Answer with yes or no.,Yes,Yes,22.984375,19.90625,True
Zhoues/RoboRefer-2B-SFT,obj1_farther,output/phasevar_5/0004_phA03_phB08.png,Is the red cube farther from the camera than the magenta sphere? Answer with yes or no.,Yes,Yes,23.078125,19.765625,True
Zhoues/RoboRefer-2B-SFT,obj1_farther,output/phasevar_5/0004_phA03_phB09.png,Is the red cube farther from the camera than the magenta sphere? Answer with yes or no.,Yes,Yes,22.9375,20.046875,True
Zhoues/RoboRefer-2B-SFT,obj1_farther,output/phasevar_5/0004_phA03_phB10.png,Is the red cube farther from the camera than the magenta sphere? Answer with yes or no.,Yes,Yes,22.984375,19.8125,True
Zhoues/RoboRefer-2B-SFT,obj1_farther,output/phasevar_5/0004_phA03_phB11.png,Is the red cube farther from the camera than the magenta sphere? Answer with yes or no.,Yes,Yes,22.65625,19.734375,True
Zhoues/RoboRefer-2B-SFT,obj1_farther,output/phasevar_5/0004_phA03_phB12.png,Is the red cube farther from the camera than the magenta sphere? Answer with yes or no.,Yes,Yes,22.5,19.703125,True
Zhoues/RoboRefer-2B-SFT,obj1_farther,output/phasevar_5/0004_phA03_phB13.png,Is the red cube farther from the camera than the magenta sphere? Answer with yes or no.,Yes,Yes,22.671875,19.953125,True
Zhoues/RoboRefer-2B-SFT,obj1_farther,output/phasevar_5/0004_phA03_phB14.png,Is the red cube farther from the camera than the magenta sphere? Answer with yes or no.,Yes,Yes,22.78125,20.15625,True
Zhoues/RoboRefer-2B-SFT,obj1_farther,output/phasevar_5/0004_phA03_phB15.png,Is the red cube farther from the camera than the magenta sphere? Answer with yes or no.,Yes,Yes,22.859375,20.046875,True
Zhoues/RoboRefer-2B-SFT,obj1_farther,output/phasevar_5/0004_phA04_phB00.png,Is the red cube farther from the camera than the magenta sphere? Answer with yes or no.,Yes,Yes,22.796875,20.0625,True
Zhoues/RoboRefer-2B-SFT,obj1_farther,output/phasevar_5/0004_phA04_phB01.png,Is the red cube farther from the camera than the magenta sphere? Answer with yes or no.,Yes,Yes,22.703125,20.171875,True
Zhoues/RoboRefer-2B-SFT,obj1_farther,output/phasevar_5/0004_phA04_phB02.png,Is the red cube farther from the camera than the magenta sphere? Answer with yes or no.,Yes,Yes,22.875,20.03125,True
Zhoues/RoboRefer-2B-SFT,obj1_farther,output/phasevar_5/0004_phA04_phB03.png,Is the red cube farther from the camera than the magenta sphere? Answer with yes or no.,Yes,Yes,22.5625,20.09375,True
Zhoues/RoboRefer-2B-SFT,obj1_farther,output/phasevar_5/0004_phA04_phB04.png,Is the red cube farther from the camera than the magenta sphere? Answer with yes or no.,Yes,Yes,22.71875,20.125,True
Zhoues/RoboRefer-2B-SFT,obj1_farther,output/phasevar_5/0004_phA04_phB05.png,Is the red cube farther from the camera than the magenta sphere? Answer with yes or no.,Yes,Yes,22.671875,19.984375,True
Zhoues/RoboRefer-2B-SFT,obj1_farther,output/phasevar_5/0004_phA04_phB06.png,Is the red cube farther from the camera than the magenta sphere? Answer with yes or no.,Yes,Yes,22.703125,19.75,True
Zhoues/RoboRefer-2B-SFT,obj1_farther,output/phasevar_5/0004_phA04_phB07.png,Is the red cube farther from the camera than the magenta sphere? Answer with yes or no.,Yes,Yes,22.765625,20.046875,True
Zhoues/RoboRefer-2B-SFT,obj1_farther,output/phasevar_5/0004_phA04_phB08.png,Is the red cube farther from the camera than the magenta sphere? Answer with yes or no.,Yes,Yes,22.953125,20.03125,True
Zhoues/RoboRefer-2B-SFT,obj1_farther,output/phasevar_5/0004_phA04_phB09.png,Is the red cube farther from the camera than the magenta sphere? Answer with yes or no.,Yes,Yes,22.859375,20.15625,True
Zhoues/RoboRefer-2B-SFT,obj1_farther,output/phasevar_5/0004_phA04_phB10.png,Is the red cube farther from the camera than the magenta sphere? Answer with yes or no.,Yes,Yes,22.90625,19.96875,True
Zhoues/RoboRefer-2B-SFT,obj1_farther,output/phasevar_5/0004_phA04_phB11.png,Is the red cube farther from the camera than the magenta sphere? Answer with yes or no.,Yes,Yes,22.546875,19.90625,True
Zhoues/RoboRefer-2B-SFT,obj1_farther,output/phasevar_5/0004_phA04_phB12.png,Is the red cube farther from the camera than the magenta sphere? Answer with yes or no.,Yes,Yes,22.46875,19.859375,True
Zhoues/RoboRefer-2B-SFT,obj1_farther,output/phasevar_5/0004_phA04_phB13.png,Is the red cube farther from the camera than the magenta sphere? Answer with yes or no.,Yes,Yes,22.59375,20.015625,True
Zhoues/RoboRefer-2B-SFT,obj1_farther,output/phasevar_5/0004_phA04_phB14.png,Is the red cube farther from the camera than the magenta sphere? Answer with yes or no.,Yes,Yes,22.65625,20.140625,True
Zhoues/RoboRefer-2B-SFT,obj1_farther,output/phasevar_5/0004_phA04_phB15.png,Is the red cube farther from the camera than the magenta sphere? Answer with yes or no.,Yes,Yes,22.75,20.0625,True
Zhoues/RoboRefer-2B-SFT,obj1_farther,output/phasevar_5/0004_phA05_phB00.png,Is the red cube farther from the camera than the magenta sphere? Answer with yes or no.,Yes,Yes,22.640625,19.734375,True
Zhoues/RoboRefer-2B-SFT,obj1_farther,output/phasevar_5/0004_phA05_phB01.png,Is the red cube farther from the camera than the magenta sphere? Answer with yes or no.,Yes,Yes,22.5625,19.859375,True
Zhoues/RoboRefer-2B-SFT,obj1_farther,output/phasevar_5/0004_phA05_phB02.png,Is the red cube farther from the camera than the magenta sphere? Answer with yes or no.,Yes,Yes,22.671875,19.765625,True
Zhoues/RoboRefer-2B-SFT,obj1_farther,output/phasevar_5/0004_phA05_phB03.png,Is the red cube farther from the camera than the magenta sphere? Answer with yes or no.,Yes,Yes,22.46875,19.84375,True
Zhoues/RoboRefer-2B-SFT,obj1_farther,output/phasevar_5/0004_phA05_phB04.png,Is the red cube farther from the camera than the magenta sphere? Answer with yes or no.,Yes,Yes,22.59375,19.890625,True
Zhoues/RoboRefer-2B-SFT,obj1_farther,output/phasevar_5/0004_phA05_phB05.png,Is the red cube farther from the camera than the magenta sphere? Answer with yes or no.,Yes,Yes,22.546875,19.9375,True
Zhoues/RoboRefer-2B-SFT,obj1_farther,output/phasevar_5/0004_phA05_phB06.png,Is the red cube farther from the camera than the magenta sphere? Answer with yes or no.,Yes,Yes,22.546875,19.59375,True
Zhoues/RoboRefer-2B-SFT,obj1_farther,output/phasevar_5/0004_phA05_phB07.png,Is the red cube farther from the camera than the magenta sphere? Answer with yes or no.,Yes,Yes,22.671875,19.765625,True
Zhoues/RoboRefer-2B-SFT,obj1_farther,output/phasevar_5/0004_phA05_phB08.png,Is the red cube farther from the camera than the magenta sphere? Answer with yes or no.,Yes,Yes,22.8125,19.75,True
Zhoues/RoboRefer-2B-SFT,obj1_farther,output/phasevar_5/0004_phA05_phB09.png,Is the red cube farther from the camera than the magenta sphere? Answer with yes or no.,Yes,Yes,22.6875,19.9375,True
Zhoues/RoboRefer-2B-SFT,obj1_farther,output/phasevar_5/0004_phA05_phB10.png,Is the red cube farther from the camera than the magenta sphere? Answer with yes or no.,Yes,Yes,22.75,19.734375,True
Zhoues/RoboRefer-2B-SFT,obj1_farther,output/phasevar_5/0004_phA05_phB11.png,Is the red cube farther from the camera than the magenta sphere? Answer with yes or no.,Yes,Yes,22.4375,19.640625,True
Zhoues/RoboRefer-2B-SFT,obj1_farther,output/phasevar_5/0004_phA05_phB12.png,Is the red cube farther from the camera than the magenta sphere? Answer with yes or no.,Yes,Yes,22.296875,19.5,True
Zhoues/RoboRefer-2B-SFT,obj1_farther,output/phasevar_5/0004_phA05_phB13.png,Is the red cube farther from the camera than the magenta sphere? Answer with yes or no.,Yes,Yes,22.4375,19.625,True
Zhoues/RoboRefer-2B-SFT,obj1_farther,output/phasevar_5/0004_phA05_phB14.png,Is the red cube farther from the camera than the magenta sphere? Answer with yes or no.,Yes,Yes,22.53125,19.8125,True
Zhoues/RoboRefer-2B-SFT,obj1_farther,output/phasevar_5/0004_phA05_phB15.png,Is the red cube farther from the camera than the magenta sphere? Answer with yes or no.,Yes,Yes,22.59375,19.734375,True
Zhoues/RoboRefer-2B-SFT,obj1_farther,output/phasevar_5/0004_phA06_phB00.png,Is the red cube farther from the camera than the magenta sphere? Answer with yes or no.,Yes,Yes,22.71875,19.953125,True
Zhoues/RoboRefer-2B-SFT,obj1_farther,output/phasevar_5/0004_phA06_phB01.png,Is the red cube farther from the camera than the magenta sphere? Answer with yes or no.,Yes,Yes,22.578125,20.0,True
Zhoues/RoboRefer-2B-SFT,obj1_farther,output/phasevar_5/0004_phA06_phB02.png,Is the red cube farther from the camera than the magenta sphere? Answer with yes or no.,Yes,Yes,22.796875,19.90625,True
Zhoues/RoboRefer-2B-SFT,obj1_farther,output/phasevar_5/0004_phA06_phB03.png,Is the red cube farther from the camera than the magenta sphere? Answer with yes or no.,Yes,Yes,22.46875,19.828125,True
Zhoues/RoboRefer-2B-SFT,obj1_farther,output/phasevar_5/0004_phA06_phB04.png,Is the red cube farther from the camera than the magenta sphere? Answer with yes or no.,Yes,Yes,22.546875,19.71875,True
Zhoues/RoboRefer-2B-SFT,obj1_farther,output/phasevar_5/0004_phA06_phB05.png,Is the red cube farther from the camera than the magenta sphere? Answer with yes or no.,Yes,Yes,22.578125,19.796875,True
Zhoues/RoboRefer-2B-SFT,obj1_farther,output/phasevar_5/0004_phA06_phB06.png,Is the red cube farther from the camera than the magenta sphere? Answer with yes or no.,Yes,Yes,22.59375,19.703125,True
Zhoues/RoboRefer-2B-SFT,obj1_farther,output/phasevar_5/0004_phA06_phB07.png,Is the red cube farther from the camera than the magenta sphere? Answer with yes or no.,Yes,Yes,22.78125,20.0,True
Zhoues/RoboRefer-2B-SFT,obj1_farther,output/phasevar_5/0004_phA06_phB08.png,Is the red cube farther from the camera than the magenta sphere? Answer with yes or no.,Yes,Yes,22.90625,20.03125,True
Zhoues/RoboRefer-2B-SFT,obj1_farther,output/phasevar_5/0004_phA06_phB09.png,Is the red cube farther from the camera than the magenta sphere? Answer with yes or no.,Yes,Yes,22.625,20.21875,True
Zhoues/RoboRefer-2B-SFT,obj1_farther,output/phasevar_5/0004_phA06_phB10.png,Is the red cube farther from the camera than the magenta sphere? Answer with yes or no.,Yes,Yes,22.65625,20.0,True
Zhoues/RoboRefer-2B-SFT,obj1_farther,output/phasevar_5/0004_phA06_phB11.png,Is the red cube farther from the camera than the magenta sphere? Answer with yes or no.,Yes,Yes,22.34375,19.84375,True
Zhoues/RoboRefer-2B-SFT,obj1_farther,output/phasevar_5/0004_phA06_phB12.png,Is the red cube farther from the camera than the magenta sphere? Answer with yes or no.,Yes,Yes,22.203125,19.5625,True
Zhoues/RoboRefer-2B-SFT,obj1_farther,output/phasevar_5/0004_phA06_phB13.png,Is the red cube farther from the camera than the magenta sphere? Answer with yes or no.,Yes,Yes,22.40625,19.6875,True
Zhoues/RoboRefer-2B-SFT,obj1_farther,output/phasevar_5/0004_phA06_phB14.png,Is the red cube farther from the camera than the magenta sphere? Answer with yes or no.,Yes,Yes,22.546875,19.9375,True
Zhoues/RoboRefer-2B-SFT,obj1_farther,output/phasevar_5/0004_phA06_phB15.png,Is the red cube farther from the camera than the magenta sphere? Answer with yes or no.,Yes,Yes,22.625,19.953125,True
Zhoues/RoboRefer-2B-SFT,obj1_farther,output/phasevar_5/0004_phA07_phB00.png,Is the red cube farther from the camera than the magenta sphere? Answer with yes or no.,Yes,Yes,22.6875,19.9375,True
Zhoues/RoboRefer-2B-SFT,obj1_farther,output/phasevar_5/0004_phA07_phB01.png,Is the red cube farther from the camera than the magenta sphere? Answer with yes or no.,Yes,Yes,22.59375,20.015625,True
Zhoues/RoboRefer-2B-SFT,obj1_farther,output/phasevar_5/0004_phA07_phB02.png,Is the red cube farther from the camera than the magenta sphere? Answer with yes or no.,Yes,Yes,22.8125,19.96875,True
Zhoues/RoboRefer-2B-SFT,obj1_farther,output/phasevar_5/0004_phA07_phB03.png,Is the red cube farther from the camera than the magenta sphere? Answer with yes or no.,Yes,Yes,22.5,19.90625,True
Zhoues/RoboRefer-2B-SFT,obj1_farther,output/phasevar_5/0004_phA07_phB04.png,Is the red cube farther from the camera than the magenta sphere? Answer with yes or no.,Yes,Yes,22.578125,19.765625,True
Zhoues/RoboRefer-2B-SFT,obj1_farther,output/phasevar_5/0004_phA07_phB05.png,Is the red cube farther from the camera than the magenta sphere? Answer with yes or no.,Yes,Yes,22.578125,19.8125,True
Zhoues/RoboRefer-2B-SFT,obj1_farther,output/phasevar_5/0004_phA07_phB06.png,Is the red cube farther from the camera than the magenta sphere? Answer with yes or no.,Yes,Yes,22.609375,19.625,True
Zhoues/RoboRefer-2B-SFT,obj1_farther,output/phasevar_5/0004_phA07_phB07.png,Is the red cube farther from the camera than the magenta sphere? Answer with yes or no.,Yes,Yes,22.84375,19.6875,True
Zhoues/RoboRefer-2B-SFT,obj1_farther,output/phasevar_5/0004_phA07_phB08.png,Is the red cube farther from the camera than the magenta sphere? Answer with yes or no.,Yes,Yes,22.890625,19.578125,True
Zhoues/RoboRefer-2B-SFT,obj1_farther,output/phasevar_5/0004_phA07_phB09.png,Is the red cube farther from the camera than the magenta sphere? Answer with yes or no.,Yes,Yes,22.765625,19.828125,True
Zhoues/RoboRefer-2B-SFT,obj1_farther,output/phasevar_5/0004_phA07_phB10.png,Is the red cube farther from the camera than the magenta sphere? Answer with yes or no.,Yes,Yes,22.78125,19.859375,True
Zhoues/RoboRefer-2B-SFT,obj1_farther,output/phasevar_5/0004_phA07_phB11.png,Is the red cube farther from the camera than the magenta sphere? Answer with yes or no.,Yes,Yes,22.40625,19.796875,True
Zhoues/RoboRefer-2B-SFT,obj1_farther,output/phasevar_5/0004_phA07_phB12.png,Is the red cube farther from the camera than the magenta sphere? Answer with yes or no.,Yes,Yes,22.25,19.515625,True
Zhoues/RoboRefer-2B-SFT,obj1_farther,output/phasevar_5/0004_phA07_phB13.png,Is the red cube farther from the camera than the magenta sphere? Answer with yes or no.,Yes,Yes,22.515625,19.609375,True
Zhoues/RoboRefer-2B-SFT,obj1_farther,output/phasevar_5/0004_phA07_phB14.png,Is the red cube farther from the camera than the magenta sphere? Answer with yes or no.,Yes,Yes,22.640625,19.84375,True
Zhoues/RoboRefer-2B-SFT,obj1_farther,output/phasevar_5/0004_phA07_phB15.png,Is the red cube farther from the camera than the magenta sphere? Answer with yes or no.,Yes,Yes,22.5625,19.859375,True
Zhoues/RoboRefer-2B-SFT,obj1_farther,output/phasevar_5/0004_phA08_phB00.png,Is the red cube farther from the camera than the magenta sphere? Answer with yes or no.,Yes,Yes,22.6875,20.1875,True
Zhoues/RoboRefer-2B-SFT,obj1_farther,output/phasevar_5/0004_phA08_phB01.png,Is the red cube farther from the camera than the magenta sphere? Answer with yes or no.,Yes,Yes,22.625,20.25,True
Zhoues/RoboRefer-2B-SFT,obj1_farther,output/phasevar_5/0004_phA08_phB02.png,Is the red cube farther from the camera than the magenta sphere? Answer with yes or no.,Yes,Yes,22.78125,20.234375,True
Zhoues/RoboRefer-2B-SFT,obj1_farther,output/phasevar_5/0004_phA08_phB03.png,Is the red cube farther from the camera than the magenta sphere? Answer with yes or no.,Yes,Yes,22.4375,20.0625,True
Zhoues/RoboRefer-2B-SFT,obj1_farther,output/phasevar_5/0004_phA08_phB04.png,Is the red cube farther from the camera than the magenta sphere? Answer with yes or no.,Yes,Yes,22.515625,20.0,True
Zhoues/RoboRefer-2B-SFT,obj1_farther,output/phasevar_5/0004_phA08_phB05.png,Is the red cube farther from the camera than the magenta sphere? Answer with yes or no.,Yes,Yes,22.546875,20.0625,True
Zhoues/RoboRefer-2B-SFT,obj1_farther,output/phasevar_5/0004_phA08_phB06.png,Is the red cube farther from the camera than the magenta sphere? Answer with yes or no.,Yes,Yes,22.640625,19.78125,True
Zhoues/RoboRefer-2B-SFT,obj1_farther,output/phasevar_5/0004_phA08_phB07.png,Is the red cube farther from the camera than the magenta sphere? Answer with yes or no.,Yes,Yes,22.84375,20.0625,True
Zhoues/RoboRefer-2B-SFT,obj1_farther,output/phasevar_5/0004_phA08_phB08.png,Is the red cube farther from the camera than the magenta sphere? Answer with yes or no.,Yes,Yes,22.8125,19.859375,True
Zhoues/RoboRefer-2B-SFT,obj1_farther,output/phasevar_5/0004_phA08_phB09.png,Is the red cube farther from the camera than the magenta sphere? Answer with yes or no.,Yes,Yes,22.71875,20.0,True
Zhoues/RoboRefer-2B-SFT,obj1_farther,output/phasevar_5/0004_phA08_phB10.png,Is the red cube farther from the camera than the magenta sphere? Answer with yes or no.,Yes,Yes,22.6875,20.078125,True
Zhoues/RoboRefer-2B-SFT,obj1_farther,output/phasevar_5/0004_phA08_phB11.png,Is the red cube farther from the camera than the magenta sphere? Answer with yes or no.,Yes,Yes,22.265625,20.0625,True
Zhoues/RoboRefer-2B-SFT,obj1_farther,output/phasevar_5/0004_phA08_phB12.png,Is the red cube farther from the camera than the magenta sphere? Answer with yes or no.,Yes,Yes,22.15625,19.78125,True
Zhoues/RoboRefer-2B-SFT,obj1_farther,output/phasevar_5/0004_phA08_phB13.png,Is the red cube farther from the camera than the magenta sphere? Answer with yes or no.,Yes,Yes,22.53125,19.84375,True
Zhoues/RoboRefer-2B-SFT,obj1_farther,output/phasevar_5/0004_phA08_phB14.png,Is the red cube farther from the camera than the magenta sphere? Answer with yes or no.,Yes,Yes,22.71875,20.03125,True
Zhoues/RoboRefer-2B-SFT,obj1_farther,output/phasevar_5/0004_phA08_phB15.png,Is the red cube farther from the camera than the magenta sphere? Answer with yes or no.,Yes,Yes,22.609375,20.078125,True
Zhoues/RoboRefer-2B-SFT,obj1_farther,output/phasevar_5/0004_phA09_phB00.png,Is the red cube farther from the camera than the magenta sphere? Answer with yes or no.,Yes,Yes,22.71875,20.21875,True
Zhoues/RoboRefer-2B-SFT,obj1_farther,output/phasevar_5/0004_phA09_phB01.png,Is the red cube farther from the camera than the magenta sphere? Answer with yes or no.,Yes,Yes,22.625,20.28125,True
Zhoues/RoboRefer-2B-SFT,obj1_farther,output/phasevar_5/0004_phA09_phB02.png,Is the red cube farther from the camera than the magenta sphere? Answer with yes or no.,Yes,Yes,22.703125,20.25,True
Zhoues/RoboRefer-2B-SFT,obj1_farther,output/phasevar_5/0004_phA09_phB03.png,Is the red cube farther from the camera than the magenta sphere? Answer with yes or no.,Yes,Yes,22.46875,20.265625,True
Zhoues/RoboRefer-2B-SFT,obj1_farther,output/phasevar_5/0004_phA09_phB04.png,Is the red cube farther from the camera than the magenta sphere? Answer with yes or no.,Yes,Yes,22.5625,20.046875,True
Zhoues/RoboRefer-2B-SFT,obj1_farther,output/phasevar_5/0004_phA09_phB05.png,Is the red cube farther from the camera than the magenta sphere? Answer with yes or no.,Yes,Yes,22.546875,20.125,True
Zhoues/RoboRefer-2B-SFT,obj1_farther,output/phasevar_5/0004_phA09_phB06.png,Is the red cube farther from the camera than the magenta sphere? Answer with yes or no.,Yes,Yes,22.6875,19.890625,True
Zhoues/RoboRefer-2B-SFT,obj1_farther,output/phasevar_5/0004_phA09_phB07.png,Is the red cube farther from the camera than the magenta sphere? Answer with yes or no.,Yes,Yes,22.90625,20.125,True
Zhoues/RoboRefer-2B-SFT,obj1_farther,output/phasevar_5/0004_phA09_phB08.png,Is the red cube farther from the camera than the magenta sphere? Answer with yes or no.,Yes,Yes,22.90625,20.0,True
Zhoues/RoboRefer-2B-SFT,obj1_farther,output/phasevar_5/0004_phA09_phB09.png,Is the red cube farther from the camera than the magenta sphere? Answer with yes or no.,Yes,Yes,22.734375,19.96875,True
Zhoues/RoboRefer-2B-SFT,obj1_farther,output/phasevar_5/0004_phA09_phB10.png,Is the red cube farther from the camera than the magenta sphere? Answer with yes or no.,Yes,Yes,22.6875,20.140625,True
Zhoues/RoboRefer-2B-SFT,obj1_farther,output/phasevar_5/0004_phA09_phB11.png,Is the red cube farther from the camera than the magenta sphere? Answer with yes or no.,Yes,Yes,22.375,20.171875,True
Zhoues/RoboRefer-2B-SFT,obj1_farther,output/phasevar_5/0004_phA09_phB12.png,Is the red cube farther from the camera than the magenta sphere? Answer with yes or no.,Yes,Yes,22.375,19.921875,True
Zhoues/RoboRefer-2B-SFT,obj1_farther,output/phasevar_5/0004_phA09_phB13.png,Is the red cube farther from the camera than the magenta sphere? Answer with yes or no.,Yes,Yes,22.515625,20.03125,True
Zhoues/RoboRefer-2B-SFT,obj1_farther,output/phasevar_5/0004_phA09_phB14.png,Is the red cube farther from the camera than the magenta sphere? Answer with yes or no.,Yes,Yes,22.671875,20.078125,True
Zhoues/RoboRefer-2B-SFT,obj1_farther,output/phasevar_5/0004_phA09_phB15.png,Is the red cube farther from the camera than the magenta sphere? Answer with yes or no.,Yes,Yes,22.625,20.125,True
Zhoues/RoboRefer-2B-SFT,obj1_farther,output/phasevar_5/0004_phA10_phB00.png,Is the red cube farther from the camera than the magenta sphere? Answer with yes or no.,Yes,Yes,22.5625,20.125,True
Zhoues/RoboRefer-2B-SFT,obj1_farther,output/phasevar_5/0004_phA10_phB01.png,Is the red cube farther from the camera than the magenta sphere? Answer with yes or no.,Yes,Yes,22.4375,20.21875,True
Zhoues/RoboRefer-2B-SFT,obj1_farther,output/phasevar_5/0004_phA10_phB02.png,Is the red cube farther from the camera than the magenta sphere? Answer with yes or no.,Yes,Yes,22.546875,20.15625,True
Zhoues/RoboRefer-2B-SFT,obj1_farther,output/phasevar_5/0004_phA10_phB03.png,Is the red cube farther from the camera than the magenta sphere? Answer with yes or no.,Yes,Yes,22.53125,20.078125,True
Zhoues/RoboRefer-2B-SFT,obj1_farther,output/phasevar_5/0004_phA10_phB04.png,Is the red cube farther from the camera than the magenta sphere? Answer with yes or no.,Yes,Yes,22.609375,19.875,True
Zhoues/RoboRefer-2B-SFT,obj1_farther,output/phasevar_5/0004_phA10_phB05.png,Is the red cube farther from the camera than the magenta sphere? Answer with yes or no.,Yes,Yes,22.671875,19.953125,True
Zhoues/RoboRefer-2B-SFT,obj1_farther,output/phasevar_5/0004_phA10_phB06.png,Is the red cube farther from the camera than the magenta sphere? Answer with yes or no.,Yes,Yes,22.609375,19.984375,True
Zhoues/RoboRefer-2B-SFT,obj1_farther,output/phasevar_5/0004_phA10_phB07.png,Is the red cube farther from the camera than the magenta sphere? Answer with yes or no.,Yes,Yes,22.78125,20.15625,True
Zhoues/RoboRefer-2B-SFT,obj1_farther,output/phasevar_5/0004_phA10_phB08.png,Is the red cube farther from the camera than the magenta sphere? Answer with yes or no.,Yes,Yes,22.9375,20.125,True
Zhoues/RoboRefer-2B-SFT,obj1_farther,output/phasevar_5/0004_phA10_phB09.png,Is the red cube farther from the camera than the magenta sphere? Answer with yes or no.,Yes,Yes,22.65625,20.34375,True
Zhoues/RoboRefer-2B-SFT,obj1_farther,output/phasevar_5/0004_phA10_phB10.png,Is the red cube farther from the camera than the magenta sphere? Answer with yes or no.,Yes,Yes,22.859375,20.203125,True
Zhoues/RoboRefer-2B-SFT,obj1_farther,output/phasevar_5/0004_phA10_phB11.png,Is the red cube farther from the camera than the magenta sphere? Answer with yes or no.,Yes,Yes,22.734375,20.140625,True
Zhoues/RoboRefer-2B-SFT,obj1_farther,output/phasevar_5/0004_phA10_phB12.png,Is the red cube farther from the camera than the magenta sphere? Answer with yes or no.,Yes,Yes,22.5625,19.921875,True
Zhoues/RoboRefer-2B-SFT,obj1_farther,output/phasevar_5/0004_phA10_phB13.png,Is the red cube farther from the camera than the magenta sphere? Answer with yes or no.,Yes,Yes,22.625,20.0,True
Zhoues/RoboRefer-2B-SFT,obj1_farther,output/phasevar_5/0004_phA10_phB14.png,Is the red cube farther from the camera than the magenta sphere? Answer with yes or no.,Yes,Yes,22.734375,19.96875,True
Zhoues/RoboRefer-2B-SFT,obj1_farther,output/phasevar_5/0004_phA10_phB15.png,Is the red cube farther from the camera than the magenta sphere? Answer with yes or no.,Yes,Yes,22.5,20.0625,True
Zhoues/RoboRefer-2B-SFT,obj1_farther,output/phasevar_5/0004_phA11_phB00.png,Is the red cube farther from the camera than the magenta sphere? Answer with yes or no.,Yes,Yes,22.453125,20.234375,True
Zhoues/RoboRefer-2B-SFT,obj1_farther,output/phasevar_5/0004_phA11_phB01.png,Is the red cube farther from the camera than the magenta sphere? Answer with yes or no.,Yes,Yes,22.296875,20.28125,True
Zhoues/RoboRefer-2B-SFT,obj1_farther,output/phasevar_5/0004_phA11_phB02.png,Is the red cube farther from the camera than the magenta sphere? Answer with yes or no.,Yes,Yes,22.453125,20.28125,True
Zhoues/RoboRefer-2B-SFT,obj1_farther,output/phasevar_5/0004_phA11_phB03.png,Is the red cube farther from the camera than the magenta sphere? Answer with yes or no.,Yes,Yes,22.421875,20.234375,True
Zhoues/RoboRefer-2B-SFT,obj1_farther,output/phasevar_5/0004_phA11_phB04.png,Is the red cube farther from the camera than the magenta sphere? Answer with yes or no.,Yes,Yes,22.59375,20.0625,True
Zhoues/RoboRefer-2B-SFT,obj1_farther,output/phasevar_5/0004_phA11_phB05.png,Is the red cube farther from the camera than the magenta sphere? Answer with yes or no.,Yes,Yes,22.609375,19.953125,True
Zhoues/RoboRefer-2B-SFT,obj1_farther,output/phasevar_5/0004_phA11_phB06.png,Is the red cube farther from the camera than the magenta sphere? Answer with yes or no.,Yes,Yes,22.5,20.0,True
Zhoues/RoboRefer-2B-SFT,obj1_farther,output/phasevar_5/0004_phA11_phB07.png,Is the red cube farther from the camera than the magenta sphere? Answer with yes or no.,Yes,Yes,22.640625,20.171875,True
Zhoues/RoboRefer-2B-SFT,obj1_farther,output/phasevar_5/0004_phA11_phB08.png,Is the red cube farther from the camera than the magenta sphere? Answer with yes or no.,Yes,Yes,22.875,20.171875,True
Zhoues/RoboRefer-2B-SFT,obj1_farther,output/phasevar_5/0004_phA11_phB09.png,Is the red cube farther from the camera than the magenta sphere? Answer with yes or no.,Yes,Yes,22.53125,20.296875,True
Zhoues/RoboRefer-2B-SFT,obj1_farther,output/phasevar_5/0004_phA11_phB10.png,Is the red cube farther from the camera than the magenta sphere? Answer with yes or no.,Yes,Yes,22.765625,20.265625,True
Zhoues/RoboRefer-2B-SFT,obj1_farther,output/phasevar_5/0004_phA11_phB11.png,Is the red cube farther from the camera than the magenta sphere? Answer with yes or no.,Yes,Yes,22.734375,20.25,True
Zhoues/RoboRefer-2B-SFT,obj1_farther,output/phasevar_5/0004_phA11_phB12.png,Is the red cube farther from the camera than the magenta sphere? Answer with yes or no.,Yes,Yes,22.65625,19.984375,True
Zhoues/RoboRefer-2B-SFT,obj1_farther,output/phasevar_5/0004_phA11_phB13.png,Is the red cube farther from the camera than the magenta sphere? Answer with yes or no.,Yes,Yes,22.625,20.125,True
Zhoues/RoboRefer-2B-SFT,obj1_farther,output/phasevar_5/0004_phA11_phB14.png,Is the red cube farther from the camera than the magenta sphere? Answer with yes or no.,Yes,Yes,22.734375,20.09375,True
Zhoues/RoboRefer-2B-SFT,obj1_farther,output/phasevar_5/0004_phA11_phB15.png,Is the red cube farther from the camera than the magenta sphere? Answer with yes or no.,Yes,Yes,22.46875,20.140625,True
Zhoues/RoboRefer-2B-SFT,obj1_farther,output/phasevar_5/0004_phA12_phB00.png,Is the red cube farther from the camera than the magenta sphere? Answer with yes or no.,Yes,Yes,22.515625,20.28125,True
Zhoues/RoboRefer-2B-SFT,obj1_farther,output/phasevar_5/0004_phA12_phB01.png,Is the red cube farther from the camera than the magenta sphere? Answer with yes or no.,Yes,Yes,22.40625,20.375,True
Zhoues/RoboRefer-2B-SFT,obj1_farther,output/phasevar_5/0004_phA12_phB02.png,Is the red cube farther from the camera than the magenta sphere? Answer with yes or no.,Yes,Yes,22.515625,20.3125,True
Zhoues/RoboRefer-2B-SFT,obj1_farther,output/phasevar_5/0004_phA12_phB03.png,Is the red cube farther from the camera than the magenta sphere? Answer with yes or no.,Yes,Yes,22.46875,20.21875,True
Zhoues/RoboRefer-2B-SFT,obj1_farther,output/phasevar_5/0004_phA12_phB04.png,Is the red cube farther from the camera than the magenta sphere? Answer with yes or no.,Yes,Yes,22.578125,20.015625,True
Zhoues/RoboRefer-2B-SFT,obj1_farther,output/phasevar_5/0004_phA12_phB05.png,Is the red cube farther from the camera than the magenta sphere? Answer with yes or no.,Yes,Yes,22.59375,19.921875,True
Zhoues/RoboRefer-2B-SFT,obj1_farther,output/phasevar_5/0004_phA12_phB06.png,Is the red cube farther from the camera than the magenta sphere? Answer with yes or no.,Yes,Yes,22.4375,19.953125,True
Zhoues/RoboRefer-2B-SFT,obj1_farther,output/phasevar_5/0004_phA12_phB07.png,Is the red cube farther from the camera than the magenta sphere? Answer with yes or no.,Yes,Yes,22.671875,20.125,True
Zhoues/RoboRefer-2B-SFT,obj1_farther,output/phasevar_5/0004_phA12_phB08.png,Is the red cube farther from the camera than the magenta sphere? Answer with yes or no.,Yes,Yes,22.828125,20.109375,True
Zhoues/RoboRefer-2B-SFT,obj1_farther,output/phasevar_5/0004_phA12_phB09.png,Is the red cube farther from the camera than the magenta sphere? Answer with yes or no.,Yes,Yes,22.59375,20.359375,True
Zhoues/RoboRefer-2B-SFT,obj1_farther,output/phasevar_5/0004_phA12_phB10.png,Is the red cube farther from the camera than the magenta sphere? Answer with yes or no.,Yes,Yes,22.75,20.203125,True
Zhoues/RoboRefer-2B-SFT,obj1_farther,output/phasevar_5/0004_phA12_phB11.png,Is the red cube farther from the camera than the magenta sphere? Answer with yes or no.,Yes,Yes,22.765625,20.265625,True
Zhoues/RoboRefer-2B-SFT,obj1_farther,output/phasevar_5/0004_phA12_phB12.png,Is the red cube farther from the camera than the magenta sphere? Answer with yes or no.,Yes,Yes,22.609375,20.078125,True
Zhoues/RoboRefer-2B-SFT,obj1_farther,output/phasevar_5/0004_phA12_phB13.png,Is the red cube farther from the camera than the magenta sphere? Answer with yes or no.,Yes,Yes,22.578125,20.1875,True
Zhoues/RoboRefer-2B-SFT,obj1_farther,output/phasevar_5/0004_phA12_phB14.png,Is the red cube farther from the camera than the magenta sphere? Answer with yes or no.,Yes,Yes,22.75,20.125,True
Zhoues/RoboRefer-2B-SFT,obj1_farther,output/phasevar_5/0004_phA12_phB15.png,Is the red cube farther from the camera than the magenta sphere? Answer with yes or no.,Yes,Yes,22.421875,20.203125,True
Zhoues/RoboRefer-2B-SFT,obj1_farther,output/phasevar_5/0004_phA13_phB00.png,Is the red cube farther from the camera than the magenta sphere? Answer with yes or no.,Yes,Yes,22.5625,20.28125,True
Zhoues/RoboRefer-2B-SFT,obj1_farther,output/phasevar_5/0004_phA13_phB01.png,Is the red cube farther from the camera than the magenta sphere? Answer with yes or no.,Yes,Yes,22.375,20.296875,True
Zhoues/RoboRefer-2B-SFT,obj1_farther,output/phasevar_5/0004_phA13_phB02.png,Is the red cube farther from the camera than the magenta sphere? Answer with yes or no.,Yes,Yes,22.40625,20.1875,True
Zhoues/RoboRefer-2B-SFT,obj1_farther,output/phasevar_5/0004_phA13_phB03.png,Is the red cube farther from the camera than the magenta sphere? Answer with yes or no.,Yes,Yes,22.34375,20.078125,True
Zhoues/RoboRefer-2B-SFT,obj1_farther,output/phasevar_5/0004_phA13_phB04.png,Is the red cube farther from the camera than the magenta sphere? Answer with yes or no.,Yes,Yes,22.4375,19.84375,True
Zhoues/RoboRefer-2B-SFT,obj1_farther,output/phasevar_5/0004_phA13_phB05.png,Is the red cube farther from the camera than the magenta sphere? Answer with yes or no.,Yes,Yes,22.484375,19.703125,True
Zhoues/RoboRefer-2B-SFT,obj1_farther,output/phasevar_5/0004_phA13_phB06.png,Is the red cube farther from the camera than the magenta sphere? Answer with yes or no.,Yes,Yes,22.4375,19.859375,True
Zhoues/RoboRefer-2B-SFT,obj1_farther,output/phasevar_5/0004_phA13_phB07.png,Is the red cube farther from the camera than the magenta sphere? Answer with yes or no.,Yes,Yes,22.625,20.046875,True
Zhoues/RoboRefer-2B-SFT,obj1_farther,output/phasevar_5/0004_phA13_phB08.png,Is the red cube farther from the camera than the magenta sphere? Answer with yes or no.,Yes,Yes,22.765625,19.984375,True
Zhoues/RoboRefer-2B-SFT,obj1_farther,output/phasevar_5/0004_phA13_phB09.png,Is the red cube farther from the camera than the magenta sphere? Answer with yes or no.,Yes,Yes,22.53125,20.34375,True
Zhoues/RoboRefer-2B-SFT,obj1_farther,output/phasevar_5/0004_phA13_phB10.png,Is the red cube farther from the camera than the magenta sphere? Answer with yes or no.,Yes,Yes,22.8125,20.09375,True
Zhoues/RoboRefer-2B-SFT,obj1_farther,output/phasevar_5/0004_phA13_phB11.png,Is the red cube farther from the camera than the magenta sphere? Answer with yes or no.,Yes,Yes,22.765625,20.09375,True
Zhoues/RoboRefer-2B-SFT,obj1_farther,output/phasevar_5/0004_phA13_phB12.png,Is the red cube farther from the camera than the magenta sphere? Answer with yes or no.,Yes,Yes,22.59375,20.03125,True
Zhoues/RoboRefer-2B-SFT,obj1_farther,output/phasevar_5/0004_phA13_phB13.png,Is the red cube farther from the camera than the magenta sphere? Answer with yes or no.,Yes,Yes,22.609375,20.203125,True
Zhoues/RoboRefer-2B-SFT,obj1_farther,output/phasevar_5/0004_phA13_phB14.png,Is the red cube farther from the camera than the magenta sphere? Answer with yes or no.,Yes,Yes,22.734375,20.0625,True
Zhoues/RoboRefer-2B-SFT,obj1_farther,output/phasevar_5/0004_phA13_phB15.png,Is the red cube farther from the camera than the magenta sphere? Answer with yes or no.,Yes,Yes,22.578125,20.140625,True
Zhoues/RoboRefer-2B-SFT,obj1_farther,output/phasevar_5/0004_phA14_phB00.png,Is the red cube farther from the camera than the magenta sphere? Answer with yes or no.,Yes,Yes,22.953125,20.140625,True
Zhoues/RoboRefer-2B-SFT,obj1_farther,output/phasevar_5/0004_phA14_phB01.png,Is the red cube farther from the camera than the magenta sphere? Answer with yes or no.,Yes,Yes,22.65625,20.078125,True
Zhoues/RoboRefer-2B-SFT,obj1_farther,output/phasevar_5/0004_phA14_phB02.png,Is the red cube farther from the camera than the magenta sphere? Answer with yes or no.,Yes,Yes,22.578125,19.90625,True
Zhoues/RoboRefer-2B-SFT,obj1_farther,output/phasevar_5/0004_phA14_phB03.png,Is the red cube farther from the camera than the magenta sphere? Answer with yes or no.,Yes,Yes,22.578125,19.671875,True
Zhoues/RoboRefer-2B-SFT,obj1_farther,output/phasevar_5/0004_phA14_phB04.png,Is the red cube farther from the camera than the magenta sphere? Answer with yes or no.,Yes,Yes,22.59375,19.421875,True
Zhoues/RoboRefer-2B-SFT,obj1_farther,output/phasevar_5/0004_phA14_phB05.png,Is the red cube farther from the camera than the magenta sphere? Answer with yes or no.,Yes,Yes,22.59375,19.328125,True
Zhoues/RoboRefer-2B-SFT,obj1_farther,output/phasevar_5/0004_phA14_phB06.png,Is the red cube farther from the camera than the magenta sphere? Answer with yes or no.,Yes,Yes,22.65625,19.515625,True
Zhoues/RoboRefer-2B-SFT,obj1_farther,output/phasevar_5/0004_phA14_phB07.png,Is the red cube farther from the camera than the magenta sphere? Answer with yes or no.,Yes,Yes,22.875,19.671875,True
Zhoues/RoboRefer-2B-SFT,obj1_farther,output/phasevar_5/0004_phA14_phB08.png,Is the red cube farther from the camera than the magenta sphere? Answer with yes or no.,Yes,Yes,23.046875,19.6875,True
Zhoues/RoboRefer-2B-SFT,obj1_farther,output/phasevar_5/0004_phA14_phB09.png,Is the red cube farther from the camera than the magenta sphere? Answer with yes or no.,Yes,Yes,22.84375,20.109375,True
Zhoues/RoboRefer-2B-SFT,obj1_farther,output/phasevar_5/0004_phA14_phB10.png,Is the red cube farther from the camera than the magenta sphere? Answer with yes or no.,Yes,Yes,22.921875,19.859375,True
Zhoues/RoboRefer-2B-SFT,obj1_farther,output/phasevar_5/0004_phA14_phB11.png,Is the red cube farther from the camera than the magenta sphere? Answer with yes or no.,Yes,Yes,22.734375,19.78125,True
Zhoues/RoboRefer-2B-SFT,obj1_farther,output/phasevar_5/0004_phA14_phB12.png,Is the red cube farther from the camera than the magenta sphere? Answer with yes or no.,Yes,Yes,22.578125,19.671875,True
Zhoues/RoboRefer-2B-SFT,obj1_farther,output/phasevar_5/0004_phA14_phB13.png,Is the red cube farther from the camera than the magenta sphere? Answer with yes or no.,Yes,Yes,22.671875,20.109375,True
Zhoues/RoboRefer-2B-SFT,obj1_farther,output/phasevar_5/0004_phA14_phB14.png,Is the red cube farther from the camera than the magenta sphere? Answer with yes or no.,Yes,Yes,22.984375,19.875,True
Zhoues/RoboRefer-2B-SFT,obj1_farther,output/phasevar_5/0004_phA14_phB15.png,Is the red cube farther from the camera than the magenta sphere? Answer with yes or no.,Yes,Yes,22.875,20.109375,True
Zhoues/RoboRefer-2B-SFT,obj1_farther,output/phasevar_5/0004_phA15_phB00.png,Is the red cube farther from the camera than the magenta sphere? Answer with yes or no.,Yes,Yes,22.953125,20.328125,True
Zhoues/RoboRefer-2B-SFT,obj1_farther,output/phasevar_5/0004_phA15_phB01.png,Is the red cube farther from the camera than the magenta sphere? Answer with yes or no.,Yes,Yes,22.703125,20.265625,True
Zhoues/RoboRefer-2B-SFT,obj1_farther,output/phasevar_5/0004_phA15_phB02.png,Is the red cube farther from the camera than the magenta sphere? Answer with yes or no.,Yes,Yes,22.625,20.25,True
Zhoues/RoboRefer-2B-SFT,obj1_farther,output/phasevar_5/0004_phA15_phB03.png,Is the red cube farther from the camera than the magenta sphere? Answer with yes or no.,Yes,Yes,22.5,20.03125,True
Zhoues/RoboRefer-2B-SFT,obj1_farther,output/phasevar_5/0004_phA15_phB04.png,Is the red cube farther from the camera than the magenta sphere? Answer with yes or no.,Yes,Yes,22.640625,19.71875,True
Zhoues/RoboRefer-2B-SFT,obj1_farther,output/phasevar_5/0004_phA15_phB05.png,Is the red cube farther from the camera than the magenta sphere? Answer with yes or no.,Yes,Yes,22.640625,19.5625,True
Zhoues/RoboRefer-2B-SFT,obj1_farther,output/phasevar_5/0004_phA15_phB06.png,Is the red cube farther from the camera than the magenta sphere? Answer with yes or no.,Yes,Yes,22.75,19.71875,True
Zhoues/RoboRefer-2B-SFT,obj1_farther,output/phasevar_5/0004_phA15_phB07.png,Is the red cube farther from the camera than the magenta sphere? Answer with yes or no.,Yes,Yes,22.90625,19.84375,True
Zhoues/RoboRefer-2B-SFT,obj1_farther,output/phasevar_5/0004_phA15_phB08.png,Is the red cube farther from the camera than the magenta sphere? Answer with yes or no.,Yes,Yes,23.046875,19.9375,True
Zhoues/RoboRefer-2B-SFT,obj1_farther,output/phasevar_5/0004_phA15_phB09.png,Is the red cube farther from the camera than the magenta sphere? Answer with yes or no.,Yes,Yes,22.875,20.171875,True
Zhoues/RoboRefer-2B-SFT,obj1_farther,output/phasevar_5/0004_phA15_phB10.png,Is the red cube farther from the camera than the magenta sphere? Answer with yes or no.,Yes,Yes,22.9375,19.96875,True
Zhoues/RoboRefer-2B-SFT,obj1_farther,output/phasevar_5/0004_phA15_phB11.png,Is the red cube farther from the camera than the magenta sphere? Answer with yes or no.,Yes,Yes,22.609375,19.90625,True
Zhoues/RoboRefer-2B-SFT,obj1_farther,output/phasevar_5/0004_phA15_phB12.png,Is the red cube farther from the camera than the magenta sphere? Answer with yes or no.,Yes,Yes,22.421875,19.8125,True
Zhoues/RoboRefer-2B-SFT,obj1_farther,output/phasevar_5/0004_phA15_phB13.png,Is the red cube farther from the camera than the magenta sphere? Answer with yes or no.,Yes,Yes,22.4375,20.15625,True
Zhoues/RoboRefer-2B-SFT,obj1_farther,output/phasevar_5/0004_phA15_phB14.png,Is the red cube farther from the camera than the magenta sphere? Answer with yes or no.,Yes,Yes,22.765625,20.03125,True
Zhoues/RoboRefer-2B-SFT,obj1_farther,output/phasevar_5/0004_phA15_phB15.png,Is the red cube farther from the camera than the magenta sphere? Answer with yes or no.,Yes,Yes,22.890625,20.109375,True
Zhoues/RoboRefer-2B-SFT,obj1_farther,output/phasevar_5/0005_phA00_phB00.png,Is the magenta sphere farther from the camera than the cyan cube? Answer with yes or no.,Yes,Yes,22.5,20.171875,True
Zhoues/RoboRefer-2B-SFT,obj1_farther,output/phasevar_5/0005_phA00_phB01.png,Is the magenta sphere farther from the camera than the cyan cube? Answer with yes or no.,Yes,Yes,22.09375,20.265625,True
Zhoues/RoboRefer-2B-SFT,obj1_farther,output/phasevar_5/0005_phA00_phB02.png,Is the magenta sphere farther from the camera than the cyan cube? Answer with yes or no.,Yes,Yes,22.015625,20.125,True
Zhoues/RoboRefer-2B-SFT,obj1_farther,output/phasevar_5/0005_phA00_phB03.png,Is the magenta sphere farther from the camera than the cyan cube? Answer with yes or no.,Yes,Yes,22.0,20.140625,True
Zhoues/RoboRefer-2B-SFT,obj1_farther,output/phasevar_5/0005_phA00_phB04.png,Is the magenta sphere farther from the camera than the cyan cube? Answer with yes or no.,Yes,Yes,22.09375,19.90625,True
Zhoues/RoboRefer-2B-SFT,obj1_farther,output/phasevar_5/0005_phA00_phB05.png,Is the magenta sphere farther from the camera than the cyan cube? Answer with yes or no.,Yes,Yes,22.34375,20.0,True
Zhoues/RoboRefer-2B-SFT,obj1_farther,output/phasevar_5/0005_phA00_phB06.png,Is the magenta sphere farther from the camera than the cyan cube? Answer with yes or no.,Yes,Yes,22.671875,19.953125,True
Zhoues/RoboRefer-2B-SFT,obj1_farther,output/phasevar_5/0005_phA00_phB07.png,Is the magenta sphere farther from the camera than the cyan cube? Answer with yes or no.,Yes,Yes,22.640625,19.96875,True
Zhoues/RoboRefer-2B-SFT,obj1_farther,output/phasevar_5/0005_phA00_phB08.png,Is the magenta sphere farther from the camera than the cyan cube? Answer with yes or no.,Yes,Yes,22.765625,19.953125,True
Zhoues/RoboRefer-2B-SFT,obj1_farther,output/phasevar_5/0005_phA00_phB09.png,Is the magenta sphere farther from the camera than the cyan cube? Answer with yes or no.,Yes,Yes,22.703125,20.078125,True
Zhoues/RoboRefer-2B-SFT,obj1_farther,output/phasevar_5/0005_phA00_phB10.png,Is the magenta sphere farther from the camera than the cyan cube? Answer with yes or no.,Yes,Yes,22.875,19.90625,True
Zhoues/RoboRefer-2B-SFT,obj1_farther,output/phasevar_5/0005_phA00_phB11.png,Is the magenta sphere farther from the camera than the cyan cube? Answer with yes or no.,Yes,Yes,22.453125,20.109375,True
Zhoues/RoboRefer-2B-SFT,obj1_farther,output/phasevar_5/0005_phA00_phB12.png,Is the magenta sphere farther from the camera than the cyan cube? Answer with yes or no.,Yes,Yes,22.390625,20.25,True
Zhoues/RoboRefer-2B-SFT,obj1_farther,output/phasevar_5/0005_phA00_phB13.png,Is the magenta sphere farther from the camera than the cyan cube? Answer with yes or no.,Yes,Yes,22.484375,20.203125,True
Zhoues/RoboRefer-2B-SFT,obj1_farther,output/phasevar_5/0005_phA00_phB14.png,Is the magenta sphere farther from the camera than the cyan cube? Answer with yes or no.,Yes,Yes,23.03125,20.140625,True
Zhoues/RoboRefer-2B-SFT,obj1_farther,output/phasevar_5/0005_phA00_phB15.png,Is the magenta sphere farther from the camera than the cyan cube? Answer with yes or no.,Yes,Yes,22.578125,20.109375,True
Zhoues/RoboRefer-2B-SFT,obj1_farther,output/phasevar_5/0005_phA01_phB00.png,Is the magenta sphere farther from the camera than the cyan cube? Answer with yes or no.,Yes,Yes,22.6875,20.21875,True
Zhoues/RoboRefer-2B-SFT,obj1_farther,output/phasevar_5/0005_phA01_phB01.png,Is the magenta sphere farther from the camera than the cyan cube? Answer with yes or no.,Yes,Yes,22.40625,20.328125,True
Zhoues/RoboRefer-2B-SFT,obj1_farther,output/phasevar_5/0005_phA01_phB02.png,Is the magenta sphere farther from the camera than the cyan cube? Answer with yes or no.,Yes,Yes,22.21875,20.203125,True
Zhoues/RoboRefer-2B-SFT,obj1_farther,output/phasevar_5/0005_phA01_phB03.png,Is the magenta sphere farther from the camera than the cyan cube? Answer with yes or no.,Yes,Yes,21.984375,20.28125,True
Zhoues/RoboRefer-2B-SFT,obj1_farther,output/phasevar_5/0005_phA01_phB04.png,Is the magenta sphere farther from the camera than the cyan cube? Answer with yes or no.,Yes,Yes,22.25,19.9375,True
Zhoues/RoboRefer-2B-SFT,obj1_farther,output/phasevar_5/0005_phA01_phB05.png,Is the magenta sphere farther from the camera than the cyan cube? Answer with yes or no.,Yes,Yes,22.390625,20.125,True
Zhoues/RoboRefer-2B-SFT,obj1_farther,output/phasevar_5/0005_phA01_phB06.png,Is the magenta sphere farther from the camera than the cyan cube? Answer with yes or no.,Yes,Yes,22.828125,20.09375,True
Zhoues/RoboRefer-2B-SFT,obj1_farther,output/phasevar_5/0005_phA01_phB07.png,Is the magenta sphere farther from the camera than the cyan cube? Answer with yes or no.,Yes,Yes,22.734375,20.046875,True
Zhoues/RoboRefer-2B-SFT,obj1_farther,output/phasevar_5/0005_phA01_phB08.png,Is the magenta sphere farther from the camera than the cyan cube? Answer with yes or no.,Yes,Yes,22.8125,20.015625,True
Zhoues/RoboRefer-2B-SFT,obj1_farther,output/phasevar_5/0005_phA01_phB09.png,Is the magenta sphere farther from the camera than the cyan cube? Answer with yes or no.,Yes,Yes,22.75,20.25,True
Zhoues/RoboRefer-2B-SFT,obj1_farther,output/phasevar_5/0005_phA01_phB10.png,Is the magenta sphere farther from the camera than the cyan cube? Answer with yes or no.,Yes,Yes,22.921875,20.109375,True
Zhoues/RoboRefer-2B-SFT,obj1_farther,output/phasevar_5/0005_phA01_phB11.png,Is the magenta sphere farther from the camera than the cyan cube? Answer with yes or no.,Yes,Yes,22.515625,20.296875,True
Zhoues/RoboRefer-2B-SFT,obj1_farther,output/phasevar_5/0005_phA01_phB12.png,Is the magenta sphere farther from the camera than the cyan cube? Answer with yes or no.,Yes,Yes,22.421875,20.453125,True
Zhoues/RoboRefer-2B-SFT,obj1_farther,output/phasevar_5/0005_phA01_phB13.png,Is the magenta sphere farther from the camera than the cyan cube? Answer with yes or no.,Yes,Yes,22.546875,20.359375,True
Zhoues/RoboRefer-2B-SFT,obj1_farther,output/phasevar_5/0005_phA01_phB14.png,Is the magenta sphere farther from the camera than the cyan cube? Answer with yes or no.,Yes,Yes,23.046875,20.234375,True
Zhoues/RoboRefer-2B-SFT,obj1_farther,output/phasevar_5/0005_phA01_phB15.png,Is the magenta sphere farther from the camera than the cyan cube? Answer with yes or no.,Yes,Yes,22.640625,20.171875,True
Zhoues/RoboRefer-2B-SFT,obj1_farther,output/phasevar_5/0005_phA02_phB00.png,Is the magenta sphere farther from the camera than the cyan cube? Answer with yes or no.,Yes,Yes,22.671875,20.28125,True
Zhoues/RoboRefer-2B-SFT,obj1_farther,output/phasevar_5/0005_phA02_phB01.png,Is the magenta sphere farther from the camera than the cyan cube? Answer with yes or no.,Yes,Yes,22.515625,20.421875,True
Zhoues/RoboRefer-2B-SFT,obj1_farther,output/phasevar_5/0005_phA02_phB02.png,Is the magenta sphere farther from the camera than the cyan cube? Answer with yes or no.,Yes,Yes,22.328125,20.3125,True
Zhoues/RoboRefer-2B-SFT,obj1_farther,output/phasevar_5/0005_phA02_phB03.png,Is the magenta sphere farther from the camera than the cyan cube? Answer with yes or no.,Yes,Yes,22.046875,20.421875,True
Zhoues/RoboRefer-2B-SFT,obj1_farther,output/phasevar_5/0005_phA02_phB04.png,Is the magenta sphere farther from the camera than the cyan cube? Answer with yes or no.,Yes,Yes,22.359375,20.03125,True
Zhoues/RoboRefer-2B-SFT,obj1_farther,output/phasevar_5/0005_phA02_phB05.png,Is the magenta sphere farther from the camera than the cyan cube? Answer with yes or no.,Yes,Yes,22.453125,20.171875,True
Zhoues/RoboRefer-2B-SFT,obj1_farther,output/phasevar_5/0005_phA02_phB06.png,Is the magenta sphere farther from the camera than the cyan cube? Answer with yes or no.,Yes,Yes,22.890625,20.25,True
Zhoues/RoboRefer-2B-SFT,obj1_farther,output/phasevar_5/0005_phA02_phB07.png,Is the magenta sphere farther from the camera than the cyan cube? Answer with yes or no.,Yes,Yes,22.765625,20.171875,True
Zhoues/RoboRefer-2B-SFT,obj1_farther,output/phasevar_5/0005_phA02_phB08.png,Is the magenta sphere farther from the camera than the cyan cube? Answer with yes or no.,Yes,Yes,22.796875,20.109375,True
Zhoues/RoboRefer-2B-SFT,obj1_farther,output/phasevar_5/0005_phA02_phB09.png,Is the magenta sphere farther from the camera than the cyan cube? Answer with yes or no.,Yes,Yes,22.75,20.4375,True
Zhoues/RoboRefer-2B-SFT,obj1_farther,output/phasevar_5/0005_phA02_phB10.png,Is the magenta sphere farther from the camera than the cyan cube? Answer with yes or no.,Yes,Yes,22.921875,20.3125,True
Zhoues/RoboRefer-2B-SFT,obj1_farther,output/phasevar_5/0005_phA02_phB11.png,Is the magenta sphere farther from the camera than the cyan cube? Answer with yes or no.,Yes,Yes,22.5,20.40625,True
Zhoues/RoboRefer-2B-SFT,obj1_farther,output/phasevar_5/0005_phA02_phB12.png,Is the magenta sphere farther from the camera than the cyan cube? Answer with yes or no.,Yes,Yes,22.40625,20.5625,True
Zhoues/RoboRefer-2B-SFT,obj1_farther,output/phasevar_5/0005_phA02_phB13.png,Is the magenta sphere farther from the camera than the cyan cube? Answer with yes or no.,Yes,Yes,22.578125,20.46875,True
Zhoues/RoboRefer-2B-SFT,obj1_farther,output/phasevar_5/0005_phA02_phB14.png,Is the magenta sphere farther from the camera than the cyan cube? Answer with yes or no.,Yes,Yes,23.078125,20.3125,True
Zhoues/RoboRefer-2B-SFT,obj1_farther,output/phasevar_5/0005_phA02_phB15.png,Is the magenta sphere farther from the camera than the cyan cube? Answer with yes or no.,Yes,Yes,22.578125,20.359375,True
Zhoues/RoboRefer-2B-SFT,obj1_farther,output/phasevar_5/0005_phA03_phB00.png,Is the magenta sphere farther from the camera than the cyan cube? Answer with yes or no.,Yes,Yes,22.75,20.15625,True
Zhoues/RoboRefer-2B-SFT,obj1_farther,output/phasevar_5/0005_phA03_phB01.png,Is the magenta sphere farther from the camera than the cyan cube? Answer with yes or no.,Yes,Yes,22.578125,20.25,True
Zhoues/RoboRefer-2B-SFT,obj1_farther,output/phasevar_5/0005_phA03_phB02.png,Is the magenta sphere farther from the camera than the cyan cube? Answer with yes or no.,Yes,Yes,22.28125,20.109375,True
Zhoues/RoboRefer-2B-SFT,obj1_farther,output/phasevar_5/0005_phA03_phB03.png,Is the magenta sphere farther from the camera than the cyan cube? Answer with yes or no.,Yes,Yes,22.25,20.1875,True
Zhoues/RoboRefer-2B-SFT,obj1_farther,output/phasevar_5/0005_phA03_phB04.png,Is the magenta sphere farther from the camera than the cyan cube? Answer with yes or no.,Yes,Yes,22.40625,19.90625,True
Zhoues/RoboRefer-2B-SFT,obj1_farther,output/phasevar_5/0005_phA03_phB05.png,Is the magenta sphere farther from the camera than the cyan cube? Answer with yes or no.,Yes,Yes,22.671875,19.9375,True
Zhoues/RoboRefer-2B-SFT,obj1_farther,output/phasevar_5/0005_phA03_phB06.png,Is the magenta sphere farther from the camera than the cyan cube? Answer with yes or no.,Yes,Yes,22.984375,19.96875,True
Zhoues/RoboRefer-2B-SFT,obj1_farther,output/phasevar_5/0005_phA03_phB07.png,Is the magenta sphere farther from the camera than the cyan cube? Answer with yes or no.,Yes,Yes,22.875,19.984375,True
Zhoues/RoboRefer-2B-SFT,obj1_farther,output/phasevar_5/0005_phA03_phB08.png,Is the magenta sphere farther from the camera than the cyan cube? Answer with yes or no.,Yes,Yes,22.875,19.921875,True
Zhoues/RoboRefer-2B-SFT,obj1_farther,output/phasevar_5/0005_phA03_phB09.png,Is the magenta sphere farther from the camera than the cyan cube? Answer with yes or no.,Yes,Yes,22.875,20.1875,True
Zhoues/RoboRefer-2B-SFT,obj1_farther,output/phasevar_5/0005_phA03_phB10.png,Is the magenta sphere farther from the camera than the cyan cube? Answer with yes or no.,Yes,Yes,22.921875,20.03125,True
Zhoues/RoboRefer-2B-SFT,obj1_farther,output/phasevar_5/0005_phA03_phB11.png,Is the magenta sphere farther from the camera than the cyan cube? Answer with yes or no.,Yes,Yes,22.625,20.21875,True
Zhoues/RoboRefer-2B-SFT,obj1_farther,output/phasevar_5/0005_phA03_phB12.png,Is the magenta sphere farther from the camera than the cyan cube? Answer with yes or no.,Yes,Yes,22.53125,20.359375,True
Zhoues/RoboRefer-2B-SFT,obj1_farther,output/phasevar_5/0005_phA03_phB13.png,Is the magenta sphere farther from the camera than the cyan cube? Answer with yes or no.,Yes,Yes,22.59375,20.296875,True
Zhoues/RoboRefer-2B-SFT,obj1_farther,output/phasevar_5/0005_phA03_phB14.png,Is the magenta sphere farther from the camera than the cyan cube? Answer with yes or no.,Yes,Yes,23.109375,20.21875,True
Zhoues/RoboRefer-2B-SFT,obj1_farther,output/phasevar_5/0005_phA03_phB15.png,Is the magenta sphere farther from the camera than the cyan cube? Answer with yes or no.,Yes,Yes,22.640625,20.234375,True
Zhoues/RoboRefer-2B-SFT,obj1_farther,output/phasevar_5/0005_phA04_phB00.png,Is the magenta sphere farther from the camera than the cyan cube? Answer with yes or no.,Yes,Yes,22.84375,20.296875,True
Zhoues/RoboRefer-2B-SFT,obj1_farther,output/phasevar_5/0005_phA04_phB01.png,Is the magenta sphere farther from the camera than the cyan cube? Answer with yes or no.,Yes,Yes,22.671875,20.296875,True
Zhoues/RoboRefer-2B-SFT,obj1_farther,output/phasevar_5/0005_phA04_phB02.png,Is the magenta sphere farther from the camera than the cyan cube? Answer with yes or no.,Yes,Yes,22.4375,20.140625,True
Zhoues/RoboRefer-2B-SFT,obj1_farther,output/phasevar_5/0005_phA04_phB03.png,Is the magenta sphere farther from the camera than the cyan cube? Answer with yes or no.,Yes,Yes,22.328125,20.25,True
Zhoues/RoboRefer-2B-SFT,obj1_farther,output/phasevar_5/0005_phA04_phB04.png,Is the magenta sphere farther from the camera than the cyan cube? Answer with yes or no.,Yes,Yes,22.375,20.015625,True
Zhoues/RoboRefer-2B-SFT,obj1_farther,output/phasevar_5/0005_phA04_phB05.png,Is the magenta sphere farther from the camera than the cyan cube? Answer with yes or no.,Yes,Yes,22.703125,20.046875,True
Zhoues/RoboRefer-2B-SFT,obj1_farther,output/phasevar_5/0005_phA04_phB06.png,Is the magenta sphere farther from the camera than the cyan cube? Answer with yes or no.,Yes,Yes,23.03125,19.96875,True
Zhoues/RoboRefer-2B-SFT,obj1_farther,output/phasevar_5/0005_phA04_phB07.png,Is the magenta sphere farther from the camera than the cyan cube? Answer with yes or no.,Yes,Yes,22.90625,20.03125,True
Zhoues/RoboRefer-2B-SFT,obj1_farther,output/phasevar_5/0005_phA04_phB08.png,Is the magenta sphere farther from the camera than the cyan cube? Answer with yes or no.,Yes,Yes,22.90625,20.046875,True
Zhoues/RoboRefer-2B-SFT,obj1_farther,output/phasevar_5/0005_phA04_phB09.png,Is the magenta sphere farther from the camera than the cyan cube? Answer with yes or no.,Yes,Yes,22.859375,20.3125,True
Zhoues/RoboRefer-2B-SFT,obj1_farther,output/phasevar_5/0005_phA04_phB10.png,Is the magenta sphere farther from the camera than the cyan cube? Answer with yes or no.,Yes,Yes,22.9375,20.078125,True
Zhoues/RoboRefer-2B-SFT,obj1_farther,output/phasevar_5/0005_phA04_phB11.png,Is the magenta sphere farther from the camera than the cyan cube? Answer with yes or no.,Yes,Yes,22.5625,20.28125,True
Zhoues/RoboRefer-2B-SFT,obj1_farther,output/phasevar_5/0005_phA04_phB12.png,Is the magenta sphere farther from the camera than the cyan cube? Answer with yes or no.,Yes,Yes,22.53125,20.40625,True
Zhoues/RoboRefer-2B-SFT,obj1_farther,output/phasevar_5/0005_phA04_phB13.png,Is the magenta sphere farther from the camera than the cyan cube? Answer with yes or no.,Yes,Yes,22.5625,20.25,True
Zhoues/RoboRefer-2B-SFT,obj1_farther,output/phasevar_5/0005_phA04_phB14.png,Is the magenta sphere farther from the camera than the cyan cube? Answer with yes or no.,Yes,Yes,23.15625,20.203125,True
Zhoues/RoboRefer-2B-SFT,obj1_farther,output/phasevar_5/0005_phA04_phB15.png,Is the magenta sphere farther from the camera than the cyan cube? Answer with yes or no.,Yes,Yes,22.71875,20.328125,True
Zhoues/RoboRefer-2B-SFT,obj1_farther,output/phasevar_5/0005_phA05_phB00.png,Is the magenta sphere farther from the camera than the cyan cube? Answer with yes or no.,Yes,Yes,22.671875,20.15625,True
Zhoues/RoboRefer-2B-SFT,obj1_farther,output/phasevar_5/0005_phA05_phB01.png,Is the magenta sphere farther from the camera than the cyan cube? Answer with yes or no.,Yes,Yes,22.5,20.234375,True
Zhoues/RoboRefer-2B-SFT,obj1_farther,output/phasevar_5/0005_phA05_phB02.png,Is the magenta sphere farther from the camera than the cyan cube? Answer with yes or no.,Yes,Yes,22.328125,20.09375,True
Zhoues/RoboRefer-2B-SFT,obj1_farther,output/phasevar_5/0005_phA05_phB03.png,Is the magenta sphere farther from the camera than the cyan cube? Answer with yes or no.,Yes,Yes,22.265625,20.265625,True
Zhoues/RoboRefer-2B-SFT,obj1_farther,output/phasevar_5/0005_phA05_phB04.png,Is the magenta sphere farther from the camera than the cyan cube? Answer with yes or no.,Yes,Yes,22.296875,19.921875,True
Zhoues/RoboRefer-2B-SFT,obj1_farther,output/phasevar_5/0005_phA05_phB05.png,Is the magenta sphere farther from the camera than the cyan cube? Answer with yes or no.,Yes,Yes,22.578125,20.109375,True
Zhoues/RoboRefer-2B-SFT,obj1_farther,output/phasevar_5/0005_phA05_phB06.png,Is the magenta sphere farther from the camera than the cyan cube? Answer with yes or no.,Yes,Yes,22.890625,20.09375,True
Zhoues/RoboRefer-2B-SFT,obj1_farther,output/phasevar_5/0005_phA05_phB07.png,Is the magenta sphere farther from the camera than the cyan cube? Answer with yes or no.,Yes,Yes,22.796875,20.046875,True
Zhoues/RoboRefer-2B-SFT,obj1_farther,output/phasevar_5/0005_phA05_phB08.png,Is the magenta sphere farther from the camera than the cyan cube? Answer with yes or no.,Yes,Yes,22.78125,20.0625,True
Zhoues/RoboRefer-2B-SFT,obj1_farther,output/phasevar_5/0005_phA05_phB09.png,Is the magenta sphere farther from the camera than the cyan cube? Answer with yes or no.,Yes,Yes,22.6875,20.3125,True
Zhoues/RoboRefer-2B-SFT,obj1_farther,output/phasevar_5/0005_phA05_phB10.png,Is the magenta sphere farther from the camera than the cyan cube? Answer with yes or no.,Yes,Yes,22.828125,20.265625,True
Zhoues/RoboRefer-2B-SFT,obj1_farther,output/phasevar_5/0005_phA05_phB11.png,Is the magenta sphere farther from the camera than the cyan cube? Answer with yes or no.,Yes,Yes,22.40625,20.375,True
Zhoues/RoboRefer-2B-SFT,obj1_farther,output/phasevar_5/0005_phA05_phB12.png,Is the magenta sphere farther from the camera than the cyan cube? Answer with yes or no.,Yes,Yes,22.328125,20.453125,True
Zhoues/RoboRefer-2B-SFT,obj1_farther,output/phasevar_5/0005_phA05_phB13.png,Is the magenta sphere farther from the camera than the cyan cube? Answer with yes or no.,Yes,Yes,22.40625,20.296875,True
Zhoues/RoboRefer-2B-SFT,obj1_farther,output/phasevar_5/0005_phA05_phB14.png,Is the magenta sphere farther from the camera than the cyan cube? Answer with yes or no.,Yes,Yes,23.0625,20.21875,True
Zhoues/RoboRefer-2B-SFT,obj1_farther,output/phasevar_5/0005_phA05_phB15.png,Is the magenta sphere farther from the camera than the cyan cube? Answer with yes or no.,Yes,Yes,22.5625,20.171875,True
Zhoues/RoboRefer-2B-SFT,obj1_farther,output/phasevar_5/0005_phA06_phB00.png,Is the magenta sphere farther from the camera than the cyan cube? Answer with yes or no.,Yes,Yes,22.515625,20.078125,True
Zhoues/RoboRefer-2B-SFT,obj1_farther,output/phasevar_5/0005_phA06_phB01.png,Is the magenta sphere farther from the camera than the cyan cube? Answer with yes or no.,Yes,Yes,22.359375,20.171875,True
Zhoues/RoboRefer-2B-SFT,obj1_farther,output/phasevar_5/0005_phA06_phB02.png,Is the magenta sphere farther from the camera than the cyan cube? Answer with yes or no.,Yes,Yes,22.25,20.125,True
Zhoues/RoboRefer-2B-SFT,obj1_farther,output/phasevar_5/0005_phA06_phB03.png,Is the magenta sphere farther from the camera than the cyan cube? Answer with yes or no.,Yes,Yes,22.109375,20.203125,True
Zhoues/RoboRefer-2B-SFT,obj1_farther,output/phasevar_5/0005_phA06_phB04.png,Is the magenta sphere farther from the camera than the cyan cube? Answer with yes or no.,Yes,Yes,22.125,19.90625,True
Zhoues/RoboRefer-2B-SFT,obj1_farther,output/phasevar_5/0005_phA06_phB05.png,Is the magenta sphere farther from the camera than the cyan cube? Answer with yes or no.,Yes,Yes,22.25,20.125,True
Zhoues/RoboRefer-2B-SFT,obj1_farther,output/phasevar_5/0005_phA06_phB06.png,Is the magenta sphere farther from the camera than the cyan cube? Answer with yes or no.,Yes,Yes,22.765625,20.15625,True
Zhoues/RoboRefer-2B-SFT,obj1_farther,output/phasevar_5/0005_phA06_phB07.png,Is the magenta sphere farther from the camera than the cyan cube? Answer with yes or no.,Yes,Yes,22.6875,20.171875,True
Zhoues/RoboRefer-2B-SFT,obj1_farther,output/phasevar_5/0005_phA06_phB08.png,Is the magenta sphere farther from the camera than the cyan cube? Answer with yes or no.,Yes,Yes,22.671875,20.25,True
Zhoues/RoboRefer-2B-SFT,obj1_farther,output/phasevar_5/0005_phA06_phB09.png,Is the magenta sphere farther from the camera than the cyan cube? Answer with yes or no.,Yes,Yes,22.515625,20.328125,True
Zhoues/RoboRefer-2B-SFT,obj1_farther,output/phasevar_5/0005_phA06_phB10.png,Is the magenta sphere farther from the camera than the cyan cube? Answer with yes or no.,Yes,Yes,22.625,20.3125,True
Zhoues/RoboRefer-2B-SFT,obj1_farther,output/phasevar_5/0005_phA06_phB11.png,Is the magenta sphere farther from the camera than the cyan cube? Answer with yes or no.,Yes,Yes,22.109375,20.265625,True
Zhoues/RoboRefer-2B-SFT,obj1_farther,output/phasevar_5/0005_phA06_phB12.png,Is the magenta sphere farther from the camera than the cyan cube? Answer with yes or no.,Yes,Yes,22.078125,20.25,True
Zhoues/RoboRefer-2B-SFT,obj1_farther,output/phasevar_5/0005_phA06_phB13.png,Is the magenta sphere farther from the camera than the cyan cube? Answer with yes or no.,Yes,Yes,22.15625,20.21875,True
Zhoues/RoboRefer-2B-SFT,obj1_farther,output/phasevar_5/0005_phA06_phB14.png,Is the magenta sphere farther from the camera than the cyan cube? Answer with yes or no.,Yes,Yes,22.953125,20.09375,True
Zhoues/RoboRefer-2B-SFT,obj1_farther,output/phasevar_5/0005_phA06_phB15.png,Is the magenta sphere farther from the camera than the cyan cube? Answer with yes or no.,Yes,Yes,22.40625,20.0625,True
Zhoues/RoboRefer-2B-SFT,obj1_farther,output/phasevar_5/0005_phA07_phB00.png,Is the magenta sphere farther from the camera than the cyan cube? Answer with yes or no.,Yes,Yes,22.609375,19.875,True
Zhoues/RoboRefer-2B-SFT,obj1_farther,output/phasevar_5/0005_phA07_phB01.png,Is the magenta sphere farther from the camera than the cyan cube? Answer with yes or no.,Yes,Yes,22.515625,20.0625,True
Zhoues/RoboRefer-2B-SFT,obj1_farther,output/phasevar_5/0005_phA07_phB02.png,Is the magenta sphere farther from the camera than the cyan cube? Answer with yes or no.,Yes,Yes,22.34375,20.0,True
Zhoues/RoboRefer-2B-SFT,obj1_farther,output/phasevar_5/0005_phA07_phB03.png,Is the magenta sphere farther from the camera than the cyan cube? Answer with yes or no.,Yes,Yes,22.109375,20.078125,True
Zhoues/RoboRefer-2B-SFT,obj1_farther,output/phasevar_5/0005_phA07_phB04.png,Is the magenta sphere farther from the camera than the cyan cube? Answer with yes or no.,Yes,Yes,22.171875,19.75,True
Zhoues/RoboRefer-2B-SFT,obj1_farther,output/phasevar_5/0005_phA07_phB05.png,Is the magenta sphere farther from the camera than the cyan cube? Answer with yes or no.,Yes,Yes,22.265625,19.984375,True
Zhoues/RoboRefer-2B-SFT,obj1_farther,output/phasevar_5/0005_phA07_phB06.png,Is the magenta sphere farther from the camera than the cyan cube? Answer with yes or no.,Yes,Yes,22.734375,19.90625,True
Zhoues/RoboRefer-2B-SFT,obj1_farther,output/phasevar_5/0005_phA07_phB07.png,Is the magenta sphere farther from the camera than the cyan cube? Answer with yes or no.,Yes,Yes,22.765625,19.875,True
Zhoues/RoboRefer-2B-SFT,obj1_farther,output/phasevar_5/0005_phA07_phB08.png,Is the magenta sphere farther from the camera than the cyan cube? Answer with yes or no.,Yes,Yes,22.796875,19.828125,True
Zhoues/RoboRefer-2B-SFT,obj1_farther,output/phasevar_5/0005_phA07_phB09.png,Is the magenta sphere farther from the camera than the cyan cube? Answer with yes or no.,Yes,Yes,22.6875,19.984375,True
Zhoues/RoboRefer-2B-SFT,obj1_farther,output/phasevar_5/0005_phA07_phB10.png,Is the magenta sphere farther from the camera than the cyan cube? Answer with yes or no.,Yes,Yes,22.75,19.90625,True
Zhoues/RoboRefer-2B-SFT,obj1_farther,output/phasevar_5/0005_phA07_phB11.png,Is the magenta sphere farther from the camera than the cyan cube? Answer with yes or no.,Yes,Yes,22.28125,19.984375,True
Zhoues/RoboRefer-2B-SFT,obj1_farther,output/phasevar_5/0005_phA07_phB12.png,Is the magenta sphere farther from the camera than the cyan cube? Answer with yes or no.,Yes,Yes,22.265625,19.921875,True
Zhoues/RoboRefer-2B-SFT,obj1_farther,output/phasevar_5/0005_phA07_phB13.png,Is the magenta sphere farther from the camera than the cyan cube? Answer with yes or no.,Yes,Yes,22.3125,19.90625,True
Zhoues/RoboRefer-2B-SFT,obj1_farther,output/phasevar_5/0005_phA07_phB14.png,Is the magenta sphere farther from the camera than the cyan cube? Answer with yes or no.,Yes,Yes,23.0,19.84375,True
Zhoues/RoboRefer-2B-SFT,obj1_farther,output/phasevar_5/0005_phA07_phB15.png,Is the magenta sphere farther from the camera than the cyan cube? Answer with yes or no.,Yes,Yes,22.5,19.90625,True
Zhoues/RoboRefer-2B-SFT,obj1_farther,output/phasevar_5/0005_phA08_phB00.png,Is the magenta sphere farther from the camera than the cyan cube? Answer with yes or no.,Yes,Yes,22.515625,19.984375,True
Zhoues/RoboRefer-2B-SFT,obj1_farther,output/phasevar_5/0005_phA08_phB01.png,Is the magenta sphere farther from the camera than the cyan cube? Answer with yes or no.,Yes,Yes,22.328125,20.140625,True
Zhoues/RoboRefer-2B-SFT,obj1_farther,output/phasevar_5/0005_phA08_phB02.png,Is the magenta sphere farther from the camera than the cyan cube? Answer with yes or no.,Yes,Yes,22.09375,20.03125,True
Zhoues/RoboRefer-2B-SFT,obj1_farther,output/phasevar_5/0005_phA08_phB03.png,Is the magenta sphere farther from the camera than the cyan cube? Answer with yes or no.,Yes,Yes,22.03125,20.15625,True
Zhoues/RoboRefer-2B-SFT,obj1_farther,output/phasevar_5/0005_phA08_phB04.png,Is the magenta sphere farther from the camera than the cyan cube? Answer with yes or no.,Yes,Yes,22.078125,19.78125,True
Zhoues/RoboRefer-2B-SFT,obj1_farther,output/phasevar_5/0005_phA08_phB05.png,Is the magenta sphere farther from the camera than the cyan cube? Answer with yes or no.,Yes,Yes,22.140625,20.046875,True
Zhoues/RoboRefer-2B-SFT,obj1_farther,output/phasevar_5/0005_phA08_phB06.png,Is the magenta sphere farther from the camera than the cyan cube? Answer with yes or no.,Yes,Yes,22.6875,20.0625,True
Zhoues/RoboRefer-2B-SFT,obj1_farther,output/phasevar_5/0005_phA08_phB07.png,Is the magenta sphere farther from the camera than the cyan cube? Answer with yes or no.,Yes,Yes,22.65625,20.046875,True
Zhoues/RoboRefer-2B-SFT,obj1_farther,output/phasevar_5/0005_phA08_phB08.png,Is the magenta sphere farther from the camera than the cyan cube? Answer with yes or no.,Yes,Yes,22.71875,19.90625,True
Zhoues/RoboRefer-2B-SFT,obj1_farther,output/phasevar_5/0005_phA08_phB09.png,Is the magenta sphere farther from the camera than the cyan cube? Answer with yes or no.,Yes,Yes,22.640625,20.015625,True
Zhoues/RoboRefer-2B-SFT,obj1_farther,output/phasevar_5/0005_phA08_phB10.png,Is the magenta sphere farther from the camera than the cyan cube? Answer with yes or no.,Yes,Yes,22.703125,19.921875,True
Zhoues/RoboRefer-2B-SFT,obj1_farther,output/phasevar_5/0005_phA08_phB11.png,Is the magenta sphere farther from the camera than the cyan cube? Answer with yes or no.,Yes,Yes,22.265625,20.109375,True
Zhoues/RoboRefer-2B-SFT,obj1_farther,output/phasevar_5/0005_phA08_phB12.png,Is the magenta sphere farther from the camera than the cyan cube? Answer with yes or no.,Yes,Yes,22.25,20.0,True
Zhoues/RoboRefer-2B-SFT,obj1_farther,output/phasevar_5/0005_phA08_phB13.png,Is the magenta sphere farther from the camera than the cyan cube? Answer with yes or no.,Yes,Yes,22.3125,19.984375,True
Zhoues/RoboRefer-2B-SFT,obj1_farther,output/phasevar_5/0005_phA08_phB14.png,Is the magenta sphere farther from the camera than the cyan cube? Answer with yes or no.,Yes,Yes,22.953125,20.015625,True
Zhoues/RoboRefer-2B-SFT,obj1_farther,output/phasevar_5/0005_phA08_phB15.png,Is the magenta sphere farther from the camera than the cyan cube? Answer with yes or no.,Yes,Yes,22.46875,20.03125,True
Zhoues/RoboRefer-2B-SFT,obj1_farther,output/phasevar_5/0005_phA09_phB00.png,Is the magenta sphere farther from the camera than the cyan cube? Answer with yes or no.,Yes,Yes,22.515625,19.984375,True
Zhoues/RoboRefer-2B-SFT,obj1_farther,output/phasevar_5/0005_phA09_phB01.png,Is the magenta sphere farther from the camera than the cyan cube? Answer with yes or no.,Yes,Yes,22.234375,20.1875,True
Zhoues/RoboRefer-2B-SFT,obj1_farther,output/phasevar_5/0005_phA09_phB02.png,Is the magenta sphere farther from the camera than the cyan cube? Answer with yes or no.,Yes,Yes,22.125,20.0625,True
Zhoues/RoboRefer-2B-SFT,obj1_farther,output/phasevar_5/0005_phA09_phB03.png,Is the magenta sphere farther from the camera than the cyan cube? Answer with yes or no.,Yes,Yes,21.984375,20.109375,True
Zhoues/RoboRefer-2B-SFT,obj1_farther,output/phasevar_5/0005_phA09_phB04.png,Is the magenta sphere farther from the camera than the cyan cube? Answer with yes or no.,Yes,Yes,22.125,19.859375,True
Zhoues/RoboRefer-2B-SFT,obj1_farther,output/phasevar_5/0005_phA09_phB05.png,Is the magenta sphere farther from the camera than the cyan cube? Answer with yes or no.,Yes,Yes,22.1875,19.9375,True
Zhoues/RoboRefer-2B-SFT,obj1_farther,output/phasevar_5/0005_phA09_phB06.png,Is the magenta sphere farther from the camera than the cyan cube? Answer with yes or no.,Yes,Yes,22.671875,20.03125,True
Zhoues/RoboRefer-2B-SFT,obj1_farther,output/phasevar_5/0005_phA09_phB07.png,Is the magenta sphere farther from the camera than the cyan cube? Answer with yes or no.,Yes,Yes,22.640625,20.0625,True
Zhoues/RoboRefer-2B-SFT,obj1_farther,output/phasevar_5/0005_phA09_phB08.png,Is the magenta sphere farther from the camera than the cyan cube? Answer with yes or no.,Yes,Yes,22.75,19.75,True
Zhoues/RoboRefer-2B-SFT,obj1_farther,output/phasevar_5/0005_phA09_phB09.png,Is the magenta sphere farther from the camera than the cyan cube? Answer with yes or no.,Yes,Yes,22.6875,19.96875,True
Zhoues/RoboRefer-2B-SFT,obj1_farther,output/phasevar_5/0005_phA09_phB10.png,Is the magenta sphere farther from the camera than the cyan cube? Answer with yes or no.,Yes,Yes,22.6875,19.921875,True
Zhoues/RoboRefer-2B-SFT,obj1_farther,output/phasevar_5/0005_phA09_phB11.png,Is the magenta sphere farther from the camera than the cyan cube? Answer with yes or no.,Yes,Yes,22.328125,20.109375,True
Zhoues/RoboRefer-2B-SFT,obj1_farther,output/phasevar_5/0005_phA09_phB12.png,Is the magenta sphere farther from the camera than the cyan cube? Answer with yes or no.,Yes,Yes,22.3125,20.078125,True
Zhoues/RoboRefer-2B-SFT,obj1_farther,output/phasevar_5/0005_phA09_phB13.png,Is the magenta sphere farther from the camera than the cyan cube? Answer with yes or no.,Yes,Yes,22.359375,20.0,True
Zhoues/RoboRefer-2B-SFT,obj1_farther,output/phasevar_5/0005_phA09_phB14.png,Is the magenta sphere farther from the camera than the cyan cube? Answer with yes or no.,Yes,Yes,22.984375,19.953125,True
Zhoues/RoboRefer-2B-SFT,obj1_farther,output/phasevar_5/0005_phA09_phB15.png,Is the magenta sphere farther from the camera than the cyan cube? Answer with yes or no.,Yes,Yes,22.5,20.0625,True
Zhoues/RoboRefer-2B-SFT,obj1_farther,output/phasevar_5/0005_phA10_phB00.png,Is the magenta sphere farther from the camera than the cyan cube? Answer with yes or no.,Yes,Yes,22.53125,20.03125,True
Zhoues/RoboRefer-2B-SFT,obj1_farther,output/phasevar_5/0005_phA10_phB01.png,Is the magenta sphere farther from the camera than the cyan cube? Answer with yes or no.,Yes,Yes,22.21875,20.265625,True
Zhoues/RoboRefer-2B-SFT,obj1_farther,output/phasevar_5/0005_phA10_phB02.png,Is the magenta sphere farther from the camera than the cyan cube? Answer with yes or no.,Yes,Yes,22.3125,20.203125,True
Zhoues/RoboRefer-2B-SFT,obj1_farther,output/phasevar_5/0005_phA10_phB03.png,Is the magenta sphere farther from the camera than the cyan cube? Answer with yes or no.,Yes,Yes,22.046875,20.140625,True
Zhoues/RoboRefer-2B-SFT,obj1_farther,output/phasevar_5/0005_phA10_phB04.png,Is the magenta sphere farther from the camera than the cyan cube? Answer with yes or no.,Yes,Yes,22.140625,19.921875,True
Zhoues/RoboRefer-2B-SFT,obj1_farther,output/phasevar_5/0005_phA10_phB05.png,Is the magenta sphere farther from the camera than the cyan cube? Answer with yes or no.,Yes,Yes,22.3125,20.0,True
Zhoues/RoboRefer-2B-SFT,obj1_farther,output/phasevar_5/0005_phA10_phB06.png,Is the magenta sphere farther from the camera than the cyan cube? Answer with yes or no.,Yes,Yes,22.671875,20.21875,True
Zhoues/RoboRefer-2B-SFT,obj1_farther,output/phasevar_5/0005_phA10_phB07.png,Is the magenta sphere farther from the camera than the cyan cube? Answer with yes or no.,Yes,Yes,22.703125,20.25,True
Zhoues/RoboRefer-2B-SFT,obj1_farther,output/phasevar_5/0005_phA10_phB08.png,Is the magenta sphere farther from the camera than the cyan cube? Answer with yes or no.,Yes,Yes,22.84375,20.0625,True
Zhoues/RoboRefer-2B-SFT,obj1_farther,output/phasevar_5/0005_phA10_phB09.png,Is the magenta sphere farther from the camera than the cyan cube? Answer with yes or no.,Yes,Yes,22.71875,20.09375,True
Zhoues/RoboRefer-2B-SFT,obj1_farther,output/phasevar_5/0005_phA10_phB10.png,Is the magenta sphere farther from the camera than the cyan cube? Answer with yes or no.,Yes,Yes,22.78125,19.921875,True
Zhoues/RoboRefer-2B-SFT,obj1_farther,output/phasevar_5/0005_phA10_phB11.png,Is the magenta sphere farther from the camera than the cyan cube? Answer with yes or no.,Yes,Yes,22.625,19.96875,True
Zhoues/RoboRefer-2B-SFT,obj1_farther,output/phasevar_5/0005_phA10_phB12.png,Is the magenta sphere farther from the camera than the cyan cube? Answer with yes or no.,Yes,Yes,22.609375,19.953125,True
Zhoues/RoboRefer-2B-SFT,obj1_farther,output/phasevar_5/0005_phA10_phB13.png,Is the magenta sphere farther from the camera than the cyan cube? Answer with yes or no.,Yes,Yes,22.640625,19.9375,True
Zhoues/RoboRefer-2B-SFT,obj1_farther,output/phasevar_5/0005_phA10_phB14.png,Is the magenta sphere farther from the camera than the cyan cube? Answer with yes or no.,Yes,Yes,23.140625,19.703125,True
Zhoues/RoboRefer-2B-SFT,obj1_farther,output/phasevar_5/0005_phA10_phB15.png,Is the magenta sphere farther from the camera than the cyan cube? Answer with yes or no.,Yes,Yes,22.578125,19.96875,True
Zhoues/RoboRefer-2B-SFT,obj1_farther,output/phasevar_5/0005_phA11_phB00.png,Is the magenta sphere farther from the camera than the cyan cube? Answer with yes or no.,Yes,Yes,22.453125,20.140625,True
Zhoues/RoboRefer-2B-SFT,obj1_farther,output/phasevar_5/0005_phA11_phB01.png,Is the magenta sphere farther from the camera than the cyan cube? Answer with yes or no.,Yes,Yes,22.09375,20.34375,True
Zhoues/RoboRefer-2B-SFT,obj1_farther,output/phasevar_5/0005_phA11_phB02.png,Is the magenta sphere farther from the camera than the cyan cube? Answer with yes or no.,Yes,Yes,22.125,20.1875,True
Zhoues/RoboRefer-2B-SFT,obj1_farther,output/phasevar_5/0005_phA11_phB03.png,Is the magenta sphere farther from the camera than the cyan cube? Answer with yes or no.,Yes,Yes,22.03125,20.203125,True
Zhoues/RoboRefer-2B-SFT,obj1_farther,output/phasevar_5/0005_phA11_phB04.png,Is the magenta sphere farther from the camera than the cyan cube? Answer with yes or no.,Yes,Yes,22.0625,19.953125,True
Zhoues/RoboRefer-2B-SFT,obj1_farther,output/phasevar_5/0005_phA11_phB05.png,Is the magenta sphere farther from the camera than the cyan cube? Answer with yes or no.,Yes,Yes,22.265625,19.953125,True
Zhoues/RoboRefer-2B-SFT,obj1_farther,output/phasevar_5/0005_phA11_phB06.png,Is the magenta sphere farther from the camera than the cyan cube? Answer with yes or no.,Yes,Yes,22.78125,20.140625,True
Zhoues/RoboRefer-2B-SFT,obj1_farther,output/phasevar_5/0005_phA11_phB07.png,Is the magenta sphere farther from the camera than the cyan cube? Answer with yes or no.,Yes,Yes,22.640625,20.15625,True
Zhoues/RoboRefer-2B-SFT,obj1_farther,output/phasevar_5/0005_phA11_phB08.png,Is the magenta sphere farther from the camera than the cyan cube? Answer with yes or no.,Yes,Yes,22.75,19.875,True
Zhoues/RoboRefer-2B-SFT,obj1_farther,output/phasevar_5/0005_phA11_phB09.png,Is the magenta sphere farther from the camera than the cyan cube? Answer with yes or no.,Yes,Yes,22.625,20.09375,True
Zhoues/RoboRefer-2B-SFT,obj1_farther,output/phasevar_5/0005_phA11_phB10.png,Is the magenta sphere farther from the camera than the cyan cube? Answer with yes or no.,Yes,Yes,22.8125,19.828125,True
Zhoues/RoboRefer-2B-SFT,obj1_farther,output/phasevar_5/0005_phA11_phB11.png,Is the magenta sphere farther from the camera than the cyan cube? Answer with yes or no.,Yes,Yes,22.609375,19.96875,True
Zhoues/RoboRefer-2B-SFT,obj1_farther,output/phasevar_5/0005_phA11_phB12.png,Is the magenta sphere farther from the camera than the cyan cube? Answer with yes or no.,Yes,Yes,22.625,19.921875,True
Zhoues/RoboRefer-2B-SFT,obj1_farther,output/phasevar_5/0005_phA11_phB13.png,Is the magenta sphere farther from the camera than the cyan cube? Answer with yes or no.,Yes,Yes,22.515625,20.09375,True
Zhoues/RoboRefer-2B-SFT,obj1_farther,output/phasevar_5/0005_phA11_phB14.png,Is the magenta sphere farther from the camera than the cyan cube? Answer with yes or no.,Yes,Yes,23.046875,19.9375,True
Zhoues/RoboRefer-2B-SFT,obj1_farther,output/phasevar_5/0005_phA11_phB15.png,Is the magenta sphere farther from the camera than the cyan cube? Answer with yes or no.,Yes,Yes,22.453125,20.109375,True
Zhoues/RoboRefer-2B-SFT,obj1_farther,output/phasevar_5/0005_phA12_phB00.png,Is the magenta sphere farther from the camera than the cyan cube? Answer with yes or no.,Yes,Yes,22.59375,20.171875,True
Zhoues/RoboRefer-2B-SFT,obj1_farther,output/phasevar_5/0005_phA12_phB01.png,Is the magenta sphere farther from the camera than the cyan cube? Answer with yes or no.,Yes,Yes,22.21875,20.421875,True
Zhoues/RoboRefer-2B-SFT,obj1_farther,output/phasevar_5/0005_phA12_phB02.png,Is the magenta sphere farther from the camera than the cyan cube? Answer with yes or no.,Yes,Yes,22.21875,20.171875,True
Zhoues/RoboRefer-2B-SFT,obj1_farther,output/phasevar_5/0005_phA12_phB03.png,Is the magenta sphere farther from the camera than the cyan cube? Answer with yes or no.,Yes,Yes,22.109375,20.15625,True
Zhoues/RoboRefer-2B-SFT,obj1_farther,output/phasevar_5/0005_phA12_phB04.png,Is the magenta sphere farther from the camera than the cyan cube? Answer with yes or no.,Yes,Yes,22.203125,19.90625,True
Zhoues/RoboRefer-2B-SFT,obj1_farther,output/phasevar_5/0005_phA12_phB05.png,Is the magenta sphere farther from the camera than the cyan cube? Answer with yes or no.,Yes,Yes,22.390625,19.859375,True
Zhoues/RoboRefer-2B-SFT,obj1_farther,output/phasevar_5/0005_phA12_phB06.png,Is the magenta sphere farther from the camera than the cyan cube? Answer with yes or no.,Yes,Yes,22.859375,20.0625,True
Zhoues/RoboRefer-2B-SFT,obj1_farther,output/phasevar_5/0005_phA12_phB07.png,Is the magenta sphere farther from the camera than the cyan cube? Answer with yes or no.,Yes,Yes,22.765625,20.03125,True
Zhoues/RoboRefer-2B-SFT,obj1_farther,output/phasevar_5/0005_phA12_phB08.png,Is the magenta sphere farther from the camera than the cyan cube? Answer with yes or no.,Yes,Yes,22.859375,19.796875,True
Zhoues/RoboRefer-2B-SFT,obj1_farther,output/phasevar_5/0005_phA12_phB09.png,Is the magenta sphere farther from the camera than the cyan cube? Answer with yes or no.,Yes,Yes,22.8125,20.0,True
Zhoues/RoboRefer-2B-SFT,obj1_farther,output/phasevar_5/0005_phA12_phB10.png,Is the magenta sphere farther from the camera than the cyan cube? Answer with yes or no.,Yes,Yes,22.90625,19.78125,True
Zhoues/RoboRefer-2B-SFT,obj1_farther,output/phasevar_5/0005_phA12_phB11.png,Is the magenta sphere farther from the camera than the cyan cube? Answer with yes or no.,Yes,Yes,22.703125,19.953125,True
Zhoues/RoboRefer-2B-SFT,obj1_farther,output/phasevar_5/0005_phA12_phB12.png,Is the magenta sphere farther from the camera than the cyan cube? Answer with yes or no.,Yes,Yes,22.609375,20.046875,True
Zhoues/RoboRefer-2B-SFT,obj1_farther,output/phasevar_5/0005_phA12_phB13.png,Is the magenta sphere farther from the camera than the cyan cube? Answer with yes or no.,Yes,Yes,22.671875,20.171875,True
Zhoues/RoboRefer-2B-SFT,obj1_farther,output/phasevar_5/0005_phA12_phB14.png,Is the magenta sphere farther from the camera than the cyan cube? Answer with yes or no.,Yes,Yes,23.140625,20.0,True
Zhoues/RoboRefer-2B-SFT,obj1_farther,output/phasevar_5/0005_phA12_phB15.png,Is the magenta sphere farther from the camera than the cyan cube? Answer with yes or no.,Yes,Yes,22.5625,20.21875,True
Zhoues/RoboRefer-2B-SFT,obj1_farther,output/phasevar_5/0005_phA13_phB00.png,Is the magenta sphere farther from the camera than the cyan cube? Answer with yes or no.,Yes,Yes,22.546875,20.328125,True
Zhoues/RoboRefer-2B-SFT,obj1_farther,output/phasevar_5/0005_phA13_phB01.png,Is the magenta sphere farther from the camera than the cyan cube? Answer with yes or no.,Yes,Yes,22.171875,20.5,True
Zhoues/RoboRefer-2B-SFT,obj1_farther,output/phasevar_5/0005_phA13_phB02.png,Is the magenta sphere farther from the camera than the cyan cube? Answer with yes or no.,Yes,Yes,22.234375,20.296875,True
Zhoues/RoboRefer-2B-SFT,obj1_farther,output/phasevar_5/0005_phA13_phB03.png,Is the magenta sphere farther from the camera than the cyan cube? Answer with yes or no.,Yes,Yes,22.03125,20.234375,True
Zhoues/RoboRefer-2B-SFT,obj1_farther,output/phasevar_5/0005_phA13_phB04.png,Is the magenta sphere farther from the camera than the cyan cube? Answer with yes or no.,Yes,Yes,22.1875,20.0,True
Zhoues/RoboRefer-2B-SFT,obj1_farther,output/phasevar_5/0005_phA13_phB05.png,Is the magenta sphere farther from the camera than the cyan cube? Answer with yes or no.,Yes,Yes,22.46875,19.953125,True
Zhoues/RoboRefer-2B-SFT,obj1_farther,output/phasevar_5/0005_phA13_phB06.png,Is the magenta sphere farther from the camera than the cyan cube? Answer with yes or no.,Yes,Yes,22.8125,20.203125,True
Zhoues/RoboRefer-2B-SFT,obj1_farther,output/phasevar_5/0005_phA13_phB07.png,Is the magenta sphere farther from the camera than the cyan cube? Answer with yes or no.,Yes,Yes,22.734375,20.125,True
Zhoues/RoboRefer-2B-SFT,obj1_farther,output/phasevar_5/0005_phA13_phB08.png,Is the magenta sphere farther from the camera than the cyan cube? Answer with yes or no.,Yes,Yes,22.84375,19.9375,True
Zhoues/RoboRefer-2B-SFT,obj1_farther,output/phasevar_5/0005_phA13_phB09.png,Is the magenta sphere farther from the camera than the cyan cube? Answer with yes or no.,Yes,Yes,22.84375,20.15625,True
Zhoues/RoboRefer-2B-SFT,obj1_farther,output/phasevar_5/0005_phA13_phB10.png,Is the magenta sphere farther from the camera than the cyan cube? Answer with yes or no.,Yes,Yes,23.0,19.96875,True
Zhoues/RoboRefer-2B-SFT,obj1_farther,output/phasevar_5/0005_phA13_phB11.png,Is the magenta sphere farther from the camera than the cyan cube? Answer with yes or no.,Yes,Yes,22.828125,20.03125,True
Zhoues/RoboRefer-2B-SFT,obj1_farther,output/phasevar_5/0005_phA13_phB12.png,Is the magenta sphere farther from the camera than the cyan cube? Answer with yes or no.,Yes,Yes,22.703125,20.078125,True
Zhoues/RoboRefer-2B-SFT,obj1_farther,output/phasevar_5/0005_phA13_phB13.png,Is the magenta sphere farther from the camera than the cyan cube? Answer with yes or no.,Yes,Yes,22.734375,20.359375,True
Zhoues/RoboRefer-2B-SFT,obj1_farther,output/phasevar_5/0005_phA13_phB14.png,Is the magenta sphere farther from the camera than the cyan cube? Answer with yes or no.,Yes,Yes,23.125,20.140625,True
Zhoues/RoboRefer-2B-SFT,obj1_farther,output/phasevar_5/0005_phA13_phB15.png,Is the magenta sphere farther from the camera than the cyan cube? Answer with yes or no.,Yes,Yes,22.5625,20.296875,True
Zhoues/RoboRefer-2B-SFT,obj1_farther,output/phasevar_5/0005_phA14_phB00.png,Is the magenta sphere farther from the camera than the cyan cube? Answer with yes or no.,Yes,Yes,22.46875,20.34375,True
Zhoues/RoboRefer-2B-SFT,obj1_farther,output/phasevar_5/0005_phA14_phB01.png,Is the magenta sphere farther from the camera than the cyan cube? Answer with yes or no.,Yes,Yes,22.0625,20.515625,True
Zhoues/RoboRefer-2B-SFT,obj1_farther,output/phasevar_5/0005_phA14_phB02.png,Is the magenta sphere farther from the camera than the cyan cube? Answer with yes or no.,Yes,Yes,22.234375,20.4375,True
Zhoues/RoboRefer-2B-SFT,obj1_farther,output/phasevar_5/0005_phA14_phB03.png,Is the magenta sphere farther from the camera than the cyan cube? Answer with yes or no.,Yes,Yes,21.984375,20.296875,True
Zhoues/RoboRefer-2B-SFT,obj1_farther,output/phasevar_5/0005_phA14_phB04.png,Is the magenta sphere farther from the camera than the cyan cube? Answer with yes or no.,Yes,Yes,22.09375,20.0625,True
Zhoues/RoboRefer-2B-SFT,obj1_farther,output/phasevar_5/0005_phA14_phB05.png,Is the magenta sphere farther from the camera than the cyan cube? Answer with yes or no.,Yes,Yes,22.453125,20.0625,True
Zhoues/RoboRefer-2B-SFT,obj1_farther,output/phasevar_5/0005_phA14_phB06.png,Is the magenta sphere farther from the camera than the cyan cube? Answer with yes or no.,Yes,Yes,22.671875,20.3125,True
Zhoues/RoboRefer-2B-SFT,obj1_farther,output/phasevar_5/0005_phA14_phB07.png,Is the magenta sphere farther from the camera than the cyan cube? Answer with yes or no.,Yes,Yes,22.640625,20.25,True
Zhoues/RoboRefer-2B-SFT,obj1_farther,output/phasevar_5/0005_phA14_phB08.png,Is the magenta sphere farther from the camera than the cyan cube? Answer with yes or no.,Yes,Yes,22.765625,20.046875,True
Zhoues/RoboRefer-2B-SFT,obj1_farther,output/phasevar_5/0005_phA14_phB09.png,Is the magenta sphere farther from the camera than the cyan cube? Answer with yes or no.,Yes,Yes,22.640625,20.234375,True
Zhoues/RoboRefer-2B-SFT,obj1_farther,output/phasevar_5/0005_phA14_phB10.png,Is the magenta sphere farther from the camera than the cyan cube? Answer with yes or no.,Yes,Yes,22.84375,19.90625,True
Zhoues/RoboRefer-2B-SFT,obj1_farther,output/phasevar_5/0005_phA14_phB11.png,Is the magenta sphere farther from the camera than the cyan cube? Answer with yes or no.,Yes,Yes,22.640625,19.890625,True
Zhoues/RoboRefer-2B-SFT,obj1_farther,output/phasevar_5/0005_phA14_phB12.png,Is the magenta sphere farther from the camera than the cyan cube? Answer with yes or no.,Yes,Yes,22.625,20.03125,True
Zhoues/RoboRefer-2B-SFT,obj1_farther,output/phasevar_5/0005_phA14_phB13.png,Is the magenta sphere farther from the camera than the cyan cube? Answer with yes or no.,Yes,Yes,22.6875,20.265625,True
Zhoues/RoboRefer-2B-SFT,obj1_farther,output/phasevar_5/0005_phA14_phB14.png,Is the magenta sphere farther from the camera than the cyan cube? Answer with yes or no.,Yes,Yes,23.0625,20.046875,True
Zhoues/RoboRefer-2B-SFT,obj1_farther,output/phasevar_5/0005_phA14_phB15.png,Is the magenta sphere farther from the camera than the cyan cube? Answer with yes or no.,Yes,Yes,22.4375,20.203125,True
Zhoues/RoboRefer-2B-SFT,obj1_farther,output/phasevar_5/0005_phA15_phB00.png,Is the magenta sphere farther from the camera than the cyan cube? Answer with yes or no.,Yes,Yes,22.375,20.21875,True
Zhoues/RoboRefer-2B-SFT,obj1_farther,output/phasevar_5/0005_phA15_phB01.png,Is the magenta sphere farther from the camera than the cyan cube? Answer with yes or no.,Yes,Yes,21.9375,20.28125,True
Zhoues/RoboRefer-2B-SFT,obj1_farther,output/phasevar_5/0005_phA15_phB02.png,Is the magenta sphere farther from the camera than the cyan cube? Answer with yes or no.,Yes,Yes,21.90625,20.078125,True
Zhoues/RoboRefer-2B-SFT,obj1_farther,output/phasevar_5/0005_phA15_phB03.png,Is the magenta sphere farther from the camera than the cyan cube? Answer with yes or no.,Yes,Yes,21.75,20.15625,True
Zhoues/RoboRefer-2B-SFT,obj1_farther,output/phasevar_5/0005_phA15_phB04.png,Is the magenta sphere farther from the camera than the cyan cube? Answer with yes or no.,Yes,Yes,21.953125,19.9375,True
Zhoues/RoboRefer-2B-SFT,obj1_farther,output/phasevar_5/0005_phA15_phB05.png,Is the magenta sphere farther from the camera than the cyan cube? Answer with yes or no.,Yes,Yes,22.21875,20.078125,True
Zhoues/RoboRefer-2B-SFT,obj1_farther,output/phasevar_5/0005_phA15_phB06.png,Is the magenta sphere farther from the camera than the cyan cube? Answer with yes or no.,Yes,Yes,22.53125,20.125,True
Zhoues/RoboRefer-2B-SFT,obj1_farther,output/phasevar_5/0005_phA15_phB07.png,Is the magenta sphere farther from the camera than the cyan cube? Answer with yes or no.,Yes,Yes,22.546875,20.171875,True
Zhoues/RoboRefer-2B-SFT,obj1_farther,output/phasevar_5/0005_phA15_phB08.png,Is the magenta sphere farther from the camera than the cyan cube? Answer with yes or no.,Yes,Yes,22.703125,20.078125,True
Zhoues/RoboRefer-2B-SFT,obj1_farther,output/phasevar_5/0005_phA15_phB09.png,Is the magenta sphere farther from the camera than the cyan cube? Answer with yes or no.,Yes,Yes,22.640625,20.265625,True
Zhoues/RoboRefer-2B-SFT,obj1_farther,output/phasevar_5/0005_phA15_phB10.png,Is the magenta sphere farther from the camera than the cyan cube? Answer with yes or no.,Yes,Yes,22.828125,19.984375,True
Zhoues/RoboRefer-2B-SFT,obj1_farther,output/phasevar_5/0005_phA15_phB11.png,Is the magenta sphere farther from the camera than the cyan cube? Answer with yes or no.,Yes,Yes,22.421875,20.21875,True
Zhoues/RoboRefer-2B-SFT,obj1_farther,output/phasevar_5/0005_phA15_phB12.png,Is the magenta sphere farther from the camera than the cyan cube? Answer with yes or no.,Yes,Yes,22.25,20.375,True
Zhoues/RoboRefer-2B-SFT,obj1_farther,output/phasevar_5/0005_phA15_phB13.png,Is the magenta sphere farther from the camera than the cyan cube? Answer with yes or no.,Yes,Yes,22.328125,20.28125,True
Zhoues/RoboRefer-2B-SFT,obj1_farther,output/phasevar_5/0005_phA15_phB14.png,Is the magenta sphere farther from the camera than the cyan cube? Answer with yes or no.,Yes,Yes,22.984375,20.125,True
Zhoues/RoboRefer-2B-SFT,obj1_farther,output/phasevar_5/0005_phA15_phB15.png,Is the magenta sphere farther from the camera than the cyan cube? Answer with yes or no.,Yes,Yes,22.53125,20.09375,True
Zhoues/RoboRefer-2B-SFT,obj1_farther,output/phasevar_5/0006_phA00_phB00.png,Is the red cube farther from the camera than the blue cube? Answer with yes or no.,Yes,Yes,23.53125,19.984375,True
Zhoues/RoboRefer-2B-SFT,obj1_farther,output/phasevar_5/0006_phA00_phB01.png,Is the red cube farther from the camera than the blue cube? Answer with yes or no.,Yes,Yes,23.1875,20.15625,True
Zhoues/RoboRefer-2B-SFT,obj1_farther,output/phasevar_5/0006_phA00_phB02.png,Is the red cube farther from the camera than the blue cube? Answer with yes or no.,Yes,Yes,22.625,20.359375,True
Zhoues/RoboRefer-2B-SFT,obj1_farther,output/phasevar_5/0006_phA00_phB03.png,Is the red cube farther from the camera than the blue cube? Answer with yes or no.,Yes,Yes,22.421875,20.390625,True
Zhoues/RoboRefer-2B-SFT,obj1_farther,output/phasevar_5/0006_phA00_phB04.png,Is the red cube farther from the camera than the blue cube? Answer with yes or no.,Yes,Yes,22.546875,19.9375,True
Zhoues/RoboRefer-2B-SFT,obj1_farther,output/phasevar_5/0006_phA00_phB05.png,Is the red cube farther from the camera than the blue cube? Answer with yes or no.,Yes,Yes,22.65625,20.09375,True
Zhoues/RoboRefer-2B-SFT,obj1_farther,output/phasevar_5/0006_phA00_phB06.png,Is the red cube farther from the camera than the blue cube? Answer with yes or no.,Yes,Yes,23.171875,20.234375,True
Zhoues/RoboRefer-2B-SFT,obj1_farther,output/phasevar_5/0006_phA00_phB07.png,Is the red cube farther from the camera than the blue cube? Answer with yes or no.,Yes,Yes,23.1875,19.78125,True
Zhoues/RoboRefer-2B-SFT,obj1_farther,output/phasevar_5/0006_phA00_phB08.png,Is the red cube farther from the camera than the blue cube? Answer with yes or no.,Yes,Yes,23.421875,20.203125,True
Zhoues/RoboRefer-2B-SFT,obj1_farther,output/phasevar_5/0006_phA00_phB09.png,Is the red cube farther from the camera than the blue cube? Answer with yes or no.,Yes,Yes,23.234375,19.984375,True
Zhoues/RoboRefer-2B-SFT,obj1_farther,output/phasevar_5/0006_phA00_phB10.png,Is the red cube farther from the camera than the blue cube? Answer with yes or no.,Yes,Yes,22.953125,19.921875,True
Zhoues/RoboRefer-2B-SFT,obj1_farther,output/phasevar_5/0006_phA00_phB11.png,Is the red cube farther from the camera than the blue cube? Answer with yes or no.,Yes,Yes,22.34375,20.109375,True
Zhoues/RoboRefer-2B-SFT,obj1_farther,output/phasevar_5/0006_phA00_phB12.png,Is the red cube farther from the camera than the blue cube? Answer with yes or no.,Yes,Yes,22.421875,20.265625,True
Zhoues/RoboRefer-2B-SFT,obj1_farther,output/phasevar_5/0006_phA00_phB13.png,Is the red cube farther from the camera than the blue cube? Answer with yes or no.,Yes,Yes,22.40625,20.390625,True
Zhoues/RoboRefer-2B-SFT,obj1_farther,output/phasevar_5/0006_phA00_phB14.png,Is the red cube farther from the camera than the blue cube? Answer with yes or no.,Yes,Yes,22.765625,20.390625,True
Zhoues/RoboRefer-2B-SFT,obj1_farther,output/phasevar_5/0006_phA00_phB15.png,Is the red cube farther from the camera than the blue cube? Answer with yes or no.,Yes,Yes,23.40625,20.09375,True
Zhoues/RoboRefer-2B-SFT,obj1_farther,output/phasevar_5/0006_phA01_phB00.png,Is the red cube farther from the camera than the blue cube? Answer with yes or no.,Yes,Yes,23.59375,20.03125,True
Zhoues/RoboRefer-2B-SFT,obj1_farther,output/phasevar_5/0006_phA01_phB01.png,Is the red cube farther from the camera than the blue cube? Answer with yes or no.,Yes,Yes,23.359375,20.15625,True
Zhoues/RoboRefer-2B-SFT,obj1_farther,output/phasevar_5/0006_phA01_phB02.png,Is the red cube farther from the camera than the blue cube? Answer with yes or no.,Yes,Yes,22.734375,20.375,True
Zhoues/RoboRefer-2B-SFT,obj1_farther,output/phasevar_5/0006_phA01_phB03.png,Is the red cube farther from the camera than the blue cube? Answer with yes or no.,Yes,Yes,22.609375,20.453125,True
Zhoues/RoboRefer-2B-SFT,obj1_farther,output/phasevar_5/0006_phA01_phB04.png,Is the red cube farther from the camera than the blue cube? Answer with yes or no.,Yes,Yes,22.6875,19.9375,True
Zhoues/RoboRefer-2B-SFT,obj1_farther,output/phasevar_5/0006_phA01_phB05.png,Is the red cube farther from the camera than the blue cube? Answer with yes or no.,Yes,Yes,22.8125,20.0625,True
Zhoues/RoboRefer-2B-SFT,obj1_farther,output/phasevar_5/0006_phA01_phB06.png,Is the red cube farther from the camera than the blue cube? Answer with yes or no.,Yes,Yes,23.234375,20.25,True
Zhoues/RoboRefer-2B-SFT,obj1_farther,output/phasevar_5/0006_phA01_phB07.png,Is the red cube farther from the camera than the blue cube? Answer with yes or no.,Yes,Yes,23.3125,19.78125,True
Zhoues/RoboRefer-2B-SFT,obj1_farther,output/phasevar_5/0006_phA01_phB08.png,Is the red cube farther from the camera than the blue cube? Answer with yes or no.,Yes,Yes,23.53125,20.203125,True
Zhoues/RoboRefer-2B-SFT,obj1_farther,output/phasevar_5/0006_phA01_phB09.png,Is the red cube farther from the camera than the blue cube? Answer with yes or no.,Yes,Yes,23.328125,20.078125,True
Zhoues/RoboRefer-2B-SFT,obj1_farther,output/phasevar_5/0006_phA01_phB10.png,Is the red cube farther from the camera than the blue cube? Answer with yes or no.,Yes,Yes,23.09375,19.984375,True
Zhoues/RoboRefer-2B-SFT,obj1_farther,output/phasevar_5/0006_phA01_phB11.png,Is the red cube farther from the camera than the blue cube? Answer with yes or no.,Yes,Yes,22.53125,20.171875,True
Zhoues/RoboRefer-2B-SFT,obj1_farther,output/phasevar_5/0006_phA01_phB12.png,Is the red cube farther from the camera than the blue cube? Answer with yes or no.,Yes,Yes,22.5,20.34375,True
Zhoues/RoboRefer-2B-SFT,obj1_farther,output/phasevar_5/0006_phA01_phB13.png,Is the red cube farther from the camera than the blue cube? Answer with yes or no.,Yes,Yes,22.5625,20.40625,True
Zhoues/RoboRefer-2B-SFT,obj1_farther,output/phasevar_5/0006_phA01_phB14.png,Is the red cube farther from the camera than the blue cube? Answer with yes or no.,Yes,Yes,22.71875,20.4375,True
Zhoues/RoboRefer-2B-SFT,obj1_farther,output/phasevar_5/0006_phA01_phB15.png,Is the red cube farther from the camera than the blue cube? Answer with yes or no.,Yes,Yes,23.328125,20.125,True
Zhoues/RoboRefer-2B-SFT,obj1_farther,output/phasevar_5/0006_phA02_phB00.png,Is the red cube farther from the camera than the blue cube? Answer with yes or no.,Yes,Yes,23.78125,20.328125,True
Zhoues/RoboRefer-2B-SFT,obj1_farther,output/phasevar_5/0006_phA02_phB01.png,Is the red cube farther from the camera than the blue cube? Answer with yes or no.,Yes,Yes,23.6875,20.453125,True
Zhoues/RoboRefer-2B-SFT,obj1_farther,output/phasevar_5/0006_phA02_phB02.png,Is the red cube farther from the camera than the blue cube? Answer with yes or no.,Yes,Yes,22.96875,20.453125,True
Zhoues/RoboRefer-2B-SFT,obj1_farther,output/phasevar_5/0006_phA02_phB03.png,Is the red cube farther from the camera than the blue cube? Answer with yes or no.,Yes,Yes,22.84375,20.5625,True
Zhoues/RoboRefer-2B-SFT,obj1_farther,output/phasevar_5/0006_phA02_phB04.png,Is the red cube farther from the camera than the blue cube? Answer with yes or no.,Yes,Yes,22.9375,20.046875,True
Zhoues/RoboRefer-2B-SFT,obj1_farther,output/phasevar_5/0006_phA02_phB05.png,Is the red cube farther from the camera than the blue cube? Answer with yes or no.,Yes,Yes,23.140625,20.203125,True
Zhoues/RoboRefer-2B-SFT,obj1_farther,output/phasevar_5/0006_phA02_phB06.png,Is the red cube farther from the camera than the blue cube? Answer with yes or no.,Yes,Yes,23.390625,20.359375,True
Zhoues/RoboRefer-2B-SFT,obj1_farther,output/phasevar_5/0006_phA02_phB07.png,Is the red cube farther from the camera than the blue cube? Answer with yes or no.,Yes,Yes,23.53125,20.203125,True
Zhoues/RoboRefer-2B-SFT,obj1_farther,output/phasevar_5/0006_phA02_phB08.png,Is the red cube farther from the camera than the blue cube? Answer with yes or no.,Yes,Yes,23.734375,20.59375,True
Zhoues/RoboRefer-2B-SFT,obj1_farther,output/phasevar_5/0006_phA02_phB09.png,Is the red cube farther from the camera than the blue cube? Answer with yes or no.,Yes,Yes,23.5625,20.484375,True
Zhoues/RoboRefer-2B-SFT,obj1_farther,output/phasevar_5/0006_phA02_phB10.png,Is the red cube farther from the camera than the blue cube? Answer with yes or no.,Yes,Yes,23.25,20.390625,True
Zhoues/RoboRefer-2B-SFT,obj1_farther,output/phasevar_5/0006_phA02_phB11.png,Is the red cube farther from the camera than the blue cube? Answer with yes or no.,Yes,Yes,22.515625,20.625,True
Zhoues/RoboRefer-2B-SFT,obj1_farther,output/phasevar_5/0006_phA02_phB12.png,Is the red cube farther from the camera than the blue cube? Answer with yes or no.,Yes,Yes,22.71875,20.75,True
Zhoues/RoboRefer-2B-SFT,obj1_farther,output/phasevar_5/0006_phA02_phB13.png,Is the red cube farther from the camera than the blue cube? Answer with yes or no.,Yes,Yes,22.71875,20.78125,True
Zhoues/RoboRefer-2B-SFT,obj1_farther,output/phasevar_5/0006_phA02_phB14.png,Is the red cube farther from the camera than the blue cube? Answer with yes or no.,Yes,Yes,22.78125,20.765625,True
Zhoues/RoboRefer-2B-SFT,obj1_farther,output/phasevar_5/0006_phA02_phB15.png,Is the red cube farther from the camera than the blue cube? Answer with yes or no.,Yes,Yes,23.546875,20.53125,True
Zhoues/RoboRefer-2B-SFT,obj1_farther,output/phasevar_5/0006_phA03_phB00.png,Is the red cube farther from the camera than the blue cube? Answer with yes or no.,Yes,Yes,23.421875,20.109375,True
Zhoues/RoboRefer-2B-SFT,obj1_farther,output/phasevar_5/0006_phA03_phB01.png,Is the red cube farther from the camera than the blue cube? Answer with yes or no.,Yes,Yes,23.40625,20.203125,True
Zhoues/RoboRefer-2B-SFT,obj1_farther,output/phasevar_5/0006_phA03_phB02.png,Is the red cube farther from the camera than the blue cube? Answer with yes or no.,Yes,Yes,22.78125,20.3125,True
Zhoues/RoboRefer-2B-SFT,obj1_farther,output/phasevar_5/0006_phA03_phB03.png,Is the red cube farther from the camera than the blue cube? Answer with yes or no.,Yes,Yes,22.6875,20.28125,True
Zhoues/RoboRefer-2B-SFT,obj1_farther,output/phasevar_5/0006_phA03_phB04.png,Is the red cube farther from the camera than the blue cube? Answer with yes or no.,Yes,Yes,22.75,19.890625,True
Zhoues/RoboRefer-2B-SFT,obj1_farther,output/phasevar_5/0006_phA03_phB05.png,Is the red cube farther from the camera than the blue cube? Answer with yes or no.,Yes,Yes,22.921875,20.046875,True
Zhoues/RoboRefer-2B-SFT,obj1_farther,output/phasevar_5/0006_phA03_phB06.png,Is the red cube farther from the camera than the blue cube? Answer with yes or no.,Yes,Yes,23.265625,20.109375,True
Zhoues/RoboRefer-2B-SFT,obj1_farther,output/phasevar_5/0006_phA03_phB07.png,Is the red cube farther from the camera than the blue cube? Answer with yes or no.,Yes,Yes,23.40625,19.96875,True
Zhoues/RoboRefer-2B-SFT,obj1_farther,output/phasevar_5/0006_phA03_phB08.png,Is the red cube farther from the camera than the blue cube? Answer with yes or no.,Yes,Yes,23.546875,20.21875,True
Zhoues/RoboRefer-2B-SFT,obj1_farther,output/phasevar_5/0006_phA03_phB09.png,Is the red cube farther from the camera than the blue cube? Answer with yes or no.,Yes,Yes,23.375,20.140625,True
Zhoues/RoboRefer-2B-SFT,obj1_farther,output/phasevar_5/0006_phA03_phB10.png,Is the red cube farther from the camera than the blue cube? Answer with yes or no.,Yes,Yes,23.171875,20.265625,True
Zhoues/RoboRefer-2B-SFT,obj1_farther,output/phasevar_5/0006_phA03_phB11.png,Is the red cube farther from the camera than the blue cube? Answer with yes or no.,Yes,Yes,22.375,20.453125,True
Zhoues/RoboRefer-2B-SFT,obj1_farther,output/phasevar_5/0006_phA03_phB12.png,Is the red cube farther from the camera than the blue cube? Answer with yes or no.,Yes,Yes,22.4375,20.515625,True
Zhoues/RoboRefer-2B-SFT,obj1_farther,output/phasevar_5/0006_phA03_phB13.png,Is the red cube farther from the camera than the blue cube? Answer with yes or no.,Yes,Yes,22.5,20.5,True
Zhoues/RoboRefer-2B-SFT,obj1_farther,output/phasevar_5/0006_phA03_phB14.png,Is the red cube farther from the camera than the blue cube? Answer with yes or no.,Yes,Yes,22.65625,20.5,True
Zhoues/RoboRefer-2B-SFT,obj1_farther,output/phasevar_5/0006_phA03_phB15.png,Is the red cube farther from the camera than the blue cube? Answer with yes or no.,Yes,Yes,23.296875,20.28125,True
Zhoues/RoboRefer-2B-SFT,obj1_farther,output/phasevar_5/0006_phA04_phB00.png,Is the red cube farther from the camera than the blue cube? Answer with yes or no.,Yes,Yes,23.453125,20.328125,True
Zhoues/RoboRefer-2B-SFT,obj1_farther,output/phasevar_5/0006_phA04_phB01.png,Is the red cube farther from the camera than the blue cube? Answer with yes or no.,Yes,Yes,23.421875,20.375,True
Zhoues/RoboRefer-2B-SFT,obj1_farther,output/phasevar_5/0006_phA04_phB02.png,Is the red cube farther from the camera than the blue cube? Answer with yes or no.,Yes,Yes,22.71875,20.359375,True
Zhoues/RoboRefer-2B-SFT,obj1_farther,output/phasevar_5/0006_phA04_phB03.png,Is the red cube farther from the camera than the blue cube? Answer with yes or no.,Yes,Yes,22.765625,20.265625,True
Zhoues/RoboRefer-2B-SFT,obj1_farther,output/phasevar_5/0006_phA04_phB04.png,Is the red cube farther from the camera than the blue cube? Answer with yes or no.,Yes,Yes,22.640625,20.25,True
Zhoues/RoboRefer-2B-SFT,obj1_farther,output/phasevar_5/0006_phA04_phB05.png,Is the red cube farther from the camera than the blue cube? Answer with yes or no.,Yes,Yes,22.90625,20.046875,True
Zhoues/RoboRefer-2B-SFT,obj1_farther,output/phasevar_5/0006_phA04_phB06.png,Is the red cube farther from the camera than the blue cube? Answer with yes or no.,Yes,Yes,23.296875,20.125,True
Zhoues/RoboRefer-2B-SFT,obj1_farther,output/phasevar_5/0006_phA04_phB07.png,Is the red cube farther from the camera than the blue cube? Answer with yes or no.,Yes,Yes,23.4375,19.921875,True
Zhoues/RoboRefer-2B-SFT,obj1_farther,output/phasevar_5/0006_phA04_phB08.png,Is the red cube farther from the camera than the blue cube? Answer with yes or no.,Yes,Yes,23.578125,20.265625,True
Zhoues/RoboRefer-2B-SFT,obj1_farther,output/phasevar_5/0006_phA04_phB09.png,Is the red cube farther from the camera than the blue cube? Answer with yes or no.,Yes,Yes,23.375,20.078125,True
Zhoues/RoboRefer-2B-SFT,obj1_farther,output/phasevar_5/0006_phA04_phB10.png,Is the red cube farther from the camera than the blue cube? Answer with yes or no.,Yes,Yes,23.15625,20.171875,True
Zhoues/RoboRefer-2B-SFT,obj1_farther,output/phasevar_5/0006_phA04_phB11.png,Is the red cube farther from the camera than the blue cube? Answer with yes or no.,Yes,Yes,22.375,20.390625,True
Zhoues/RoboRefer-2B-SFT,obj1_farther,output/phasevar_5/0006_phA04_phB12.png,Is the red cube farther from the camera than the blue cube? Answer with yes or no.,Yes,Yes,22.46875,20.53125,True
Zhoues/RoboRefer-2B-SFT,obj1_farther,output/phasevar_5/0006_phA04_phB13.png,Is the red cube farther from the camera than the blue cube? Answer with yes or no.,Yes,Yes,22.578125,20.546875,True
Zhoues/RoboRefer-2B-SFT,obj1_farther,output/phasevar_5/0006_phA04_phB14.png,Is the red cube farther from the camera than the blue cube? Answer with yes or no.,Yes,Yes,22.828125,20.5625,True
Zhoues/RoboRefer-2B-SFT,obj1_farther,output/phasevar_5/0006_phA04_phB15.png,Is the red cube farther from the camera than the blue cube? Answer with yes or no.,Yes,Yes,23.25,20.359375,True
Zhoues/RoboRefer-2B-SFT,obj1_farther,output/phasevar_5/0006_phA05_phB00.png,Is the red cube farther from the camera than the blue cube? Answer with yes or no.,Yes,Yes,23.21875,20.1875,True
Zhoues/RoboRefer-2B-SFT,obj1_farther,output/phasevar_5/0006_phA05_phB01.png,Is the red cube farther from the camera than the blue cube? Answer with yes or no.,Yes,Yes,23.171875,20.265625,True
Zhoues/RoboRefer-2B-SFT,obj1_farther,output/phasevar_5/0006_phA05_phB02.png,Is the red cube farther from the camera than the blue cube? Answer with yes or no.,Yes,Yes,22.625,20.265625,True
Zhoues/RoboRefer-2B-SFT,obj1_farther,output/phasevar_5/0006_phA05_phB03.png,Is the red cube farther from the camera than the blue cube? Answer with yes or no.,Yes,Yes,22.546875,20.15625,True
Zhoues/RoboRefer-2B-SFT,obj1_farther,output/phasevar_5/0006_phA05_phB04.png,Is the red cube farther from the camera than the blue cube? Answer with yes or no.,Yes,Yes,22.578125,19.984375,True
Zhoues/RoboRefer-2B-SFT,obj1_farther,output/phasevar_5/0006_phA05_phB05.png,Is the red cube farther from the camera than the blue cube? Answer with yes or no.,Yes,Yes,22.5625,20.234375,True
Zhoues/RoboRefer-2B-SFT,obj1_farther,output/phasevar_5/0006_phA05_phB06.png,Is the red cube farther from the camera than the blue cube? Answer with yes or no.,Yes,Yes,22.953125,19.96875,True
Zhoues/RoboRefer-2B-SFT,obj1_farther,output/phasevar_5/0006_phA05_phB07.png,Is the red cube farther from the camera than the blue cube? Answer with yes or no.,Yes,Yes,23.15625,19.796875,True
Zhoues/RoboRefer-2B-SFT,obj1_farther,output/phasevar_5/0006_phA05_phB08.png,Is the red cube farther from the camera than the blue cube? Answer with yes or no.,Yes,Yes,23.28125,20.21875,True
Zhoues/RoboRefer-2B-SFT,obj1_farther,output/phasevar_5/0006_phA05_phB09.png,Is the red cube farther from the camera than the blue cube? Answer with yes or no.,Yes,Yes,23.09375,19.96875,True
Zhoues/RoboRefer-2B-SFT,obj1_farther,output/phasevar_5/0006_phA05_phB10.png,Is the red cube farther from the camera than the blue cube? Answer with yes or no.,Yes,Yes,22.921875,20.09375,True
Zhoues/RoboRefer-2B-SFT,obj1_farther,output/phasevar_5/0006_phA05_phB11.png,Is the red cube farther from the camera than the blue cube? Answer with yes or no.,Yes,Yes,22.203125,20.296875,True
Zhoues/RoboRefer-2B-SFT,obj1_farther,output/phasevar_5/0006_phA05_phB12.png,Is the red cube farther from the camera than the blue cube? Answer with yes or no.,Yes,Yes,22.296875,20.359375,True
Zhoues/RoboRefer-2B-SFT,obj1_farther,output/phasevar_5/0006_phA05_phB13.png,Is the red cube farther from the camera than the blue cube? Answer with yes or no.,Yes,Yes,22.40625,20.53125,True
Zhoues/RoboRefer-2B-SFT,obj1_farther,output/phasevar_5/0006_phA05_phB14.png,Is the red cube farther from the camera than the blue cube? Answer with yes or no.,Yes,Yes,22.65625,20.390625,True
Zhoues/RoboRefer-2B-SFT,obj1_farther,output/phasevar_5/0006_phA05_phB15.png,Is the red cube farther from the camera than the blue cube? Answer with yes or no.,Yes,Yes,23.0625,20.203125,True
Zhoues/RoboRefer-2B-SFT,obj1_farther,output/phasevar_5/0006_phA06_phB00.png,Is the red cube farther from the camera than the blue cube? Answer with yes or no.,Yes,Yes,23.34375,20.34375,True
Zhoues/RoboRefer-2B-SFT,obj1_farther,output/phasevar_5/0006_phA06_phB01.png,Is the red cube farther from the camera than the blue cube? Answer with yes or no.,Yes,Yes,23.25,20.546875,True
Zhoues/RoboRefer-2B-SFT,obj1_farther,output/phasevar_5/0006_phA06_phB02.png,Is the red cube farther from the camera than the blue cube? Answer with yes or no.,Yes,Yes,22.390625,20.390625,True
Zhoues/RoboRefer-2B-SFT,obj1_farther,output/phasevar_5/0006_phA06_phB03.png,Is the red cube farther from the camera than the blue cube? Answer with yes or no.,Yes,Yes,22.5,20.34375,True
Zhoues/RoboRefer-2B-SFT,obj1_farther,output/phasevar_5/0006_phA06_phB04.png,Is the red cube farther from the camera than the blue cube? Answer with yes or no.,Yes,Yes,22.5625,20.015625,True
Zhoues/RoboRefer-2B-SFT,obj1_farther,output/phasevar_5/0006_phA06_phB05.png,Is the red cube farther from the camera than the blue cube? Answer with yes or no.,Yes,Yes,22.59375,20.390625,True
Zhoues/RoboRefer-2B-SFT,obj1_farther,output/phasevar_5/0006_phA06_phB06.png,Is the red cube farther from the camera than the blue cube? Answer with yes or no.,Yes,Yes,23.140625,20.21875,True
Zhoues/RoboRefer-2B-SFT,obj1_farther,output/phasevar_5/0006_phA06_phB07.png,Is the red cube farther from the camera than the blue cube? Answer with yes or no.,Yes,Yes,23.359375,20.09375,True
Zhoues/RoboRefer-2B-SFT,obj1_farther,output/phasevar_5/0006_phA06_phB08.png,Is the red cube farther from the camera than the blue cube? Answer with yes or no.,Yes,Yes,23.484375,20.3125,True
Zhoues/RoboRefer-2B-SFT,obj1_farther,output/phasevar_5/0006_phA06_phB09.png,Is the red cube farther from the camera than the blue cube? Answer with yes or no.,Yes,Yes,23.234375,20.265625,True
Zhoues/RoboRefer-2B-SFT,obj1_farther,output/phasevar_5/0006_phA06_phB10.png,Is the red cube farther from the camera than the blue cube? Answer with yes or no.,Yes,Yes,22.828125,20.203125,True
Zhoues/RoboRefer-2B-SFT,obj1_farther,output/phasevar_5/0006_phA06_phB11.png,Is the red cube farther from the camera than the blue cube? Answer with yes or no.,Yes,Yes,22.125,20.375,True
Zhoues/RoboRefer-2B-SFT,obj1_farther,output/phasevar_5/0006_phA06_phB12.png,Is the red cube farther from the camera than the blue cube? Answer with yes or no.,Yes,Yes,22.265625,20.46875,True
Zhoues/RoboRefer-2B-SFT,obj1_farther,output/phasevar_5/0006_phA06_phB13.png,Is the red cube farther from the camera than the blue cube? Answer with yes or no.,Yes,Yes,22.3125,20.53125,True
Zhoues/RoboRefer-2B-SFT,obj1_farther,output/phasevar_5/0006_phA06_phB14.png,Is the red cube farther from the camera than the blue cube? Answer with yes or no.,Yes,Yes,22.625,20.453125,True
Zhoues/RoboRefer-2B-SFT,obj1_farther,output/phasevar_5/0006_phA06_phB15.png,Is the red cube farther from the camera than the blue cube? Answer with yes or no.,Yes,Yes,23.125,20.34375,True
Zhoues/RoboRefer-2B-SFT,obj1_farther,output/phasevar_5/0006_phA07_phB00.png,Is the red cube farther from the camera than the blue cube? Answer with yes or no.,Yes,Yes,23.40625,20.078125,True
Zhoues/RoboRefer-2B-SFT,obj1_farther,output/phasevar_5/0006_phA07_phB01.png,Is the red cube farther from the camera than the blue cube? Answer with yes or no.,Yes,Yes,23.234375,20.34375,True
Zhoues/RoboRefer-2B-SFT,obj1_farther,output/phasevar_5/0006_phA07_phB02.png,Is the red cube farther from the camera than the blue cube? Answer with yes or no.,Yes,Yes,22.609375,20.46875,True
Zhoues/RoboRefer-2B-SFT,obj1_farther,output/phasevar_5/0006_phA07_phB03.png,Is the red cube farther from the camera than the blue cube? Answer with yes or no.,Yes,Yes,22.609375,20.3125,True
Zhoues/RoboRefer-2B-SFT,obj1_farther,output/phasevar_5/0006_phA07_phB04.png,Is the red cube farther from the camera than the blue cube? Answer with yes or no.,Yes,Yes,22.5625,19.984375,True
Zhoues/RoboRefer-2B-SFT,obj1_farther,output/phasevar_5/0006_phA07_phB05.png,Is the red cube farther from the camera than the blue cube? Answer with yes or no.,Yes,Yes,22.6875,20.28125,True
Zhoues/RoboRefer-2B-SFT,obj1_farther,output/phasevar_5/0006_phA07_phB06.png,Is the red cube farther from the camera than the blue cube? Answer with yes or no.,Yes,Yes,23.25,20.21875,True
Zhoues/RoboRefer-2B-SFT,obj1_farther,output/phasevar_5/0006_phA07_phB07.png,Is the red cube farther from the camera than the blue cube? Answer with yes or no.,Yes,Yes,23.375,19.84375,True
Zhoues/RoboRefer-2B-SFT,obj1_farther,output/phasevar_5/0006_phA07_phB08.png,Is the red cube farther from the camera than the blue cube? Answer with yes or no.,Yes,Yes,23.515625,20.03125,True
Zhoues/RoboRefer-2B-SFT,obj1_farther,output/phasevar_5/0006_phA07_phB09.png,Is the red cube farther from the camera than the blue cube? Answer with yes or no.,Yes,Yes,23.3125,19.953125,True
Zhoues/RoboRefer-2B-SFT,obj1_farther,output/phasevar_5/0006_phA07_phB10.png,Is the red cube farther from the camera than the blue cube? Answer with yes or no.,Yes,Yes,22.90625,20.046875,True
Zhoues/RoboRefer-2B-SFT,obj1_farther,output/phasevar_5/0006_phA07_phB11.png,Is the red cube farther from the camera than the blue cube? Answer with yes or no.,Yes,Yes,22.359375,20.203125,True
Zhoues/RoboRefer-2B-SFT,obj1_farther,output/phasevar_5/0006_phA07_phB12.png,Is the red cube farther from the camera than the blue cube? Answer with yes or no.,Yes,Yes,22.4375,20.328125,True
Zhoues/RoboRefer-2B-SFT,obj1_farther,output/phasevar_5/0006_phA07_phB13.png,Is the red cube farther from the camera than the blue cube? Answer with yes or no.,Yes,Yes,22.5625,20.328125,True
Zhoues/RoboRefer-2B-SFT,obj1_farther,output/phasevar_5/0006_phA07_phB14.png,Is the red cube farther from the camera than the blue cube? Answer with yes or no.,Yes,Yes,22.796875,20.296875,True
Zhoues/RoboRefer-2B-SFT,obj1_farther,output/phasevar_5/0006_phA07_phB15.png,Is the red cube farther from the camera than the blue cube? Answer with yes or no.,Yes,Yes,23.1875,20.140625,True
Zhoues/RoboRefer-2B-SFT,obj1_farther,output/phasevar_5/0006_phA08_phB00.png,Is the red cube farther from the camera than the blue cube? Answer with yes or no.,Yes,Yes,23.328125,20.140625,True
Zhoues/RoboRefer-2B-SFT,obj1_farther,output/phasevar_5/0006_phA08_phB01.png,Is the red cube farther from the camera than the blue cube? Answer with yes or no.,Yes,Yes,23.140625,20.296875,True
Zhoues/RoboRefer-2B-SFT,obj1_farther,output/phasevar_5/0006_phA08_phB02.png,Is the red cube farther from the camera than the blue cube? Answer with yes or no.,Yes,Yes,22.609375,20.390625,True
Zhoues/RoboRefer-2B-SFT,obj1_farther,output/phasevar_5/0006_phA08_phB03.png,Is the red cube farther from the camera than the blue cube? Answer with yes or no.,Yes,Yes,22.546875,20.25,True
Zhoues/RoboRefer-2B-SFT,obj1_farther,output/phasevar_5/0006_phA08_phB04.png,Is the red cube farther from the camera than the blue cube? Answer with yes or no.,Yes,Yes,22.515625,19.828125,True
Zhoues/RoboRefer-2B-SFT,obj1_farther,output/phasevar_5/0006_phA08_phB05.png,Is the red cube farther from the camera than the blue cube? Answer with yes or no.,Yes,Yes,22.59375,20.203125,True
Zhoues/RoboRefer-2B-SFT,obj1_farther,output/phasevar_5/0006_phA08_phB06.png,Is the red cube farther from the camera than the blue cube? Answer with yes or no.,Yes,Yes,23.15625,20.140625,True
Zhoues/RoboRefer-2B-SFT,obj1_farther,output/phasevar_5/0006_phA08_phB07.png,Is the red cube farther from the camera than the blue cube? Answer with yes or no.,Yes,Yes,23.21875,19.9375,True
Zhoues/RoboRefer-2B-SFT,obj1_farther,output/phasevar_5/0006_phA08_phB08.png,Is the red cube farther from the camera than the blue cube? Answer with yes or no.,Yes,Yes,23.390625,19.984375,True
Zhoues/RoboRefer-2B-SFT,obj1_farther,output/phasevar_5/0006_phA08_phB09.png,Is the red cube farther from the camera than the blue cube? Answer with yes or no.,Yes,Yes,23.171875,19.8125,True
Zhoues/RoboRefer-2B-SFT,obj1_farther,output/phasevar_5/0006_phA08_phB10.png,Is the red cube farther from the camera than the blue cube? Answer with yes or no.,Yes,Yes,22.953125,19.953125,True
Zhoues/RoboRefer-2B-SFT,obj1_farther,output/phasevar_5/0006_phA08_phB11.png,Is the red cube farther from the camera than the blue cube? Answer with yes or no.,Yes,Yes,22.390625,20.140625,True
Zhoues/RoboRefer-2B-SFT,obj1_farther,output/phasevar_5/0006_phA08_phB12.png,Is the red cube farther from the camera than the blue cube? Answer with yes or no.,Yes,Yes,22.46875,20.1875,True
Zhoues/RoboRefer-2B-SFT,obj1_farther,output/phasevar_5/0006_phA08_phB13.png,Is the red cube farther from the camera than the blue cube? Answer with yes or no.,Yes,Yes,22.640625,20.21875,True
Zhoues/RoboRefer-2B-SFT,obj1_farther,output/phasevar_5/0006_phA08_phB14.png,Is the red cube farther from the camera than the blue cube? Answer with yes or no.,Yes,Yes,22.8125,20.171875,True
Zhoues/RoboRefer-2B-SFT,obj1_farther,output/phasevar_5/0006_phA08_phB15.png,Is the red cube farther from the camera than the blue cube? Answer with yes or no.,Yes,Yes,23.1875,20.03125,True
Zhoues/RoboRefer-2B-SFT,obj1_farther,output/phasevar_5/0006_phA09_phB00.png,Is the red cube farther from the camera than the blue cube? Answer with yes or no.,Yes,Yes,23.34375,20.15625,True
Zhoues/RoboRefer-2B-SFT,obj1_farther,output/phasevar_5/0006_phA09_phB01.png,Is the red cube farther from the camera than the blue cube? Answer with yes or no.,Yes,Yes,23.09375,20.359375,True
Zhoues/RoboRefer-2B-SFT,obj1_farther,output/phasevar_5/0006_phA09_phB02.png,Is the red cube farther from the camera than the blue cube? Answer with yes or no.,Yes,Yes,22.5625,20.5,True
Zhoues/RoboRefer-2B-SFT,obj1_farther,output/phasevar_5/0006_phA09_phB03.png,Is the red cube farther from the camera than the blue cube? Answer with yes or no.,Yes,Yes,22.484375,20.359375,True
Zhoues/RoboRefer-2B-SFT,obj1_farther,output/phasevar_5/0006_phA09_phB04.png,Is the red cube farther from the camera than the blue cube? Answer with yes or no.,Yes,Yes,22.53125,19.921875,True
Zhoues/RoboRefer-2B-SFT,obj1_farther,output/phasevar_5/0006_phA09_phB05.png,Is the red cube farther from the camera than the blue cube? Answer with yes or no.,Yes,Yes,22.59375,20.265625,True
Zhoues/RoboRefer-2B-SFT,obj1_farther,output/phasevar_5/0006_phA09_phB06.png,Is the red cube farther from the camera than the blue cube? Answer with yes or no.,Yes,Yes,23.09375,20.28125,True
Zhoues/RoboRefer-2B-SFT,obj1_farther,output/phasevar_5/0006_phA09_phB07.png,Is the red cube farther from the camera than the blue cube? Answer with yes or no.,Yes,Yes,23.28125,20.109375,True
Zhoues/RoboRefer-2B-SFT,obj1_farther,output/phasevar_5/0006_phA09_phB08.png,Is the red cube farther from the camera than the blue cube? Answer with yes or no.,Yes,Yes,23.453125,20.0,True
Zhoues/RoboRefer-2B-SFT,obj1_farther,output/phasevar_5/0006_phA09_phB09.png,Is the red cube farther from the camera than the blue cube? Answer with yes or no.,Yes,Yes,23.265625,19.8125,True
Zhoues/RoboRefer-2B-SFT,obj1_farther,output/phasevar_5/0006_phA09_phB10.png,Is the red cube farther from the camera than the blue cube? Answer with yes or no.,Yes,Yes,22.859375,20.046875,True
Zhoues/RoboRefer-2B-SFT,obj1_farther,output/phasevar_5/0006_phA09_phB11.png,Is the red cube farther from the camera than the blue cube? Answer with yes or no.,Yes,Yes,22.203125,20.15625,True
Zhoues/RoboRefer-2B-SFT,obj1_farther,output/phasevar_5/0006_phA09_phB12.png,Is the red cube farther from the camera than the blue cube? Answer with yes or no.,Yes,Yes,22.453125,20.125,True
Zhoues/RoboRefer-2B-SFT,obj1_farther,output/phasevar_5/0006_phA09_phB13.png,Is the red cube farther from the camera than the blue cube? Answer with yes or no.,Yes,Yes,22.671875,20.171875,True
Zhoues/RoboRefer-2B-SFT,obj1_farther,output/phasevar_5/0006_phA09_phB14.png,Is the red cube farther from the camera than the blue cube? Answer with yes or no.,Yes,Yes,22.796875,20.171875,True
Zhoues/RoboRefer-2B-SFT,obj1_farther,output/phasevar_5/0006_phA09_phB15.png,Is the red cube farther from the camera than the blue cube? Answer with yes or no.,Yes,Yes,23.21875,20.03125,True
Zhoues/RoboRefer-2B-SFT,obj1_farther,output/phasevar_5/0006_phA10_phB00.png,Is the red cube farther from the camera than the blue cube? Answer with yes or no.,Yes,Yes,23.375,19.78125,True
Zhoues/RoboRefer-2B-SFT,obj1_farther,output/phasevar_5/0006_phA10_phB01.png,Is the red cube farther from the camera than the blue cube? Answer with yes or no.,Yes,Yes,23.234375,20.125,True
Zhoues/RoboRefer-2B-SFT,obj1_farther,output/phasevar_5/0006_phA10_phB02.png,Is the red cube farther from the camera than the blue cube? Answer with yes or no.,Yes,Yes,22.71875,20.296875,True
Zhoues/RoboRefer-2B-SFT,obj1_farther,output/phasevar_5/0006_phA10_phB03.png,Is the red cube farther from the camera than the blue cube? Answer with yes or no.,Yes,Yes,22.75,20.09375,True
Zhoues/RoboRefer-2B-SFT,obj1_farther,output/phasevar_5/0006_phA10_phB04.png,Is the red cube farther from the camera than the blue cube? Answer with yes or no.,Yes,Yes,22.78125,19.71875,True
Zhoues/RoboRefer-2B-SFT,obj1_farther,output/phasevar_5/0006_phA10_phB05.png,Is the red cube farther from the camera than the blue cube? Answer with yes or no.,Yes,Yes,22.828125,20.0625,True
Zhoues/RoboRefer-2B-SFT,obj1_farther,output/phasevar_5/0006_phA10_phB06.png,Is the red cube farther from the camera than the blue cube? Answer with yes or no.,Yes,Yes,23.28125,20.375,True
Zhoues/RoboRefer-2B-SFT,obj1_farther,output/phasevar_5/0006_phA10_phB07.png,Is the red cube farther from the camera than the blue cube? Answer with yes or no.,Yes,Yes,23.4375,19.984375,True
Zhoues/RoboRefer-2B-SFT,obj1_farther,output/phasevar_5/0006_phA10_phB08.png,Is the red cube farther from the camera than the blue cube? Answer with yes or no.,Yes,Yes,23.65625,20.0,True
Zhoues/RoboRefer-2B-SFT,obj1_farther,output/phasevar_5/0006_phA10_phB09.png,Is the red cube farther from the camera than the blue cube? Answer with yes or no.,Yes,Yes,23.46875,19.859375,True
Zhoues/RoboRefer-2B-SFT,obj1_farther,output/phasevar_5/0006_phA10_phB10.png,Is the red cube farther from the camera than the blue cube? Answer with yes or no.,Yes,Yes,23.015625,19.984375,True
Zhoues/RoboRefer-2B-SFT,obj1_farther,output/phasevar_5/0006_phA10_phB11.png,Is the red cube farther from the camera than the blue cube? Answer with yes or no.,Yes,Yes,22.4375,20.0625,True
Zhoues/RoboRefer-2B-SFT,obj1_farther,output/phasevar_5/0006_phA10_phB12.png,Is the red cube farther from the camera than the blue cube? Answer with yes or no.,Yes,Yes,22.625,19.90625,True
Zhoues/RoboRefer-2B-SFT,obj1_farther,output/phasevar_5/0006_phA10_phB13.png,Is the red cube farther from the camera than the blue cube? Answer with yes or no.,Yes,Yes,22.921875,19.953125,True
Zhoues/RoboRefer-2B-SFT,obj1_farther,output/phasevar_5/0006_phA10_phB14.png,Is the red cube farther from the camera than the blue cube? Answer with yes or no.,Yes,Yes,23.109375,20.0,True
Zhoues/RoboRefer-2B-SFT,obj1_farther,output/phasevar_5/0006_phA10_phB15.png,Is the red cube farther from the camera than the blue cube? Answer with yes or no.,Yes,Yes,23.34375,19.78125,True
Zhoues/RoboRefer-2B-SFT,obj1_farther,output/phasevar_5/0006_phA11_phB00.png,Is the red cube farther from the camera than the blue cube? Answer with yes or no.,Yes,Yes,23.171875,20.03125,True
Zhoues/RoboRefer-2B-SFT,obj1_farther,output/phasevar_5/0006_phA11_phB01.png,Is the red cube farther from the camera than the blue cube? Answer with yes or no.,Yes,Yes,23.078125,20.375,True
Zhoues/RoboRefer-2B-SFT,obj1_farther,output/phasevar_5/0006_phA11_phB02.png,Is the red cube farther from the camera than the blue cube? Answer with yes or no.,Yes,Yes,22.453125,20.28125,True
Zhoues/RoboRefer-2B-SFT,obj1_farther,output/phasevar_5/0006_phA11_phB03.png,Is the red cube farther from the camera than the blue cube? Answer with yes or no.,Yes,Yes,22.421875,20.421875,True
Zhoues/RoboRefer-2B-SFT,obj1_farther,output/phasevar_5/0006_phA11_phB04.png,Is the red cube farther from the camera than the blue cube? Answer with yes or no.,Yes,Yes,22.5625,20.09375,True
Zhoues/RoboRefer-2B-SFT,obj1_farther,output/phasevar_5/0006_phA11_phB05.png,Is the red cube farther from the camera than the blue cube? Answer with yes or no.,Yes,Yes,22.578125,20.25,True
Zhoues/RoboRefer-2B-SFT,obj1_farther,output/phasevar_5/0006_phA11_phB06.png,Is the red cube farther from the camera than the blue cube? Answer with yes or no.,Yes,Yes,22.96875,20.3125,True
Zhoues/RoboRefer-2B-SFT,obj1_farther,output/phasevar_5/0006_phA11_phB07.png,Is the red cube farther from the camera than the blue cube? Answer with yes or no.,Yes,Yes,23.21875,19.9375,True
Zhoues/RoboRefer-2B-SFT,obj1_farther,output/phasevar_5/0006_phA11_phB08.png,Is the red cube farther from the camera than the blue cube? Answer with yes or no.,Yes,Yes,23.40625,19.921875,True
Zhoues/RoboRefer-2B-SFT,obj1_farther,output/phasevar_5/0006_phA11_phB09.png,Is the red cube farther from the camera than the blue cube? Answer with yes or no.,Yes,Yes,23.125,19.9375,True
Zhoues/RoboRefer-2B-SFT,obj1_farther,output/phasevar_5/0006_phA11_phB10.png,Is the red cube farther from the camera than the blue cube? Answer with yes or no.,Yes,Yes,22.96875,19.890625,True
Zhoues/RoboRefer-2B-SFT,obj1_farther,output/phasevar_5/0006_phA11_phB11.png,Is the red cube farther from the camera than the blue cube? Answer with yes or no.,Yes,Yes,22.515625,20.140625,True
Zhoues/RoboRefer-2B-SFT,obj1_farther,output/phasevar_5/0006_phA11_phB12.png,Is the red cube farther from the camera than the blue cube? Answer with yes or no.,Yes,Yes,22.609375,20.0625,True
Zhoues/RoboRefer-2B-SFT,obj1_farther,output/phasevar_5/0006_phA11_phB13.png,Is the red cube farther from the camera than the blue cube? Answer with yes or no.,Yes,Yes,22.921875,20.109375,True
Zhoues/RoboRefer-2B-SFT,obj1_farther,output/phasevar_5/0006_phA11_phB14.png,Is the red cube farther from the camera than the blue cube? Answer with yes or no.,Yes,Yes,23.03125,20.171875,True
Zhoues/RoboRefer-2B-SFT,obj1_farther,output/phasevar_5/0006_phA11_phB15.png,Is the red cube farther from the camera than the blue cube? Answer with yes or no.,Yes,Yes,23.125,19.859375,True
Zhoues/RoboRefer-2B-SFT,obj1_farther,output/phasevar_5/0006_phA12_phB00.png,Is the red cube farther from the camera than the blue cube? Answer with yes or no.,Yes,Yes,23.234375,20.171875,True
Zhoues/RoboRefer-2B-SFT,obj1_farther,output/phasevar_5/0006_phA12_phB01.png,Is the red cube farther from the camera than the blue cube? Answer with yes or no.,Yes,Yes,23.109375,20.40625,True
Zhoues/RoboRefer-2B-SFT,obj1_farther,output/phasevar_5/0006_phA12_phB02.png,Is the red cube farther from the camera than the blue cube? Answer with yes or no.,Yes,Yes,22.484375,20.359375,True
Zhoues/RoboRefer-2B-SFT,obj1_farther,output/phasevar_5/0006_phA12_phB03.png,Is the red cube farther from the camera than the blue cube? Answer with yes or no.,Yes,Yes,22.453125,20.421875,True
Zhoues/RoboRefer-2B-SFT,obj1_farther,output/phasevar_5/0006_phA12_phB04.png,Is the red cube farther from the camera than the blue cube? Answer with yes or no.,Yes,Yes,22.65625,20.140625,True
Zhoues/RoboRefer-2B-SFT,obj1_farther,output/phasevar_5/0006_phA12_phB05.png,Is the red cube farther from the camera than the blue cube? Answer with yes or no.,Yes,Yes,22.734375,20.296875,True
Zhoues/RoboRefer-2B-SFT,obj1_farther,output/phasevar_5/0006_phA12_phB06.png,Is the red cube farther from the camera than the blue cube? Answer with yes or no.,Yes,Yes,23.0625,20.328125,True
Zhoues/RoboRefer-2B-SFT,obj1_farther,output/phasevar_5/0006_phA12_phB07.png,Is the red cube farther from the camera than the blue cube? Answer with yes or no.,Yes,Yes,23.25,19.9375,True
Zhoues/RoboRefer-2B-SFT,obj1_farther,output/phasevar_5/0006_phA12_phB08.png,Is the red cube farther from the camera than the blue cube? Answer with yes or no.,Yes,Yes,23.453125,19.890625,True
Zhoues/RoboRefer-2B-SFT,obj1_farther,output/phasevar_5/0006_phA12_phB09.png,Is the red cube farther from the camera than the blue cube? Answer with yes or no.,Yes,Yes,23.21875,19.875,True
Zhoues/RoboRefer-2B-SFT,obj1_farther,output/phasevar_5/0006_phA12_phB10.png,Is the red cube farther from the camera than the blue cube? Answer with yes or no.,Yes,Yes,23.0625,19.875,True
Zhoues/RoboRefer-2B-SFT,obj1_farther,output/phasevar_5/0006_phA12_phB11.png,Is the red cube farther from the camera than the blue cube? Answer with yes or no.,Yes,Yes,22.546875,20.125,True
Zhoues/RoboRefer-2B-SFT,obj1_farther,output/phasevar_5/0006_phA12_phB12.png,Is the red cube farther from the camera than the blue cube? Answer with yes or no.,Yes,Yes,22.546875,20.234375,True
Zhoues/RoboRefer-2B-SFT,obj1_farther,output/phasevar_5/0006_phA12_phB13.png,Is the red cube farther from the camera than the blue cube? Answer with yes or no.,Yes,Yes,22.890625,20.203125,True
Zhoues/RoboRefer-2B-SFT,obj1_farther,output/phasevar_5/0006_phA12_phB14.png,Is the red cube farther from the camera than the blue cube? Answer with yes or no.,Yes,Yes,23.0625,20.28125,True
Zhoues/RoboRefer-2B-SFT,obj1_farther,output/phasevar_5/0006_phA12_phB15.png,Is the red cube farther from the camera than the blue cube? Answer with yes or no.,Yes,Yes,23.234375,20.015625,True
Zhoues/RoboRefer-2B-SFT,obj1_farther,output/phasevar_5/0006_phA13_phB00.png,Is the red cube farther from the camera than the blue cube? Answer with yes or no.,Yes,Yes,23.203125,20.0,True
Zhoues/RoboRefer-2B-SFT,obj1_farther,output/phasevar_5/0006_phA13_phB01.png,Is the red cube farther from the camera than the blue cube? Answer with yes or no.,Yes,Yes,23.03125,20.1875,True
Zhoues/RoboRefer-2B-SFT,obj1_farther,output/phasevar_5/0006_phA13_phB02.png,Is the red cube farther from the camera than the blue cube? Answer with yes or no.,Yes,Yes,22.453125,20.125,True
Zhoues/RoboRefer-2B-SFT,obj1_farther,output/phasevar_5/0006_phA13_phB03.png,Is the red cube farther from the camera than the blue cube? Answer with yes or no.,Yes,Yes,21.921875,20.328125,True
Zhoues/RoboRefer-2B-SFT,obj1_farther,output/phasevar_5/0006_phA13_phB04.png,Is the red cube farther from the camera than the blue cube? Answer with yes or no.,Yes,Yes,22.53125,20.109375,True
Zhoues/RoboRefer-2B-SFT,obj1_farther,output/phasevar_5/0006_phA13_phB05.png,Is the red cube farther from the camera than the blue cube? Answer with yes or no.,Yes,Yes,22.265625,20.25,True
Zhoues/RoboRefer-2B-SFT,obj1_farther,output/phasevar_5/0006_phA13_phB06.png,Is the red cube farther from the camera than the blue cube? Answer with yes or no.,Yes,Yes,22.953125,20.21875,True
Zhoues/RoboRefer-2B-SFT,obj1_farther,output/phasevar_5/0006_phA13_phB07.png,Is the red cube farther from the camera than the blue cube? Answer with yes or no.,Yes,Yes,23.125,19.859375,True
Zhoues/RoboRefer-2B-SFT,obj1_farther,output/phasevar_5/0006_phA13_phB08.png,Is the red cube farther from the camera than the blue cube? Answer with yes or no.,Yes,Yes,23.359375,19.78125,True
Zhoues/RoboRefer-2B-SFT,obj1_farther,output/phasevar_5/0006_phA13_phB09.png,Is the red cube farther from the camera than the blue cube? Answer with yes or no.,Yes,Yes,23.15625,19.921875,True
Zhoues/RoboRefer-2B-SFT,obj1_farther,output/phasevar_5/0006_phA13_phB10.png,Is the red cube farther from the camera than the blue cube? Answer with yes or no.,Yes,Yes,22.75,20.046875,True
Zhoues/RoboRefer-2B-SFT,obj1_farther,output/phasevar_5/0006_phA13_phB11.png,Is the red cube farther from the camera than the blue cube? Answer with yes or no.,Yes,Yes,22.015625,20.25,True
Zhoues/RoboRefer-2B-SFT,obj1_farther,output/phasevar_5/0006_phA13_phB12.png,Is the red cube farther from the camera than the blue cube? Answer with yes or no.,Yes,Yes,22.125,20.15625,True
Zhoues/RoboRefer-2B-SFT,obj1_farther,output/phasevar_5/0006_phA13_phB13.png,Is the red cube farther from the camera than the blue cube? Answer with yes or no.,Yes,Yes,22.25,20.46875,True
Zhoues/RoboRefer-2B-SFT,obj1_farther,output/phasevar_5/0006_phA13_phB14.png,Is the red cube farther from the camera than the blue cube? Answer with yes or no.,Yes,Yes,22.890625,20.1875,True
Zhoues/RoboRefer-2B-SFT,obj1_farther,output/phasevar_5/0006_phA13_phB15.png,Is the red cube farther from the camera than the blue cube? Answer with yes or no.,Yes,Yes,23.25,20.078125,True
Zhoues/RoboRefer-2B-SFT,obj1_farther,output/phasevar_5/0006_phA14_phB00.png,Is the red cube farther from the camera than the blue cube? Answer with yes or no.,Yes,Yes,23.21875,20.15625,True
Zhoues/RoboRefer-2B-SFT,obj1_farther,output/phasevar_5/0006_phA14_phB01.png,Is the red cube farther from the camera than the blue cube? Answer with yes or no.,Yes,Yes,22.96875,20.359375,True
Zhoues/RoboRefer-2B-SFT,obj1_farther,output/phasevar_5/0006_phA14_phB02.png,Is the red cube farther from the camera than the blue cube? Answer with yes or no.,Yes,Yes,22.34375,20.34375,True
Zhoues/RoboRefer-2B-SFT,obj1_farther,output/phasevar_5/0006_phA14_phB03.png,Is the red cube farther from the camera than the blue cube? Answer with yes or no.,Yes,Yes,22.40625,20.453125,True
Zhoues/RoboRefer-2B-SFT,obj1_farther,output/phasevar_5/0006_phA14_phB04.png,Is the red cube farther from the camera than the blue cube? Answer with yes or no.,Yes,Yes,22.46875,20.125,True
Zhoues/RoboRefer-2B-SFT,obj1_farther,output/phasevar_5/0006_phA14_phB05.png,Is the red cube farther from the camera than the blue cube? Answer with yes or no.,Yes,Yes,22.5625,20.1875,True
Zhoues/RoboRefer-2B-SFT,obj1_farther,output/phasevar_5/0006_phA14_phB06.png,Is the red cube farther from the camera than the blue cube? Answer with yes or no.,Yes,Yes,22.96875,20.375,True
Zhoues/RoboRefer-2B-SFT,obj1_farther,output/phasevar_5/0006_phA14_phB07.png,Is the red cube farther from the camera than the blue cube? Answer with yes or no.,Yes,Yes,23.15625,19.953125,True
Zhoues/RoboRefer-2B-SFT,obj1_farther,output/phasevar_5/0006_phA14_phB08.png,Is the red cube farther from the camera than the blue cube? Answer with yes or no.,Yes,Yes,23.359375,20.015625,True
Zhoues/RoboRefer-2B-SFT,obj1_farther,output/phasevar_5/0006_phA14_phB09.png,Is the red cube farther from the camera than the blue cube? Answer with yes or no.,Yes,Yes,23.171875,20.046875,True
Zhoues/RoboRefer-2B-SFT,obj1_farther,output/phasevar_5/0006_phA14_phB10.png,Is the red cube farther from the camera than the blue cube? Answer with yes or no.,Yes,Yes,22.984375,19.90625,True
Zhoues/RoboRefer-2B-SFT,obj1_farther,output/phasevar_5/0006_phA14_phB11.png,Is the red cube farther from the camera than the blue cube? Answer with yes or no.,Yes,Yes,22.5625,20.15625,True
Zhoues/RoboRefer-2B-SFT,obj1_farther,output/phasevar_5/0006_phA14_phB12.png,Is the red cube farther from the camera than the blue cube? Answer with yes or no.,Yes,Yes,22.609375,20.25,True
Zhoues/RoboRefer-2B-SFT,obj1_farther,output/phasevar_5/0006_phA14_phB13.png,Is the red cube farther from the camera than the blue cube? Answer with yes or no.,Yes,Yes,22.4375,20.40625,True
Zhoues/RoboRefer-2B-SFT,obj1_farther,output/phasevar_5/0006_phA14_phB14.png,Is the red cube farther from the camera than the blue cube? Answer with yes or no.,Yes,Yes,22.96875,20.328125,True
Zhoues/RoboRefer-2B-SFT,obj1_farther,output/phasevar_5/0006_phA14_phB15.png,Is the red cube farther from the camera than the blue cube? Answer with yes or no.,Yes,Yes,23.265625,20.046875,True
Zhoues/RoboRefer-2B-SFT,obj1_farther,output/phasevar_5/0006_phA15_phB00.png,Is the red cube farther from the camera than the blue cube? Answer with yes or no.,Yes,Yes,23.359375,20.140625,True
Zhoues/RoboRefer-2B-SFT,obj1_farther,output/phasevar_5/0006_phA15_phB01.png,Is the red cube farther from the camera than the blue cube? Answer with yes or no.,Yes,Yes,23.109375,20.296875,True
Zhoues/RoboRefer-2B-SFT,obj1_farther,output/phasevar_5/0006_phA15_phB02.png,Is the red cube farther from the camera than the blue cube? Answer with yes or no.,Yes,Yes,22.703125,20.421875,True
Zhoues/RoboRefer-2B-SFT,obj1_farther,output/phasevar_5/0006_phA15_phB03.png,Is the red cube farther from the camera than the blue cube? Answer with yes or no.,Yes,Yes,22.46875,20.421875,True
Zhoues/RoboRefer-2B-SFT,obj1_farther,output/phasevar_5/0006_phA15_phB04.png,Is the red cube farther from the camera than the blue cube? Answer with yes or no.,Yes,Yes,22.515625,19.96875,True
Zhoues/RoboRefer-2B-SFT,obj1_farther,output/phasevar_5/0006_phA15_phB05.png,Is the red cube farther from the camera than the blue cube? Answer with yes or no.,Yes,Yes,22.703125,20.1875,True
Zhoues/RoboRefer-2B-SFT,obj1_farther,output/phasevar_5/0006_phA15_phB06.png,Is the red cube farther from the camera than the blue cube? Answer with yes or no.,Yes,Yes,23.1875,20.296875,True
Zhoues/RoboRefer-2B-SFT,obj1_farther,output/phasevar_5/0006_phA15_phB07.png,Is the red cube farther from the camera than the blue cube? Answer with yes or no.,Yes,Yes,23.15625,19.875,True
Zhoues/RoboRefer-2B-SFT,obj1_farther,output/phasevar_5/0006_phA15_phB08.png,Is the red cube farther from the camera than the blue cube? Answer with yes or no.,Yes,Yes,23.421875,20.15625,True
Zhoues/RoboRefer-2B-SFT,obj1_farther,output/phasevar_5/0006_phA15_phB09.png,Is the red cube farther from the camera than the blue cube? Answer with yes or no.,Yes,Yes,23.203125,19.953125,True
Zhoues/RoboRefer-2B-SFT,obj1_farther,output/phasevar_5/0006_phA15_phB10.png,Is the red cube farther from the camera than the blue cube? Answer with yes or no.,Yes,Yes,23.0625,20.078125,True
Zhoues/RoboRefer-2B-SFT,obj1_farther,output/phasevar_5/0006_phA15_phB11.png,Is the red cube farther from the camera than the blue cube? Answer with yes or no.,Yes,Yes,22.546875,20.140625,True
Zhoues/RoboRefer-2B-SFT,obj1_farther,output/phasevar_5/0006_phA15_phB12.png,Is the red cube farther from the camera than the blue cube? Answer with yes or no.,Yes,Yes,22.484375,20.28125,True
Zhoues/RoboRefer-2B-SFT,obj1_farther,output/phasevar_5/0006_phA15_phB13.png,Is the red cube farther from the camera than the blue cube? Answer with yes or no.,Yes,Yes,22.4375,20.4375,True
Zhoues/RoboRefer-2B-SFT,obj1_farther,output/phasevar_5/0006_phA15_phB14.png,Is the red cube farther from the camera than the blue cube? Answer with yes or no.,Yes,Yes,22.859375,20.359375,True
Zhoues/RoboRefer-2B-SFT,obj1_farther,output/phasevar_5/0006_phA15_phB15.png,Is the red cube farther from the camera than the blue cube? Answer with yes or no.,Yes,Yes,23.40625,20.171875,True
Zhoues/RoboRefer-2B-SFT,obj1_farther,output/phasevar_5/0007_phA00_phB00.png,Is the magenta cube farther from the camera than the yellow cube? Answer with yes or no.,Yes,Yes,23.53125,20.375,True
Zhoues/RoboRefer-2B-SFT,obj1_farther,output/phasevar_5/0007_phA00_phB01.png,Is the magenta cube farther from the camera than the yellow cube? Answer with yes or no.,Yes,Yes,23.296875,20.578125,True
Zhoues/RoboRefer-2B-SFT,obj1_farther,output/phasevar_5/0007_phA00_phB02.png,Is the magenta cube farther from the camera than the yellow cube? Answer with yes or no.,Yes,Yes,23.140625,20.359375,True
Zhoues/RoboRefer-2B-SFT,obj1_farther,output/phasevar_5/0007_phA00_phB03.png,Is the magenta cube farther from the camera than the yellow cube? Answer with yes or no.,Yes,Yes,22.734375,20.65625,True
Zhoues/RoboRefer-2B-SFT,obj1_farther,output/phasevar_5/0007_phA00_phB04.png,Is the magenta cube farther from the camera than the yellow cube? Answer with yes or no.,Yes,Yes,23.015625,20.015625,True
Zhoues/RoboRefer-2B-SFT,obj1_farther,output/phasevar_5/0007_phA00_phB05.png,Is the magenta cube farther from the camera than the yellow cube? Answer with yes or no.,Yes,Yes,22.90625,20.125,True
Zhoues/RoboRefer-2B-SFT,obj1_farther,output/phasevar_5/0007_phA00_phB06.png,Is the magenta cube farther from the camera than the yellow cube? Answer with yes or no.,Yes,Yes,23.40625,19.9375,True
Zhoues/RoboRefer-2B-SFT,obj1_farther,output/phasevar_5/0007_phA00_phB07.png,Is the magenta cube farther from the camera than the yellow cube? Answer with yes or no.,Yes,Yes,23.375,19.859375,True
Zhoues/RoboRefer-2B-SFT,obj1_farther,output/phasevar_5/0007_phA00_phB08.png,Is the magenta cube farther from the camera than the yellow cube? Answer with yes or no.,Yes,Yes,23.4375,20.109375,True
Zhoues/RoboRefer-2B-SFT,obj1_farther,output/phasevar_5/0007_phA00_phB09.png,Is the magenta cube farther from the camera than the yellow cube? Answer with yes or no.,Yes,Yes,23.390625,19.9375,True
Zhoues/RoboRefer-2B-SFT,obj1_farther,output/phasevar_5/0007_phA00_phB10.png,Is the magenta cube farther from the camera than the yellow cube? Answer with yes or no.,Yes,Yes,23.15625,19.90625,True
Zhoues/RoboRefer-2B-SFT,obj1_farther,output/phasevar_5/0007_phA00_phB11.png,Is the magenta cube farther from the camera than the yellow cube? Answer with yes or no.,Yes,Yes,22.6875,20.03125,True
Zhoues/RoboRefer-2B-SFT,obj1_farther,output/phasevar_5/0007_phA00_phB12.png,Is the magenta cube farther from the camera than the yellow cube? Answer with yes or no.,Yes,Yes,22.96875,20.28125,True
Zhoues/RoboRefer-2B-SFT,obj1_farther,output/phasevar_5/0007_phA00_phB13.png,Is the magenta cube farther from the camera than the yellow cube? Answer with yes or no.,Yes,Yes,22.96875,20.328125,True
Zhoues/RoboRefer-2B-SFT,obj1_farther,output/phasevar_5/0007_phA00_phB14.png,Is the magenta cube farther from the camera than the yellow cube? Answer with yes or no.,Yes,Yes,23.265625,20.21875,True
Zhoues/RoboRefer-2B-SFT,obj1_farther,output/phasevar_5/0007_phA00_phB15.png,Is the magenta cube farther from the camera than the yellow cube? Answer with yes or no.,Yes,Yes,23.546875,20.21875,True
Zhoues/RoboRefer-2B-SFT,obj1_farther,output/phasevar_5/0007_phA01_phB00.png,Is the magenta cube farther from the camera than the yellow cube? Answer with yes or no.,Yes,Yes,23.640625,19.8125,True
Zhoues/RoboRefer-2B-SFT,obj1_farther,output/phasevar_5/0007_phA01_phB01.png,Is the magenta cube farther from the camera than the yellow cube? Answer with yes or no.,Yes,Yes,23.3125,20.390625,True
Zhoues/RoboRefer-2B-SFT,obj1_farther,output/phasevar_5/0007_phA01_phB02.png,Is the magenta cube farther from the camera than the yellow cube? Answer with yes or no.,Yes,Yes,23.203125,20.140625,True
Zhoues/RoboRefer-2B-SFT,obj1_farther,output/phasevar_5/0007_phA01_phB03.png,Is the magenta cube farther from the camera than the yellow cube? Answer with yes or no.,Yes,Yes,22.828125,20.65625,True
Zhoues/RoboRefer-2B-SFT,obj1_farther,output/phasevar_5/0007_phA01_phB04.png,Is the magenta cube farther from the camera than the yellow cube? Answer with yes or no.,Yes,Yes,23.078125,19.96875,True
Zhoues/RoboRefer-2B-SFT,obj1_farther,output/phasevar_5/0007_phA01_phB05.png,Is the magenta cube farther from the camera than the yellow cube? Answer with yes or no.,Yes,Yes,22.984375,20.0,True
Zhoues/RoboRefer-2B-SFT,obj1_farther,output/phasevar_5/0007_phA01_phB06.png,Is the magenta cube farther from the camera than the yellow cube? Answer with yes or no.,Yes,Yes,23.453125,19.796875,True
Zhoues/RoboRefer-2B-SFT,obj1_farther,output/phasevar_5/0007_phA01_phB07.png,Is the magenta cube farther from the camera than the yellow cube? Answer with yes or no.,Yes,Yes,23.375,19.625,True
Zhoues/RoboRefer-2B-SFT,obj1_farther,output/phasevar_5/0007_phA01_phB08.png,Is the magenta cube farther from the camera than the yellow cube? Answer with yes or no.,Yes,Yes,23.5,19.890625,True
Zhoues/RoboRefer-2B-SFT,obj1_farther,output/phasevar_5/0007_phA01_phB09.png,Is the magenta cube farther from the camera than the yellow cube? Answer with yes or no.,Yes,Yes,23.4375,19.859375,True
Zhoues/RoboRefer-2B-SFT,obj1_farther,output/phasevar_5/0007_phA01_phB10.png,Is the magenta cube farther from the camera than the yellow cube? Answer with yes or no.,Yes,Yes,23.234375,19.890625,True
Zhoues/RoboRefer-2B-SFT,obj1_farther,output/phasevar_5/0007_phA01_phB11.png,Is the magenta cube farther from the camera than the yellow cube? Answer with yes or no.,Yes,Yes,22.796875,20.015625,True
Zhoues/RoboRefer-2B-SFT,obj1_farther,output/phasevar_5/0007_phA01_phB12.png,Is the magenta cube farther from the camera than the yellow cube? Answer with yes or no.,Yes,Yes,23.09375,20.328125,True
Zhoues/RoboRefer-2B-SFT,obj1_farther,output/phasevar_5/0007_phA01_phB13.png,Is the magenta cube farther from the camera than the yellow cube? Answer with yes or no.,Yes,Yes,23.03125,20.265625,True
Zhoues/RoboRefer-2B-SFT,obj1_farther,output/phasevar_5/0007_phA01_phB14.png,Is the magenta cube farther from the camera than the yellow cube? Answer with yes or no.,Yes,Yes,23.328125,20.109375,True
Zhoues/RoboRefer-2B-SFT,obj1_farther,output/phasevar_5/0007_phA01_phB15.png,Is the magenta cube farther from the camera than the yellow cube? Answer with yes or no.,Yes,Yes,23.546875,19.953125,True
Zhoues/RoboRefer-2B-SFT,obj1_farther,output/phasevar_5/0007_phA02_phB00.png,Is the magenta cube farther from the camera than the yellow cube? Answer with yes or no.,Yes,Yes,23.65625,19.984375,True
Zhoues/RoboRefer-2B-SFT,obj1_farther,output/phasevar_5/0007_phA02_phB01.png,Is the magenta cube farther from the camera than the yellow cube? Answer with yes or no.,Yes,Yes,23.484375,20.421875,True
Zhoues/RoboRefer-2B-SFT,obj1_farther,output/phasevar_5/0007_phA02_phB02.png,Is the magenta cube farther from the camera than the yellow cube? Answer with yes or no.,Yes,Yes,23.359375,20.03125,True
Zhoues/RoboRefer-2B-SFT,obj1_farther,output/phasevar_5/0007_phA02_phB03.png,Is the magenta cube farther from the camera than the yellow cube? Answer with yes or no.,Yes,Yes,23.0,20.6875,True
Zhoues/RoboRefer-2B-SFT,obj1_farther,output/phasevar_5/0007_phA02_phB04.png,Is the magenta cube farther from the camera than the yellow cube? Answer with yes or no.,Yes,Yes,23.171875,19.90625,True
Zhoues/RoboRefer-2B-SFT,obj1_farther,output/phasevar_5/0007_phA02_phB05.png,Is the magenta cube farther from the camera than the yellow cube? Answer with yes or no.,Yes,Yes,23.171875,19.90625,True
Zhoues/RoboRefer-2B-SFT,obj1_farther,output/phasevar_5/0007_phA02_phB06.png,Is the magenta cube farther from the camera than the yellow cube? Answer with yes or no.,Yes,Yes,23.515625,19.75,True
Zhoues/RoboRefer-2B-SFT,obj1_farther,output/phasevar_5/0007_phA02_phB07.png,Is the magenta cube farther from the camera than the yellow cube? Answer with yes or no.,Yes,Yes,23.46875,19.625,True
Zhoues/RoboRefer-2B-SFT,obj1_farther,output/phasevar_5/0007_phA02_phB08.png,Is the magenta cube farther from the camera than the yellow cube? Answer with yes or no.,Yes,Yes,23.53125,19.921875,True
Zhoues/RoboRefer-2B-SFT,obj1_farther,output/phasevar_5/0007_phA02_phB09.png,Is the magenta cube farther from the camera than the yellow cube? Answer with yes or no.,Yes,Yes,23.390625,19.9375,True
Zhoues/RoboRefer-2B-SFT,obj1_farther,output/phasevar_5/0007_phA02_phB10.png,Is the magenta cube farther from the camera than the yellow cube? Answer with yes or no.,Yes,Yes,23.25,20.109375,True
Zhoues/RoboRefer-2B-SFT,obj1_farther,output/phasevar_5/0007_phA02_phB11.png,Is the magenta cube farther from the camera than the yellow cube? Answer with yes or no.,Yes,Yes,22.875,20.28125,True
Zhoues/RoboRefer-2B-SFT,obj1_farther,output/phasevar_5/0007_phA02_phB12.png,Is the magenta cube farther from the camera than the yellow cube? Answer with yes or no.,Yes,Yes,23.125,20.671875,True
Zhoues/RoboRefer-2B-SFT,obj1_farther,output/phasevar_5/0007_phA02_phB13.png,Is the magenta cube farther from the camera than the yellow cube? Answer with yes or no.,Yes,Yes,23.09375,20.46875,True
Zhoues/RoboRefer-2B-SFT,obj1_farther,output/phasevar_5/0007_phA02_phB14.png,Is the magenta cube farther from the camera than the yellow cube? Answer with yes or no.,Yes,Yes,23.328125,20.359375,True
Zhoues/RoboRefer-2B-SFT,obj1_farther,output/phasevar_5/0007_phA02_phB15.png,Is the magenta cube farther from the camera than the yellow cube? Answer with yes or no.,Yes,Yes,23.578125,20.28125,True
Zhoues/RoboRefer-2B-SFT,obj1_farther,output/phasevar_5/0007_phA03_phB00.png,Is the magenta cube farther from the camera than the yellow cube? Answer with yes or no.,Yes,Yes,23.40625,20.375,True
Zhoues/RoboRefer-2B-SFT,obj1_farther,output/phasevar_5/0007_phA03_phB01.png,Is the magenta cube farther from the camera than the yellow cube? Answer with yes or no.,Yes,Yes,23.328125,20.359375,True
Zhoues/RoboRefer-2B-SFT,obj1_farther,output/phasevar_5/0007_phA03_phB02.png,Is the magenta cube farther from the camera than the yellow cube? Answer with yes or no.,Yes,Yes,23.125,20.296875,True
Zhoues/RoboRefer-2B-SFT,obj1_farther,output/phasevar_5/0007_phA03_phB03.png,Is the magenta cube farther from the camera than the yellow cube? Answer with yes or no.,Yes,Yes,22.78125,20.703125,True
Zhoues/RoboRefer-2B-SFT,obj1_farther,output/phasevar_5/0007_phA03_phB04.png,Is the magenta cube farther from the camera than the yellow cube? Answer with yes or no.,Yes,Yes,23.046875,20.28125,True
Zhoues/RoboRefer-2B-SFT,obj1_farther,output/phasevar_5/0007_phA03_phB05.png,Is the magenta cube farther from the camera than the yellow cube? Answer with yes or no.,Yes,Yes,23.0625,20.078125,True
Zhoues/RoboRefer-2B-SFT,obj1_farther,output/phasevar_5/0007_phA03_phB06.png,Is the magenta cube farther from the camera than the yellow cube? Answer with yes or no.,Yes,Yes,23.375,19.796875,True
Zhoues/RoboRefer-2B-SFT,obj1_farther,output/phasevar_5/0007_phA03_phB07.png,Is the magenta cube farther from the camera than the yellow cube? Answer with yes or no.,Yes,Yes,23.359375,19.78125,True
Zhoues/RoboRefer-2B-SFT,obj1_farther,output/phasevar_5/0007_phA03_phB08.png,Is the magenta cube farther from the camera than the yellow cube? Answer with yes or no.,Yes,Yes,23.34375,20.046875,True
Zhoues/RoboRefer-2B-SFT,obj1_farther,output/phasevar_5/0007_phA03_phB09.png,Is the magenta cube farther from the camera than the yellow cube? Answer with yes or no.,Yes,Yes,23.234375,20.078125,True
Zhoues/RoboRefer-2B-SFT,obj1_farther,output/phasevar_5/0007_phA03_phB10.png,Is the magenta cube farther from the camera than the yellow cube? Answer with yes or no.,Yes,Yes,23.03125,20.046875,True
Zhoues/RoboRefer-2B-SFT,obj1_farther,output/phasevar_5/0007_phA03_phB11.png,Is the magenta cube farther from the camera than the yellow cube? Answer with yes or no.,Yes,Yes,22.734375,20.390625,True
Zhoues/RoboRefer-2B-SFT,obj1_farther,output/phasevar_5/0007_phA03_phB12.png,Is the magenta cube farther from the camera than the yellow cube? Answer with yes or no.,Yes,Yes,22.8125,20.71875,True
Zhoues/RoboRefer-2B-SFT,obj1_farther,output/phasevar_5/0007_phA03_phB13.png,Is the magenta cube farther from the camera than the yellow cube? Answer with yes or no.,Yes,Yes,22.953125,20.59375,True
Zhoues/RoboRefer-2B-SFT,obj1_farther,output/phasevar_5/0007_phA03_phB14.png,Is the magenta cube farther from the camera than the yellow cube? Answer with yes or no.,Yes,Yes,23.21875,20.484375,True
Zhoues/RoboRefer-2B-SFT,obj1_farther,output/phasevar_5/0007_phA03_phB15.png,Is the magenta cube farther from the camera than the yellow cube? Answer with yes or no.,Yes,Yes,23.3125,20.46875,True
Zhoues/RoboRefer-2B-SFT,obj1_farther,output/phasevar_5/0007_phA04_phB00.png,Is the magenta cube farther from the camera than the yellow cube? Answer with yes or no.,Yes,Yes,23.390625,20.421875,True
Zhoues/RoboRefer-2B-SFT,obj1_farther,output/phasevar_5/0007_phA04_phB01.png,Is the magenta cube farther from the camera than the yellow cube? Answer with yes or no.,Yes,Yes,23.34375,20.375,True
Zhoues/RoboRefer-2B-SFT,obj1_farther,output/phasevar_5/0007_phA04_phB02.png,Is the magenta cube farther from the camera than the yellow cube? Answer with yes or no.,Yes,Yes,23.140625,20.296875,True
Zhoues/RoboRefer-2B-SFT,obj1_farther,output/phasevar_5/0007_phA04_phB03.png,Is the magenta cube farther from the camera than the yellow cube? Answer with yes or no.,Yes,Yes,22.890625,20.609375,True
Zhoues/RoboRefer-2B-SFT,obj1_farther,output/phasevar_5/0007_phA04_phB04.png,Is the magenta cube farther from the camera than the yellow cube? Answer with yes or no.,Yes,Yes,22.796875,20.484375,True
Zhoues/RoboRefer-2B-SFT,obj1_farther,output/phasevar_5/0007_phA04_phB05.png,Is the magenta cube farther from the camera than the yellow cube? Answer with yes or no.,Yes,Yes,22.9375,20.265625,True
Zhoues/RoboRefer-2B-SFT,obj1_farther,output/phasevar_5/0007_phA04_phB06.png,Is the magenta cube farther from the camera than the yellow cube? Answer with yes or no.,Yes,Yes,23.359375,19.984375,True
Zhoues/RoboRefer-2B-SFT,obj1_farther,output/phasevar_5/0007_phA04_phB07.png,Is the magenta cube farther from the camera than the yellow cube? Answer with yes or no.,Yes,Yes,23.3125,19.921875,True
Zhoues/RoboRefer-2B-SFT,obj1_farther,output/phasevar_5/0007_phA04_phB08.png,Is the magenta cube farther from the camera than the yellow cube? Answer with yes or no.,Yes,Yes,23.3125,20.28125,True
Zhoues/RoboRefer-2B-SFT,obj1_farther,output/phasevar_5/0007_phA04_phB09.png,Is the magenta cube farther from the camera than the yellow cube? Answer with yes or no.,Yes,Yes,23.1875,20.375,True
Zhoues/RoboRefer-2B-SFT,obj1_farther,output/phasevar_5/0007_phA04_phB10.png,Is the magenta cube farther from the camera than the yellow cube? Answer with yes or no.,Yes,Yes,22.96875,20.25,True
Zhoues/RoboRefer-2B-SFT,obj1_farther,output/phasevar_5/0007_phA04_phB11.png,Is the magenta cube farther from the camera than the yellow cube? Answer with yes or no.,Yes,Yes,22.609375,20.4375,True
Zhoues/RoboRefer-2B-SFT,obj1_farther,output/phasevar_5/0007_phA04_phB12.png,Is the magenta cube farther from the camera than the yellow cube? Answer with yes or no.,Yes,Yes,22.734375,20.765625,True
Zhoues/RoboRefer-2B-SFT,obj1_farther,output/phasevar_5/0007_phA04_phB13.png,Is the magenta cube farther from the camera than the yellow cube? Answer with yes or no.,Yes,Yes,22.828125,20.5625,True
Zhoues/RoboRefer-2B-SFT,obj1_farther,output/phasevar_5/0007_phA04_phB14.png,Is the magenta cube farther from the camera than the yellow cube? Answer with yes or no.,Yes,Yes,23.265625,20.5,True
Zhoues/RoboRefer-2B-SFT,obj1_farther,output/phasevar_5/0007_phA04_phB15.png,Is the magenta cube farther from the camera than the yellow cube? Answer with yes or no.,Yes,Yes,23.296875,20.484375,True
Zhoues/RoboRefer-2B-SFT,obj1_farther,output/phasevar_5/0007_phA05_phB00.png,Is the magenta cube farther from the camera than the yellow cube? Answer with yes or no.,Yes,Yes,23.3125,20.21875,True
Zhoues/RoboRefer-2B-SFT,obj1_farther,output/phasevar_5/0007_phA05_phB01.png,Is the magenta cube farther from the camera than the yellow cube? Answer with yes or no.,Yes,Yes,23.3125,20.28125,True
Zhoues/RoboRefer-2B-SFT,obj1_farther,output/phasevar_5/0007_phA05_phB02.png,Is the magenta cube farther from the camera than the yellow cube? Answer with yes or no.,Yes,Yes,23.0625,20.109375,True
Zhoues/RoboRefer-2B-SFT,obj1_farther,output/phasevar_5/0007_phA05_phB03.png,Is the magenta cube farther from the camera than the yellow cube? Answer with yes or no.,Yes,Yes,22.75,20.46875,True
Zhoues/RoboRefer-2B-SFT,obj1_farther,output/phasevar_5/0007_phA05_phB04.png,Is the magenta cube farther from the camera than the yellow cube? Answer with yes or no.,Yes,Yes,22.921875,20.265625,True
Zhoues/RoboRefer-2B-SFT,obj1_farther,output/phasevar_5/0007_phA05_phB05.png,Is the magenta cube farther from the camera than the yellow cube? Answer with yes or no.,Yes,Yes,22.734375,20.296875,True
Zhoues/RoboRefer-2B-SFT,obj1_farther,output/phasevar_5/0007_phA05_phB06.png,Is the magenta cube farther from the camera than the yellow cube? Answer with yes or no.,Yes,Yes,23.203125,19.9375,True
Zhoues/RoboRefer-2B-SFT,obj1_farther,output/phasevar_5/0007_phA05_phB07.png,Is the magenta cube farther from the camera than the yellow cube? Answer with yes or no.,Yes,Yes,23.21875,19.828125,True
Zhoues/RoboRefer-2B-SFT,obj1_farther,output/phasevar_5/0007_phA05_phB08.png,Is the magenta cube farther from the camera than the yellow cube? Answer with yes or no.,Yes,Yes,23.21875,20.140625,True
Zhoues/RoboRefer-2B-SFT,obj1_farther,output/phasevar_5/0007_phA05_phB09.png,Is the magenta cube farther from the camera than the yellow cube? Answer with yes or no.,Yes,Yes,23.15625,20.28125,True
Zhoues/RoboRefer-2B-SFT,obj1_farther,output/phasevar_5/0007_phA05_phB10.png,Is the magenta cube farther from the camera than the yellow cube? Answer with yes or no.,Yes,Yes,22.96875,20.28125,True
Zhoues/RoboRefer-2B-SFT,obj1_farther,output/phasevar_5/0007_phA05_phB11.png,Is the magenta cube farther from the camera than the yellow cube? Answer with yes or no.,Yes,Yes,22.546875,20.328125,True
Zhoues/RoboRefer-2B-SFT,obj1_farther,output/phasevar_5/0007_phA05_phB12.png,Is the magenta cube farther from the camera than the yellow cube? Answer with yes or no.,Yes,Yes,22.671875,20.59375,True
Zhoues/RoboRefer-2B-SFT,obj1_farther,output/phasevar_5/0007_phA05_phB13.png,Is the magenta cube farther from the camera than the yellow cube? Answer with yes or no.,Yes,Yes,22.75,20.390625,True
Zhoues/RoboRefer-2B-SFT,obj1_farther,output/phasevar_5/0007_phA05_phB14.png,Is the magenta cube farther from the camera than the yellow cube? Answer with yes or no.,Yes,Yes,23.171875,20.28125,True
Zhoues/RoboRefer-2B-SFT,obj1_farther,output/phasevar_5/0007_phA05_phB15.png,Is the magenta cube farther from the camera than the yellow cube? Answer with yes or no.,Yes,Yes,23.296875,20.28125,True
Zhoues/RoboRefer-2B-SFT,obj1_farther,output/phasevar_5/0007_phA06_phB00.png,Is the magenta cube farther from the camera than the yellow cube? Answer with yes or no.,Yes,Yes,23.4375,20.234375,True
Zhoues/RoboRefer-2B-SFT,obj1_farther,output/phasevar_5/0007_phA06_phB01.png,Is the magenta cube farther from the camera than the yellow cube? Answer with yes or no.,Yes,Yes,23.359375,20.296875,True
Zhoues/RoboRefer-2B-SFT,obj1_farther,output/phasevar_5/0007_phA06_phB02.png,Is the magenta cube farther from the camera than the yellow cube? Answer with yes or no.,Yes,Yes,23.140625,20.109375,True
Zhoues/RoboRefer-2B-SFT,obj1_farther,output/phasevar_5/0007_phA06_phB03.png,Is the magenta cube farther from the camera than the yellow cube? Answer with yes or no.,Yes,Yes,22.9375,20.296875,True
Zhoues/RoboRefer-2B-SFT,obj1_farther,output/phasevar_5/0007_phA06_phB04.png,Is the magenta cube farther from the camera than the yellow cube? Answer with yes or no.,Yes,Yes,23.015625,20.09375,True
Zhoues/RoboRefer-2B-SFT,obj1_farther,output/phasevar_5/0007_phA06_phB05.png,Is the magenta cube farther from the camera than the yellow cube? Answer with yes or no.,Yes,Yes,22.875,20.375,True
Zhoues/RoboRefer-2B-SFT,obj1_farther,output/phasevar_5/0007_phA06_phB06.png,Is the magenta cube farther from the camera than the yellow cube? Answer with yes or no.,Yes,Yes,23.28125,19.828125,True
Zhoues/RoboRefer-2B-SFT,obj1_farther,output/phasevar_5/0007_phA06_phB07.png,Is the magenta cube farther from the camera than the yellow cube? Answer with yes or no.,Yes,Yes,23.359375,20.0625,True
Zhoues/RoboRefer-2B-SFT,obj1_farther,output/phasevar_5/0007_phA06_phB08.png,Is the magenta cube farther from the camera than the yellow cube? Answer with yes or no.,Yes,Yes,23.4375,20.25,True
Zhoues/RoboRefer-2B-SFT,obj1_farther,output/phasevar_5/0007_phA06_phB09.png,Is the magenta cube farther from the camera than the yellow cube? Answer with yes or no.,Yes,Yes,23.25,20.296875,True
Zhoues/RoboRefer-2B-SFT,obj1_farther,output/phasevar_5/0007_phA06_phB10.png,Is the magenta cube farther from the camera than the yellow cube? Answer with yes or no.,Yes,Yes,22.875,20.25,True
Zhoues/RoboRefer-2B-SFT,obj1_farther,output/phasevar_5/0007_phA06_phB11.png,Is the magenta cube farther from the camera than the yellow cube? Answer with yes or no.,Yes,Yes,22.484375,20.265625,True
Zhoues/RoboRefer-2B-SFT,obj1_farther,output/phasevar_5/0007_phA06_phB12.png,Is the magenta cube farther from the camera than the yellow cube? Answer with yes or no.,Yes,Yes,22.75,20.59375,True
Zhoues/RoboRefer-2B-SFT,obj1_farther,output/phasevar_5/0007_phA06_phB13.png,Is the magenta cube farther from the camera than the yellow cube? Answer with yes or no.,Yes,Yes,22.875,20.25,True
Zhoues/RoboRefer-2B-SFT,obj1_farther,output/phasevar_5/0007_phA06_phB14.png,Is the magenta cube farther from the camera than the yellow cube? Answer with yes or no.,Yes,Yes,23.21875,20.15625,True
Zhoues/RoboRefer-2B-SFT,obj1_farther,output/phasevar_5/0007_phA06_phB15.png,Is the magenta cube farther from the camera than the yellow cube? Answer with yes or no.,Yes,Yes,23.3125,20.265625,True
Zhoues/RoboRefer-2B-SFT,obj1_farther,output/phasevar_5/0007_phA07_phB00.png,Is the magenta cube farther from the camera than the yellow cube? Answer with yes or no.,Yes,Yes,23.515625,20.15625,True
Zhoues/RoboRefer-2B-SFT,obj1_farther,output/phasevar_5/0007_phA07_phB01.png,Is the magenta cube farther from the camera than the yellow cube? Answer with yes or no.,Yes,Yes,23.3125,20.1875,True
Zhoues/RoboRefer-2B-SFT,obj1_farther,output/phasevar_5/0007_phA07_phB02.png,Is the magenta cube farther from the camera than the yellow cube? Answer with yes or no.,Yes,Yes,23.015625,20.1875,True
Zhoues/RoboRefer-2B-SFT,obj1_farther,output/phasevar_5/0007_phA07_phB03.png,Is the magenta cube farther from the camera than the yellow cube? Answer with yes or no.,Yes,Yes,22.84375,20.5,True
Zhoues/RoboRefer-2B-SFT,obj1_farther,output/phasevar_5/0007_phA07_phB04.png,Is the magenta cube farther from the camera than the yellow cube? Answer with yes or no.,Yes,Yes,22.953125,20.015625,True
Zhoues/RoboRefer-2B-SFT,obj1_farther,output/phasevar_5/0007_phA07_phB05.png,Is the magenta cube farther from the camera than the yellow cube? Answer with yes or no.,Yes,Yes,22.9375,20.234375,True
Zhoues/RoboRefer-2B-SFT,obj1_farther,output/phasevar_5/0007_phA07_phB06.png,Is the magenta cube farther from the camera than the yellow cube? Answer with yes or no.,Yes,Yes,23.265625,19.75,True
Zhoues/RoboRefer-2B-SFT,obj1_farther,output/phasevar_5/0007_phA07_phB07.png,Is the magenta cube farther from the camera than the yellow cube? Answer with yes or no.,Yes,Yes,23.265625,19.8125,True
Zhoues/RoboRefer-2B-SFT,obj1_farther,output/phasevar_5/0007_phA07_phB08.png,Is the magenta cube farther from the camera than the yellow cube? Answer with yes or no.,Yes,Yes,23.390625,19.890625,True
Zhoues/RoboRefer-2B-SFT,obj1_farther,output/phasevar_5/0007_phA07_phB09.png,Is the magenta cube farther from the camera than the yellow cube? Answer with yes or no.,Yes,Yes,23.390625,19.96875,True
Zhoues/RoboRefer-2B-SFT,obj1_farther,output/phasevar_5/0007_phA07_phB10.png,Is the magenta cube farther from the camera than the yellow cube? Answer with yes or no.,Yes,Yes,22.96875,20.0625,True
Zhoues/RoboRefer-2B-SFT,obj1_farther,output/phasevar_5/0007_phA07_phB11.png,Is the magenta cube farther from the camera than the yellow cube? Answer with yes or no.,Yes,Yes,22.5625,20.203125,True
Zhoues/RoboRefer-2B-SFT,obj1_farther,output/phasevar_5/0007_phA07_phB12.png,Is the magenta cube farther from the camera than the yellow cube? Answer with yes or no.,Yes,Yes,22.796875,20.5,True
Zhoues/RoboRefer-2B-SFT,obj1_farther,output/phasevar_5/0007_phA07_phB13.png,Is the magenta cube farther from the camera than the yellow cube? Answer with yes or no.,Yes,Yes,22.90625,20.1875,True
Zhoues/RoboRefer-2B-SFT,obj1_farther,output/phasevar_5/0007_phA07_phB14.png,Is the magenta cube farther from the camera than the yellow cube? Answer with yes or no.,Yes,Yes,23.265625,20.078125,True
Zhoues/RoboRefer-2B-SFT,obj1_farther,output/phasevar_5/0007_phA07_phB15.png,Is the magenta cube farther from the camera than the yellow cube? Answer with yes or no.,Yes,Yes,23.375,20.125,True
Zhoues/RoboRefer-2B-SFT,obj1_farther,output/phasevar_5/0007_phA08_phB00.png,Is the magenta cube farther from the camera than the yellow cube? Answer with yes or no.,Yes,Yes,23.390625,20.390625,True
Zhoues/RoboRefer-2B-SFT,obj1_farther,output/phasevar_5/0007_phA08_phB01.png,Is the magenta cube farther from the camera than the yellow cube? Answer with yes or no.,Yes,Yes,23.296875,20.4375,True
Zhoues/RoboRefer-2B-SFT,obj1_farther,output/phasevar_5/0007_phA08_phB02.png,Is the magenta cube farther from the camera than the yellow cube? Answer with yes or no.,Yes,Yes,22.921875,20.375,True
Zhoues/RoboRefer-2B-SFT,obj1_farther,output/phasevar_5/0007_phA08_phB03.png,Is the magenta cube farther from the camera than the yellow cube? Answer with yes or no.,Yes,Yes,22.71875,20.640625,True
Zhoues/RoboRefer-2B-SFT,obj1_farther,output/phasevar_5/0007_phA08_phB04.png,Is the magenta cube farther from the camera than the yellow cube? Answer with yes or no.,Yes,Yes,22.84375,20.125,True
Zhoues/RoboRefer-2B-SFT,obj1_farther,output/phasevar_5/0007_phA08_phB05.png,Is the magenta cube farther from the camera than the yellow cube? Answer with yes or no.,Yes,Yes,22.796875,20.34375,True
Zhoues/RoboRefer-2B-SFT,obj1_farther,output/phasevar_5/0007_phA08_phB06.png,Is the magenta cube farther from the camera than the yellow cube? Answer with yes or no.,Yes,Yes,23.25,19.890625,True
Zhoues/RoboRefer-2B-SFT,obj1_farther,output/phasevar_5/0007_phA08_phB07.png,Is the magenta cube farther from the camera than the yellow cube? Answer with yes or no.,Yes,Yes,23.25,19.984375,True
Zhoues/RoboRefer-2B-SFT,obj1_farther,output/phasevar_5/0007_phA08_phB08.png,Is the magenta cube farther from the camera than the yellow cube? Answer with yes or no.,Yes,Yes,23.28125,20.109375,True
Zhoues/RoboRefer-2B-SFT,obj1_farther,output/phasevar_5/0007_phA08_phB09.png,Is the magenta cube farther from the camera than the yellow cube? Answer with yes or no.,Yes,Yes,23.28125,20.0625,True
Zhoues/RoboRefer-2B-SFT,obj1_farther,output/phasevar_5/0007_phA08_phB10.png,Is the magenta cube farther from the camera than the yellow cube? Answer with yes or no.,Yes,Yes,22.984375,20.203125,True
Zhoues/RoboRefer-2B-SFT,obj1_farther,output/phasevar_5/0007_phA08_phB11.png,Is the magenta cube farther from the camera than the yellow cube? Answer with yes or no.,Yes,Yes,22.5,20.28125,True
Zhoues/RoboRefer-2B-SFT,obj1_farther,output/phasevar_5/0007_phA08_phB12.png,Is the magenta cube farther from the camera than the yellow cube? Answer with yes or no.,Yes,Yes,22.765625,20.484375,True
Zhoues/RoboRefer-2B-SFT,obj1_farther,output/phasevar_5/0007_phA08_phB13.png,Is the magenta cube farther from the camera than the yellow cube? Answer with yes or no.,Yes,Yes,22.890625,20.21875,True
Zhoues/RoboRefer-2B-SFT,obj1_farther,output/phasevar_5/0007_phA08_phB14.png,Is the magenta cube farther from the camera than the yellow cube? Answer with yes or no.,Yes,Yes,23.21875,20.0625,True
Zhoues/RoboRefer-2B-SFT,obj1_farther,output/phasevar_5/0007_phA08_phB15.png,Is the magenta cube farther from the camera than the yellow cube? Answer with yes or no.,Yes,Yes,23.375,20.234375,True
Zhoues/RoboRefer-2B-SFT,obj1_farther,output/phasevar_5/0007_phA09_phB00.png,Is the magenta cube farther from the camera than the yellow cube? Answer with yes or no.,Yes,Yes,23.5,20.390625,True
Zhoues/RoboRefer-2B-SFT,obj1_farther,output/phasevar_5/0007_phA09_phB01.png,Is the magenta cube farther from the camera than the yellow cube? Answer with yes or no.,Yes,Yes,23.390625,20.546875,True
Zhoues/RoboRefer-2B-SFT,obj1_farther,output/phasevar_5/0007_phA09_phB02.png,Is the magenta cube farther from the camera than the yellow cube? Answer with yes or no.,Yes,Yes,23.15625,20.328125,True
Zhoues/RoboRefer-2B-SFT,obj1_farther,output/phasevar_5/0007_phA09_phB03.png,Is the magenta cube farther from the camera than the yellow cube? Answer with yes or no.,Yes,Yes,22.9375,20.640625,True
Zhoues/RoboRefer-2B-SFT,obj1_farther,output/phasevar_5/0007_phA09_phB04.png,Is the magenta cube farther from the camera than the yellow cube? Answer with yes or no.,Yes,Yes,22.984375,20.140625,True
Zhoues/RoboRefer-2B-SFT,obj1_farther,output/phasevar_5/0007_phA09_phB05.png,Is the magenta cube farther from the camera than the yellow cube? Answer with yes or no.,Yes,Yes,22.9375,20.40625,True
Zhoues/RoboRefer-2B-SFT,obj1_farther,output/phasevar_5/0007_phA09_phB06.png,Is the magenta cube farther from the camera than the yellow cube? Answer with yes or no.,Yes,Yes,23.34375,20.0,True
Zhoues/RoboRefer-2B-SFT,obj1_farther,output/phasevar_5/0007_phA09_phB07.png,Is the magenta cube farther from the camera than the yellow cube? Answer with yes or no.,Yes,Yes,23.34375,20.234375,True
Zhoues/RoboRefer-2B-SFT,obj1_farther,output/phasevar_5/0007_phA09_phB08.png,Is the magenta cube farther from the camera than the yellow cube? Answer with yes or no.,Yes,Yes,23.453125,20.09375,True
Zhoues/RoboRefer-2B-SFT,obj1_farther,output/phasevar_5/0007_phA09_phB09.png,Is the magenta cube farther from the camera than the yellow cube? Answer with yes or no.,Yes,Yes,23.5,19.984375,True
Zhoues/RoboRefer-2B-SFT,obj1_farther,output/phasevar_5/0007_phA09_phB10.png,Is the magenta cube farther from the camera than the yellow cube? Answer with yes or no.,Yes,Yes,23.046875,20.328125,True
Zhoues/RoboRefer-2B-SFT,obj1_farther,output/phasevar_5/0007_phA09_phB11.png,Is the magenta cube farther from the camera than the yellow cube? Answer with yes or no.,Yes,Yes,22.671875,20.3125,True
Zhoues/RoboRefer-2B-SFT,obj1_farther,output/phasevar_5/0007_phA09_phB12.png,Is the magenta cube farther from the camera than the yellow cube? Answer with yes or no.,Yes,Yes,23.03125,20.34375,True
Zhoues/RoboRefer-2B-SFT,obj1_farther,output/phasevar_5/0007_phA09_phB13.png,Is the magenta cube farther from the camera than the yellow cube? Answer with yes or no.,Yes,Yes,23.0,20.328125,True
Zhoues/RoboRefer-2B-SFT,obj1_farther,output/phasevar_5/0007_phA09_phB14.png,Is the magenta cube farther from the camera than the yellow cube? Answer with yes or no.,Yes,Yes,23.359375,20.109375,True
Zhoues/RoboRefer-2B-SFT,obj1_farther,output/phasevar_5/0007_phA09_phB15.png,Is the magenta cube farther from the camera than the yellow cube? Answer with yes or no.,Yes,Yes,23.5625,20.203125,True
Zhoues/RoboRefer-2B-SFT,obj1_farther,output/phasevar_5/0007_phA10_phB00.png,Is the magenta cube farther from the camera than the yellow cube? Answer with yes or no.,Yes,Yes,23.046875,20.203125,True
Zhoues/RoboRefer-2B-SFT,obj1_farther,output/phasevar_5/0007_phA10_phB01.png,Is the magenta cube farther from the camera than the yellow cube? Answer with yes or no.,Yes,Yes,22.984375,20.296875,True
Zhoues/RoboRefer-2B-SFT,obj1_farther,output/phasevar_5/0007_phA10_phB02.png,Is the magenta cube farther from the camera than the yellow cube? Answer with yes or no.,Yes,Yes,22.71875,20.15625,True
Zhoues/RoboRefer-2B-SFT,obj1_farther,output/phasevar_5/0007_phA10_phB03.png,Is the magenta cube farther from the camera than the yellow cube? Answer with yes or no.,Yes,Yes,22.625,20.3125,True
Zhoues/RoboRefer-2B-SFT,obj1_farther,output/phasevar_5/0007_phA10_phB04.png,Is the magenta cube farther from the camera than the yellow cube? Answer with yes or no.,Yes,Yes,22.640625,19.984375,True
Zhoues/RoboRefer-2B-SFT,obj1_farther,output/phasevar_5/0007_phA10_phB05.png,Is the magenta cube farther from the camera than the yellow cube? Answer with yes or no.,Yes,Yes,22.71875,20.03125,True
Zhoues/RoboRefer-2B-SFT,obj1_farther,output/phasevar_5/0007_phA10_phB06.png,Is the magenta cube farther from the camera than the yellow cube? Answer with yes or no.,Yes,Yes,23.0,19.96875,True
Zhoues/RoboRefer-2B-SFT,obj1_farther,output/phasevar_5/0007_phA10_phB07.png,Is the magenta cube farther from the camera than the yellow cube? Answer with yes or no.,Yes,Yes,23.09375,20.109375,True
Zhoues/RoboRefer-2B-SFT,obj1_farther,output/phasevar_5/0007_phA10_phB08.png,Is the magenta cube farther from the camera than the yellow cube? Answer with yes or no.,Yes,Yes,23.21875,20.34375,True
Zhoues/RoboRefer-2B-SFT,obj1_farther,output/phasevar_5/0007_phA10_phB09.png,Is the magenta cube farther from the camera than the yellow cube? Answer with yes or no.,Yes,Yes,23.265625,19.9375,True
Zhoues/RoboRefer-2B-SFT,obj1_farther,output/phasevar_5/0007_phA10_phB10.png,Is the magenta cube farther from the camera than the yellow cube? Answer with yes or no.,Yes,Yes,23.171875,20.1875,True
Zhoues/RoboRefer-2B-SFT,obj1_farther,output/phasevar_5/0007_phA10_phB11.png,Is the magenta cube farther from the camera than the yellow cube? Answer with yes or no.,Yes,Yes,22.65625,19.96875,True
Zhoues/RoboRefer-2B-SFT,obj1_farther,output/phasevar_5/0007_phA10_phB12.png,Is the magenta cube farther from the camera than the yellow cube? Answer with yes or no.,Yes,Yes,22.828125,20.0,True
Zhoues/RoboRefer-2B-SFT,obj1_farther,output/phasevar_5/0007_phA10_phB13.png,Is the magenta cube farther from the camera than the yellow cube? Answer with yes or no.,Yes,Yes,23.03125,20.171875,True
Zhoues/RoboRefer-2B-SFT,obj1_farther,output/phasevar_5/0007_phA10_phB14.png,Is the magenta cube farther from the camera than the yellow cube? Answer with yes or no.,Yes,Yes,23.3125,19.96875,True
Zhoues/RoboRefer-2B-SFT,obj1_farther,output/phasevar_5/0007_phA10_phB15.png,Is the magenta cube farther from the camera than the yellow cube? Answer with yes or no.,Yes,Yes,23.203125,20.046875,True
Zhoues/RoboRefer-2B-SFT,obj1_farther,output/phasevar_5/0007_phA11_phB00.png,Is the magenta cube farther from the camera than the yellow cube? Answer with yes or no.,Yes,Yes,23.0625,20.34375,True
Zhoues/RoboRefer-2B-SFT,obj1_farther,output/phasevar_5/0007_phA11_phB01.png,Is the magenta cube farther from the camera than the yellow cube? Answer with yes or no.,Yes,Yes,22.984375,20.390625,True
Zhoues/RoboRefer-2B-SFT,obj1_farther,output/phasevar_5/0007_phA11_phB02.png,Is the magenta cube farther from the camera than the yellow cube? Answer with yes or no.,Yes,Yes,22.6875,20.3125,True
Zhoues/RoboRefer-2B-SFT,obj1_farther,output/phasevar_5/0007_phA11_phB03.png,Is the magenta cube farther from the camera than the yellow cube? Answer with yes or no.,Yes,Yes,22.421875,20.5,True
Zhoues/RoboRefer-2B-SFT,obj1_farther,output/phasevar_5/0007_phA11_phB04.png,Is the magenta cube farther from the camera than the yellow cube? Answer with yes or no.,Yes,Yes,22.78125,20.078125,True
Zhoues/RoboRefer-2B-SFT,obj1_farther,output/phasevar_5/0007_phA11_phB05.png,Is the magenta cube farther from the camera than the yellow cube? Answer with yes or no.,Yes,Yes,22.609375,20.203125,True
Zhoues/RoboRefer-2B-SFT,obj1_farther,output/phasevar_5/0007_phA11_phB06.png,Is the magenta cube farther from the camera than the yellow cube? Answer with yes or no.,Yes,Yes,22.96875,20.0625,True
Zhoues/RoboRefer-2B-SFT,obj1_farther,output/phasevar_5/0007_phA11_phB07.png,Is the magenta cube farther from the camera than the yellow cube? Answer with yes or no.,Yes,Yes,23.0,20.0,True
Zhoues/RoboRefer-2B-SFT,obj1_farther,output/phasevar_5/0007_phA11_phB08.png,Is the magenta cube farther from the camera than the yellow cube? Answer with yes or no.,Yes,Yes,23.078125,20.078125,True
Zhoues/RoboRefer-2B-SFT,obj1_farther,output/phasevar_5/0007_phA11_phB09.png,Is the magenta cube farther from the camera than the yellow cube? Answer with yes or no.,Yes,Yes,23.015625,20.0,True
Zhoues/RoboRefer-2B-SFT,obj1_farther,output/phasevar_5/0007_phA11_phB10.png,Is the magenta cube farther from the camera than the yellow cube? Answer with yes or no.,Yes,Yes,22.984375,20.3125,True
Zhoues/RoboRefer-2B-SFT,obj1_farther,output/phasevar_5/0007_phA11_phB11.png,Is the magenta cube farther from the camera than the yellow cube? Answer with yes or no.,Yes,Yes,22.6875,20.328125,True
Zhoues/RoboRefer-2B-SFT,obj1_farther,output/phasevar_5/0007_phA11_phB12.png,Is the magenta cube farther from the camera than the yellow cube? Answer with yes or no.,Yes,Yes,22.71875,20.28125,True
Zhoues/RoboRefer-2B-SFT,obj1_farther,output/phasevar_5/0007_phA11_phB13.png,Is the magenta cube farther from the camera than the yellow cube? Answer with yes or no.,Yes,Yes,22.890625,20.375,True
Zhoues/RoboRefer-2B-SFT,obj1_farther,output/phasevar_5/0007_phA11_phB14.png,Is the magenta cube farther from the camera than the yellow cube? Answer with yes or no.,Yes,Yes,23.125,20.09375,True
Zhoues/RoboRefer-2B-SFT,obj1_farther,output/phasevar_5/0007_phA11_phB15.png,Is the magenta cube farther from the camera than the yellow cube? Answer with yes or no.,Yes,Yes,23.234375,20.140625,True
Zhoues/RoboRefer-2B-SFT,obj1_farther,output/phasevar_5/0007_phA12_phB00.png,Is the magenta cube farther from the camera than the yellow cube? Answer with yes or no.,Yes,Yes,23.1875,20.34375,True
Zhoues/RoboRefer-2B-SFT,obj1_farther,output/phasevar_5/0007_phA12_phB01.png,Is the magenta cube farther from the camera than the yellow cube? Answer with yes or no.,Yes,Yes,23.109375,20.40625,True
Zhoues/RoboRefer-2B-SFT,obj1_farther,output/phasevar_5/0007_phA12_phB02.png,Is the magenta cube farther from the camera than the yellow cube? Answer with yes or no.,Yes,Yes,22.828125,20.21875,True
Zhoues/RoboRefer-2B-SFT,obj1_farther,output/phasevar_5/0007_phA12_phB03.png,Is the magenta cube farther from the camera than the yellow cube? Answer with yes or no.,Yes,Yes,22.8125,20.359375,True
Zhoues/RoboRefer-2B-SFT,obj1_farther,output/phasevar_5/0007_phA12_phB04.png,Is the magenta cube farther from the camera than the yellow cube? Answer with yes or no.,Yes,Yes,22.796875,20.109375,True
Zhoues/RoboRefer-2B-SFT,obj1_farther,output/phasevar_5/0007_phA12_phB05.png,Is the magenta cube farther from the camera than the yellow cube? Answer with yes or no.,Yes,Yes,22.796875,19.96875,True
Zhoues/RoboRefer-2B-SFT,obj1_farther,output/phasevar_5/0007_phA12_phB06.png,Is the magenta cube farther from the camera than the yellow cube? Answer with yes or no.,Yes,Yes,23.140625,20.03125,True
Zhoues/RoboRefer-2B-SFT,obj1_farther,output/phasevar_5/0007_phA12_phB07.png,Is the magenta cube farther from the camera than the yellow cube? Answer with yes or no.,Yes,Yes,23.15625,19.921875,True
Zhoues/RoboRefer-2B-SFT,obj1_farther,output/phasevar_5/0007_phA12_phB08.png,Is the magenta cube farther from the camera than the yellow cube? Answer with yes or no.,Yes,Yes,23.265625,19.9375,True
Zhoues/RoboRefer-2B-SFT,obj1_farther,output/phasevar_5/0007_phA12_phB09.png,Is the magenta cube farther from the camera than the yellow cube? Answer with yes or no.,Yes,Yes,23.203125,19.953125,True
Zhoues/RoboRefer-2B-SFT,obj1_farther,output/phasevar_5/0007_phA12_phB10.png,Is the magenta cube farther from the camera than the yellow cube? Answer with yes or no.,Yes,Yes,23.09375,20.015625,True
Zhoues/RoboRefer-2B-SFT,obj1_farther,output/phasevar_5/0007_phA12_phB11.png,Is the magenta cube farther from the camera than the yellow cube? Answer with yes or no.,Yes,Yes,22.703125,20.171875,True
Zhoues/RoboRefer-2B-SFT,obj1_farther,output/phasevar_5/0007_phA12_phB12.png,Is the magenta cube farther from the camera than the yellow cube? Answer with yes or no.,Yes,Yes,22.828125,20.21875,True
Zhoues/RoboRefer-2B-SFT,obj1_farther,output/phasevar_5/0007_phA12_phB13.png,Is the magenta cube farther from the camera than the yellow cube? Answer with yes or no.,Yes,Yes,22.953125,20.25,True
Zhoues/RoboRefer-2B-SFT,obj1_farther,output/phasevar_5/0007_phA12_phB14.png,Is the magenta cube farther from the camera than the yellow cube? Answer with yes or no.,Yes,Yes,23.28125,20.03125,True
Zhoues/RoboRefer-2B-SFT,obj1_farther,output/phasevar_5/0007_phA12_phB15.png,Is the magenta cube farther from the camera than the yellow cube? Answer with yes or no.,Yes,Yes,23.359375,20.140625,True
Zhoues/RoboRefer-2B-SFT,obj1_farther,output/phasevar_5/0007_phA13_phB00.png,Is the magenta cube farther from the camera than the yellow cube? Answer with yes or no.,Yes,Yes,23.015625,20.296875,True
Zhoues/RoboRefer-2B-SFT,obj1_farther,output/phasevar_5/0007_phA13_phB01.png,Is the magenta cube farther from the camera than the yellow cube? Answer with yes or no.,Yes,Yes,22.875,20.328125,True
Zhoues/RoboRefer-2B-SFT,obj1_farther,output/phasevar_5/0007_phA13_phB02.png,Is the magenta cube farther from the camera than the yellow cube? Answer with yes or no.,Yes,Yes,22.546875,20.25,True
Zhoues/RoboRefer-2B-SFT,obj1_farther,output/phasevar_5/0007_phA13_phB03.png,Is the magenta cube farther from the camera than the yellow cube? Answer with yes or no.,Yes,Yes,22.625,20.34375,True
Zhoues/RoboRefer-2B-SFT,obj1_farther,output/phasevar_5/0007_phA13_phB04.png,Is the magenta cube farther from the camera than the yellow cube? Answer with yes or no.,Yes,Yes,22.453125,20.34375,True
Zhoues/RoboRefer-2B-SFT,obj1_farther,output/phasevar_5/0007_phA13_phB05.png,Is the magenta cube farther from the camera than the yellow cube? Answer with yes or no.,Yes,Yes,22.65625,19.96875,True
Zhoues/RoboRefer-2B-SFT,obj1_farther,output/phasevar_5/0007_phA13_phB06.png,Is the magenta cube farther from the camera than the yellow cube? Answer with yes or no.,Yes,Yes,22.921875,20.125,True
Zhoues/RoboRefer-2B-SFT,obj1_farther,output/phasevar_5/0007_phA13_phB07.png,Is the magenta cube farther from the camera than the yellow cube? Answer with yes or no.,Yes,Yes,22.984375,20.078125,True
Zhoues/RoboRefer-2B-SFT,obj1_farther,output/phasevar_5/0007_phA13_phB08.png,Is the magenta cube farther from the camera than the yellow cube? Answer with yes or no.,Yes,Yes,23.09375,20.234375,True
Zhoues/RoboRefer-2B-SFT,obj1_farther,output/phasevar_5/0007_phA13_phB09.png,Is the magenta cube farther from the camera than the yellow cube? Answer with yes or no.,Yes,Yes,23.109375,20.078125,True
Zhoues/RoboRefer-2B-SFT,obj1_farther,output/phasevar_5/0007_phA13_phB10.png,Is the magenta cube farther from the camera than the yellow cube? Answer with yes or no.,Yes,Yes,22.921875,20.078125,True
Zhoues/RoboRefer-2B-SFT,obj1_farther,output/phasevar_5/0007_phA13_phB11.png,Is the magenta cube farther from the camera than the yellow cube? Answer with yes or no.,Yes,Yes,22.71875,20.265625,True
Zhoues/RoboRefer-2B-SFT,obj1_farther,output/phasevar_5/0007_phA13_phB12.png,Is the magenta cube farther from the camera than the yellow cube? Answer with yes or no.,Yes,Yes,22.78125,20.21875,True
Zhoues/RoboRefer-2B-SFT,obj1_farther,output/phasevar_5/0007_phA13_phB13.png,Is the magenta cube farther from the camera than the yellow cube? Answer with yes or no.,Yes,Yes,22.984375,20.375,True
Zhoues/RoboRefer-2B-SFT,obj1_farther,output/phasevar_5/0007_phA13_phB14.png,Is the magenta cube farther from the camera than the yellow cube? Answer with yes or no.,Yes,Yes,23.1875,20.171875,True
Zhoues/RoboRefer-2B-SFT,obj1_farther,output/phasevar_5/0007_phA13_phB15.png,Is the magenta cube farther from the camera than the yellow cube? Answer with yes or no.,Yes,Yes,23.234375,20.171875,True
Zhoues/RoboRefer-2B-SFT,obj1_farther,output/phasevar_5/0007_phA14_phB00.png,Is the magenta cube farther from the camera than the yellow cube? Answer with yes or no.,Yes,Yes,23.140625,20.671875,True
Zhoues/RoboRefer-2B-SFT,obj1_farther,output/phasevar_5/0007_phA14_phB01.png,Is the magenta cube farther from the camera than the yellow cube? Answer with yes or no.,Yes,Yes,23.03125,20.59375,True
Zhoues/RoboRefer-2B-SFT,obj1_farther,output/phasevar_5/0007_phA14_phB02.png,Is the magenta cube farther from the camera than the yellow cube? Answer with yes or no.,Yes,Yes,22.734375,20.546875,True
Zhoues/RoboRefer-2B-SFT,obj1_farther,output/phasevar_5/0007_phA14_phB03.png,Is the magenta cube farther from the camera than the yellow cube? Answer with yes or no.,Yes,Yes,22.65625,20.328125,True
Zhoues/RoboRefer-2B-SFT,obj1_farther,output/phasevar_5/0007_phA14_phB04.png,Is the magenta cube farther from the camera than the yellow cube? Answer with yes or no.,Yes,Yes,22.59375,20.3125,True
Zhoues/RoboRefer-2B-SFT,obj1_farther,output/phasevar_5/0007_phA14_phB05.png,Is the magenta cube farther from the camera than the yellow cube? Answer with yes or no.,Yes,Yes,22.65625,20.03125,True
Zhoues/RoboRefer-2B-SFT,obj1_farther,output/phasevar_5/0007_phA14_phB06.png,Is the magenta cube farther from the camera than the yellow cube? Answer with yes or no.,Yes,Yes,23.0625,20.25,True
Zhoues/RoboRefer-2B-SFT,obj1_farther,output/phasevar_5/0007_phA14_phB07.png,Is the magenta cube farther from the camera than the yellow cube? Answer with yes or no.,Yes,Yes,23.078125,20.296875,True
Zhoues/RoboRefer-2B-SFT,obj1_farther,output/phasevar_5/0007_phA14_phB08.png,Is the magenta cube farther from the camera than the yellow cube? Answer with yes or no.,Yes,Yes,23.21875,20.265625,True
Zhoues/RoboRefer-2B-SFT,obj1_farther,output/phasevar_5/0007_phA14_phB09.png,Is the magenta cube farther from the camera than the yellow cube? Answer with yes or no.,Yes,Yes,23.234375,20.140625,True
Zhoues/RoboRefer-2B-SFT,obj1_farther,output/phasevar_5/0007_phA14_phB10.png,Is the magenta cube farther from the camera than the yellow cube? Answer with yes or no.,Yes,Yes,23.09375,19.953125,True
Zhoues/RoboRefer-2B-SFT,obj1_farther,output/phasevar_5/0007_phA14_phB11.png,Is the magenta cube farther from the camera than the yellow cube? Answer with yes or no.,Yes,Yes,22.8125,20.015625,True
Zhoues/RoboRefer-2B-SFT,obj1_farther,output/phasevar_5/0007_phA14_phB12.png,Is the magenta cube farther from the camera than the yellow cube? Answer with yes or no.,Yes,Yes,22.953125,19.96875,True
Zhoues/RoboRefer-2B-SFT,obj1_farther,output/phasevar_5/0007_phA14_phB13.png,Is the magenta cube farther from the camera than the yellow cube? Answer with yes or no.,Yes,Yes,22.9375,20.25,True
Zhoues/RoboRefer-2B-SFT,obj1_farther,output/phasevar_5/0007_phA14_phB14.png,Is the magenta cube farther from the camera than the yellow cube? Answer with yes or no.,Yes,Yes,23.421875,20.0625,True
Zhoues/RoboRefer-2B-SFT,obj1_farther,output/phasevar_5/0007_phA14_phB15.png,Is the magenta cube farther from the camera than the yellow cube? Answer with yes or no.,Yes,Yes,23.375,20.34375,True
Zhoues/RoboRefer-2B-SFT,obj1_farther,output/phasevar_5/0007_phA15_phB00.png,Is the magenta cube farther from the camera than the yellow cube? Answer with yes or no.,Yes,Yes,23.4375,20.28125,True
Zhoues/RoboRefer-2B-SFT,obj1_farther,output/phasevar_5/0007_phA15_phB01.png,Is the magenta cube farther from the camera than the yellow cube? Answer with yes or no.,Yes,Yes,23.109375,20.5,True
Zhoues/RoboRefer-2B-SFT,obj1_farther,output/phasevar_5/0007_phA15_phB02.png,Is the magenta cube farther from the camera than the yellow cube? Answer with yes or no.,Yes,Yes,22.921875,20.34375,True
Zhoues/RoboRefer-2B-SFT,obj1_farther,output/phasevar_5/0007_phA15_phB03.png,Is the magenta cube farther from the camera than the yellow cube? Answer with yes or no.,Yes,Yes,22.6875,20.515625,True
Zhoues/RoboRefer-2B-SFT,obj1_farther,output/phasevar_5/0007_phA15_phB04.png,Is the magenta cube farther from the camera than the yellow cube? Answer with yes or no.,Yes,Yes,22.859375,19.9375,True
Zhoues/RoboRefer-2B-SFT,obj1_farther,output/phasevar_5/0007_phA15_phB05.png,Is the magenta cube farther from the camera than the yellow cube? Answer with yes or no.,Yes,Yes,22.78125,20.0625,True
Zhoues/RoboRefer-2B-SFT,obj1_farther,output/phasevar_5/0007_phA15_phB06.png,Is the magenta cube farther from the camera than the yellow cube? Answer with yes or no.,Yes,Yes,23.28125,20.015625,True
Zhoues/RoboRefer-2B-SFT,obj1_farther,output/phasevar_5/0007_phA15_phB07.png,Is the magenta cube farther from the camera than the yellow cube? Answer with yes or no.,Yes,Yes,23.203125,19.765625,True
Zhoues/RoboRefer-2B-SFT,obj1_farther,output/phasevar_5/0007_phA15_phB08.png,Is the magenta cube farther from the camera than the yellow cube? Answer with yes or no.,Yes,Yes,23.328125,19.96875,True
Zhoues/RoboRefer-2B-SFT,obj1_farther,output/phasevar_5/0007_phA15_phB09.png,Is the magenta cube farther from the camera than the yellow cube? Answer with yes or no.,Yes,Yes,23.296875,19.84375,True
Zhoues/RoboRefer-2B-SFT,obj1_farther,output/phasevar_5/0007_phA15_phB10.png,Is the magenta cube farther from the camera than the yellow cube? Answer with yes or no.,Yes,Yes,23.046875,19.9375,True
Zhoues/RoboRefer-2B-SFT,obj1_farther,output/phasevar_5/0007_phA15_phB11.png,Is the magenta cube farther from the camera than the yellow cube? Answer with yes or no.,Yes,Yes,22.6875,20.015625,True
Zhoues/RoboRefer-2B-SFT,obj1_farther,output/phasevar_5/0007_phA15_phB12.png,Is the magenta cube farther from the camera than the yellow cube? Answer with yes or no.,Yes,Yes,22.890625,20.203125,True
Zhoues/RoboRefer-2B-SFT,obj1_farther,output/phasevar_5/0007_phA15_phB13.png,Is the magenta cube farther from the camera than the yellow cube? Answer with yes or no.,Yes,Yes,22.84375,20.28125,True
Zhoues/RoboRefer-2B-SFT,obj1_farther,output/phasevar_5/0007_phA15_phB14.png,Is the magenta cube farther from the camera than the yellow cube? Answer with yes or no.,Yes,Yes,23.21875,20.1875,True
Zhoues/RoboRefer-2B-SFT,obj1_farther,output/phasevar_5/0007_phA15_phB15.png,Is the magenta cube farther from the camera than the yellow cube? Answer with yes or no.,Yes,Yes,23.515625,20.03125,True
Zhoues/RoboRefer-2B-SFT,obj1_farther,output/phasevar_5/0008_phA00_phB00.png,Is the blue cube farther from the camera than the cyan sphere? Answer with yes or no.,Yes,Yes,22.734375,20.40625,True
Zhoues/RoboRefer-2B-SFT,obj1_farther,output/phasevar_5/0008_phA00_phB01.png,Is the blue cube farther from the camera than the cyan sphere? Answer with yes or no.,Yes,Yes,22.203125,20.40625,True
Zhoues/RoboRefer-2B-SFT,obj1_farther,output/phasevar_5/0008_phA00_phB02.png,Is the blue cube farther from the camera than the cyan sphere? Answer with yes or no.,Yes,Yes,21.921875,20.203125,True
Zhoues/RoboRefer-2B-SFT,obj1_farther,output/phasevar_5/0008_phA00_phB03.png,Is the blue cube farther from the camera than the cyan sphere? Answer with yes or no.,Yes,Yes,22.0,20.296875,True
Zhoues/RoboRefer-2B-SFT,obj1_farther,output/phasevar_5/0008_phA00_phB04.png,Is the blue cube farther from the camera than the cyan sphere? Answer with yes or no.,Yes,Yes,22.125,20.1875,True
Zhoues/RoboRefer-2B-SFT,obj1_farther,output/phasevar_5/0008_phA00_phB05.png,Is the blue cube farther from the camera than the cyan sphere? Answer with yes or no.,Yes,Yes,22.359375,20.0625,True
Zhoues/RoboRefer-2B-SFT,obj1_farther,output/phasevar_5/0008_phA00_phB06.png,Is the blue cube farther from the camera than the cyan sphere? Answer with yes or no.,Yes,Yes,22.578125,20.0625,True
Zhoues/RoboRefer-2B-SFT,obj1_farther,output/phasevar_5/0008_phA00_phB07.png,Is the blue cube farther from the camera than the cyan sphere? Answer with yes or no.,Yes,Yes,22.75,20.046875,True
Zhoues/RoboRefer-2B-SFT,obj1_farther,output/phasevar_5/0008_phA00_phB08.png,Is the blue cube farther from the camera than the cyan sphere? Answer with yes or no.,Yes,Yes,22.890625,20.265625,True
Zhoues/RoboRefer-2B-SFT,obj1_farther,output/phasevar_5/0008_phA00_phB09.png,Is the blue cube farther from the camera than the cyan sphere? Answer with yes or no.,Yes,Yes,22.703125,20.125,True
Zhoues/RoboRefer-2B-SFT,obj1_farther,output/phasevar_5/0008_phA00_phB10.png,Is the blue cube farther from the camera than the cyan sphere? Answer with yes or no.,Yes,Yes,22.59375,20.140625,True
Zhoues/RoboRefer-2B-SFT,obj1_farther,output/phasevar_5/0008_phA00_phB11.png,Is the blue cube farther from the camera than the cyan sphere? Answer with yes or no.,Yes,Yes,22.453125,19.890625,True
Zhoues/RoboRefer-2B-SFT,obj1_farther,output/phasevar_5/0008_phA00_phB12.png,Is the blue cube farther from the camera than the cyan sphere? Answer with yes or no.,Yes,Yes,22.390625,19.765625,True
Zhoues/RoboRefer-2B-SFT,obj1_farther,output/phasevar_5/0008_phA00_phB13.png,Is the blue cube farther from the camera than the cyan sphere? Answer with yes or no.,Yes,Yes,22.28125,20.046875,True
Zhoues/RoboRefer-2B-SFT,obj1_farther,output/phasevar_5/0008_phA00_phB14.png,Is the blue cube farther from the camera than the cyan sphere? Answer with yes or no.,Yes,Yes,22.65625,20.21875,True
Zhoues/RoboRefer-2B-SFT,obj1_farther,output/phasevar_5/0008_phA00_phB15.png,Is the blue cube farther from the camera than the cyan sphere? Answer with yes or no.,Yes,Yes,22.453125,20.234375,True
Zhoues/RoboRefer-2B-SFT,obj1_farther,output/phasevar_5/0008_phA01_phB00.png,Is the blue cube farther from the camera than the cyan sphere? Answer with yes or no.,Yes,Yes,22.8125,20.421875,True
Zhoues/RoboRefer-2B-SFT,obj1_farther,output/phasevar_5/0008_phA01_phB01.png,Is the blue cube farther from the camera than the cyan sphere? Answer with yes or no.,Yes,Yes,22.390625,20.453125,True
Zhoues/RoboRefer-2B-SFT,obj1_farther,output/phasevar_5/0008_phA01_phB02.png,Is the blue cube farther from the camera than the cyan sphere? Answer with yes or no.,Yes,Yes,22.0,20.28125,True
Zhoues/RoboRefer-2B-SFT,obj1_farther,output/phasevar_5/0008_phA01_phB03.png,Is the blue cube farther from the camera than the cyan sphere? Answer with yes or no.,Yes,Yes,22.03125,20.359375,True
Zhoues/RoboRefer-2B-SFT,obj1_farther,output/phasevar_5/0008_phA01_phB04.png,Is the blue cube farther from the camera than the cyan sphere? Answer with yes or no.,Yes,Yes,22.234375,20.234375,True
Zhoues/RoboRefer-2B-SFT,obj1_farther,output/phasevar_5/0008_phA01_phB05.png,Is the blue cube farther from the camera than the cyan sphere? Answer with yes or no.,Yes,Yes,22.375,20.140625,True
Zhoues/RoboRefer-2B-SFT,obj1_farther,output/phasevar_5/0008_phA01_phB06.png,Is the blue cube farther from the camera than the cyan sphere? Answer with yes or no.,Yes,Yes,22.5625,20.0625,True
Zhoues/RoboRefer-2B-SFT,obj1_farther,output/phasevar_5/0008_phA01_phB07.png,Is the blue cube farther from the camera than the cyan sphere? Answer with yes or no.,Yes,Yes,22.6875,20.09375,True
Zhoues/RoboRefer-2B-SFT,obj1_farther,output/phasevar_5/0008_phA01_phB08.png,Is the blue cube farther from the camera than the cyan sphere? Answer with yes or no.,Yes,Yes,22.921875,20.3125,True
Zhoues/RoboRefer-2B-SFT,obj1_farther,output/phasevar_5/0008_phA01_phB09.png,Is the blue cube farther from the camera than the cyan sphere? Answer with yes or no.,Yes,Yes,22.6875,20.203125,True
Zhoues/RoboRefer-2B-SFT,obj1_farther,output/phasevar_5/0008_phA01_phB10.png,Is the blue cube farther from the camera than the cyan sphere? Answer with yes or no.,Yes,Yes,22.625,20.171875,True
Zhoues/RoboRefer-2B-SFT,obj1_farther,output/phasevar_5/0008_phA01_phB11.png,Is the blue cube farther from the camera than the cyan sphere? Answer with yes or no.,Yes,Yes,22.46875,19.90625,True
Zhoues/RoboRefer-2B-SFT,obj1_farther,output/phasevar_5/0008_phA01_phB12.png,Is the blue cube farther from the camera than the cyan sphere? Answer with yes or no.,Yes,Yes,22.46875,19.828125,True
Zhoues/RoboRefer-2B-SFT,obj1_farther,output/phasevar_5/0008_phA01_phB13.png,Is the blue cube farther from the camera than the cyan sphere? Answer with yes or no.,Yes,Yes,22.34375,20.015625,True
Zhoues/RoboRefer-2B-SFT,obj1_farther,output/phasevar_5/0008_phA01_phB14.png,Is the blue cube farther from the camera than the cyan sphere? Answer with yes or no.,Yes,Yes,22.640625,20.21875,True
Zhoues/RoboRefer-2B-SFT,obj1_farther,output/phasevar_5/0008_phA01_phB15.png,Is the blue cube farther from the camera than the cyan sphere? Answer with yes or no.,Yes,Yes,22.421875,20.234375,True
Zhoues/RoboRefer-2B-SFT,obj1_farther,output/phasevar_5/0008_phA02_phB00.png,Is the blue cube farther from the camera than the cyan sphere? Answer with yes or no.,Yes,Yes,22.828125,20.4375,True
Zhoues/RoboRefer-2B-SFT,obj1_farther,output/phasevar_5/0008_phA02_phB01.png,Is the blue cube farther from the camera than the cyan sphere? Answer with yes or no.,Yes,Yes,22.6875,20.453125,True
Zhoues/RoboRefer-2B-SFT,obj1_farther,output/phasevar_5/0008_phA02_phB02.png,Is the blue cube farther from the camera than the cyan sphere? Answer with yes or no.,Yes,Yes,22.25,20.296875,True
Zhoues/RoboRefer-2B-SFT,obj1_farther,output/phasevar_5/0008_phA02_phB03.png,Is the blue cube farther from the camera than the cyan sphere? Answer with yes or no.,Yes,Yes,22.390625,20.28125,True
Zhoues/RoboRefer-2B-SFT,obj1_farther,output/phasevar_5/0008_phA02_phB04.png,Is the blue cube farther from the camera than the cyan sphere? Answer with yes or no.,Yes,Yes,22.359375,20.09375,True
Zhoues/RoboRefer-2B-SFT,obj1_farther,output/phasevar_5/0008_phA02_phB05.png,Is the blue cube farther from the camera than the cyan sphere? Answer with yes or no.,Yes,Yes,22.5,20.015625,True
Zhoues/RoboRefer-2B-SFT,obj1_farther,output/phasevar_5/0008_phA02_phB06.png,Is the blue cube farther from the camera than the cyan sphere? Answer with yes or no.,Yes,Yes,22.65625,20.046875,True
Zhoues/RoboRefer-2B-SFT,obj1_farther,output/phasevar_5/0008_phA02_phB07.png,Is the blue cube farther from the camera than the cyan sphere? Answer with yes or no.,Yes,Yes,22.8125,20.09375,True
Zhoues/RoboRefer-2B-SFT,obj1_farther,output/phasevar_5/0008_phA02_phB08.png,Is the blue cube farther from the camera than the cyan sphere? Answer with yes or no.,Yes,Yes,22.90625,20.234375,True
Zhoues/RoboRefer-2B-SFT,obj1_farther,output/phasevar_5/0008_phA02_phB09.png,Is the blue cube farther from the camera than the cyan sphere? Answer with yes or no.,Yes,Yes,22.71875,20.296875,True
Zhoues/RoboRefer-2B-SFT,obj1_farther,output/phasevar_5/0008_phA02_phB10.png,Is the blue cube farther from the camera than the cyan sphere? Answer with yes or no.,Yes,Yes,22.5625,20.234375,True
Zhoues/RoboRefer-2B-SFT,obj1_farther,output/phasevar_5/0008_phA02_phB11.png,Is the blue cube farther from the camera than the cyan sphere? Answer with yes or no.,Yes,Yes,22.59375,19.875,True
Zhoues/RoboRefer-2B-SFT,obj1_farther,output/phasevar_5/0008_phA02_phB12.png,Is the blue cube farther from the camera than the cyan sphere? Answer with yes or no.,Yes,Yes,22.65625,19.828125,True
Zhoues/RoboRefer-2B-SFT,obj1_farther,output/phasevar_5/0008_phA02_phB13.png,Is the blue cube farther from the camera than the cyan sphere? Answer with yes or no.,Yes,Yes,22.625,20.125,True
Zhoues/RoboRefer-2B-SFT,obj1_farther,output/phasevar_5/0008_phA02_phB14.png,Is the blue cube farther from the camera than the cyan sphere? Answer with yes or no.,Yes,Yes,22.703125,20.25,True
Zhoues/RoboRefer-2B-SFT,obj1_farther,output/phasevar_5/0008_phA02_phB15.png,Is the blue cube farther from the camera than the cyan sphere? Answer with yes or no.,Yes,Yes,22.53125,20.28125,True
Zhoues/RoboRefer-2B-SFT,obj1_farther,output/phasevar_5/0008_phA03_phB00.png,Is the blue cube farther from the camera than the cyan sphere? Answer with yes or no.,Yes,Yes,22.484375,20.4375,True
Zhoues/RoboRefer-2B-SFT,obj1_farther,output/phasevar_5/0008_phA03_phB01.png,Is the blue cube farther from the camera than the cyan sphere? Answer with yes or no.,Yes,Yes,22.453125,20.328125,True
Zhoues/RoboRefer-2B-SFT,obj1_farther,output/phasevar_5/0008_phA03_phB02.png,Is the blue cube farther from the camera than the cyan sphere? Answer with yes or no.,Yes,Yes,22.203125,20.234375,True
Zhoues/RoboRefer-2B-SFT,obj1_farther,output/phasevar_5/0008_phA03_phB03.png,Is the blue cube farther from the camera than the cyan sphere? Answer with yes or no.,Yes,Yes,22.265625,20.296875,True
Zhoues/RoboRefer-2B-SFT,obj1_farther,output/phasevar_5/0008_phA03_phB04.png,Is the blue cube farther from the camera than the cyan sphere? Answer with yes or no.,Yes,Yes,22.421875,20.203125,True
Zhoues/RoboRefer-2B-SFT,obj1_farther,output/phasevar_5/0008_phA03_phB05.png,Is the blue cube farther from the camera than the cyan sphere? Answer with yes or no.,Yes,Yes,22.390625,20.140625,True
Zhoues/RoboRefer-2B-SFT,obj1_farther,output/phasevar_5/0008_phA03_phB06.png,Is the blue cube farther from the camera than the cyan sphere? Answer with yes or no.,Yes,Yes,22.4375,19.984375,True
Zhoues/RoboRefer-2B-SFT,obj1_farther,output/phasevar_5/0008_phA03_phB07.png,Is the blue cube farther from the camera than the cyan sphere? Answer with yes or no.,Yes,Yes,22.625,20.046875,True
Zhoues/RoboRefer-2B-SFT,obj1_farther,output/phasevar_5/0008_phA03_phB08.png,Is the blue cube farther from the camera than the cyan sphere? Answer with yes or no.,Yes,Yes,22.734375,20.234375,True
Zhoues/RoboRefer-2B-SFT,obj1_farther,output/phasevar_5/0008_phA03_phB09.png,Is the blue cube farther from the camera than the cyan sphere? Answer with yes or no.,Yes,Yes,22.671875,20.234375,True
Zhoues/RoboRefer-2B-SFT,obj1_farther,output/phasevar_5/0008_phA03_phB10.png,Is the blue cube farther from the camera than the cyan sphere? Answer with yes or no.,Yes,Yes,22.578125,20.296875,True
Zhoues/RoboRefer-2B-SFT,obj1_farther,output/phasevar_5/0008_phA03_phB11.png,Is the blue cube farther from the camera than the cyan sphere? Answer with yes or no.,Yes,Yes,22.421875,20.171875,True
Zhoues/RoboRefer-2B-SFT,obj1_farther,output/phasevar_5/0008_phA03_phB12.png,Is the blue cube farther from the camera than the cyan sphere? Answer with yes or no.,Yes,Yes,22.4375,20.140625,True
Zhoues/RoboRefer-2B-SFT,obj1_farther,output/phasevar_5/0008_phA03_phB13.png,Is the blue cube farther from the camera than the cyan sphere? Answer with yes or no.,Yes,Yes,22.484375,20.25,True
Zhoues/RoboRefer-2B-SFT,obj1_farther,output/phasevar_5/0008_phA03_phB14.png,Is the blue cube farther from the camera than the cyan sphere? Answer with yes or no.,Yes,Yes,22.578125,20.359375,True
Zhoues/RoboRefer-2B-SFT,obj1_farther,output/phasevar_5/0008_phA03_phB15.png,Is the blue cube farther from the camera than the cyan sphere? Answer with yes or no.,Yes,Yes,22.265625,20.203125,True
Zhoues/RoboRefer-2B-SFT,obj1_farther,output/phasevar_5/0008_phA04_phB00.png,Is the blue cube farther from the camera than the cyan sphere? Answer with yes or no.,Yes,Yes,22.515625,20.4375,True
Zhoues/RoboRefer-2B-SFT,obj1_farther,output/phasevar_5/0008_phA04_phB01.png,Is the blue cube farther from the camera than the cyan sphere? Answer with yes or no.,Yes,Yes,22.328125,20.234375,True
Zhoues/RoboRefer-2B-SFT,obj1_farther,output/phasevar_5/0008_phA04_phB02.png,Is the blue cube farther from the camera than the cyan sphere? Answer with yes or no.,Yes,Yes,22.1875,20.25,True
Zhoues/RoboRefer-2B-SFT,obj1_farther,output/phasevar_5/0008_phA04_phB03.png,Is the blue cube farther from the camera than the cyan sphere? Answer with yes or no.,Yes,Yes,22.21875,20.265625,True
Zhoues/RoboRefer-2B-SFT,obj1_farther,output/phasevar_5/0008_phA04_phB04.png,Is the blue cube farther from the camera than the cyan sphere? Answer with yes or no.,Yes,Yes,22.1875,20.171875,True
Zhoues/RoboRefer-2B-SFT,obj1_farther,output/phasevar_5/0008_phA04_phB05.png,Is the blue cube farther from the camera than the cyan sphere? Answer with yes or no.,Yes,Yes,22.25,20.21875,True
Zhoues/RoboRefer-2B-SFT,obj1_farther,output/phasevar_5/0008_phA04_phB06.png,Is the blue cube farther from the camera than the cyan sphere? Answer with yes or no.,Yes,Yes,22.375,19.921875,True
Zhoues/RoboRefer-2B-SFT,obj1_farther,output/phasevar_5/0008_phA04_phB07.png,Is the blue cube farther from the camera than the cyan sphere? Answer with yes or no.,Yes,Yes,22.59375,20.140625,True
Zhoues/RoboRefer-2B-SFT,obj1_farther,output/phasevar_5/0008_phA04_phB08.png,Is the blue cube farther from the camera than the cyan sphere? Answer with yes or no.,Yes,Yes,22.65625,20.203125,True
Zhoues/RoboRefer-2B-SFT,obj1_farther,output/phasevar_5/0008_phA04_phB09.png,Is the blue cube farther from the camera than the cyan sphere? Answer with yes or no.,Yes,Yes,22.609375,20.21875,True
Zhoues/RoboRefer-2B-SFT,obj1_farther,output/phasevar_5/0008_phA04_phB10.png,Is the blue cube farther from the camera than the cyan sphere? Answer with yes or no.,Yes,Yes,22.46875,20.21875,True
Zhoues/RoboRefer-2B-SFT,obj1_farther,output/phasevar_5/0008_phA04_phB11.png,Is the blue cube farther from the camera than the cyan sphere? Answer with yes or no.,Yes,Yes,22.453125,20.125,True
Zhoues/RoboRefer-2B-SFT,obj1_farther,output/phasevar_5/0008_phA04_phB12.png,Is the blue cube farther from the camera than the cyan sphere? Answer with yes or no.,Yes,Yes,22.4375,20.109375,True
Zhoues/RoboRefer-2B-SFT,obj1_farther,output/phasevar_5/0008_phA04_phB13.png,Is the blue cube farther from the camera than the cyan sphere? Answer with yes or no.,Yes,Yes,22.453125,20.171875,True
Zhoues/RoboRefer-2B-SFT,obj1_farther,output/phasevar_5/0008_phA04_phB14.png,Is the blue cube farther from the camera than the cyan sphere? Answer with yes or no.,Yes,Yes,22.625,20.3125,True
Zhoues/RoboRefer-2B-SFT,obj1_farther,output/phasevar_5/0008_phA04_phB15.png,Is the blue cube farther from the camera than the cyan sphere? Answer with yes or no.,Yes,Yes,22.34375,20.1875,True
Zhoues/RoboRefer-2B-SFT,obj1_farther,output/phasevar_5/0008_phA05_phB00.png,Is the blue cube farther from the camera than the cyan sphere? Answer with yes or no.,Yes,Yes,22.578125,20.203125,True
Zhoues/RoboRefer-2B-SFT,obj1_farther,output/phasevar_5/0008_phA05_phB01.png,Is the blue cube farther from the camera than the cyan sphere? Answer with yes or no.,Yes,Yes,22.375,20.015625,True
Zhoues/RoboRefer-2B-SFT,obj1_farther,output/phasevar_5/0008_phA05_phB02.png,Is the blue cube farther from the camera than the cyan sphere? Answer with yes or no.,Yes,Yes,22.21875,20.109375,True
Zhoues/RoboRefer-2B-SFT,obj1_farther,output/phasevar_5/0008_phA05_phB03.png,Is the blue cube farther from the camera than the cyan sphere? Answer with yes or no.,Yes,Yes,22.234375,20.046875,True
Zhoues/RoboRefer-2B-SFT,obj1_farther,output/phasevar_5/0008_phA05_phB04.png,Is the blue cube farther from the camera than the cyan sphere? Answer with yes or no.,Yes,Yes,22.171875,20.09375,True
Zhoues/RoboRefer-2B-SFT,obj1_farther,output/phasevar_5/0008_phA05_phB05.png,Is the blue cube farther from the camera than the cyan sphere? Answer with yes or no.,Yes,Yes,22.265625,20.03125,True
Zhoues/RoboRefer-2B-SFT,obj1_farther,output/phasevar_5/0008_phA05_phB06.png,Is the blue cube farther from the camera than the cyan sphere? Answer with yes or no.,Yes,Yes,22.390625,19.828125,True
Zhoues/RoboRefer-2B-SFT,obj1_farther,output/phasevar_5/0008_phA05_phB07.png,Is the blue cube farther from the camera than the cyan sphere? Answer with yes or no.,Yes,Yes,22.671875,19.921875,True
Zhoues/RoboRefer-2B-SFT,obj1_farther,output/phasevar_5/0008_phA05_phB08.png,Is the blue cube farther from the camera than the cyan sphere? Answer with yes or no.,Yes,Yes,22.75,20.078125,True
Zhoues/RoboRefer-2B-SFT,obj1_farther,output/phasevar_5/0008_phA05_phB09.png,Is the blue cube farther from the camera than the cyan sphere? Answer with yes or no.,Yes,Yes,22.65625,20.125,True
Zhoues/RoboRefer-2B-SFT,obj1_farther,output/phasevar_5/0008_phA05_phB10.png,Is the blue cube farther from the camera than the cyan sphere? Answer with yes or no.,Yes,Yes,22.5,20.109375,True
Zhoues/RoboRefer-2B-SFT,obj1_farther,output/phasevar_5/0008_phA05_phB11.png,Is the blue cube farther from the camera than the cyan sphere? Answer with yes or no.,Yes,Yes,22.453125,20.0625,True
Zhoues/RoboRefer-2B-SFT,obj1_farther,output/phasevar_5/0008_phA05_phB12.png,Is the blue cube farther from the camera than the cyan sphere? Answer with yes or no.,Yes,Yes,22.5,19.875,True
Zhoues/RoboRefer-2B-SFT,obj1_farther,output/phasevar_5/0008_phA05_phB13.png,Is the blue cube farther from the camera than the cyan sphere? Answer with yes or no.,Yes,Yes,22.453125,19.96875,True
Zhoues/RoboRefer-2B-SFT,obj1_farther,output/phasevar_5/0008_phA05_phB14.png,Is the blue cube farther from the camera than the cyan sphere? Answer with yes or no.,Yes,Yes,22.609375,20.03125,True
Zhoues/RoboRefer-2B-SFT,obj1_farther,output/phasevar_5/0008_phA05_phB15.png,Is the blue cube farther from the camera than the cyan sphere? Answer with yes or no.,Yes,Yes,22.34375,20.0625,True
Zhoues/RoboRefer-2B-SFT,obj1_farther,output/phasevar_5/0008_phA06_phB00.png,Is the blue cube farther from the camera than the cyan sphere? Answer with yes or no.,Yes,Yes,22.46875,20.140625,True
Zhoues/RoboRefer-2B-SFT,obj1_farther,output/phasevar_5/0008_phA06_phB01.png,Is the blue cube farther from the camera than the cyan sphere? Answer with yes or no.,Yes,Yes,22.3125,20.046875,True
Zhoues/RoboRefer-2B-SFT,obj1_farther,output/phasevar_5/0008_phA06_phB02.png,Is the blue cube farther from the camera than the cyan sphere? Answer with yes or no.,Yes,Yes,22.15625,20.015625,True
Zhoues/RoboRefer-2B-SFT,obj1_farther,output/phasevar_5/0008_phA06_phB03.png,Is the blue cube farther from the camera than the cyan sphere? Answer with yes or no.,Yes,Yes,22.09375,19.9375,True
Zhoues/RoboRefer-2B-SFT,obj1_farther,output/phasevar_5/0008_phA06_phB04.png,Is the blue cube farther from the camera than the cyan sphere? Answer with yes or no.,Yes,Yes,21.890625,19.9375,True
Zhoues/RoboRefer-2B-SFT,obj1_farther,output/phasevar_5/0008_phA06_phB05.png,Is the blue cube farther from the camera than the cyan sphere? Answer with yes or no.,Yes,Yes,22.0,19.96875,True
Zhoues/RoboRefer-2B-SFT,obj1_farther,output/phasevar_5/0008_phA06_phB06.png,Is the blue cube farther from the camera than the cyan sphere? Answer with yes or no.,Yes,Yes,22.25,19.921875,True
Zhoues/RoboRefer-2B-SFT,obj1_farther,output/phasevar_5/0008_phA06_phB07.png,Is the blue cube farther from the camera than the cyan sphere? Answer with yes or no.,Yes,Yes,22.578125,19.984375,True
Zhoues/RoboRefer-2B-SFT,obj1_farther,output/phasevar_5/0008_phA06_phB08.png,Is the blue cube farther from the camera than the cyan sphere? Answer with yes or no.,Yes,Yes,22.6875,20.09375,True
Zhoues/RoboRefer-2B-SFT,obj1_farther,output/phasevar_5/0008_phA06_phB09.png,Is the blue cube farther from the camera than the cyan sphere? Answer with yes or no.,Yes,Yes,22.421875,20.046875,True
Zhoues/RoboRefer-2B-SFT,obj1_farther,output/phasevar_5/0008_phA06_phB10.png,Is the blue cube farther from the camera than the cyan sphere? Answer with yes or no.,Yes,Yes,22.234375,20.125,True
Zhoues/RoboRefer-2B-SFT,obj1_farther,output/phasevar_5/0008_phA06_phB11.png,Is the blue cube farther from the camera than the cyan sphere? Answer with yes or no.,Yes,Yes,22.234375,19.984375,True
Zhoues/RoboRefer-2B-SFT,obj1_farther,output/phasevar_5/0008_phA06_phB12.png,Is the blue cube farther from the camera than the cyan sphere? Answer with yes or no.,Yes,Yes,22.28125,19.71875,True
Zhoues/RoboRefer-2B-SFT,obj1_farther,output/phasevar_5/0008_phA06_phB13.png,Is the blue cube farther from the camera than the cyan sphere? Answer with yes or no.,Yes,Yes,22.359375,19.84375,True
Zhoues/RoboRefer-2B-SFT,obj1_farther,output/phasevar_5/0008_phA06_phB14.png,Is the blue cube farther from the camera than the cyan sphere? Answer with yes or no.,Yes,Yes,22.546875,20.0625,True
Zhoues/RoboRefer-2B-SFT,obj1_farther,output/phasevar_5/0008_phA06_phB15.png,Is the blue cube farther from the camera than the cyan sphere? Answer with yes or no.,Yes,Yes,22.203125,19.96875,True
Zhoues/RoboRefer-2B-SFT,obj1_farther,output/phasevar_5/0008_phA07_phB00.png,Is the blue cube farther from the camera than the cyan sphere? Answer with yes or no.,Yes,Yes,22.484375,20.296875,True
Zhoues/RoboRefer-2B-SFT,obj1_farther,output/phasevar_5/0008_phA07_phB01.png,Is the blue cube farther from the camera than the cyan sphere? Answer with yes or no.,Yes,Yes,22.375,20.140625,True
Zhoues/RoboRefer-2B-SFT,obj1_farther,output/phasevar_5/0008_phA07_phB02.png,Is the blue cube farther from the camera than the cyan sphere? Answer with yes or no.,Yes,Yes,22.15625,20.109375,True
Zhoues/RoboRefer-2B-SFT,obj1_farther,output/phasevar_5/0008_phA07_phB03.png,Is the blue cube farther from the camera than the cyan sphere? Answer with yes or no.,Yes,Yes,22.078125,20.140625,True
Zhoues/RoboRefer-2B-SFT,obj1_farther,output/phasevar_5/0008_phA07_phB04.png,Is the blue cube farther from the camera than the cyan sphere? Answer with yes or no.,Yes,Yes,21.921875,20.109375,True
Zhoues/RoboRefer-2B-SFT,obj1_farther,output/phasevar_5/0008_phA07_phB05.png,Is the blue cube farther from the camera than the cyan sphere? Answer with yes or no.,Yes,Yes,22.140625,20.09375,True
Zhoues/RoboRefer-2B-SFT,obj1_farther,output/phasevar_5/0008_phA07_phB06.png,Is the blue cube farther from the camera than the cyan sphere? Answer with yes or no.,Yes,Yes,22.203125,20.0,True
Zhoues/RoboRefer-2B-SFT,obj1_farther,output/phasevar_5/0008_phA07_phB07.png,Is the blue cube farther from the camera than the cyan sphere? Answer with yes or no.,Yes,Yes,22.640625,20.109375,True
Zhoues/RoboRefer-2B-SFT,obj1_farther,output/phasevar_5/0008_phA07_phB08.png,Is the blue cube farther from the camera than the cyan sphere? Answer with yes or no.,Yes,Yes,22.765625,20.109375,True
Zhoues/RoboRefer-2B-SFT,obj1_farther,output/phasevar_5/0008_phA07_phB09.png,Is the blue cube farther from the camera than the cyan sphere? Answer with yes or no.,Yes,Yes,22.53125,20.0625,True
Zhoues/RoboRefer-2B-SFT,obj1_farther,output/phasevar_5/0008_phA07_phB10.png,Is the blue cube farther from the camera than the cyan sphere? Answer with yes or no.,Yes,Yes,22.328125,20.203125,True
Zhoues/RoboRefer-2B-SFT,obj1_farther,output/phasevar_5/0008_phA07_phB11.png,Is the blue cube farther from the camera than the cyan sphere? Answer with yes or no.,Yes,Yes,22.265625,20.078125,True
Zhoues/RoboRefer-2B-SFT,obj1_farther,output/phasevar_5/0008_phA07_phB12.png,Is the blue cube farther from the camera than the cyan sphere? Answer with yes or no.,Yes,Yes,22.21875,19.75,True
Zhoues/RoboRefer-2B-SFT,obj1_farther,output/phasevar_5/0008_phA07_phB13.png,Is the blue cube farther from the camera than the cyan sphere? Answer with yes or no.,Yes,Yes,22.34375,19.875,True
Zhoues/RoboRefer-2B-SFT,obj1_farther,output/phasevar_5/0008_phA07_phB14.png,Is the blue cube farther from the camera than the cyan sphere? Answer with yes or no.,Yes,Yes,22.59375,20.09375,True
Zhoues/RoboRefer-2B-SFT,obj1_farther,output/phasevar_5/0008_phA07_phB15.png,Is the blue cube farther from the camera than the cyan sphere? Answer with yes or no.,Yes,Yes,22.25,20.078125,True
Zhoues/RoboRefer-2B-SFT,obj1_farther,output/phasevar_5/0008_phA08_phB00.png,Is the blue cube farther from the camera than the cyan sphere? Answer with yes or no.,Yes,Yes,22.40625,20.3125,True
Zhoues/RoboRefer-2B-SFT,obj1_farther,output/phasevar_5/0008_phA08_phB01.png,Is the blue cube farther from the camera than the cyan sphere? Answer with yes or no.,Yes,Yes,22.171875,20.21875,True
Zhoues/RoboRefer-2B-SFT,obj1_farther,output/phasevar_5/0008_phA08_phB02.png,Is the blue cube farther from the camera than the cyan sphere? Answer with yes or no.,Yes,Yes,22.03125,20.140625,True
Zhoues/RoboRefer-2B-SFT,obj1_farther,output/phasevar_5/0008_phA08_phB03.png,Is the blue cube farther from the camera than the cyan sphere? Answer with yes or no.,Yes,Yes,22.0,20.1875,True
Zhoues/RoboRefer-2B-SFT,obj1_farther,output/phasevar_5/0008_phA08_phB04.png,Is the blue cube farther from the camera than the cyan sphere? Answer with yes or no.,Yes,Yes,21.84375,20.1875,True
Zhoues/RoboRefer-2B-SFT,obj1_farther,output/phasevar_5/0008_phA08_phB05.png,Is the blue cube farther from the camera than the cyan sphere? Answer with yes or no.,Yes,Yes,22.09375,20.15625,True
Zhoues/RoboRefer-2B-SFT,obj1_farther,output/phasevar_5/0008_phA08_phB06.png,Is the blue cube farther from the camera than the cyan sphere? Answer with yes or no.,Yes,Yes,22.078125,20.0625,True
Zhoues/RoboRefer-2B-SFT,obj1_farther,output/phasevar_5/0008_phA08_phB07.png,Is the blue cube farther from the camera than the cyan sphere? Answer with yes or no.,Yes,Yes,22.484375,20.171875,True
Zhoues/RoboRefer-2B-SFT,obj1_farther,output/phasevar_5/0008_phA08_phB08.png,Is the blue cube farther from the camera than the cyan sphere? Answer with yes or no.,Yes,Yes,22.640625,20.078125,True
Zhoues/RoboRefer-2B-SFT,obj1_farther,output/phasevar_5/0008_phA08_phB09.png,Is the blue cube farther from the camera than the cyan sphere? Answer with yes or no.,Yes,Yes,22.4375,20.046875,True
Zhoues/RoboRefer-2B-SFT,obj1_farther,output/phasevar_5/0008_phA08_phB10.png,Is the blue cube farther from the camera than the cyan sphere? Answer with yes or no.,Yes,Yes,22.25,20.15625,True
Zhoues/RoboRefer-2B-SFT,obj1_farther,output/phasevar_5/0008_phA08_phB11.png,Is the blue cube farther from the camera than the cyan sphere? Answer with yes or no.,Yes,Yes,22.171875,20.0625,True
Zhoues/RoboRefer-2B-SFT,obj1_farther,output/phasevar_5/0008_phA08_phB12.png,Is the blue cube farther from the camera than the cyan sphere? Answer with yes or no.,Yes,Yes,22.15625,19.765625,True
Zhoues/RoboRefer-2B-SFT,obj1_farther,output/phasevar_5/0008_phA08_phB13.png,Is the blue cube farther from the camera than the cyan sphere? Answer with yes or no.,Yes,Yes,22.265625,19.921875,True
Zhoues/RoboRefer-2B-SFT,obj1_farther,output/phasevar_5/0008_phA08_phB14.png,Is the blue cube farther from the camera than the cyan sphere? Answer with yes or no.,Yes,Yes,22.546875,20.1875,True
Zhoues/RoboRefer-2B-SFT,obj1_farther,output/phasevar_5/0008_phA08_phB15.png,Is the blue cube farther from the camera than the cyan sphere? Answer with yes or no.,Yes,Yes,22.21875,20.078125,True
Zhoues/RoboRefer-2B-SFT,obj1_farther,output/phasevar_5/0008_phA09_phB00.png,Is the blue cube farther from the camera than the cyan sphere? Answer with yes or no.,Yes,Yes,22.421875,20.359375,True
Zhoues/RoboRefer-2B-SFT,obj1_farther,output/phasevar_5/0008_phA09_phB01.png,Is the blue cube farther from the camera than the cyan sphere? Answer with yes or no.,Yes,Yes,22.21875,20.203125,True
Zhoues/RoboRefer-2B-SFT,obj1_farther,output/phasevar_5/0008_phA09_phB02.png,Is the blue cube farther from the camera than the cyan sphere? Answer with yes or no.,Yes,Yes,22.0,20.171875,True
Zhoues/RoboRefer-2B-SFT,obj1_farther,output/phasevar_5/0008_phA09_phB03.png,Is the blue cube farther from the camera than the cyan sphere? Answer with yes or no.,Yes,Yes,22.015625,20.28125,True
Zhoues/RoboRefer-2B-SFT,obj1_farther,output/phasevar_5/0008_phA09_phB04.png,Is the blue cube farther from the camera than the cyan sphere? Answer with yes or no.,Yes,Yes,21.90625,20.25,True
Zhoues/RoboRefer-2B-SFT,obj1_farther,output/phasevar_5/0008_phA09_phB05.png,Is the blue cube farther from the camera than the cyan sphere? Answer with yes or no.,Yes,Yes,22.078125,20.21875,True
Zhoues/RoboRefer-2B-SFT,obj1_farther,output/phasevar_5/0008_phA09_phB06.png,Is the blue cube farther from the camera than the cyan sphere? Answer with yes or no.,Yes,Yes,22.203125,20.078125,True
Zhoues/RoboRefer-2B-SFT,obj1_farther,output/phasevar_5/0008_phA09_phB07.png,Is the blue cube farther from the camera than the cyan sphere? Answer with yes or no.,Yes,Yes,22.5,20.140625,True
Zhoues/RoboRefer-2B-SFT,obj1_farther,output/phasevar_5/0008_phA09_phB08.png,Is the blue cube farther from the camera than the cyan sphere? Answer with yes or no.,Yes,Yes,22.703125,20.109375,True
Zhoues/RoboRefer-2B-SFT,obj1_farther,output/phasevar_5/0008_phA09_phB09.png,Is the blue cube farther from the camera than the cyan sphere? Answer with yes or no.,Yes,Yes,22.5625,20.0,True
Zhoues/RoboRefer-2B-SFT,obj1_farther,output/phasevar_5/0008_phA09_phB10.png,Is the blue cube farther from the camera than the cyan sphere? Answer with yes or no.,Yes,Yes,22.296875,20.25,True
Zhoues/RoboRefer-2B-SFT,obj1_farther,output/phasevar_5/0008_phA09_phB11.png,Is the blue cube farther from the camera than the cyan sphere? Answer with yes or no.,Yes,Yes,22.1875,20.1875,True
Zhoues/RoboRefer-2B-SFT,obj1_farther,output/phasevar_5/0008_phA09_phB12.png,Is the blue cube farther from the camera than the cyan sphere? Answer with yes or no.,Yes,Yes,22.25,19.953125,True
Zhoues/RoboRefer-2B-SFT,obj1_farther,output/phasevar_5/0008_phA09_phB13.png,Is the blue cube farther from the camera than the cyan sphere? Answer with yes or no.,Yes,Yes,22.328125,20.0625,True
Zhoues/RoboRefer-2B-SFT,obj1_farther,output/phasevar_5/0008_phA09_phB14.png,Is the blue cube farther from the camera than the cyan sphere? Answer with yes or no.,Yes,Yes,22.5,20.21875,True
Zhoues/RoboRefer-2B-SFT,obj1_farther,output/phasevar_5/0008_phA09_phB15.png,Is the blue cube farther from the camera than the cyan sphere? Answer with yes or no.,Yes,Yes,22.296875,20.125,True
Zhoues/RoboRefer-2B-SFT,obj1_farther,output/phasevar_5/0008_phA10_phB00.png,Is the blue cube farther from the camera than the cyan sphere? Answer with yes or no.,Yes,Yes,22.484375,20.25,True
Zhoues/RoboRefer-2B-SFT,obj1_farther,output/phasevar_5/0008_phA10_phB01.png,Is the blue cube farther from the camera than the cyan sphere? Answer with yes or no.,Yes,Yes,22.15625,20.15625,True
Zhoues/RoboRefer-2B-SFT,obj1_farther,output/phasevar_5/0008_phA10_phB02.png,Is the blue cube farther from the camera than the cyan sphere? Answer with yes or no.,Yes,Yes,21.9375,20.078125,True
Zhoues/RoboRefer-2B-SFT,obj1_farther,output/phasevar_5/0008_phA10_phB03.png,Is the blue cube farther from the camera than the cyan sphere? Answer with yes or no.,Yes,Yes,22.0625,20.078125,True
Zhoues/RoboRefer-2B-SFT,obj1_farther,output/phasevar_5/0008_phA10_phB04.png,Is the blue cube farther from the camera than the cyan sphere? Answer with yes or no.,Yes,Yes,21.875,20.03125,True
Zhoues/RoboRefer-2B-SFT,obj1_farther,output/phasevar_5/0008_phA10_phB05.png,Is the blue cube farther from the camera than the cyan sphere? Answer with yes or no.,Yes,Yes,22.15625,20.0625,True
Zhoues/RoboRefer-2B-SFT,obj1_farther,output/phasevar_5/0008_phA10_phB06.png,Is the blue cube farther from the camera than the cyan sphere? Answer with yes or no.,Yes,Yes,22.203125,20.0625,True
Zhoues/RoboRefer-2B-SFT,obj1_farther,output/phasevar_5/0008_phA10_phB07.png,Is the blue cube farther from the camera than the cyan sphere? Answer with yes or no.,Yes,Yes,22.515625,20.140625,True
Zhoues/RoboRefer-2B-SFT,obj1_farther,output/phasevar_5/0008_phA10_phB08.png,Is the blue cube farther from the camera than the cyan sphere? Answer with yes or no.,Yes,Yes,22.671875,20.125,True
Zhoues/RoboRefer-2B-SFT,obj1_farther,output/phasevar_5/0008_phA10_phB09.png,Is the blue cube farther from the camera than the cyan sphere? Answer with yes or no.,Yes,Yes,22.578125,20.0625,True
Zhoues/RoboRefer-2B-SFT,obj1_farther,output/phasevar_5/0008_phA10_phB10.png,Is the blue cube farther from the camera than the cyan sphere? Answer with yes or no.,Yes,Yes,22.46875,20.296875,True
Zhoues/RoboRefer-2B-SFT,obj1_farther,output/phasevar_5/0008_phA10_phB11.png,Is the blue cube farther from the camera than the cyan sphere? Answer with yes or no.,Yes,Yes,22.5,20.171875,True
Zhoues/RoboRefer-2B-SFT,obj1_farther,output/phasevar_5/0008_phA10_phB12.png,Is the blue cube farther from the camera than the cyan sphere? Answer with yes or no.,Yes,Yes,22.515625,19.953125,True
Zhoues/RoboRefer-2B-SFT,obj1_farther,output/phasevar_5/0008_phA10_phB13.png,Is the blue cube farther from the camera than the cyan sphere? Answer with yes or no.,Yes,Yes,22.546875,20.0,True
Zhoues/RoboRefer-2B-SFT,obj1_farther,output/phasevar_5/0008_phA10_phB14.png,Is the blue cube farther from the camera than the cyan sphere? Answer with yes or no.,Yes,Yes,22.671875,20.125,True
Zhoues/RoboRefer-2B-SFT,obj1_farther,output/phasevar_5/0008_phA10_phB15.png,Is the blue cube farther from the camera than the cyan sphere? Answer with yes or no.,Yes,Yes,22.296875,20.140625,True
Zhoues/RoboRefer-2B-SFT,obj1_farther,output/phasevar_5/0008_phA11_phB00.png,Is the blue cube farther from the camera than the cyan sphere? Answer with yes or no.,Yes,Yes,22.234375,20.421875,True
Zhoues/RoboRefer-2B-SFT,obj1_farther,output/phasevar_5/0008_phA11_phB01.png,Is the blue cube farther from the camera than the cyan sphere? Answer with yes or no.,Yes,Yes,22.109375,20.375,True
Zhoues/RoboRefer-2B-SFT,obj1_farther,output/phasevar_5/0008_phA11_phB02.png,Is the blue cube farther from the camera than the cyan sphere? Answer with yes or no.,Yes,Yes,21.703125,20.25,True
Zhoues/RoboRefer-2B-SFT,obj1_farther,output/phasevar_5/0008_phA11_phB03.png,Is the blue cube farther from the camera than the cyan sphere? Answer with yes or no.,Yes,Yes,22.0,20.3125,True
Zhoues/RoboRefer-2B-SFT,obj1_farther,output/phasevar_5/0008_phA11_phB04.png,Is the blue cube farther from the camera than the cyan sphere? Answer with yes or no.,Yes,Yes,21.828125,20.265625,True
Zhoues/RoboRefer-2B-SFT,obj1_farther,output/phasevar_5/0008_phA11_phB05.png,Is the blue cube farther from the camera than the cyan sphere? Answer with yes or no.,Yes,Yes,22.125,20.265625,True
Zhoues/RoboRefer-2B-SFT,obj1_farther,output/phasevar_5/0008_phA11_phB06.png,Is the blue cube farther from the camera than the cyan sphere? Answer with yes or no.,Yes,Yes,22.25,20.15625,True
Zhoues/RoboRefer-2B-SFT,obj1_farther,output/phasevar_5/0008_phA11_phB07.png,Is the blue cube farther from the camera than the cyan sphere? Answer with yes or no.,Yes,Yes,22.4375,20.234375,True
Zhoues/RoboRefer-2B-SFT,obj1_farther,output/phasevar_5/0008_phA11_phB08.png,Is the blue cube farther from the camera than the cyan sphere? Answer with yes or no.,Yes,Yes,22.671875,20.296875,True
Zhoues/RoboRefer-2B-SFT,obj1_farther,output/phasevar_5/0008_phA11_phB09.png,Is the blue cube farther from the camera than the cyan sphere? Answer with yes or no.,Yes,Yes,22.5,20.234375,True
Zhoues/RoboRefer-2B-SFT,obj1_farther,output/phasevar_5/0008_phA11_phB10.png,Is the blue cube farther from the camera than the cyan sphere? Answer with yes or no.,Yes,Yes,22.625,20.375,True
Zhoues/RoboRefer-2B-SFT,obj1_farther,output/phasevar_5/0008_phA11_phB11.png,Is the blue cube farther from the camera than the cyan sphere? Answer with yes or no.,Yes,Yes,22.625,20.265625,True
Zhoues/RoboRefer-2B-SFT,obj1_farther,output/phasevar_5/0008_phA11_phB12.png,Is the blue cube farther from the camera than the cyan sphere? Answer with yes or no.,Yes,Yes,22.546875,20.125,True
Zhoues/RoboRefer-2B-SFT,obj1_farther,output/phasevar_5/0008_phA11_phB13.png,Is the blue cube farther from the camera than the cyan sphere? Answer with yes or no.,Yes,Yes,22.625,20.296875,True
Zhoues/RoboRefer-2B-SFT,obj1_farther,output/phasevar_5/0008_phA11_phB14.png,Is the blue cube farther from the camera than the cyan sphere? Answer with yes or no.,Yes,Yes,22.640625,20.359375,True
Zhoues/RoboRefer-2B-SFT,obj1_farther,output/phasevar_5/0008_phA11_phB15.png,Is the blue cube farther from the camera than the cyan sphere? Answer with yes or no.,Yes,Yes,22.203125,20.28125,True
Zhoues/RoboRefer-2B-SFT,obj1_farther,output/phasevar_5/0008_phA12_phB00.png,Is the blue cube farther from the camera than the cyan sphere? Answer with yes or no.,Yes,Yes,22.328125,20.53125,True
Zhoues/RoboRefer-2B-SFT,obj1_farther,output/phasevar_5/0008_phA12_phB01.png,Is the blue cube farther from the camera than the cyan sphere? Answer with yes or no.,Yes,Yes,22.09375,20.359375,True
Zhoues/RoboRefer-2B-SFT,obj1_farther,output/phasevar_5/0008_phA12_phB02.png,Is the blue cube farther from the camera than the cyan sphere? Answer with yes or no.,Yes,Yes,21.703125,20.28125,True
Zhoues/RoboRefer-2B-SFT,obj1_farther,output/phasevar_5/0008_phA12_phB03.png,Is the blue cube farther from the camera than the cyan sphere? Answer with yes or no.,Yes,Yes,22.15625,20.359375,True
Zhoues/RoboRefer-2B-SFT,obj1_farther,output/phasevar_5/0008_phA12_phB04.png,Is the blue cube farther from the camera than the cyan sphere? Answer with yes or no.,Yes,Yes,21.9375,20.3125,True
Zhoues/RoboRefer-2B-SFT,obj1_farther,output/phasevar_5/0008_phA12_phB05.png,Is the blue cube farther from the camera than the cyan sphere? Answer with yes or no.,Yes,Yes,22.140625,20.25,True
Zhoues/RoboRefer-2B-SFT,obj1_farther,output/phasevar_5/0008_phA12_phB06.png,Is the blue cube farther from the camera than the cyan sphere? Answer with yes or no.,Yes,Yes,22.234375,20.171875,True
Zhoues/RoboRefer-2B-SFT,obj1_farther,output/phasevar_5/0008_phA12_phB07.png,Is the blue cube farther from the camera than the cyan sphere? Answer with yes or no.,Yes,Yes,22.453125,20.1875,True
Zhoues/RoboRefer-2B-SFT,obj1_farther,output/phasevar_5/0008_phA12_phB08.png,Is the blue cube farther from the camera than the cyan sphere? Answer with yes or no.,Yes,Yes,22.734375,20.234375,True
Zhoues/RoboRefer-2B-SFT,obj1_farther,output/phasevar_5/0008_phA12_phB09.png,Is the blue cube farther from the camera than the cyan sphere? Answer with yes or no.,Yes,Yes,22.46875,20.25,True
Zhoues/RoboRefer-2B-SFT,obj1_farther,output/phasevar_5/0008_phA12_phB10.png,Is the blue cube farther from the camera than the cyan sphere? Answer with yes or no.,Yes,Yes,22.5625,20.375,True
Zhoues/RoboRefer-2B-SFT,obj1_farther,output/phasevar_5/0008_phA12_phB11.png,Is the blue cube farther from the camera than the cyan sphere? Answer with yes or no.,Yes,Yes,22.578125,20.25,True
Zhoues/RoboRefer-2B-SFT,obj1_farther,output/phasevar_5/0008_phA12_phB12.png,Is the blue cube farther from the camera than the cyan sphere? Answer with yes or no.,Yes,Yes,22.53125,20.171875,True
Zhoues/RoboRefer-2B-SFT,obj1_farther,output/phasevar_5/0008_phA12_phB13.png,Is the blue cube farther from the camera than the cyan sphere? Answer with yes or no.,Yes,Yes,22.5625,20.34375,True
Zhoues/RoboRefer-2B-SFT,obj1_farther,output/phasevar_5/0008_phA12_phB14.png,Is the blue cube farther from the camera than the cyan sphere? Answer with yes or no.,Yes,Yes,22.578125,20.390625,True
Zhoues/RoboRefer-2B-SFT,obj1_farther,output/phasevar_5/0008_phA12_phB15.png,Is the blue cube farther from the camera than the cyan sphere? Answer with yes or no.,Yes,Yes,22.265625,20.359375,True
Zhoues/RoboRefer-2B-SFT,obj1_farther,output/phasevar_5/0008_phA13_phB00.png,Is the blue cube farther from the camera than the cyan sphere? Answer with yes or no.,Yes,Yes,22.4375,20.546875,True
Zhoues/RoboRefer-2B-SFT,obj1_farther,output/phasevar_5/0008_phA13_phB01.png,Is the blue cube farther from the camera than the cyan sphere? Answer with yes or no.,Yes,Yes,22.171875,20.34375,True
Zhoues/RoboRefer-2B-SFT,obj1_farther,output/phasevar_5/0008_phA13_phB02.png,Is the blue cube farther from the camera than the cyan sphere? Answer with yes or no.,Yes,Yes,21.8125,20.265625,True
Zhoues/RoboRefer-2B-SFT,obj1_farther,output/phasevar_5/0008_phA13_phB03.png,Is the blue cube farther from the camera than the cyan sphere? Answer with yes or no.,Yes,Yes,22.125,20.328125,True
Zhoues/RoboRefer-2B-SFT,obj1_farther,output/phasevar_5/0008_phA13_phB04.png,Is the blue cube farther from the camera than the cyan sphere? Answer with yes or no.,Yes,Yes,22.046875,20.25,True
Zhoues/RoboRefer-2B-SFT,obj1_farther,output/phasevar_5/0008_phA13_phB05.png,Is the blue cube farther from the camera than the cyan sphere? Answer with yes or no.,Yes,Yes,22.234375,20.171875,True
Zhoues/RoboRefer-2B-SFT,obj1_farther,output/phasevar_5/0008_phA13_phB06.png,Is the blue cube farther from the camera than the cyan sphere? Answer with yes or no.,Yes,Yes,22.21875,20.03125,True
Zhoues/RoboRefer-2B-SFT,obj1_farther,output/phasevar_5/0008_phA13_phB07.png,Is the blue cube farther from the camera than the cyan sphere? Answer with yes or no.,Yes,Yes,22.5,20.0625,True
Zhoues/RoboRefer-2B-SFT,obj1_farther,output/phasevar_5/0008_phA13_phB08.png,Is the blue cube farther from the camera than the cyan sphere? Answer with yes or no.,Yes,Yes,22.78125,20.125,True
Zhoues/RoboRefer-2B-SFT,obj1_farther,output/phasevar_5/0008_phA13_phB09.png,Is the blue cube farther from the camera than the cyan sphere? Answer with yes or no.,Yes,Yes,22.59375,20.21875,True
Zhoues/RoboRefer-2B-SFT,obj1_farther,output/phasevar_5/0008_phA13_phB10.png,Is the blue cube farther from the camera than the cyan sphere? Answer with yes or no.,Yes,Yes,22.6875,20.359375,True
Zhoues/RoboRefer-2B-SFT,obj1_farther,output/phasevar_5/0008_phA13_phB11.png,Is the blue cube farther from the camera than the cyan sphere? Answer with yes or no.,Yes,Yes,22.75,20.28125,True
Zhoues/RoboRefer-2B-SFT,obj1_farther,output/phasevar_5/0008_phA13_phB12.png,Is the blue cube farther from the camera than the cyan sphere? Answer with yes or no.,Yes,Yes,22.671875,20.1875,True
Zhoues/RoboRefer-2B-SFT,obj1_farther,output/phasevar_5/0008_phA13_phB13.png,Is the blue cube farther from the camera than the cyan sphere? Answer with yes or no.,Yes,Yes,22.703125,20.390625,True
Zhoues/RoboRefer-2B-SFT,obj1_farther,output/phasevar_5/0008_phA13_phB14.png,Is the blue cube farther from the camera than the cyan sphere? Answer with yes or no.,Yes,Yes,22.515625,20.421875,True
Zhoues/RoboRefer-2B-SFT,obj1_farther,output/phasevar_5/0008_phA13_phB15.png,Is the blue cube farther from the camera than the cyan sphere? Answer with yes or no.,Yes,Yes,22.46875,20.375,True
Zhoues/RoboRefer-2B-SFT,obj1_farther,output/phasevar_5/0008_phA14_phB00.png,Is the blue cube farther from the camera than the cyan sphere? Answer with yes or no.,Yes,Yes,22.515625,20.46875,True
Zhoues/RoboRefer-2B-SFT,obj1_farther,output/phasevar_5/0008_phA14_phB01.png,Is the blue cube farther from the camera than the cyan sphere? Answer with yes or no.,Yes,Yes,22.046875,20.234375,True
Zhoues/RoboRefer-2B-SFT,obj1_farther,output/phasevar_5/0008_phA14_phB02.png,Is the blue cube farther from the camera than the cyan sphere? Answer with yes or no.,Yes,Yes,21.765625,20.109375,True
Zhoues/RoboRefer-2B-SFT,obj1_farther,output/phasevar_5/0008_phA14_phB03.png,Is the blue cube farther from the camera than the cyan sphere? Answer with yes or no.,Yes,Yes,22.078125,20.125,True
Zhoues/RoboRefer-2B-SFT,obj1_farther,output/phasevar_5/0008_phA14_phB04.png,Is the blue cube farther from the camera than the cyan sphere? Answer with yes or no.,Yes,Yes,22.0,20.03125,True
Zhoues/RoboRefer-2B-SFT,obj1_farther,output/phasevar_5/0008_phA14_phB05.png,Is the blue cube farther from the camera than the cyan sphere? Answer with yes or no.,Yes,Yes,22.21875,19.921875,True
Zhoues/RoboRefer-2B-SFT,obj1_farther,output/phasevar_5/0008_phA14_phB06.png,Is the blue cube farther from the camera than the cyan sphere? Answer with yes or no.,Yes,Yes,22.28125,19.9375,True
Zhoues/RoboRefer-2B-SFT,obj1_farther,output/phasevar_5/0008_phA14_phB07.png,Is the blue cube farther from the camera than the cyan sphere? Answer with yes or no.,Yes,Yes,22.5625,19.9375,True
Zhoues/RoboRefer-2B-SFT,obj1_farther,output/phasevar_5/0008_phA14_phB08.png,Is the blue cube farther from the camera than the cyan sphere? Answer with yes or no.,Yes,Yes,22.75,20.0,True
Zhoues/RoboRefer-2B-SFT,obj1_farther,output/phasevar_5/0008_phA14_phB09.png,Is the blue cube farther from the camera than the cyan sphere? Answer with yes or no.,Yes,Yes,22.59375,20.15625,True
Zhoues/RoboRefer-2B-SFT,obj1_farther,output/phasevar_5/0008_phA14_phB10.png,Is the blue cube farther from the camera than the cyan sphere? Answer with yes or no.,Yes,Yes,22.609375,20.296875,True
Zhoues/RoboRefer-2B-SFT,obj1_farther,output/phasevar_5/0008_phA14_phB11.png,Is the blue cube farther from the camera than the cyan sphere? Answer with yes or no.,Yes,Yes,22.640625,20.03125,True
Zhoues/RoboRefer-2B-SFT,obj1_farther,output/phasevar_5/0008_phA14_phB12.png,Is the blue cube farther from the camera than the cyan sphere? Answer with yes or no.,Yes,Yes,22.609375,19.953125,True
Zhoues/RoboRefer-2B-SFT,obj1_farther,output/phasevar_5/0008_phA14_phB13.png,Is the blue cube farther from the camera than the cyan sphere? Answer with yes or no.,Yes,Yes,22.53125,20.28125,True
Zhoues/RoboRefer-2B-SFT,obj1_farther,output/phasevar_5/0008_phA14_phB14.png,Is the blue cube farther from the camera than the cyan sphere? Answer with yes or no.,Yes,Yes,22.59375,20.28125,True
Zhoues/RoboRefer-2B-SFT,obj1_farther,output/phasevar_5/0008_phA14_phB15.png,Is the blue cube farther from the camera than the cyan sphere? Answer with yes or no.,Yes,Yes,22.3125,20.265625,True
Zhoues/RoboRefer-2B-SFT,obj1_farther,output/phasevar_5/0008_phA15_phB00.png,Is the blue cube farther from the camera than the cyan sphere? Answer with yes or no.,Yes,Yes,22.546875,20.375,True
Zhoues/RoboRefer-2B-SFT,obj1_farther,output/phasevar_5/0008_phA15_phB01.png,Is the blue cube farther from the camera than the cyan sphere? Answer with yes or no.,Yes,Yes,22.0625,20.25,True
Zhoues/RoboRefer-2B-SFT,obj1_farther,output/phasevar_5/0008_phA15_phB02.png,Is the blue cube farther from the camera than the cyan sphere? Answer with yes or no.,Yes,Yes,21.9375,20.203125,True
Zhoues/RoboRefer-2B-SFT,obj1_farther,output/phasevar_5/0008_phA15_phB03.png,Is the blue cube farther from the camera than the cyan sphere? Answer with yes or no.,Yes,Yes,22.0,20.171875,True
Zhoues/RoboRefer-2B-SFT,obj1_farther,output/phasevar_5/0008_phA15_phB04.png,Is the blue cube farther from the camera than the cyan sphere? Answer with yes or no.,Yes,Yes,22.09375,20.078125,True
Zhoues/RoboRefer-2B-SFT,obj1_farther,output/phasevar_5/0008_phA15_phB05.png,Is the blue cube farther from the camera than the cyan sphere? Answer with yes or no.,Yes,Yes,22.265625,19.96875,True
Zhoues/RoboRefer-2B-SFT,obj1_farther,output/phasevar_5/0008_phA15_phB06.png,Is the blue cube farther from the camera than the cyan sphere? Answer with yes or no.,Yes,Yes,22.421875,19.9375,True
Zhoues/RoboRefer-2B-SFT,obj1_farther,output/phasevar_5/0008_phA15_phB07.png,Is the blue cube farther from the camera than the cyan sphere? Answer with yes or no.,Yes,Yes,22.625,19.921875,True
Zhoues/RoboRefer-2B-SFT,obj1_farther,output/phasevar_5/0008_phA15_phB08.png,Is the blue cube farther from the camera than the cyan sphere? Answer with yes or no.,Yes,Yes,22.734375,20.078125,True
Zhoues/RoboRefer-2B-SFT,obj1_farther,output/phasevar_5/0008_phA15_phB09.png,Is the blue cube farther from the camera than the cyan sphere? Answer with yes or no.,Yes,Yes,22.65625,20.015625,True
Zhoues/RoboRefer-2B-SFT,obj1_farther,output/phasevar_5/0008_phA15_phB10.png,Is the blue cube farther from the camera than the cyan sphere? Answer with yes or no.,Yes,Yes,22.546875,20.109375,True
Zhoues/RoboRefer-2B-SFT,obj1_farther,output/phasevar_5/0008_phA15_phB11.png,Is the blue cube farther from the camera than the cyan sphere? Answer with yes or no.,Yes,Yes,22.46875,19.921875,True
Zhoues/RoboRefer-2B-SFT,obj1_farther,output/phasevar_5/0008_phA15_phB12.png,Is the blue cube farther from the camera than the cyan sphere? Answer with yes or no.,Yes,Yes,22.359375,19.796875,True
Zhoues/RoboRefer-2B-SFT,obj1_farther,output/phasevar_5/0008_phA15_phB13.png,Is the blue cube farther from the camera than the cyan sphere? Answer with yes or no.,Yes,Yes,22.3125,20.109375,True
Zhoues/RoboRefer-2B-SFT,obj1_farther,output/phasevar_5/0008_phA15_phB14.png,Is the blue cube farther from the camera than the cyan sphere? Answer with yes or no.,Yes,Yes,22.625,20.1875,True
Zhoues/RoboRefer-2B-SFT,obj1_farther,output/phasevar_5/0008_phA15_phB15.png,Is the blue cube farther from the camera than the cyan sphere? Answer with yes or no.,Yes,Yes,22.453125,20.15625,True
Zhoues/RoboRefer-2B-SFT,obj1_farther,output/phasevar_5/0009_phA00_phB00.png,Is the green sphere farther from the camera than the yellow cube? Answer with yes or no.,Yes,Yes,22.875,20.40625,True
Zhoues/RoboRefer-2B-SFT,obj1_farther,output/phasevar_5/0009_phA00_phB01.png,Is the green sphere farther from the camera than the yellow cube? Answer with yes or no.,Yes,Yes,22.5,20.625,True
Zhoues/RoboRefer-2B-SFT,obj1_farther,output/phasevar_5/0009_phA00_phB02.png,Is the green sphere farther from the camera than the yellow cube? Answer with yes or no.,Yes,Yes,21.9375,20.421875,True
Zhoues/RoboRefer-2B-SFT,obj1_farther,output/phasevar_5/0009_phA00_phB03.png,Is the green sphere farther from the camera than the yellow cube? Answer with yes or no.,Yes,Yes,22.4375,20.609375,True
Zhoues/RoboRefer-2B-SFT,obj1_farther,output/phasevar_5/0009_phA00_phB04.png,Is the green sphere farther from the camera than the yellow cube? Answer with yes or no.,Yes,Yes,22.5625,20.265625,True
Zhoues/RoboRefer-2B-SFT,obj1_farther,output/phasevar_5/0009_phA00_phB05.png,Is the green sphere farther from the camera than the yellow cube? Answer with yes or no.,Yes,Yes,22.640625,20.4375,True
Zhoues/RoboRefer-2B-SFT,obj1_farther,output/phasevar_5/0009_phA00_phB06.png,Is the green sphere farther from the camera than the yellow cube? Answer with yes or no.,Yes,Yes,22.875,20.34375,True
Zhoues/RoboRefer-2B-SFT,obj1_farther,output/phasevar_5/0009_phA00_phB07.png,Is the green sphere farther from the camera than the yellow cube? Answer with yes or no.,Yes,Yes,23.0625,20.171875,True
Zhoues/RoboRefer-2B-SFT,obj1_farther,output/phasevar_5/0009_phA00_phB08.png,Is the green sphere farther from the camera than the yellow cube? Answer with yes or no.,Yes,Yes,23.171875,20.359375,True
Zhoues/RoboRefer-2B-SFT,obj1_farther,output/phasevar_5/0009_phA00_phB09.png,Is the green sphere farther from the camera than the yellow cube? Answer with yes or no.,Yes,Yes,23.015625,20.3125,True
Zhoues/RoboRefer-2B-SFT,obj1_farther,output/phasevar_5/0009_phA00_phB10.png,Is the green sphere farther from the camera than the yellow cube? Answer with yes or no.,Yes,Yes,23.140625,20.328125,True
Zhoues/RoboRefer-2B-SFT,obj1_farther,output/phasevar_5/0009_phA00_phB11.png,Is the green sphere farther from the camera than the yellow cube? Answer with yes or no.,Yes,Yes,22.921875,20.34375,True
Zhoues/RoboRefer-2B-SFT,obj1_farther,output/phasevar_5/0009_phA00_phB12.png,Is the green sphere farther from the camera than the yellow cube? Answer with yes or no.,Yes,Yes,22.796875,20.671875,True
Zhoues/RoboRefer-2B-SFT,obj1_farther,output/phasevar_5/0009_phA00_phB13.png,Is the green sphere farther from the camera than the yellow cube? Answer with yes or no.,Yes,Yes,22.828125,20.65625,True
Zhoues/RoboRefer-2B-SFT,obj1_farther,output/phasevar_5/0009_phA00_phB14.png,Is the green sphere farther from the camera than the yellow cube? Answer with yes or no.,Yes,Yes,22.828125,20.421875,True
Zhoues/RoboRefer-2B-SFT,obj1_farther,output/phasevar_5/0009_phA00_phB15.png,Is the green sphere farther from the camera than the yellow cube? Answer with yes or no.,Yes,Yes,22.75,20.375,True
Zhoues/RoboRefer-2B-SFT,obj1_farther,output/phasevar_5/0009_phA01_phB00.png,Is the green sphere farther from the camera than the yellow cube? Answer with yes or no.,Yes,Yes,23.0,20.5,True
Zhoues/RoboRefer-2B-SFT,obj1_farther,output/phasevar_5/0009_phA01_phB01.png,Is the green sphere farther from the camera than the yellow cube? Answer with yes or no.,Yes,Yes,22.78125,20.734375,True
Zhoues/RoboRefer-2B-SFT,obj1_farther,output/phasevar_5/0009_phA01_phB02.png,Is the green sphere farther from the camera than the yellow cube? Answer with yes or no.,Yes,Yes,22.234375,20.5,True
Zhoues/RoboRefer-2B-SFT,obj1_farther,output/phasevar_5/0009_phA01_phB03.png,Is the green sphere farther from the camera than the yellow cube? Answer with yes or no.,Yes,Yes,22.609375,20.65625,True
Zhoues/RoboRefer-2B-SFT,obj1_farther,output/phasevar_5/0009_phA01_phB04.png,Is the green sphere farther from the camera than the yellow cube? Answer with yes or no.,Yes,Yes,22.6875,20.21875,True
Zhoues/RoboRefer-2B-SFT,obj1_farther,output/phasevar_5/0009_phA01_phB05.png,Is the green sphere farther from the camera than the yellow cube? Answer with yes or no.,Yes,Yes,22.75,20.46875,True
Zhoues/RoboRefer-2B-SFT,obj1_farther,output/phasevar_5/0009_phA01_phB06.png,Is the green sphere farther from the camera than the yellow cube? Answer with yes or no.,Yes,Yes,23.0,20.3125,True
Zhoues/RoboRefer-2B-SFT,obj1_farther,output/phasevar_5/0009_phA01_phB07.png,Is the green sphere farther from the camera than the yellow cube? Answer with yes or no.,Yes,Yes,23.140625,20.109375,True
Zhoues/RoboRefer-2B-SFT,obj1_farther,output/phasevar_5/0009_phA01_phB08.png,Is the green sphere farther from the camera than the yellow cube? Answer with yes or no.,Yes,Yes,23.265625,20.359375,True
Zhoues/RoboRefer-2B-SFT,obj1_farther,output/phasevar_5/0009_phA01_phB09.png,Is the green sphere farther from the camera than the yellow cube? Answer with yes or no.,Yes,Yes,23.03125,20.359375,True
Zhoues/RoboRefer-2B-SFT,obj1_farther,output/phasevar_5/0009_phA01_phB10.png,Is the green sphere farther from the camera than the yellow cube? Answer with yes or no.,Yes,Yes,23.171875,20.375,True
Zhoues/RoboRefer-2B-SFT,obj1_farther,output/phasevar_5/0009_phA01_phB11.png,Is the green sphere farther from the camera than the yellow cube? Answer with yes or no.,Yes,Yes,22.875,20.46875,True
Zhoues/RoboRefer-2B-SFT,obj1_farther,output/phasevar_5/0009_phA01_phB12.png,Is the green sphere farther from the camera than the yellow cube? Answer with yes or no.,Yes,Yes,22.765625,20.765625,True
Zhoues/RoboRefer-2B-SFT,obj1_farther,output/phasevar_5/0009_phA01_phB13.png,Is the green sphere farther from the camera than the yellow cube? Answer with yes or no.,Yes,Yes,22.875,20.71875,True
Zhoues/RoboRefer-2B-SFT,obj1_farther,output/phasevar_5/0009_phA01_phB14.png,Is the green sphere farther from the camera than the yellow cube? Answer with yes or no.,Yes,Yes,22.890625,20.46875,True
Zhoues/RoboRefer-2B-SFT,obj1_farther,output/phasevar_5/0009_phA01_phB15.png,Is the green sphere farther from the camera than the yellow cube? Answer with yes or no.,Yes,Yes,22.75,20.40625,True
Zhoues/RoboRefer-2B-SFT,obj1_farther,output/phasevar_5/0009_phA02_phB00.png,Is the green sphere farther from the camera than the yellow cube? Answer with yes or no.,Yes,Yes,22.921875,20.46875,True
Zhoues/RoboRefer-2B-SFT,obj1_farther,output/phasevar_5/0009_phA02_phB01.png,Is the green sphere farther from the camera than the yellow cube? Answer with yes or no.,Yes,Yes,22.65625,20.625,True
Zhoues/RoboRefer-2B-SFT,obj1_farther,output/phasevar_5/0009_phA02_phB02.png,Is the green sphere farther from the camera than the yellow cube? Answer with yes or no.,Yes,Yes,22.09375,20.484375,True
Zhoues/RoboRefer-2B-SFT,obj1_farther,output/phasevar_5/0009_phA02_phB03.png,Is the green sphere farther from the camera than the yellow cube? Answer with yes or no.,Yes,Yes,22.453125,20.75,True
Zhoues/RoboRefer-2B-SFT,obj1_farther,output/phasevar_5/0009_phA02_phB04.png,Is the green sphere farther from the camera than the yellow cube? Answer with yes or no.,Yes,Yes,22.71875,20.171875,True
Zhoues/RoboRefer-2B-SFT,obj1_farther,output/phasevar_5/0009_phA02_phB05.png,Is the green sphere farther from the camera than the yellow cube? Answer with yes or no.,Yes,Yes,22.703125,20.46875,True
Zhoues/RoboRefer-2B-SFT,obj1_farther,output/phasevar_5/0009_phA02_phB06.png,Is the green sphere farther from the camera than the yellow cube? Answer with yes or no.,Yes,Yes,22.90625,20.328125,True
Zhoues/RoboRefer-2B-SFT,obj1_farther,output/phasevar_5/0009_phA02_phB07.png,Is the green sphere farther from the camera than the yellow cube? Answer with yes or no.,Yes,Yes,23.0625,20.140625,True
Zhoues/RoboRefer-2B-SFT,obj1_farther,output/phasevar_5/0009_phA02_phB08.png,Is the green sphere farther from the camera than the yellow cube? Answer with yes or no.,Yes,Yes,23.1875,20.421875,True
Zhoues/RoboRefer-2B-SFT,obj1_farther,output/phasevar_5/0009_phA02_phB09.png,Is the green sphere farther from the camera than the yellow cube? Answer with yes or no.,Yes,Yes,22.90625,20.484375,True
Zhoues/RoboRefer-2B-SFT,obj1_farther,output/phasevar_5/0009_phA02_phB10.png,Is the green sphere farther from the camera than the yellow cube? Answer with yes or no.,Yes,Yes,23.15625,20.578125,True
Zhoues/RoboRefer-2B-SFT,obj1_farther,output/phasevar_5/0009_phA02_phB11.png,Is the green sphere farther from the camera than the yellow cube? Answer with yes or no.,Yes,Yes,22.8125,20.59375,True
Zhoues/RoboRefer-2B-SFT,obj1_farther,output/phasevar_5/0009_phA02_phB12.png,Is the green sphere farther from the camera than the yellow cube? Answer with yes or no.,Yes,Yes,22.625,20.921875,True
Zhoues/RoboRefer-2B-SFT,obj1_farther,output/phasevar_5/0009_phA02_phB13.png,Is the green sphere farther from the camera than the yellow cube? Answer with yes or no.,Yes,Yes,22.875,20.796875,True
Zhoues/RoboRefer-2B-SFT,obj1_farther,output/phasevar_5/0009_phA02_phB14.png,Is the green sphere farther from the camera than the yellow cube? Answer with yes or no.,Yes,Yes,22.71875,20.46875,True
Zhoues/RoboRefer-2B-SFT,obj1_farther,output/phasevar_5/0009_phA02_phB15.png,Is the green sphere farther from the camera than the yellow cube? Answer with yes or no.,Yes,Yes,22.5625,20.46875,True
Zhoues/RoboRefer-2B-SFT,obj1_farther,output/phasevar_5/0009_phA03_phB00.png,Is the green sphere farther from the camera than the yellow cube? Answer with yes or no.,Yes,Yes,22.90625,20.484375,True
Zhoues/RoboRefer-2B-SFT,obj1_farther,output/phasevar_5/0009_phA03_phB01.png,Is the green sphere farther from the camera than the yellow cube? Answer with yes or no.,Yes,Yes,22.6875,20.625,True
Zhoues/RoboRefer-2B-SFT,obj1_farther,output/phasevar_5/0009_phA03_phB02.png,Is the green sphere farther from the camera than the yellow cube? Answer with yes or no.,Yes,Yes,22.265625,20.359375,True
Zhoues/RoboRefer-2B-SFT,obj1_farther,output/phasevar_5/0009_phA03_phB03.png,Is the green sphere farther from the camera than the yellow cube? Answer with yes or no.,Yes,Yes,22.59375,20.578125,True
Zhoues/RoboRefer-2B-SFT,obj1_farther,output/phasevar_5/0009_phA03_phB04.png,Is the green sphere farther from the camera than the yellow cube? Answer with yes or no.,Yes,Yes,22.75,20.203125,True
Zhoues/RoboRefer-2B-SFT,obj1_farther,output/phasevar_5/0009_phA03_phB05.png,Is the green sphere farther from the camera than the yellow cube? Answer with yes or no.,Yes,Yes,22.828125,20.390625,True
Zhoues/RoboRefer-2B-SFT,obj1_farther,output/phasevar_5/0009_phA03_phB06.png,Is the green sphere farther from the camera than the yellow cube? Answer with yes or no.,Yes,Yes,22.96875,20.15625,True
Zhoues/RoboRefer-2B-SFT,obj1_farther,output/phasevar_5/0009_phA03_phB07.png,Is the green sphere farther from the camera than the yellow cube? Answer with yes or no.,Yes,Yes,23.140625,20.0625,True
Zhoues/RoboRefer-2B-SFT,obj1_farther,output/phasevar_5/0009_phA03_phB08.png,Is the green sphere farther from the camera than the yellow cube? Answer with yes or no.,Yes,Yes,23.296875,20.390625,True
Zhoues/RoboRefer-2B-SFT,obj1_farther,output/phasevar_5/0009_phA03_phB09.png,Is the green sphere farther from the camera than the yellow cube? Answer with yes or no.,Yes,Yes,23.03125,20.421875,True
Zhoues/RoboRefer-2B-SFT,obj1_farther,output/phasevar_5/0009_phA03_phB10.png,Is the green sphere farther from the camera than the yellow cube? Answer with yes or no.,Yes,Yes,23.09375,20.484375,True
Zhoues/RoboRefer-2B-SFT,obj1_farther,output/phasevar_5/0009_phA03_phB11.png,Is the green sphere farther from the camera than the yellow cube? Answer with yes or no.,Yes,Yes,22.828125,20.671875,True
Zhoues/RoboRefer-2B-SFT,obj1_farther,output/phasevar_5/0009_phA03_phB12.png,Is the green sphere farther from the camera than the yellow cube? Answer with yes or no.,Yes,Yes,22.625,20.90625,True
Zhoues/RoboRefer-2B-SFT,obj1_farther,output/phasevar_5/0009_phA03_phB13.png,Is the green sphere farther from the camera than the yellow cube? Answer with yes or no.,Yes,Yes,22.828125,20.734375,True
Zhoues/RoboRefer-2B-SFT,obj1_farther,output/phasevar_5/0009_phA03_phB14.png,Is the green sphere farther from the camera than the yellow cube? Answer with yes or no.,Yes,Yes,22.78125,20.5625,True
Zhoues/RoboRefer-2B-SFT,obj1_farther,output/phasevar_5/0009_phA03_phB15.png,Is the green sphere farther from the camera than the yellow cube? Answer with yes or no.,Yes,Yes,22.703125,20.515625,True
Zhoues/RoboRefer-2B-SFT,obj1_farther,output/phasevar_5/0009_phA04_phB00.png,Is the green sphere farther from the camera than the yellow cube? Answer with yes or no.,Yes,Yes,22.984375,20.421875,True
Zhoues/RoboRefer-2B-SFT,obj1_farther,output/phasevar_5/0009_phA04_phB01.png,Is the green sphere farther from the camera than the yellow cube? Answer with yes or no.,Yes,Yes,22.734375,20.59375,True
Zhoues/RoboRefer-2B-SFT,obj1_farther,output/phasevar_5/0009_phA04_phB02.png,Is the green sphere farther from the camera than the yellow cube? Answer with yes or no.,Yes,Yes,22.28125,20.46875,True
Zhoues/RoboRefer-2B-SFT,obj1_farther,output/phasevar_5/0009_phA04_phB03.png,Is the green sphere farther from the camera than the yellow cube? Answer with yes or no.,Yes,Yes,22.59375,20.59375,True
Zhoues/RoboRefer-2B-SFT,obj1_farther,output/phasevar_5/0009_phA04_phB04.png,Is the green sphere farther from the camera than the yellow cube? Answer with yes or no.,Yes,Yes,22.796875,20.265625,True
Zhoues/RoboRefer-2B-SFT,obj1_farther,output/phasevar_5/0009_phA04_phB05.png,Is the green sphere farther from the camera than the yellow cube? Answer with yes or no.,Yes,Yes,22.859375,20.421875,True
Zhoues/RoboRefer-2B-SFT,obj1_farther,output/phasevar_5/0009_phA04_phB06.png,Is the green sphere farther from the camera than the yellow cube? Answer with yes or no.,Yes,Yes,23.015625,20.3125,True
Zhoues/RoboRefer-2B-SFT,obj1_farther,output/phasevar_5/0009_phA04_phB07.png,Is the green sphere farther from the camera than the yellow cube? Answer with yes or no.,Yes,Yes,23.140625,20.21875,True
Zhoues/RoboRefer-2B-SFT,obj1_farther,output/phasevar_5/0009_phA04_phB08.png,Is the green sphere farther from the camera than the yellow cube? Answer with yes or no.,Yes,Yes,23.234375,20.53125,True
Zhoues/RoboRefer-2B-SFT,obj1_farther,output/phasevar_5/0009_phA04_phB09.png,Is the green sphere farther from the camera than the yellow cube? Answer with yes or no.,Yes,Yes,22.953125,20.484375,True
Zhoues/RoboRefer-2B-SFT,obj1_farther,output/phasevar_5/0009_phA04_phB10.png,Is the green sphere farther from the camera than the yellow cube? Answer with yes or no.,Yes,Yes,23.21875,20.625,True
Zhoues/RoboRefer-2B-SFT,obj1_farther,output/phasevar_5/0009_phA04_phB11.png,Is the green sphere farther from the camera than the yellow cube? Answer with yes or no.,Yes,Yes,22.90625,20.703125,True
Zhoues/RoboRefer-2B-SFT,obj1_farther,output/phasevar_5/0009_phA04_phB12.png,Is the green sphere farther from the camera than the yellow cube? Answer with yes or no.,Yes,Yes,22.671875,20.921875,True
Zhoues/RoboRefer-2B-SFT,obj1_farther,output/phasevar_5/0009_phA04_phB13.png,Is the green sphere farther from the camera than the yellow cube? Answer with yes or no.,Yes,Yes,22.875,20.75,True
Zhoues/RoboRefer-2B-SFT,obj1_farther,output/phasevar_5/0009_phA04_phB14.png,Is the green sphere farther from the camera than the yellow cube? Answer with yes or no.,Yes,Yes,22.828125,20.53125,True
Zhoues/RoboRefer-2B-SFT,obj1_farther,output/phasevar_5/0009_phA04_phB15.png,Is the green sphere farther from the camera than the yellow cube? Answer with yes or no.,Yes,Yes,22.75,20.484375,True
Zhoues/RoboRefer-2B-SFT,obj1_farther,output/phasevar_5/0009_phA05_phB00.png,Is the green sphere farther from the camera than the yellow cube? Answer with yes or no.,Yes,Yes,22.859375,20.3125,True
Zhoues/RoboRefer-2B-SFT,obj1_farther,output/phasevar_5/0009_phA05_phB01.png,Is the green sphere farther from the camera than the yellow cube? Answer with yes or no.,Yes,Yes,22.546875,20.453125,True
Zhoues/RoboRefer-2B-SFT,obj1_farther,output/phasevar_5/0009_phA05_phB02.png,Is the green sphere farther from the camera than the yellow cube? Answer with yes or no.,Yes,Yes,22.140625,20.296875,True
Zhoues/RoboRefer-2B-SFT,obj1_farther,output/phasevar_5/0009_phA05_phB03.png,Is the green sphere farther from the camera than the yellow cube? Answer with yes or no.,Yes,Yes,22.59375,20.40625,True
Zhoues/RoboRefer-2B-SFT,obj1_farther,output/phasevar_5/0009_phA05_phB04.png,Is the green sphere farther from the camera than the yellow cube? Answer with yes or no.,Yes,Yes,22.59375,20.171875,True
Zhoues/RoboRefer-2B-SFT,obj1_farther,output/phasevar_5/0009_phA05_phB05.png,Is the green sphere farther from the camera than the yellow cube? Answer with yes or no.,Yes,Yes,22.671875,20.34375,True
Zhoues/RoboRefer-2B-SFT,obj1_farther,output/phasevar_5/0009_phA05_phB06.png,Is the green sphere farther from the camera than the yellow cube? Answer with yes or no.,Yes,Yes,22.84375,20.15625,True
Zhoues/RoboRefer-2B-SFT,obj1_farther,output/phasevar_5/0009_phA05_phB07.png,Is the green sphere farther from the camera than the yellow cube? Answer with yes or no.,Yes,Yes,23.03125,20.140625,True
Zhoues/RoboRefer-2B-SFT,obj1_farther,output/phasevar_5/0009_phA05_phB08.png,Is the green sphere farther from the camera than the yellow cube? Answer with yes or no.,Yes,Yes,23.109375,20.484375,True
Zhoues/RoboRefer-2B-SFT,obj1_farther,output/phasevar_5/0009_phA05_phB09.png,Is the green sphere farther from the camera than the yellow cube? Answer with yes or no.,Yes,Yes,22.765625,20.40625,True
Zhoues/RoboRefer-2B-SFT,obj1_farther,output/phasevar_5/0009_phA05_phB10.png,Is the green sphere farther from the camera than the yellow cube? Answer with yes or no.,Yes,Yes,22.96875,20.453125,True
Zhoues/RoboRefer-2B-SFT,obj1_farther,output/phasevar_5/0009_phA05_phB11.png,Is the green sphere farther from the camera than the yellow cube? Answer with yes or no.,Yes,Yes,22.640625,20.515625,True
Zhoues/RoboRefer-2B-SFT,obj1_farther,output/phasevar_5/0009_phA05_phB12.png,Is the green sphere farther from the camera than the yellow cube? Answer with yes or no.,Yes,Yes,22.375,20.65625,True
Zhoues/RoboRefer-2B-SFT,obj1_farther,output/phasevar_5/0009_phA05_phB13.png,Is the green sphere farther from the camera than the yellow cube? Answer with yes or no.,Yes,Yes,22.640625,20.5,True
Zhoues/RoboRefer-2B-SFT,obj1_farther,output/phasevar_5/0009_phA05_phB14.png,Is the green sphere farther from the camera than the yellow cube? Answer with yes or no.,Yes,Yes,22.671875,20.34375,True
Zhoues/RoboRefer-2B-SFT,obj1_farther,output/phasevar_5/0009_phA05_phB15.png,Is the green sphere farther from the camera than the yellow cube? Answer with yes or no.,Yes,Yes,22.640625,20.34375,True
Zhoues/RoboRefer-2B-SFT,obj1_farther,output/phasevar_5/0009_phA06_phB00.png,Is the green sphere farther from the camera than the yellow cube? Answer with yes or no.,Yes,Yes,22.703125,20.03125,True
Zhoues/RoboRefer-2B-SFT,obj1_farther,output/phasevar_5/0009_phA06_phB01.png,Is the green sphere farther from the camera than the yellow cube? Answer with yes or no.,Yes,Yes,22.5,20.265625,True
Zhoues/RoboRefer-2B-SFT,obj1_farther,output/phasevar_5/0009_phA06_phB02.png,Is the green sphere farther from the camera than the yellow cube? Answer with yes or no.,Yes,Yes,22.078125,20.171875,True
Zhoues/RoboRefer-2B-SFT,obj1_farther,output/phasevar_5/0009_phA06_phB03.png,Is the green sphere farther from the camera than the yellow cube? Answer with yes or no.,Yes,Yes,22.375,20.21875,True
Zhoues/RoboRefer-2B-SFT,obj1_farther,output/phasevar_5/0009_phA06_phB04.png,Is the green sphere farther from the camera than the yellow cube? Answer with yes or no.,Yes,Yes,22.390625,19.96875,True
Zhoues/RoboRefer-2B-SFT,obj1_farther,output/phasevar_5/0009_phA06_phB05.png,Is the green sphere farther from the camera than the yellow cube? Answer with yes or no.,Yes,Yes,22.484375,20.296875,True
Zhoues/RoboRefer-2B-SFT,obj1_farther,output/phasevar_5/0009_phA06_phB06.png,Is the green sphere farther from the camera than the yellow cube? Answer with yes or no.,Yes,Yes,22.734375,20.046875,True
Zhoues/RoboRefer-2B-SFT,obj1_farther,output/phasevar_5/0009_phA06_phB07.png,Is the green sphere farther from the camera than the yellow cube? Answer with yes or no.,Yes,Yes,22.953125,20.0,True
Zhoues/RoboRefer-2B-SFT,obj1_farther,output/phasevar_5/0009_phA06_phB08.png,Is the green sphere farther from the camera than the yellow cube? Answer with yes or no.,Yes,Yes,22.984375,20.453125,True
Zhoues/RoboRefer-2B-SFT,obj1_farther,output/phasevar_5/0009_phA06_phB09.png,Is the green sphere farther from the camera than the yellow cube? Answer with yes or no.,Yes,Yes,22.65625,20.296875,True
Zhoues/RoboRefer-2B-SFT,obj1_farther,output/phasevar_5/0009_phA06_phB10.png,Is the green sphere farther from the camera than the yellow cube? Answer with yes or no.,Yes,Yes,22.890625,20.421875,True
Zhoues/RoboRefer-2B-SFT,obj1_farther,output/phasevar_5/0009_phA06_phB11.png,Is the green sphere farther from the camera than the yellow cube? Answer with yes or no.,Yes,Yes,22.546875,20.46875,True
Zhoues/RoboRefer-2B-SFT,obj1_farther,output/phasevar_5/0009_phA06_phB12.png,Is the green sphere farther from the camera than the yellow cube? Answer with yes or no.,Yes,Yes,22.28125,20.546875,True
Zhoues/RoboRefer-2B-SFT,obj1_farther,output/phasevar_5/0009_phA06_phB13.png,Is the green sphere farther from the camera than the yellow cube? Answer with yes or no.,Yes,Yes,22.515625,20.453125,True
Zhoues/RoboRefer-2B-SFT,obj1_farther,output/phasevar_5/0009_phA06_phB14.png,Is the green sphere farther from the camera than the yellow cube? Answer with yes or no.,Yes,Yes,22.609375,20.125,True
Zhoues/RoboRefer-2B-SFT,obj1_farther,output/phasevar_5/0009_phA06_phB15.png,Is the green sphere farther from the camera than the yellow cube? Answer with yes or no.,Yes,Yes,22.53125,20.109375,True
Zhoues/RoboRefer-2B-SFT,obj1_farther,output/phasevar_5/0009_phA07_phB00.png,Is the green sphere farther from the camera than the yellow cube? Answer with yes or no.,Yes,Yes,22.890625,19.96875,True
Zhoues/RoboRefer-2B-SFT,obj1_farther,output/phasevar_5/0009_phA07_phB01.png,Is the green sphere farther from the camera than the yellow cube? Answer with yes or no.,Yes,Yes,22.671875,20.28125,True
Zhoues/RoboRefer-2B-SFT,obj1_farther,output/phasevar_5/0009_phA07_phB02.png,Is the green sphere farther from the camera than the yellow cube? Answer with yes or no.,Yes,Yes,22.203125,20.234375,True
Zhoues/RoboRefer-2B-SFT,obj1_farther,output/phasevar_5/0009_phA07_phB03.png,Is the green sphere farther from the camera than the yellow cube? Answer with yes or no.,Yes,Yes,22.53125,20.296875,True
Zhoues/RoboRefer-2B-SFT,obj1_farther,output/phasevar_5/0009_phA07_phB04.png,Is the green sphere farther from the camera than the yellow cube? Answer with yes or no.,Yes,Yes,22.484375,20.03125,True
Zhoues/RoboRefer-2B-SFT,obj1_farther,output/phasevar_5/0009_phA07_phB05.png,Is the green sphere farther from the camera than the yellow cube? Answer with yes or no.,Yes,Yes,22.625,20.25,True
Zhoues/RoboRefer-2B-SFT,obj1_farther,output/phasevar_5/0009_phA07_phB06.png,Is the green sphere farther from the camera than the yellow cube? Answer with yes or no.,Yes,Yes,22.796875,19.921875,True
Zhoues/RoboRefer-2B-SFT,obj1_farther,output/phasevar_5/0009_phA07_phB07.png,Is the green sphere farther from the camera than the yellow cube? Answer with yes or no.,Yes,Yes,23.0625,19.90625,True
Zhoues/RoboRefer-2B-SFT,obj1_farther,output/phasevar_5/0009_phA07_phB08.png,Is the green sphere farther from the camera than the yellow cube? Answer with yes or no.,Yes,Yes,23.140625,20.171875,True
Zhoues/RoboRefer-2B-SFT,obj1_farther,output/phasevar_5/0009_phA07_phB09.png,Is the green sphere farther from the camera than the yellow cube? Answer with yes or no.,Yes,Yes,22.890625,20.203125,True
Zhoues/RoboRefer-2B-SFT,obj1_farther,output/phasevar_5/0009_phA07_phB10.png,Is the green sphere farther from the camera than the yellow cube? Answer with yes or no.,Yes,Yes,22.96875,20.203125,True
Zhoues/RoboRefer-2B-SFT,obj1_farther,output/phasevar_5/0009_phA07_phB11.png,Is the green sphere farther from the camera than the yellow cube? Answer with yes or no.,Yes,Yes,22.609375,20.25,True
Zhoues/RoboRefer-2B-SFT,obj1_farther,output/phasevar_5/0009_phA07_phB12.png,Is the green sphere farther from the camera than the yellow cube? Answer with yes or no.,Yes,Yes,22.453125,20.453125,True
Zhoues/RoboRefer-2B-SFT,obj1_farther,output/phasevar_5/0009_phA07_phB13.png,Is the green sphere farther from the camera than the yellow cube? Answer with yes or no.,Yes,Yes,22.625,20.328125,True
Zhoues/RoboRefer-2B-SFT,obj1_farther,output/phasevar_5/0009_phA07_phB14.png,Is the green sphere farther from the camera than the yellow cube? Answer with yes or no.,Yes,Yes,22.71875,20.046875,True
Zhoues/RoboRefer-2B-SFT,obj1_farther,output/phasevar_5/0009_phA07_phB15.png,Is the green sphere farther from the camera than the yellow cube? Answer with yes or no.,Yes,Yes,22.84375,20.03125,True
Zhoues/RoboRefer-2B-SFT,obj1_farther,output/phasevar_5/0009_phA08_phB00.png,Is the green sphere farther from the camera than the yellow cube? Answer with yes or no.,Yes,Yes,22.859375,19.984375,True
Zhoues/RoboRefer-2B-SFT,obj1_farther,output/phasevar_5/0009_phA08_phB01.png,Is the green sphere farther from the camera than the yellow cube? Answer with yes or no.,Yes,Yes,22.703125,20.375,True
Zhoues/RoboRefer-2B-SFT,obj1_farther,output/phasevar_5/0009_phA08_phB02.png,Is the green sphere farther from the camera than the yellow cube? Answer with yes or no.,Yes,Yes,22.125,20.234375,True
Zhoues/RoboRefer-2B-SFT,obj1_farther,output/phasevar_5/0009_phA08_phB03.png,Is the green sphere farther from the camera than the yellow cube? Answer with yes or no.,Yes,Yes,22.53125,20.34375,True
Zhoues/RoboRefer-2B-SFT,obj1_farther,output/phasevar_5/0009_phA08_phB04.png,Is the green sphere farther from the camera than the yellow cube? Answer with yes or no.,Yes,Yes,22.5,20.0625,True
Zhoues/RoboRefer-2B-SFT,obj1_farther,output/phasevar_5/0009_phA08_phB05.png,Is the green sphere farther from the camera than the yellow cube? Answer with yes or no.,Yes,Yes,22.640625,20.3125,True
Zhoues/RoboRefer-2B-SFT,obj1_farther,output/phasevar_5/0009_phA08_phB06.png,Is the green sphere farther from the camera than the yellow cube? Answer with yes or no.,Yes,Yes,22.796875,20.0625,True
Zhoues/RoboRefer-2B-SFT,obj1_farther,output/phasevar_5/0009_phA08_phB07.png,Is the green sphere farther from the camera than the yellow cube? Answer with yes or no.,Yes,Yes,23.109375,20.046875,True
Zhoues/RoboRefer-2B-SFT,obj1_farther,output/phasevar_5/0009_phA08_phB08.png,Is the green sphere farther from the camera than the yellow cube? Answer with yes or no.,Yes,Yes,23.109375,20.1875,True
Zhoues/RoboRefer-2B-SFT,obj1_farther,output/phasevar_5/0009_phA08_phB09.png,Is the green sphere farther from the camera than the yellow cube? Answer with yes or no.,Yes,Yes,22.859375,20.265625,True
Zhoues/RoboRefer-2B-SFT,obj1_farther,output/phasevar_5/0009_phA08_phB10.png,Is the green sphere farther from the camera than the yellow cube? Answer with yes or no.,Yes,Yes,22.984375,20.296875,True
Zhoues/RoboRefer-2B-SFT,obj1_farther,output/phasevar_5/0009_phA08_phB11.png,Is the green sphere farther from the camera than the yellow cube? Answer with yes or no.,Yes,Yes,22.6875,20.375,True
Zhoues/RoboRefer-2B-SFT,obj1_farther,output/phasevar_5/0009_phA08_phB12.png,Is the green sphere farther from the camera than the yellow cube? Answer with yes or no.,Yes,Yes,22.484375,20.46875,True
Zhoues/RoboRefer-2B-SFT,obj1_farther,output/phasevar_5/0009_phA08_phB13.png,Is the green sphere farther from the camera than the yellow cube? Answer with yes or no.,Yes,Yes,22.65625,20.375,True
Zhoues/RoboRefer-2B-SFT,obj1_farther,output/phasevar_5/0009_phA08_phB14.png,Is the green sphere farther from the camera than the yellow cube? Answer with yes or no.,Yes,Yes,22.765625,20.15625,True
Zhoues/RoboRefer-2B-SFT,obj1_farther,output/phasevar_5/0009_phA08_phB15.png,Is the green sphere farther from the camera than the yellow cube? Answer with yes or no.,Yes,Yes,22.84375,20.046875,True
Zhoues/RoboRefer-2B-SFT,obj1_farther,output/phasevar_5/0009_phA09_phB00.png,Is the green sphere farther from the camera than the yellow cube? Answer with yes or no.,Yes,Yes,22.796875,19.84375,True
Zhoues/RoboRefer-2B-SFT,obj1_farther,output/phasevar_5/0009_phA09_phB01.png,Is the green sphere farther from the camera than the yellow cube? Answer with yes or no.,Yes,Yes,22.5625,20.28125,True
Zhoues/RoboRefer-2B-SFT,obj1_farther,output/phasevar_5/0009_phA09_phB02.png,Is the green sphere farther from the camera than the yellow cube? Answer with yes or no.,Yes,Yes,22.03125,20.203125,True
Zhoues/RoboRefer-2B-SFT,obj1_farther,output/phasevar_5/0009_phA09_phB03.png,Is the green sphere farther from the camera than the yellow cube? Answer with yes or no.,Yes,Yes,22.40625,20.21875,True
Zhoues/RoboRefer-2B-SFT,obj1_farther,output/phasevar_5/0009_phA09_phB04.png,Is the green sphere farther from the camera than the yellow cube? Answer with yes or no.,Yes,Yes,22.390625,19.984375,True
Zhoues/RoboRefer-2B-SFT,obj1_farther,output/phasevar_5/0009_phA09_phB05.png,Is the green sphere farther from the camera than the yellow cube? Answer with yes or no.,Yes,Yes,22.546875,20.25,True
Zhoues/RoboRefer-2B-SFT,obj1_farther,output/phasevar_5/0009_phA09_phB06.png,Is the green sphere farther from the camera than the yellow cube? Answer with yes or no.,Yes,Yes,22.6875,20.0,True
Zhoues/RoboRefer-2B-SFT,obj1_farther,output/phasevar_5/0009_phA09_phB07.png,Is the green sphere farther from the camera than the yellow cube? Answer with yes or no.,Yes,Yes,22.953125,20.046875,True
Zhoues/RoboRefer-2B-SFT,obj1_farther,output/phasevar_5/0009_phA09_phB08.png,Is the green sphere farther from the camera than the yellow cube? Answer with yes or no.,Yes,Yes,23.109375,20.046875,True
Zhoues/RoboRefer-2B-SFT,obj1_farther,output/phasevar_5/0009_phA09_phB09.png,Is the green sphere farther from the camera than the yellow cube? Answer with yes or no.,Yes,Yes,22.84375,20.125,True
Zhoues/RoboRefer-2B-SFT,obj1_farther,output/phasevar_5/0009_phA09_phB10.png,Is the green sphere farther from the camera than the yellow cube? Answer with yes or no.,Yes,Yes,22.859375,20.203125,True
Zhoues/RoboRefer-2B-SFT,obj1_farther,output/phasevar_5/0009_phA09_phB11.png,Is the green sphere farther from the camera than the yellow cube? Answer with yes or no.,Yes,Yes,22.609375,20.21875,True
Zhoues/RoboRefer-2B-SFT,obj1_farther,output/phasevar_5/0009_phA09_phB12.png,Is the green sphere farther from the camera than the yellow cube? Answer with yes or no.,Yes,Yes,22.421875,20.328125,True
Zhoues/RoboRefer-2B-SFT,obj1_farther,output/phasevar_5/0009_phA09_phB13.png,Is the green sphere farther from the camera than the yellow cube? Answer with yes or no.,Yes,Yes,22.625,20.15625,True
Zhoues/RoboRefer-2B-SFT,obj1_farther,output/phasevar_5/0009_phA09_phB14.png,Is the green sphere farther from the camera than the yellow cube? Answer with yes or no.,Yes,Yes,22.78125,20.015625,True
Zhoues/RoboRefer-2B-SFT,obj1_farther,output/phasevar_5/0009_phA09_phB15.png,Is the green sphere farther from the camera than the yellow cube? Answer with yes or no.,Yes,Yes,22.8125,19.921875,True
Zhoues/RoboRefer-2B-SFT,obj1_farther,output/phasevar_5/0009_phA10_phB00.png,Is the green sphere farther from the camera than the yellow cube? Answer with yes or no.,Yes,Yes,22.703125,19.90625,True
Zhoues/RoboRefer-2B-SFT,obj1_farther,output/phasevar_5/0009_phA10_phB01.png,Is the green sphere farther from the camera than the yellow cube? Answer with yes or no.,Yes,Yes,22.40625,20.34375,True
Zhoues/RoboRefer-2B-SFT,obj1_farther,output/phasevar_5/0009_phA10_phB02.png,Is the green sphere farther from the camera than the yellow cube? Answer with yes or no.,Yes,Yes,21.828125,20.21875,True
Zhoues/RoboRefer-2B-SFT,obj1_farther,output/phasevar_5/0009_phA10_phB03.png,Is the green sphere farther from the camera than the yellow cube? Answer with yes or no.,Yes,Yes,22.328125,20.21875,True
Zhoues/RoboRefer-2B-SFT,obj1_farther,output/phasevar_5/0009_phA10_phB04.png,Is the green sphere farther from the camera than the yellow cube? Answer with yes or no.,Yes,Yes,22.375,19.953125,True
Zhoues/RoboRefer-2B-SFT,obj1_farther,output/phasevar_5/0009_phA10_phB05.png,Is the green sphere farther from the camera than the yellow cube? Answer with yes or no.,Yes,Yes,22.546875,20.203125,True
Zhoues/RoboRefer-2B-SFT,obj1_farther,output/phasevar_5/0009_phA10_phB06.png,Is the green sphere farther from the camera than the yellow cube? Answer with yes or no.,Yes,Yes,22.671875,20.25,True
Zhoues/RoboRefer-2B-SFT,obj1_farther,output/phasevar_5/0009_phA10_phB07.png,Is the green sphere farther from the camera than the yellow cube? Answer with yes or no.,Yes,Yes,22.90625,20.21875,True
Zhoues/RoboRefer-2B-SFT,obj1_farther,output/phasevar_5/0009_phA10_phB08.png,Is the green sphere farther from the camera than the yellow cube? Answer with yes or no.,Yes,Yes,23.109375,20.234375,True
Zhoues/RoboRefer-2B-SFT,obj1_farther,output/phasevar_5/0009_phA10_phB09.png,Is the green sphere farther from the camera than the yellow cube? Answer with yes or no.,Yes,Yes,22.84375,20.171875,True
Zhoues/RoboRefer-2B-SFT,obj1_farther,output/phasevar_5/0009_phA10_phB10.png,Is the green sphere farther from the camera than the yellow cube? Answer with yes or no.,Yes,Yes,22.96875,20.328125,True
Zhoues/RoboRefer-2B-SFT,obj1_farther,output/phasevar_5/0009_phA10_phB11.png,Is the green sphere farther from the camera than the yellow cube? Answer with yes or no.,Yes,Yes,22.859375,20.265625,True
Zhoues/RoboRefer-2B-SFT,obj1_farther,output/phasevar_5/0009_phA10_phB12.png,Is the green sphere farther from the camera than the yellow cube? Answer with yes or no.,Yes,Yes,22.640625,20.359375,True
Zhoues/RoboRefer-2B-SFT,obj1_farther,output/phasevar_5/0009_phA10_phB13.png,Is the green sphere farther from the camera than the yellow cube? Answer with yes or no.,Yes,Yes,22.765625,20.328125,True
Zhoues/RoboRefer-2B-SFT,obj1_farther,output/phasevar_5/0009_phA10_phB14.png,Is the green sphere farther from the camera than the yellow cube? Answer with yes or no.,Yes,Yes,22.8125,20.015625,True
Zhoues/RoboRefer-2B-SFT,obj1_farther,output/phasevar_5/0009_phA10_phB15.png,Is the green sphere farther from the camera than the yellow cube? Answer with yes or no.,Yes,Yes,22.5625,19.9375,True
Zhoues/RoboRefer-2B-SFT,obj1_farther,output/phasevar_5/0009_phA11_phB00.png,Is the green sphere farther from the camera than the yellow cube? Answer with yes or no.,Yes,Yes,22.65625,20.09375,True
Zhoues/RoboRefer-2B-SFT,obj1_farther,output/phasevar_5/0009_phA11_phB01.png,Is the green sphere farther from the camera than the yellow cube? Answer with yes or no.,Yes,Yes,22.296875,20.484375,True
Zhoues/RoboRefer-2B-SFT,obj1_farther,output/phasevar_5/0009_phA11_phB02.png,Is the green sphere farther from the camera than the yellow cube? Answer with yes or no.,Yes,Yes,21.84375,20.375,True
Zhoues/RoboRefer-2B-SFT,obj1_farther,output/phasevar_5/0009_phA11_phB03.png,Is the green sphere farther from the camera than the yellow cube? Answer with yes or no.,Yes,Yes,22.421875,20.453125,True
Zhoues/RoboRefer-2B-SFT,obj1_farther,output/phasevar_5/0009_phA11_phB04.png,Is the green sphere farther from the camera than the yellow cube? Answer with yes or no.,Yes,Yes,22.484375,20.171875,True
Zhoues/RoboRefer-2B-SFT,obj1_farther,output/phasevar_5/0009_phA11_phB05.png,Is the green sphere farther from the camera than the yellow cube? Answer with yes or no.,Yes,Yes,22.53125,20.375,True
Zhoues/RoboRefer-2B-SFT,obj1_farther,output/phasevar_5/0009_phA11_phB06.png,Is the green sphere farther from the camera than the yellow cube? Answer with yes or no.,Yes,Yes,22.640625,20.375,True
Zhoues/RoboRefer-2B-SFT,obj1_farther,output/phasevar_5/0009_phA11_phB07.png,Is the green sphere farther from the camera than the yellow cube? Answer with yes or no.,Yes,Yes,22.84375,20.28125,True
Zhoues/RoboRefer-2B-SFT,obj1_farther,output/phasevar_5/0009_phA11_phB08.png,Is the green sphere farther from the camera than the yellow cube? Answer with yes or no.,Yes,Yes,23.046875,20.296875,True
Zhoues/RoboRefer-2B-SFT,obj1_farther,output/phasevar_5/0009_phA11_phB09.png,Is the green sphere farther from the camera than the yellow cube? Answer with yes or no.,Yes,Yes,22.71875,20.28125,True
Zhoues/RoboRefer-2B-SFT,obj1_farther,output/phasevar_5/0009_phA11_phB10.png,Is the green sphere farther from the camera than the yellow cube? Answer with yes or no.,Yes,Yes,22.921875,20.34375,True
Zhoues/RoboRefer-2B-SFT,obj1_farther,output/phasevar_5/0009_phA11_phB11.png,Is the green sphere farther from the camera than the yellow cube? Answer with yes or no.,Yes,Yes,22.890625,20.359375,True
Zhoues/RoboRefer-2B-SFT,obj1_farther,output/phasevar_5/0009_phA11_phB12.png,Is the green sphere farther from the camera than the yellow cube? Answer with yes or no.,Yes,Yes,22.75,20.40625,True
Zhoues/RoboRefer-2B-SFT,obj1_farther,output/phasevar_5/0009_phA11_phB13.png,Is the green sphere farther from the camera than the yellow cube? Answer with yes or no.,Yes,Yes,22.78125,20.4375,True
Zhoues/RoboRefer-2B-SFT,obj1_farther,output/phasevar_5/0009_phA11_phB14.png,Is the green sphere farther from the camera than the yellow cube? Answer with yes or no.,Yes,Yes,22.765625,20.296875,True
Zhoues/RoboRefer-2B-SFT,obj1_farther,output/phasevar_5/0009_phA11_phB15.png,Is the green sphere farther from the camera than the yellow cube? Answer with yes or no.,Yes,Yes,22.515625,20.109375,True
Zhoues/RoboRefer-2B-SFT,obj1_farther,output/phasevar_5/0009_phA12_phB00.png,Is the green sphere farther from the camera than the yellow cube? Answer with yes or no.,Yes,Yes,22.671875,20.28125,True
Zhoues/RoboRefer-2B-SFT,obj1_farther,output/phasevar_5/0009_phA12_phB01.png,Is the green sphere farther from the camera than the yellow cube? Answer with yes or no.,Yes,Yes,22.265625,20.59375,True
Zhoues/RoboRefer-2B-SFT,obj1_farther,output/phasevar_5/0009_phA12_phB02.png,Is the green sphere farther from the camera than the yellow cube? Answer with yes or no.,Yes,Yes,21.765625,20.375,True
Zhoues/RoboRefer-2B-SFT,obj1_farther,output/phasevar_5/0009_phA12_phB03.png,Is the green sphere farther from the camera than the yellow cube? Answer with yes or no.,Yes,Yes,22.265625,20.5,True
Zhoues/RoboRefer-2B-SFT,obj1_farther,output/phasevar_5/0009_phA12_phB04.png,Is the green sphere farther from the camera than the yellow cube? Answer with yes or no.,Yes,Yes,22.40625,20.28125,True
Zhoues/RoboRefer-2B-SFT,obj1_farther,output/phasevar_5/0009_phA12_phB05.png,Is the green sphere farther from the camera than the yellow cube? Answer with yes or no.,Yes,Yes,22.484375,20.375,True
Zhoues/RoboRefer-2B-SFT,obj1_farther,output/phasevar_5/0009_phA12_phB06.png,Is the green sphere farther from the camera than the yellow cube? Answer with yes or no.,Yes,Yes,22.609375,20.375,True
Zhoues/RoboRefer-2B-SFT,obj1_farther,output/phasevar_5/0009_phA12_phB07.png,Is the green sphere farther from the camera than the yellow cube? Answer with yes or no.,Yes,Yes,22.796875,20.28125,True
Zhoues/RoboRefer-2B-SFT,obj1_farther,output/phasevar_5/0009_phA12_phB08.png,Is the green sphere farther from the camera than the yellow cube? Answer with yes or no.,Yes,Yes,23.015625,20.3125,True
Zhoues/RoboRefer-2B-SFT,obj1_farther,output/phasevar_5/0009_phA12_phB09.png,Is the green sphere farther from the camera than the yellow cube? Answer with yes or no.,Yes,Yes,22.671875,20.3125,True
Zhoues/RoboRefer-2B-SFT,obj1_farther,output/phasevar_5/0009_phA12_phB10.png,Is the green sphere farther from the camera than the yellow cube? Answer with yes or no.,Yes,Yes,22.921875,20.390625,True
Zhoues/RoboRefer-2B-SFT,obj1_farther,output/phasevar_5/0009_phA12_phB11.png,Is the green sphere farther from the camera than the yellow cube? Answer with yes or no.,Yes,Yes,22.84375,20.390625,True
Zhoues/RoboRefer-2B-SFT,obj1_farther,output/phasevar_5/0009_phA12_phB12.png,Is the green sphere farther from the camera than the yellow cube? Answer with yes or no.,Yes,Yes,22.703125,20.578125,True
Zhoues/RoboRefer-2B-SFT,obj1_farther,output/phasevar_5/0009_phA12_phB13.png,Is the green sphere farther from the camera than the yellow cube? Answer with yes or no.,Yes,Yes,22.75,20.515625,True
Zhoues/RoboRefer-2B-SFT,obj1_farther,output/phasevar_5/0009_phA12_phB14.png,Is the green sphere farther from the camera than the yellow cube? Answer with yes or no.,Yes,Yes,22.640625,20.390625,True
Zhoues/RoboRefer-2B-SFT,obj1_farther,output/phasevar_5/0009_phA12_phB15.png,Is the green sphere farther from the camera than the yellow cube? Answer with yes or no.,Yes,Yes,22.515625,20.234375,True
Zhoues/RoboRefer-2B-SFT,obj1_farther,output/phasevar_5/0009_phA13_phB00.png,Is the green sphere farther from the camera than the yellow cube? Answer with yes or no.,Yes,Yes,22.65625,20.28125,True
Zhoues/RoboRefer-2B-SFT,obj1_farther,output/phasevar_5/0009_phA13_phB01.png,Is the green sphere farther from the camera than the yellow cube? Answer with yes or no.,Yes,Yes,22.171875,20.609375,True
Zhoues/RoboRefer-2B-SFT,obj1_farther,output/phasevar_5/0009_phA13_phB02.png,Is the green sphere farther from the camera than the yellow cube? Answer with yes or no.,Yes,Yes,21.75,20.390625,True
Zhoues/RoboRefer-2B-SFT,obj1_farther,output/phasevar_5/0009_phA13_phB03.png,Is the green sphere farther from the camera than the yellow cube? Answer with yes or no.,Yes,Yes,22.265625,20.4375,True
Zhoues/RoboRefer-2B-SFT,obj1_farther,output/phasevar_5/0009_phA13_phB04.png,Is the green sphere farther from the camera than the yellow cube? Answer with yes or no.,Yes,Yes,22.390625,20.1875,True
Zhoues/RoboRefer-2B-SFT,obj1_farther,output/phasevar_5/0009_phA13_phB05.png,Is the green sphere farther from the camera than the yellow cube? Answer with yes or no.,Yes,Yes,22.5,20.328125,True
Zhoues/RoboRefer-2B-SFT,obj1_farther,output/phasevar_5/0009_phA13_phB06.png,Is the green sphere farther from the camera than the yellow cube? Answer with yes or no.,Yes,Yes,22.734375,20.28125,True
Zhoues/RoboRefer-2B-SFT,obj1_farther,output/phasevar_5/0009_phA13_phB07.png,Is the green sphere farther from the camera than the yellow cube? Answer with yes or no.,Yes,Yes,22.9375,20.140625,True
Zhoues/RoboRefer-2B-SFT,obj1_farther,output/phasevar_5/0009_phA13_phB08.png,Is the green sphere farther from the camera than the yellow cube? Answer with yes or no.,Yes,Yes,23.078125,20.125,True
Zhoues/RoboRefer-2B-SFT,obj1_farther,output/phasevar_5/0009_phA13_phB09.png,Is the green sphere farther from the camera than the yellow cube? Answer with yes or no.,Yes,Yes,22.796875,20.265625,True
Zhoues/RoboRefer-2B-SFT,obj1_farther,output/phasevar_5/0009_phA13_phB10.png,Is the green sphere farther from the camera than the yellow cube? Answer with yes or no.,Yes,Yes,23.015625,20.3125,True
Zhoues/RoboRefer-2B-SFT,obj1_farther,output/phasevar_5/0009_phA13_phB11.png,Is the green sphere farther from the camera than the yellow cube? Answer with yes or no.,Yes,Yes,22.875,20.359375,True
Zhoues/RoboRefer-2B-SFT,obj1_farther,output/phasevar_5/0009_phA13_phB12.png,Is the green sphere farther from the camera than the yellow cube? Answer with yes or no.,Yes,Yes,22.765625,20.546875,True
Zhoues/RoboRefer-2B-SFT,obj1_farther,output/phasevar_5/0009_phA13_phB13.png,Is the green sphere farther from the camera than the yellow cube? Answer with yes or no.,Yes,Yes,22.953125,20.53125,True
Zhoues/RoboRefer-2B-SFT,obj1_farther,output/phasevar_5/0009_phA13_phB14.png,Is the green sphere farther from the camera than the yellow cube? Answer with yes or no.,Yes,Yes,22.734375,20.40625,True
Zhoues/RoboRefer-2B-SFT,obj1_farther,output/phasevar_5/0009_phA13_phB15.png,Is the green sphere farther from the camera than the yellow cube? Answer with yes or no.,Yes,Yes,22.546875,20.296875,True
Zhoues/RoboRefer-2B-SFT,obj1_farther,output/phasevar_5/0009_phA14_phB00.png,Is the green sphere farther from the camera than the yellow cube? Answer with yes or no.,Yes,Yes,22.703125,20.453125,True
Zhoues/RoboRefer-2B-SFT,obj1_farther,output/phasevar_5/0009_phA14_phB01.png,Is the green sphere farther from the camera than the yellow cube? Answer with yes or no.,Yes,Yes,22.234375,20.6875,True
Zhoues/RoboRefer-2B-SFT,obj1_farther,output/phasevar_5/0009_phA14_phB02.png,Is the green sphere farther from the camera than the yellow cube? Answer with yes or no.,Yes,Yes,21.96875,20.484375,True
Zhoues/RoboRefer-2B-SFT,obj1_farther,output/phasevar_5/0009_phA14_phB03.png,Is the green sphere farther from the camera than the yellow cube? Answer with yes or no.,Yes,Yes,22.25,20.515625,True
Zhoues/RoboRefer-2B-SFT,obj1_farther,output/phasevar_5/0009_phA14_phB04.png,Is the green sphere farther from the camera than the yellow cube? Answer with yes or no.,Yes,Yes,22.453125,20.21875,True
Zhoues/RoboRefer-2B-SFT,obj1_farther,output/phasevar_5/0009_phA14_phB05.png,Is the green sphere farther from the camera than the yellow cube? Answer with yes or no.,Yes,Yes,22.53125,20.46875,True
Zhoues/RoboRefer-2B-SFT,obj1_farther,output/phasevar_5/0009_phA14_phB06.png,Is the green sphere farther from the camera than the yellow cube? Answer with yes or no.,Yes,Yes,22.78125,20.46875,True
Zhoues/RoboRefer-2B-SFT,obj1_farther,output/phasevar_5/0009_phA14_phB07.png,Is the green sphere farther from the camera than the yellow cube? Answer with yes or no.,Yes,Yes,22.90625,20.25,True
Zhoues/RoboRefer-2B-SFT,obj1_farther,output/phasevar_5/0009_phA14_phB08.png,Is the green sphere farther from the camera than the yellow cube? Answer with yes or no.,Yes,Yes,23.046875,20.3125,True
Zhoues/RoboRefer-2B-SFT,obj1_farther,output/phasevar_5/0009_phA14_phB09.png,Is the green sphere farther from the camera than the yellow cube? Answer with yes or no.,Yes,Yes,22.765625,20.359375,True
Zhoues/RoboRefer-2B-SFT,obj1_farther,output/phasevar_5/0009_phA14_phB10.png,Is the green sphere farther from the camera than the yellow cube? Answer with yes or no.,Yes,Yes,23.0625,20.34375,True
Zhoues/RoboRefer-2B-SFT,obj1_farther,output/phasevar_5/0009_phA14_phB11.png,Is the green sphere farther from the camera than the yellow cube? Answer with yes or no.,Yes,Yes,22.875,20.265625,True
Zhoues/RoboRefer-2B-SFT,obj1_farther,output/phasevar_5/0009_phA14_phB12.png,Is the green sphere farther from the camera than the yellow cube? Answer with yes or no.,Yes,Yes,22.828125,20.5,True
Zhoues/RoboRefer-2B-SFT,obj1_farther,output/phasevar_5/0009_phA14_phB13.png,Is the green sphere farther from the camera than the yellow cube? Answer with yes or no.,Yes,Yes,22.90625,20.609375,True
Zhoues/RoboRefer-2B-SFT,obj1_farther,output/phasevar_5/0009_phA14_phB14.png,Is the green sphere farther from the camera than the yellow cube? Answer with yes or no.,Yes,Yes,22.828125,20.375,True
Zhoues/RoboRefer-2B-SFT,obj1_farther,output/phasevar_5/0009_phA14_phB15.png,Is the green sphere farther from the camera than the yellow cube? Answer with yes or no.,Yes,Yes,22.625,20.328125,True
Zhoues/RoboRefer-2B-SFT,obj1_farther,output/phasevar_5/0009_phA15_phB00.png,Is the green sphere farther from the camera than the yellow cube? Answer with yes or no.,Yes,Yes,22.75,20.34375,True
Zhoues/RoboRefer-2B-SFT,obj1_farther,output/phasevar_5/0009_phA15_phB01.png,Is the green sphere farther from the camera than the yellow cube? Answer with yes or no.,Yes,Yes,22.453125,20.609375,True
Zhoues/RoboRefer-2B-SFT,obj1_farther,output/phasevar_5/0009_phA15_phB02.png,Is the green sphere farther from the camera than the yellow cube? Answer with yes or no.,Yes,Yes,21.9375,20.421875,True
Zhoues/RoboRefer-2B-SFT,obj1_farther,output/phasevar_5/0009_phA15_phB03.png,Is the green sphere farther from the camera than the yellow cube? Answer with yes or no.,Yes,Yes,22.296875,20.53125,True
Zhoues/RoboRefer-2B-SFT,obj1_farther,output/phasevar_5/0009_phA15_phB04.png,Is the green sphere farther from the camera than the yellow cube? Answer with yes or no.,Yes,Yes,22.484375,20.21875,True
Zhoues/RoboRefer-2B-SFT,obj1_farther,output/phasevar_5/0009_phA15_phB05.png,Is the green sphere farther from the camera than the yellow cube? Answer with yes or no.,Yes,Yes,22.640625,20.46875,True
Zhoues/RoboRefer-2B-SFT,obj1_farther,output/phasevar_5/0009_phA15_phB06.png,Is the green sphere farther from the camera than the yellow cube? Answer with yes or no.,Yes,Yes,22.796875,20.359375,True
Zhoues/RoboRefer-2B-SFT,obj1_farther,output/phasevar_5/0009_phA15_phB07.png,Is the green sphere farther from the camera than the yellow cube? Answer with yes or no.,Yes,Yes,23.015625,20.234375,True
Zhoues/RoboRefer-2B-SFT,obj1_farther,output/phasevar_5/0009_phA15_phB08.png,Is the green sphere farther from the camera than the yellow cube? Answer with yes or no.,Yes,Yes,23.171875,20.359375,True
Zhoues/RoboRefer-2B-SFT,obj1_farther,output/phasevar_5/0009_phA15_phB09.png,Is the green sphere farther from the camera than the yellow cube? Answer with yes or no.,Yes,Yes,22.875,20.25,True
Zhoues/RoboRefer-2B-SFT,obj1_farther,output/phasevar_5/0009_phA15_phB10.png,Is the green sphere farther from the camera than the yellow cube? Answer with yes or no.,Yes,Yes,23.109375,20.359375,True
Zhoues/RoboRefer-2B-SFT,obj1_farther,output/phasevar_5/0009_phA15_phB11.png,Is the green sphere farther from the camera than the yellow cube? Answer with yes or no.,Yes,Yes,22.890625,20.28125,True
Zhoues/RoboRefer-2B-SFT,obj1_farther,output/phasevar_5/0009_phA15_phB12.png,Is the green sphere farther from the camera than the yellow cube? Answer with yes or no.,Yes,Yes,22.796875,20.578125,True
Zhoues/RoboRefer-2B-SFT,obj1_farther,output/phasevar_5/0009_phA15_phB13.png,Is the green sphere farther from the camera than the yellow cube? Answer with yes or no.,Yes,Yes,22.765625,20.546875,True
Zhoues/RoboRefer-2B-SFT,obj1_farther,output/phasevar_5/0009_phA15_phB14.png,Is the green sphere farther from the camera than the yellow cube? Answer with yes or no.,Yes,Yes,22.859375,20.34375,True
Zhoues/RoboRefer-2B-SFT,obj1_farther,output/phasevar_5/0009_phA15_phB15.png,Is the green sphere farther from the camera than the yellow cube? Answer with yes or no.,Yes,Yes,22.734375,20.28125,True
Zhoues/RoboRefer-2B-SFT,obj1_farther,output/phasevar_5/0010_phA00_phB00.png,Is the cyan sphere farther from the camera than the magenta cube? Answer with yes or no.,Yes,Yes,22.828125,20.25,True
Zhoues/RoboRefer-2B-SFT,obj1_farther,output/phasevar_5/0010_phA00_phB01.png,Is the cyan sphere farther from the camera than the magenta cube? Answer with yes or no.,Yes,Yes,22.625,20.15625,True
Zhoues/RoboRefer-2B-SFT,obj1_farther,output/phasevar_5/0010_phA00_phB02.png,Is the cyan sphere farther from the camera than the magenta cube? Answer with yes or no.,Yes,Yes,22.671875,20.125,True
Zhoues/RoboRefer-2B-SFT,obj1_farther,output/phasevar_5/0010_phA00_phB03.png,Is the cyan sphere farther from the camera than the magenta cube? Answer with yes or no.,Yes,Yes,22.375,20.28125,True
Zhoues/RoboRefer-2B-SFT,obj1_farther,output/phasevar_5/0010_phA00_phB04.png,Is the cyan sphere farther from the camera than the magenta cube? Answer with yes or no.,Yes,Yes,22.34375,20.03125,True
Zhoues/RoboRefer-2B-SFT,obj1_farther,output/phasevar_5/0010_phA00_phB05.png,Is the cyan sphere farther from the camera than the magenta cube? Answer with yes or no.,Yes,Yes,22.453125,20.046875,True
Zhoues/RoboRefer-2B-SFT,obj1_farther,output/phasevar_5/0010_phA00_phB06.png,Is the cyan sphere farther from the camera than the magenta cube? Answer with yes or no.,Yes,Yes,22.828125,20.015625,True
Zhoues/RoboRefer-2B-SFT,obj1_farther,output/phasevar_5/0010_phA00_phB07.png,Is the cyan sphere farther from the camera than the magenta cube? Answer with yes or no.,Yes,Yes,23.015625,19.734375,True
Zhoues/RoboRefer-2B-SFT,obj1_farther,output/phasevar_5/0010_phA00_phB08.png,Is the cyan sphere farther from the camera than the magenta cube? Answer with yes or no.,Yes,Yes,22.984375,19.9375,True
Zhoues/RoboRefer-2B-SFT,obj1_farther,output/phasevar_5/0010_phA00_phB09.png,Is the cyan sphere farther from the camera than the magenta cube? Answer with yes or no.,Yes,Yes,22.84375,19.765625,True
Zhoues/RoboRefer-2B-SFT,obj1_farther,output/phasevar_5/0010_phA00_phB10.png,Is the cyan sphere farther from the camera than the magenta cube? Answer with yes or no.,Yes,Yes,22.890625,19.515625,True
Zhoues/RoboRefer-2B-SFT,obj1_farther,output/phasevar_5/0010_phA00_phB11.png,Is the cyan sphere farther from the camera than the magenta cube? Answer with yes or no.,Yes,Yes,22.25,19.90625,True
Zhoues/RoboRefer-2B-SFT,obj1_farther,output/phasevar_5/0010_phA00_phB12.png,Is the cyan sphere farther from the camera than the magenta cube? Answer with yes or no.,Yes,Yes,22.25,20.25,True
Zhoues/RoboRefer-2B-SFT,obj1_farther,output/phasevar_5/0010_phA00_phB13.png,Is the cyan sphere farther from the camera than the magenta cube? Answer with yes or no.,Yes,Yes,22.4375,20.140625,True
Zhoues/RoboRefer-2B-SFT,obj1_farther,output/phasevar_5/0010_phA00_phB14.png,Is the cyan sphere farther from the camera than the magenta cube? Answer with yes or no.,Yes,Yes,23.015625,20.078125,True
Zhoues/RoboRefer-2B-SFT,obj1_farther,output/phasevar_5/0010_phA00_phB15.png,Is the cyan sphere farther from the camera than the magenta cube? Answer with yes or no.,Yes,Yes,22.75,19.953125,True
Zhoues/RoboRefer-2B-SFT,obj1_farther,output/phasevar_5/0010_phA01_phB00.png,Is the cyan sphere farther from the camera than the magenta cube? Answer with yes or no.,Yes,Yes,22.90625,20.1875,True
Zhoues/RoboRefer-2B-SFT,obj1_farther,output/phasevar_5/0010_phA01_phB01.png,Is the cyan sphere farther from the camera than the magenta cube? Answer with yes or no.,Yes,Yes,22.859375,20.078125,True
Zhoues/RoboRefer-2B-SFT,obj1_farther,output/phasevar_5/0010_phA01_phB02.png,Is the cyan sphere farther from the camera than the magenta cube? Answer with yes or no.,Yes,Yes,22.71875,19.984375,True
Zhoues/RoboRefer-2B-SFT,obj1_farther,output/phasevar_5/0010_phA01_phB03.png,Is the cyan sphere farther from the camera than the magenta cube? Answer with yes or no.,Yes,Yes,22.4375,20.265625,True
Zhoues/RoboRefer-2B-SFT,obj1_farther,output/phasevar_5/0010_phA01_phB04.png,Is the cyan sphere farther from the camera than the magenta cube? Answer with yes or no.,Yes,Yes,22.4375,20.0,True
Zhoues/RoboRefer-2B-SFT,obj1_farther,output/phasevar_5/0010_phA01_phB05.png,Is the cyan sphere farther from the camera than the magenta cube? Answer with yes or no.,Yes,Yes,22.53125,20.03125,True
Zhoues/RoboRefer-2B-SFT,obj1_farther,output/phasevar_5/0010_phA01_phB06.png,Is the cyan sphere farther from the camera than the magenta cube? Answer with yes or no.,Yes,Yes,22.84375,19.90625,True
Zhoues/RoboRefer-2B-SFT,obj1_farther,output/phasevar_5/0010_phA01_phB07.png,Is the cyan sphere farther from the camera than the magenta cube? Answer with yes or no.,Yes,Yes,23.03125,19.609375,True
Zhoues/RoboRefer-2B-SFT,obj1_farther,output/phasevar_5/0010_phA01_phB08.png,Is the cyan sphere farther from the camera than the magenta cube? Answer with yes or no.,Yes,Yes,23.015625,19.8125,True
Zhoues/RoboRefer-2B-SFT,obj1_farther,output/phasevar_5/0010_phA01_phB09.png,Is the cyan sphere farther from the camera than the magenta cube? Answer with yes or no.,Yes,Yes,22.859375,19.703125,True
Zhoues/RoboRefer-2B-SFT,obj1_farther,output/phasevar_5/0010_phA01_phB10.png,Is the cyan sphere farther from the camera than the magenta cube? Answer with yes or no.,Yes,Yes,22.875,19.484375,True
Zhoues/RoboRefer-2B-SFT,obj1_farther,output/phasevar_5/0010_phA01_phB11.png,Is the cyan sphere farther from the camera than the magenta cube? Answer with yes or no.,Yes,Yes,22.25,19.828125,True
Zhoues/RoboRefer-2B-SFT,obj1_farther,output/phasevar_5/0010_phA01_phB12.png,Is the cyan sphere farther from the camera than the magenta cube? Answer with yes or no.,Yes,Yes,22.328125,20.203125,True
Zhoues/RoboRefer-2B-SFT,obj1_farther,output/phasevar_5/0010_phA01_phB13.png,Is the cyan sphere farther from the camera than the magenta cube? Answer with yes or no.,Yes,Yes,22.484375,20.015625,True
Zhoues/RoboRefer-2B-SFT,obj1_farther,output/phasevar_5/0010_phA01_phB14.png,Is the cyan sphere farther from the camera than the magenta cube? Answer with yes or no.,Yes,Yes,22.90625,19.9375,True
Zhoues/RoboRefer-2B-SFT,obj1_farther,output/phasevar_5/0010_phA01_phB15.png,Is the cyan sphere farther from the camera than the magenta cube? Answer with yes or no.,Yes,Yes,22.765625,19.921875,True
Zhoues/RoboRefer-2B-SFT,obj1_farther,output/phasevar_5/0010_phA02_phB00.png,Is the cyan sphere farther from the camera than the magenta cube? Answer with yes or no.,Yes,Yes,22.8125,20.203125,True
Zhoues/RoboRefer-2B-SFT,obj1_farther,output/phasevar_5/0010_phA02_phB01.png,Is the cyan sphere farther from the camera than the magenta cube? Answer with yes or no.,Yes,Yes,22.765625,20.0625,True
Zhoues/RoboRefer-2B-SFT,obj1_farther,output/phasevar_5/0010_phA02_phB02.png,Is the cyan sphere farther from the camera than the magenta cube? Answer with yes or no.,Yes,Yes,22.734375,20.0,True
Zhoues/RoboRefer-2B-SFT,obj1_farther,output/phasevar_5/0010_phA02_phB03.png,Is the cyan sphere farther from the camera than the magenta cube? Answer with yes or no.,Yes,Yes,22.421875,20.34375,True
Zhoues/RoboRefer-2B-SFT,obj1_farther,output/phasevar_5/0010_phA02_phB04.png,Is the cyan sphere farther from the camera than the magenta cube? Answer with yes or no.,Yes,Yes,22.359375,20.03125,True
Zhoues/RoboRefer-2B-SFT,obj1_farther,output/phasevar_5/0010_phA02_phB05.png,Is the cyan sphere farther from the camera than the magenta cube? Answer with yes or no.,Yes,Yes,22.546875,20.0,True
Zhoues/RoboRefer-2B-SFT,obj1_farther,output/phasevar_5/0010_phA02_phB06.png,Is the cyan sphere farther from the camera than the magenta cube? Answer with yes or no.,Yes,Yes,22.84375,19.984375,True
Zhoues/RoboRefer-2B-SFT,obj1_farther,output/phasevar_5/0010_phA02_phB07.png,Is the cyan sphere farther from the camera than the magenta cube? Answer with yes or no.,Yes,Yes,23.0,19.65625,True
Zhoues/RoboRefer-2B-SFT,obj1_farther,output/phasevar_5/0010_phA02_phB08.png,Is the cyan sphere farther from the camera than the magenta cube? Answer with yes or no.,Yes,Yes,22.921875,19.9375,True
Zhoues/RoboRefer-2B-SFT,obj1_farther,output/phasevar_5/0010_phA02_phB09.png,Is the cyan sphere farther from the camera than the magenta cube? Answer with yes or no.,Yes,Yes,22.78125,19.90625,True
Zhoues/RoboRefer-2B-SFT,obj1_farther,output/phasevar_5/0010_phA02_phB10.png,Is the cyan sphere farther from the camera than the magenta cube? Answer with yes or no.,Yes,Yes,22.765625,19.5625,True
Zhoues/RoboRefer-2B-SFT,obj1_farther,output/phasevar_5/0010_phA02_phB11.png,Is the cyan sphere farther from the camera than the magenta cube? Answer with yes or no.,Yes,Yes,22.1875,19.890625,True
Zhoues/RoboRefer-2B-SFT,obj1_farther,output/phasevar_5/0010_phA02_phB12.png,Is the cyan sphere farther from the camera than the magenta cube? Answer with yes or no.,Yes,Yes,22.140625,20.21875,True
Zhoues/RoboRefer-2B-SFT,obj1_farther,output/phasevar_5/0010_phA02_phB13.png,Is the cyan sphere farther from the camera than the magenta cube? Answer with yes or no.,Yes,Yes,22.4375,20.0625,True
Zhoues/RoboRefer-2B-SFT,obj1_farther,output/phasevar_5/0010_phA02_phB14.png,Is the cyan sphere farther from the camera than the magenta cube? Answer with yes or no.,Yes,Yes,22.765625,19.921875,True
Zhoues/RoboRefer-2B-SFT,obj1_farther,output/phasevar_5/0010_phA02_phB15.png,Is the cyan sphere farther from the camera than the magenta cube? Answer with yes or no.,Yes,Yes,22.625,19.984375,True
Zhoues/RoboRefer-2B-SFT,obj1_farther,output/phasevar_5/0010_phA03_phB00.png,Is the cyan sphere farther from the camera than the magenta cube? Answer with yes or no.,Yes,Yes,22.78125,20.09375,True
Zhoues/RoboRefer-2B-SFT,obj1_farther,output/phasevar_5/0010_phA03_phB01.png,Is the cyan sphere farther from the camera than the magenta cube? Answer with yes or no.,Yes,Yes,22.734375,20.0,True
Zhoues/RoboRefer-2B-SFT,obj1_farther,output/phasevar_5/0010_phA03_phB02.png,Is the cyan sphere farther from the camera than the magenta cube? Answer with yes or no.,Yes,Yes,22.703125,19.828125,True
Zhoues/RoboRefer-2B-SFT,obj1_farther,output/phasevar_5/0010_phA03_phB03.png,Is the cyan sphere farther from the camera than the magenta cube? Answer with yes or no.,Yes,Yes,22.515625,20.21875,True
Zhoues/RoboRefer-2B-SFT,obj1_farther,output/phasevar_5/0010_phA03_phB04.png,Is the cyan sphere farther from the camera than the magenta cube? Answer with yes or no.,Yes,Yes,22.5,20.015625,True
Zhoues/RoboRefer-2B-SFT,obj1_farther,output/phasevar_5/0010_phA03_phB05.png,Is the cyan sphere farther from the camera than the magenta cube? Answer with yes or no.,Yes,Yes,22.6875,19.96875,True
Zhoues/RoboRefer-2B-SFT,obj1_farther,output/phasevar_5/0010_phA03_phB06.png,Is the cyan sphere farther from the camera than the magenta cube? Answer with yes or no.,Yes,Yes,23.015625,19.78125,True
Zhoues/RoboRefer-2B-SFT,obj1_farther,output/phasevar_5/0010_phA03_phB07.png,Is the cyan sphere farther from the camera than the magenta cube? Answer with yes or no.,Yes,Yes,23.0625,19.578125,True
Zhoues/RoboRefer-2B-SFT,obj1_farther,output/phasevar_5/0010_phA03_phB08.png,Is the cyan sphere farther from the camera than the magenta cube? Answer with yes or no.,Yes,Yes,23.0,19.734375,True
Zhoues/RoboRefer-2B-SFT,obj1_farther,output/phasevar_5/0010_phA03_phB09.png,Is the cyan sphere farther from the camera than the magenta cube? Answer with yes or no.,Yes,Yes,22.8125,19.65625,True
Zhoues/RoboRefer-2B-SFT,obj1_farther,output/phasevar_5/0010_phA03_phB10.png,Is the cyan sphere farther from the camera than the magenta cube? Answer with yes or no.,Yes,Yes,22.890625,19.53125,True
Zhoues/RoboRefer-2B-SFT,obj1_farther,output/phasevar_5/0010_phA03_phB11.png,Is the cyan sphere farther from the camera than the magenta cube? Answer with yes or no.,Yes,Yes,22.296875,20.03125,True
Zhoues/RoboRefer-2B-SFT,obj1_farther,output/phasevar_5/0010_phA03_phB12.png,Is the cyan sphere farther from the camera than the magenta cube? Answer with yes or no.,Yes,Yes,22.28125,20.296875,True
Zhoues/RoboRefer-2B-SFT,obj1_farther,output/phasevar_5/0010_phA03_phB13.png,Is the cyan sphere farther from the camera than the magenta cube? Answer with yes or no.,Yes,Yes,22.484375,20.125,True
Zhoues/RoboRefer-2B-SFT,obj1_farther,output/phasevar_5/0010_phA03_phB14.png,Is the cyan sphere farther from the camera than the magenta cube? Answer with yes or no.,Yes,Yes,22.875,19.921875,True
Zhoues/RoboRefer-2B-SFT,obj1_farther,output/phasevar_5/0010_phA03_phB15.png,Is the cyan sphere farther from the camera than the magenta cube? Answer with yes or no.,Yes,Yes,22.703125,19.90625,True
Zhoues/RoboRefer-2B-SFT,obj1_farther,output/phasevar_5/0010_phA04_phB00.png,Is the cyan sphere farther from the camera than the magenta cube? Answer with yes or no.,Yes,Yes,22.9375,20.0625,True
Zhoues/RoboRefer-2B-SFT,obj1_farther,output/phasevar_5/0010_phA04_phB01.png,Is the cyan sphere farther from the camera than the magenta cube? Answer with yes or no.,Yes,Yes,22.890625,19.96875,True
Zhoues/RoboRefer-2B-SFT,obj1_farther,output/phasevar_5/0010_phA04_phB02.png,Is the cyan sphere farther from the camera than the magenta cube? Answer with yes or no.,Yes,Yes,22.859375,19.859375,True
Zhoues/RoboRefer-2B-SFT,obj1_farther,output/phasevar_5/0010_phA04_phB03.png,Is the cyan sphere farther from the camera than the magenta cube? Answer with yes or no.,Yes,Yes,22.59375,20.265625,True
Zhoues/RoboRefer-2B-SFT,obj1_farther,output/phasevar_5/0010_phA04_phB04.png,Is the cyan sphere farther from the camera than the magenta cube? Answer with yes or no.,Yes,Yes,22.5625,20.0625,True
Zhoues/RoboRefer-2B-SFT,obj1_farther,output/phasevar_5/0010_phA04_phB05.png,Is the cyan sphere farther from the camera than the magenta cube? Answer with yes or no.,Yes,Yes,22.8125,20.03125,True
Zhoues/RoboRefer-2B-SFT,obj1_farther,output/phasevar_5/0010_phA04_phB06.png,Is the cyan sphere farther from the camera than the magenta cube? Answer with yes or no.,Yes,Yes,23.140625,19.859375,True
Zhoues/RoboRefer-2B-SFT,obj1_farther,output/phasevar_5/0010_phA04_phB07.png,Is the cyan sphere farther from the camera than the magenta cube? Answer with yes or no.,Yes,Yes,23.171875,19.546875,True
Zhoues/RoboRefer-2B-SFT,obj1_farther,output/phasevar_5/0010_phA04_phB08.png,Is the cyan sphere farther from the camera than the magenta cube? Answer with yes or no.,Yes,Yes,23.109375,19.828125,True
Zhoues/RoboRefer-2B-SFT,obj1_farther,output/phasevar_5/0010_phA04_phB09.png,Is the cyan sphere farther from the camera than the magenta cube? Answer with yes or no.,Yes,Yes,22.921875,19.671875,True
Zhoues/RoboRefer-2B-SFT,obj1_farther,output/phasevar_5/0010_phA04_phB10.png,Is the cyan sphere farther from the camera than the magenta cube? Answer with yes or no.,Yes,Yes,22.984375,19.59375,True
Zhoues/RoboRefer-2B-SFT,obj1_farther,output/phasevar_5/0010_phA04_phB11.png,Is the cyan sphere farther from the camera than the magenta cube? Answer with yes or no.,Yes,Yes,22.453125,19.984375,True
Zhoues/RoboRefer-2B-SFT,obj1_farther,output/phasevar_5/0010_phA04_phB12.png,Is the cyan sphere farther from the camera than the magenta cube? Answer with yes or no.,Yes,Yes,22.453125,20.28125,True
Zhoues/RoboRefer-2B-SFT,obj1_farther,output/phasevar_5/0010_phA04_phB13.png,Is the cyan sphere farther from the camera than the magenta cube? Answer with yes or no.,Yes,Yes,22.59375,20.09375,True
Zhoues/RoboRefer-2B-SFT,obj1_farther,output/phasevar_5/0010_phA04_phB14.png,Is the cyan sphere farther from the camera than the magenta cube? Answer with yes or no.,Yes,Yes,23.046875,19.875,True
Zhoues/RoboRefer-2B-SFT,obj1_farther,output/phasevar_5/0010_phA04_phB15.png,Is the cyan sphere farther from the camera than the magenta cube? Answer with yes or no.,Yes,Yes,22.78125,19.875,True
Zhoues/RoboRefer-2B-SFT,obj1_farther,output/phasevar_5/0010_phA05_phB00.png,Is the cyan sphere farther from the camera than the magenta cube? Answer with yes or no.,Yes,Yes,22.765625,19.765625,True
Zhoues/RoboRefer-2B-SFT,obj1_farther,output/phasevar_5/0010_phA05_phB01.png,Is the cyan sphere farther from the camera than the magenta cube? Answer with yes or no.,Yes,Yes,22.734375,19.671875,True
Zhoues/RoboRefer-2B-SFT,obj1_farther,output/phasevar_5/0010_phA05_phB02.png,Is the cyan sphere farther from the camera than the magenta cube? Answer with yes or no.,Yes,Yes,22.75,19.75,True
Zhoues/RoboRefer-2B-SFT,obj1_farther,output/phasevar_5/0010_phA05_phB03.png,Is the cyan sphere farther from the camera than the magenta cube? Answer with yes or no.,Yes,Yes,22.515625,20.109375,True
Zhoues/RoboRefer-2B-SFT,obj1_farther,output/phasevar_5/0010_phA05_phB04.png,Is the cyan sphere farther from the camera than the magenta cube? Answer with yes or no.,Yes,Yes,22.4375,19.890625,True
Zhoues/RoboRefer-2B-SFT,obj1_farther,output/phasevar_5/0010_phA05_phB05.png,Is the cyan sphere farther from the camera than the magenta cube? Answer with yes or no.,Yes,Yes,22.6875,20.0,True
Zhoues/RoboRefer-2B-SFT,obj1_farther,output/phasevar_5/0010_phA05_phB06.png,Is the cyan sphere farther from the camera than the magenta cube? Answer with yes or no.,Yes,Yes,22.96875,19.78125,True
Zhoues/RoboRefer-2B-SFT,obj1_farther,output/phasevar_5/0010_phA05_phB07.png,Is the cyan sphere farther from the camera than the magenta cube? Answer with yes or no.,Yes,Yes,23.03125,19.46875,True
Zhoues/RoboRefer-2B-SFT,obj1_farther,output/phasevar_5/0010_phA05_phB08.png,Is the cyan sphere farther from the camera than the magenta cube? Answer with yes or no.,Yes,Yes,22.984375,19.71875,True
Zhoues/RoboRefer-2B-SFT,obj1_farther,output/phasevar_5/0010_phA05_phB09.png,Is the cyan sphere farther from the camera than the magenta cube? Answer with yes or no.,Yes,Yes,22.78125,19.6875,True
Zhoues/RoboRefer-2B-SFT,obj1_farther,output/phasevar_5/0010_phA05_phB10.png,Is the cyan sphere farther from the camera than the magenta cube? Answer with yes or no.,Yes,Yes,22.875,19.515625,True
Zhoues/RoboRefer-2B-SFT,obj1_farther,output/phasevar_5/0010_phA05_phB11.png,Is the cyan sphere farther from the camera than the magenta cube? Answer with yes or no.,Yes,Yes,22.296875,19.859375,True
Zhoues/RoboRefer-2B-SFT,obj1_farther,output/phasevar_5/0010_phA05_phB12.png,Is the cyan sphere farther from the camera than the magenta cube? Answer with yes or no.,Yes,Yes,22.21875,20.046875,True
Zhoues/RoboRefer-2B-SFT,obj1_farther,output/phasevar_5/0010_phA05_phB13.png,Is the cyan sphere farther from the camera than the magenta cube? Answer with yes or no.,Yes,Yes,22.4375,19.9375,True
Zhoues/RoboRefer-2B-SFT,obj1_farther,output/phasevar_5/0010_phA05_phB14.png,Is the cyan sphere farther from the camera than the magenta cube? Answer with yes or no.,Yes,Yes,22.921875,19.71875,True
Zhoues/RoboRefer-2B-SFT,obj1_farther,output/phasevar_5/0010_phA05_phB15.png,Is the cyan sphere farther from the camera than the magenta cube? Answer with yes or no.,Yes,Yes,22.640625,19.609375,True
Zhoues/RoboRefer-2B-SFT,obj1_farther,output/phasevar_5/0010_phA06_phB00.png,Is the cyan sphere farther from the camera than the magenta cube? Answer with yes or no.,Yes,Yes,22.71875,19.5625,True
Zhoues/RoboRefer-2B-SFT,obj1_farther,output/phasevar_5/0010_phA06_phB01.png,Is the cyan sphere farther from the camera than the magenta cube? Answer with yes or no.,Yes,Yes,22.671875,19.5,True
Zhoues/RoboRefer-2B-SFT,obj1_farther,output/phasevar_5/0010_phA06_phB02.png,Is the cyan sphere farther from the camera than the magenta cube? Answer with yes or no.,Yes,Yes,22.625,19.640625,True
Zhoues/RoboRefer-2B-SFT,obj1_farther,output/phasevar_5/0010_phA06_phB03.png,Is the cyan sphere farther from the camera than the magenta cube? Answer with yes or no.,Yes,Yes,22.28125,20.015625,True
Zhoues/RoboRefer-2B-SFT,obj1_farther,output/phasevar_5/0010_phA06_phB04.png,Is the cyan sphere farther from the camera than the magenta cube? Answer with yes or no.,Yes,Yes,22.25,19.734375,True
Zhoues/RoboRefer-2B-SFT,obj1_farther,output/phasevar_5/0010_phA06_phB05.png,Is the cyan sphere farther from the camera than the magenta cube? Answer with yes or no.,Yes,Yes,22.46875,20.046875,True
Zhoues/RoboRefer-2B-SFT,obj1_farther,output/phasevar_5/0010_phA06_phB06.png,Is the cyan sphere farther from the camera than the magenta cube? Answer with yes or no.,Yes,Yes,22.953125,19.734375,True
Zhoues/RoboRefer-2B-SFT,obj1_farther,output/phasevar_5/0010_phA06_phB07.png,Is the cyan sphere farther from the camera than the magenta cube? Answer with yes or no.,Yes,Yes,23.0,19.421875,True
Zhoues/RoboRefer-2B-SFT,obj1_farther,output/phasevar_5/0010_phA06_phB08.png,Is the cyan sphere farther from the camera than the magenta cube? Answer with yes or no.,Yes,Yes,22.9375,19.671875,True
Zhoues/RoboRefer-2B-SFT,obj1_farther,output/phasevar_5/0010_phA06_phB09.png,Is the cyan sphere farther from the camera than the magenta cube? Answer with yes or no.,Yes,Yes,22.75,19.546875,True
Zhoues/RoboRefer-2B-SFT,obj1_farther,output/phasevar_5/0010_phA06_phB10.png,Is the cyan sphere farther from the camera than the magenta cube? Answer with yes or no.,Yes,Yes,22.734375,19.484375,True
Zhoues/RoboRefer-2B-SFT,obj1_farther,output/phasevar_5/0010_phA06_phB11.png,Is the cyan sphere farther from the camera than the magenta cube? Answer with yes or no.,Yes,Yes,22.078125,19.765625,True
Zhoues/RoboRefer-2B-SFT,obj1_farther,output/phasevar_5/0010_phA06_phB12.png,Is the cyan sphere farther from the camera than the magenta cube? Answer with yes or no.,Yes,Yes,21.9375,19.859375,True
Zhoues/RoboRefer-2B-SFT,obj1_farther,output/phasevar_5/0010_phA06_phB13.png,Is the cyan sphere farther from the camera than the magenta cube? Answer with yes or no.,Yes,Yes,22.25,19.8125,True
Zhoues/RoboRefer-2B-SFT,obj1_farther,output/phasevar_5/0010_phA06_phB14.png,Is the cyan sphere farther from the camera than the magenta cube? Answer with yes or no.,Yes,Yes,22.796875,19.53125,True
Zhoues/RoboRefer-2B-SFT,obj1_farther,output/phasevar_5/0010_phA06_phB15.png,Is the cyan sphere farther from the camera than the magenta cube? Answer with yes or no.,Yes,Yes,22.5625,19.484375,True
Zhoues/RoboRefer-2B-SFT,obj1_farther,output/phasevar_5/0010_phA07_phB00.png,Is the cyan sphere farther from the camera than the magenta cube? Answer with yes or no.,Yes,Yes,22.8125,19.578125,True
Zhoues/RoboRefer-2B-SFT,obj1_farther,output/phasevar_5/0010_phA07_phB01.png,Is the cyan sphere farther from the camera than the magenta cube? Answer with yes or no.,Yes,Yes,22.765625,19.546875,True
Zhoues/RoboRefer-2B-SFT,obj1_farther,output/phasevar_5/0010_phA07_phB02.png,Is the cyan sphere farther from the camera than the magenta cube? Answer with yes or no.,Yes,Yes,22.734375,19.6875,True
Zhoues/RoboRefer-2B-SFT,obj1_farther,output/phasevar_5/0010_phA07_phB03.png,Is the cyan sphere farther from the camera than the magenta cube? Answer with yes or no.,Yes,Yes,22.5,19.953125,True
Zhoues/RoboRefer-2B-SFT,obj1_farther,output/phasevar_5/0010_phA07_phB04.png,Is the cyan sphere farther from the camera than the magenta cube? Answer with yes or no.,Yes,Yes,22.359375,19.734375,True
Zhoues/RoboRefer-2B-SFT,obj1_farther,output/phasevar_5/0010_phA07_phB05.png,Is the cyan sphere farther from the camera than the magenta cube? Answer with yes or no.,Yes,Yes,22.5,19.828125,True
Zhoues/RoboRefer-2B-SFT,obj1_farther,output/phasevar_5/0010_phA07_phB06.png,Is the cyan sphere farther from the camera than the magenta cube? Answer with yes or no.,Yes,Yes,22.96875,19.65625,True
Zhoues/RoboRefer-2B-SFT,obj1_farther,output/phasevar_5/0010_phA07_phB07.png,Is the cyan sphere farther from the camera than the magenta cube? Answer with yes or no.,Yes,Yes,23.046875,19.359375,True
Zhoues/RoboRefer-2B-SFT,obj1_farther,output/phasevar_5/0010_phA07_phB08.png,Is the cyan sphere farther from the camera than the magenta cube? Answer with yes or no.,Yes,Yes,23.0625,19.4375,True
Zhoues/RoboRefer-2B-SFT,obj1_farther,output/phasevar_5/0010_phA07_phB09.png,Is the cyan sphere farther from the camera than the magenta cube? Answer with yes or no.,Yes,Yes,22.84375,19.296875,True
Zhoues/RoboRefer-2B-SFT,obj1_farther,output/phasevar_5/0010_phA07_phB10.png,Is the cyan sphere farther from the camera than the magenta cube? Answer with yes or no.,Yes,Yes,22.8125,19.34375,True
Zhoues/RoboRefer-2B-SFT,obj1_farther,output/phasevar_5/0010_phA07_phB11.png,Is the cyan sphere farther from the camera than the magenta cube? Answer with yes or no.,Yes,Yes,22.21875,19.671875,True
Zhoues/RoboRefer-2B-SFT,obj1_farther,output/phasevar_5/0010_phA07_phB12.png,Is the cyan sphere farther from the camera than the magenta cube? Answer with yes or no.,Yes,Yes,22.15625,19.796875,True
Zhoues/RoboRefer-2B-SFT,obj1_farther,output/phasevar_5/0010_phA07_phB13.png,Is the cyan sphere farther from the camera than the magenta cube? Answer with yes or no.,Yes,Yes,22.375,19.734375,True
Zhoues/RoboRefer-2B-SFT,obj1_farther,output/phasevar_5/0010_phA07_phB14.png,Is the cyan sphere farther from the camera than the magenta cube? Answer with yes or no.,Yes,Yes,22.859375,19.515625,True
Zhoues/RoboRefer-2B-SFT,obj1_farther,output/phasevar_5/0010_phA07_phB15.png,Is the cyan sphere farther from the camera than the magenta cube? Answer with yes or no.,Yes,Yes,22.6875,19.4375,True
Zhoues/RoboRefer-2B-SFT,obj1_farther,output/phasevar_5/0010_phA08_phB00.png,Is the cyan sphere farther from the camera than the magenta cube? Answer with yes or no.,Yes,Yes,22.703125,19.578125,True
Zhoues/RoboRefer-2B-SFT,obj1_farther,output/phasevar_5/0010_phA08_phB01.png,Is the cyan sphere farther from the camera than the magenta cube? Answer with yes or no.,Yes,Yes,22.6875,19.609375,True
Zhoues/RoboRefer-2B-SFT,obj1_farther,output/phasevar_5/0010_phA08_phB02.png,Is the cyan sphere farther from the camera than the magenta cube? Answer with yes or no.,Yes,Yes,22.65625,19.75,True
Zhoues/RoboRefer-2B-SFT,obj1_farther,output/phasevar_5/0010_phA08_phB03.png,Is the cyan sphere farther from the camera than the magenta cube? Answer with yes or no.,Yes,Yes,22.40625,19.984375,True
Zhoues/RoboRefer-2B-SFT,obj1_farther,output/phasevar_5/0010_phA08_phB04.png,Is the cyan sphere farther from the camera than the magenta cube? Answer with yes or no.,Yes,Yes,22.328125,19.8125,True
Zhoues/RoboRefer-2B-SFT,obj1_farther,output/phasevar_5/0010_phA08_phB05.png,Is the cyan sphere farther from the camera than the magenta cube? Answer with yes or no.,Yes,Yes,22.40625,19.875,True
Zhoues/RoboRefer-2B-SFT,obj1_farther,output/phasevar_5/0010_phA08_phB06.png,Is the cyan sphere farther from the camera than the magenta cube? Answer with yes or no.,Yes,Yes,22.84375,19.796875,True
Zhoues/RoboRefer-2B-SFT,obj1_farther,output/phasevar_5/0010_phA08_phB07.png,Is the cyan sphere farther from the camera than the magenta cube? Answer with yes or no.,Yes,Yes,22.984375,19.515625,True
Zhoues/RoboRefer-2B-SFT,obj1_farther,output/phasevar_5/0010_phA08_phB08.png,Is the cyan sphere farther from the camera than the magenta cube? Answer with yes or no.,Yes,Yes,23.015625,19.4375,True
Zhoues/RoboRefer-2B-SFT,obj1_farther,output/phasevar_5/0010_phA08_phB09.png,Is the cyan sphere farther from the camera than the magenta cube? Answer with yes or no.,Yes,Yes,22.78125,19.40625,True
Zhoues/RoboRefer-2B-SFT,obj1_farther,output/phasevar_5/0010_phA08_phB10.png,Is the cyan sphere farther from the camera than the magenta cube? Answer with yes or no.,Yes,Yes,22.71875,19.46875,True
Zhoues/RoboRefer-2B-SFT,obj1_farther,output/phasevar_5/0010_phA08_phB11.png,Is the cyan sphere farther from the camera than the magenta cube? Answer with yes or no.,Yes,Yes,22.09375,19.78125,True
Zhoues/RoboRefer-2B-SFT,obj1_farther,output/phasevar_5/0010_phA08_phB12.png,Is the cyan sphere farther from the camera than the magenta cube? Answer with yes or no.,Yes,Yes,22.109375,19.8125,True
Zhoues/RoboRefer-2B-SFT,obj1_farther,output/phasevar_5/0010_phA08_phB13.png,Is the cyan sphere farther from the camera than the magenta cube? Answer with yes or no.,Yes,Yes,22.28125,19.734375,True
Zhoues/RoboRefer-2B-SFT,obj1_farther,output/phasevar_5/0010_phA08_phB14.png,Is the cyan sphere farther from the camera than the magenta cube? Answer with yes or no.,Yes,Yes,22.765625,19.59375,True
Zhoues/RoboRefer-2B-SFT,obj1_farther,output/phasevar_5/0010_phA08_phB15.png,Is the cyan sphere farther from the camera than the magenta cube? Answer with yes or no.,Yes,Yes,22.625,19.453125,True
Zhoues/RoboRefer-2B-SFT,obj1_farther,output/phasevar_5/0010_phA09_phB00.png,Is the cyan sphere farther from the camera than the magenta cube? Answer with yes or no.,Yes,Yes,22.6875,19.578125,True
Zhoues/RoboRefer-2B-SFT,obj1_farther,output/phasevar_5/0010_phA09_phB01.png,Is the cyan sphere farther from the camera than the magenta cube? Answer with yes or no.,Yes,Yes,22.609375,19.625,True
Zhoues/RoboRefer-2B-SFT,obj1_farther,output/phasevar_5/0010_phA09_phB02.png,Is the cyan sphere farther from the camera than the magenta cube? Answer with yes or no.,Yes,Yes,22.5625,19.796875,True
Zhoues/RoboRefer-2B-SFT,obj1_farther,output/phasevar_5/0010_phA09_phB03.png,Is the cyan sphere farther from the camera than the magenta cube? Answer with yes or no.,Yes,Yes,22.296875,19.984375,True
Zhoues/RoboRefer-2B-SFT,obj1_farther,output/phasevar_5/0010_phA09_phB04.png,Is the cyan sphere farther from the camera than the magenta cube? Answer with yes or no.,Yes,Yes,22.296875,19.78125,True
Zhoues/RoboRefer-2B-SFT,obj1_farther,output/phasevar_5/0010_phA09_phB05.png,Is the cyan sphere farther from the camera than the magenta cube? Answer with yes or no.,Yes,Yes,22.390625,19.828125,True
Zhoues/RoboRefer-2B-SFT,obj1_farther,output/phasevar_5/0010_phA09_phB06.png,Is the cyan sphere farther from the camera than the magenta cube? Answer with yes or no.,Yes,Yes,22.765625,19.828125,True
Zhoues/RoboRefer-2B-SFT,obj1_farther,output/phasevar_5/0010_phA09_phB07.png,Is the cyan sphere farther from the camera than the magenta cube? Answer with yes or no.,Yes,Yes,22.9375,19.53125,True
Zhoues/RoboRefer-2B-SFT,obj1_farther,output/phasevar_5/0010_phA09_phB08.png,Is the cyan sphere farther from the camera than the magenta cube? Answer with yes or no.,Yes,Yes,22.90625,19.34375,True
Zhoues/RoboRefer-2B-SFT,obj1_farther,output/phasevar_5/0010_phA09_phB09.png,Is the cyan sphere farther from the camera than the magenta cube? Answer with yes or no.,Yes,Yes,22.765625,19.28125,True
Zhoues/RoboRefer-2B-SFT,obj1_farther,output/phasevar_5/0010_phA09_phB10.png,Is the cyan sphere farther from the camera than the magenta cube? Answer with yes or no.,Yes,Yes,22.6875,19.453125,True
Zhoues/RoboRefer-2B-SFT,obj1_farther,output/phasevar_5/0010_phA09_phB11.png,Is the cyan sphere farther from the camera than the magenta cube? Answer with yes or no.,Yes,Yes,22.21875,19.6875,True
Zhoues/RoboRefer-2B-SFT,obj1_farther,output/phasevar_5/0010_phA09_phB12.png,Is the cyan sphere farther from the camera than the magenta cube? Answer with yes or no.,Yes,Yes,22.171875,19.734375,True
Zhoues/RoboRefer-2B-SFT,obj1_farther,output/phasevar_5/0010_phA09_phB13.png,Is the cyan sphere farther from the camera than the magenta cube? Answer with yes or no.,Yes,Yes,22.40625,19.71875,True
Zhoues/RoboRefer-2B-SFT,obj1_farther,output/phasevar_5/0010_phA09_phB14.png,Is the cyan sphere farther from the camera than the magenta cube? Answer with yes or no.,Yes,Yes,22.796875,19.5625,True
Zhoues/RoboRefer-2B-SFT,obj1_farther,output/phasevar_5/0010_phA09_phB15.png,Is the cyan sphere farther from the camera than the magenta cube? Answer with yes or no.,Yes,Yes,22.578125,19.34375,True
Zhoues/RoboRefer-2B-SFT,obj1_farther,output/phasevar_5/0010_phA10_phB00.png,Is the cyan sphere farther from the camera than the magenta cube? Answer with yes or no.,Yes,Yes,22.671875,19.65625,True
Zhoues/RoboRefer-2B-SFT,obj1_farther,output/phasevar_5/0010_phA10_phB01.png,Is the cyan sphere farther from the camera than the magenta cube? Answer with yes or no.,Yes,Yes,22.546875,19.734375,True
Zhoues/RoboRefer-2B-SFT,obj1_farther,output/phasevar_5/0010_phA10_phB02.png,Is the cyan sphere farther from the camera than the magenta cube? Answer with yes or no.,Yes,Yes,22.5625,19.734375,True
Zhoues/RoboRefer-2B-SFT,obj1_farther,output/phasevar_5/0010_phA10_phB03.png,Is the cyan sphere farther from the camera than the magenta cube? Answer with yes or no.,Yes,Yes,22.34375,19.78125,True
Zhoues/RoboRefer-2B-SFT,obj1_farther,output/phasevar_5/0010_phA10_phB04.png,Is the cyan sphere farther from the camera than the magenta cube? Answer with yes or no.,Yes,Yes,22.234375,19.734375,True
Zhoues/RoboRefer-2B-SFT,obj1_farther,output/phasevar_5/0010_phA10_phB05.png,Is the cyan sphere farther from the camera than the magenta cube? Answer with yes or no.,Yes,Yes,22.265625,19.671875,True
Zhoues/RoboRefer-2B-SFT,obj1_farther,output/phasevar_5/0010_phA10_phB06.png,Is the cyan sphere farther from the camera than the magenta cube? Answer with yes or no.,Yes,Yes,22.859375,19.984375,True
Zhoues/RoboRefer-2B-SFT,obj1_farther,output/phasevar_5/0010_phA10_phB07.png,Is the cyan sphere farther from the camera than the magenta cube? Answer with yes or no.,Yes,Yes,22.9375,19.65625,True
Zhoues/RoboRefer-2B-SFT,obj1_farther,output/phasevar_5/0010_phA10_phB08.png,Is the cyan sphere farther from the camera than the magenta cube? Answer with yes or no.,Yes,Yes,22.984375,19.71875,True
Zhoues/RoboRefer-2B-SFT,obj1_farther,output/phasevar_5/0010_phA10_phB09.png,Is the cyan sphere farther from the camera than the magenta cube? Answer with yes or no.,Yes,Yes,22.875,19.328125,True
Zhoues/RoboRefer-2B-SFT,obj1_farther,output/phasevar_5/0010_phA10_phB10.png,Is the cyan sphere farther from the camera than the magenta cube? Answer with yes or no.,Yes,Yes,22.78125,19.546875,True
Zhoues/RoboRefer-2B-SFT,obj1_farther,output/phasevar_5/0010_phA10_phB11.png,Is the cyan sphere farther from the camera than the magenta cube? Answer with yes or no.,Yes,Yes,22.375,19.671875,True
Zhoues/RoboRefer-2B-SFT,obj1_farther,output/phasevar_5/0010_phA10_phB12.png,Is the cyan sphere farther from the camera than the magenta cube? Answer with yes or no.,Yes,Yes,22.265625,19.625,True
Zhoues/RoboRefer-2B-SFT,obj1_farther,output/phasevar_5/0010_phA10_phB13.png,Is the cyan sphere farther from the camera than the magenta cube? Answer with yes or no.,Yes,Yes,22.46875,19.640625,True
Zhoues/RoboRefer-2B-SFT,obj1_farther,output/phasevar_5/0010_phA10_phB14.png,Is the cyan sphere farther from the camera than the magenta cube? Answer with yes or no.,Yes,Yes,22.9375,19.578125,True
Zhoues/RoboRefer-2B-SFT,obj1_farther,output/phasevar_5/0010_phA10_phB15.png,Is the cyan sphere farther from the camera than the magenta cube? Answer with yes or no.,Yes,Yes,22.609375,19.390625,True
Zhoues/RoboRefer-2B-SFT,obj1_farther,output/phasevar_5/0010_phA11_phB00.png,Is the cyan sphere farther from the camera than the magenta cube? Answer with yes or no.,Yes,Yes,22.796875,20.0625,True
Zhoues/RoboRefer-2B-SFT,obj1_farther,output/phasevar_5/0010_phA11_phB01.png,Is the cyan sphere farther from the camera than the magenta cube? Answer with yes or no.,Yes,Yes,22.640625,20.125,True
Zhoues/RoboRefer-2B-SFT,obj1_farther,output/phasevar_5/0010_phA11_phB02.png,Is the cyan sphere farther from the camera than the magenta cube? Answer with yes or no.,Yes,Yes,22.65625,20.046875,True
Zhoues/RoboRefer-2B-SFT,obj1_farther,output/phasevar_5/0010_phA11_phB03.png,Is the cyan sphere farther from the camera than the magenta cube? Answer with yes or no.,Yes,Yes,22.5,20.140625,True
Zhoues/RoboRefer-2B-SFT,obj1_farther,output/phasevar_5/0010_phA11_phB04.png,Is the cyan sphere farther from the camera than the magenta cube? Answer with yes or no.,Yes,Yes,22.390625,19.984375,True
Zhoues/RoboRefer-2B-SFT,obj1_farther,output/phasevar_5/0010_phA11_phB05.png,Is the cyan sphere farther from the camera than the magenta cube? Answer with yes or no.,Yes,Yes,22.53125,19.875,True
Zhoues/RoboRefer-2B-SFT,obj1_farther,output/phasevar_5/0010_phA11_phB06.png,Is the cyan sphere farther from the camera than the magenta cube? Answer with yes or no.,Yes,Yes,22.875,20.046875,True
Zhoues/RoboRefer-2B-SFT,obj1_farther,output/phasevar_5/0010_phA11_phB07.png,Is the cyan sphere farther from the camera than the magenta cube? Answer with yes or no.,Yes,Yes,22.984375,19.75,True
Zhoues/RoboRefer-2B-SFT,obj1_farther,output/phasevar_5/0010_phA11_phB08.png,Is the cyan sphere farther from the camera than the magenta cube? Answer with yes or no.,Yes,Yes,23.0625,19.828125,True
Zhoues/RoboRefer-2B-SFT,obj1_farther,output/phasevar_5/0010_phA11_phB09.png,Is the cyan sphere farther from the camera than the magenta cube? Answer with yes or no.,Yes,Yes,22.875,19.640625,True
Zhoues/RoboRefer-2B-SFT,obj1_farther,output/phasevar_5/0010_phA11_phB10.png,Is the cyan sphere farther from the camera than the magenta cube? Answer with yes or no.,Yes,Yes,22.84375,19.59375,True
Zhoues/RoboRefer-2B-SFT,obj1_farther,output/phasevar_5/0010_phA11_phB11.png,Is the cyan sphere farther from the camera than the magenta cube? Answer with yes or no.,Yes,Yes,22.484375,19.90625,True
Zhoues/RoboRefer-2B-SFT,obj1_farther,output/phasevar_5/0010_phA11_phB12.png,Is the cyan sphere farther from the camera than the magenta cube? Answer with yes or no.,Yes,Yes,22.53125,19.9375,True
Zhoues/RoboRefer-2B-SFT,obj1_farther,output/phasevar_5/0010_phA11_phB13.png,Is the cyan sphere farther from the camera than the magenta cube? Answer with yes or no.,Yes,Yes,22.65625,19.96875,True
Zhoues/RoboRefer-2B-SFT,obj1_farther,output/phasevar_5/0010_phA11_phB14.png,Is the cyan sphere farther from the camera than the magenta cube? Answer with yes or no.,Yes,Yes,22.96875,19.84375,True
Zhoues/RoboRefer-2B-SFT,obj1_farther,output/phasevar_5/0010_phA11_phB15.png,Is the cyan sphere farther from the camera than the magenta cube? Answer with yes or no.,Yes,Yes,22.734375,19.78125,True
Zhoues/RoboRefer-2B-SFT,obj1_farther,output/phasevar_5/0010_phA12_phB00.png,Is the cyan sphere farther from the camera than the magenta cube? Answer with yes or no.,Yes,Yes,22.8125,20.234375,True
Zhoues/RoboRefer-2B-SFT,obj1_farther,output/phasevar_5/0010_phA12_phB01.png,Is the cyan sphere farther from the camera than the magenta cube? Answer with yes or no.,Yes,Yes,22.671875,20.234375,True
Zhoues/RoboRefer-2B-SFT,obj1_farther,output/phasevar_5/0010_phA12_phB02.png,Is the cyan sphere farther from the camera than the magenta cube? Answer with yes or no.,Yes,Yes,22.671875,20.015625,True
Zhoues/RoboRefer-2B-SFT,obj1_farther,output/phasevar_5/0010_phA12_phB03.png,Is the cyan sphere farther from the camera than the magenta cube? Answer with yes or no.,Yes,Yes,22.453125,20.125,True
Zhoues/RoboRefer-2B-SFT,obj1_farther,output/phasevar_5/0010_phA12_phB04.png,Is the cyan sphere farther from the camera than the magenta cube? Answer with yes or no.,Yes,Yes,22.4375,20.0,True
Zhoues/RoboRefer-2B-SFT,obj1_farther,output/phasevar_5/0010_phA12_phB05.png,Is the cyan sphere farther from the camera than the magenta cube? Answer with yes or no.,Yes,Yes,22.625,19.84375,True
Zhoues/RoboRefer-2B-SFT,obj1_farther,output/phasevar_5/0010_phA12_phB06.png,Is the cyan sphere farther from the camera than the magenta cube? Answer with yes or no.,Yes,Yes,22.90625,19.953125,True
Zhoues/RoboRefer-2B-SFT,obj1_farther,output/phasevar_5/0010_phA12_phB07.png,Is the cyan sphere farther from the camera than the magenta cube? Answer with yes or no.,Yes,Yes,23.0,19.6875,True
Zhoues/RoboRefer-2B-SFT,obj1_farther,output/phasevar_5/0010_phA12_phB08.png,Is the cyan sphere farther from the camera than the magenta cube? Answer with yes or no.,Yes,Yes,23.046875,19.796875,True
Zhoues/RoboRefer-2B-SFT,obj1_farther,output/phasevar_5/0010_phA12_phB09.png,Is the cyan sphere farther from the camera than the magenta cube? Answer with yes or no.,Yes,Yes,22.90625,19.71875,True
Zhoues/RoboRefer-2B-SFT,obj1_farther,output/phasevar_5/0010_phA12_phB10.png,Is the cyan sphere farther from the camera than the magenta cube? Answer with yes or no.,Yes,Yes,22.90625,19.65625,True
Zhoues/RoboRefer-2B-SFT,obj1_farther,output/phasevar_5/0010_phA12_phB11.png,Is the cyan sphere farther from the camera than the magenta cube? Answer with yes or no.,Yes,Yes,22.53125,19.921875,True
Zhoues/RoboRefer-2B-SFT,obj1_farther,output/phasevar_5/0010_phA12_phB12.png,Is the cyan sphere farther from the camera than the magenta cube? Answer with yes or no.,Yes,Yes,22.625,20.078125,True
Zhoues/RoboRefer-2B-SFT,obj1_farther,output/phasevar_5/0010_phA12_phB13.png,Is the cyan sphere farther from the camera than the magenta cube? Answer with yes or no.,Yes,Yes,22.703125,20.140625,True
Zhoues/RoboRefer-2B-SFT,obj1_farther,output/phasevar_5/0010_phA12_phB14.png,Is the cyan sphere farther from the camera than the magenta cube? Answer with yes or no.,Yes,Yes,23.015625,19.984375,True
Zhoues/RoboRefer-2B-SFT,obj1_farther,output/phasevar_5/0010_phA12_phB15.png,Is the cyan sphere farther from the camera than the magenta cube? Answer with yes or no.,Yes,Yes,22.734375,19.90625,True
Zhoues/RoboRefer-2B-SFT,obj1_farther,output/phasevar_5/0010_phA13_phB00.png,Is the cyan sphere farther from the camera than the magenta cube? Answer with yes or no.,Yes,Yes,22.71875,20.109375,True
Zhoues/RoboRefer-2B-SFT,obj1_farther,output/phasevar_5/0010_phA13_phB01.png,Is the cyan sphere farther from the camera than the magenta cube? Answer with yes or no.,Yes,Yes,22.515625,20.078125,True
Zhoues/RoboRefer-2B-SFT,obj1_farther,output/phasevar_5/0010_phA13_phB02.png,Is the cyan sphere farther from the camera than the magenta cube? Answer with yes or no.,Yes,Yes,22.609375,19.890625,True
Zhoues/RoboRefer-2B-SFT,obj1_farther,output/phasevar_5/0010_phA13_phB03.png,Is the cyan sphere farther from the camera than the magenta cube? Answer with yes or no.,Yes,Yes,22.359375,20.015625,True
Zhoues/RoboRefer-2B-SFT,obj1_farther,output/phasevar_5/0010_phA13_phB04.png,Is the cyan sphere farther from the camera than the magenta cube? Answer with yes or no.,Yes,Yes,22.359375,19.8125,True
Zhoues/RoboRefer-2B-SFT,obj1_farther,output/phasevar_5/0010_phA13_phB05.png,Is the cyan sphere farther from the camera than the magenta cube? Answer with yes or no.,Yes,Yes,22.484375,19.609375,True
Zhoues/RoboRefer-2B-SFT,obj1_farther,output/phasevar_5/0010_phA13_phB06.png,Is the cyan sphere farther from the camera than the magenta cube? Answer with yes or no.,Yes,Yes,22.8125,19.78125,True
Zhoues/RoboRefer-2B-SFT,obj1_farther,output/phasevar_5/0010_phA13_phB07.png,Is the cyan sphere farther from the camera than the magenta cube? Answer with yes or no.,Yes,Yes,22.953125,19.609375,True
Zhoues/RoboRefer-2B-SFT,obj1_farther,output/phasevar_5/0010_phA13_phB08.png,Is the cyan sphere farther from the camera than the magenta cube? Answer with yes or no.,Yes,Yes,22.984375,19.6875,True
Zhoues/RoboRefer-2B-SFT,obj1_farther,output/phasevar_5/0010_phA13_phB09.png,Is the cyan sphere farther from the camera than the magenta cube? Answer with yes or no.,Yes,Yes,22.84375,19.625,True
Zhoues/RoboRefer-2B-SFT,obj1_farther,output/phasevar_5/0010_phA13_phB10.png,Is the cyan sphere farther from the camera than the magenta cube? Answer with yes or no.,Yes,Yes,22.921875,19.46875,True
Zhoues/RoboRefer-2B-SFT,obj1_farther,output/phasevar_5/0010_phA13_phB11.png,Is the cyan sphere farther from the camera than the magenta cube? Answer with yes or no.,Yes,Yes,22.53125,19.625,True
Zhoues/RoboRefer-2B-SFT,obj1_farther,output/phasevar_5/0010_phA13_phB12.png,Is the cyan sphere farther from the camera than the magenta cube? Answer with yes or no.,Yes,Yes,22.515625,19.859375,True
Zhoues/RoboRefer-2B-SFT,obj1_farther,output/phasevar_5/0010_phA13_phB13.png,Is the cyan sphere farther from the camera than the magenta cube? Answer with yes or no.,Yes,Yes,22.65625,19.984375,True
Zhoues/RoboRefer-2B-SFT,obj1_farther,output/phasevar_5/0010_phA13_phB14.png,Is the cyan sphere farther from the camera than the magenta cube? Answer with yes or no.,Yes,Yes,23.015625,19.890625,True
Zhoues/RoboRefer-2B-SFT,obj1_farther,output/phasevar_5/0010_phA13_phB15.png,Is the cyan sphere farther from the camera than the magenta cube? Answer with yes or no.,Yes,Yes,22.703125,19.8125,True
Zhoues/RoboRefer-2B-SFT,obj1_farther,output/phasevar_5/0010_phA14_phB00.png,Is the cyan sphere farther from the camera than the magenta cube? Answer with yes or no.,Yes,Yes,22.828125,20.3125,True
Zhoues/RoboRefer-2B-SFT,obj1_farther,output/phasevar_5/0010_phA14_phB01.png,Is the cyan sphere farther from the camera than the magenta cube? Answer with yes or no.,Yes,Yes,22.59375,20.234375,True
Zhoues/RoboRefer-2B-SFT,obj1_farther,output/phasevar_5/0010_phA14_phB02.png,Is the cyan sphere farther from the camera than the magenta cube? Answer with yes or no.,Yes,Yes,22.640625,20.0625,True
Zhoues/RoboRefer-2B-SFT,obj1_farther,output/phasevar_5/0010_phA14_phB03.png,Is the cyan sphere farther from the camera than the magenta cube? Answer with yes or no.,Yes,Yes,22.375,20.015625,True
Zhoues/RoboRefer-2B-SFT,obj1_farther,output/phasevar_5/0010_phA14_phB04.png,Is the cyan sphere farther from the camera than the magenta cube? Answer with yes or no.,Yes,Yes,22.359375,19.828125,True
Zhoues/RoboRefer-2B-SFT,obj1_farther,output/phasevar_5/0010_phA14_phB05.png,Is the cyan sphere farther from the camera than the magenta cube? Answer with yes or no.,Yes,Yes,22.53125,19.75,True
Zhoues/RoboRefer-2B-SFT,obj1_farther,output/phasevar_5/0010_phA14_phB06.png,Is the cyan sphere farther from the camera than the magenta cube? Answer with yes or no.,Yes,Yes,22.84375,19.96875,True
Zhoues/RoboRefer-2B-SFT,obj1_farther,output/phasevar_5/0010_phA14_phB07.png,Is the cyan sphere farther from the camera than the magenta cube? Answer with yes or no.,Yes,Yes,23.03125,19.6875,True
Zhoues/RoboRefer-2B-SFT,obj1_farther,output/phasevar_5/0010_phA14_phB08.png,Is the cyan sphere farther from the camera than the magenta cube? Answer with yes or no.,Yes,Yes,23.015625,19.8125,True
Zhoues/RoboRefer-2B-SFT,obj1_farther,output/phasevar_5/0010_phA14_phB09.png,Is the cyan sphere farther from the camera than the magenta cube? Answer with yes or no.,Yes,Yes,22.953125,19.84375,True
Zhoues/RoboRefer-2B-SFT,obj1_farther,output/phasevar_5/0010_phA14_phB10.png,Is the cyan sphere farther from the camera than the magenta cube? Answer with yes or no.,Yes,Yes,22.90625,19.421875,True
Zhoues/RoboRefer-2B-SFT,obj1_farther,output/phasevar_5/0010_phA14_phB11.png,Is the cyan sphere farther from the camera than the magenta cube? Answer with yes or no.,Yes,Yes,22.484375,19.578125,True
Zhoues/RoboRefer-2B-SFT,obj1_farther,output/phasevar_5/0010_phA14_phB12.png,Is the cyan sphere farther from the camera than the magenta cube? Answer with yes or no.,Yes,Yes,22.515625,19.890625,True
Zhoues/RoboRefer-2B-SFT,obj1_farther,output/phasevar_5/0010_phA14_phB13.png,Is the cyan sphere farther from the camera than the magenta cube? Answer with yes or no.,Yes,Yes,22.625,20.03125,True
Zhoues/RoboRefer-2B-SFT,obj1_farther,output/phasevar_5/0010_phA14_phB14.png,Is the cyan sphere farther from the camera than the magenta cube? Answer with yes or no.,Yes,Yes,23.0625,19.84375,True
Zhoues/RoboRefer-2B-SFT,obj1_farther,output/phasevar_5/0010_phA14_phB15.png,Is the cyan sphere farther from the camera than the magenta cube? Answer with yes or no.,Yes,Yes,22.78125,20.0,True
Zhoues/RoboRefer-2B-SFT,obj1_farther,output/phasevar_5/0010_phA15_phB00.png,Is the cyan sphere farther from the camera than the magenta cube? Answer with yes or no.,Yes,Yes,22.6875,20.28125,True
Zhoues/RoboRefer-2B-SFT,obj1_farther,output/phasevar_5/0010_phA15_phB01.png,Is the cyan sphere farther from the camera than the magenta cube? Answer with yes or no.,Yes,Yes,22.46875,20.171875,True
Zhoues/RoboRefer-2B-SFT,obj1_farther,output/phasevar_5/0010_phA15_phB02.png,Is the cyan sphere farther from the camera than the magenta cube? Answer with yes or no.,Yes,Yes,22.390625,20.03125,True
Zhoues/RoboRefer-2B-SFT,obj1_farther,output/phasevar_5/0010_phA15_phB03.png,Is the cyan sphere farther from the camera than the magenta cube? Answer with yes or no.,Yes,Yes,22.15625,20.140625,True
Zhoues/RoboRefer-2B-SFT,obj1_farther,output/phasevar_5/0010_phA15_phB04.png,Is the cyan sphere farther from the camera than the magenta cube? Answer with yes or no.,Yes,Yes,22.1875,19.921875,True
Zhoues/RoboRefer-2B-SFT,obj1_farther,output/phasevar_5/0010_phA15_phB05.png,Is the cyan sphere farther from the camera than the magenta cube? Answer with yes or no.,Yes,Yes,22.265625,19.9375,True
Zhoues/RoboRefer-2B-SFT,obj1_farther,output/phasevar_5/0010_phA15_phB06.png,Is the cyan sphere farther from the camera than the magenta cube? Answer with yes or no.,Yes,Yes,22.59375,20.0,True
Zhoues/RoboRefer-2B-SFT,obj1_farther,output/phasevar_5/0010_phA15_phB07.png,Is the cyan sphere farther from the camera than the magenta cube? Answer with yes or no.,Yes,Yes,22.890625,19.859375,True
Zhoues/RoboRefer-2B-SFT,obj1_farther,output/phasevar_5/0010_phA15_phB08.png,Is the cyan sphere farther from the camera than the magenta cube? Answer with yes or no.,Yes,Yes,22.84375,20.015625,True
Zhoues/RoboRefer-2B-SFT,obj1_farther,output/phasevar_5/0010_phA15_phB09.png,Is the cyan sphere farther from the camera than the magenta cube? Answer with yes or no.,Yes,Yes,22.703125,19.984375,True
Zhoues/RoboRefer-2B-SFT,obj1_farther,output/phasevar_5/0010_phA15_phB10.png,Is the cyan sphere farther from the camera than the magenta cube? Answer with yes or no.,Yes,Yes,22.734375,19.546875,True
Zhoues/RoboRefer-2B-SFT,obj1_farther,output/phasevar_5/0010_phA15_phB11.png,Is the cyan sphere farther from the camera than the magenta cube? Answer with yes or no.,Yes,Yes,22.046875,19.875,True
Zhoues/RoboRefer-2B-SFT,obj1_farther,output/phasevar_5/0010_phA15_phB12.png,Is the cyan sphere farther from the camera than the magenta cube? Answer with yes or no.,Yes,Yes,21.9375,20.15625,True
Zhoues/RoboRefer-2B-SFT,obj1_farther,output/phasevar_5/0010_phA15_phB13.png,Is the cyan sphere farther from the camera than the magenta cube? Answer with yes or no.,Yes,Yes,22.28125,20.171875,True
Zhoues/RoboRefer-2B-SFT,obj1_farther,output/phasevar_5/0010_phA15_phB14.png,Is the cyan sphere farther from the camera than the magenta cube? Answer with yes or no.,Yes,Yes,22.890625,19.96875,True
Zhoues/RoboRefer-2B-SFT,obj1_farther,output/phasevar_5/0010_phA15_phB15.png,Is the cyan sphere farther from the camera than the magenta cube? Answer with yes or no.,Yes,Yes,22.65625,19.890625,True
Zhoues/RoboRefer-2B-SFT,obj1_farther,output/phasevar_5/0011_phA00_phB00.png,Is the magenta sphere farther from the camera than the magenta cube? Answer with yes or no.,Yes,Yes,22.984375,20.203125,True
Zhoues/RoboRefer-2B-SFT,obj1_farther,output/phasevar_5/0011_phA00_phB01.png,Is the magenta sphere farther from the camera than the magenta cube? Answer with yes or no.,Yes,Yes,22.609375,20.203125,True
Zhoues/RoboRefer-2B-SFT,obj1_farther,output/phasevar_5/0011_phA00_phB02.png,Is the magenta sphere farther from the camera than the magenta cube? Answer with yes or no.,Yes,Yes,22.65625,20.09375,True
Zhoues/RoboRefer-2B-SFT,obj1_farther,output/phasevar_5/0011_phA00_phB03.png,Is the magenta sphere farther from the camera than the magenta cube? Answer with yes or no.,Yes,Yes,22.53125,20.265625,True
Zhoues/RoboRefer-2B-SFT,obj1_farther,output/phasevar_5/0011_phA00_phB04.png,Is the magenta sphere farther from the camera than the magenta cube? Answer with yes or no.,Yes,Yes,22.59375,20.046875,True
Zhoues/RoboRefer-2B-SFT,obj1_farther,output/phasevar_5/0011_phA00_phB05.png,Is the magenta sphere farther from the camera than the magenta cube? Answer with yes or no.,Yes,Yes,22.65625,19.90625,True
Zhoues/RoboRefer-2B-SFT,obj1_farther,output/phasevar_5/0011_phA00_phB06.png,Is the magenta sphere farther from the camera than the magenta cube? Answer with yes or no.,Yes,Yes,23.0,19.78125,True
Zhoues/RoboRefer-2B-SFT,obj1_farther,output/phasevar_5/0011_phA00_phB07.png,Is the magenta sphere farther from the camera than the magenta cube? Answer with yes or no.,Yes,Yes,23.078125,19.75,True
Zhoues/RoboRefer-2B-SFT,obj1_farther,output/phasevar_5/0011_phA00_phB08.png,Is the magenta sphere farther from the camera than the magenta cube? Answer with yes or no.,Yes,Yes,23.15625,19.8125,True
Zhoues/RoboRefer-2B-SFT,obj1_farther,output/phasevar_5/0011_phA00_phB09.png,Is the magenta sphere farther from the camera than the magenta cube? Answer with yes or no.,Yes,Yes,23.109375,19.765625,True
Zhoues/RoboRefer-2B-SFT,obj1_farther,output/phasevar_5/0011_phA00_phB10.png,Is the magenta sphere farther from the camera than the magenta cube? Answer with yes or no.,Yes,Yes,23.078125,19.78125,True
Zhoues/RoboRefer-2B-SFT,obj1_farther,output/phasevar_5/0011_phA00_phB11.png,Is the magenta sphere farther from the camera than the magenta cube? Answer with yes or no.,Yes,Yes,22.71875,19.640625,True
Zhoues/RoboRefer-2B-SFT,obj1_farther,output/phasevar_5/0011_phA00_phB12.png,Is the magenta sphere farther from the camera than the magenta cube? Answer with yes or no.,Yes,Yes,22.6875,19.859375,True
Zhoues/RoboRefer-2B-SFT,obj1_farther,output/phasevar_5/0011_phA00_phB13.png,Is the magenta sphere farther from the camera than the magenta cube? Answer with yes or no.,Yes,Yes,22.640625,19.96875,True
Zhoues/RoboRefer-2B-SFT,obj1_farther,output/phasevar_5/0011_phA00_phB14.png,Is the magenta sphere farther from the camera than the magenta cube? Answer with yes or no.,Yes,Yes,23.25,20.359375,True
Zhoues/RoboRefer-2B-SFT,obj1_farther,output/phasevar_5/0011_phA00_phB15.png,Is the magenta sphere farther from the camera than the magenta cube? Answer with yes or no.,Yes,Yes,22.984375,20.1875,True
Zhoues/RoboRefer-2B-SFT,obj1_farther,output/phasevar_5/0011_phA01_phB00.png,Is the magenta sphere farther from the camera than the magenta cube? Answer with yes or no.,Yes,Yes,23.171875,20.265625,True
Zhoues/RoboRefer-2B-SFT,obj1_farther,output/phasevar_5/0011_phA01_phB01.png,Is the magenta sphere farther from the camera than the magenta cube? Answer with yes or no.,Yes,Yes,22.984375,20.265625,True
Zhoues/RoboRefer-2B-SFT,obj1_farther,output/phasevar_5/0011_phA01_phB02.png,Is the magenta sphere farther from the camera than the magenta cube? Answer with yes or no.,Yes,Yes,22.78125,20.171875,True
Zhoues/RoboRefer-2B-SFT,obj1_farther,output/phasevar_5/0011_phA01_phB03.png,Is the magenta sphere farther from the camera than the magenta cube? Answer with yes or no.,Yes,Yes,22.71875,20.3125,True
Zhoues/RoboRefer-2B-SFT,obj1_farther,output/phasevar_5/0011_phA01_phB04.png,Is the magenta sphere farther from the camera than the magenta cube? Answer with yes or no.,Yes,Yes,22.796875,20.109375,True
Zhoues/RoboRefer-2B-SFT,obj1_farther,output/phasevar_5/0011_phA01_phB05.png,Is the magenta sphere farther from the camera than the magenta cube? Answer with yes or no.,Yes,Yes,22.8125,20.03125,True
Zhoues/RoboRefer-2B-SFT,obj1_farther,output/phasevar_5/0011_phA01_phB06.png,Is the magenta sphere farther from the camera than the magenta cube? Answer with yes or no.,Yes,Yes,23.15625,19.796875,True
Zhoues/RoboRefer-2B-SFT,obj1_farther,output/phasevar_5/0011_phA01_phB07.png,Is the magenta sphere farther from the camera than the magenta cube? Answer with yes or no.,Yes,Yes,23.25,19.75,True
Zhoues/RoboRefer-2B-SFT,obj1_farther,output/phasevar_5/0011_phA01_phB08.png,Is the magenta sphere farther from the camera than the magenta cube? Answer with yes or no.,Yes,Yes,23.296875,19.78125,True
Zhoues/RoboRefer-2B-SFT,obj1_farther,output/phasevar_5/0011_phA01_phB09.png,Is the magenta sphere farther from the camera than the magenta cube? Answer with yes or no.,Yes,Yes,23.28125,19.84375,True
Zhoues/RoboRefer-2B-SFT,obj1_farther,output/phasevar_5/0011_phA01_phB10.png,Is the magenta sphere farther from the camera than the magenta cube? Answer with yes or no.,Yes,Yes,23.21875,19.8125,True
Zhoues/RoboRefer-2B-SFT,obj1_farther,output/phasevar_5/0011_phA01_phB11.png,Is the magenta sphere farther from the camera than the magenta cube? Answer with yes or no.,Yes,Yes,22.765625,19.71875,True
Zhoues/RoboRefer-2B-SFT,obj1_farther,output/phasevar_5/0011_phA01_phB12.png,Is the magenta sphere farther from the camera than the magenta cube? Answer with yes or no.,Yes,Yes,22.71875,19.953125,True
Zhoues/RoboRefer-2B-SFT,obj1_farther,output/phasevar_5/0011_phA01_phB13.png,Is the magenta sphere farther from the camera than the magenta cube? Answer with yes or no.,Yes,Yes,22.703125,20.0625,True
Zhoues/RoboRefer-2B-SFT,obj1_farther,output/phasevar_5/0011_phA01_phB14.png,Is the magenta sphere farther from the camera than the magenta cube? Answer with yes or no.,Yes,Yes,23.359375,20.421875,True
Zhoues/RoboRefer-2B-SFT,obj1_farther,output/phasevar_5/0011_phA01_phB15.png,Is the magenta sphere farther from the camera than the magenta cube? Answer with yes or no.,Yes,Yes,23.125,20.140625,True
Zhoues/RoboRefer-2B-SFT,obj1_farther,output/phasevar_5/0011_phA02_phB00.png,Is the magenta sphere farther from the camera than the magenta cube? Answer with yes or no.,Yes,Yes,23.09375,20.5,True
Zhoues/RoboRefer-2B-SFT,obj1_farther,output/phasevar_5/0011_phA02_phB01.png,Is the magenta sphere farther from the camera than the magenta cube? Answer with yes or no.,Yes,Yes,23.0625,20.34375,True
Zhoues/RoboRefer-2B-SFT,obj1_farther,output/phasevar_5/0011_phA02_phB02.png,Is the magenta sphere farther from the camera than the magenta cube? Answer with yes or no.,Yes,Yes,22.890625,20.25,True
Zhoues/RoboRefer-2B-SFT,obj1_farther,output/phasevar_5/0011_phA02_phB03.png,Is the magenta sphere farther from the camera than the magenta cube? Answer with yes or no.,Yes,Yes,22.8125,20.515625,True
Zhoues/RoboRefer-2B-SFT,obj1_farther,output/phasevar_5/0011_phA02_phB04.png,Is the magenta sphere farther from the camera than the magenta cube? Answer with yes or no.,Yes,Yes,22.84375,20.265625,True
Zhoues/RoboRefer-2B-SFT,obj1_farther,output/phasevar_5/0011_phA02_phB05.png,Is the magenta sphere farther from the camera than the magenta cube? Answer with yes or no.,Yes,Yes,22.828125,20.28125,True
Zhoues/RoboRefer-2B-SFT,obj1_farther,output/phasevar_5/0011_phA02_phB06.png,Is the magenta sphere farther from the camera than the magenta cube? Answer with yes or no.,Yes,Yes,23.09375,19.953125,True
Zhoues/RoboRefer-2B-SFT,obj1_farther,output/phasevar_5/0011_phA02_phB07.png,Is the magenta sphere farther from the camera than the magenta cube? Answer with yes or no.,Yes,Yes,23.265625,19.9375,True
Zhoues/RoboRefer-2B-SFT,obj1_farther,output/phasevar_5/0011_phA02_phB08.png,Is the magenta sphere farther from the camera than the magenta cube? Answer with yes or no.,Yes,Yes,23.359375,19.984375,True
Zhoues/RoboRefer-2B-SFT,obj1_farther,output/phasevar_5/0011_phA02_phB09.png,Is the magenta sphere farther from the camera than the magenta cube? Answer with yes or no.,Yes,Yes,23.3125,20.140625,True
Zhoues/RoboRefer-2B-SFT,obj1_farther,output/phasevar_5/0011_phA02_phB10.png,Is the magenta sphere farther from the camera than the magenta cube? Answer with yes or no.,Yes,Yes,23.21875,20.140625,True
Zhoues/RoboRefer-2B-SFT,obj1_farther,output/phasevar_5/0011_phA02_phB11.png,Is the magenta sphere farther from the camera than the magenta cube? Answer with yes or no.,Yes,Yes,22.84375,20.03125,True
Zhoues/RoboRefer-2B-SFT,obj1_farther,output/phasevar_5/0011_phA02_phB12.png,Is the magenta sphere farther from the camera than the magenta cube? Answer with yes or no.,Yes,Yes,22.8125,20.203125,True
Zhoues/RoboRefer-2B-SFT,obj1_farther,output/phasevar_5/0011_phA02_phB13.png,Is the magenta sphere farther from the camera than the magenta cube? Answer with yes or no.,Yes,Yes,22.78125,20.34375,True
Zhoues/RoboRefer-2B-SFT,obj1_farther,output/phasevar_5/0011_phA02_phB14.png,Is the magenta sphere farther from the camera than the magenta cube? Answer with yes or no.,Yes,Yes,23.28125,20.578125,True
Zhoues/RoboRefer-2B-SFT,obj1_farther,output/phasevar_5/0011_phA02_phB15.png,Is the magenta sphere farther from the camera than the magenta cube? Answer with yes or no.,Yes,Yes,23.078125,20.375,True
Zhoues/RoboRefer-2B-SFT,obj1_farther,output/phasevar_5/0011_phA03_phB00.png,Is the magenta sphere farther from the camera than the magenta cube? Answer with yes or no.,Yes,Yes,23.171875,20.359375,True
Zhoues/RoboRefer-2B-SFT,obj1_farther,output/phasevar_5/0011_phA03_phB01.png,Is the magenta sphere farther from the camera than the magenta cube? Answer with yes or no.,Yes,Yes,23.03125,20.140625,True
Zhoues/RoboRefer-2B-SFT,obj1_farther,output/phasevar_5/0011_phA03_phB02.png,Is the magenta sphere farther from the camera than the magenta cube? Answer with yes or no.,Yes,Yes,22.953125,20.140625,True
Zhoues/RoboRefer-2B-SFT,obj1_farther,output/phasevar_5/0011_phA03_phB03.png,Is the magenta sphere farther from the camera than the magenta cube? Answer with yes or no.,Yes,Yes,22.828125,20.21875,True
Zhoues/RoboRefer-2B-SFT,obj1_farther,output/phasevar_5/0011_phA03_phB04.png,Is the magenta sphere farther from the camera than the magenta cube? Answer with yes or no.,Yes,Yes,22.8125,20.125,True
Zhoues/RoboRefer-2B-SFT,obj1_farther,output/phasevar_5/0011_phA03_phB05.png,Is the magenta sphere farther from the camera than the magenta cube? Answer with yes or no.,Yes,Yes,22.921875,19.96875,True
Zhoues/RoboRefer-2B-SFT,obj1_farther,output/phasevar_5/0011_phA03_phB06.png,Is the magenta sphere farther from the camera than the magenta cube? Answer with yes or no.,Yes,Yes,23.1875,19.6875,True
Zhoues/RoboRefer-2B-SFT,obj1_farther,output/phasevar_5/0011_phA03_phB07.png,Is the magenta sphere farther from the camera than the magenta cube? Answer with yes or no.,Yes,Yes,23.203125,19.828125,True
Zhoues/RoboRefer-2B-SFT,obj1_farther,output/phasevar_5/0011_phA03_phB08.png,Is the magenta sphere farther from the camera than the magenta cube? Answer with yes or no.,Yes,Yes,23.375,19.765625,True
Zhoues/RoboRefer-2B-SFT,obj1_farther,output/phasevar_5/0011_phA03_phB09.png,Is the magenta sphere farther from the camera than the magenta cube? Answer with yes or no.,Yes,Yes,23.25,19.890625,True
Zhoues/RoboRefer-2B-SFT,obj1_farther,output/phasevar_5/0011_phA03_phB10.png,Is the magenta sphere farther from the camera than the magenta cube? Answer with yes or no.,Yes,Yes,23.203125,19.984375,True
Zhoues/RoboRefer-2B-SFT,obj1_farther,output/phasevar_5/0011_phA03_phB11.png,Is the magenta sphere farther from the camera than the magenta cube? Answer with yes or no.,Yes,Yes,22.859375,19.90625,True
Zhoues/RoboRefer-2B-SFT,obj1_farther,output/phasevar_5/0011_phA03_phB12.png,Is the magenta sphere farther from the camera than the magenta cube? Answer with yes or no.,Yes,Yes,22.78125,20.140625,True
Zhoues/RoboRefer-2B-SFT,obj1_farther,output/phasevar_5/0011_phA03_phB13.png,Is the magenta sphere farther from the camera than the magenta cube? Answer with yes or no.,Yes,Yes,22.828125,20.171875,True
Zhoues/RoboRefer-2B-SFT,obj1_farther,output/phasevar_5/0011_phA03_phB14.png,Is the magenta sphere farther from the camera than the magenta cube? Answer with yes or no.,Yes,Yes,23.359375,20.453125,True
Zhoues/RoboRefer-2B-SFT,obj1_farther,output/phasevar_5/0011_phA03_phB15.png,Is the magenta sphere farther from the camera than the magenta cube? Answer with yes or no.,Yes,Yes,23.09375,20.21875,True
Zhoues/RoboRefer-2B-SFT,obj1_farther,output/phasevar_5/0011_phA04_phB00.png,Is the magenta sphere farther from the camera than the magenta cube? Answer with yes or no.,Yes,Yes,23.109375,20.40625,True
Zhoues/RoboRefer-2B-SFT,obj1_farther,output/phasevar_5/0011_phA04_phB01.png,Is the magenta sphere farther from the camera than the magenta cube? Answer with yes or no.,Yes,Yes,23.046875,20.234375,True
Zhoues/RoboRefer-2B-SFT,obj1_farther,output/phasevar_5/0011_phA04_phB02.png,Is the magenta sphere farther from the camera than the magenta cube? Answer with yes or no.,Yes,Yes,22.890625,20.1875,True
Zhoues/RoboRefer-2B-SFT,obj1_farther,output/phasevar_5/0011_phA04_phB03.png,Is the magenta sphere farther from the camera than the magenta cube? Answer with yes or no.,Yes,Yes,22.765625,20.171875,True
Zhoues/RoboRefer-2B-SFT,obj1_farther,output/phasevar_5/0011_phA04_phB04.png,Is the magenta sphere farther from the camera than the magenta cube? Answer with yes or no.,Yes,Yes,22.75,20.171875,True
Zhoues/RoboRefer-2B-SFT,obj1_farther,output/phasevar_5/0011_phA04_phB05.png,Is the magenta sphere farther from the camera than the magenta cube? Answer with yes or no.,Yes,Yes,22.890625,19.921875,True
Zhoues/RoboRefer-2B-SFT,obj1_farther,output/phasevar_5/0011_phA04_phB06.png,Is the magenta sphere farther from the camera than the magenta cube? Answer with yes or no.,Yes,Yes,23.15625,19.75,True
Zhoues/RoboRefer-2B-SFT,obj1_farther,output/phasevar_5/0011_phA04_phB07.png,Is the magenta sphere farther from the camera than the magenta cube? Answer with yes or no.,Yes,Yes,23.21875,19.78125,True
Zhoues/RoboRefer-2B-SFT,obj1_farther,output/phasevar_5/0011_phA04_phB08.png,Is the magenta sphere farther from the camera than the magenta cube? Answer with yes or no.,Yes,Yes,23.328125,19.75,True
Zhoues/RoboRefer-2B-SFT,obj1_farther,output/phasevar_5/0011_phA04_phB09.png,Is the magenta sphere farther from the camera than the magenta cube? Answer with yes or no.,Yes,Yes,23.1875,19.921875,True
Zhoues/RoboRefer-2B-SFT,obj1_farther,output/phasevar_5/0011_phA04_phB10.png,Is the magenta sphere farther from the camera than the magenta cube? Answer with yes or no.,Yes,Yes,23.171875,20.0,True
Zhoues/RoboRefer-2B-SFT,obj1_farther,output/phasevar_5/0011_phA04_phB11.png,Is the magenta sphere farther from the camera than the magenta cube? Answer with yes or no.,Yes,Yes,22.765625,20.0,True
Zhoues/RoboRefer-2B-SFT,obj1_farther,output/phasevar_5/0011_phA04_phB12.png,Is the magenta sphere farther from the camera than the magenta cube? Answer with yes or no.,Yes,Yes,22.71875,20.265625,True
Zhoues/RoboRefer-2B-SFT,obj1_farther,output/phasevar_5/0011_phA04_phB13.png,Is the magenta sphere farther from the camera than the magenta cube? Answer with yes or no.,Yes,Yes,22.796875,20.109375,True
Zhoues/RoboRefer-2B-SFT,obj1_farther,output/phasevar_5/0011_phA04_phB14.png,Is the magenta sphere farther from the camera than the magenta cube? Answer with yes or no.,Yes,Yes,23.328125,20.359375,True
Zhoues/RoboRefer-2B-SFT,obj1_farther,output/phasevar_5/0011_phA04_phB15.png,Is the magenta sphere farther from the camera than the magenta cube? Answer with yes or no.,Yes,Yes,23.078125,20.234375,True
Zhoues/RoboRefer-2B-SFT,obj1_farther,output/phasevar_5/0011_phA05_phB00.png,Is the magenta sphere farther from the camera than the magenta cube? Answer with yes or no.,Yes,Yes,22.875,20.21875,True
Zhoues/RoboRefer-2B-SFT,obj1_farther,output/phasevar_5/0011_phA05_phB01.png,Is the magenta sphere farther from the camera than the magenta cube? Answer with yes or no.,Yes,Yes,22.8125,20.140625,True
Zhoues/RoboRefer-2B-SFT,obj1_farther,output/phasevar_5/0011_phA05_phB02.png,Is the magenta sphere farther from the camera than the magenta cube? Answer with yes or no.,Yes,Yes,22.75,20.125,True
Zhoues/RoboRefer-2B-SFT,obj1_farther,output/phasevar_5/0011_phA05_phB03.png,Is the magenta sphere farther from the camera than the magenta cube? Answer with yes or no.,Yes,Yes,22.734375,20.1875,True
Zhoues/RoboRefer-2B-SFT,obj1_farther,output/phasevar_5/0011_phA05_phB04.png,Is the magenta sphere farther from the camera than the magenta cube? Answer with yes or no.,Yes,Yes,22.671875,20.09375,True
Zhoues/RoboRefer-2B-SFT,obj1_farther,output/phasevar_5/0011_phA05_phB05.png,Is the magenta sphere farther from the camera than the magenta cube? Answer with yes or no.,Yes,Yes,22.90625,19.9375,True
Zhoues/RoboRefer-2B-SFT,obj1_farther,output/phasevar_5/0011_phA05_phB06.png,Is the magenta sphere farther from the camera than the magenta cube? Answer with yes or no.,Yes,Yes,23.03125,19.765625,True
Zhoues/RoboRefer-2B-SFT,obj1_farther,output/phasevar_5/0011_phA05_phB07.png,Is the magenta sphere farther from the camera than the magenta cube? Answer with yes or no.,Yes,Yes,23.078125,19.703125,True
Zhoues/RoboRefer-2B-SFT,obj1_farther,output/phasevar_5/0011_phA05_phB08.png,Is the magenta sphere farther from the camera than the magenta cube? Answer with yes or no.,Yes,Yes,23.203125,19.8125,True
Zhoues/RoboRefer-2B-SFT,obj1_farther,output/phasevar_5/0011_phA05_phB09.png,Is the magenta sphere farther from the camera than the magenta cube? Answer with yes or no.,Yes,Yes,23.015625,19.96875,True
Zhoues/RoboRefer-2B-SFT,obj1_farther,output/phasevar_5/0011_phA05_phB10.png,Is the magenta sphere farther from the camera than the magenta cube? Answer with yes or no.,Yes,Yes,23.078125,20.078125,True
Zhoues/RoboRefer-2B-SFT,obj1_farther,output/phasevar_5/0011_phA05_phB11.png,Is the magenta sphere farther from the camera than the magenta cube? Answer with yes or no.,Yes,Yes,22.6875,20.0,True
Zhoues/RoboRefer-2B-SFT,obj1_farther,output/phasevar_5/0011_phA05_phB12.png,Is the magenta sphere farther from the camera than the magenta cube? Answer with yes or no.,Yes,Yes,22.59375,20.140625,True
Zhoues/RoboRefer-2B-SFT,obj1_farther,output/phasevar_5/0011_phA05_phB13.png,Is the magenta sphere farther from the camera than the magenta cube? Answer with yes or no.,Yes,Yes,22.703125,20.046875,True
Zhoues/RoboRefer-2B-SFT,obj1_farther,output/phasevar_5/0011_phA05_phB14.png,Is the magenta sphere farther from the camera than the magenta cube? Answer with yes or no.,Yes,Yes,23.21875,20.3125,True
Zhoues/RoboRefer-2B-SFT,obj1_farther,output/phasevar_5/0011_phA05_phB15.png,Is the magenta sphere farther from the camera than the magenta cube? Answer with yes or no.,Yes,Yes,22.890625,20.125,True
Zhoues/RoboRefer-2B-SFT,obj1_farther,output/phasevar_5/0011_phA06_phB00.png,Is the magenta sphere farther from the camera than the magenta cube? Answer with yes or no.,Yes,Yes,22.796875,20.28125,True
Zhoues/RoboRefer-2B-SFT,obj1_farther,output/phasevar_5/0011_phA06_phB01.png,Is the magenta sphere farther from the camera than the magenta cube? Answer with yes or no.,Yes,Yes,22.671875,20.171875,True
Zhoues/RoboRefer-2B-SFT,obj1_farther,output/phasevar_5/0011_phA06_phB02.png,Is the magenta sphere farther from the camera than the magenta cube? Answer with yes or no.,Yes,Yes,22.625,20.140625,True
Zhoues/RoboRefer-2B-SFT,obj1_farther,output/phasevar_5/0011_phA06_phB03.png,Is the magenta sphere farther from the camera than the magenta cube? Answer with yes or no.,Yes,Yes,22.59375,20.25,True
Zhoues/RoboRefer-2B-SFT,obj1_farther,output/phasevar_5/0011_phA06_phB04.png,Is the magenta sphere farther from the camera than the magenta cube? Answer with yes or no.,Yes,Yes,22.546875,20.171875,True
Zhoues/RoboRefer-2B-SFT,obj1_farther,output/phasevar_5/0011_phA06_phB05.png,Is the magenta sphere farther from the camera than the magenta cube? Answer with yes or no.,Yes,Yes,22.65625,20.25,True
Zhoues/RoboRefer-2B-SFT,obj1_farther,output/phasevar_5/0011_phA06_phB06.png,Is the magenta sphere farther from the camera than the magenta cube? Answer with yes or no.,Yes,Yes,22.96875,19.859375,True
Zhoues/RoboRefer-2B-SFT,obj1_farther,output/phasevar_5/0011_phA06_phB07.png,Is the magenta sphere farther from the camera than the magenta cube? Answer with yes or no.,Yes,Yes,23.125,19.9375,True
Zhoues/RoboRefer-2B-SFT,obj1_farther,output/phasevar_5/0011_phA06_phB08.png,Is the magenta sphere farther from the camera than the magenta cube? Answer with yes or no.,Yes,Yes,23.203125,20.1875,True
Zhoues/RoboRefer-2B-SFT,obj1_farther,output/phasevar_5/0011_phA06_phB09.png,Is the magenta sphere farther from the camera than the magenta cube? Answer with yes or no.,Yes,Yes,22.96875,20.265625,True
Zhoues/RoboRefer-2B-SFT,obj1_farther,output/phasevar_5/0011_phA06_phB10.png,Is the magenta sphere farther from the camera than the magenta cube? Answer with yes or no.,Yes,Yes,22.953125,20.25,True
Zhoues/RoboRefer-2B-SFT,obj1_farther,output/phasevar_5/0011_phA06_phB11.png,Is the magenta sphere farther from the camera than the magenta cube? Answer with yes or no.,Yes,Yes,22.546875,20.078125,True
Zhoues/RoboRefer-2B-SFT,obj1_farther,output/phasevar_5/0011_phA06_phB12.png,Is the magenta sphere farther from the camera than the magenta cube? Answer with yes or no.,Yes,Yes,22.4375,20.109375,True
Zhoues/RoboRefer-2B-SFT,obj1_farther,output/phasevar_5/0011_phA06_phB13.png,Is the magenta sphere farther from the camera than the magenta cube? Answer with yes or no.,Yes,Yes,22.546875,20.109375,True
Zhoues/RoboRefer-2B-SFT,obj1_farther,output/phasevar_5/0011_phA06_phB14.png,Is the magenta sphere farther from the camera than the magenta cube? Answer with yes or no.,Yes,Yes,23.078125,20.328125,True
Zhoues/RoboRefer-2B-SFT,obj1_farther,output/phasevar_5/0011_phA06_phB15.png,Is the magenta sphere farther from the camera than the magenta cube? Answer with yes or no.,Yes,Yes,22.796875,20.125,True
Zhoues/RoboRefer-2B-SFT,obj1_farther,output/phasevar_5/0011_phA07_phB00.png,Is the magenta sphere farther from the camera than the magenta cube? Answer with yes or no.,Yes,Yes,22.921875,20.0,True
Zhoues/RoboRefer-2B-SFT,obj1_farther,output/phasevar_5/0011_phA07_phB01.png,Is the magenta sphere farther from the camera than the magenta cube? Answer with yes or no.,Yes,Yes,22.765625,19.9375,True
Zhoues/RoboRefer-2B-SFT,obj1_farther,output/phasevar_5/0011_phA07_phB02.png,Is the magenta sphere farther from the camera than the magenta cube? Answer with yes or no.,Yes,Yes,22.703125,20.015625,True
Zhoues/RoboRefer-2B-SFT,obj1_farther,output/phasevar_5/0011_phA07_phB03.png,Is the magenta sphere farther from the camera than the magenta cube? Answer with yes or no.,Yes,Yes,22.671875,20.03125,True
Zhoues/RoboRefer-2B-SFT,obj1_farther,output/phasevar_5/0011_phA07_phB04.png,Is the magenta sphere farther from the camera than the magenta cube? Answer with yes or no.,Yes,Yes,22.640625,20.0,True
Zhoues/RoboRefer-2B-SFT,obj1_farther,output/phasevar_5/0011_phA07_phB05.png,Is the magenta sphere farther from the camera than the magenta cube? Answer with yes or no.,Yes,Yes,22.6875,19.96875,True
Zhoues/RoboRefer-2B-SFT,obj1_farther,output/phasevar_5/0011_phA07_phB06.png,Is the magenta sphere farther from the camera than the magenta cube? Answer with yes or no.,Yes,Yes,22.9375,19.65625,True
Zhoues/RoboRefer-2B-SFT,obj1_farther,output/phasevar_5/0011_phA07_phB07.png,Is the magenta sphere farther from the camera than the magenta cube? Answer with yes or no.,Yes,Yes,23.109375,19.625,True
Zhoues/RoboRefer-2B-SFT,obj1_farther,output/phasevar_5/0011_phA07_phB08.png,Is the magenta sphere farther from the camera than the magenta cube? Answer with yes or no.,Yes,Yes,23.171875,19.625,True
Zhoues/RoboRefer-2B-SFT,obj1_farther,output/phasevar_5/0011_phA07_phB09.png,Is the magenta sphere farther from the camera than the magenta cube? Answer with yes or no.,Yes,Yes,23.0625,19.796875,True
Zhoues/RoboRefer-2B-SFT,obj1_farther,output/phasevar_5/0011_phA07_phB10.png,Is the magenta sphere farther from the camera than the magenta cube? Answer with yes or no.,Yes,Yes,23.0,19.78125,True
Zhoues/RoboRefer-2B-SFT,obj1_farther,output/phasevar_5/0011_phA07_phB11.png,Is the magenta sphere farther from the camera than the magenta cube? Answer with yes or no.,Yes,Yes,22.515625,19.71875,True
Zhoues/RoboRefer-2B-SFT,obj1_farther,output/phasevar_5/0011_phA07_phB12.png,Is the magenta sphere farther from the camera than the magenta cube? Answer with yes or no.,Yes,Yes,22.46875,19.734375,True
Zhoues/RoboRefer-2B-SFT,obj1_farther,output/phasevar_5/0011_phA07_phB13.png,Is the magenta sphere farther from the camera than the magenta cube? Answer with yes or no.,Yes,Yes,22.578125,19.71875,True
Zhoues/RoboRefer-2B-SFT,obj1_farther,output/phasevar_5/0011_phA07_phB14.png,Is the magenta sphere farther from the camera than the magenta cube? Answer with yes or no.,Yes,Yes,23.21875,20.1875,True
Zhoues/RoboRefer-2B-SFT,obj1_farther,output/phasevar_5/0011_phA07_phB15.png,Is the magenta sphere farther from the camera than the magenta cube? Answer with yes or no.,Yes,Yes,22.90625,19.859375,True
Zhoues/RoboRefer-2B-SFT,obj1_farther,output/phasevar_5/0011_phA08_phB00.png,Is the magenta sphere farther from the camera than the magenta cube? Answer with yes or no.,Yes,Yes,22.890625,20.0625,True
Zhoues/RoboRefer-2B-SFT,obj1_farther,output/phasevar_5/0011_phA08_phB01.png,Is the magenta sphere farther from the camera than the magenta cube? Answer with yes or no.,Yes,Yes,22.6875,20.015625,True
Zhoues/RoboRefer-2B-SFT,obj1_farther,output/phasevar_5/0011_phA08_phB02.png,Is the magenta sphere farther from the camera than the magenta cube? Answer with yes or no.,Yes,Yes,22.671875,20.03125,True
Zhoues/RoboRefer-2B-SFT,obj1_farther,output/phasevar_5/0011_phA08_phB03.png,Is the magenta sphere farther from the camera than the magenta cube? Answer with yes or no.,Yes,Yes,22.625,20.09375,True
Zhoues/RoboRefer-2B-SFT,obj1_farther,output/phasevar_5/0011_phA08_phB04.png,Is the magenta sphere farther from the camera than the magenta cube? Answer with yes or no.,Yes,Yes,22.625,20.0,True
Zhoues/RoboRefer-2B-SFT,obj1_farther,output/phasevar_5/0011_phA08_phB05.png,Is the magenta sphere farther from the camera than the magenta cube? Answer with yes or no.,Yes,Yes,22.65625,19.890625,True
Zhoues/RoboRefer-2B-SFT,obj1_farther,output/phasevar_5/0011_phA08_phB06.png,Is the magenta sphere farther from the camera than the magenta cube? Answer with yes or no.,Yes,Yes,22.890625,19.75,True
Zhoues/RoboRefer-2B-SFT,obj1_farther,output/phasevar_5/0011_phA08_phB07.png,Is the magenta sphere farther from the camera than the magenta cube? Answer with yes or no.,Yes,Yes,23.0625,19.6875,True
Zhoues/RoboRefer-2B-SFT,obj1_farther,output/phasevar_5/0011_phA08_phB08.png,Is the magenta sphere farther from the camera than the magenta cube? Answer with yes or no.,Yes,Yes,23.140625,19.59375,True
Zhoues/RoboRefer-2B-SFT,obj1_farther,output/phasevar_5/0011_phA08_phB09.png,Is the magenta sphere farther from the camera than the magenta cube? Answer with yes or no.,Yes,Yes,23.015625,19.84375,True
Zhoues/RoboRefer-2B-SFT,obj1_farther,output/phasevar_5/0011_phA08_phB10.png,Is the magenta sphere farther from the camera than the magenta cube? Answer with yes or no.,Yes,Yes,22.90625,19.765625,True
Zhoues/RoboRefer-2B-SFT,obj1_farther,output/phasevar_5/0011_phA08_phB11.png,Is the magenta sphere farther from the camera than the magenta cube? Answer with yes or no.,Yes,Yes,22.46875,19.796875,True
Zhoues/RoboRefer-2B-SFT,obj1_farther,output/phasevar_5/0011_phA08_phB12.png,Is the magenta sphere farther from the camera than the magenta cube? Answer with yes or no.,Yes,Yes,22.546875,19.765625,True
Zhoues/RoboRefer-2B-SFT,obj1_farther,output/phasevar_5/0011_phA08_phB13.png,Is the magenta sphere farther from the camera than the magenta cube? Answer with yes or no.,Yes,Yes,22.578125,19.71875,True
Zhoues/RoboRefer-2B-SFT,obj1_farther,output/phasevar_5/0011_phA08_phB14.png,Is the magenta sphere farther from the camera than the magenta cube? Answer with yes or no.,Yes,Yes,23.171875,20.25,True
Zhoues/RoboRefer-2B-SFT,obj1_farther,output/phasevar_5/0011_phA08_phB15.png,Is the magenta sphere farther from the camera than the magenta cube? Answer with yes or no.,Yes,Yes,22.890625,19.90625,True
Zhoues/RoboRefer-2B-SFT,obj1_farther,output/phasevar_5/0011_phA09_phB00.png,Is the magenta sphere farther from the camera than the magenta cube? Answer with yes or no.,Yes,Yes,22.875,20.109375,True
Zhoues/RoboRefer-2B-SFT,obj1_farther,output/phasevar_5/0011_phA09_phB01.png,Is the magenta sphere farther from the camera than the magenta cube? Answer with yes or no.,Yes,Yes,22.671875,20.078125,True
Zhoues/RoboRefer-2B-SFT,obj1_farther,output/phasevar_5/0011_phA09_phB02.png,Is the magenta sphere farther from the camera than the magenta cube? Answer with yes or no.,Yes,Yes,22.6875,20.078125,True
Zhoues/RoboRefer-2B-SFT,obj1_farther,output/phasevar_5/0011_phA09_phB03.png,Is the magenta sphere farther from the camera than the magenta cube? Answer with yes or no.,Yes,Yes,22.65625,20.125,True
Zhoues/RoboRefer-2B-SFT,obj1_farther,output/phasevar_5/0011_phA09_phB04.png,Is the magenta sphere farther from the camera than the magenta cube? Answer with yes or no.,Yes,Yes,22.640625,20.09375,True
Zhoues/RoboRefer-2B-SFT,obj1_farther,output/phasevar_5/0011_phA09_phB05.png,Is the magenta sphere farther from the camera than the magenta cube? Answer with yes or no.,Yes,Yes,22.640625,19.96875,True
Zhoues/RoboRefer-2B-SFT,obj1_farther,output/phasevar_5/0011_phA09_phB06.png,Is the magenta sphere farther from the camera than the magenta cube? Answer with yes or no.,Yes,Yes,22.875,19.890625,True
Zhoues/RoboRefer-2B-SFT,obj1_farther,output/phasevar_5/0011_phA09_phB07.png,Is the magenta sphere farther from the camera than the magenta cube? Answer with yes or no.,Yes,Yes,23.0625,19.734375,True
Zhoues/RoboRefer-2B-SFT,obj1_farther,output/phasevar_5/0011_phA09_phB08.png,Is the magenta sphere farther from the camera than the magenta cube? Answer with yes or no.,Yes,Yes,23.125,19.546875,True
Zhoues/RoboRefer-2B-SFT,obj1_farther,output/phasevar_5/0011_phA09_phB09.png,Is the magenta sphere farther from the camera than the magenta cube? Answer with yes or no.,Yes,Yes,23.0625,19.765625,True
Zhoues/RoboRefer-2B-SFT,obj1_farther,output/phasevar_5/0011_phA09_phB10.png,Is the magenta sphere farther from the camera than the magenta cube? Answer with yes or no.,Yes,Yes,22.96875,19.84375,True
Zhoues/RoboRefer-2B-SFT,obj1_farther,output/phasevar_5/0011_phA09_phB11.png,Is the magenta sphere farther from the camera than the magenta cube? Answer with yes or no.,Yes,Yes,22.53125,19.828125,True
Zhoues/RoboRefer-2B-SFT,obj1_farther,output/phasevar_5/0011_phA09_phB12.png,Is the magenta sphere farther from the camera than the magenta cube? Answer with yes or no.,Yes,Yes,22.59375,19.796875,True
Zhoues/RoboRefer-2B-SFT,obj1_farther,output/phasevar_5/0011_phA09_phB13.png,Is the magenta sphere farther from the camera than the magenta cube? Answer with yes or no.,Yes,Yes,22.65625,19.78125,True
Zhoues/RoboRefer-2B-SFT,obj1_farther,output/phasevar_5/0011_phA09_phB14.png,Is the magenta sphere farther from the camera than the magenta cube? Answer with yes or no.,Yes,Yes,23.203125,20.1875,True
Zhoues/RoboRefer-2B-SFT,obj1_farther,output/phasevar_5/0011_phA09_phB15.png,Is the magenta sphere farther from the camera than the magenta cube? Answer with yes or no.,Yes,Yes,22.890625,19.953125,True
Zhoues/RoboRefer-2B-SFT,obj1_farther,output/phasevar_5/0011_phA10_phB00.png,Is the magenta sphere farther from the camera than the magenta cube? Answer with yes or no.,Yes,Yes,22.921875,20.03125,True
Zhoues/RoboRefer-2B-SFT,obj1_farther,output/phasevar_5/0011_phA10_phB01.png,Is the magenta sphere farther from the camera than the magenta cube? Answer with yes or no.,Yes,Yes,22.6875,20.140625,True
Zhoues/RoboRefer-2B-SFT,obj1_farther,output/phasevar_5/0011_phA10_phB02.png,Is the magenta sphere farther from the camera than the magenta cube? Answer with yes or no.,Yes,Yes,22.84375,20.09375,True
Zhoues/RoboRefer-2B-SFT,obj1_farther,output/phasevar_5/0011_phA10_phB03.png,Is the magenta sphere farther from the camera than the magenta cube? Answer with yes or no.,Yes,Yes,22.765625,20.078125,True
Zhoues/RoboRefer-2B-SFT,obj1_farther,output/phasevar_5/0011_phA10_phB04.png,Is the magenta sphere farther from the camera than the magenta cube? Answer with yes or no.,Yes,Yes,22.640625,20.140625,True
Zhoues/RoboRefer-2B-SFT,obj1_farther,output/phasevar_5/0011_phA10_phB05.png,Is the magenta sphere farther from the camera than the magenta cube? Answer with yes or no.,Yes,Yes,22.734375,19.96875,True
Zhoues/RoboRefer-2B-SFT,obj1_farther,output/phasevar_5/0011_phA10_phB06.png,Is the magenta sphere farther from the camera than the magenta cube? Answer with yes or no.,Yes,Yes,22.90625,19.90625,True
Zhoues/RoboRefer-2B-SFT,obj1_farther,output/phasevar_5/0011_phA10_phB07.png,Is the magenta sphere farther from the camera than the magenta cube? Answer with yes or no.,Yes,Yes,23.171875,19.796875,True
Zhoues/RoboRefer-2B-SFT,obj1_farther,output/phasevar_5/0011_phA10_phB08.png,Is the magenta sphere farther from the camera than the magenta cube? Answer with yes or no.,Yes,Yes,23.28125,19.609375,True
Zhoues/RoboRefer-2B-SFT,obj1_farther,output/phasevar_5/0011_phA10_phB09.png,Is the magenta sphere farther from the camera than the magenta cube? Answer with yes or no.,Yes,Yes,23.25,19.796875,True
Zhoues/RoboRefer-2B-SFT,obj1_farther,output/phasevar_5/0011_phA10_phB10.png,Is the magenta sphere farther from the camera than the magenta cube? Answer with yes or no.,Yes,Yes,23.171875,19.890625,True
Zhoues/RoboRefer-2B-SFT,obj1_farther,output/phasevar_5/0011_phA10_phB11.png,Is the magenta sphere farther from the camera than the magenta cube? Answer with yes or no.,Yes,Yes,22.953125,19.734375,True
Zhoues/RoboRefer-2B-SFT,obj1_farther,output/phasevar_5/0011_phA10_phB12.png,Is the magenta sphere farther from the camera than the magenta cube? Answer with yes or no.,Yes,Yes,22.875,19.78125,True
Zhoues/RoboRefer-2B-SFT,obj1_farther,output/phasevar_5/0011_phA10_phB13.png,Is the magenta sphere farther from the camera than the magenta cube? Answer with yes or no.,Yes,Yes,22.953125,19.78125,True
Zhoues/RoboRefer-2B-SFT,obj1_farther,output/phasevar_5/0011_phA10_phB14.png,Is the magenta sphere farther from the camera than the magenta cube? Answer with yes or no.,Yes,Yes,23.390625,19.921875,True
Zhoues/RoboRefer-2B-SFT,obj1_farther,output/phasevar_5/0011_phA10_phB15.png,Is the magenta sphere farther from the camera than the magenta cube? Answer with yes or no.,Yes,Yes,22.953125,19.921875,True
Zhoues/RoboRefer-2B-SFT,obj1_farther,output/phasevar_5/0011_phA11_phB00.png,Is the magenta sphere farther from the camera than the magenta cube? Answer with yes or no.,Yes,Yes,22.890625,20.203125,True
Zhoues/RoboRefer-2B-SFT,obj1_farther,output/phasevar_5/0011_phA11_phB01.png,Is the magenta sphere farther from the camera than the magenta cube? Answer with yes or no.,Yes,Yes,22.515625,20.46875,True
Zhoues/RoboRefer-2B-SFT,obj1_farther,output/phasevar_5/0011_phA11_phB02.png,Is the magenta sphere farther from the camera than the magenta cube? Answer with yes or no.,Yes,Yes,22.875,20.15625,True
Zhoues/RoboRefer-2B-SFT,obj1_farther,output/phasevar_5/0011_phA11_phB03.png,Is the magenta sphere farther from the camera than the magenta cube? Answer with yes or no.,Yes,Yes,22.703125,20.25,True
Zhoues/RoboRefer-2B-SFT,obj1_farther,output/phasevar_5/0011_phA11_phB04.png,Is the magenta sphere farther from the camera than the magenta cube? Answer with yes or no.,Yes,Yes,22.71875,20.234375,True
Zhoues/RoboRefer-2B-SFT,obj1_farther,output/phasevar_5/0011_phA11_phB05.png,Is the magenta sphere farther from the camera than the magenta cube? Answer with yes or no.,Yes,Yes,22.796875,20.0,True
Zhoues/RoboRefer-2B-SFT,obj1_farther,output/phasevar_5/0011_phA11_phB06.png,Is the magenta sphere farther from the camera than the magenta cube? Answer with yes or no.,Yes,Yes,23.046875,19.953125,True
Zhoues/RoboRefer-2B-SFT,obj1_farther,output/phasevar_5/0011_phA11_phB07.png,Is the magenta sphere farther from the camera than the magenta cube? Answer with yes or no.,Yes,Yes,23.109375,20.109375,True
Zhoues/RoboRefer-2B-SFT,obj1_farther,output/phasevar_5/0011_phA11_phB08.png,Is the magenta sphere farther from the camera than the magenta cube? Answer with yes or no.,Yes,Yes,23.265625,19.75,True
Zhoues/RoboRefer-2B-SFT,obj1_farther,output/phasevar_5/0011_phA11_phB09.png,Is the magenta sphere farther from the camera than the magenta cube? Answer with yes or no.,Yes,Yes,23.140625,20.046875,True
Zhoues/RoboRefer-2B-SFT,obj1_farther,output/phasevar_5/0011_phA11_phB10.png,Is the magenta sphere farther from the camera than the magenta cube? Answer with yes or no.,Yes,Yes,23.1875,19.828125,True
Zhoues/RoboRefer-2B-SFT,obj1_farther,output/phasevar_5/0011_phA11_phB11.png,Is the magenta sphere farther from the camera than the magenta cube? Answer with yes or no.,Yes,Yes,22.984375,19.75,True
Zhoues/RoboRefer-2B-SFT,obj1_farther,output/phasevar_5/0011_phA11_phB12.png,Is the magenta sphere farther from the camera than the magenta cube? Answer with yes or no.,Yes,Yes,22.953125,19.90625,True
Zhoues/RoboRefer-2B-SFT,obj1_farther,output/phasevar_5/0011_phA11_phB13.png,Is the magenta sphere farther from the camera than the magenta cube? Answer with yes or no.,Yes,Yes,22.96875,20.015625,True
Zhoues/RoboRefer-2B-SFT,obj1_farther,output/phasevar_5/0011_phA11_phB14.png,Is the magenta sphere farther from the camera than the magenta cube? Answer with yes or no.,Yes,Yes,23.390625,20.15625,True
Zhoues/RoboRefer-2B-SFT,obj1_farther,output/phasevar_5/0011_phA11_phB15.png,Is the magenta sphere farther from the camera than the magenta cube? Answer with yes or no.,Yes,Yes,23.0,20.109375,True
Zhoues/RoboRefer-2B-SFT,obj1_farther,output/phasevar_5/0011_phA12_phB00.png,Is the magenta sphere farther from the camera than the magenta cube? Answer with yes or no.,Yes,Yes,22.9375,20.3125,True
Zhoues/RoboRefer-2B-SFT,obj1_farther,output/phasevar_5/0011_phA12_phB01.png,Is the magenta sphere farther from the camera than the magenta cube? Answer with yes or no.,Yes,Yes,22.53125,20.484375,True
Zhoues/RoboRefer-2B-SFT,obj1_farther,output/phasevar_5/0011_phA12_phB02.png,Is the magenta sphere farther from the camera than the magenta cube? Answer with yes or no.,Yes,Yes,22.875,20.1875,True
Zhoues/RoboRefer-2B-SFT,obj1_farther,output/phasevar_5/0011_phA12_phB03.png,Is the magenta sphere farther from the camera than the magenta cube? Answer with yes or no.,Yes,Yes,22.734375,20.1875,True
Zhoues/RoboRefer-2B-SFT,obj1_farther,output/phasevar_5/0011_phA12_phB04.png,Is the magenta sphere farther from the camera than the magenta cube? Answer with yes or no.,Yes,Yes,22.71875,20.21875,True
Zhoues/RoboRefer-2B-SFT,obj1_farther,output/phasevar_5/0011_phA12_phB05.png,Is the magenta sphere farther from the camera than the magenta cube? Answer with yes or no.,Yes,Yes,22.828125,19.890625,True
Zhoues/RoboRefer-2B-SFT,obj1_farther,output/phasevar_5/0011_phA12_phB06.png,Is the magenta sphere farther from the camera than the magenta cube? Answer with yes or no.,Yes,Yes,23.078125,20.109375,True
Zhoues/RoboRefer-2B-SFT,obj1_farther,output/phasevar_5/0011_phA12_phB07.png,Is the magenta sphere farther from the camera than the magenta cube? Answer with yes or no.,Yes,Yes,23.125,20.140625,True
Zhoues/RoboRefer-2B-SFT,obj1_farther,output/phasevar_5/0011_phA12_phB08.png,Is the magenta sphere farther from the camera than the magenta cube? Answer with yes or no.,Yes,Yes,23.3125,19.671875,True
Zhoues/RoboRefer-2B-SFT,obj1_farther,output/phasevar_5/0011_phA12_phB09.png,Is the magenta sphere farther from the camera than the magenta cube? Answer with yes or no.,Yes,Yes,23.21875,19.84375,True
Zhoues/RoboRefer-2B-SFT,obj1_farther,output/phasevar_5/0011_phA12_phB10.png,Is the magenta sphere farther from the camera than the magenta cube? Answer with yes or no.,Yes,Yes,23.203125,19.890625,True
Zhoues/RoboRefer-2B-SFT,obj1_farther,output/phasevar_5/0011_phA12_phB11.png,Is the magenta sphere farther from the camera than the magenta cube? Answer with yes or no.,Yes,Yes,22.859375,19.703125,True
Zhoues/RoboRefer-2B-SFT,obj1_farther,output/phasevar_5/0011_phA12_phB12.png,Is the magenta sphere farther from the camera than the magenta cube? Answer with yes or no.,Yes,Yes,22.828125,19.96875,True
Zhoues/RoboRefer-2B-SFT,obj1_farther,output/phasevar_5/0011_phA12_phB13.png,Is the magenta sphere farther from the camera than the magenta cube? Answer with yes or no.,Yes,Yes,22.9375,20.046875,True
Zhoues/RoboRefer-2B-SFT,obj1_farther,output/phasevar_5/0011_phA12_phB14.png,Is the magenta sphere farther from the camera than the magenta cube? Answer with yes or no.,Yes,Yes,23.4375,20.21875,True
Zhoues/RoboRefer-2B-SFT,obj1_farther,output/phasevar_5/0011_phA12_phB15.png,Is the magenta sphere farther from the camera than the magenta cube? Answer with yes or no.,Yes,Yes,23.0625,20.203125,True
Zhoues/RoboRefer-2B-SFT,obj1_farther,output/phasevar_5/0011_phA13_phB00.png,Is the magenta sphere farther from the camera than the magenta cube? Answer with yes or no.,Yes,Yes,22.890625,20.359375,True
Zhoues/RoboRefer-2B-SFT,obj1_farther,output/phasevar_5/0011_phA13_phB01.png,Is the magenta sphere farther from the camera than the magenta cube? Answer with yes or no.,Yes,Yes,22.578125,20.46875,True
Zhoues/RoboRefer-2B-SFT,obj1_farther,output/phasevar_5/0011_phA13_phB02.png,Is the magenta sphere farther from the camera than the magenta cube? Answer with yes or no.,Yes,Yes,22.859375,20.15625,True
Zhoues/RoboRefer-2B-SFT,obj1_farther,output/phasevar_5/0011_phA13_phB03.png,Is the magenta sphere farther from the camera than the magenta cube? Answer with yes or no.,Yes,Yes,22.75,20.203125,True
Zhoues/RoboRefer-2B-SFT,obj1_farther,output/phasevar_5/0011_phA13_phB04.png,Is the magenta sphere farther from the camera than the magenta cube? Answer with yes or no.,Yes,Yes,22.75,20.265625,True
Zhoues/RoboRefer-2B-SFT,obj1_farther,output/phasevar_5/0011_phA13_phB05.png,Is the magenta sphere farther from the camera than the magenta cube? Answer with yes or no.,Yes,Yes,22.859375,19.96875,True
Zhoues/RoboRefer-2B-SFT,obj1_farther,output/phasevar_5/0011_phA13_phB06.png,Is the magenta sphere farther from the camera than the magenta cube? Answer with yes or no.,Yes,Yes,23.078125,19.96875,True
Zhoues/RoboRefer-2B-SFT,obj1_farther,output/phasevar_5/0011_phA13_phB07.png,Is the magenta sphere farther from the camera than the magenta cube? Answer with yes or no.,Yes,Yes,23.078125,20.125,True
Zhoues/RoboRefer-2B-SFT,obj1_farther,output/phasevar_5/0011_phA13_phB08.png,Is the magenta sphere farther from the camera than the magenta cube? Answer with yes or no.,Yes,Yes,23.234375,19.90625,True
Zhoues/RoboRefer-2B-SFT,obj1_farther,output/phasevar_5/0011_phA13_phB09.png,Is the magenta sphere farther from the camera than the magenta cube? Answer with yes or no.,Yes,Yes,23.171875,19.921875,True
Zhoues/RoboRefer-2B-SFT,obj1_farther,output/phasevar_5/0011_phA13_phB10.png,Is the magenta sphere farther from the camera than the magenta cube? Answer with yes or no.,Yes,Yes,23.1875,19.921875,True
Zhoues/RoboRefer-2B-SFT,obj1_farther,output/phasevar_5/0011_phA13_phB11.png,Is the magenta sphere farther from the camera than the magenta cube? Answer with yes or no.,Yes,Yes,22.890625,19.8125,True
Zhoues/RoboRefer-2B-SFT,obj1_farther,output/phasevar_5/0011_phA13_phB12.png,Is the magenta sphere farther from the camera than the magenta cube? Answer with yes or no.,Yes,Yes,22.859375,19.9375,True
Zhoues/RoboRefer-2B-SFT,obj1_farther,output/phasevar_5/0011_phA13_phB13.png,Is the magenta sphere farther from the camera than the magenta cube? Answer with yes or no.,Yes,Yes,22.953125,20.09375,True
Zhoues/RoboRefer-2B-SFT,obj1_farther,output/phasevar_5/0011_phA13_phB14.png,Is the magenta sphere farther from the camera than the magenta cube? Answer with yes or no.,Yes,Yes,23.359375,20.359375,True
Zhoues/RoboRefer-2B-SFT,obj1_farther,output/phasevar_5/0011_phA13_phB15.png,Is the magenta sphere farther from the camera than the magenta cube? Answer with yes or no.,Yes,Yes,23.0625,20.25,True
Zhoues/RoboRefer-2B-SFT,obj1_farther,output/phasevar_5/0011_phA14_phB00.png,Is the magenta sphere farther from the camera than the magenta cube? Answer with yes or no.,Yes,Yes,22.9375,20.5,True
Zhoues/RoboRefer-2B-SFT,obj1_farther,output/phasevar_5/0011_phA14_phB01.png,Is the magenta sphere farther from the camera than the magenta cube? Answer with yes or no.,Yes,Yes,22.59375,20.5,True
Zhoues/RoboRefer-2B-SFT,obj1_farther,output/phasevar_5/0011_phA14_phB02.png,Is the magenta sphere farther from the camera than the magenta cube? Answer with yes or no.,Yes,Yes,22.921875,20.203125,True
Zhoues/RoboRefer-2B-SFT,obj1_farther,output/phasevar_5/0011_phA14_phB03.png,Is the magenta sphere farther from the camera than the magenta cube? Answer with yes or no.,Yes,Yes,22.734375,20.203125,True
Zhoues/RoboRefer-2B-SFT,obj1_farther,output/phasevar_5/0011_phA14_phB04.png,Is the magenta sphere farther from the camera than the magenta cube? Answer with yes or no.,Yes,Yes,22.734375,20.234375,True
Zhoues/RoboRefer-2B-SFT,obj1_farther,output/phasevar_5/0011_phA14_phB05.png,Is the magenta sphere farther from the camera than the magenta cube? Answer with yes or no.,Yes,Yes,22.8125,19.9375,True
Zhoues/RoboRefer-2B-SFT,obj1_farther,output/phasevar_5/0011_phA14_phB06.png,Is the magenta sphere farther from the camera than the magenta cube? Answer with yes or no.,Yes,Yes,23.03125,20.109375,True
Zhoues/RoboRefer-2B-SFT,obj1_farther,output/phasevar_5/0011_phA14_phB07.png,Is the magenta sphere farther from the camera than the magenta cube? Answer with yes or no.,Yes,Yes,23.109375,20.0,True
Zhoues/RoboRefer-2B-SFT,obj1_farther,output/phasevar_5/0011_phA14_phB08.png,Is the magenta sphere farther from the camera than the magenta cube? Answer with yes or no.,Yes,Yes,23.234375,19.828125,True
Zhoues/RoboRefer-2B-SFT,obj1_farther,output/phasevar_5/0011_phA14_phB09.png,Is the magenta sphere farther from the camera than the magenta cube? Answer with yes or no.,Yes,Yes,23.125,20.15625,True
Zhoues/RoboRefer-2B-SFT,obj1_farther,output/phasevar_5/0011_phA14_phB10.png,Is the magenta sphere farther from the camera than the magenta cube? Answer with yes or no.,Yes,Yes,23.171875,19.734375,True
Zhoues/RoboRefer-2B-SFT,obj1_farther,output/phasevar_5/0011_phA14_phB11.png,Is the magenta sphere farther from the camera than the magenta cube? Answer with yes or no.,Yes,Yes,22.859375,19.65625,True
Zhoues/RoboRefer-2B-SFT,obj1_farther,output/phasevar_5/0011_phA14_phB12.png,Is the magenta sphere farther from the camera than the magenta cube? Answer with yes or no.,Yes,Yes,22.9375,19.890625,True
Zhoues/RoboRefer-2B-SFT,obj1_farther,output/phasevar_5/0011_phA14_phB13.png,Is the magenta sphere farther from the camera than the magenta cube? Answer with yes or no.,Yes,Yes,22.875,20.09375,True
Zhoues/RoboRefer-2B-SFT,obj1_farther,output/phasevar_5/0011_phA14_phB14.png,Is the magenta sphere farther from the camera than the magenta cube? Answer with yes or no.,Yes,Yes,23.3125,20.328125,True
Zhoues/RoboRefer-2B-SFT,obj1_farther,output/phasevar_5/0011_phA14_phB15.png,Is the magenta sphere farther from the camera than the magenta cube? Answer with yes or no.,Yes,Yes,23.125,20.296875,True
Zhoues/RoboRefer-2B-SFT,obj1_farther,output/phasevar_5/0011_phA15_phB00.png,Is the magenta sphere farther from the camera than the magenta cube? Answer with yes or no.,Yes,Yes,22.859375,20.28125,True
Zhoues/RoboRefer-2B-SFT,obj1_farther,output/phasevar_5/0011_phA15_phB01.png,Is the magenta sphere farther from the camera than the magenta cube? Answer with yes or no.,Yes,Yes,22.625,20.21875,True
Zhoues/RoboRefer-2B-SFT,obj1_farther,output/phasevar_5/0011_phA15_phB02.png,Is the magenta sphere farther from the camera than the magenta cube? Answer with yes or no.,Yes,Yes,22.734375,20.03125,True
Zhoues/RoboRefer-2B-SFT,obj1_farther,output/phasevar_5/0011_phA15_phB03.png,Is the magenta sphere farther from the camera than the magenta cube? Answer with yes or no.,Yes,Yes,22.484375,20.21875,True
Zhoues/RoboRefer-2B-SFT,obj1_farther,output/phasevar_5/0011_phA15_phB04.png,Is the magenta sphere farther from the camera than the magenta cube? Answer with yes or no.,Yes,Yes,22.65625,20.03125,True
Zhoues/RoboRefer-2B-SFT,obj1_farther,output/phasevar_5/0011_phA15_phB05.png,Is the magenta sphere farther from the camera than the magenta cube? Answer with yes or no.,Yes,Yes,22.6875,19.9375,True
Zhoues/RoboRefer-2B-SFT,obj1_farther,output/phasevar_5/0011_phA15_phB06.png,Is the magenta sphere farther from the camera than the magenta cube? Answer with yes or no.,Yes,Yes,23.0,19.84375,True
Zhoues/RoboRefer-2B-SFT,obj1_farther,output/phasevar_5/0011_phA15_phB07.png,Is the magenta sphere farther from the camera than the magenta cube? Answer with yes or no.,Yes,Yes,23.078125,19.765625,True
Zhoues/RoboRefer-2B-SFT,obj1_farther,output/phasevar_5/0011_phA15_phB08.png,Is the magenta sphere farther from the camera than the magenta cube? Answer with yes or no.,Yes,Yes,23.171875,19.765625,True
Zhoues/RoboRefer-2B-SFT,obj1_farther,output/phasevar_5/0011_phA15_phB09.png,Is the magenta sphere farther from the camera than the magenta cube? Answer with yes or no.,Yes,Yes,23.140625,19.890625,True
Zhoues/RoboRefer-2B-SFT,obj1_farther,output/phasevar_5/0011_phA15_phB10.png,Is the magenta sphere farther from the camera than the magenta cube? Answer with yes or no.,Yes,Yes,23.125,19.734375,True
Zhoues/RoboRefer-2B-SFT,obj1_farther,output/phasevar_5/0011_phA15_phB11.png,Is the magenta sphere farther from the camera than the magenta cube? Answer with yes or no.,Yes,Yes,22.71875,19.6875,True
Zhoues/RoboRefer-2B-SFT,obj1_farther,output/phasevar_5/0011_phA15_phB12.png,Is the magenta sphere farther from the camera than the magenta cube? Answer with yes or no.,Yes,Yes,22.6875,19.875,True
Zhoues/RoboRefer-2B-SFT,obj1_farther,output/phasevar_5/0011_phA15_phB13.png,Is the magenta sphere farther from the camera than the magenta cube? Answer with yes or no.,Yes,Yes,22.609375,20.0625,True
Zhoues/RoboRefer-2B-SFT,obj1_farther,output/phasevar_5/0011_phA15_phB14.png,Is the magenta sphere farther from the camera than the magenta cube? Answer with yes or no.,Yes,Yes,23.328125,20.390625,True
Zhoues/RoboRefer-2B-SFT,obj1_farther,output/phasevar_5/0011_phA15_phB15.png,Is the magenta sphere farther from the camera than the magenta cube? Answer with yes or no.,Yes,Yes,23.125,20.203125,True
