model_path,variant,image,question,ground_truth,prediction,Yes_logit,No_logit,correct
/app/DATA/NVILA-Lite-2B-DATA_SCALE_EXP_400K-20251108_180221,obj1_closer,output/phasevar_5/0000_phA00_phB00.png,Is the cyan cube closer to the camera than the green sphere? Answer with yes or no.,No,No,23.3125,24.28125,True
/app/DATA/NVILA-Lite-2B-DATA_SCALE_EXP_400K-20251108_180221,obj1_closer,output/phasevar_5/0000_phA00_phB01.png,Is the cyan cube closer to the camera than the green sphere? Answer with yes or no.,No,No,23.5625,23.921875,True
/app/DATA/NVILA-Lite-2B-DATA_SCALE_EXP_400K-20251108_180221,obj1_closer,output/phasevar_5/0000_phA00_phB02.png,Is the cyan cube closer to the camera than the green sphere? Answer with yes or no.,No,No,23.609375,23.9375,True
/app/DATA/NVILA-Lite-2B-DATA_SCALE_EXP_400K-20251108_180221,obj1_closer,output/phasevar_5/0000_phA00_phB03.png,Is the cyan cube closer to the camera than the green sphere? Answer with yes or no.,No,No,23.0,23.234375,True
/app/DATA/NVILA-Lite-2B-DATA_SCALE_EXP_400K-20251108_180221,obj1_closer,output/phasevar_5/0000_phA00_phB04.png,Is the cyan cube closer to the camera than the green sphere? Answer with yes or no.,No,No,23.109375,23.265625,True
/app/DATA/NVILA-Lite-2B-DATA_SCALE_EXP_400K-20251108_180221,obj1_closer,output/phasevar_5/0000_phA00_phB05.png,Is the cyan cube closer to the camera than the green sphere? Answer with yes or no.,No,Yes,23.421875,23.34375,False
/app/DATA/NVILA-Lite-2B-DATA_SCALE_EXP_400K-20251108_180221,obj1_closer,output/phasevar_5/0000_phA00_phB06.png,Is the cyan cube closer to the camera than the green sphere? Answer with yes or no.,No,No,23.640625,24.203125,True
/app/DATA/NVILA-Lite-2B-DATA_SCALE_EXP_400K-20251108_180221,obj1_closer,output/phasevar_5/0000_phA00_phB07.png,Is the cyan cube closer to the camera than the green sphere? Answer with yes or no.,No,No,23.296875,23.578125,True
/app/DATA/NVILA-Lite-2B-DATA_SCALE_EXP_400K-20251108_180221,obj1_closer,output/phasevar_5/0000_phA00_phB08.png,Is the cyan cube closer to the camera than the green sphere? Answer with yes or no.,No,No,23.46875,24.140625,True
/app/DATA/NVILA-Lite-2B-DATA_SCALE_EXP_400K-20251108_180221,obj1_closer,output/phasevar_5/0000_phA00_phB09.png,Is the cyan cube closer to the camera than the green sphere? Answer with yes or no.,No,No,22.859375,24.4375,True
/app/DATA/NVILA-Lite-2B-DATA_SCALE_EXP_400K-20251108_180221,obj1_closer,output/phasevar_5/0000_phA00_phB10.png,Is the cyan cube closer to the camera than the green sphere? Answer with yes or no.,No,No,23.0,25.546875,True
/app/DATA/NVILA-Lite-2B-DATA_SCALE_EXP_400K-20251108_180221,obj1_closer,output/phasevar_5/0000_phA00_phB11.png,Is the cyan cube closer to the camera than the green sphere? Answer with yes or no.,No,No,22.59375,24.875,True
/app/DATA/NVILA-Lite-2B-DATA_SCALE_EXP_400K-20251108_180221,obj1_closer,output/phasevar_5/0000_phA00_phB12.png,Is the cyan cube closer to the camera than the green sphere? Answer with yes or no.,No,No,22.515625,25.140625,True
/app/DATA/NVILA-Lite-2B-DATA_SCALE_EXP_400K-20251108_180221,obj1_closer,output/phasevar_5/0000_phA00_phB13.png,Is the cyan cube closer to the camera than the green sphere? Answer with yes or no.,No,No,22.375,24.765625,True
/app/DATA/NVILA-Lite-2B-DATA_SCALE_EXP_400K-20251108_180221,obj1_closer,output/phasevar_5/0000_phA00_phB14.png,Is the cyan cube closer to the camera than the green sphere? Answer with yes or no.,No,No,22.84375,25.703125,True
/app/DATA/NVILA-Lite-2B-DATA_SCALE_EXP_400K-20251108_180221,obj1_closer,output/phasevar_5/0000_phA00_phB15.png,Is the cyan cube closer to the camera than the green sphere? Answer with yes or no.,No,No,23.046875,24.953125,True
/app/DATA/NVILA-Lite-2B-DATA_SCALE_EXP_400K-20251108_180221,obj1_closer,output/phasevar_5/0000_phA01_phB00.png,Is the cyan cube closer to the camera than the green sphere? Answer with yes or no.,No,No,23.234375,24.375,True
/app/DATA/NVILA-Lite-2B-DATA_SCALE_EXP_400K-20251108_180221,obj1_closer,output/phasevar_5/0000_phA01_phB01.png,Is the cyan cube closer to the camera than the green sphere? Answer with yes or no.,No,No,23.4375,23.828125,True
/app/DATA/NVILA-Lite-2B-DATA_SCALE_EXP_400K-20251108_180221,obj1_closer,output/phasevar_5/0000_phA01_phB02.png,Is the cyan cube closer to the camera than the green sphere? Answer with yes or no.,No,No,23.515625,23.796875,True
/app/DATA/NVILA-Lite-2B-DATA_SCALE_EXP_400K-20251108_180221,obj1_closer,output/phasevar_5/0000_phA01_phB03.png,Is the cyan cube closer to the camera than the green sphere? Answer with yes or no.,No,No,22.859375,23.265625,True
/app/DATA/NVILA-Lite-2B-DATA_SCALE_EXP_400K-20251108_180221,obj1_closer,output/phasevar_5/0000_phA01_phB04.png,Is the cyan cube closer to the camera than the green sphere? Answer with yes or no.,No,No,22.90625,23.234375,True
/app/DATA/NVILA-Lite-2B-DATA_SCALE_EXP_400K-20251108_180221,obj1_closer,output/phasevar_5/0000_phA01_phB05.png,Is the cyan cube closer to the camera than the green sphere? Answer with yes or no.,No,No,23.234375,23.3125,True
/app/DATA/NVILA-Lite-2B-DATA_SCALE_EXP_400K-20251108_180221,obj1_closer,output/phasevar_5/0000_phA01_phB06.png,Is the cyan cube closer to the camera than the green sphere? Answer with yes or no.,No,No,23.4375,24.078125,True
/app/DATA/NVILA-Lite-2B-DATA_SCALE_EXP_400K-20251108_180221,obj1_closer,output/phasevar_5/0000_phA01_phB07.png,Is the cyan cube closer to the camera than the green sphere? Answer with yes or no.,No,No,23.15625,23.546875,True
/app/DATA/NVILA-Lite-2B-DATA_SCALE_EXP_400K-20251108_180221,obj1_closer,output/phasevar_5/0000_phA01_phB08.png,Is the cyan cube closer to the camera than the green sphere? Answer with yes or no.,No,No,23.296875,24.078125,True
/app/DATA/NVILA-Lite-2B-DATA_SCALE_EXP_400K-20251108_180221,obj1_closer,output/phasevar_5/0000_phA01_phB09.png,Is the cyan cube closer to the camera than the green sphere? Answer with yes or no.,No,No,22.828125,24.359375,True
/app/DATA/NVILA-Lite-2B-DATA_SCALE_EXP_400K-20251108_180221,obj1_closer,output/phasevar_5/0000_phA01_phB10.png,Is the cyan cube closer to the camera than the green sphere? Answer with yes or no.,No,No,22.96875,25.421875,True
/app/DATA/NVILA-Lite-2B-DATA_SCALE_EXP_400K-20251108_180221,obj1_closer,output/phasevar_5/0000_phA01_phB11.png,Is the cyan cube closer to the camera than the green sphere? Answer with yes or no.,No,No,22.578125,24.84375,True
/app/DATA/NVILA-Lite-2B-DATA_SCALE_EXP_400K-20251108_180221,obj1_closer,output/phasevar_5/0000_phA01_phB12.png,Is the cyan cube closer to the camera than the green sphere? Answer with yes or no.,No,No,22.515625,25.0625,True
/app/DATA/NVILA-Lite-2B-DATA_SCALE_EXP_400K-20251108_180221,obj1_closer,output/phasevar_5/0000_phA01_phB13.png,Is the cyan cube closer to the camera than the green sphere? Answer with yes or no.,No,No,22.40625,25.0,True
/app/DATA/NVILA-Lite-2B-DATA_SCALE_EXP_400K-20251108_180221,obj1_closer,output/phasevar_5/0000_phA01_phB14.png,Is the cyan cube closer to the camera than the green sphere? Answer with yes or no.,No,No,22.796875,25.59375,True
/app/DATA/NVILA-Lite-2B-DATA_SCALE_EXP_400K-20251108_180221,obj1_closer,output/phasevar_5/0000_phA01_phB15.png,Is the cyan cube closer to the camera than the green sphere? Answer with yes or no.,No,No,22.96875,24.765625,True
/app/DATA/NVILA-Lite-2B-DATA_SCALE_EXP_400K-20251108_180221,obj1_closer,output/phasevar_5/0000_phA02_phB00.png,Is the cyan cube closer to the camera than the green sphere? Answer with yes or no.,No,No,22.984375,24.578125,True
/app/DATA/NVILA-Lite-2B-DATA_SCALE_EXP_400K-20251108_180221,obj1_closer,output/phasevar_5/0000_phA02_phB01.png,Is the cyan cube closer to the camera than the green sphere? Answer with yes or no.,No,No,23.09375,24.140625,True
/app/DATA/NVILA-Lite-2B-DATA_SCALE_EXP_400K-20251108_180221,obj1_closer,output/phasevar_5/0000_phA02_phB02.png,Is the cyan cube closer to the camera than the green sphere? Answer with yes or no.,No,No,23.3125,24.015625,True
/app/DATA/NVILA-Lite-2B-DATA_SCALE_EXP_400K-20251108_180221,obj1_closer,output/phasevar_5/0000_phA02_phB03.png,Is the cyan cube closer to the camera than the green sphere? Answer with yes or no.,No,No,22.5625,23.40625,True
/app/DATA/NVILA-Lite-2B-DATA_SCALE_EXP_400K-20251108_180221,obj1_closer,output/phasevar_5/0000_phA02_phB04.png,Is the cyan cube closer to the camera than the green sphere? Answer with yes or no.,No,No,22.609375,23.34375,True
/app/DATA/NVILA-Lite-2B-DATA_SCALE_EXP_400K-20251108_180221,obj1_closer,output/phasevar_5/0000_phA02_phB05.png,Is the cyan cube closer to the camera than the green sphere? Answer with yes or no.,No,No,22.953125,23.515625,True
/app/DATA/NVILA-Lite-2B-DATA_SCALE_EXP_400K-20251108_180221,obj1_closer,output/phasevar_5/0000_phA02_phB06.png,Is the cyan cube closer to the camera than the green sphere? Answer with yes or no.,No,No,23.203125,24.28125,True
/app/DATA/NVILA-Lite-2B-DATA_SCALE_EXP_400K-20251108_180221,obj1_closer,output/phasevar_5/0000_phA02_phB07.png,Is the cyan cube closer to the camera than the green sphere? Answer with yes or no.,No,No,23.0625,23.953125,True
/app/DATA/NVILA-Lite-2B-DATA_SCALE_EXP_400K-20251108_180221,obj1_closer,output/phasevar_5/0000_phA02_phB08.png,Is the cyan cube closer to the camera than the green sphere? Answer with yes or no.,No,No,23.078125,24.28125,True
/app/DATA/NVILA-Lite-2B-DATA_SCALE_EXP_400K-20251108_180221,obj1_closer,output/phasevar_5/0000_phA02_phB09.png,Is the cyan cube closer to the camera than the green sphere? Answer with yes or no.,No,No,22.828125,24.71875,True
/app/DATA/NVILA-Lite-2B-DATA_SCALE_EXP_400K-20251108_180221,obj1_closer,output/phasevar_5/0000_phA02_phB10.png,Is the cyan cube closer to the camera than the green sphere? Answer with yes or no.,No,No,22.890625,25.53125,True
/app/DATA/NVILA-Lite-2B-DATA_SCALE_EXP_400K-20251108_180221,obj1_closer,output/phasevar_5/0000_phA02_phB11.png,Is the cyan cube closer to the camera than the green sphere? Answer with yes or no.,No,No,22.46875,25.0625,True
/app/DATA/NVILA-Lite-2B-DATA_SCALE_EXP_400K-20251108_180221,obj1_closer,output/phasevar_5/0000_phA02_phB12.png,Is the cyan cube closer to the camera than the green sphere? Answer with yes or no.,No,No,22.484375,25.3125,True
/app/DATA/NVILA-Lite-2B-DATA_SCALE_EXP_400K-20251108_180221,obj1_closer,output/phasevar_5/0000_phA02_phB13.png,Is the cyan cube closer to the camera than the green sphere? Answer with yes or no.,No,No,22.359375,25.171875,True
/app/DATA/NVILA-Lite-2B-DATA_SCALE_EXP_400K-20251108_180221,obj1_closer,output/phasevar_5/0000_phA02_phB14.png,Is the cyan cube closer to the camera than the green sphere? Answer with yes or no.,No,No,22.65625,25.65625,True
/app/DATA/NVILA-Lite-2B-DATA_SCALE_EXP_400K-20251108_180221,obj1_closer,output/phasevar_5/0000_phA02_phB15.png,Is the cyan cube closer to the camera than the green sphere? Answer with yes or no.,No,No,22.796875,24.84375,True
/app/DATA/NVILA-Lite-2B-DATA_SCALE_EXP_400K-20251108_180221,obj1_closer,output/phasevar_5/0000_phA03_phB00.png,Is the cyan cube closer to the camera than the green sphere? Answer with yes or no.,No,No,23.1875,24.40625,True
/app/DATA/NVILA-Lite-2B-DATA_SCALE_EXP_400K-20251108_180221,obj1_closer,output/phasevar_5/0000_phA03_phB01.png,Is the cyan cube closer to the camera than the green sphere? Answer with yes or no.,No,No,23.375,24.125,True
/app/DATA/NVILA-Lite-2B-DATA_SCALE_EXP_400K-20251108_180221,obj1_closer,output/phasevar_5/0000_phA03_phB02.png,Is the cyan cube closer to the camera than the green sphere? Answer with yes or no.,No,No,23.46875,23.96875,True
/app/DATA/NVILA-Lite-2B-DATA_SCALE_EXP_400K-20251108_180221,obj1_closer,output/phasevar_5/0000_phA03_phB03.png,Is the cyan cube closer to the camera than the green sphere? Answer with yes or no.,No,No,22.578125,23.34375,True
/app/DATA/NVILA-Lite-2B-DATA_SCALE_EXP_400K-20251108_180221,obj1_closer,output/phasevar_5/0000_phA03_phB04.png,Is the cyan cube closer to the camera than the green sphere? Answer with yes or no.,No,No,22.578125,23.21875,True
/app/DATA/NVILA-Lite-2B-DATA_SCALE_EXP_400K-20251108_180221,obj1_closer,output/phasevar_5/0000_phA03_phB05.png,Is the cyan cube closer to the camera than the green sphere? Answer with yes or no.,No,No,22.859375,23.421875,True
/app/DATA/NVILA-Lite-2B-DATA_SCALE_EXP_400K-20251108_180221,obj1_closer,output/phasevar_5/0000_phA03_phB06.png,Is the cyan cube closer to the camera than the green sphere? Answer with yes or no.,No,No,23.171875,24.1875,True
/app/DATA/NVILA-Lite-2B-DATA_SCALE_EXP_400K-20251108_180221,obj1_closer,output/phasevar_5/0000_phA03_phB07.png,Is the cyan cube closer to the camera than the green sphere? Answer with yes or no.,No,No,23.0625,23.859375,True
/app/DATA/NVILA-Lite-2B-DATA_SCALE_EXP_400K-20251108_180221,obj1_closer,output/phasevar_5/0000_phA03_phB08.png,Is the cyan cube closer to the camera than the green sphere? Answer with yes or no.,No,No,23.03125,24.125,True
/app/DATA/NVILA-Lite-2B-DATA_SCALE_EXP_400K-20251108_180221,obj1_closer,output/phasevar_5/0000_phA03_phB09.png,Is the cyan cube closer to the camera than the green sphere? Answer with yes or no.,No,No,22.765625,24.59375,True
/app/DATA/NVILA-Lite-2B-DATA_SCALE_EXP_400K-20251108_180221,obj1_closer,output/phasevar_5/0000_phA03_phB10.png,Is the cyan cube closer to the camera than the green sphere? Answer with yes or no.,No,No,22.796875,25.4375,True
/app/DATA/NVILA-Lite-2B-DATA_SCALE_EXP_400K-20251108_180221,obj1_closer,output/phasevar_5/0000_phA03_phB11.png,Is the cyan cube closer to the camera than the green sphere? Answer with yes or no.,No,No,22.34375,25.0,True
/app/DATA/NVILA-Lite-2B-DATA_SCALE_EXP_400K-20251108_180221,obj1_closer,output/phasevar_5/0000_phA03_phB12.png,Is the cyan cube closer to the camera than the green sphere? Answer with yes or no.,No,No,22.3125,25.25,True
/app/DATA/NVILA-Lite-2B-DATA_SCALE_EXP_400K-20251108_180221,obj1_closer,output/phasevar_5/0000_phA03_phB13.png,Is the cyan cube closer to the camera than the green sphere? Answer with yes or no.,No,No,22.21875,25.109375,True
/app/DATA/NVILA-Lite-2B-DATA_SCALE_EXP_400K-20251108_180221,obj1_closer,output/phasevar_5/0000_phA03_phB14.png,Is the cyan cube closer to the camera than the green sphere? Answer with yes or no.,No,No,22.75,25.296875,True
/app/DATA/NVILA-Lite-2B-DATA_SCALE_EXP_400K-20251108_180221,obj1_closer,output/phasevar_5/0000_phA03_phB15.png,Is the cyan cube closer to the camera than the green sphere? Answer with yes or no.,No,No,23.015625,24.65625,True
/app/DATA/NVILA-Lite-2B-DATA_SCALE_EXP_400K-20251108_180221,obj1_closer,output/phasevar_5/0000_phA04_phB00.png,Is the cyan cube closer to the camera than the green sphere? Answer with yes or no.,No,No,23.328125,24.40625,True
/app/DATA/NVILA-Lite-2B-DATA_SCALE_EXP_400K-20251108_180221,obj1_closer,output/phasevar_5/0000_phA04_phB01.png,Is the cyan cube closer to the camera than the green sphere? Answer with yes or no.,No,No,23.40625,24.140625,True
/app/DATA/NVILA-Lite-2B-DATA_SCALE_EXP_400K-20251108_180221,obj1_closer,output/phasevar_5/0000_phA04_phB02.png,Is the cyan cube closer to the camera than the green sphere? Answer with yes or no.,No,No,23.484375,23.921875,True
/app/DATA/NVILA-Lite-2B-DATA_SCALE_EXP_400K-20251108_180221,obj1_closer,output/phasevar_5/0000_phA04_phB03.png,Is the cyan cube closer to the camera than the green sphere? Answer with yes or no.,No,No,22.71875,23.5625,True
/app/DATA/NVILA-Lite-2B-DATA_SCALE_EXP_400K-20251108_180221,obj1_closer,output/phasevar_5/0000_phA04_phB04.png,Is the cyan cube closer to the camera than the green sphere? Answer with yes or no.,No,No,22.515625,23.0625,True
/app/DATA/NVILA-Lite-2B-DATA_SCALE_EXP_400K-20251108_180221,obj1_closer,output/phasevar_5/0000_phA04_phB05.png,Is the cyan cube closer to the camera than the green sphere? Answer with yes or no.,No,No,22.8125,23.359375,True
/app/DATA/NVILA-Lite-2B-DATA_SCALE_EXP_400K-20251108_180221,obj1_closer,output/phasevar_5/0000_phA04_phB06.png,Is the cyan cube closer to the camera than the green sphere? Answer with yes or no.,No,No,23.0625,24.0625,True
/app/DATA/NVILA-Lite-2B-DATA_SCALE_EXP_400K-20251108_180221,obj1_closer,output/phasevar_5/0000_phA04_phB07.png,Is the cyan cube closer to the camera than the green sphere? Answer with yes or no.,No,No,22.90625,23.75,True
/app/DATA/NVILA-Lite-2B-DATA_SCALE_EXP_400K-20251108_180221,obj1_closer,output/phasevar_5/0000_phA04_phB08.png,Is the cyan cube closer to the camera than the green sphere? Answer with yes or no.,No,No,22.921875,24.0625,True
/app/DATA/NVILA-Lite-2B-DATA_SCALE_EXP_400K-20251108_180221,obj1_closer,output/phasevar_5/0000_phA04_phB09.png,Is the cyan cube closer to the camera than the green sphere? Answer with yes or no.,No,No,22.5625,24.34375,True
/app/DATA/NVILA-Lite-2B-DATA_SCALE_EXP_400K-20251108_180221,obj1_closer,output/phasevar_5/0000_phA04_phB10.png,Is the cyan cube closer to the camera than the green sphere? Answer with yes or no.,No,No,22.640625,25.296875,True
/app/DATA/NVILA-Lite-2B-DATA_SCALE_EXP_400K-20251108_180221,obj1_closer,output/phasevar_5/0000_phA04_phB11.png,Is the cyan cube closer to the camera than the green sphere? Answer with yes or no.,No,No,22.09375,24.890625,True
/app/DATA/NVILA-Lite-2B-DATA_SCALE_EXP_400K-20251108_180221,obj1_closer,output/phasevar_5/0000_phA04_phB12.png,Is the cyan cube closer to the camera than the green sphere? Answer with yes or no.,No,No,22.046875,25.09375,True
/app/DATA/NVILA-Lite-2B-DATA_SCALE_EXP_400K-20251108_180221,obj1_closer,output/phasevar_5/0000_phA04_phB13.png,Is the cyan cube closer to the camera than the green sphere? Answer with yes or no.,No,No,22.109375,25.03125,True
/app/DATA/NVILA-Lite-2B-DATA_SCALE_EXP_400K-20251108_180221,obj1_closer,output/phasevar_5/0000_phA04_phB14.png,Is the cyan cube closer to the camera than the green sphere? Answer with yes or no.,No,No,22.765625,25.375,True
/app/DATA/NVILA-Lite-2B-DATA_SCALE_EXP_400K-20251108_180221,obj1_closer,output/phasevar_5/0000_phA04_phB15.png,Is the cyan cube closer to the camera than the green sphere? Answer with yes or no.,No,No,23.140625,24.6875,True
/app/DATA/NVILA-Lite-2B-DATA_SCALE_EXP_400K-20251108_180221,obj1_closer,output/phasevar_5/0000_phA05_phB00.png,Is the cyan cube closer to the camera than the green sphere? Answer with yes or no.,No,No,23.5625,24.625,True
/app/DATA/NVILA-Lite-2B-DATA_SCALE_EXP_400K-20251108_180221,obj1_closer,output/phasevar_5/0000_phA05_phB01.png,Is the cyan cube closer to the camera than the green sphere? Answer with yes or no.,No,No,23.609375,24.375,True
/app/DATA/NVILA-Lite-2B-DATA_SCALE_EXP_400K-20251108_180221,obj1_closer,output/phasevar_5/0000_phA05_phB02.png,Is the cyan cube closer to the camera than the green sphere? Answer with yes or no.,No,No,23.65625,24.0625,True
/app/DATA/NVILA-Lite-2B-DATA_SCALE_EXP_400K-20251108_180221,obj1_closer,output/phasevar_5/0000_phA05_phB03.png,Is the cyan cube closer to the camera than the green sphere? Answer with yes or no.,No,No,22.9375,23.765625,True
/app/DATA/NVILA-Lite-2B-DATA_SCALE_EXP_400K-20251108_180221,obj1_closer,output/phasevar_5/0000_phA05_phB04.png,Is the cyan cube closer to the camera than the green sphere? Answer with yes or no.,No,No,22.640625,23.3125,True
/app/DATA/NVILA-Lite-2B-DATA_SCALE_EXP_400K-20251108_180221,obj1_closer,output/phasevar_5/0000_phA05_phB05.png,Is the cyan cube closer to the camera than the green sphere? Answer with yes or no.,No,No,22.75,23.40625,True
/app/DATA/NVILA-Lite-2B-DATA_SCALE_EXP_400K-20251108_180221,obj1_closer,output/phasevar_5/0000_phA05_phB06.png,Is the cyan cube closer to the camera than the green sphere? Answer with yes or no.,No,No,23.03125,24.078125,True
/app/DATA/NVILA-Lite-2B-DATA_SCALE_EXP_400K-20251108_180221,obj1_closer,output/phasevar_5/0000_phA05_phB07.png,Is the cyan cube closer to the camera than the green sphere? Answer with yes or no.,No,No,22.84375,23.921875,True
/app/DATA/NVILA-Lite-2B-DATA_SCALE_EXP_400K-20251108_180221,obj1_closer,output/phasevar_5/0000_phA05_phB08.png,Is the cyan cube closer to the camera than the green sphere? Answer with yes or no.,No,No,22.8125,24.25,True
/app/DATA/NVILA-Lite-2B-DATA_SCALE_EXP_400K-20251108_180221,obj1_closer,output/phasevar_5/0000_phA05_phB09.png,Is the cyan cube closer to the camera than the green sphere? Answer with yes or no.,No,No,22.546875,24.671875,True
/app/DATA/NVILA-Lite-2B-DATA_SCALE_EXP_400K-20251108_180221,obj1_closer,output/phasevar_5/0000_phA05_phB10.png,Is the cyan cube closer to the camera than the green sphere? Answer with yes or no.,No,No,22.625,25.296875,True
/app/DATA/NVILA-Lite-2B-DATA_SCALE_EXP_400K-20251108_180221,obj1_closer,output/phasevar_5/0000_phA05_phB11.png,Is the cyan cube closer to the camera than the green sphere? Answer with yes or no.,No,No,22.203125,25.109375,True
/app/DATA/NVILA-Lite-2B-DATA_SCALE_EXP_400K-20251108_180221,obj1_closer,output/phasevar_5/0000_phA05_phB12.png,Is the cyan cube closer to the camera than the green sphere? Answer with yes or no.,No,No,22.1875,25.234375,True
/app/DATA/NVILA-Lite-2B-DATA_SCALE_EXP_400K-20251108_180221,obj1_closer,output/phasevar_5/0000_phA05_phB13.png,Is the cyan cube closer to the camera than the green sphere? Answer with yes or no.,No,No,22.265625,25.109375,True
/app/DATA/NVILA-Lite-2B-DATA_SCALE_EXP_400K-20251108_180221,obj1_closer,output/phasevar_5/0000_phA05_phB14.png,Is the cyan cube closer to the camera than the green sphere? Answer with yes or no.,No,No,23.0,25.5,True
/app/DATA/NVILA-Lite-2B-DATA_SCALE_EXP_400K-20251108_180221,obj1_closer,output/phasevar_5/0000_phA05_phB15.png,Is the cyan cube closer to the camera than the green sphere? Answer with yes or no.,No,No,23.359375,24.875,True
/app/DATA/NVILA-Lite-2B-DATA_SCALE_EXP_400K-20251108_180221,obj1_closer,output/phasevar_5/0000_phA06_phB00.png,Is the cyan cube closer to the camera than the green sphere? Answer with yes or no.,No,No,23.828125,24.515625,True
/app/DATA/NVILA-Lite-2B-DATA_SCALE_EXP_400K-20251108_180221,obj1_closer,output/phasevar_5/0000_phA06_phB01.png,Is the cyan cube closer to the camera than the green sphere? Answer with yes or no.,No,No,23.921875,24.40625,True
/app/DATA/NVILA-Lite-2B-DATA_SCALE_EXP_400K-20251108_180221,obj1_closer,output/phasevar_5/0000_phA06_phB02.png,Is the cyan cube closer to the camera than the green sphere? Answer with yes or no.,No,No,24.046875,24.203125,True
/app/DATA/NVILA-Lite-2B-DATA_SCALE_EXP_400K-20251108_180221,obj1_closer,output/phasevar_5/0000_phA06_phB03.png,Is the cyan cube closer to the camera than the green sphere? Answer with yes or no.,No,No,23.328125,24.09375,True
/app/DATA/NVILA-Lite-2B-DATA_SCALE_EXP_400K-20251108_180221,obj1_closer,output/phasevar_5/0000_phA06_phB04.png,Is the cyan cube closer to the camera than the green sphere? Answer with yes or no.,No,No,22.953125,23.75,True
/app/DATA/NVILA-Lite-2B-DATA_SCALE_EXP_400K-20251108_180221,obj1_closer,output/phasevar_5/0000_phA06_phB05.png,Is the cyan cube closer to the camera than the green sphere? Answer with yes or no.,No,No,22.765625,23.53125,True
/app/DATA/NVILA-Lite-2B-DATA_SCALE_EXP_400K-20251108_180221,obj1_closer,output/phasevar_5/0000_phA06_phB06.png,Is the cyan cube closer to the camera than the green sphere? Answer with yes or no.,No,No,23.046875,24.265625,True
/app/DATA/NVILA-Lite-2B-DATA_SCALE_EXP_400K-20251108_180221,obj1_closer,output/phasevar_5/0000_phA06_phB07.png,Is the cyan cube closer to the camera than the green sphere? Answer with yes or no.,No,No,22.796875,24.1875,True
/app/DATA/NVILA-Lite-2B-DATA_SCALE_EXP_400K-20251108_180221,obj1_closer,output/phasevar_5/0000_phA06_phB08.png,Is the cyan cube closer to the camera than the green sphere? Answer with yes or no.,No,No,22.71875,24.421875,True
/app/DATA/NVILA-Lite-2B-DATA_SCALE_EXP_400K-20251108_180221,obj1_closer,output/phasevar_5/0000_phA06_phB09.png,Is the cyan cube closer to the camera than the green sphere? Answer with yes or no.,No,No,22.546875,24.875,True
/app/DATA/NVILA-Lite-2B-DATA_SCALE_EXP_400K-20251108_180221,obj1_closer,output/phasevar_5/0000_phA06_phB10.png,Is the cyan cube closer to the camera than the green sphere? Answer with yes or no.,No,No,22.671875,25.65625,True
/app/DATA/NVILA-Lite-2B-DATA_SCALE_EXP_400K-20251108_180221,obj1_closer,output/phasevar_5/0000_phA06_phB11.png,Is the cyan cube closer to the camera than the green sphere? Answer with yes or no.,No,No,22.375,25.125,True
/app/DATA/NVILA-Lite-2B-DATA_SCALE_EXP_400K-20251108_180221,obj1_closer,output/phasevar_5/0000_phA06_phB12.png,Is the cyan cube closer to the camera than the green sphere? Answer with yes or no.,No,No,22.46875,25.171875,True
/app/DATA/NVILA-Lite-2B-DATA_SCALE_EXP_400K-20251108_180221,obj1_closer,output/phasevar_5/0000_phA06_phB13.png,Is the cyan cube closer to the camera than the green sphere? Answer with yes or no.,No,No,22.515625,25.03125,True
/app/DATA/NVILA-Lite-2B-DATA_SCALE_EXP_400K-20251108_180221,obj1_closer,output/phasevar_5/0000_phA06_phB14.png,Is the cyan cube closer to the camera than the green sphere? Answer with yes or no.,No,No,23.140625,25.3125,True
/app/DATA/NVILA-Lite-2B-DATA_SCALE_EXP_400K-20251108_180221,obj1_closer,output/phasevar_5/0000_phA06_phB15.png,Is the cyan cube closer to the camera than the green sphere? Answer with yes or no.,No,No,23.65625,24.8125,True
/app/DATA/NVILA-Lite-2B-DATA_SCALE_EXP_400K-20251108_180221,obj1_closer,output/phasevar_5/0000_phA07_phB00.png,Is the cyan cube closer to the camera than the green sphere? Answer with yes or no.,No,No,23.984375,24.125,True
/app/DATA/NVILA-Lite-2B-DATA_SCALE_EXP_400K-20251108_180221,obj1_closer,output/phasevar_5/0000_phA07_phB01.png,Is the cyan cube closer to the camera than the green sphere? Answer with yes or no.,No,Yes,24.046875,23.875,False
/app/DATA/NVILA-Lite-2B-DATA_SCALE_EXP_400K-20251108_180221,obj1_closer,output/phasevar_5/0000_phA07_phB02.png,Is the cyan cube closer to the camera than the green sphere? Answer with yes or no.,No,Yes,24.078125,23.84375,False
/app/DATA/NVILA-Lite-2B-DATA_SCALE_EXP_400K-20251108_180221,obj1_closer,output/phasevar_5/0000_phA07_phB03.png,Is the cyan cube closer to the camera than the green sphere? Answer with yes or no.,No,Yes,23.53125,23.5,False
/app/DATA/NVILA-Lite-2B-DATA_SCALE_EXP_400K-20251108_180221,obj1_closer,output/phasevar_5/0000_phA07_phB04.png,Is the cyan cube closer to the camera than the green sphere? Answer with yes or no.,No,No,23.125,23.296875,True
/app/DATA/NVILA-Lite-2B-DATA_SCALE_EXP_400K-20251108_180221,obj1_closer,output/phasevar_5/0000_phA07_phB05.png,Is the cyan cube closer to the camera than the green sphere? Answer with yes or no.,No,No,23.0,23.109375,True
/app/DATA/NVILA-Lite-2B-DATA_SCALE_EXP_400K-20251108_180221,obj1_closer,output/phasevar_5/0000_phA07_phB06.png,Is the cyan cube closer to the camera than the green sphere? Answer with yes or no.,No,No,23.21875,23.96875,True
/app/DATA/NVILA-Lite-2B-DATA_SCALE_EXP_400K-20251108_180221,obj1_closer,output/phasevar_5/0000_phA07_phB07.png,Is the cyan cube closer to the camera than the green sphere? Answer with yes or no.,No,No,22.890625,23.625,True
/app/DATA/NVILA-Lite-2B-DATA_SCALE_EXP_400K-20251108_180221,obj1_closer,output/phasevar_5/0000_phA07_phB08.png,Is the cyan cube closer to the camera than the green sphere? Answer with yes or no.,No,No,22.78125,24.09375,True
/app/DATA/NVILA-Lite-2B-DATA_SCALE_EXP_400K-20251108_180221,obj1_closer,output/phasevar_5/0000_phA07_phB09.png,Is the cyan cube closer to the camera than the green sphere? Answer with yes or no.,No,No,22.5,24.53125,True
/app/DATA/NVILA-Lite-2B-DATA_SCALE_EXP_400K-20251108_180221,obj1_closer,output/phasevar_5/0000_phA07_phB10.png,Is the cyan cube closer to the camera than the green sphere? Answer with yes or no.,No,No,22.6875,25.375,True
/app/DATA/NVILA-Lite-2B-DATA_SCALE_EXP_400K-20251108_180221,obj1_closer,output/phasevar_5/0000_phA07_phB11.png,Is the cyan cube closer to the camera than the green sphere? Answer with yes or no.,No,No,22.40625,24.671875,True
/app/DATA/NVILA-Lite-2B-DATA_SCALE_EXP_400K-20251108_180221,obj1_closer,output/phasevar_5/0000_phA07_phB12.png,Is the cyan cube closer to the camera than the green sphere? Answer with yes or no.,No,No,22.484375,24.8125,True
/app/DATA/NVILA-Lite-2B-DATA_SCALE_EXP_400K-20251108_180221,obj1_closer,output/phasevar_5/0000_phA07_phB13.png,Is the cyan cube closer to the camera than the green sphere? Answer with yes or no.,No,No,22.546875,24.640625,True
/app/DATA/NVILA-Lite-2B-DATA_SCALE_EXP_400K-20251108_180221,obj1_closer,output/phasevar_5/0000_phA07_phB14.png,Is the cyan cube closer to the camera than the green sphere? Answer with yes or no.,No,No,23.171875,25.125,True
/app/DATA/NVILA-Lite-2B-DATA_SCALE_EXP_400K-20251108_180221,obj1_closer,output/phasevar_5/0000_phA07_phB15.png,Is the cyan cube closer to the camera than the green sphere? Answer with yes or no.,No,No,23.75,24.515625,True
/app/DATA/NVILA-Lite-2B-DATA_SCALE_EXP_400K-20251108_180221,obj1_closer,output/phasevar_5/0000_phA08_phB00.png,Is the cyan cube closer to the camera than the green sphere? Answer with yes or no.,No,No,24.078125,24.171875,True
/app/DATA/NVILA-Lite-2B-DATA_SCALE_EXP_400K-20251108_180221,obj1_closer,output/phasevar_5/0000_phA08_phB01.png,Is the cyan cube closer to the camera than the green sphere? Answer with yes or no.,No,Yes,24.09375,23.9375,False
/app/DATA/NVILA-Lite-2B-DATA_SCALE_EXP_400K-20251108_180221,obj1_closer,output/phasevar_5/0000_phA08_phB02.png,Is the cyan cube closer to the camera than the green sphere? Answer with yes or no.,No,Yes,24.09375,23.921875,False
/app/DATA/NVILA-Lite-2B-DATA_SCALE_EXP_400K-20251108_180221,obj1_closer,output/phasevar_5/0000_phA08_phB03.png,Is the cyan cube closer to the camera than the green sphere? Answer with yes or no.,No,Yes,23.625,23.5625,False
/app/DATA/NVILA-Lite-2B-DATA_SCALE_EXP_400K-20251108_180221,obj1_closer,output/phasevar_5/0000_phA08_phB04.png,Is the cyan cube closer to the camera than the green sphere? Answer with yes or no.,No,No,23.234375,23.28125,True
/app/DATA/NVILA-Lite-2B-DATA_SCALE_EXP_400K-20251108_180221,obj1_closer,output/phasevar_5/0000_phA08_phB05.png,Is the cyan cube closer to the camera than the green sphere? Answer with yes or no.,No,No,23.09375,23.109375,True
/app/DATA/NVILA-Lite-2B-DATA_SCALE_EXP_400K-20251108_180221,obj1_closer,output/phasevar_5/0000_phA08_phB06.png,Is the cyan cube closer to the camera than the green sphere? Answer with yes or no.,No,No,23.296875,23.921875,True
/app/DATA/NVILA-Lite-2B-DATA_SCALE_EXP_400K-20251108_180221,obj1_closer,output/phasevar_5/0000_phA08_phB07.png,Is the cyan cube closer to the camera than the green sphere? Answer with yes or no.,No,No,23.03125,23.53125,True
/app/DATA/NVILA-Lite-2B-DATA_SCALE_EXP_400K-20251108_180221,obj1_closer,output/phasevar_5/0000_phA08_phB08.png,Is the cyan cube closer to the camera than the green sphere? Answer with yes or no.,No,No,22.84375,23.9375,True
/app/DATA/NVILA-Lite-2B-DATA_SCALE_EXP_400K-20251108_180221,obj1_closer,output/phasevar_5/0000_phA08_phB09.png,Is the cyan cube closer to the camera than the green sphere? Answer with yes or no.,No,No,22.5625,24.59375,True
/app/DATA/NVILA-Lite-2B-DATA_SCALE_EXP_400K-20251108_180221,obj1_closer,output/phasevar_5/0000_phA08_phB10.png,Is the cyan cube closer to the camera than the green sphere? Answer with yes or no.,No,No,22.640625,25.53125,True
/app/DATA/NVILA-Lite-2B-DATA_SCALE_EXP_400K-20251108_180221,obj1_closer,output/phasevar_5/0000_phA08_phB11.png,Is the cyan cube closer to the camera than the green sphere? Answer with yes or no.,No,No,22.421875,24.6875,True
/app/DATA/NVILA-Lite-2B-DATA_SCALE_EXP_400K-20251108_180221,obj1_closer,output/phasevar_5/0000_phA08_phB12.png,Is the cyan cube closer to the camera than the green sphere? Answer with yes or no.,No,No,22.453125,24.796875,True
/app/DATA/NVILA-Lite-2B-DATA_SCALE_EXP_400K-20251108_180221,obj1_closer,output/phasevar_5/0000_phA08_phB13.png,Is the cyan cube closer to the camera than the green sphere? Answer with yes or no.,No,No,22.515625,24.640625,True
/app/DATA/NVILA-Lite-2B-DATA_SCALE_EXP_400K-20251108_180221,obj1_closer,output/phasevar_5/0000_phA08_phB14.png,Is the cyan cube closer to the camera than the green sphere? Answer with yes or no.,No,No,23.296875,25.265625,True
/app/DATA/NVILA-Lite-2B-DATA_SCALE_EXP_400K-20251108_180221,obj1_closer,output/phasevar_5/0000_phA08_phB15.png,Is the cyan cube closer to the camera than the green sphere? Answer with yes or no.,No,No,23.84375,24.5625,True
/app/DATA/NVILA-Lite-2B-DATA_SCALE_EXP_400K-20251108_180221,obj1_closer,output/phasevar_5/0000_phA09_phB00.png,Is the cyan cube closer to the camera than the green sphere? Answer with yes or no.,No,Yes,24.203125,24.046875,False
/app/DATA/NVILA-Lite-2B-DATA_SCALE_EXP_400K-20251108_180221,obj1_closer,output/phasevar_5/0000_phA09_phB01.png,Is the cyan cube closer to the camera than the green sphere? Answer with yes or no.,No,Yes,24.234375,23.9375,False
/app/DATA/NVILA-Lite-2B-DATA_SCALE_EXP_400K-20251108_180221,obj1_closer,output/phasevar_5/0000_phA09_phB02.png,Is the cyan cube closer to the camera than the green sphere? Answer with yes or no.,No,Yes,24.1875,23.859375,False
/app/DATA/NVILA-Lite-2B-DATA_SCALE_EXP_400K-20251108_180221,obj1_closer,output/phasevar_5/0000_phA09_phB03.png,Is the cyan cube closer to the camera than the green sphere? Answer with yes or no.,No,Yes,23.734375,23.53125,False
/app/DATA/NVILA-Lite-2B-DATA_SCALE_EXP_400K-20251108_180221,obj1_closer,output/phasevar_5/0000_phA09_phB04.png,Is the cyan cube closer to the camera than the green sphere? Answer with yes or no.,No,Yes,23.359375,23.21875,False
/app/DATA/NVILA-Lite-2B-DATA_SCALE_EXP_400K-20251108_180221,obj1_closer,output/phasevar_5/0000_phA09_phB05.png,Is the cyan cube closer to the camera than the green sphere? Answer with yes or no.,No,Yes,23.15625,23.140625,False
/app/DATA/NVILA-Lite-2B-DATA_SCALE_EXP_400K-20251108_180221,obj1_closer,output/phasevar_5/0000_phA09_phB06.png,Is the cyan cube closer to the camera than the green sphere? Answer with yes or no.,No,No,23.40625,23.984375,True
/app/DATA/NVILA-Lite-2B-DATA_SCALE_EXP_400K-20251108_180221,obj1_closer,output/phasevar_5/0000_phA09_phB07.png,Is the cyan cube closer to the camera than the green sphere? Answer with yes or no.,No,No,23.203125,23.59375,True
/app/DATA/NVILA-Lite-2B-DATA_SCALE_EXP_400K-20251108_180221,obj1_closer,output/phasevar_5/0000_phA09_phB08.png,Is the cyan cube closer to the camera than the green sphere? Answer with yes or no.,No,No,22.953125,24.0,True
/app/DATA/NVILA-Lite-2B-DATA_SCALE_EXP_400K-20251108_180221,obj1_closer,output/phasevar_5/0000_phA09_phB09.png,Is the cyan cube closer to the camera than the green sphere? Answer with yes or no.,No,No,22.59375,24.671875,True
/app/DATA/NVILA-Lite-2B-DATA_SCALE_EXP_400K-20251108_180221,obj1_closer,output/phasevar_5/0000_phA09_phB10.png,Is the cyan cube closer to the camera than the green sphere? Answer with yes or no.,No,No,22.59375,25.6875,True
/app/DATA/NVILA-Lite-2B-DATA_SCALE_EXP_400K-20251108_180221,obj1_closer,output/phasevar_5/0000_phA09_phB11.png,Is the cyan cube closer to the camera than the green sphere? Answer with yes or no.,No,No,22.40625,24.75,True
/app/DATA/NVILA-Lite-2B-DATA_SCALE_EXP_400K-20251108_180221,obj1_closer,output/phasevar_5/0000_phA09_phB12.png,Is the cyan cube closer to the camera than the green sphere? Answer with yes or no.,No,No,22.5,24.890625,True
/app/DATA/NVILA-Lite-2B-DATA_SCALE_EXP_400K-20251108_180221,obj1_closer,output/phasevar_5/0000_phA09_phB13.png,Is the cyan cube closer to the camera than the green sphere? Answer with yes or no.,No,No,22.546875,24.65625,True
/app/DATA/NVILA-Lite-2B-DATA_SCALE_EXP_400K-20251108_180221,obj1_closer,output/phasevar_5/0000_phA09_phB14.png,Is the cyan cube closer to the camera than the green sphere? Answer with yes or no.,No,No,23.25,25.3125,True
/app/DATA/NVILA-Lite-2B-DATA_SCALE_EXP_400K-20251108_180221,obj1_closer,output/phasevar_5/0000_phA09_phB15.png,Is the cyan cube closer to the camera than the green sphere? Answer with yes or no.,No,No,23.9375,24.59375,True
/app/DATA/NVILA-Lite-2B-DATA_SCALE_EXP_400K-20251108_180221,obj1_closer,output/phasevar_5/0000_phA10_phB00.png,Is the cyan cube closer to the camera than the green sphere? Answer with yes or no.,No,Yes,24.546875,24.109375,False
/app/DATA/NVILA-Lite-2B-DATA_SCALE_EXP_400K-20251108_180221,obj1_closer,output/phasevar_5/0000_phA10_phB01.png,Is the cyan cube closer to the camera than the green sphere? Answer with yes or no.,No,Yes,24.578125,23.953125,False
/app/DATA/NVILA-Lite-2B-DATA_SCALE_EXP_400K-20251108_180221,obj1_closer,output/phasevar_5/0000_phA10_phB02.png,Is the cyan cube closer to the camera than the green sphere? Answer with yes or no.,No,Yes,24.71875,23.953125,False
/app/DATA/NVILA-Lite-2B-DATA_SCALE_EXP_400K-20251108_180221,obj1_closer,output/phasevar_5/0000_phA10_phB03.png,Is the cyan cube closer to the camera than the green sphere? Answer with yes or no.,No,Yes,24.09375,23.625,False
/app/DATA/NVILA-Lite-2B-DATA_SCALE_EXP_400K-20251108_180221,obj1_closer,output/phasevar_5/0000_phA10_phB04.png,Is the cyan cube closer to the camera than the green sphere? Answer with yes or no.,No,Yes,23.65625,23.28125,False
/app/DATA/NVILA-Lite-2B-DATA_SCALE_EXP_400K-20251108_180221,obj1_closer,output/phasevar_5/0000_phA10_phB05.png,Is the cyan cube closer to the camera than the green sphere? Answer with yes or no.,No,Yes,23.421875,23.203125,False
/app/DATA/NVILA-Lite-2B-DATA_SCALE_EXP_400K-20251108_180221,obj1_closer,output/phasevar_5/0000_phA10_phB06.png,Is the cyan cube closer to the camera than the green sphere? Answer with yes or no.,No,No,23.734375,24.09375,True
/app/DATA/NVILA-Lite-2B-DATA_SCALE_EXP_400K-20251108_180221,obj1_closer,output/phasevar_5/0000_phA10_phB07.png,Is the cyan cube closer to the camera than the green sphere? Answer with yes or no.,No,No,23.515625,23.609375,True
/app/DATA/NVILA-Lite-2B-DATA_SCALE_EXP_400K-20251108_180221,obj1_closer,output/phasevar_5/0000_phA10_phB08.png,Is the cyan cube closer to the camera than the green sphere? Answer with yes or no.,No,No,23.375,23.984375,True
/app/DATA/NVILA-Lite-2B-DATA_SCALE_EXP_400K-20251108_180221,obj1_closer,output/phasevar_5/0000_phA10_phB09.png,Is the cyan cube closer to the camera than the green sphere? Answer with yes or no.,No,No,22.671875,24.59375,True
/app/DATA/NVILA-Lite-2B-DATA_SCALE_EXP_400K-20251108_180221,obj1_closer,output/phasevar_5/0000_phA10_phB10.png,Is the cyan cube closer to the camera than the green sphere? Answer with yes or no.,No,No,22.578125,25.984375,True
/app/DATA/NVILA-Lite-2B-DATA_SCALE_EXP_400K-20251108_180221,obj1_closer,output/phasevar_5/0000_phA10_phB11.png,Is the cyan cube closer to the camera than the green sphere? Answer with yes or no.,No,No,22.3125,25.34375,True
/app/DATA/NVILA-Lite-2B-DATA_SCALE_EXP_400K-20251108_180221,obj1_closer,output/phasevar_5/0000_phA10_phB12.png,Is the cyan cube closer to the camera than the green sphere? Answer with yes or no.,No,No,22.4375,25.328125,True
/app/DATA/NVILA-Lite-2B-DATA_SCALE_EXP_400K-20251108_180221,obj1_closer,output/phasevar_5/0000_phA10_phB13.png,Is the cyan cube closer to the camera than the green sphere? Answer with yes or no.,No,No,22.59375,24.984375,True
/app/DATA/NVILA-Lite-2B-DATA_SCALE_EXP_400K-20251108_180221,obj1_closer,output/phasevar_5/0000_phA10_phB14.png,Is the cyan cube closer to the camera than the green sphere? Answer with yes or no.,No,No,23.328125,25.625,True
/app/DATA/NVILA-Lite-2B-DATA_SCALE_EXP_400K-20251108_180221,obj1_closer,output/phasevar_5/0000_phA10_phB15.png,Is the cyan cube closer to the camera than the green sphere? Answer with yes or no.,No,No,24.265625,24.71875,True
/app/DATA/NVILA-Lite-2B-DATA_SCALE_EXP_400K-20251108_180221,obj1_closer,output/phasevar_5/0000_phA11_phB00.png,Is the cyan cube closer to the camera than the green sphere? Answer with yes or no.,No,Yes,24.4375,23.796875,False
/app/DATA/NVILA-Lite-2B-DATA_SCALE_EXP_400K-20251108_180221,obj1_closer,output/phasevar_5/0000_phA11_phB01.png,Is the cyan cube closer to the camera than the green sphere? Answer with yes or no.,No,Yes,24.421875,23.546875,False
/app/DATA/NVILA-Lite-2B-DATA_SCALE_EXP_400K-20251108_180221,obj1_closer,output/phasevar_5/0000_phA11_phB02.png,Is the cyan cube closer to the camera than the green sphere? Answer with yes or no.,No,Yes,24.515625,23.515625,False
/app/DATA/NVILA-Lite-2B-DATA_SCALE_EXP_400K-20251108_180221,obj1_closer,output/phasevar_5/0000_phA11_phB03.png,Is the cyan cube closer to the camera than the green sphere? Answer with yes or no.,No,Yes,23.875,23.125,False
/app/DATA/NVILA-Lite-2B-DATA_SCALE_EXP_400K-20251108_180221,obj1_closer,output/phasevar_5/0000_phA11_phB04.png,Is the cyan cube closer to the camera than the green sphere? Answer with yes or no.,No,Yes,23.515625,22.90625,False
/app/DATA/NVILA-Lite-2B-DATA_SCALE_EXP_400K-20251108_180221,obj1_closer,output/phasevar_5/0000_phA11_phB05.png,Is the cyan cube closer to the camera than the green sphere? Answer with yes or no.,No,Yes,23.640625,22.953125,False
/app/DATA/NVILA-Lite-2B-DATA_SCALE_EXP_400K-20251108_180221,obj1_closer,output/phasevar_5/0000_phA11_phB06.png,Is the cyan cube closer to the camera than the green sphere? Answer with yes or no.,No,Yes,23.78125,23.75,False
/app/DATA/NVILA-Lite-2B-DATA_SCALE_EXP_400K-20251108_180221,obj1_closer,output/phasevar_5/0000_phA11_phB07.png,Is the cyan cube closer to the camera than the green sphere? Answer with yes or no.,No,Yes,23.71875,23.359375,False
/app/DATA/NVILA-Lite-2B-DATA_SCALE_EXP_400K-20251108_180221,obj1_closer,output/phasevar_5/0000_phA11_phB08.png,Is the cyan cube closer to the camera than the green sphere? Answer with yes or no.,No,Yes,23.640625,23.578125,False
/app/DATA/NVILA-Lite-2B-DATA_SCALE_EXP_400K-20251108_180221,obj1_closer,output/phasevar_5/0000_phA11_phB09.png,Is the cyan cube closer to the camera than the green sphere? Answer with yes or no.,No,No,22.765625,24.15625,True
/app/DATA/NVILA-Lite-2B-DATA_SCALE_EXP_400K-20251108_180221,obj1_closer,output/phasevar_5/0000_phA11_phB10.png,Is the cyan cube closer to the camera than the green sphere? Answer with yes or no.,No,No,22.46875,25.34375,True
/app/DATA/NVILA-Lite-2B-DATA_SCALE_EXP_400K-20251108_180221,obj1_closer,output/phasevar_5/0000_phA11_phB11.png,Is the cyan cube closer to the camera than the green sphere? Answer with yes or no.,No,No,21.953125,24.671875,True
/app/DATA/NVILA-Lite-2B-DATA_SCALE_EXP_400K-20251108_180221,obj1_closer,output/phasevar_5/0000_phA11_phB12.png,Is the cyan cube closer to the camera than the green sphere? Answer with yes or no.,No,No,21.875,24.890625,True
/app/DATA/NVILA-Lite-2B-DATA_SCALE_EXP_400K-20251108_180221,obj1_closer,output/phasevar_5/0000_phA11_phB13.png,Is the cyan cube closer to the camera than the green sphere? Answer with yes or no.,No,No,22.234375,24.46875,True
/app/DATA/NVILA-Lite-2B-DATA_SCALE_EXP_400K-20251108_180221,obj1_closer,output/phasevar_5/0000_phA11_phB14.png,Is the cyan cube closer to the camera than the green sphere? Answer with yes or no.,No,No,23.1875,25.203125,True
/app/DATA/NVILA-Lite-2B-DATA_SCALE_EXP_400K-20251108_180221,obj1_closer,output/phasevar_5/0000_phA11_phB15.png,Is the cyan cube closer to the camera than the green sphere? Answer with yes or no.,No,No,24.109375,24.390625,True
/app/DATA/NVILA-Lite-2B-DATA_SCALE_EXP_400K-20251108_180221,obj1_closer,output/phasevar_5/0000_phA12_phB00.png,Is the cyan cube closer to the camera than the green sphere? Answer with yes or no.,No,Yes,24.140625,23.90625,False
/app/DATA/NVILA-Lite-2B-DATA_SCALE_EXP_400K-20251108_180221,obj1_closer,output/phasevar_5/0000_phA12_phB01.png,Is the cyan cube closer to the camera than the green sphere? Answer with yes or no.,No,Yes,24.171875,23.65625,False
/app/DATA/NVILA-Lite-2B-DATA_SCALE_EXP_400K-20251108_180221,obj1_closer,output/phasevar_5/0000_phA12_phB02.png,Is the cyan cube closer to the camera than the green sphere? Answer with yes or no.,No,Yes,24.28125,23.6875,False
/app/DATA/NVILA-Lite-2B-DATA_SCALE_EXP_400K-20251108_180221,obj1_closer,output/phasevar_5/0000_phA12_phB03.png,Is the cyan cube closer to the camera than the green sphere? Answer with yes or no.,No,Yes,23.75,23.171875,False
/app/DATA/NVILA-Lite-2B-DATA_SCALE_EXP_400K-20251108_180221,obj1_closer,output/phasevar_5/0000_phA12_phB04.png,Is the cyan cube closer to the camera than the green sphere? Answer with yes or no.,No,Yes,23.46875,22.96875,False
/app/DATA/NVILA-Lite-2B-DATA_SCALE_EXP_400K-20251108_180221,obj1_closer,output/phasevar_5/0000_phA12_phB05.png,Is the cyan cube closer to the camera than the green sphere? Answer with yes or no.,No,Yes,23.671875,23.15625,False
/app/DATA/NVILA-Lite-2B-DATA_SCALE_EXP_400K-20251108_180221,obj1_closer,output/phasevar_5/0000_phA12_phB06.png,Is the cyan cube closer to the camera than the green sphere? Answer with yes or no.,No,No,23.734375,23.921875,True
/app/DATA/NVILA-Lite-2B-DATA_SCALE_EXP_400K-20251108_180221,obj1_closer,output/phasevar_5/0000_phA12_phB07.png,Is the cyan cube closer to the camera than the green sphere? Answer with yes or no.,No,Yes,23.609375,23.515625,False
/app/DATA/NVILA-Lite-2B-DATA_SCALE_EXP_400K-20251108_180221,obj1_closer,output/phasevar_5/0000_phA12_phB08.png,Is the cyan cube closer to the camera than the green sphere? Answer with yes or no.,No,No,23.671875,23.734375,True
/app/DATA/NVILA-Lite-2B-DATA_SCALE_EXP_400K-20251108_180221,obj1_closer,output/phasevar_5/0000_phA12_phB09.png,Is the cyan cube closer to the camera than the green sphere? Answer with yes or no.,No,No,22.6875,24.265625,True
/app/DATA/NVILA-Lite-2B-DATA_SCALE_EXP_400K-20251108_180221,obj1_closer,output/phasevar_5/0000_phA12_phB10.png,Is the cyan cube closer to the camera than the green sphere? Answer with yes or no.,No,No,22.53125,25.359375,True
/app/DATA/NVILA-Lite-2B-DATA_SCALE_EXP_400K-20251108_180221,obj1_closer,output/phasevar_5/0000_phA12_phB11.png,Is the cyan cube closer to the camera than the green sphere? Answer with yes or no.,No,No,21.96875,24.75,True
/app/DATA/NVILA-Lite-2B-DATA_SCALE_EXP_400K-20251108_180221,obj1_closer,output/phasevar_5/0000_phA12_phB12.png,Is the cyan cube closer to the camera than the green sphere? Answer with yes or no.,No,No,21.875,25.203125,True
/app/DATA/NVILA-Lite-2B-DATA_SCALE_EXP_400K-20251108_180221,obj1_closer,output/phasevar_5/0000_phA12_phB13.png,Is the cyan cube closer to the camera than the green sphere? Answer with yes or no.,No,No,22.046875,24.828125,True
/app/DATA/NVILA-Lite-2B-DATA_SCALE_EXP_400K-20251108_180221,obj1_closer,output/phasevar_5/0000_phA12_phB14.png,Is the cyan cube closer to the camera than the green sphere? Answer with yes or no.,No,No,22.90625,25.359375,True
/app/DATA/NVILA-Lite-2B-DATA_SCALE_EXP_400K-20251108_180221,obj1_closer,output/phasevar_5/0000_phA12_phB15.png,Is the cyan cube closer to the camera than the green sphere? Answer with yes or no.,No,No,23.71875,24.46875,True
/app/DATA/NVILA-Lite-2B-DATA_SCALE_EXP_400K-20251108_180221,obj1_closer,output/phasevar_5/0000_phA13_phB00.png,Is the cyan cube closer to the camera than the green sphere? Answer with yes or no.,No,Yes,23.9375,23.828125,False
/app/DATA/NVILA-Lite-2B-DATA_SCALE_EXP_400K-20251108_180221,obj1_closer,output/phasevar_5/0000_phA13_phB01.png,Is the cyan cube closer to the camera than the green sphere? Answer with yes or no.,No,Yes,23.96875,23.578125,False
/app/DATA/NVILA-Lite-2B-DATA_SCALE_EXP_400K-20251108_180221,obj1_closer,output/phasevar_5/0000_phA13_phB02.png,Is the cyan cube closer to the camera than the green sphere? Answer with yes or no.,No,Yes,24.03125,23.8125,False
/app/DATA/NVILA-Lite-2B-DATA_SCALE_EXP_400K-20251108_180221,obj1_closer,output/phasevar_5/0000_phA13_phB03.png,Is the cyan cube closer to the camera than the green sphere? Answer with yes or no.,No,Yes,23.515625,23.15625,False
/app/DATA/NVILA-Lite-2B-DATA_SCALE_EXP_400K-20251108_180221,obj1_closer,output/phasevar_5/0000_phA13_phB04.png,Is the cyan cube closer to the camera than the green sphere? Answer with yes or no.,No,Yes,23.4375,23.03125,False
/app/DATA/NVILA-Lite-2B-DATA_SCALE_EXP_400K-20251108_180221,obj1_closer,output/phasevar_5/0000_phA13_phB05.png,Is the cyan cube closer to the camera than the green sphere? Answer with yes or no.,No,Yes,23.875,23.25,False
/app/DATA/NVILA-Lite-2B-DATA_SCALE_EXP_400K-20251108_180221,obj1_closer,output/phasevar_5/0000_phA13_phB06.png,Is the cyan cube closer to the camera than the green sphere? Answer with yes or no.,No,No,24.015625,24.234375,True
/app/DATA/NVILA-Lite-2B-DATA_SCALE_EXP_400K-20251108_180221,obj1_closer,output/phasevar_5/0000_phA13_phB07.png,Is the cyan cube closer to the camera than the green sphere? Answer with yes or no.,No,Yes,23.90625,23.671875,False
/app/DATA/NVILA-Lite-2B-DATA_SCALE_EXP_400K-20251108_180221,obj1_closer,output/phasevar_5/0000_phA13_phB08.png,Is the cyan cube closer to the camera than the green sphere? Answer with yes or no.,No,Yes,24.0,23.921875,False
/app/DATA/NVILA-Lite-2B-DATA_SCALE_EXP_400K-20251108_180221,obj1_closer,output/phasevar_5/0000_phA13_phB09.png,Is the cyan cube closer to the camera than the green sphere? Answer with yes or no.,No,No,22.953125,24.375,True
/app/DATA/NVILA-Lite-2B-DATA_SCALE_EXP_400K-20251108_180221,obj1_closer,output/phasevar_5/0000_phA13_phB10.png,Is the cyan cube closer to the camera than the green sphere? Answer with yes or no.,No,No,22.75,25.46875,True
/app/DATA/NVILA-Lite-2B-DATA_SCALE_EXP_400K-20251108_180221,obj1_closer,output/phasevar_5/0000_phA13_phB11.png,Is the cyan cube closer to the camera than the green sphere? Answer with yes or no.,No,No,22.25,24.609375,True
/app/DATA/NVILA-Lite-2B-DATA_SCALE_EXP_400K-20251108_180221,obj1_closer,output/phasevar_5/0000_phA13_phB12.png,Is the cyan cube closer to the camera than the green sphere? Answer with yes or no.,No,No,22.1875,25.078125,True
/app/DATA/NVILA-Lite-2B-DATA_SCALE_EXP_400K-20251108_180221,obj1_closer,output/phasevar_5/0000_phA13_phB13.png,Is the cyan cube closer to the camera than the green sphere? Answer with yes or no.,No,No,22.078125,24.6875,True
/app/DATA/NVILA-Lite-2B-DATA_SCALE_EXP_400K-20251108_180221,obj1_closer,output/phasevar_5/0000_phA13_phB14.png,Is the cyan cube closer to the camera than the green sphere? Answer with yes or no.,No,No,22.6875,25.3125,True
/app/DATA/NVILA-Lite-2B-DATA_SCALE_EXP_400K-20251108_180221,obj1_closer,output/phasevar_5/0000_phA13_phB15.png,Is the cyan cube closer to the camera than the green sphere? Answer with yes or no.,No,No,23.4375,24.40625,True
/app/DATA/NVILA-Lite-2B-DATA_SCALE_EXP_400K-20251108_180221,obj1_closer,output/phasevar_5/0000_phA14_phB00.png,Is the cyan cube closer to the camera than the green sphere? Answer with yes or no.,No,No,23.328125,24.359375,True
/app/DATA/NVILA-Lite-2B-DATA_SCALE_EXP_400K-20251108_180221,obj1_closer,output/phasevar_5/0000_phA14_phB01.png,Is the cyan cube closer to the camera than the green sphere? Answer with yes or no.,No,No,23.640625,24.015625,True
/app/DATA/NVILA-Lite-2B-DATA_SCALE_EXP_400K-20251108_180221,obj1_closer,output/phasevar_5/0000_phA14_phB02.png,Is the cyan cube closer to the camera than the green sphere? Answer with yes or no.,No,No,23.90625,24.21875,True
/app/DATA/NVILA-Lite-2B-DATA_SCALE_EXP_400K-20251108_180221,obj1_closer,output/phasevar_5/0000_phA14_phB03.png,Is the cyan cube closer to the camera than the green sphere? Answer with yes or no.,No,No,23.484375,23.5625,True
/app/DATA/NVILA-Lite-2B-DATA_SCALE_EXP_400K-20251108_180221,obj1_closer,output/phasevar_5/0000_phA14_phB04.png,Is the cyan cube closer to the camera than the green sphere? Answer with yes or no.,No,No,23.484375,23.484375,True
/app/DATA/NVILA-Lite-2B-DATA_SCALE_EXP_400K-20251108_180221,obj1_closer,output/phasevar_5/0000_phA14_phB05.png,Is the cyan cube closer to the camera than the green sphere? Answer with yes or no.,No,Yes,23.703125,23.6875,False
/app/DATA/NVILA-Lite-2B-DATA_SCALE_EXP_400K-20251108_180221,obj1_closer,output/phasevar_5/0000_phA14_phB06.png,Is the cyan cube closer to the camera than the green sphere? Answer with yes or no.,No,No,23.84375,24.5625,True
/app/DATA/NVILA-Lite-2B-DATA_SCALE_EXP_400K-20251108_180221,obj1_closer,output/phasevar_5/0000_phA14_phB07.png,Is the cyan cube closer to the camera than the green sphere? Answer with yes or no.,No,No,23.671875,24.203125,True
/app/DATA/NVILA-Lite-2B-DATA_SCALE_EXP_400K-20251108_180221,obj1_closer,output/phasevar_5/0000_phA14_phB08.png,Is the cyan cube closer to the camera than the green sphere? Answer with yes or no.,No,No,23.59375,24.3125,True
/app/DATA/NVILA-Lite-2B-DATA_SCALE_EXP_400K-20251108_180221,obj1_closer,output/phasevar_5/0000_phA14_phB09.png,Is the cyan cube closer to the camera than the green sphere? Answer with yes or no.,No,No,22.9375,24.71875,True
/app/DATA/NVILA-Lite-2B-DATA_SCALE_EXP_400K-20251108_180221,obj1_closer,output/phasevar_5/0000_phA14_phB10.png,Is the cyan cube closer to the camera than the green sphere? Answer with yes or no.,No,No,22.84375,25.859375,True
/app/DATA/NVILA-Lite-2B-DATA_SCALE_EXP_400K-20251108_180221,obj1_closer,output/phasevar_5/0000_phA14_phB11.png,Is the cyan cube closer to the camera than the green sphere? Answer with yes or no.,No,No,22.484375,25.078125,True
/app/DATA/NVILA-Lite-2B-DATA_SCALE_EXP_400K-20251108_180221,obj1_closer,output/phasevar_5/0000_phA14_phB12.png,Is the cyan cube closer to the camera than the green sphere? Answer with yes or no.,No,No,22.4375,25.421875,True
/app/DATA/NVILA-Lite-2B-DATA_SCALE_EXP_400K-20251108_180221,obj1_closer,output/phasevar_5/0000_phA14_phB13.png,Is the cyan cube closer to the camera than the green sphere? Answer with yes or no.,No,No,22.25,25.390625,True
/app/DATA/NVILA-Lite-2B-DATA_SCALE_EXP_400K-20251108_180221,obj1_closer,output/phasevar_5/0000_phA14_phB14.png,Is the cyan cube closer to the camera than the green sphere? Answer with yes or no.,No,No,22.640625,26.171875,True
/app/DATA/NVILA-Lite-2B-DATA_SCALE_EXP_400K-20251108_180221,obj1_closer,output/phasevar_5/0000_phA14_phB15.png,Is the cyan cube closer to the camera than the green sphere? Answer with yes or no.,No,No,22.828125,24.984375,True
/app/DATA/NVILA-Lite-2B-DATA_SCALE_EXP_400K-20251108_180221,obj1_closer,output/phasevar_5/0000_phA15_phB00.png,Is the cyan cube closer to the camera than the green sphere? Answer with yes or no.,No,No,23.390625,24.15625,True
/app/DATA/NVILA-Lite-2B-DATA_SCALE_EXP_400K-20251108_180221,obj1_closer,output/phasevar_5/0000_phA15_phB01.png,Is the cyan cube closer to the camera than the green sphere? Answer with yes or no.,No,No,23.546875,23.84375,True
/app/DATA/NVILA-Lite-2B-DATA_SCALE_EXP_400K-20251108_180221,obj1_closer,output/phasevar_5/0000_phA15_phB02.png,Is the cyan cube closer to the camera than the green sphere? Answer with yes or no.,No,No,23.71875,23.953125,True
/app/DATA/NVILA-Lite-2B-DATA_SCALE_EXP_400K-20251108_180221,obj1_closer,output/phasevar_5/0000_phA15_phB03.png,Is the cyan cube closer to the camera than the green sphere? Answer with yes or no.,No,No,23.15625,23.25,True
/app/DATA/NVILA-Lite-2B-DATA_SCALE_EXP_400K-20251108_180221,obj1_closer,output/phasevar_5/0000_phA15_phB04.png,Is the cyan cube closer to the camera than the green sphere? Answer with yes or no.,No,Yes,23.25,23.203125,False
/app/DATA/NVILA-Lite-2B-DATA_SCALE_EXP_400K-20251108_180221,obj1_closer,output/phasevar_5/0000_phA15_phB05.png,Is the cyan cube closer to the camera than the green sphere? Answer with yes or no.,No,Yes,23.5625,23.34375,False
/app/DATA/NVILA-Lite-2B-DATA_SCALE_EXP_400K-20251108_180221,obj1_closer,output/phasevar_5/0000_phA15_phB06.png,Is the cyan cube closer to the camera than the green sphere? Answer with yes or no.,No,No,23.765625,24.25,True
/app/DATA/NVILA-Lite-2B-DATA_SCALE_EXP_400K-20251108_180221,obj1_closer,output/phasevar_5/0000_phA15_phB07.png,Is the cyan cube closer to the camera than the green sphere? Answer with yes or no.,No,No,23.625,23.84375,True
/app/DATA/NVILA-Lite-2B-DATA_SCALE_EXP_400K-20251108_180221,obj1_closer,output/phasevar_5/0000_phA15_phB08.png,Is the cyan cube closer to the camera than the green sphere? Answer with yes or no.,No,No,23.625,24.0625,True
/app/DATA/NVILA-Lite-2B-DATA_SCALE_EXP_400K-20251108_180221,obj1_closer,output/phasevar_5/0000_phA15_phB09.png,Is the cyan cube closer to the camera than the green sphere? Answer with yes or no.,No,No,23.015625,24.515625,True
/app/DATA/NVILA-Lite-2B-DATA_SCALE_EXP_400K-20251108_180221,obj1_closer,output/phasevar_5/0000_phA15_phB10.png,Is the cyan cube closer to the camera than the green sphere? Answer with yes or no.,No,No,23.03125,25.625,True
/app/DATA/NVILA-Lite-2B-DATA_SCALE_EXP_400K-20251108_180221,obj1_closer,output/phasevar_5/0000_phA15_phB11.png,Is the cyan cube closer to the camera than the green sphere? Answer with yes or no.,No,No,22.625,24.71875,True
/app/DATA/NVILA-Lite-2B-DATA_SCALE_EXP_400K-20251108_180221,obj1_closer,output/phasevar_5/0000_phA15_phB12.png,Is the cyan cube closer to the camera than the green sphere? Answer with yes or no.,No,No,22.515625,25.015625,True
/app/DATA/NVILA-Lite-2B-DATA_SCALE_EXP_400K-20251108_180221,obj1_closer,output/phasevar_5/0000_phA15_phB13.png,Is the cyan cube closer to the camera than the green sphere? Answer with yes or no.,No,No,22.28125,24.734375,True
/app/DATA/NVILA-Lite-2B-DATA_SCALE_EXP_400K-20251108_180221,obj1_closer,output/phasevar_5/0000_phA15_phB14.png,Is the cyan cube closer to the camera than the green sphere? Answer with yes or no.,No,No,22.65625,25.65625,True
/app/DATA/NVILA-Lite-2B-DATA_SCALE_EXP_400K-20251108_180221,obj1_closer,output/phasevar_5/0000_phA15_phB15.png,Is the cyan cube closer to the camera than the green sphere? Answer with yes or no.,No,No,23.0,24.890625,True
/app/DATA/NVILA-Lite-2B-DATA_SCALE_EXP_400K-20251108_180221,obj1_closer,output/phasevar_5/0001_phA00_phB00.png,Is the green sphere closer to the camera than the blue cube? Answer with yes or no.,No,No,23.125,24.484375,True
/app/DATA/NVILA-Lite-2B-DATA_SCALE_EXP_400K-20251108_180221,obj1_closer,output/phasevar_5/0001_phA00_phB01.png,Is the green sphere closer to the camera than the blue cube? Answer with yes or no.,No,No,23.46875,24.0,True
/app/DATA/NVILA-Lite-2B-DATA_SCALE_EXP_400K-20251108_180221,obj1_closer,output/phasevar_5/0001_phA00_phB02.png,Is the green sphere closer to the camera than the blue cube? Answer with yes or no.,No,No,23.8125,24.4375,True
/app/DATA/NVILA-Lite-2B-DATA_SCALE_EXP_400K-20251108_180221,obj1_closer,output/phasevar_5/0001_phA00_phB03.png,Is the green sphere closer to the camera than the blue cube? Answer with yes or no.,No,No,23.5625,23.59375,True
/app/DATA/NVILA-Lite-2B-DATA_SCALE_EXP_400K-20251108_180221,obj1_closer,output/phasevar_5/0001_phA00_phB04.png,Is the green sphere closer to the camera than the blue cube? Answer with yes or no.,No,Yes,24.375,23.859375,False
/app/DATA/NVILA-Lite-2B-DATA_SCALE_EXP_400K-20251108_180221,obj1_closer,output/phasevar_5/0001_phA00_phB05.png,Is the green sphere closer to the camera than the blue cube? Answer with yes or no.,No,Yes,24.15625,23.984375,False
/app/DATA/NVILA-Lite-2B-DATA_SCALE_EXP_400K-20251108_180221,obj1_closer,output/phasevar_5/0001_phA00_phB06.png,Is the green sphere closer to the camera than the blue cube? Answer with yes or no.,No,No,23.828125,24.125,True
/app/DATA/NVILA-Lite-2B-DATA_SCALE_EXP_400K-20251108_180221,obj1_closer,output/phasevar_5/0001_phA00_phB07.png,Is the green sphere closer to the camera than the blue cube? Answer with yes or no.,No,No,23.796875,24.03125,True
/app/DATA/NVILA-Lite-2B-DATA_SCALE_EXP_400K-20251108_180221,obj1_closer,output/phasevar_5/0001_phA00_phB08.png,Is the green sphere closer to the camera than the blue cube? Answer with yes or no.,No,No,23.578125,24.359375,True
/app/DATA/NVILA-Lite-2B-DATA_SCALE_EXP_400K-20251108_180221,obj1_closer,output/phasevar_5/0001_phA00_phB09.png,Is the green sphere closer to the camera than the blue cube? Answer with yes or no.,No,No,23.078125,24.25,True
/app/DATA/NVILA-Lite-2B-DATA_SCALE_EXP_400K-20251108_180221,obj1_closer,output/phasevar_5/0001_phA00_phB10.png,Is the green sphere closer to the camera than the blue cube? Answer with yes or no.,No,No,22.921875,25.4375,True
/app/DATA/NVILA-Lite-2B-DATA_SCALE_EXP_400K-20251108_180221,obj1_closer,output/phasevar_5/0001_phA00_phB11.png,Is the green sphere closer to the camera than the blue cube? Answer with yes or no.,No,No,22.796875,25.5,True
/app/DATA/NVILA-Lite-2B-DATA_SCALE_EXP_400K-20251108_180221,obj1_closer,output/phasevar_5/0001_phA00_phB12.png,Is the green sphere closer to the camera than the blue cube? Answer with yes or no.,No,No,22.671875,25.6875,True
/app/DATA/NVILA-Lite-2B-DATA_SCALE_EXP_400K-20251108_180221,obj1_closer,output/phasevar_5/0001_phA00_phB13.png,Is the green sphere closer to the camera than the blue cube? Answer with yes or no.,No,No,22.46875,25.734375,True
/app/DATA/NVILA-Lite-2B-DATA_SCALE_EXP_400K-20251108_180221,obj1_closer,output/phasevar_5/0001_phA00_phB14.png,Is the green sphere closer to the camera than the blue cube? Answer with yes or no.,No,No,22.546875,25.96875,True
/app/DATA/NVILA-Lite-2B-DATA_SCALE_EXP_400K-20251108_180221,obj1_closer,output/phasevar_5/0001_phA00_phB15.png,Is the green sphere closer to the camera than the blue cube? Answer with yes or no.,No,No,22.890625,24.625,True
/app/DATA/NVILA-Lite-2B-DATA_SCALE_EXP_400K-20251108_180221,obj1_closer,output/phasevar_5/0001_phA01_phB00.png,Is the green sphere closer to the camera than the blue cube? Answer with yes or no.,No,No,22.96875,24.5625,True
/app/DATA/NVILA-Lite-2B-DATA_SCALE_EXP_400K-20251108_180221,obj1_closer,output/phasevar_5/0001_phA01_phB01.png,Is the green sphere closer to the camera than the blue cube? Answer with yes or no.,No,No,23.25,24.015625,True
/app/DATA/NVILA-Lite-2B-DATA_SCALE_EXP_400K-20251108_180221,obj1_closer,output/phasevar_5/0001_phA01_phB02.png,Is the green sphere closer to the camera than the blue cube? Answer with yes or no.,No,No,23.609375,24.328125,True
/app/DATA/NVILA-Lite-2B-DATA_SCALE_EXP_400K-20251108_180221,obj1_closer,output/phasevar_5/0001_phA01_phB03.png,Is the green sphere closer to the camera than the blue cube? Answer with yes or no.,No,No,23.1875,23.6875,True
/app/DATA/NVILA-Lite-2B-DATA_SCALE_EXP_400K-20251108_180221,obj1_closer,output/phasevar_5/0001_phA01_phB04.png,Is the green sphere closer to the camera than the blue cube? Answer with yes or no.,No,Yes,23.9375,23.78125,False
/app/DATA/NVILA-Lite-2B-DATA_SCALE_EXP_400K-20251108_180221,obj1_closer,output/phasevar_5/0001_phA01_phB05.png,Is the green sphere closer to the camera than the blue cube? Answer with yes or no.,No,No,23.734375,23.921875,True
/app/DATA/NVILA-Lite-2B-DATA_SCALE_EXP_400K-20251108_180221,obj1_closer,output/phasevar_5/0001_phA01_phB06.png,Is the green sphere closer to the camera than the blue cube? Answer with yes or no.,No,No,23.59375,24.109375,True
/app/DATA/NVILA-Lite-2B-DATA_SCALE_EXP_400K-20251108_180221,obj1_closer,output/phasevar_5/0001_phA01_phB07.png,Is the green sphere closer to the camera than the blue cube? Answer with yes or no.,No,No,23.578125,24.0,True
/app/DATA/NVILA-Lite-2B-DATA_SCALE_EXP_400K-20251108_180221,obj1_closer,output/phasevar_5/0001_phA01_phB08.png,Is the green sphere closer to the camera than the blue cube? Answer with yes or no.,No,No,23.4375,24.453125,True
/app/DATA/NVILA-Lite-2B-DATA_SCALE_EXP_400K-20251108_180221,obj1_closer,output/phasevar_5/0001_phA01_phB09.png,Is the green sphere closer to the camera than the blue cube? Answer with yes or no.,No,No,23.0,24.296875,True
/app/DATA/NVILA-Lite-2B-DATA_SCALE_EXP_400K-20251108_180221,obj1_closer,output/phasevar_5/0001_phA01_phB10.png,Is the green sphere closer to the camera than the blue cube? Answer with yes or no.,No,No,22.921875,25.375,True
/app/DATA/NVILA-Lite-2B-DATA_SCALE_EXP_400K-20251108_180221,obj1_closer,output/phasevar_5/0001_phA01_phB11.png,Is the green sphere closer to the camera than the blue cube? Answer with yes or no.,No,No,22.796875,25.5,True
/app/DATA/NVILA-Lite-2B-DATA_SCALE_EXP_400K-20251108_180221,obj1_closer,output/phasevar_5/0001_phA01_phB12.png,Is the green sphere closer to the camera than the blue cube? Answer with yes or no.,No,No,22.671875,25.640625,True
/app/DATA/NVILA-Lite-2B-DATA_SCALE_EXP_400K-20251108_180221,obj1_closer,output/phasevar_5/0001_phA01_phB13.png,Is the green sphere closer to the camera than the blue cube? Answer with yes or no.,No,No,22.5625,25.71875,True
/app/DATA/NVILA-Lite-2B-DATA_SCALE_EXP_400K-20251108_180221,obj1_closer,output/phasevar_5/0001_phA01_phB14.png,Is the green sphere closer to the camera than the blue cube? Answer with yes or no.,No,No,22.65625,25.796875,True
/app/DATA/NVILA-Lite-2B-DATA_SCALE_EXP_400K-20251108_180221,obj1_closer,output/phasevar_5/0001_phA01_phB15.png,Is the green sphere closer to the camera than the blue cube? Answer with yes or no.,No,No,22.9375,24.71875,True
/app/DATA/NVILA-Lite-2B-DATA_SCALE_EXP_400K-20251108_180221,obj1_closer,output/phasevar_5/0001_phA02_phB00.png,Is the green sphere closer to the camera than the blue cube? Answer with yes or no.,No,No,22.828125,24.59375,True
/app/DATA/NVILA-Lite-2B-DATA_SCALE_EXP_400K-20251108_180221,obj1_closer,output/phasevar_5/0001_phA02_phB01.png,Is the green sphere closer to the camera than the blue cube? Answer with yes or no.,No,No,22.859375,23.9375,True
/app/DATA/NVILA-Lite-2B-DATA_SCALE_EXP_400K-20251108_180221,obj1_closer,output/phasevar_5/0001_phA02_phB02.png,Is the green sphere closer to the camera than the blue cube? Answer with yes or no.,No,No,23.453125,24.359375,True
/app/DATA/NVILA-Lite-2B-DATA_SCALE_EXP_400K-20251108_180221,obj1_closer,output/phasevar_5/0001_phA02_phB03.png,Is the green sphere closer to the camera than the blue cube? Answer with yes or no.,No,No,22.890625,23.671875,True
/app/DATA/NVILA-Lite-2B-DATA_SCALE_EXP_400K-20251108_180221,obj1_closer,output/phasevar_5/0001_phA02_phB04.png,Is the green sphere closer to the camera than the blue cube? Answer with yes or no.,No,No,23.65625,23.859375,True
/app/DATA/NVILA-Lite-2B-DATA_SCALE_EXP_400K-20251108_180221,obj1_closer,output/phasevar_5/0001_phA02_phB05.png,Is the green sphere closer to the camera than the blue cube? Answer with yes or no.,No,No,23.59375,23.953125,True
/app/DATA/NVILA-Lite-2B-DATA_SCALE_EXP_400K-20251108_180221,obj1_closer,output/phasevar_5/0001_phA02_phB06.png,Is the green sphere closer to the camera than the blue cube? Answer with yes or no.,No,No,23.421875,24.21875,True
/app/DATA/NVILA-Lite-2B-DATA_SCALE_EXP_400K-20251108_180221,obj1_closer,output/phasevar_5/0001_phA02_phB07.png,Is the green sphere closer to the camera than the blue cube? Answer with yes or no.,No,No,23.375,24.046875,True
/app/DATA/NVILA-Lite-2B-DATA_SCALE_EXP_400K-20251108_180221,obj1_closer,output/phasevar_5/0001_phA02_phB08.png,Is the green sphere closer to the camera than the blue cube? Answer with yes or no.,No,No,23.25,24.515625,True
/app/DATA/NVILA-Lite-2B-DATA_SCALE_EXP_400K-20251108_180221,obj1_closer,output/phasevar_5/0001_phA02_phB09.png,Is the green sphere closer to the camera than the blue cube? Answer with yes or no.,No,No,22.8125,24.359375,True
/app/DATA/NVILA-Lite-2B-DATA_SCALE_EXP_400K-20251108_180221,obj1_closer,output/phasevar_5/0001_phA02_phB10.png,Is the green sphere closer to the camera than the blue cube? Answer with yes or no.,No,No,22.828125,25.421875,True
/app/DATA/NVILA-Lite-2B-DATA_SCALE_EXP_400K-20251108_180221,obj1_closer,output/phasevar_5/0001_phA02_phB11.png,Is the green sphere closer to the camera than the blue cube? Answer with yes or no.,No,No,22.75,25.65625,True
/app/DATA/NVILA-Lite-2B-DATA_SCALE_EXP_400K-20251108_180221,obj1_closer,output/phasevar_5/0001_phA02_phB12.png,Is the green sphere closer to the camera than the blue cube? Answer with yes or no.,No,No,22.65625,25.75,True
/app/DATA/NVILA-Lite-2B-DATA_SCALE_EXP_400K-20251108_180221,obj1_closer,output/phasevar_5/0001_phA02_phB13.png,Is the green sphere closer to the camera than the blue cube? Answer with yes or no.,No,No,22.578125,25.703125,True
/app/DATA/NVILA-Lite-2B-DATA_SCALE_EXP_400K-20251108_180221,obj1_closer,output/phasevar_5/0001_phA02_phB14.png,Is the green sphere closer to the camera than the blue cube? Answer with yes or no.,No,No,22.625,25.8125,True
/app/DATA/NVILA-Lite-2B-DATA_SCALE_EXP_400K-20251108_180221,obj1_closer,output/phasevar_5/0001_phA02_phB15.png,Is the green sphere closer to the camera than the blue cube? Answer with yes or no.,No,No,22.765625,24.734375,True
/app/DATA/NVILA-Lite-2B-DATA_SCALE_EXP_400K-20251108_180221,obj1_closer,output/phasevar_5/0001_phA03_phB00.png,Is the green sphere closer to the camera than the blue cube? Answer with yes or no.,No,No,23.03125,24.546875,True
/app/DATA/NVILA-Lite-2B-DATA_SCALE_EXP_400K-20251108_180221,obj1_closer,output/phasevar_5/0001_phA03_phB01.png,Is the green sphere closer to the camera than the blue cube? Answer with yes or no.,No,No,23.015625,23.84375,True
/app/DATA/NVILA-Lite-2B-DATA_SCALE_EXP_400K-20251108_180221,obj1_closer,output/phasevar_5/0001_phA03_phB02.png,Is the green sphere closer to the camera than the blue cube? Answer with yes or no.,No,No,23.40625,24.3125,True
/app/DATA/NVILA-Lite-2B-DATA_SCALE_EXP_400K-20251108_180221,obj1_closer,output/phasevar_5/0001_phA03_phB03.png,Is the green sphere closer to the camera than the blue cube? Answer with yes or no.,No,No,22.5,23.671875,True
/app/DATA/NVILA-Lite-2B-DATA_SCALE_EXP_400K-20251108_180221,obj1_closer,output/phasevar_5/0001_phA03_phB04.png,Is the green sphere closer to the camera than the blue cube? Answer with yes or no.,No,No,23.203125,23.9375,True
/app/DATA/NVILA-Lite-2B-DATA_SCALE_EXP_400K-20251108_180221,obj1_closer,output/phasevar_5/0001_phA03_phB05.png,Is the green sphere closer to the camera than the blue cube? Answer with yes or no.,No,No,23.265625,24.125,True
/app/DATA/NVILA-Lite-2B-DATA_SCALE_EXP_400K-20251108_180221,obj1_closer,output/phasevar_5/0001_phA03_phB06.png,Is the green sphere closer to the camera than the blue cube? Answer with yes or no.,No,No,23.296875,24.265625,True
/app/DATA/NVILA-Lite-2B-DATA_SCALE_EXP_400K-20251108_180221,obj1_closer,output/phasevar_5/0001_phA03_phB07.png,Is the green sphere closer to the camera than the blue cube? Answer with yes or no.,No,No,23.296875,24.0625,True
/app/DATA/NVILA-Lite-2B-DATA_SCALE_EXP_400K-20251108_180221,obj1_closer,output/phasevar_5/0001_phA03_phB08.png,Is the green sphere closer to the camera than the blue cube? Answer with yes or no.,No,No,23.21875,24.59375,True
/app/DATA/NVILA-Lite-2B-DATA_SCALE_EXP_400K-20251108_180221,obj1_closer,output/phasevar_5/0001_phA03_phB09.png,Is the green sphere closer to the camera than the blue cube? Answer with yes or no.,No,No,22.828125,24.515625,True
/app/DATA/NVILA-Lite-2B-DATA_SCALE_EXP_400K-20251108_180221,obj1_closer,output/phasevar_5/0001_phA03_phB10.png,Is the green sphere closer to the camera than the blue cube? Answer with yes or no.,No,No,22.84375,25.453125,True
/app/DATA/NVILA-Lite-2B-DATA_SCALE_EXP_400K-20251108_180221,obj1_closer,output/phasevar_5/0001_phA03_phB11.png,Is the green sphere closer to the camera than the blue cube? Answer with yes or no.,No,No,22.625,25.734375,True
/app/DATA/NVILA-Lite-2B-DATA_SCALE_EXP_400K-20251108_180221,obj1_closer,output/phasevar_5/0001_phA03_phB12.png,Is the green sphere closer to the camera than the blue cube? Answer with yes or no.,No,No,22.421875,25.78125,True
/app/DATA/NVILA-Lite-2B-DATA_SCALE_EXP_400K-20251108_180221,obj1_closer,output/phasevar_5/0001_phA03_phB13.png,Is the green sphere closer to the camera than the blue cube? Answer with yes or no.,No,No,22.40625,25.78125,True
/app/DATA/NVILA-Lite-2B-DATA_SCALE_EXP_400K-20251108_180221,obj1_closer,output/phasevar_5/0001_phA03_phB14.png,Is the green sphere closer to the camera than the blue cube? Answer with yes or no.,No,No,22.671875,25.640625,True
/app/DATA/NVILA-Lite-2B-DATA_SCALE_EXP_400K-20251108_180221,obj1_closer,output/phasevar_5/0001_phA03_phB15.png,Is the green sphere closer to the camera than the blue cube? Answer with yes or no.,No,No,22.921875,24.578125,True
/app/DATA/NVILA-Lite-2B-DATA_SCALE_EXP_400K-20251108_180221,obj1_closer,output/phasevar_5/0001_phA04_phB00.png,Is the green sphere closer to the camera than the blue cube? Answer with yes or no.,No,No,23.09375,24.59375,True
/app/DATA/NVILA-Lite-2B-DATA_SCALE_EXP_400K-20251108_180221,obj1_closer,output/phasevar_5/0001_phA04_phB01.png,Is the green sphere closer to the camera than the blue cube? Answer with yes or no.,No,No,23.09375,24.015625,True
/app/DATA/NVILA-Lite-2B-DATA_SCALE_EXP_400K-20251108_180221,obj1_closer,output/phasevar_5/0001_phA04_phB02.png,Is the green sphere closer to the camera than the blue cube? Answer with yes or no.,No,No,23.421875,24.4375,True
/app/DATA/NVILA-Lite-2B-DATA_SCALE_EXP_400K-20251108_180221,obj1_closer,output/phasevar_5/0001_phA04_phB03.png,Is the green sphere closer to the camera than the blue cube? Answer with yes or no.,No,No,22.515625,23.890625,True
/app/DATA/NVILA-Lite-2B-DATA_SCALE_EXP_400K-20251108_180221,obj1_closer,output/phasevar_5/0001_phA04_phB04.png,Is the green sphere closer to the camera than the blue cube? Answer with yes or no.,No,No,23.03125,23.96875,True
/app/DATA/NVILA-Lite-2B-DATA_SCALE_EXP_400K-20251108_180221,obj1_closer,output/phasevar_5/0001_phA04_phB05.png,Is the green sphere closer to the camera than the blue cube? Answer with yes or no.,No,No,23.15625,24.265625,True
/app/DATA/NVILA-Lite-2B-DATA_SCALE_EXP_400K-20251108_180221,obj1_closer,output/phasevar_5/0001_phA04_phB06.png,Is the green sphere closer to the camera than the blue cube? Answer with yes or no.,No,No,23.21875,24.40625,True
/app/DATA/NVILA-Lite-2B-DATA_SCALE_EXP_400K-20251108_180221,obj1_closer,output/phasevar_5/0001_phA04_phB07.png,Is the green sphere closer to the camera than the blue cube? Answer with yes or no.,No,No,23.1875,24.21875,True
/app/DATA/NVILA-Lite-2B-DATA_SCALE_EXP_400K-20251108_180221,obj1_closer,output/phasevar_5/0001_phA04_phB08.png,Is the green sphere closer to the camera than the blue cube? Answer with yes or no.,No,No,23.03125,24.65625,True
/app/DATA/NVILA-Lite-2B-DATA_SCALE_EXP_400K-20251108_180221,obj1_closer,output/phasevar_5/0001_phA04_phB09.png,Is the green sphere closer to the camera than the blue cube? Answer with yes or no.,No,No,22.75,24.625,True
/app/DATA/NVILA-Lite-2B-DATA_SCALE_EXP_400K-20251108_180221,obj1_closer,output/phasevar_5/0001_phA04_phB10.png,Is the green sphere closer to the camera than the blue cube? Answer with yes or no.,No,No,22.6875,25.578125,True
/app/DATA/NVILA-Lite-2B-DATA_SCALE_EXP_400K-20251108_180221,obj1_closer,output/phasevar_5/0001_phA04_phB11.png,Is the green sphere closer to the camera than the blue cube? Answer with yes or no.,No,No,22.484375,25.953125,True
/app/DATA/NVILA-Lite-2B-DATA_SCALE_EXP_400K-20251108_180221,obj1_closer,output/phasevar_5/0001_phA04_phB12.png,Is the green sphere closer to the camera than the blue cube? Answer with yes or no.,No,No,22.203125,25.828125,True
/app/DATA/NVILA-Lite-2B-DATA_SCALE_EXP_400K-20251108_180221,obj1_closer,output/phasevar_5/0001_phA04_phB13.png,Is the green sphere closer to the camera than the blue cube? Answer with yes or no.,No,No,22.34375,25.890625,True
/app/DATA/NVILA-Lite-2B-DATA_SCALE_EXP_400K-20251108_180221,obj1_closer,output/phasevar_5/0001_phA04_phB14.png,Is the green sphere closer to the camera than the blue cube? Answer with yes or no.,No,No,22.640625,25.640625,True
/app/DATA/NVILA-Lite-2B-DATA_SCALE_EXP_400K-20251108_180221,obj1_closer,output/phasevar_5/0001_phA04_phB15.png,Is the green sphere closer to the camera than the blue cube? Answer with yes or no.,No,No,22.96875,24.578125,True
/app/DATA/NVILA-Lite-2B-DATA_SCALE_EXP_400K-20251108_180221,obj1_closer,output/phasevar_5/0001_phA05_phB00.png,Is the green sphere closer to the camera than the blue cube? Answer with yes or no.,No,No,23.25,24.90625,True
/app/DATA/NVILA-Lite-2B-DATA_SCALE_EXP_400K-20251108_180221,obj1_closer,output/phasevar_5/0001_phA05_phB01.png,Is the green sphere closer to the camera than the blue cube? Answer with yes or no.,No,No,23.203125,24.390625,True
/app/DATA/NVILA-Lite-2B-DATA_SCALE_EXP_400K-20251108_180221,obj1_closer,output/phasevar_5/0001_phA05_phB02.png,Is the green sphere closer to the camera than the blue cube? Answer with yes or no.,No,No,23.515625,24.703125,True
/app/DATA/NVILA-Lite-2B-DATA_SCALE_EXP_400K-20251108_180221,obj1_closer,output/phasevar_5/0001_phA05_phB03.png,Is the green sphere closer to the camera than the blue cube? Answer with yes or no.,No,No,22.6875,24.296875,True
/app/DATA/NVILA-Lite-2B-DATA_SCALE_EXP_400K-20251108_180221,obj1_closer,output/phasevar_5/0001_phA05_phB04.png,Is the green sphere closer to the camera than the blue cube? Answer with yes or no.,No,No,23.03125,24.234375,True
/app/DATA/NVILA-Lite-2B-DATA_SCALE_EXP_400K-20251108_180221,obj1_closer,output/phasevar_5/0001_phA05_phB05.png,Is the green sphere closer to the camera than the blue cube? Answer with yes or no.,No,No,23.0625,24.5625,True
/app/DATA/NVILA-Lite-2B-DATA_SCALE_EXP_400K-20251108_180221,obj1_closer,output/phasevar_5/0001_phA05_phB06.png,Is the green sphere closer to the camera than the blue cube? Answer with yes or no.,No,No,23.1875,24.796875,True
/app/DATA/NVILA-Lite-2B-DATA_SCALE_EXP_400K-20251108_180221,obj1_closer,output/phasevar_5/0001_phA05_phB07.png,Is the green sphere closer to the camera than the blue cube? Answer with yes or no.,No,No,23.125,24.53125,True
/app/DATA/NVILA-Lite-2B-DATA_SCALE_EXP_400K-20251108_180221,obj1_closer,output/phasevar_5/0001_phA05_phB08.png,Is the green sphere closer to the camera than the blue cube? Answer with yes or no.,No,No,22.984375,25.0625,True
/app/DATA/NVILA-Lite-2B-DATA_SCALE_EXP_400K-20251108_180221,obj1_closer,output/phasevar_5/0001_phA05_phB09.png,Is the green sphere closer to the camera than the blue cube? Answer with yes or no.,No,No,22.765625,25.0,True
/app/DATA/NVILA-Lite-2B-DATA_SCALE_EXP_400K-20251108_180221,obj1_closer,output/phasevar_5/0001_phA05_phB10.png,Is the green sphere closer to the camera than the blue cube? Answer with yes or no.,No,No,22.703125,25.90625,True
/app/DATA/NVILA-Lite-2B-DATA_SCALE_EXP_400K-20251108_180221,obj1_closer,output/phasevar_5/0001_phA05_phB11.png,Is the green sphere closer to the camera than the blue cube? Answer with yes or no.,No,No,22.5,26.1875,True
/app/DATA/NVILA-Lite-2B-DATA_SCALE_EXP_400K-20251108_180221,obj1_closer,output/phasevar_5/0001_phA05_phB12.png,Is the green sphere closer to the camera than the blue cube? Answer with yes or no.,No,No,22.359375,26.140625,True
/app/DATA/NVILA-Lite-2B-DATA_SCALE_EXP_400K-20251108_180221,obj1_closer,output/phasevar_5/0001_phA05_phB13.png,Is the green sphere closer to the camera than the blue cube? Answer with yes or no.,No,No,22.453125,26.09375,True
/app/DATA/NVILA-Lite-2B-DATA_SCALE_EXP_400K-20251108_180221,obj1_closer,output/phasevar_5/0001_phA05_phB14.png,Is the green sphere closer to the camera than the blue cube? Answer with yes or no.,No,No,22.84375,25.96875,True
/app/DATA/NVILA-Lite-2B-DATA_SCALE_EXP_400K-20251108_180221,obj1_closer,output/phasevar_5/0001_phA05_phB15.png,Is the green sphere closer to the camera than the blue cube? Answer with yes or no.,No,No,23.125,24.8125,True
/app/DATA/NVILA-Lite-2B-DATA_SCALE_EXP_400K-20251108_180221,obj1_closer,output/phasevar_5/0001_phA06_phB00.png,Is the green sphere closer to the camera than the blue cube? Answer with yes or no.,No,No,23.46875,24.484375,True
/app/DATA/NVILA-Lite-2B-DATA_SCALE_EXP_400K-20251108_180221,obj1_closer,output/phasevar_5/0001_phA06_phB01.png,Is the green sphere closer to the camera than the blue cube? Answer with yes or no.,No,No,23.40625,24.109375,True
/app/DATA/NVILA-Lite-2B-DATA_SCALE_EXP_400K-20251108_180221,obj1_closer,output/phasevar_5/0001_phA06_phB02.png,Is the green sphere closer to the camera than the blue cube? Answer with yes or no.,No,No,23.828125,24.390625,True
/app/DATA/NVILA-Lite-2B-DATA_SCALE_EXP_400K-20251108_180221,obj1_closer,output/phasevar_5/0001_phA06_phB03.png,Is the green sphere closer to the camera than the blue cube? Answer with yes or no.,No,No,23.203125,23.796875,True
/app/DATA/NVILA-Lite-2B-DATA_SCALE_EXP_400K-20251108_180221,obj1_closer,output/phasevar_5/0001_phA06_phB04.png,Is the green sphere closer to the camera than the blue cube? Answer with yes or no.,No,No,23.65625,23.75,True
/app/DATA/NVILA-Lite-2B-DATA_SCALE_EXP_400K-20251108_180221,obj1_closer,output/phasevar_5/0001_phA06_phB05.png,Is the green sphere closer to the camera than the blue cube? Answer with yes or no.,No,No,23.25,24.375,True
/app/DATA/NVILA-Lite-2B-DATA_SCALE_EXP_400K-20251108_180221,obj1_closer,output/phasevar_5/0001_phA06_phB06.png,Is the green sphere closer to the camera than the blue cube? Answer with yes or no.,No,No,23.265625,24.78125,True
/app/DATA/NVILA-Lite-2B-DATA_SCALE_EXP_400K-20251108_180221,obj1_closer,output/phasevar_5/0001_phA06_phB07.png,Is the green sphere closer to the camera than the blue cube? Answer with yes or no.,No,No,23.15625,24.5625,True
/app/DATA/NVILA-Lite-2B-DATA_SCALE_EXP_400K-20251108_180221,obj1_closer,output/phasevar_5/0001_phA06_phB08.png,Is the green sphere closer to the camera than the blue cube? Answer with yes or no.,No,No,23.09375,24.96875,True
/app/DATA/NVILA-Lite-2B-DATA_SCALE_EXP_400K-20251108_180221,obj1_closer,output/phasevar_5/0001_phA06_phB09.png,Is the green sphere closer to the camera than the blue cube? Answer with yes or no.,No,No,22.90625,24.9375,True
/app/DATA/NVILA-Lite-2B-DATA_SCALE_EXP_400K-20251108_180221,obj1_closer,output/phasevar_5/0001_phA06_phB10.png,Is the green sphere closer to the camera than the blue cube? Answer with yes or no.,No,No,22.828125,25.734375,True
/app/DATA/NVILA-Lite-2B-DATA_SCALE_EXP_400K-20251108_180221,obj1_closer,output/phasevar_5/0001_phA06_phB11.png,Is the green sphere closer to the camera than the blue cube? Answer with yes or no.,No,No,22.671875,25.703125,True
/app/DATA/NVILA-Lite-2B-DATA_SCALE_EXP_400K-20251108_180221,obj1_closer,output/phasevar_5/0001_phA06_phB12.png,Is the green sphere closer to the camera than the blue cube? Answer with yes or no.,No,No,22.671875,25.453125,True
/app/DATA/NVILA-Lite-2B-DATA_SCALE_EXP_400K-20251108_180221,obj1_closer,output/phasevar_5/0001_phA06_phB13.png,Is the green sphere closer to the camera than the blue cube? Answer with yes or no.,No,No,22.71875,25.40625,True
/app/DATA/NVILA-Lite-2B-DATA_SCALE_EXP_400K-20251108_180221,obj1_closer,output/phasevar_5/0001_phA06_phB14.png,Is the green sphere closer to the camera than the blue cube? Answer with yes or no.,No,No,23.046875,25.46875,True
/app/DATA/NVILA-Lite-2B-DATA_SCALE_EXP_400K-20251108_180221,obj1_closer,output/phasevar_5/0001_phA06_phB15.png,Is the green sphere closer to the camera than the blue cube? Answer with yes or no.,No,No,23.25,24.40625,True
/app/DATA/NVILA-Lite-2B-DATA_SCALE_EXP_400K-20251108_180221,obj1_closer,output/phasevar_5/0001_phA07_phB00.png,Is the green sphere closer to the camera than the blue cube? Answer with yes or no.,No,No,23.5,24.078125,True
/app/DATA/NVILA-Lite-2B-DATA_SCALE_EXP_400K-20251108_180221,obj1_closer,output/phasevar_5/0001_phA07_phB01.png,Is the green sphere closer to the camera than the blue cube? Answer with yes or no.,No,No,23.53125,23.625,True
/app/DATA/NVILA-Lite-2B-DATA_SCALE_EXP_400K-20251108_180221,obj1_closer,output/phasevar_5/0001_phA07_phB02.png,Is the green sphere closer to the camera than the blue cube? Answer with yes or no.,No,No,23.984375,24.015625,True
/app/DATA/NVILA-Lite-2B-DATA_SCALE_EXP_400K-20251108_180221,obj1_closer,output/phasevar_5/0001_phA07_phB03.png,Is the green sphere closer to the camera than the blue cube? Answer with yes or no.,No,Yes,23.6875,23.09375,False
/app/DATA/NVILA-Lite-2B-DATA_SCALE_EXP_400K-20251108_180221,obj1_closer,output/phasevar_5/0001_phA07_phB04.png,Is the green sphere closer to the camera than the blue cube? Answer with yes or no.,No,Yes,24.03125,23.09375,False
/app/DATA/NVILA-Lite-2B-DATA_SCALE_EXP_400K-20251108_180221,obj1_closer,output/phasevar_5/0001_phA07_phB05.png,Is the green sphere closer to the camera than the blue cube? Answer with yes or no.,No,No,23.53125,23.734375,True
/app/DATA/NVILA-Lite-2B-DATA_SCALE_EXP_400K-20251108_180221,obj1_closer,output/phasevar_5/0001_phA07_phB06.png,Is the green sphere closer to the camera than the blue cube? Answer with yes or no.,No,No,23.515625,24.34375,True
/app/DATA/NVILA-Lite-2B-DATA_SCALE_EXP_400K-20251108_180221,obj1_closer,output/phasevar_5/0001_phA07_phB07.png,Is the green sphere closer to the camera than the blue cube? Answer with yes or no.,No,No,23.4375,24.234375,True
/app/DATA/NVILA-Lite-2B-DATA_SCALE_EXP_400K-20251108_180221,obj1_closer,output/phasevar_5/0001_phA07_phB08.png,Is the green sphere closer to the camera than the blue cube? Answer with yes or no.,No,No,23.140625,24.703125,True
/app/DATA/NVILA-Lite-2B-DATA_SCALE_EXP_400K-20251108_180221,obj1_closer,output/phasevar_5/0001_phA07_phB09.png,Is the green sphere closer to the camera than the blue cube? Answer with yes or no.,No,No,22.921875,24.71875,True
/app/DATA/NVILA-Lite-2B-DATA_SCALE_EXP_400K-20251108_180221,obj1_closer,output/phasevar_5/0001_phA07_phB10.png,Is the green sphere closer to the camera than the blue cube? Answer with yes or no.,No,No,22.796875,25.53125,True
/app/DATA/NVILA-Lite-2B-DATA_SCALE_EXP_400K-20251108_180221,obj1_closer,output/phasevar_5/0001_phA07_phB11.png,Is the green sphere closer to the camera than the blue cube? Answer with yes or no.,No,No,22.578125,25.46875,True
/app/DATA/NVILA-Lite-2B-DATA_SCALE_EXP_400K-20251108_180221,obj1_closer,output/phasevar_5/0001_phA07_phB12.png,Is the green sphere closer to the camera than the blue cube? Answer with yes or no.,No,No,22.703125,25.296875,True
/app/DATA/NVILA-Lite-2B-DATA_SCALE_EXP_400K-20251108_180221,obj1_closer,output/phasevar_5/0001_phA07_phB13.png,Is the green sphere closer to the camera than the blue cube? Answer with yes or no.,No,No,22.6875,25.25,True
/app/DATA/NVILA-Lite-2B-DATA_SCALE_EXP_400K-20251108_180221,obj1_closer,output/phasevar_5/0001_phA07_phB14.png,Is the green sphere closer to the camera than the blue cube? Answer with yes or no.,No,No,23.125,25.328125,True
/app/DATA/NVILA-Lite-2B-DATA_SCALE_EXP_400K-20251108_180221,obj1_closer,output/phasevar_5/0001_phA07_phB15.png,Is the green sphere closer to the camera than the blue cube? Answer with yes or no.,No,No,23.28125,24.171875,True
/app/DATA/NVILA-Lite-2B-DATA_SCALE_EXP_400K-20251108_180221,obj1_closer,output/phasevar_5/0001_phA08_phB00.png,Is the green sphere closer to the camera than the blue cube? Answer with yes or no.,No,No,23.671875,23.90625,True
/app/DATA/NVILA-Lite-2B-DATA_SCALE_EXP_400K-20251108_180221,obj1_closer,output/phasevar_5/0001_phA08_phB01.png,Is the green sphere closer to the camera than the blue cube? Answer with yes or no.,No,Yes,23.71875,23.609375,False
/app/DATA/NVILA-Lite-2B-DATA_SCALE_EXP_400K-20251108_180221,obj1_closer,output/phasevar_5/0001_phA08_phB02.png,Is the green sphere closer to the camera than the blue cube? Answer with yes or no.,No,Yes,24.15625,24.0,False
/app/DATA/NVILA-Lite-2B-DATA_SCALE_EXP_400K-20251108_180221,obj1_closer,output/phasevar_5/0001_phA08_phB03.png,Is the green sphere closer to the camera than the blue cube? Answer with yes or no.,No,Yes,23.859375,23.171875,False
/app/DATA/NVILA-Lite-2B-DATA_SCALE_EXP_400K-20251108_180221,obj1_closer,output/phasevar_5/0001_phA08_phB04.png,Is the green sphere closer to the camera than the blue cube? Answer with yes or no.,No,Yes,24.265625,23.1875,False
/app/DATA/NVILA-Lite-2B-DATA_SCALE_EXP_400K-20251108_180221,obj1_closer,output/phasevar_5/0001_phA08_phB05.png,Is the green sphere closer to the camera than the blue cube? Answer with yes or no.,No,No,23.640625,23.65625,True
/app/DATA/NVILA-Lite-2B-DATA_SCALE_EXP_400K-20251108_180221,obj1_closer,output/phasevar_5/0001_phA08_phB06.png,Is the green sphere closer to the camera than the blue cube? Answer with yes or no.,No,No,23.59375,24.265625,True
/app/DATA/NVILA-Lite-2B-DATA_SCALE_EXP_400K-20251108_180221,obj1_closer,output/phasevar_5/0001_phA08_phB07.png,Is the green sphere closer to the camera than the blue cube? Answer with yes or no.,No,No,23.53125,24.203125,True
/app/DATA/NVILA-Lite-2B-DATA_SCALE_EXP_400K-20251108_180221,obj1_closer,output/phasevar_5/0001_phA08_phB08.png,Is the green sphere closer to the camera than the blue cube? Answer with yes or no.,No,No,23.15625,24.546875,True
/app/DATA/NVILA-Lite-2B-DATA_SCALE_EXP_400K-20251108_180221,obj1_closer,output/phasevar_5/0001_phA08_phB09.png,Is the green sphere closer to the camera than the blue cube? Answer with yes or no.,No,No,22.84375,24.703125,True
/app/DATA/NVILA-Lite-2B-DATA_SCALE_EXP_400K-20251108_180221,obj1_closer,output/phasevar_5/0001_phA08_phB10.png,Is the green sphere closer to the camera than the blue cube? Answer with yes or no.,No,No,22.671875,25.53125,True
/app/DATA/NVILA-Lite-2B-DATA_SCALE_EXP_400K-20251108_180221,obj1_closer,output/phasevar_5/0001_phA08_phB11.png,Is the green sphere closer to the camera than the blue cube? Answer with yes or no.,No,No,22.421875,25.453125,True
/app/DATA/NVILA-Lite-2B-DATA_SCALE_EXP_400K-20251108_180221,obj1_closer,output/phasevar_5/0001_phA08_phB12.png,Is the green sphere closer to the camera than the blue cube? Answer with yes or no.,No,No,22.5625,25.25,True
/app/DATA/NVILA-Lite-2B-DATA_SCALE_EXP_400K-20251108_180221,obj1_closer,output/phasevar_5/0001_phA08_phB13.png,Is the green sphere closer to the camera than the blue cube? Answer with yes or no.,No,No,22.625,25.15625,True
/app/DATA/NVILA-Lite-2B-DATA_SCALE_EXP_400K-20251108_180221,obj1_closer,output/phasevar_5/0001_phA08_phB14.png,Is the green sphere closer to the camera than the blue cube? Answer with yes or no.,No,No,23.0625,25.21875,True
/app/DATA/NVILA-Lite-2B-DATA_SCALE_EXP_400K-20251108_180221,obj1_closer,output/phasevar_5/0001_phA08_phB15.png,Is the green sphere closer to the camera than the blue cube? Answer with yes or no.,No,No,23.375,24.09375,True
/app/DATA/NVILA-Lite-2B-DATA_SCALE_EXP_400K-20251108_180221,obj1_closer,output/phasevar_5/0001_phA09_phB00.png,Is the green sphere closer to the camera than the blue cube? Answer with yes or no.,No,No,23.78125,24.0625,True
/app/DATA/NVILA-Lite-2B-DATA_SCALE_EXP_400K-20251108_180221,obj1_closer,output/phasevar_5/0001_phA09_phB01.png,Is the green sphere closer to the camera than the blue cube? Answer with yes or no.,No,Yes,23.890625,23.84375,False
/app/DATA/NVILA-Lite-2B-DATA_SCALE_EXP_400K-20251108_180221,obj1_closer,output/phasevar_5/0001_phA09_phB02.png,Is the green sphere closer to the camera than the blue cube? Answer with yes or no.,No,Yes,24.359375,24.28125,False
/app/DATA/NVILA-Lite-2B-DATA_SCALE_EXP_400K-20251108_180221,obj1_closer,output/phasevar_5/0001_phA09_phB03.png,Is the green sphere closer to the camera than the blue cube? Answer with yes or no.,No,Yes,24.0625,23.375,False
/app/DATA/NVILA-Lite-2B-DATA_SCALE_EXP_400K-20251108_180221,obj1_closer,output/phasevar_5/0001_phA09_phB04.png,Is the green sphere closer to the camera than the blue cube? Answer with yes or no.,No,Yes,24.359375,23.453125,False
/app/DATA/NVILA-Lite-2B-DATA_SCALE_EXP_400K-20251108_180221,obj1_closer,output/phasevar_5/0001_phA09_phB05.png,Is the green sphere closer to the camera than the blue cube? Answer with yes or no.,No,No,23.734375,23.84375,True
/app/DATA/NVILA-Lite-2B-DATA_SCALE_EXP_400K-20251108_180221,obj1_closer,output/phasevar_5/0001_phA09_phB06.png,Is the green sphere closer to the camera than the blue cube? Answer with yes or no.,No,No,23.71875,24.421875,True
/app/DATA/NVILA-Lite-2B-DATA_SCALE_EXP_400K-20251108_180221,obj1_closer,output/phasevar_5/0001_phA09_phB07.png,Is the green sphere closer to the camera than the blue cube? Answer with yes or no.,No,No,23.6875,24.421875,True
/app/DATA/NVILA-Lite-2B-DATA_SCALE_EXP_400K-20251108_180221,obj1_closer,output/phasevar_5/0001_phA09_phB08.png,Is the green sphere closer to the camera than the blue cube? Answer with yes or no.,No,No,23.3125,24.625,True
/app/DATA/NVILA-Lite-2B-DATA_SCALE_EXP_400K-20251108_180221,obj1_closer,output/phasevar_5/0001_phA09_phB09.png,Is the green sphere closer to the camera than the blue cube? Answer with yes or no.,No,No,22.828125,24.734375,True
/app/DATA/NVILA-Lite-2B-DATA_SCALE_EXP_400K-20251108_180221,obj1_closer,output/phasevar_5/0001_phA09_phB10.png,Is the green sphere closer to the camera than the blue cube? Answer with yes or no.,No,No,22.5625,25.65625,True
/app/DATA/NVILA-Lite-2B-DATA_SCALE_EXP_400K-20251108_180221,obj1_closer,output/phasevar_5/0001_phA09_phB11.png,Is the green sphere closer to the camera than the blue cube? Answer with yes or no.,No,No,22.34375,25.5,True
/app/DATA/NVILA-Lite-2B-DATA_SCALE_EXP_400K-20251108_180221,obj1_closer,output/phasevar_5/0001_phA09_phB12.png,Is the green sphere closer to the camera than the blue cube? Answer with yes or no.,No,No,22.5,25.546875,True
/app/DATA/NVILA-Lite-2B-DATA_SCALE_EXP_400K-20251108_180221,obj1_closer,output/phasevar_5/0001_phA09_phB13.png,Is the green sphere closer to the camera than the blue cube? Answer with yes or no.,No,No,22.578125,25.421875,True
/app/DATA/NVILA-Lite-2B-DATA_SCALE_EXP_400K-20251108_180221,obj1_closer,output/phasevar_5/0001_phA09_phB14.png,Is the green sphere closer to the camera than the blue cube? Answer with yes or no.,No,No,23.046875,25.5625,True
/app/DATA/NVILA-Lite-2B-DATA_SCALE_EXP_400K-20251108_180221,obj1_closer,output/phasevar_5/0001_phA09_phB15.png,Is the green sphere closer to the camera than the blue cube? Answer with yes or no.,No,No,23.4375,24.21875,True
/app/DATA/NVILA-Lite-2B-DATA_SCALE_EXP_400K-20251108_180221,obj1_closer,output/phasevar_5/0001_phA10_phB00.png,Is the green sphere closer to the camera than the blue cube? Answer with yes or no.,No,Yes,24.046875,23.953125,False
/app/DATA/NVILA-Lite-2B-DATA_SCALE_EXP_400K-20251108_180221,obj1_closer,output/phasevar_5/0001_phA10_phB01.png,Is the green sphere closer to the camera than the blue cube? Answer with yes or no.,No,Yes,24.1875,23.546875,False
/app/DATA/NVILA-Lite-2B-DATA_SCALE_EXP_400K-20251108_180221,obj1_closer,output/phasevar_5/0001_phA10_phB02.png,Is the green sphere closer to the camera than the blue cube? Answer with yes or no.,No,Yes,24.578125,24.046875,False
/app/DATA/NVILA-Lite-2B-DATA_SCALE_EXP_400K-20251108_180221,obj1_closer,output/phasevar_5/0001_phA10_phB03.png,Is the green sphere closer to the camera than the blue cube? Answer with yes or no.,No,Yes,24.265625,23.09375,False
/app/DATA/NVILA-Lite-2B-DATA_SCALE_EXP_400K-20251108_180221,obj1_closer,output/phasevar_5/0001_phA10_phB04.png,Is the green sphere closer to the camera than the blue cube? Answer with yes or no.,No,Yes,24.328125,23.015625,False
/app/DATA/NVILA-Lite-2B-DATA_SCALE_EXP_400K-20251108_180221,obj1_closer,output/phasevar_5/0001_phA10_phB05.png,Is the green sphere closer to the camera than the blue cube? Answer with yes or no.,No,Yes,23.875,23.671875,False
/app/DATA/NVILA-Lite-2B-DATA_SCALE_EXP_400K-20251108_180221,obj1_closer,output/phasevar_5/0001_phA10_phB06.png,Is the green sphere closer to the camera than the blue cube? Answer with yes or no.,No,No,23.78125,24.140625,True
/app/DATA/NVILA-Lite-2B-DATA_SCALE_EXP_400K-20251108_180221,obj1_closer,output/phasevar_5/0001_phA10_phB07.png,Is the green sphere closer to the camera than the blue cube? Answer with yes or no.,No,No,23.71875,24.078125,True
/app/DATA/NVILA-Lite-2B-DATA_SCALE_EXP_400K-20251108_180221,obj1_closer,output/phasevar_5/0001_phA10_phB08.png,Is the green sphere closer to the camera than the blue cube? Answer with yes or no.,No,No,23.296875,24.375,True
/app/DATA/NVILA-Lite-2B-DATA_SCALE_EXP_400K-20251108_180221,obj1_closer,output/phasevar_5/0001_phA10_phB09.png,Is the green sphere closer to the camera than the blue cube? Answer with yes or no.,No,No,22.796875,24.34375,True
/app/DATA/NVILA-Lite-2B-DATA_SCALE_EXP_400K-20251108_180221,obj1_closer,output/phasevar_5/0001_phA10_phB10.png,Is the green sphere closer to the camera than the blue cube? Answer with yes or no.,No,No,22.25,25.734375,True
/app/DATA/NVILA-Lite-2B-DATA_SCALE_EXP_400K-20251108_180221,obj1_closer,output/phasevar_5/0001_phA10_phB11.png,Is the green sphere closer to the camera than the blue cube? Answer with yes or no.,No,No,22.03125,25.546875,True
/app/DATA/NVILA-Lite-2B-DATA_SCALE_EXP_400K-20251108_180221,obj1_closer,output/phasevar_5/0001_phA10_phB12.png,Is the green sphere closer to the camera than the blue cube? Answer with yes or no.,No,No,22.296875,25.53125,True
/app/DATA/NVILA-Lite-2B-DATA_SCALE_EXP_400K-20251108_180221,obj1_closer,output/phasevar_5/0001_phA10_phB13.png,Is the green sphere closer to the camera than the blue cube? Answer with yes or no.,No,No,22.453125,25.28125,True
/app/DATA/NVILA-Lite-2B-DATA_SCALE_EXP_400K-20251108_180221,obj1_closer,output/phasevar_5/0001_phA10_phB14.png,Is the green sphere closer to the camera than the blue cube? Answer with yes or no.,No,No,22.859375,25.53125,True
/app/DATA/NVILA-Lite-2B-DATA_SCALE_EXP_400K-20251108_180221,obj1_closer,output/phasevar_5/0001_phA10_phB15.png,Is the green sphere closer to the camera than the blue cube? Answer with yes or no.,No,No,23.6875,23.984375,True
/app/DATA/NVILA-Lite-2B-DATA_SCALE_EXP_400K-20251108_180221,obj1_closer,output/phasevar_5/0001_phA11_phB00.png,Is the green sphere closer to the camera than the blue cube? Answer with yes or no.,No,No,23.953125,24.109375,True
/app/DATA/NVILA-Lite-2B-DATA_SCALE_EXP_400K-20251108_180221,obj1_closer,output/phasevar_5/0001_phA11_phB01.png,Is the green sphere closer to the camera than the blue cube? Answer with yes or no.,No,Yes,24.0625,23.625,False
/app/DATA/NVILA-Lite-2B-DATA_SCALE_EXP_400K-20251108_180221,obj1_closer,output/phasevar_5/0001_phA11_phB02.png,Is the green sphere closer to the camera than the blue cube? Answer with yes or no.,No,Yes,24.4375,24.234375,False
/app/DATA/NVILA-Lite-2B-DATA_SCALE_EXP_400K-20251108_180221,obj1_closer,output/phasevar_5/0001_phA11_phB03.png,Is the green sphere closer to the camera than the blue cube? Answer with yes or no.,No,Yes,24.0,23.296875,False
/app/DATA/NVILA-Lite-2B-DATA_SCALE_EXP_400K-20251108_180221,obj1_closer,output/phasevar_5/0001_phA11_phB04.png,Is the green sphere closer to the camera than the blue cube? Answer with yes or no.,No,Yes,24.15625,23.203125,False
/app/DATA/NVILA-Lite-2B-DATA_SCALE_EXP_400K-20251108_180221,obj1_closer,output/phasevar_5/0001_phA11_phB05.png,Is the green sphere closer to the camera than the blue cube? Answer with yes or no.,No,Yes,23.96875,23.859375,False
/app/DATA/NVILA-Lite-2B-DATA_SCALE_EXP_400K-20251108_180221,obj1_closer,output/phasevar_5/0001_phA11_phB06.png,Is the green sphere closer to the camera than the blue cube? Answer with yes or no.,No,No,23.859375,24.21875,True
/app/DATA/NVILA-Lite-2B-DATA_SCALE_EXP_400K-20251108_180221,obj1_closer,output/phasevar_5/0001_phA11_phB07.png,Is the green sphere closer to the camera than the blue cube? Answer with yes or no.,No,No,23.8125,24.078125,True
/app/DATA/NVILA-Lite-2B-DATA_SCALE_EXP_400K-20251108_180221,obj1_closer,output/phasevar_5/0001_phA11_phB08.png,Is the green sphere closer to the camera than the blue cube? Answer with yes or no.,No,No,23.453125,24.484375,True
/app/DATA/NVILA-Lite-2B-DATA_SCALE_EXP_400K-20251108_180221,obj1_closer,output/phasevar_5/0001_phA11_phB09.png,Is the green sphere closer to the camera than the blue cube? Answer with yes or no.,No,No,22.984375,24.234375,True
/app/DATA/NVILA-Lite-2B-DATA_SCALE_EXP_400K-20251108_180221,obj1_closer,output/phasevar_5/0001_phA11_phB10.png,Is the green sphere closer to the camera than the blue cube? Answer with yes or no.,No,No,22.390625,25.515625,True
/app/DATA/NVILA-Lite-2B-DATA_SCALE_EXP_400K-20251108_180221,obj1_closer,output/phasevar_5/0001_phA11_phB11.png,Is the green sphere closer to the camera than the blue cube? Answer with yes or no.,No,No,21.859375,25.71875,True
/app/DATA/NVILA-Lite-2B-DATA_SCALE_EXP_400K-20251108_180221,obj1_closer,output/phasevar_5/0001_phA11_phB12.png,Is the green sphere closer to the camera than the blue cube? Answer with yes or no.,No,No,21.9375,25.734375,True
/app/DATA/NVILA-Lite-2B-DATA_SCALE_EXP_400K-20251108_180221,obj1_closer,output/phasevar_5/0001_phA11_phB13.png,Is the green sphere closer to the camera than the blue cube? Answer with yes or no.,No,No,22.15625,25.484375,True
/app/DATA/NVILA-Lite-2B-DATA_SCALE_EXP_400K-20251108_180221,obj1_closer,output/phasevar_5/0001_phA11_phB14.png,Is the green sphere closer to the camera than the blue cube? Answer with yes or no.,No,No,22.71875,25.5,True
/app/DATA/NVILA-Lite-2B-DATA_SCALE_EXP_400K-20251108_180221,obj1_closer,output/phasevar_5/0001_phA11_phB15.png,Is the green sphere closer to the camera than the blue cube? Answer with yes or no.,No,No,23.53125,24.171875,True
/app/DATA/NVILA-Lite-2B-DATA_SCALE_EXP_400K-20251108_180221,obj1_closer,output/phasevar_5/0001_phA12_phB00.png,Is the green sphere closer to the camera than the blue cube? Answer with yes or no.,No,No,23.71875,23.9375,True
/app/DATA/NVILA-Lite-2B-DATA_SCALE_EXP_400K-20251108_180221,obj1_closer,output/phasevar_5/0001_phA12_phB01.png,Is the green sphere closer to the camera than the blue cube? Answer with yes or no.,No,Yes,23.890625,23.515625,False
/app/DATA/NVILA-Lite-2B-DATA_SCALE_EXP_400K-20251108_180221,obj1_closer,output/phasevar_5/0001_phA12_phB02.png,Is the green sphere closer to the camera than the blue cube? Answer with yes or no.,No,Yes,24.25,24.15625,False
/app/DATA/NVILA-Lite-2B-DATA_SCALE_EXP_400K-20251108_180221,obj1_closer,output/phasevar_5/0001_phA12_phB03.png,Is the green sphere closer to the camera than the blue cube? Answer with yes or no.,No,Yes,23.8125,23.21875,False
/app/DATA/NVILA-Lite-2B-DATA_SCALE_EXP_400K-20251108_180221,obj1_closer,output/phasevar_5/0001_phA12_phB04.png,Is the green sphere closer to the camera than the blue cube? Answer with yes or no.,No,Yes,24.109375,23.21875,False
/app/DATA/NVILA-Lite-2B-DATA_SCALE_EXP_400K-20251108_180221,obj1_closer,output/phasevar_5/0001_phA12_phB05.png,Is the green sphere closer to the camera than the blue cube? Answer with yes or no.,No,Yes,24.03125,23.84375,False
/app/DATA/NVILA-Lite-2B-DATA_SCALE_EXP_400K-20251108_180221,obj1_closer,output/phasevar_5/0001_phA12_phB06.png,Is the green sphere closer to the camera than the blue cube? Answer with yes or no.,No,No,23.859375,24.125,True
/app/DATA/NVILA-Lite-2B-DATA_SCALE_EXP_400K-20251108_180221,obj1_closer,output/phasevar_5/0001_phA12_phB07.png,Is the green sphere closer to the camera than the blue cube? Answer with yes or no.,No,No,23.921875,24.015625,True
/app/DATA/NVILA-Lite-2B-DATA_SCALE_EXP_400K-20251108_180221,obj1_closer,output/phasevar_5/0001_phA12_phB08.png,Is the green sphere closer to the camera than the blue cube? Answer with yes or no.,No,No,23.53125,24.375,True
/app/DATA/NVILA-Lite-2B-DATA_SCALE_EXP_400K-20251108_180221,obj1_closer,output/phasevar_5/0001_phA12_phB09.png,Is the green sphere closer to the camera than the blue cube? Answer with yes or no.,No,No,23.046875,24.125,True
/app/DATA/NVILA-Lite-2B-DATA_SCALE_EXP_400K-20251108_180221,obj1_closer,output/phasevar_5/0001_phA12_phB10.png,Is the green sphere closer to the camera than the blue cube? Answer with yes or no.,No,No,22.5,25.328125,True
/app/DATA/NVILA-Lite-2B-DATA_SCALE_EXP_400K-20251108_180221,obj1_closer,output/phasevar_5/0001_phA12_phB11.png,Is the green sphere closer to the camera than the blue cube? Answer with yes or no.,No,No,22.0,25.53125,True
/app/DATA/NVILA-Lite-2B-DATA_SCALE_EXP_400K-20251108_180221,obj1_closer,output/phasevar_5/0001_phA12_phB12.png,Is the green sphere closer to the camera than the blue cube? Answer with yes or no.,No,No,21.75,25.53125,True
/app/DATA/NVILA-Lite-2B-DATA_SCALE_EXP_400K-20251108_180221,obj1_closer,output/phasevar_5/0001_phA12_phB13.png,Is the green sphere closer to the camera than the blue cube? Answer with yes or no.,No,No,21.953125,25.5,True
/app/DATA/NVILA-Lite-2B-DATA_SCALE_EXP_400K-20251108_180221,obj1_closer,output/phasevar_5/0001_phA12_phB14.png,Is the green sphere closer to the camera than the blue cube? Answer with yes or no.,No,No,22.46875,25.328125,True
/app/DATA/NVILA-Lite-2B-DATA_SCALE_EXP_400K-20251108_180221,obj1_closer,output/phasevar_5/0001_phA12_phB15.png,Is the green sphere closer to the camera than the blue cube? Answer with yes or no.,No,No,23.359375,24.03125,True
/app/DATA/NVILA-Lite-2B-DATA_SCALE_EXP_400K-20251108_180221,obj1_closer,output/phasevar_5/0001_phA13_phB00.png,Is the green sphere closer to the camera than the blue cube? Answer with yes or no.,No,No,23.921875,24.015625,True
/app/DATA/NVILA-Lite-2B-DATA_SCALE_EXP_400K-20251108_180221,obj1_closer,output/phasevar_5/0001_phA13_phB01.png,Is the green sphere closer to the camera than the blue cube? Answer with yes or no.,No,Yes,24.140625,23.734375,False
/app/DATA/NVILA-Lite-2B-DATA_SCALE_EXP_400K-20251108_180221,obj1_closer,output/phasevar_5/0001_phA13_phB02.png,Is the green sphere closer to the camera than the blue cube? Answer with yes or no.,No,Yes,24.375,24.296875,False
/app/DATA/NVILA-Lite-2B-DATA_SCALE_EXP_400K-20251108_180221,obj1_closer,output/phasevar_5/0001_phA13_phB03.png,Is the green sphere closer to the camera than the blue cube? Answer with yes or no.,No,Yes,23.96875,23.453125,False
/app/DATA/NVILA-Lite-2B-DATA_SCALE_EXP_400K-20251108_180221,obj1_closer,output/phasevar_5/0001_phA13_phB04.png,Is the green sphere closer to the camera than the blue cube? Answer with yes or no.,No,Yes,24.4375,23.5,False
/app/DATA/NVILA-Lite-2B-DATA_SCALE_EXP_400K-20251108_180221,obj1_closer,output/phasevar_5/0001_phA13_phB05.png,Is the green sphere closer to the camera than the blue cube? Answer with yes or no.,No,Yes,24.359375,24.015625,False
/app/DATA/NVILA-Lite-2B-DATA_SCALE_EXP_400K-20251108_180221,obj1_closer,output/phasevar_5/0001_phA13_phB06.png,Is the green sphere closer to the camera than the blue cube? Answer with yes or no.,No,No,24.15625,24.171875,True
/app/DATA/NVILA-Lite-2B-DATA_SCALE_EXP_400K-20251108_180221,obj1_closer,output/phasevar_5/0001_phA13_phB07.png,Is the green sphere closer to the camera than the blue cube? Answer with yes or no.,No,Yes,24.15625,24.125,False
/app/DATA/NVILA-Lite-2B-DATA_SCALE_EXP_400K-20251108_180221,obj1_closer,output/phasevar_5/0001_phA13_phB08.png,Is the green sphere closer to the camera than the blue cube? Answer with yes or no.,No,No,23.859375,24.5,True
/app/DATA/NVILA-Lite-2B-DATA_SCALE_EXP_400K-20251108_180221,obj1_closer,output/phasevar_5/0001_phA13_phB09.png,Is the green sphere closer to the camera than the blue cube? Answer with yes or no.,No,No,23.234375,24.09375,True
/app/DATA/NVILA-Lite-2B-DATA_SCALE_EXP_400K-20251108_180221,obj1_closer,output/phasevar_5/0001_phA13_phB10.png,Is the green sphere closer to the camera than the blue cube? Answer with yes or no.,No,No,22.671875,25.46875,True
/app/DATA/NVILA-Lite-2B-DATA_SCALE_EXP_400K-20251108_180221,obj1_closer,output/phasevar_5/0001_phA13_phB11.png,Is the green sphere closer to the camera than the blue cube? Answer with yes or no.,No,No,22.265625,25.5625,True
/app/DATA/NVILA-Lite-2B-DATA_SCALE_EXP_400K-20251108_180221,obj1_closer,output/phasevar_5/0001_phA13_phB12.png,Is the green sphere closer to the camera than the blue cube? Answer with yes or no.,No,No,22.03125,25.71875,True
/app/DATA/NVILA-Lite-2B-DATA_SCALE_EXP_400K-20251108_180221,obj1_closer,output/phasevar_5/0001_phA13_phB13.png,Is the green sphere closer to the camera than the blue cube? Answer with yes or no.,No,No,22.0,25.828125,True
/app/DATA/NVILA-Lite-2B-DATA_SCALE_EXP_400K-20251108_180221,obj1_closer,output/phasevar_5/0001_phA13_phB14.png,Is the green sphere closer to the camera than the blue cube? Answer with yes or no.,No,No,22.421875,25.671875,True
/app/DATA/NVILA-Lite-2B-DATA_SCALE_EXP_400K-20251108_180221,obj1_closer,output/phasevar_5/0001_phA13_phB15.png,Is the green sphere closer to the camera than the blue cube? Answer with yes or no.,No,No,23.59375,24.25,True
/app/DATA/NVILA-Lite-2B-DATA_SCALE_EXP_400K-20251108_180221,obj1_closer,output/phasevar_5/0001_phA14_phB00.png,Is the green sphere closer to the camera than the blue cube? Answer with yes or no.,No,No,23.671875,24.125,True
/app/DATA/NVILA-Lite-2B-DATA_SCALE_EXP_400K-20251108_180221,obj1_closer,output/phasevar_5/0001_phA14_phB01.png,Is the green sphere closer to the camera than the blue cube? Answer with yes or no.,No,Yes,24.0,23.84375,False
/app/DATA/NVILA-Lite-2B-DATA_SCALE_EXP_400K-20251108_180221,obj1_closer,output/phasevar_5/0001_phA14_phB02.png,Is the green sphere closer to the camera than the blue cube? Answer with yes or no.,No,No,24.28125,24.515625,True
/app/DATA/NVILA-Lite-2B-DATA_SCALE_EXP_400K-20251108_180221,obj1_closer,output/phasevar_5/0001_phA14_phB03.png,Is the green sphere closer to the camera than the blue cube? Answer with yes or no.,No,Yes,24.046875,23.578125,False
/app/DATA/NVILA-Lite-2B-DATA_SCALE_EXP_400K-20251108_180221,obj1_closer,output/phasevar_5/0001_phA14_phB04.png,Is the green sphere closer to the camera than the blue cube? Answer with yes or no.,No,Yes,24.59375,23.828125,False
/app/DATA/NVILA-Lite-2B-DATA_SCALE_EXP_400K-20251108_180221,obj1_closer,output/phasevar_5/0001_phA14_phB05.png,Is the green sphere closer to the camera than the blue cube? Answer with yes or no.,No,Yes,24.421875,24.21875,False
/app/DATA/NVILA-Lite-2B-DATA_SCALE_EXP_400K-20251108_180221,obj1_closer,output/phasevar_5/0001_phA14_phB06.png,Is the green sphere closer to the camera than the blue cube? Answer with yes or no.,No,No,24.203125,24.390625,True
/app/DATA/NVILA-Lite-2B-DATA_SCALE_EXP_400K-20251108_180221,obj1_closer,output/phasevar_5/0001_phA14_phB07.png,Is the green sphere closer to the camera than the blue cube? Answer with yes or no.,No,No,24.125,24.3125,True
/app/DATA/NVILA-Lite-2B-DATA_SCALE_EXP_400K-20251108_180221,obj1_closer,output/phasevar_5/0001_phA14_phB08.png,Is the green sphere closer to the camera than the blue cube? Answer with yes or no.,No,No,23.875,24.578125,True
/app/DATA/NVILA-Lite-2B-DATA_SCALE_EXP_400K-20251108_180221,obj1_closer,output/phasevar_5/0001_phA14_phB09.png,Is the green sphere closer to the camera than the blue cube? Answer with yes or no.,No,No,23.28125,24.3125,True
/app/DATA/NVILA-Lite-2B-DATA_SCALE_EXP_400K-20251108_180221,obj1_closer,output/phasevar_5/0001_phA14_phB10.png,Is the green sphere closer to the camera than the blue cube? Answer with yes or no.,No,No,22.8125,25.5625,True
/app/DATA/NVILA-Lite-2B-DATA_SCALE_EXP_400K-20251108_180221,obj1_closer,output/phasevar_5/0001_phA14_phB11.png,Is the green sphere closer to the camera than the blue cube? Answer with yes or no.,No,No,22.53125,25.65625,True
/app/DATA/NVILA-Lite-2B-DATA_SCALE_EXP_400K-20251108_180221,obj1_closer,output/phasevar_5/0001_phA14_phB12.png,Is the green sphere closer to the camera than the blue cube? Answer with yes or no.,No,No,22.453125,25.90625,True
/app/DATA/NVILA-Lite-2B-DATA_SCALE_EXP_400K-20251108_180221,obj1_closer,output/phasevar_5/0001_phA14_phB13.png,Is the green sphere closer to the camera than the blue cube? Answer with yes or no.,No,No,22.234375,25.890625,True
/app/DATA/NVILA-Lite-2B-DATA_SCALE_EXP_400K-20251108_180221,obj1_closer,output/phasevar_5/0001_phA14_phB14.png,Is the green sphere closer to the camera than the blue cube? Answer with yes or no.,No,No,22.40625,26.203125,True
/app/DATA/NVILA-Lite-2B-DATA_SCALE_EXP_400K-20251108_180221,obj1_closer,output/phasevar_5/0001_phA14_phB15.png,Is the green sphere closer to the camera than the blue cube? Answer with yes or no.,No,No,23.21875,24.265625,True
/app/DATA/NVILA-Lite-2B-DATA_SCALE_EXP_400K-20251108_180221,obj1_closer,output/phasevar_5/0001_phA15_phB00.png,Is the green sphere closer to the camera than the blue cube? Answer with yes or no.,No,No,23.34375,24.40625,True
/app/DATA/NVILA-Lite-2B-DATA_SCALE_EXP_400K-20251108_180221,obj1_closer,output/phasevar_5/0001_phA15_phB01.png,Is the green sphere closer to the camera than the blue cube? Answer with yes or no.,No,No,23.71875,24.109375,True
/app/DATA/NVILA-Lite-2B-DATA_SCALE_EXP_400K-20251108_180221,obj1_closer,output/phasevar_5/0001_phA15_phB02.png,Is the green sphere closer to the camera than the blue cube? Answer with yes or no.,No,No,23.9375,24.453125,True
/app/DATA/NVILA-Lite-2B-DATA_SCALE_EXP_400K-20251108_180221,obj1_closer,output/phasevar_5/0001_phA15_phB03.png,Is the green sphere closer to the camera than the blue cube? Answer with yes or no.,No,Yes,23.703125,23.65625,False
/app/DATA/NVILA-Lite-2B-DATA_SCALE_EXP_400K-20251108_180221,obj1_closer,output/phasevar_5/0001_phA15_phB04.png,Is the green sphere closer to the camera than the blue cube? Answer with yes or no.,No,Yes,24.421875,24.0,False
/app/DATA/NVILA-Lite-2B-DATA_SCALE_EXP_400K-20251108_180221,obj1_closer,output/phasevar_5/0001_phA15_phB05.png,Is the green sphere closer to the camera than the blue cube? Answer with yes or no.,No,Yes,24.25,24.09375,False
/app/DATA/NVILA-Lite-2B-DATA_SCALE_EXP_400K-20251108_180221,obj1_closer,output/phasevar_5/0001_phA15_phB06.png,Is the green sphere closer to the camera than the blue cube? Answer with yes or no.,No,No,23.984375,24.21875,True
/app/DATA/NVILA-Lite-2B-DATA_SCALE_EXP_400K-20251108_180221,obj1_closer,output/phasevar_5/0001_phA15_phB07.png,Is the green sphere closer to the camera than the blue cube? Answer with yes or no.,No,No,23.96875,24.203125,True
/app/DATA/NVILA-Lite-2B-DATA_SCALE_EXP_400K-20251108_180221,obj1_closer,output/phasevar_5/0001_phA15_phB08.png,Is the green sphere closer to the camera than the blue cube? Answer with yes or no.,No,No,23.78125,24.46875,True
/app/DATA/NVILA-Lite-2B-DATA_SCALE_EXP_400K-20251108_180221,obj1_closer,output/phasevar_5/0001_phA15_phB09.png,Is the green sphere closer to the camera than the blue cube? Answer with yes or no.,No,No,23.1875,24.3125,True
/app/DATA/NVILA-Lite-2B-DATA_SCALE_EXP_400K-20251108_180221,obj1_closer,output/phasevar_5/0001_phA15_phB10.png,Is the green sphere closer to the camera than the blue cube? Answer with yes or no.,No,No,23.0,25.421875,True
/app/DATA/NVILA-Lite-2B-DATA_SCALE_EXP_400K-20251108_180221,obj1_closer,output/phasevar_5/0001_phA15_phB11.png,Is the green sphere closer to the camera than the blue cube? Answer with yes or no.,No,No,22.75,25.453125,True
/app/DATA/NVILA-Lite-2B-DATA_SCALE_EXP_400K-20251108_180221,obj1_closer,output/phasevar_5/0001_phA15_phB12.png,Is the green sphere closer to the camera than the blue cube? Answer with yes or no.,No,No,22.671875,25.625,True
/app/DATA/NVILA-Lite-2B-DATA_SCALE_EXP_400K-20251108_180221,obj1_closer,output/phasevar_5/0001_phA15_phB13.png,Is the green sphere closer to the camera than the blue cube? Answer with yes or no.,No,No,22.421875,25.6875,True
/app/DATA/NVILA-Lite-2B-DATA_SCALE_EXP_400K-20251108_180221,obj1_closer,output/phasevar_5/0001_phA15_phB14.png,Is the green sphere closer to the camera than the blue cube? Answer with yes or no.,No,No,22.546875,26.0625,True
/app/DATA/NVILA-Lite-2B-DATA_SCALE_EXP_400K-20251108_180221,obj1_closer,output/phasevar_5/0001_phA15_phB15.png,Is the green sphere closer to the camera than the blue cube? Answer with yes or no.,No,No,22.96875,24.625,True
/app/DATA/NVILA-Lite-2B-DATA_SCALE_EXP_400K-20251108_180221,obj1_closer,output/phasevar_5/0002_phA00_phB00.png,Is the magenta sphere closer to the camera than the black sphere? Answer with yes or no.,No,Yes,23.765625,23.59375,False
/app/DATA/NVILA-Lite-2B-DATA_SCALE_EXP_400K-20251108_180221,obj1_closer,output/phasevar_5/0002_phA00_phB01.png,Is the magenta sphere closer to the camera than the black sphere? Answer with yes or no.,No,Yes,23.90625,23.734375,False
/app/DATA/NVILA-Lite-2B-DATA_SCALE_EXP_400K-20251108_180221,obj1_closer,output/phasevar_5/0002_phA00_phB02.png,Is the magenta sphere closer to the camera than the black sphere? Answer with yes or no.,No,Yes,23.6875,23.40625,False
/app/DATA/NVILA-Lite-2B-DATA_SCALE_EXP_400K-20251108_180221,obj1_closer,output/phasevar_5/0002_phA00_phB03.png,Is the magenta sphere closer to the camera than the black sphere? Answer with yes or no.,No,Yes,23.484375,23.203125,False
/app/DATA/NVILA-Lite-2B-DATA_SCALE_EXP_400K-20251108_180221,obj1_closer,output/phasevar_5/0002_phA00_phB04.png,Is the magenta sphere closer to the camera than the black sphere? Answer with yes or no.,No,Yes,23.46875,23.0625,False
/app/DATA/NVILA-Lite-2B-DATA_SCALE_EXP_400K-20251108_180221,obj1_closer,output/phasevar_5/0002_phA00_phB05.png,Is the magenta sphere closer to the camera than the black sphere? Answer with yes or no.,No,Yes,23.859375,23.328125,False
/app/DATA/NVILA-Lite-2B-DATA_SCALE_EXP_400K-20251108_180221,obj1_closer,output/phasevar_5/0002_phA00_phB06.png,Is the magenta sphere closer to the camera than the black sphere? Answer with yes or no.,No,Yes,23.84375,23.484375,False
/app/DATA/NVILA-Lite-2B-DATA_SCALE_EXP_400K-20251108_180221,obj1_closer,output/phasevar_5/0002_phA00_phB07.png,Is the magenta sphere closer to the camera than the black sphere? Answer with yes or no.,No,Yes,24.0625,23.734375,False
/app/DATA/NVILA-Lite-2B-DATA_SCALE_EXP_400K-20251108_180221,obj1_closer,output/phasevar_5/0002_phA00_phB08.png,Is the magenta sphere closer to the camera than the black sphere? Answer with yes or no.,No,Yes,24.015625,23.59375,False
/app/DATA/NVILA-Lite-2B-DATA_SCALE_EXP_400K-20251108_180221,obj1_closer,output/phasevar_5/0002_phA00_phB09.png,Is the magenta sphere closer to the camera than the black sphere? Answer with yes or no.,No,Yes,23.671875,23.59375,False
/app/DATA/NVILA-Lite-2B-DATA_SCALE_EXP_400K-20251108_180221,obj1_closer,output/phasevar_5/0002_phA00_phB10.png,Is the magenta sphere closer to the camera than the black sphere? Answer with yes or no.,No,Yes,23.546875,23.515625,False
/app/DATA/NVILA-Lite-2B-DATA_SCALE_EXP_400K-20251108_180221,obj1_closer,output/phasevar_5/0002_phA00_phB11.png,Is the magenta sphere closer to the camera than the black sphere? Answer with yes or no.,No,No,23.015625,23.8125,True
/app/DATA/NVILA-Lite-2B-DATA_SCALE_EXP_400K-20251108_180221,obj1_closer,output/phasevar_5/0002_phA00_phB12.png,Is the magenta sphere closer to the camera than the black sphere? Answer with yes or no.,No,No,22.5625,24.125,True
/app/DATA/NVILA-Lite-2B-DATA_SCALE_EXP_400K-20251108_180221,obj1_closer,output/phasevar_5/0002_phA00_phB13.png,Is the magenta sphere closer to the camera than the black sphere? Answer with yes or no.,No,No,22.515625,23.90625,True
/app/DATA/NVILA-Lite-2B-DATA_SCALE_EXP_400K-20251108_180221,obj1_closer,output/phasevar_5/0002_phA00_phB14.png,Is the magenta sphere closer to the camera than the black sphere? Answer with yes or no.,No,No,23.015625,24.28125,True
/app/DATA/NVILA-Lite-2B-DATA_SCALE_EXP_400K-20251108_180221,obj1_closer,output/phasevar_5/0002_phA00_phB15.png,Is the magenta sphere closer to the camera than the black sphere? Answer with yes or no.,No,No,23.65625,23.875,True
/app/DATA/NVILA-Lite-2B-DATA_SCALE_EXP_400K-20251108_180221,obj1_closer,output/phasevar_5/0002_phA01_phB00.png,Is the magenta sphere closer to the camera than the black sphere? Answer with yes or no.,No,No,23.578125,23.578125,True
/app/DATA/NVILA-Lite-2B-DATA_SCALE_EXP_400K-20251108_180221,obj1_closer,output/phasevar_5/0002_phA01_phB01.png,Is the magenta sphere closer to the camera than the black sphere? Answer with yes or no.,No,No,23.703125,23.734375,True
/app/DATA/NVILA-Lite-2B-DATA_SCALE_EXP_400K-20251108_180221,obj1_closer,output/phasevar_5/0002_phA01_phB02.png,Is the magenta sphere closer to the camera than the black sphere? Answer with yes or no.,No,Yes,23.515625,23.421875,False
/app/DATA/NVILA-Lite-2B-DATA_SCALE_EXP_400K-20251108_180221,obj1_closer,output/phasevar_5/0002_phA01_phB03.png,Is the magenta sphere closer to the camera than the black sphere? Answer with yes or no.,No,No,23.21875,23.328125,True
/app/DATA/NVILA-Lite-2B-DATA_SCALE_EXP_400K-20251108_180221,obj1_closer,output/phasevar_5/0002_phA01_phB04.png,Is the magenta sphere closer to the camera than the black sphere? Answer with yes or no.,No,Yes,23.15625,23.09375,False
/app/DATA/NVILA-Lite-2B-DATA_SCALE_EXP_400K-20251108_180221,obj1_closer,output/phasevar_5/0002_phA01_phB05.png,Is the magenta sphere closer to the camera than the black sphere? Answer with yes or no.,No,Yes,23.53125,23.34375,False
/app/DATA/NVILA-Lite-2B-DATA_SCALE_EXP_400K-20251108_180221,obj1_closer,output/phasevar_5/0002_phA01_phB06.png,Is the magenta sphere closer to the camera than the black sphere? Answer with yes or no.,No,Yes,23.640625,23.453125,False
/app/DATA/NVILA-Lite-2B-DATA_SCALE_EXP_400K-20251108_180221,obj1_closer,output/phasevar_5/0002_phA01_phB07.png,Is the magenta sphere closer to the camera than the black sphere? Answer with yes or no.,No,Yes,23.78125,23.703125,False
/app/DATA/NVILA-Lite-2B-DATA_SCALE_EXP_400K-20251108_180221,obj1_closer,output/phasevar_5/0002_phA01_phB08.png,Is the magenta sphere closer to the camera than the black sphere? Answer with yes or no.,No,Yes,23.75,23.59375,False
/app/DATA/NVILA-Lite-2B-DATA_SCALE_EXP_400K-20251108_180221,obj1_closer,output/phasevar_5/0002_phA01_phB09.png,Is the magenta sphere closer to the camera than the black sphere? Answer with yes or no.,No,No,23.484375,23.65625,True
/app/DATA/NVILA-Lite-2B-DATA_SCALE_EXP_400K-20251108_180221,obj1_closer,output/phasevar_5/0002_phA01_phB10.png,Is the magenta sphere closer to the camera than the black sphere? Answer with yes or no.,No,No,23.46875,23.5625,True
/app/DATA/NVILA-Lite-2B-DATA_SCALE_EXP_400K-20251108_180221,obj1_closer,output/phasevar_5/0002_phA01_phB11.png,Is the magenta sphere closer to the camera than the black sphere? Answer with yes or no.,No,No,22.84375,23.90625,True
/app/DATA/NVILA-Lite-2B-DATA_SCALE_EXP_400K-20251108_180221,obj1_closer,output/phasevar_5/0002_phA01_phB12.png,Is the magenta sphere closer to the camera than the black sphere? Answer with yes or no.,No,No,22.515625,24.203125,True
/app/DATA/NVILA-Lite-2B-DATA_SCALE_EXP_400K-20251108_180221,obj1_closer,output/phasevar_5/0002_phA01_phB13.png,Is the magenta sphere closer to the camera than the black sphere? Answer with yes or no.,No,No,22.484375,24.03125,True
/app/DATA/NVILA-Lite-2B-DATA_SCALE_EXP_400K-20251108_180221,obj1_closer,output/phasevar_5/0002_phA01_phB14.png,Is the magenta sphere closer to the camera than the black sphere? Answer with yes or no.,No,No,23.015625,24.234375,True
/app/DATA/NVILA-Lite-2B-DATA_SCALE_EXP_400K-20251108_180221,obj1_closer,output/phasevar_5/0002_phA01_phB15.png,Is the magenta sphere closer to the camera than the black sphere? Answer with yes or no.,No,No,23.5625,23.953125,True
/app/DATA/NVILA-Lite-2B-DATA_SCALE_EXP_400K-20251108_180221,obj1_closer,output/phasevar_5/0002_phA02_phB00.png,Is the magenta sphere closer to the camera than the black sphere? Answer with yes or no.,No,No,23.46875,23.46875,True
/app/DATA/NVILA-Lite-2B-DATA_SCALE_EXP_400K-20251108_180221,obj1_closer,output/phasevar_5/0002_phA02_phB01.png,Is the magenta sphere closer to the camera than the black sphere? Answer with yes or no.,No,No,23.625,23.6875,True
/app/DATA/NVILA-Lite-2B-DATA_SCALE_EXP_400K-20251108_180221,obj1_closer,output/phasevar_5/0002_phA02_phB02.png,Is the magenta sphere closer to the camera than the black sphere? Answer with yes or no.,No,Yes,23.46875,23.4375,False
/app/DATA/NVILA-Lite-2B-DATA_SCALE_EXP_400K-20251108_180221,obj1_closer,output/phasevar_5/0002_phA02_phB03.png,Is the magenta sphere closer to the camera than the black sphere? Answer with yes or no.,No,No,23.203125,23.390625,True
/app/DATA/NVILA-Lite-2B-DATA_SCALE_EXP_400K-20251108_180221,obj1_closer,output/phasevar_5/0002_phA02_phB04.png,Is the magenta sphere closer to the camera than the black sphere? Answer with yes or no.,No,No,23.1875,23.234375,True
/app/DATA/NVILA-Lite-2B-DATA_SCALE_EXP_400K-20251108_180221,obj1_closer,output/phasevar_5/0002_phA02_phB05.png,Is the magenta sphere closer to the camera than the black sphere? Answer with yes or no.,No,Yes,23.46875,23.375,False
/app/DATA/NVILA-Lite-2B-DATA_SCALE_EXP_400K-20251108_180221,obj1_closer,output/phasevar_5/0002_phA02_phB06.png,Is the magenta sphere closer to the camera than the black sphere? Answer with yes or no.,No,Yes,23.578125,23.4375,False
/app/DATA/NVILA-Lite-2B-DATA_SCALE_EXP_400K-20251108_180221,obj1_closer,output/phasevar_5/0002_phA02_phB07.png,Is the magenta sphere closer to the camera than the black sphere? Answer with yes or no.,No,Yes,23.6875,23.671875,False
/app/DATA/NVILA-Lite-2B-DATA_SCALE_EXP_400K-20251108_180221,obj1_closer,output/phasevar_5/0002_phA02_phB08.png,Is the magenta sphere closer to the camera than the black sphere? Answer with yes or no.,No,Yes,23.71875,23.640625,False
/app/DATA/NVILA-Lite-2B-DATA_SCALE_EXP_400K-20251108_180221,obj1_closer,output/phasevar_5/0002_phA02_phB09.png,Is the magenta sphere closer to the camera than the black sphere? Answer with yes or no.,No,No,23.4375,23.703125,True
/app/DATA/NVILA-Lite-2B-DATA_SCALE_EXP_400K-20251108_180221,obj1_closer,output/phasevar_5/0002_phA02_phB10.png,Is the magenta sphere closer to the camera than the black sphere? Answer with yes or no.,No,No,23.46875,23.515625,True
/app/DATA/NVILA-Lite-2B-DATA_SCALE_EXP_400K-20251108_180221,obj1_closer,output/phasevar_5/0002_phA02_phB11.png,Is the magenta sphere closer to the camera than the black sphere? Answer with yes or no.,No,No,22.84375,24.078125,True
/app/DATA/NVILA-Lite-2B-DATA_SCALE_EXP_400K-20251108_180221,obj1_closer,output/phasevar_5/0002_phA02_phB12.png,Is the magenta sphere closer to the camera than the black sphere? Answer with yes or no.,No,No,22.625,24.1875,True
/app/DATA/NVILA-Lite-2B-DATA_SCALE_EXP_400K-20251108_180221,obj1_closer,output/phasevar_5/0002_phA02_phB13.png,Is the magenta sphere closer to the camera than the black sphere? Answer with yes or no.,No,No,22.484375,24.28125,True
/app/DATA/NVILA-Lite-2B-DATA_SCALE_EXP_400K-20251108_180221,obj1_closer,output/phasevar_5/0002_phA02_phB14.png,Is the magenta sphere closer to the camera than the black sphere? Answer with yes or no.,No,No,23.09375,24.359375,True
/app/DATA/NVILA-Lite-2B-DATA_SCALE_EXP_400K-20251108_180221,obj1_closer,output/phasevar_5/0002_phA02_phB15.png,Is the magenta sphere closer to the camera than the black sphere? Answer with yes or no.,No,No,23.578125,23.921875,True
/app/DATA/NVILA-Lite-2B-DATA_SCALE_EXP_400K-20251108_180221,obj1_closer,output/phasevar_5/0002_phA03_phB00.png,Is the magenta sphere closer to the camera than the black sphere? Answer with yes or no.,No,No,23.515625,23.53125,True
/app/DATA/NVILA-Lite-2B-DATA_SCALE_EXP_400K-20251108_180221,obj1_closer,output/phasevar_5/0002_phA03_phB01.png,Is the magenta sphere closer to the camera than the black sphere? Answer with yes or no.,No,No,23.609375,23.8125,True
/app/DATA/NVILA-Lite-2B-DATA_SCALE_EXP_400K-20251108_180221,obj1_closer,output/phasevar_5/0002_phA03_phB02.png,Is the magenta sphere closer to the camera than the black sphere? Answer with yes or no.,No,No,23.453125,23.46875,True
/app/DATA/NVILA-Lite-2B-DATA_SCALE_EXP_400K-20251108_180221,obj1_closer,output/phasevar_5/0002_phA03_phB03.png,Is the magenta sphere closer to the camera than the black sphere? Answer with yes or no.,No,No,23.171875,23.53125,True
/app/DATA/NVILA-Lite-2B-DATA_SCALE_EXP_400K-20251108_180221,obj1_closer,output/phasevar_5/0002_phA03_phB04.png,Is the magenta sphere closer to the camera than the black sphere? Answer with yes or no.,No,No,23.0,23.25,True
/app/DATA/NVILA-Lite-2B-DATA_SCALE_EXP_400K-20251108_180221,obj1_closer,output/phasevar_5/0002_phA03_phB05.png,Is the magenta sphere closer to the camera than the black sphere? Answer with yes or no.,No,No,23.359375,23.4375,True
/app/DATA/NVILA-Lite-2B-DATA_SCALE_EXP_400K-20251108_180221,obj1_closer,output/phasevar_5/0002_phA03_phB06.png,Is the magenta sphere closer to the camera than the black sphere? Answer with yes or no.,No,Yes,23.578125,23.53125,False
/app/DATA/NVILA-Lite-2B-DATA_SCALE_EXP_400K-20251108_180221,obj1_closer,output/phasevar_5/0002_phA03_phB07.png,Is the magenta sphere closer to the camera than the black sphere? Answer with yes or no.,No,No,23.578125,23.71875,True
/app/DATA/NVILA-Lite-2B-DATA_SCALE_EXP_400K-20251108_180221,obj1_closer,output/phasevar_5/0002_phA03_phB08.png,Is the magenta sphere closer to the camera than the black sphere? Answer with yes or no.,No,No,23.625,23.640625,True
/app/DATA/NVILA-Lite-2B-DATA_SCALE_EXP_400K-20251108_180221,obj1_closer,output/phasevar_5/0002_phA03_phB09.png,Is the magenta sphere closer to the camera than the black sphere? Answer with yes or no.,No,No,23.375,23.75,True
/app/DATA/NVILA-Lite-2B-DATA_SCALE_EXP_400K-20251108_180221,obj1_closer,output/phasevar_5/0002_phA03_phB10.png,Is the magenta sphere closer to the camera than the black sphere? Answer with yes or no.,No,No,23.421875,23.59375,True
/app/DATA/NVILA-Lite-2B-DATA_SCALE_EXP_400K-20251108_180221,obj1_closer,output/phasevar_5/0002_phA03_phB11.png,Is the magenta sphere closer to the camera than the black sphere? Answer with yes or no.,No,No,22.703125,24.21875,True
/app/DATA/NVILA-Lite-2B-DATA_SCALE_EXP_400K-20251108_180221,obj1_closer,output/phasevar_5/0002_phA03_phB12.png,Is the magenta sphere closer to the camera than the black sphere? Answer with yes or no.,No,No,22.46875,24.515625,True
/app/DATA/NVILA-Lite-2B-DATA_SCALE_EXP_400K-20251108_180221,obj1_closer,output/phasevar_5/0002_phA03_phB13.png,Is the magenta sphere closer to the camera than the black sphere? Answer with yes or no.,No,No,22.421875,24.453125,True
/app/DATA/NVILA-Lite-2B-DATA_SCALE_EXP_400K-20251108_180221,obj1_closer,output/phasevar_5/0002_phA03_phB14.png,Is the magenta sphere closer to the camera than the black sphere? Answer with yes or no.,No,No,23.0625,24.4375,True
/app/DATA/NVILA-Lite-2B-DATA_SCALE_EXP_400K-20251108_180221,obj1_closer,output/phasevar_5/0002_phA03_phB15.png,Is the magenta sphere closer to the camera than the black sphere? Answer with yes or no.,No,No,23.625,24.015625,True
/app/DATA/NVILA-Lite-2B-DATA_SCALE_EXP_400K-20251108_180221,obj1_closer,output/phasevar_5/0002_phA04_phB00.png,Is the magenta sphere closer to the camera than the black sphere? Answer with yes or no.,No,No,23.65625,23.65625,True
/app/DATA/NVILA-Lite-2B-DATA_SCALE_EXP_400K-20251108_180221,obj1_closer,output/phasevar_5/0002_phA04_phB01.png,Is the magenta sphere closer to the camera than the black sphere? Answer with yes or no.,No,No,23.6875,24.0,True
/app/DATA/NVILA-Lite-2B-DATA_SCALE_EXP_400K-20251108_180221,obj1_closer,output/phasevar_5/0002_phA04_phB02.png,Is the magenta sphere closer to the camera than the black sphere? Answer with yes or no.,No,No,23.5625,23.625,True
/app/DATA/NVILA-Lite-2B-DATA_SCALE_EXP_400K-20251108_180221,obj1_closer,output/phasevar_5/0002_phA04_phB03.png,Is the magenta sphere closer to the camera than the black sphere? Answer with yes or no.,No,No,23.1875,23.671875,True
/app/DATA/NVILA-Lite-2B-DATA_SCALE_EXP_400K-20251108_180221,obj1_closer,output/phasevar_5/0002_phA04_phB04.png,Is the magenta sphere closer to the camera than the black sphere? Answer with yes or no.,No,No,23.03125,23.40625,True
/app/DATA/NVILA-Lite-2B-DATA_SCALE_EXP_400K-20251108_180221,obj1_closer,output/phasevar_5/0002_phA04_phB05.png,Is the magenta sphere closer to the camera than the black sphere? Answer with yes or no.,No,No,23.3125,23.578125,True
/app/DATA/NVILA-Lite-2B-DATA_SCALE_EXP_400K-20251108_180221,obj1_closer,output/phasevar_5/0002_phA04_phB06.png,Is the magenta sphere closer to the camera than the black sphere? Answer with yes or no.,No,No,23.609375,23.640625,True
/app/DATA/NVILA-Lite-2B-DATA_SCALE_EXP_400K-20251108_180221,obj1_closer,output/phasevar_5/0002_phA04_phB07.png,Is the magenta sphere closer to the camera than the black sphere? Answer with yes or no.,No,No,23.5625,23.8125,True
/app/DATA/NVILA-Lite-2B-DATA_SCALE_EXP_400K-20251108_180221,obj1_closer,output/phasevar_5/0002_phA04_phB08.png,Is the magenta sphere closer to the camera than the black sphere? Answer with yes or no.,No,No,23.640625,23.703125,True
/app/DATA/NVILA-Lite-2B-DATA_SCALE_EXP_400K-20251108_180221,obj1_closer,output/phasevar_5/0002_phA04_phB09.png,Is the magenta sphere closer to the camera than the black sphere? Answer with yes or no.,No,No,23.390625,23.84375,True
/app/DATA/NVILA-Lite-2B-DATA_SCALE_EXP_400K-20251108_180221,obj1_closer,output/phasevar_5/0002_phA04_phB10.png,Is the magenta sphere closer to the camera than the black sphere? Answer with yes or no.,No,No,23.4375,23.703125,True
/app/DATA/NVILA-Lite-2B-DATA_SCALE_EXP_400K-20251108_180221,obj1_closer,output/phasevar_5/0002_phA04_phB11.png,Is the magenta sphere closer to the camera than the black sphere? Answer with yes or no.,No,No,22.609375,24.328125,True
/app/DATA/NVILA-Lite-2B-DATA_SCALE_EXP_400K-20251108_180221,obj1_closer,output/phasevar_5/0002_phA04_phB12.png,Is the magenta sphere closer to the camera than the black sphere? Answer with yes or no.,No,No,22.40625,24.640625,True
/app/DATA/NVILA-Lite-2B-DATA_SCALE_EXP_400K-20251108_180221,obj1_closer,output/phasevar_5/0002_phA04_phB13.png,Is the magenta sphere closer to the camera than the black sphere? Answer with yes or no.,No,No,22.421875,24.421875,True
/app/DATA/NVILA-Lite-2B-DATA_SCALE_EXP_400K-20251108_180221,obj1_closer,output/phasevar_5/0002_phA04_phB14.png,Is the magenta sphere closer to the camera than the black sphere? Answer with yes or no.,No,No,23.109375,24.46875,True
/app/DATA/NVILA-Lite-2B-DATA_SCALE_EXP_400K-20251108_180221,obj1_closer,output/phasevar_5/0002_phA04_phB15.png,Is the magenta sphere closer to the camera than the black sphere? Answer with yes or no.,No,No,23.703125,24.15625,True
/app/DATA/NVILA-Lite-2B-DATA_SCALE_EXP_400K-20251108_180221,obj1_closer,output/phasevar_5/0002_phA05_phB00.png,Is the magenta sphere closer to the camera than the black sphere? Answer with yes or no.,No,No,23.6875,23.75,True
/app/DATA/NVILA-Lite-2B-DATA_SCALE_EXP_400K-20251108_180221,obj1_closer,output/phasevar_5/0002_phA05_phB01.png,Is the magenta sphere closer to the camera than the black sphere? Answer with yes or no.,No,No,23.734375,24.09375,True
/app/DATA/NVILA-Lite-2B-DATA_SCALE_EXP_400K-20251108_180221,obj1_closer,output/phasevar_5/0002_phA05_phB02.png,Is the magenta sphere closer to the camera than the black sphere? Answer with yes or no.,No,No,23.578125,23.65625,True
/app/DATA/NVILA-Lite-2B-DATA_SCALE_EXP_400K-20251108_180221,obj1_closer,output/phasevar_5/0002_phA05_phB03.png,Is the magenta sphere closer to the camera than the black sphere? Answer with yes or no.,No,No,23.296875,23.734375,True
/app/DATA/NVILA-Lite-2B-DATA_SCALE_EXP_400K-20251108_180221,obj1_closer,output/phasevar_5/0002_phA05_phB04.png,Is the magenta sphere closer to the camera than the black sphere? Answer with yes or no.,No,No,23.03125,23.53125,True
/app/DATA/NVILA-Lite-2B-DATA_SCALE_EXP_400K-20251108_180221,obj1_closer,output/phasevar_5/0002_phA05_phB05.png,Is the magenta sphere closer to the camera than the black sphere? Answer with yes or no.,No,No,23.359375,23.609375,True
/app/DATA/NVILA-Lite-2B-DATA_SCALE_EXP_400K-20251108_180221,obj1_closer,output/phasevar_5/0002_phA05_phB06.png,Is the magenta sphere closer to the camera than the black sphere? Answer with yes or no.,No,Yes,23.65625,23.640625,False
/app/DATA/NVILA-Lite-2B-DATA_SCALE_EXP_400K-20251108_180221,obj1_closer,output/phasevar_5/0002_phA05_phB07.png,Is the magenta sphere closer to the camera than the black sphere? Answer with yes or no.,No,No,23.59375,23.921875,True
/app/DATA/NVILA-Lite-2B-DATA_SCALE_EXP_400K-20251108_180221,obj1_closer,output/phasevar_5/0002_phA05_phB08.png,Is the magenta sphere closer to the camera than the black sphere? Answer with yes or no.,No,No,23.671875,23.8125,True
/app/DATA/NVILA-Lite-2B-DATA_SCALE_EXP_400K-20251108_180221,obj1_closer,output/phasevar_5/0002_phA05_phB09.png,Is the magenta sphere closer to the camera than the black sphere? Answer with yes or no.,No,No,23.390625,23.953125,True
/app/DATA/NVILA-Lite-2B-DATA_SCALE_EXP_400K-20251108_180221,obj1_closer,output/phasevar_5/0002_phA05_phB10.png,Is the magenta sphere closer to the camera than the black sphere? Answer with yes or no.,No,No,23.53125,23.75,True
/app/DATA/NVILA-Lite-2B-DATA_SCALE_EXP_400K-20251108_180221,obj1_closer,output/phasevar_5/0002_phA05_phB11.png,Is the magenta sphere closer to the camera than the black sphere? Answer with yes or no.,No,No,22.671875,24.46875,True
/app/DATA/NVILA-Lite-2B-DATA_SCALE_EXP_400K-20251108_180221,obj1_closer,output/phasevar_5/0002_phA05_phB12.png,Is the magenta sphere closer to the camera than the black sphere? Answer with yes or no.,No,No,22.453125,24.796875,True
/app/DATA/NVILA-Lite-2B-DATA_SCALE_EXP_400K-20251108_180221,obj1_closer,output/phasevar_5/0002_phA05_phB13.png,Is the magenta sphere closer to the camera than the black sphere? Answer with yes or no.,No,No,22.5,24.46875,True
/app/DATA/NVILA-Lite-2B-DATA_SCALE_EXP_400K-20251108_180221,obj1_closer,output/phasevar_5/0002_phA05_phB14.png,Is the magenta sphere closer to the camera than the black sphere? Answer with yes or no.,No,No,23.15625,24.578125,True
/app/DATA/NVILA-Lite-2B-DATA_SCALE_EXP_400K-20251108_180221,obj1_closer,output/phasevar_5/0002_phA05_phB15.png,Is the magenta sphere closer to the camera than the black sphere? Answer with yes or no.,No,No,23.78125,24.28125,True
/app/DATA/NVILA-Lite-2B-DATA_SCALE_EXP_400K-20251108_180221,obj1_closer,output/phasevar_5/0002_phA06_phB00.png,Is the magenta sphere closer to the camera than the black sphere? Answer with yes or no.,No,Yes,23.875,23.609375,False
/app/DATA/NVILA-Lite-2B-DATA_SCALE_EXP_400K-20251108_180221,obj1_closer,output/phasevar_5/0002_phA06_phB01.png,Is the magenta sphere closer to the camera than the black sphere? Answer with yes or no.,No,Yes,23.984375,23.8125,False
/app/DATA/NVILA-Lite-2B-DATA_SCALE_EXP_400K-20251108_180221,obj1_closer,output/phasevar_5/0002_phA06_phB02.png,Is the magenta sphere closer to the camera than the black sphere? Answer with yes or no.,No,Yes,23.6875,23.453125,False
/app/DATA/NVILA-Lite-2B-DATA_SCALE_EXP_400K-20251108_180221,obj1_closer,output/phasevar_5/0002_phA06_phB03.png,Is the magenta sphere closer to the camera than the black sphere? Answer with yes or no.,No,Yes,23.625,23.59375,False
/app/DATA/NVILA-Lite-2B-DATA_SCALE_EXP_400K-20251108_180221,obj1_closer,output/phasevar_5/0002_phA06_phB04.png,Is the magenta sphere closer to the camera than the black sphere? Answer with yes or no.,No,No,23.359375,23.40625,True
/app/DATA/NVILA-Lite-2B-DATA_SCALE_EXP_400K-20251108_180221,obj1_closer,output/phasevar_5/0002_phA06_phB05.png,Is the magenta sphere closer to the camera than the black sphere? Answer with yes or no.,No,Yes,23.53125,23.375,False
/app/DATA/NVILA-Lite-2B-DATA_SCALE_EXP_400K-20251108_180221,obj1_closer,output/phasevar_5/0002_phA06_phB06.png,Is the magenta sphere closer to the camera than the black sphere? Answer with yes or no.,No,Yes,23.71875,23.40625,False
/app/DATA/NVILA-Lite-2B-DATA_SCALE_EXP_400K-20251108_180221,obj1_closer,output/phasevar_5/0002_phA06_phB07.png,Is the magenta sphere closer to the camera than the black sphere? Answer with yes or no.,No,Yes,23.828125,23.6875,False
/app/DATA/NVILA-Lite-2B-DATA_SCALE_EXP_400K-20251108_180221,obj1_closer,output/phasevar_5/0002_phA06_phB08.png,Is the magenta sphere closer to the camera than the black sphere? Answer with yes or no.,No,Yes,23.828125,23.59375,False
/app/DATA/NVILA-Lite-2B-DATA_SCALE_EXP_400K-20251108_180221,obj1_closer,output/phasevar_5/0002_phA06_phB09.png,Is the magenta sphere closer to the camera than the black sphere? Answer with yes or no.,No,No,23.578125,23.75,True
/app/DATA/NVILA-Lite-2B-DATA_SCALE_EXP_400K-20251108_180221,obj1_closer,output/phasevar_5/0002_phA06_phB10.png,Is the magenta sphere closer to the camera than the black sphere? Answer with yes or no.,No,No,23.640625,23.71875,True
/app/DATA/NVILA-Lite-2B-DATA_SCALE_EXP_400K-20251108_180221,obj1_closer,output/phasevar_5/0002_phA06_phB11.png,Is the magenta sphere closer to the camera than the black sphere? Answer with yes or no.,No,No,22.890625,24.296875,True
/app/DATA/NVILA-Lite-2B-DATA_SCALE_EXP_400K-20251108_180221,obj1_closer,output/phasevar_5/0002_phA06_phB12.png,Is the magenta sphere closer to the camera than the black sphere? Answer with yes or no.,No,No,22.703125,24.484375,True
/app/DATA/NVILA-Lite-2B-DATA_SCALE_EXP_400K-20251108_180221,obj1_closer,output/phasevar_5/0002_phA06_phB13.png,Is the magenta sphere closer to the camera than the black sphere? Answer with yes or no.,No,No,22.734375,24.28125,True
/app/DATA/NVILA-Lite-2B-DATA_SCALE_EXP_400K-20251108_180221,obj1_closer,output/phasevar_5/0002_phA06_phB14.png,Is the magenta sphere closer to the camera than the black sphere? Answer with yes or no.,No,No,23.484375,24.46875,True
/app/DATA/NVILA-Lite-2B-DATA_SCALE_EXP_400K-20251108_180221,obj1_closer,output/phasevar_5/0002_phA06_phB15.png,Is the magenta sphere closer to the camera than the black sphere? Answer with yes or no.,No,No,24.046875,24.09375,True
/app/DATA/NVILA-Lite-2B-DATA_SCALE_EXP_400K-20251108_180221,obj1_closer,output/phasevar_5/0002_phA07_phB00.png,Is the magenta sphere closer to the camera than the black sphere? Answer with yes or no.,No,Yes,23.984375,23.78125,False
/app/DATA/NVILA-Lite-2B-DATA_SCALE_EXP_400K-20251108_180221,obj1_closer,output/phasevar_5/0002_phA07_phB01.png,Is the magenta sphere closer to the camera than the black sphere? Answer with yes or no.,No,Yes,24.0,23.859375,False
/app/DATA/NVILA-Lite-2B-DATA_SCALE_EXP_400K-20251108_180221,obj1_closer,output/phasevar_5/0002_phA07_phB02.png,Is the magenta sphere closer to the camera than the black sphere? Answer with yes or no.,No,Yes,23.734375,23.546875,False
/app/DATA/NVILA-Lite-2B-DATA_SCALE_EXP_400K-20251108_180221,obj1_closer,output/phasevar_5/0002_phA07_phB03.png,Is the magenta sphere closer to the camera than the black sphere? Answer with yes or no.,No,No,23.484375,23.546875,True
/app/DATA/NVILA-Lite-2B-DATA_SCALE_EXP_400K-20251108_180221,obj1_closer,output/phasevar_5/0002_phA07_phB04.png,Is the magenta sphere closer to the camera than the black sphere? Answer with yes or no.,No,No,23.234375,23.328125,True
/app/DATA/NVILA-Lite-2B-DATA_SCALE_EXP_400K-20251108_180221,obj1_closer,output/phasevar_5/0002_phA07_phB05.png,Is the magenta sphere closer to the camera than the black sphere? Answer with yes or no.,No,No,23.375,23.40625,True
/app/DATA/NVILA-Lite-2B-DATA_SCALE_EXP_400K-20251108_180221,obj1_closer,output/phasevar_5/0002_phA07_phB06.png,Is the magenta sphere closer to the camera than the black sphere? Answer with yes or no.,No,Yes,23.75,23.5,False
/app/DATA/NVILA-Lite-2B-DATA_SCALE_EXP_400K-20251108_180221,obj1_closer,output/phasevar_5/0002_phA07_phB07.png,Is the magenta sphere closer to the camera than the black sphere? Answer with yes or no.,No,No,23.6875,23.6875,True
/app/DATA/NVILA-Lite-2B-DATA_SCALE_EXP_400K-20251108_180221,obj1_closer,output/phasevar_5/0002_phA07_phB08.png,Is the magenta sphere closer to the camera than the black sphere? Answer with yes or no.,No,Yes,23.65625,23.625,False
/app/DATA/NVILA-Lite-2B-DATA_SCALE_EXP_400K-20251108_180221,obj1_closer,output/phasevar_5/0002_phA07_phB09.png,Is the magenta sphere closer to the camera than the black sphere? Answer with yes or no.,No,No,23.390625,23.8125,True
/app/DATA/NVILA-Lite-2B-DATA_SCALE_EXP_400K-20251108_180221,obj1_closer,output/phasevar_5/0002_phA07_phB10.png,Is the magenta sphere closer to the camera than the black sphere? Answer with yes or no.,No,No,23.5,23.859375,True
/app/DATA/NVILA-Lite-2B-DATA_SCALE_EXP_400K-20251108_180221,obj1_closer,output/phasevar_5/0002_phA07_phB11.png,Is the magenta sphere closer to the camera than the black sphere? Answer with yes or no.,No,No,22.734375,24.359375,True
/app/DATA/NVILA-Lite-2B-DATA_SCALE_EXP_400K-20251108_180221,obj1_closer,output/phasevar_5/0002_phA07_phB12.png,Is the magenta sphere closer to the camera than the black sphere? Answer with yes or no.,No,No,22.53125,24.6875,True
/app/DATA/NVILA-Lite-2B-DATA_SCALE_EXP_400K-20251108_180221,obj1_closer,output/phasevar_5/0002_phA07_phB13.png,Is the magenta sphere closer to the camera than the black sphere? Answer with yes or no.,No,No,22.609375,24.203125,True
/app/DATA/NVILA-Lite-2B-DATA_SCALE_EXP_400K-20251108_180221,obj1_closer,output/phasevar_5/0002_phA07_phB14.png,Is the magenta sphere closer to the camera than the black sphere? Answer with yes or no.,No,No,23.265625,24.375,True
/app/DATA/NVILA-Lite-2B-DATA_SCALE_EXP_400K-20251108_180221,obj1_closer,output/phasevar_5/0002_phA07_phB15.png,Is the magenta sphere closer to the camera than the black sphere? Answer with yes or no.,No,No,23.984375,24.15625,True
/app/DATA/NVILA-Lite-2B-DATA_SCALE_EXP_400K-20251108_180221,obj1_closer,output/phasevar_5/0002_phA08_phB00.png,Is the magenta sphere closer to the camera than the black sphere? Answer with yes or no.,No,Yes,23.921875,23.609375,False
/app/DATA/NVILA-Lite-2B-DATA_SCALE_EXP_400K-20251108_180221,obj1_closer,output/phasevar_5/0002_phA08_phB01.png,Is the magenta sphere closer to the camera than the black sphere? Answer with yes or no.,No,Yes,24.046875,23.78125,False
/app/DATA/NVILA-Lite-2B-DATA_SCALE_EXP_400K-20251108_180221,obj1_closer,output/phasevar_5/0002_phA08_phB02.png,Is the magenta sphere closer to the camera than the black sphere? Answer with yes or no.,No,Yes,23.671875,23.34375,False
/app/DATA/NVILA-Lite-2B-DATA_SCALE_EXP_400K-20251108_180221,obj1_closer,output/phasevar_5/0002_phA08_phB03.png,Is the magenta sphere closer to the camera than the black sphere? Answer with yes or no.,No,Yes,23.546875,23.421875,False
/app/DATA/NVILA-Lite-2B-DATA_SCALE_EXP_400K-20251108_180221,obj1_closer,output/phasevar_5/0002_phA08_phB04.png,Is the magenta sphere closer to the camera than the black sphere? Answer with yes or no.,No,Yes,23.296875,23.21875,False
/app/DATA/NVILA-Lite-2B-DATA_SCALE_EXP_400K-20251108_180221,obj1_closer,output/phasevar_5/0002_phA08_phB05.png,Is the magenta sphere closer to the camera than the black sphere? Answer with yes or no.,No,Yes,23.5,23.25,False
/app/DATA/NVILA-Lite-2B-DATA_SCALE_EXP_400K-20251108_180221,obj1_closer,output/phasevar_5/0002_phA08_phB06.png,Is the magenta sphere closer to the camera than the black sphere? Answer with yes or no.,No,Yes,23.71875,23.375,False
/app/DATA/NVILA-Lite-2B-DATA_SCALE_EXP_400K-20251108_180221,obj1_closer,output/phasevar_5/0002_phA08_phB07.png,Is the magenta sphere closer to the camera than the black sphere? Answer with yes or no.,No,Yes,23.71875,23.65625,False
/app/DATA/NVILA-Lite-2B-DATA_SCALE_EXP_400K-20251108_180221,obj1_closer,output/phasevar_5/0002_phA08_phB08.png,Is the magenta sphere closer to the camera than the black sphere? Answer with yes or no.,No,Yes,23.6875,23.5,False
/app/DATA/NVILA-Lite-2B-DATA_SCALE_EXP_400K-20251108_180221,obj1_closer,output/phasevar_5/0002_phA08_phB09.png,Is the magenta sphere closer to the camera than the black sphere? Answer with yes or no.,No,No,23.4375,23.78125,True
/app/DATA/NVILA-Lite-2B-DATA_SCALE_EXP_400K-20251108_180221,obj1_closer,output/phasevar_5/0002_phA08_phB10.png,Is the magenta sphere closer to the camera than the black sphere? Answer with yes or no.,No,No,23.484375,23.8125,True
/app/DATA/NVILA-Lite-2B-DATA_SCALE_EXP_400K-20251108_180221,obj1_closer,output/phasevar_5/0002_phA08_phB11.png,Is the magenta sphere closer to the camera than the black sphere? Answer with yes or no.,No,No,22.71875,24.125,True
/app/DATA/NVILA-Lite-2B-DATA_SCALE_EXP_400K-20251108_180221,obj1_closer,output/phasevar_5/0002_phA08_phB12.png,Is the magenta sphere closer to the camera than the black sphere? Answer with yes or no.,No,No,22.515625,24.578125,True
/app/DATA/NVILA-Lite-2B-DATA_SCALE_EXP_400K-20251108_180221,obj1_closer,output/phasevar_5/0002_phA08_phB13.png,Is the magenta sphere closer to the camera than the black sphere? Answer with yes or no.,No,No,22.640625,24.171875,True
/app/DATA/NVILA-Lite-2B-DATA_SCALE_EXP_400K-20251108_180221,obj1_closer,output/phasevar_5/0002_phA08_phB14.png,Is the magenta sphere closer to the camera than the black sphere? Answer with yes or no.,No,No,23.3125,24.40625,True
/app/DATA/NVILA-Lite-2B-DATA_SCALE_EXP_400K-20251108_180221,obj1_closer,output/phasevar_5/0002_phA08_phB15.png,Is the magenta sphere closer to the camera than the black sphere? Answer with yes or no.,No,No,23.984375,24.0625,True
/app/DATA/NVILA-Lite-2B-DATA_SCALE_EXP_400K-20251108_180221,obj1_closer,output/phasevar_5/0002_phA09_phB00.png,Is the magenta sphere closer to the camera than the black sphere? Answer with yes or no.,No,Yes,23.890625,23.40625,False
/app/DATA/NVILA-Lite-2B-DATA_SCALE_EXP_400K-20251108_180221,obj1_closer,output/phasevar_5/0002_phA09_phB01.png,Is the magenta sphere closer to the camera than the black sphere? Answer with yes or no.,No,Yes,24.140625,23.640625,False
/app/DATA/NVILA-Lite-2B-DATA_SCALE_EXP_400K-20251108_180221,obj1_closer,output/phasevar_5/0002_phA09_phB02.png,Is the magenta sphere closer to the camera than the black sphere? Answer with yes or no.,No,Yes,23.625,23.203125,False
/app/DATA/NVILA-Lite-2B-DATA_SCALE_EXP_400K-20251108_180221,obj1_closer,output/phasevar_5/0002_phA09_phB03.png,Is the magenta sphere closer to the camera than the black sphere? Answer with yes or no.,No,Yes,23.546875,23.234375,False
/app/DATA/NVILA-Lite-2B-DATA_SCALE_EXP_400K-20251108_180221,obj1_closer,output/phasevar_5/0002_phA09_phB04.png,Is the magenta sphere closer to the camera than the black sphere? Answer with yes or no.,No,Yes,23.28125,23.046875,False
/app/DATA/NVILA-Lite-2B-DATA_SCALE_EXP_400K-20251108_180221,obj1_closer,output/phasevar_5/0002_phA09_phB05.png,Is the magenta sphere closer to the camera than the black sphere? Answer with yes or no.,No,Yes,23.4375,23.078125,False
/app/DATA/NVILA-Lite-2B-DATA_SCALE_EXP_400K-20251108_180221,obj1_closer,output/phasevar_5/0002_phA09_phB06.png,Is the magenta sphere closer to the camera than the black sphere? Answer with yes or no.,No,Yes,23.65625,23.25,False
/app/DATA/NVILA-Lite-2B-DATA_SCALE_EXP_400K-20251108_180221,obj1_closer,output/phasevar_5/0002_phA09_phB07.png,Is the magenta sphere closer to the camera than the black sphere? Answer with yes or no.,No,Yes,23.75,23.484375,False
/app/DATA/NVILA-Lite-2B-DATA_SCALE_EXP_400K-20251108_180221,obj1_closer,output/phasevar_5/0002_phA09_phB08.png,Is the magenta sphere closer to the camera than the black sphere? Answer with yes or no.,No,Yes,23.640625,23.3125,False
/app/DATA/NVILA-Lite-2B-DATA_SCALE_EXP_400K-20251108_180221,obj1_closer,output/phasevar_5/0002_phA09_phB09.png,Is the magenta sphere closer to the camera than the black sphere? Answer with yes or no.,No,No,23.4375,23.484375,True
/app/DATA/NVILA-Lite-2B-DATA_SCALE_EXP_400K-20251108_180221,obj1_closer,output/phasevar_5/0002_phA09_phB10.png,Is the magenta sphere closer to the camera than the black sphere? Answer with yes or no.,No,No,23.421875,23.65625,True
/app/DATA/NVILA-Lite-2B-DATA_SCALE_EXP_400K-20251108_180221,obj1_closer,output/phasevar_5/0002_phA09_phB11.png,Is the magenta sphere closer to the camera than the black sphere? Answer with yes or no.,No,No,22.703125,23.46875,True
/app/DATA/NVILA-Lite-2B-DATA_SCALE_EXP_400K-20251108_180221,obj1_closer,output/phasevar_5/0002_phA09_phB12.png,Is the magenta sphere closer to the camera than the black sphere? Answer with yes or no.,No,No,22.6875,23.984375,True
/app/DATA/NVILA-Lite-2B-DATA_SCALE_EXP_400K-20251108_180221,obj1_closer,output/phasevar_5/0002_phA09_phB13.png,Is the magenta sphere closer to the camera than the black sphere? Answer with yes or no.,No,No,22.84375,23.875,True
/app/DATA/NVILA-Lite-2B-DATA_SCALE_EXP_400K-20251108_180221,obj1_closer,output/phasevar_5/0002_phA09_phB14.png,Is the magenta sphere closer to the camera than the black sphere? Answer with yes or no.,No,No,23.546875,24.171875,True
/app/DATA/NVILA-Lite-2B-DATA_SCALE_EXP_400K-20251108_180221,obj1_closer,output/phasevar_5/0002_phA09_phB15.png,Is the magenta sphere closer to the camera than the black sphere? Answer with yes or no.,No,Yes,24.046875,23.84375,False
/app/DATA/NVILA-Lite-2B-DATA_SCALE_EXP_400K-20251108_180221,obj1_closer,output/phasevar_5/0002_phA10_phB00.png,Is the magenta sphere closer to the camera than the black sphere? Answer with yes or no.,No,Yes,23.703125,22.953125,False
/app/DATA/NVILA-Lite-2B-DATA_SCALE_EXP_400K-20251108_180221,obj1_closer,output/phasevar_5/0002_phA10_phB01.png,Is the magenta sphere closer to the camera than the black sphere? Answer with yes or no.,No,Yes,24.109375,23.265625,False
/app/DATA/NVILA-Lite-2B-DATA_SCALE_EXP_400K-20251108_180221,obj1_closer,output/phasevar_5/0002_phA10_phB02.png,Is the magenta sphere closer to the camera than the black sphere? Answer with yes or no.,No,Yes,23.59375,22.859375,False
/app/DATA/NVILA-Lite-2B-DATA_SCALE_EXP_400K-20251108_180221,obj1_closer,output/phasevar_5/0002_phA10_phB03.png,Is the magenta sphere closer to the camera than the black sphere? Answer with yes or no.,No,Yes,23.71875,23.0,False
/app/DATA/NVILA-Lite-2B-DATA_SCALE_EXP_400K-20251108_180221,obj1_closer,output/phasevar_5/0002_phA10_phB04.png,Is the magenta sphere closer to the camera than the black sphere? Answer with yes or no.,No,Yes,23.625,22.890625,False
/app/DATA/NVILA-Lite-2B-DATA_SCALE_EXP_400K-20251108_180221,obj1_closer,output/phasevar_5/0002_phA10_phB05.png,Is the magenta sphere closer to the camera than the black sphere? Answer with yes or no.,No,Yes,23.578125,22.90625,False
/app/DATA/NVILA-Lite-2B-DATA_SCALE_EXP_400K-20251108_180221,obj1_closer,output/phasevar_5/0002_phA10_phB06.png,Is the magenta sphere closer to the camera than the black sphere? Answer with yes or no.,No,Yes,23.578125,22.84375,False
/app/DATA/NVILA-Lite-2B-DATA_SCALE_EXP_400K-20251108_180221,obj1_closer,output/phasevar_5/0002_phA10_phB07.png,Is the magenta sphere closer to the camera than the black sphere? Answer with yes or no.,No,Yes,23.859375,23.21875,False
/app/DATA/NVILA-Lite-2B-DATA_SCALE_EXP_400K-20251108_180221,obj1_closer,output/phasevar_5/0002_phA10_phB08.png,Is the magenta sphere closer to the camera than the black sphere? Answer with yes or no.,No,Yes,23.609375,22.953125,False
/app/DATA/NVILA-Lite-2B-DATA_SCALE_EXP_400K-20251108_180221,obj1_closer,output/phasevar_5/0002_phA10_phB09.png,Is the magenta sphere closer to the camera than the black sphere? Answer with yes or no.,No,Yes,23.59375,23.1875,False
/app/DATA/NVILA-Lite-2B-DATA_SCALE_EXP_400K-20251108_180221,obj1_closer,output/phasevar_5/0002_phA10_phB10.png,Is the magenta sphere closer to the camera than the black sphere? Answer with yes or no.,No,Yes,23.4375,23.375,False
/app/DATA/NVILA-Lite-2B-DATA_SCALE_EXP_400K-20251108_180221,obj1_closer,output/phasevar_5/0002_phA10_phB11.png,Is the magenta sphere closer to the camera than the black sphere? Answer with yes or no.,No,No,22.734375,23.546875,True
/app/DATA/NVILA-Lite-2B-DATA_SCALE_EXP_400K-20251108_180221,obj1_closer,output/phasevar_5/0002_phA10_phB12.png,Is the magenta sphere closer to the camera than the black sphere? Answer with yes or no.,No,No,22.625,23.703125,True
/app/DATA/NVILA-Lite-2B-DATA_SCALE_EXP_400K-20251108_180221,obj1_closer,output/phasevar_5/0002_phA10_phB13.png,Is the magenta sphere closer to the camera than the black sphere? Answer with yes or no.,No,No,22.9375,23.6875,True
/app/DATA/NVILA-Lite-2B-DATA_SCALE_EXP_400K-20251108_180221,obj1_closer,output/phasevar_5/0002_phA10_phB14.png,Is the magenta sphere closer to the camera than the black sphere? Answer with yes or no.,No,No,23.640625,24.046875,True
/app/DATA/NVILA-Lite-2B-DATA_SCALE_EXP_400K-20251108_180221,obj1_closer,output/phasevar_5/0002_phA10_phB15.png,Is the magenta sphere closer to the camera than the black sphere? Answer with yes or no.,No,Yes,24.140625,23.484375,False
/app/DATA/NVILA-Lite-2B-DATA_SCALE_EXP_400K-20251108_180221,obj1_closer,output/phasevar_5/0002_phA11_phB00.png,Is the magenta sphere closer to the camera than the black sphere? Answer with yes or no.,No,Yes,23.71875,23.078125,False
/app/DATA/NVILA-Lite-2B-DATA_SCALE_EXP_400K-20251108_180221,obj1_closer,output/phasevar_5/0002_phA11_phB01.png,Is the magenta sphere closer to the camera than the black sphere? Answer with yes or no.,No,Yes,24.109375,23.4375,False
/app/DATA/NVILA-Lite-2B-DATA_SCALE_EXP_400K-20251108_180221,obj1_closer,output/phasevar_5/0002_phA11_phB02.png,Is the magenta sphere closer to the camera than the black sphere? Answer with yes or no.,No,Yes,23.59375,23.015625,False
/app/DATA/NVILA-Lite-2B-DATA_SCALE_EXP_400K-20251108_180221,obj1_closer,output/phasevar_5/0002_phA11_phB03.png,Is the magenta sphere closer to the camera than the black sphere? Answer with yes or no.,No,Yes,23.671875,23.109375,False
/app/DATA/NVILA-Lite-2B-DATA_SCALE_EXP_400K-20251108_180221,obj1_closer,output/phasevar_5/0002_phA11_phB04.png,Is the magenta sphere closer to the camera than the black sphere? Answer with yes or no.,No,Yes,23.453125,22.90625,False
/app/DATA/NVILA-Lite-2B-DATA_SCALE_EXP_400K-20251108_180221,obj1_closer,output/phasevar_5/0002_phA11_phB05.png,Is the magenta sphere closer to the camera than the black sphere? Answer with yes or no.,No,Yes,23.609375,23.03125,False
/app/DATA/NVILA-Lite-2B-DATA_SCALE_EXP_400K-20251108_180221,obj1_closer,output/phasevar_5/0002_phA11_phB06.png,Is the magenta sphere closer to the camera than the black sphere? Answer with yes or no.,No,Yes,23.609375,23.0,False
/app/DATA/NVILA-Lite-2B-DATA_SCALE_EXP_400K-20251108_180221,obj1_closer,output/phasevar_5/0002_phA11_phB07.png,Is the magenta sphere closer to the camera than the black sphere? Answer with yes or no.,No,Yes,23.921875,23.34375,False
/app/DATA/NVILA-Lite-2B-DATA_SCALE_EXP_400K-20251108_180221,obj1_closer,output/phasevar_5/0002_phA11_phB08.png,Is the magenta sphere closer to the camera than the black sphere? Answer with yes or no.,No,Yes,23.734375,23.140625,False
/app/DATA/NVILA-Lite-2B-DATA_SCALE_EXP_400K-20251108_180221,obj1_closer,output/phasevar_5/0002_phA11_phB09.png,Is the magenta sphere closer to the camera than the black sphere? Answer with yes or no.,No,Yes,23.59375,23.28125,False
/app/DATA/NVILA-Lite-2B-DATA_SCALE_EXP_400K-20251108_180221,obj1_closer,output/phasevar_5/0002_phA11_phB10.png,Is the magenta sphere closer to the camera than the black sphere? Answer with yes or no.,No,Yes,23.515625,23.296875,False
/app/DATA/NVILA-Lite-2B-DATA_SCALE_EXP_400K-20251108_180221,obj1_closer,output/phasevar_5/0002_phA11_phB11.png,Is the magenta sphere closer to the camera than the black sphere? Answer with yes or no.,No,No,22.59375,23.5625,True
/app/DATA/NVILA-Lite-2B-DATA_SCALE_EXP_400K-20251108_180221,obj1_closer,output/phasevar_5/0002_phA11_phB12.png,Is the magenta sphere closer to the camera than the black sphere? Answer with yes or no.,No,No,22.4375,23.796875,True
/app/DATA/NVILA-Lite-2B-DATA_SCALE_EXP_400K-20251108_180221,obj1_closer,output/phasevar_5/0002_phA11_phB13.png,Is the magenta sphere closer to the camera than the black sphere? Answer with yes or no.,No,No,22.640625,23.6875,True
/app/DATA/NVILA-Lite-2B-DATA_SCALE_EXP_400K-20251108_180221,obj1_closer,output/phasevar_5/0002_phA11_phB14.png,Is the magenta sphere closer to the camera than the black sphere? Answer with yes or no.,No,No,23.5,24.046875,True
/app/DATA/NVILA-Lite-2B-DATA_SCALE_EXP_400K-20251108_180221,obj1_closer,output/phasevar_5/0002_phA11_phB15.png,Is the magenta sphere closer to the camera than the black sphere? Answer with yes or no.,No,Yes,24.078125,23.671875,False
/app/DATA/NVILA-Lite-2B-DATA_SCALE_EXP_400K-20251108_180221,obj1_closer,output/phasevar_5/0002_phA12_phB00.png,Is the magenta sphere closer to the camera than the black sphere? Answer with yes or no.,No,Yes,23.578125,22.953125,False
/app/DATA/NVILA-Lite-2B-DATA_SCALE_EXP_400K-20251108_180221,obj1_closer,output/phasevar_5/0002_phA12_phB01.png,Is the magenta sphere closer to the camera than the black sphere? Answer with yes or no.,No,Yes,24.046875,23.40625,False
/app/DATA/NVILA-Lite-2B-DATA_SCALE_EXP_400K-20251108_180221,obj1_closer,output/phasevar_5/0002_phA12_phB02.png,Is the magenta sphere closer to the camera than the black sphere? Answer with yes or no.,No,Yes,23.53125,22.953125,False
/app/DATA/NVILA-Lite-2B-DATA_SCALE_EXP_400K-20251108_180221,obj1_closer,output/phasevar_5/0002_phA12_phB03.png,Is the magenta sphere closer to the camera than the black sphere? Answer with yes or no.,No,Yes,23.640625,23.09375,False
/app/DATA/NVILA-Lite-2B-DATA_SCALE_EXP_400K-20251108_180221,obj1_closer,output/phasevar_5/0002_phA12_phB04.png,Is the magenta sphere closer to the camera than the black sphere? Answer with yes or no.,No,Yes,23.46875,22.921875,False
/app/DATA/NVILA-Lite-2B-DATA_SCALE_EXP_400K-20251108_180221,obj1_closer,output/phasevar_5/0002_phA12_phB05.png,Is the magenta sphere closer to the camera than the black sphere? Answer with yes or no.,No,Yes,23.65625,23.046875,False
/app/DATA/NVILA-Lite-2B-DATA_SCALE_EXP_400K-20251108_180221,obj1_closer,output/phasevar_5/0002_phA12_phB06.png,Is the magenta sphere closer to the camera than the black sphere? Answer with yes or no.,No,Yes,23.640625,23.0,False
/app/DATA/NVILA-Lite-2B-DATA_SCALE_EXP_400K-20251108_180221,obj1_closer,output/phasevar_5/0002_phA12_phB07.png,Is the magenta sphere closer to the camera than the black sphere? Answer with yes or no.,No,Yes,24.03125,23.421875,False
/app/DATA/NVILA-Lite-2B-DATA_SCALE_EXP_400K-20251108_180221,obj1_closer,output/phasevar_5/0002_phA12_phB08.png,Is the magenta sphere closer to the camera than the black sphere? Answer with yes or no.,No,Yes,23.796875,23.1875,False
/app/DATA/NVILA-Lite-2B-DATA_SCALE_EXP_400K-20251108_180221,obj1_closer,output/phasevar_5/0002_phA12_phB09.png,Is the magenta sphere closer to the camera than the black sphere? Answer with yes or no.,No,Yes,23.6875,23.328125,False
/app/DATA/NVILA-Lite-2B-DATA_SCALE_EXP_400K-20251108_180221,obj1_closer,output/phasevar_5/0002_phA12_phB10.png,Is the magenta sphere closer to the camera than the black sphere? Answer with yes or no.,No,Yes,23.53125,23.25,False
/app/DATA/NVILA-Lite-2B-DATA_SCALE_EXP_400K-20251108_180221,obj1_closer,output/phasevar_5/0002_phA12_phB11.png,Is the magenta sphere closer to the camera than the black sphere? Answer with yes or no.,No,No,22.84375,23.375,True
/app/DATA/NVILA-Lite-2B-DATA_SCALE_EXP_400K-20251108_180221,obj1_closer,output/phasevar_5/0002_phA12_phB12.png,Is the magenta sphere closer to the camera than the black sphere? Answer with yes or no.,No,No,22.4375,23.640625,True
/app/DATA/NVILA-Lite-2B-DATA_SCALE_EXP_400K-20251108_180221,obj1_closer,output/phasevar_5/0002_phA12_phB13.png,Is the magenta sphere closer to the camera than the black sphere? Answer with yes or no.,No,No,22.609375,23.671875,True
/app/DATA/NVILA-Lite-2B-DATA_SCALE_EXP_400K-20251108_180221,obj1_closer,output/phasevar_5/0002_phA12_phB14.png,Is the magenta sphere closer to the camera than the black sphere? Answer with yes or no.,No,No,23.5,24.046875,True
/app/DATA/NVILA-Lite-2B-DATA_SCALE_EXP_400K-20251108_180221,obj1_closer,output/phasevar_5/0002_phA12_phB15.png,Is the magenta sphere closer to the camera than the black sphere? Answer with yes or no.,No,Yes,24.03125,23.640625,False
/app/DATA/NVILA-Lite-2B-DATA_SCALE_EXP_400K-20251108_180221,obj1_closer,output/phasevar_5/0002_phA13_phB00.png,Is the magenta sphere closer to the camera than the black sphere? Answer with yes or no.,No,Yes,23.328125,22.765625,False
/app/DATA/NVILA-Lite-2B-DATA_SCALE_EXP_400K-20251108_180221,obj1_closer,output/phasevar_5/0002_phA13_phB01.png,Is the magenta sphere closer to the camera than the black sphere? Answer with yes or no.,No,Yes,23.609375,23.03125,False
/app/DATA/NVILA-Lite-2B-DATA_SCALE_EXP_400K-20251108_180221,obj1_closer,output/phasevar_5/0002_phA13_phB02.png,Is the magenta sphere closer to the camera than the black sphere? Answer with yes or no.,No,Yes,23.375,22.796875,False
/app/DATA/NVILA-Lite-2B-DATA_SCALE_EXP_400K-20251108_180221,obj1_closer,output/phasevar_5/0002_phA13_phB03.png,Is the magenta sphere closer to the camera than the black sphere? Answer with yes or no.,No,Yes,23.484375,22.96875,False
/app/DATA/NVILA-Lite-2B-DATA_SCALE_EXP_400K-20251108_180221,obj1_closer,output/phasevar_5/0002_phA13_phB04.png,Is the magenta sphere closer to the camera than the black sphere? Answer with yes or no.,No,Yes,23.46875,22.84375,False
/app/DATA/NVILA-Lite-2B-DATA_SCALE_EXP_400K-20251108_180221,obj1_closer,output/phasevar_5/0002_phA13_phB05.png,Is the magenta sphere closer to the camera than the black sphere? Answer with yes or no.,No,Yes,23.4375,22.859375,False
/app/DATA/NVILA-Lite-2B-DATA_SCALE_EXP_400K-20251108_180221,obj1_closer,output/phasevar_5/0002_phA13_phB06.png,Is the magenta sphere closer to the camera than the black sphere? Answer with yes or no.,No,Yes,23.484375,22.8125,False
/app/DATA/NVILA-Lite-2B-DATA_SCALE_EXP_400K-20251108_180221,obj1_closer,output/phasevar_5/0002_phA13_phB07.png,Is the magenta sphere closer to the camera than the black sphere? Answer with yes or no.,No,Yes,23.84375,23.25,False
/app/DATA/NVILA-Lite-2B-DATA_SCALE_EXP_400K-20251108_180221,obj1_closer,output/phasevar_5/0002_phA13_phB08.png,Is the magenta sphere closer to the camera than the black sphere? Answer with yes or no.,No,Yes,23.59375,22.96875,False
/app/DATA/NVILA-Lite-2B-DATA_SCALE_EXP_400K-20251108_180221,obj1_closer,output/phasevar_5/0002_phA13_phB09.png,Is the magenta sphere closer to the camera than the black sphere? Answer with yes or no.,No,Yes,23.484375,23.171875,False
/app/DATA/NVILA-Lite-2B-DATA_SCALE_EXP_400K-20251108_180221,obj1_closer,output/phasevar_5/0002_phA13_phB10.png,Is the magenta sphere closer to the camera than the black sphere? Answer with yes or no.,No,Yes,23.5,22.96875,False
/app/DATA/NVILA-Lite-2B-DATA_SCALE_EXP_400K-20251108_180221,obj1_closer,output/phasevar_5/0002_phA13_phB11.png,Is the magenta sphere closer to the camera than the black sphere? Answer with yes or no.,No,No,22.859375,23.125,True
/app/DATA/NVILA-Lite-2B-DATA_SCALE_EXP_400K-20251108_180221,obj1_closer,output/phasevar_5/0002_phA13_phB12.png,Is the magenta sphere closer to the camera than the black sphere? Answer with yes or no.,No,No,22.453125,23.4375,True
/app/DATA/NVILA-Lite-2B-DATA_SCALE_EXP_400K-20251108_180221,obj1_closer,output/phasevar_5/0002_phA13_phB13.png,Is the magenta sphere closer to the camera than the black sphere? Answer with yes or no.,No,No,22.59375,23.6875,True
/app/DATA/NVILA-Lite-2B-DATA_SCALE_EXP_400K-20251108_180221,obj1_closer,output/phasevar_5/0002_phA13_phB14.png,Is the magenta sphere closer to the camera than the black sphere? Answer with yes or no.,No,No,23.40625,23.890625,True
/app/DATA/NVILA-Lite-2B-DATA_SCALE_EXP_400K-20251108_180221,obj1_closer,output/phasevar_5/0002_phA13_phB15.png,Is the magenta sphere closer to the camera than the black sphere? Answer with yes or no.,No,Yes,23.796875,23.40625,False
/app/DATA/NVILA-Lite-2B-DATA_SCALE_EXP_400K-20251108_180221,obj1_closer,output/phasevar_5/0002_phA14_phB00.png,Is the magenta sphere closer to the camera than the black sphere? Answer with yes or no.,No,Yes,23.4375,22.84375,False
/app/DATA/NVILA-Lite-2B-DATA_SCALE_EXP_400K-20251108_180221,obj1_closer,output/phasevar_5/0002_phA14_phB01.png,Is the magenta sphere closer to the camera than the black sphere? Answer with yes or no.,No,Yes,23.75,23.203125,False
/app/DATA/NVILA-Lite-2B-DATA_SCALE_EXP_400K-20251108_180221,obj1_closer,output/phasevar_5/0002_phA14_phB02.png,Is the magenta sphere closer to the camera than the black sphere? Answer with yes or no.,No,Yes,23.484375,22.84375,False
/app/DATA/NVILA-Lite-2B-DATA_SCALE_EXP_400K-20251108_180221,obj1_closer,output/phasevar_5/0002_phA14_phB03.png,Is the magenta sphere closer to the camera than the black sphere? Answer with yes or no.,No,Yes,23.59375,23.03125,False
/app/DATA/NVILA-Lite-2B-DATA_SCALE_EXP_400K-20251108_180221,obj1_closer,output/phasevar_5/0002_phA14_phB04.png,Is the magenta sphere closer to the camera than the black sphere? Answer with yes or no.,No,Yes,23.671875,22.953125,False
/app/DATA/NVILA-Lite-2B-DATA_SCALE_EXP_400K-20251108_180221,obj1_closer,output/phasevar_5/0002_phA14_phB05.png,Is the magenta sphere closer to the camera than the black sphere? Answer with yes or no.,No,Yes,23.640625,23.03125,False
/app/DATA/NVILA-Lite-2B-DATA_SCALE_EXP_400K-20251108_180221,obj1_closer,output/phasevar_5/0002_phA14_phB06.png,Is the magenta sphere closer to the camera than the black sphere? Answer with yes or no.,No,Yes,23.640625,22.875,False
/app/DATA/NVILA-Lite-2B-DATA_SCALE_EXP_400K-20251108_180221,obj1_closer,output/phasevar_5/0002_phA14_phB07.png,Is the magenta sphere closer to the camera than the black sphere? Answer with yes or no.,No,Yes,24.171875,23.515625,False
/app/DATA/NVILA-Lite-2B-DATA_SCALE_EXP_400K-20251108_180221,obj1_closer,output/phasevar_5/0002_phA14_phB08.png,Is the magenta sphere closer to the camera than the black sphere? Answer with yes or no.,No,Yes,23.796875,23.21875,False
/app/DATA/NVILA-Lite-2B-DATA_SCALE_EXP_400K-20251108_180221,obj1_closer,output/phasevar_5/0002_phA14_phB09.png,Is the magenta sphere closer to the camera than the black sphere? Answer with yes or no.,No,Yes,23.6875,23.359375,False
/app/DATA/NVILA-Lite-2B-DATA_SCALE_EXP_400K-20251108_180221,obj1_closer,output/phasevar_5/0002_phA14_phB10.png,Is the magenta sphere closer to the camera than the black sphere? Answer with yes or no.,No,Yes,23.59375,23.0,False
/app/DATA/NVILA-Lite-2B-DATA_SCALE_EXP_400K-20251108_180221,obj1_closer,output/phasevar_5/0002_phA14_phB11.png,Is the magenta sphere closer to the camera than the black sphere? Answer with yes or no.,No,No,22.984375,23.15625,True
/app/DATA/NVILA-Lite-2B-DATA_SCALE_EXP_400K-20251108_180221,obj1_closer,output/phasevar_5/0002_phA14_phB12.png,Is the magenta sphere closer to the camera than the black sphere? Answer with yes or no.,No,No,22.6875,23.21875,True
/app/DATA/NVILA-Lite-2B-DATA_SCALE_EXP_400K-20251108_180221,obj1_closer,output/phasevar_5/0002_phA14_phB13.png,Is the magenta sphere closer to the camera than the black sphere? Answer with yes or no.,No,No,22.640625,23.640625,True
/app/DATA/NVILA-Lite-2B-DATA_SCALE_EXP_400K-20251108_180221,obj1_closer,output/phasevar_5/0002_phA14_phB14.png,Is the magenta sphere closer to the camera than the black sphere? Answer with yes or no.,No,No,22.984375,23.625,True
/app/DATA/NVILA-Lite-2B-DATA_SCALE_EXP_400K-20251108_180221,obj1_closer,output/phasevar_5/0002_phA14_phB15.png,Is the magenta sphere closer to the camera than the black sphere? Answer with yes or no.,No,Yes,23.765625,23.5,False
/app/DATA/NVILA-Lite-2B-DATA_SCALE_EXP_400K-20251108_180221,obj1_closer,output/phasevar_5/0002_phA15_phB00.png,Is the magenta sphere closer to the camera than the black sphere? Answer with yes or no.,No,Yes,23.421875,23.171875,False
/app/DATA/NVILA-Lite-2B-DATA_SCALE_EXP_400K-20251108_180221,obj1_closer,output/phasevar_5/0002_phA15_phB01.png,Is the magenta sphere closer to the camera than the black sphere? Answer with yes or no.,No,Yes,23.8125,23.625,False
/app/DATA/NVILA-Lite-2B-DATA_SCALE_EXP_400K-20251108_180221,obj1_closer,output/phasevar_5/0002_phA15_phB02.png,Is the magenta sphere closer to the camera than the black sphere? Answer with yes or no.,No,Yes,23.453125,23.125,False
/app/DATA/NVILA-Lite-2B-DATA_SCALE_EXP_400K-20251108_180221,obj1_closer,output/phasevar_5/0002_phA15_phB03.png,Is the magenta sphere closer to the camera than the black sphere? Answer with yes or no.,No,Yes,23.484375,23.109375,False
/app/DATA/NVILA-Lite-2B-DATA_SCALE_EXP_400K-20251108_180221,obj1_closer,output/phasevar_5/0002_phA15_phB04.png,Is the magenta sphere closer to the camera than the black sphere? Answer with yes or no.,No,Yes,23.53125,23.0,False
/app/DATA/NVILA-Lite-2B-DATA_SCALE_EXP_400K-20251108_180221,obj1_closer,output/phasevar_5/0002_phA15_phB05.png,Is the magenta sphere closer to the camera than the black sphere? Answer with yes or no.,No,Yes,23.78125,23.234375,False
/app/DATA/NVILA-Lite-2B-DATA_SCALE_EXP_400K-20251108_180221,obj1_closer,output/phasevar_5/0002_phA15_phB06.png,Is the magenta sphere closer to the camera than the black sphere? Answer with yes or no.,No,Yes,23.609375,23.25,False
/app/DATA/NVILA-Lite-2B-DATA_SCALE_EXP_400K-20251108_180221,obj1_closer,output/phasevar_5/0002_phA15_phB07.png,Is the magenta sphere closer to the camera than the black sphere? Answer with yes or no.,No,Yes,24.171875,23.6875,False
/app/DATA/NVILA-Lite-2B-DATA_SCALE_EXP_400K-20251108_180221,obj1_closer,output/phasevar_5/0002_phA15_phB08.png,Is the magenta sphere closer to the camera than the black sphere? Answer with yes or no.,No,Yes,24.0,23.515625,False
/app/DATA/NVILA-Lite-2B-DATA_SCALE_EXP_400K-20251108_180221,obj1_closer,output/phasevar_5/0002_phA15_phB09.png,Is the magenta sphere closer to the camera than the black sphere? Answer with yes or no.,No,Yes,23.703125,23.46875,False
/app/DATA/NVILA-Lite-2B-DATA_SCALE_EXP_400K-20251108_180221,obj1_closer,output/phasevar_5/0002_phA15_phB10.png,Is the magenta sphere closer to the camera than the black sphere? Answer with yes or no.,No,Yes,23.53125,23.15625,False
/app/DATA/NVILA-Lite-2B-DATA_SCALE_EXP_400K-20251108_180221,obj1_closer,output/phasevar_5/0002_phA15_phB11.png,Is the magenta sphere closer to the camera than the black sphere? Answer with yes or no.,No,No,23.125,23.390625,True
/app/DATA/NVILA-Lite-2B-DATA_SCALE_EXP_400K-20251108_180221,obj1_closer,output/phasevar_5/0002_phA15_phB12.png,Is the magenta sphere closer to the camera than the black sphere? Answer with yes or no.,No,No,22.78125,23.5625,True
/app/DATA/NVILA-Lite-2B-DATA_SCALE_EXP_400K-20251108_180221,obj1_closer,output/phasevar_5/0002_phA15_phB13.png,Is the magenta sphere closer to the camera than the black sphere? Answer with yes or no.,No,No,22.546875,23.546875,True
/app/DATA/NVILA-Lite-2B-DATA_SCALE_EXP_400K-20251108_180221,obj1_closer,output/phasevar_5/0002_phA15_phB14.png,Is the magenta sphere closer to the camera than the black sphere? Answer with yes or no.,No,No,22.984375,24.171875,True
/app/DATA/NVILA-Lite-2B-DATA_SCALE_EXP_400K-20251108_180221,obj1_closer,output/phasevar_5/0002_phA15_phB15.png,Is the magenta sphere closer to the camera than the black sphere? Answer with yes or no.,No,No,23.375,23.53125,True
/app/DATA/NVILA-Lite-2B-DATA_SCALE_EXP_400K-20251108_180221,obj1_closer,output/phasevar_5/0003_phA00_phB00.png,Is the black sphere closer to the camera than the blue sphere? Answer with yes or no.,No,No,23.46875,24.546875,True
/app/DATA/NVILA-Lite-2B-DATA_SCALE_EXP_400K-20251108_180221,obj1_closer,output/phasevar_5/0003_phA00_phB01.png,Is the black sphere closer to the camera than the blue sphere? Answer with yes or no.,No,No,23.484375,24.28125,True
/app/DATA/NVILA-Lite-2B-DATA_SCALE_EXP_400K-20251108_180221,obj1_closer,output/phasevar_5/0003_phA00_phB02.png,Is the black sphere closer to the camera than the blue sphere? Answer with yes or no.,No,No,23.5625,24.265625,True
/app/DATA/NVILA-Lite-2B-DATA_SCALE_EXP_400K-20251108_180221,obj1_closer,output/phasevar_5/0003_phA00_phB03.png,Is the black sphere closer to the camera than the blue sphere? Answer with yes or no.,No,No,23.0,23.609375,True
/app/DATA/NVILA-Lite-2B-DATA_SCALE_EXP_400K-20251108_180221,obj1_closer,output/phasevar_5/0003_phA00_phB04.png,Is the black sphere closer to the camera than the blue sphere? Answer with yes or no.,No,No,23.078125,23.625,True
/app/DATA/NVILA-Lite-2B-DATA_SCALE_EXP_400K-20251108_180221,obj1_closer,output/phasevar_5/0003_phA00_phB05.png,Is the black sphere closer to the camera than the blue sphere? Answer with yes or no.,No,No,23.515625,24.015625,True
/app/DATA/NVILA-Lite-2B-DATA_SCALE_EXP_400K-20251108_180221,obj1_closer,output/phasevar_5/0003_phA00_phB06.png,Is the black sphere closer to the camera than the blue sphere? Answer with yes or no.,No,No,23.703125,24.25,True
/app/DATA/NVILA-Lite-2B-DATA_SCALE_EXP_400K-20251108_180221,obj1_closer,output/phasevar_5/0003_phA00_phB07.png,Is the black sphere closer to the camera than the blue sphere? Answer with yes or no.,No,No,23.625,24.1875,True
/app/DATA/NVILA-Lite-2B-DATA_SCALE_EXP_400K-20251108_180221,obj1_closer,output/phasevar_5/0003_phA00_phB08.png,Is the black sphere closer to the camera than the blue sphere? Answer with yes or no.,No,No,23.4375,24.0625,True
/app/DATA/NVILA-Lite-2B-DATA_SCALE_EXP_400K-20251108_180221,obj1_closer,output/phasevar_5/0003_phA00_phB09.png,Is the black sphere closer to the camera than the blue sphere? Answer with yes or no.,No,No,23.203125,24.046875,True
/app/DATA/NVILA-Lite-2B-DATA_SCALE_EXP_400K-20251108_180221,obj1_closer,output/phasevar_5/0003_phA00_phB10.png,Is the black sphere closer to the camera than the blue sphere? Answer with yes or no.,No,No,23.0625,24.71875,True
/app/DATA/NVILA-Lite-2B-DATA_SCALE_EXP_400K-20251108_180221,obj1_closer,output/phasevar_5/0003_phA00_phB11.png,Is the black sphere closer to the camera than the blue sphere? Answer with yes or no.,No,No,22.6875,24.625,True
/app/DATA/NVILA-Lite-2B-DATA_SCALE_EXP_400K-20251108_180221,obj1_closer,output/phasevar_5/0003_phA00_phB12.png,Is the black sphere closer to the camera than the blue sphere? Answer with yes or no.,No,No,22.328125,24.21875,True
/app/DATA/NVILA-Lite-2B-DATA_SCALE_EXP_400K-20251108_180221,obj1_closer,output/phasevar_5/0003_phA00_phB13.png,Is the black sphere closer to the camera than the blue sphere? Answer with yes or no.,No,No,22.65625,23.8125,True
/app/DATA/NVILA-Lite-2B-DATA_SCALE_EXP_400K-20251108_180221,obj1_closer,output/phasevar_5/0003_phA00_phB14.png,Is the black sphere closer to the camera than the blue sphere? Answer with yes or no.,No,No,23.1875,24.75,True
/app/DATA/NVILA-Lite-2B-DATA_SCALE_EXP_400K-20251108_180221,obj1_closer,output/phasevar_5/0003_phA00_phB15.png,Is the black sphere closer to the camera than the blue sphere? Answer with yes or no.,No,No,23.265625,24.5,True
/app/DATA/NVILA-Lite-2B-DATA_SCALE_EXP_400K-20251108_180221,obj1_closer,output/phasevar_5/0003_phA01_phB00.png,Is the black sphere closer to the camera than the blue sphere? Answer with yes or no.,No,No,23.3125,24.34375,True
/app/DATA/NVILA-Lite-2B-DATA_SCALE_EXP_400K-20251108_180221,obj1_closer,output/phasevar_5/0003_phA01_phB01.png,Is the black sphere closer to the camera than the blue sphere? Answer with yes or no.,No,No,23.34375,24.09375,True
/app/DATA/NVILA-Lite-2B-DATA_SCALE_EXP_400K-20251108_180221,obj1_closer,output/phasevar_5/0003_phA01_phB02.png,Is the black sphere closer to the camera than the blue sphere? Answer with yes or no.,No,No,23.421875,24.125,True
/app/DATA/NVILA-Lite-2B-DATA_SCALE_EXP_400K-20251108_180221,obj1_closer,output/phasevar_5/0003_phA01_phB03.png,Is the black sphere closer to the camera than the blue sphere? Answer with yes or no.,No,No,22.84375,23.515625,True
/app/DATA/NVILA-Lite-2B-DATA_SCALE_EXP_400K-20251108_180221,obj1_closer,output/phasevar_5/0003_phA01_phB04.png,Is the black sphere closer to the camera than the blue sphere? Answer with yes or no.,No,No,22.90625,23.578125,True
/app/DATA/NVILA-Lite-2B-DATA_SCALE_EXP_400K-20251108_180221,obj1_closer,output/phasevar_5/0003_phA01_phB05.png,Is the black sphere closer to the camera than the blue sphere? Answer with yes or no.,No,No,23.296875,23.875,True
/app/DATA/NVILA-Lite-2B-DATA_SCALE_EXP_400K-20251108_180221,obj1_closer,output/phasevar_5/0003_phA01_phB06.png,Is the black sphere closer to the camera than the blue sphere? Answer with yes or no.,No,No,23.53125,24.140625,True
/app/DATA/NVILA-Lite-2B-DATA_SCALE_EXP_400K-20251108_180221,obj1_closer,output/phasevar_5/0003_phA01_phB07.png,Is the black sphere closer to the camera than the blue sphere? Answer with yes or no.,No,No,23.5,24.0,True
/app/DATA/NVILA-Lite-2B-DATA_SCALE_EXP_400K-20251108_180221,obj1_closer,output/phasevar_5/0003_phA01_phB08.png,Is the black sphere closer to the camera than the blue sphere? Answer with yes or no.,No,No,23.328125,23.9375,True
/app/DATA/NVILA-Lite-2B-DATA_SCALE_EXP_400K-20251108_180221,obj1_closer,output/phasevar_5/0003_phA01_phB09.png,Is the black sphere closer to the camera than the blue sphere? Answer with yes or no.,No,No,23.125,23.875,True
/app/DATA/NVILA-Lite-2B-DATA_SCALE_EXP_400K-20251108_180221,obj1_closer,output/phasevar_5/0003_phA01_phB10.png,Is the black sphere closer to the camera than the blue sphere? Answer with yes or no.,No,No,23.078125,24.4375,True
/app/DATA/NVILA-Lite-2B-DATA_SCALE_EXP_400K-20251108_180221,obj1_closer,output/phasevar_5/0003_phA01_phB11.png,Is the black sphere closer to the camera than the blue sphere? Answer with yes or no.,No,No,22.671875,24.390625,True
/app/DATA/NVILA-Lite-2B-DATA_SCALE_EXP_400K-20251108_180221,obj1_closer,output/phasevar_5/0003_phA01_phB12.png,Is the black sphere closer to the camera than the blue sphere? Answer with yes or no.,No,No,22.328125,24.0625,True
/app/DATA/NVILA-Lite-2B-DATA_SCALE_EXP_400K-20251108_180221,obj1_closer,output/phasevar_5/0003_phA01_phB13.png,Is the black sphere closer to the camera than the blue sphere? Answer with yes or no.,No,No,22.609375,23.65625,True
/app/DATA/NVILA-Lite-2B-DATA_SCALE_EXP_400K-20251108_180221,obj1_closer,output/phasevar_5/0003_phA01_phB14.png,Is the black sphere closer to the camera than the blue sphere? Answer with yes or no.,No,No,23.1875,24.515625,True
/app/DATA/NVILA-Lite-2B-DATA_SCALE_EXP_400K-20251108_180221,obj1_closer,output/phasevar_5/0003_phA01_phB15.png,Is the black sphere closer to the camera than the blue sphere? Answer with yes or no.,No,No,23.140625,24.328125,True
/app/DATA/NVILA-Lite-2B-DATA_SCALE_EXP_400K-20251108_180221,obj1_closer,output/phasevar_5/0003_phA02_phB00.png,Is the black sphere closer to the camera than the blue sphere? Answer with yes or no.,No,No,23.21875,24.234375,True
/app/DATA/NVILA-Lite-2B-DATA_SCALE_EXP_400K-20251108_180221,obj1_closer,output/phasevar_5/0003_phA02_phB01.png,Is the black sphere closer to the camera than the blue sphere? Answer with yes or no.,No,No,23.25,24.171875,True
/app/DATA/NVILA-Lite-2B-DATA_SCALE_EXP_400K-20251108_180221,obj1_closer,output/phasevar_5/0003_phA02_phB02.png,Is the black sphere closer to the camera than the blue sphere? Answer with yes or no.,No,No,23.390625,24.046875,True
/app/DATA/NVILA-Lite-2B-DATA_SCALE_EXP_400K-20251108_180221,obj1_closer,output/phasevar_5/0003_phA02_phB03.png,Is the black sphere closer to the camera than the blue sphere? Answer with yes or no.,No,No,22.8125,23.359375,True
/app/DATA/NVILA-Lite-2B-DATA_SCALE_EXP_400K-20251108_180221,obj1_closer,output/phasevar_5/0003_phA02_phB04.png,Is the black sphere closer to the camera than the blue sphere? Answer with yes or no.,No,No,22.78125,23.5,True
/app/DATA/NVILA-Lite-2B-DATA_SCALE_EXP_400K-20251108_180221,obj1_closer,output/phasevar_5/0003_phA02_phB05.png,Is the black sphere closer to the camera than the blue sphere? Answer with yes or no.,No,No,23.125,23.765625,True
/app/DATA/NVILA-Lite-2B-DATA_SCALE_EXP_400K-20251108_180221,obj1_closer,output/phasevar_5/0003_phA02_phB06.png,Is the black sphere closer to the camera than the blue sphere? Answer with yes or no.,No,No,23.390625,24.078125,True
/app/DATA/NVILA-Lite-2B-DATA_SCALE_EXP_400K-20251108_180221,obj1_closer,output/phasevar_5/0003_phA02_phB07.png,Is the black sphere closer to the camera than the blue sphere? Answer with yes or no.,No,No,23.40625,23.953125,True
/app/DATA/NVILA-Lite-2B-DATA_SCALE_EXP_400K-20251108_180221,obj1_closer,output/phasevar_5/0003_phA02_phB08.png,Is the black sphere closer to the camera than the blue sphere? Answer with yes or no.,No,No,23.296875,23.921875,True
/app/DATA/NVILA-Lite-2B-DATA_SCALE_EXP_400K-20251108_180221,obj1_closer,output/phasevar_5/0003_phA02_phB09.png,Is the black sphere closer to the camera than the blue sphere? Answer with yes or no.,No,No,23.046875,23.78125,True
/app/DATA/NVILA-Lite-2B-DATA_SCALE_EXP_400K-20251108_180221,obj1_closer,output/phasevar_5/0003_phA02_phB10.png,Is the black sphere closer to the camera than the blue sphere? Answer with yes or no.,No,No,23.078125,24.28125,True
/app/DATA/NVILA-Lite-2B-DATA_SCALE_EXP_400K-20251108_180221,obj1_closer,output/phasevar_5/0003_phA02_phB11.png,Is the black sphere closer to the camera than the blue sphere? Answer with yes or no.,No,No,22.609375,24.171875,True
/app/DATA/NVILA-Lite-2B-DATA_SCALE_EXP_400K-20251108_180221,obj1_closer,output/phasevar_5/0003_phA02_phB12.png,Is the black sphere closer to the camera than the blue sphere? Answer with yes or no.,No,No,22.34375,23.875,True
/app/DATA/NVILA-Lite-2B-DATA_SCALE_EXP_400K-20251108_180221,obj1_closer,output/phasevar_5/0003_phA02_phB13.png,Is the black sphere closer to the camera than the blue sphere? Answer with yes or no.,No,No,22.65625,23.5,True
/app/DATA/NVILA-Lite-2B-DATA_SCALE_EXP_400K-20251108_180221,obj1_closer,output/phasevar_5/0003_phA02_phB14.png,Is the black sphere closer to the camera than the blue sphere? Answer with yes or no.,No,No,23.109375,24.484375,True
/app/DATA/NVILA-Lite-2B-DATA_SCALE_EXP_400K-20251108_180221,obj1_closer,output/phasevar_5/0003_phA02_phB15.png,Is the black sphere closer to the camera than the blue sphere? Answer with yes or no.,No,No,23.125,24.140625,True
/app/DATA/NVILA-Lite-2B-DATA_SCALE_EXP_400K-20251108_180221,obj1_closer,output/phasevar_5/0003_phA03_phB00.png,Is the black sphere closer to the camera than the blue sphere? Answer with yes or no.,No,No,23.421875,24.5625,True
/app/DATA/NVILA-Lite-2B-DATA_SCALE_EXP_400K-20251108_180221,obj1_closer,output/phasevar_5/0003_phA03_phB01.png,Is the black sphere closer to the camera than the blue sphere? Answer with yes or no.,No,No,23.296875,24.421875,True
/app/DATA/NVILA-Lite-2B-DATA_SCALE_EXP_400K-20251108_180221,obj1_closer,output/phasevar_5/0003_phA03_phB02.png,Is the black sphere closer to the camera than the blue sphere? Answer with yes or no.,No,No,23.5,24.3125,True
/app/DATA/NVILA-Lite-2B-DATA_SCALE_EXP_400K-20251108_180221,obj1_closer,output/phasevar_5/0003_phA03_phB03.png,Is the black sphere closer to the camera than the blue sphere? Answer with yes or no.,No,No,22.8125,23.578125,True
/app/DATA/NVILA-Lite-2B-DATA_SCALE_EXP_400K-20251108_180221,obj1_closer,output/phasevar_5/0003_phA03_phB04.png,Is the black sphere closer to the camera than the blue sphere? Answer with yes or no.,No,No,22.90625,23.46875,True
/app/DATA/NVILA-Lite-2B-DATA_SCALE_EXP_400K-20251108_180221,obj1_closer,output/phasevar_5/0003_phA03_phB05.png,Is the black sphere closer to the camera than the blue sphere? Answer with yes or no.,No,No,23.15625,24.015625,True
/app/DATA/NVILA-Lite-2B-DATA_SCALE_EXP_400K-20251108_180221,obj1_closer,output/phasevar_5/0003_phA03_phB06.png,Is the black sphere closer to the camera than the blue sphere? Answer with yes or no.,No,No,23.390625,24.265625,True
/app/DATA/NVILA-Lite-2B-DATA_SCALE_EXP_400K-20251108_180221,obj1_closer,output/phasevar_5/0003_phA03_phB07.png,Is the black sphere closer to the camera than the blue sphere? Answer with yes or no.,No,No,23.421875,24.109375,True
/app/DATA/NVILA-Lite-2B-DATA_SCALE_EXP_400K-20251108_180221,obj1_closer,output/phasevar_5/0003_phA03_phB08.png,Is the black sphere closer to the camera than the blue sphere? Answer with yes or no.,No,No,23.3125,24.03125,True
/app/DATA/NVILA-Lite-2B-DATA_SCALE_EXP_400K-20251108_180221,obj1_closer,output/phasevar_5/0003_phA03_phB09.png,Is the black sphere closer to the camera than the blue sphere? Answer with yes or no.,No,No,23.109375,23.921875,True
/app/DATA/NVILA-Lite-2B-DATA_SCALE_EXP_400K-20251108_180221,obj1_closer,output/phasevar_5/0003_phA03_phB10.png,Is the black sphere closer to the camera than the blue sphere? Answer with yes or no.,No,No,22.96875,24.484375,True
/app/DATA/NVILA-Lite-2B-DATA_SCALE_EXP_400K-20251108_180221,obj1_closer,output/phasevar_5/0003_phA03_phB11.png,Is the black sphere closer to the camera than the blue sphere? Answer with yes or no.,No,No,22.609375,24.40625,True
/app/DATA/NVILA-Lite-2B-DATA_SCALE_EXP_400K-20251108_180221,obj1_closer,output/phasevar_5/0003_phA03_phB12.png,Is the black sphere closer to the camera than the blue sphere? Answer with yes or no.,No,No,22.25,24.125,True
/app/DATA/NVILA-Lite-2B-DATA_SCALE_EXP_400K-20251108_180221,obj1_closer,output/phasevar_5/0003_phA03_phB13.png,Is the black sphere closer to the camera than the blue sphere? Answer with yes or no.,No,No,22.515625,23.875,True
/app/DATA/NVILA-Lite-2B-DATA_SCALE_EXP_400K-20251108_180221,obj1_closer,output/phasevar_5/0003_phA03_phB14.png,Is the black sphere closer to the camera than the blue sphere? Answer with yes or no.,No,No,23.125,24.671875,True
/app/DATA/NVILA-Lite-2B-DATA_SCALE_EXP_400K-20251108_180221,obj1_closer,output/phasevar_5/0003_phA03_phB15.png,Is the black sphere closer to the camera than the blue sphere? Answer with yes or no.,No,No,23.296875,24.46875,True
/app/DATA/NVILA-Lite-2B-DATA_SCALE_EXP_400K-20251108_180221,obj1_closer,output/phasevar_5/0003_phA04_phB00.png,Is the black sphere closer to the camera than the blue sphere? Answer with yes or no.,No,No,23.265625,24.4375,True
/app/DATA/NVILA-Lite-2B-DATA_SCALE_EXP_400K-20251108_180221,obj1_closer,output/phasevar_5/0003_phA04_phB01.png,Is the black sphere closer to the camera than the blue sphere? Answer with yes or no.,No,No,23.203125,24.421875,True
/app/DATA/NVILA-Lite-2B-DATA_SCALE_EXP_400K-20251108_180221,obj1_closer,output/phasevar_5/0003_phA04_phB02.png,Is the black sphere closer to the camera than the blue sphere? Answer with yes or no.,No,No,23.40625,24.28125,True
/app/DATA/NVILA-Lite-2B-DATA_SCALE_EXP_400K-20251108_180221,obj1_closer,output/phasevar_5/0003_phA04_phB03.png,Is the black sphere closer to the camera than the blue sphere? Answer with yes or no.,No,No,22.703125,23.703125,True
/app/DATA/NVILA-Lite-2B-DATA_SCALE_EXP_400K-20251108_180221,obj1_closer,output/phasevar_5/0003_phA04_phB04.png,Is the black sphere closer to the camera than the blue sphere? Answer with yes or no.,No,No,22.8125,23.546875,True
/app/DATA/NVILA-Lite-2B-DATA_SCALE_EXP_400K-20251108_180221,obj1_closer,output/phasevar_5/0003_phA04_phB05.png,Is the black sphere closer to the camera than the blue sphere? Answer with yes or no.,No,No,23.078125,23.984375,True
/app/DATA/NVILA-Lite-2B-DATA_SCALE_EXP_400K-20251108_180221,obj1_closer,output/phasevar_5/0003_phA04_phB06.png,Is the black sphere closer to the camera than the blue sphere? Answer with yes or no.,No,No,23.3125,24.171875,True
/app/DATA/NVILA-Lite-2B-DATA_SCALE_EXP_400K-20251108_180221,obj1_closer,output/phasevar_5/0003_phA04_phB07.png,Is the black sphere closer to the camera than the blue sphere? Answer with yes or no.,No,No,23.296875,24.0,True
/app/DATA/NVILA-Lite-2B-DATA_SCALE_EXP_400K-20251108_180221,obj1_closer,output/phasevar_5/0003_phA04_phB08.png,Is the black sphere closer to the camera than the blue sphere? Answer with yes or no.,No,No,23.203125,23.96875,True
/app/DATA/NVILA-Lite-2B-DATA_SCALE_EXP_400K-20251108_180221,obj1_closer,output/phasevar_5/0003_phA04_phB09.png,Is the black sphere closer to the camera than the blue sphere? Answer with yes or no.,No,No,23.046875,23.890625,True
/app/DATA/NVILA-Lite-2B-DATA_SCALE_EXP_400K-20251108_180221,obj1_closer,output/phasevar_5/0003_phA04_phB10.png,Is the black sphere closer to the camera than the blue sphere? Answer with yes or no.,No,No,22.96875,24.390625,True
/app/DATA/NVILA-Lite-2B-DATA_SCALE_EXP_400K-20251108_180221,obj1_closer,output/phasevar_5/0003_phA04_phB11.png,Is the black sphere closer to the camera than the blue sphere? Answer with yes or no.,No,No,22.53125,24.296875,True
/app/DATA/NVILA-Lite-2B-DATA_SCALE_EXP_400K-20251108_180221,obj1_closer,output/phasevar_5/0003_phA04_phB12.png,Is the black sphere closer to the camera than the blue sphere? Answer with yes or no.,No,No,22.21875,24.0,True
/app/DATA/NVILA-Lite-2B-DATA_SCALE_EXP_400K-20251108_180221,obj1_closer,output/phasevar_5/0003_phA04_phB13.png,Is the black sphere closer to the camera than the blue sphere? Answer with yes or no.,No,No,22.5625,23.6875,True
/app/DATA/NVILA-Lite-2B-DATA_SCALE_EXP_400K-20251108_180221,obj1_closer,output/phasevar_5/0003_phA04_phB14.png,Is the black sphere closer to the camera than the blue sphere? Answer with yes or no.,No,No,23.1875,24.5,True
/app/DATA/NVILA-Lite-2B-DATA_SCALE_EXP_400K-20251108_180221,obj1_closer,output/phasevar_5/0003_phA04_phB15.png,Is the black sphere closer to the camera than the blue sphere? Answer with yes or no.,No,No,23.15625,24.296875,True
/app/DATA/NVILA-Lite-2B-DATA_SCALE_EXP_400K-20251108_180221,obj1_closer,output/phasevar_5/0003_phA05_phB00.png,Is the black sphere closer to the camera than the blue sphere? Answer with yes or no.,No,No,23.234375,24.53125,True
/app/DATA/NVILA-Lite-2B-DATA_SCALE_EXP_400K-20251108_180221,obj1_closer,output/phasevar_5/0003_phA05_phB01.png,Is the black sphere closer to the camera than the blue sphere? Answer with yes or no.,No,No,23.140625,24.453125,True
/app/DATA/NVILA-Lite-2B-DATA_SCALE_EXP_400K-20251108_180221,obj1_closer,output/phasevar_5/0003_phA05_phB02.png,Is the black sphere closer to the camera than the blue sphere? Answer with yes or no.,No,No,23.390625,24.390625,True
/app/DATA/NVILA-Lite-2B-DATA_SCALE_EXP_400K-20251108_180221,obj1_closer,output/phasevar_5/0003_phA05_phB03.png,Is the black sphere closer to the camera than the blue sphere? Answer with yes or no.,No,No,22.671875,23.75,True
/app/DATA/NVILA-Lite-2B-DATA_SCALE_EXP_400K-20251108_180221,obj1_closer,output/phasevar_5/0003_phA05_phB04.png,Is the black sphere closer to the camera than the blue sphere? Answer with yes or no.,No,No,22.828125,23.75,True
/app/DATA/NVILA-Lite-2B-DATA_SCALE_EXP_400K-20251108_180221,obj1_closer,output/phasevar_5/0003_phA05_phB05.png,Is the black sphere closer to the camera than the blue sphere? Answer with yes or no.,No,No,23.03125,23.9375,True
/app/DATA/NVILA-Lite-2B-DATA_SCALE_EXP_400K-20251108_180221,obj1_closer,output/phasevar_5/0003_phA05_phB06.png,Is the black sphere closer to the camera than the blue sphere? Answer with yes or no.,No,No,23.296875,24.234375,True
/app/DATA/NVILA-Lite-2B-DATA_SCALE_EXP_400K-20251108_180221,obj1_closer,output/phasevar_5/0003_phA05_phB07.png,Is the black sphere closer to the camera than the blue sphere? Answer with yes or no.,No,No,23.3125,24.171875,True
/app/DATA/NVILA-Lite-2B-DATA_SCALE_EXP_400K-20251108_180221,obj1_closer,output/phasevar_5/0003_phA05_phB08.png,Is the black sphere closer to the camera than the blue sphere? Answer with yes or no.,No,No,23.078125,24.109375,True
/app/DATA/NVILA-Lite-2B-DATA_SCALE_EXP_400K-20251108_180221,obj1_closer,output/phasevar_5/0003_phA05_phB09.png,Is the black sphere closer to the camera than the blue sphere? Answer with yes or no.,No,No,23.09375,23.953125,True
/app/DATA/NVILA-Lite-2B-DATA_SCALE_EXP_400K-20251108_180221,obj1_closer,output/phasevar_5/0003_phA05_phB10.png,Is the black sphere closer to the camera than the blue sphere? Answer with yes or no.,No,No,23.21875,24.328125,True
/app/DATA/NVILA-Lite-2B-DATA_SCALE_EXP_400K-20251108_180221,obj1_closer,output/phasevar_5/0003_phA05_phB11.png,Is the black sphere closer to the camera than the blue sphere? Answer with yes or no.,No,No,22.578125,24.15625,True
/app/DATA/NVILA-Lite-2B-DATA_SCALE_EXP_400K-20251108_180221,obj1_closer,output/phasevar_5/0003_phA05_phB12.png,Is the black sphere closer to the camera than the blue sphere? Answer with yes or no.,No,No,22.203125,23.796875,True
/app/DATA/NVILA-Lite-2B-DATA_SCALE_EXP_400K-20251108_180221,obj1_closer,output/phasevar_5/0003_phA05_phB13.png,Is the black sphere closer to the camera than the blue sphere? Answer with yes or no.,No,No,22.625,23.40625,True
/app/DATA/NVILA-Lite-2B-DATA_SCALE_EXP_400K-20251108_180221,obj1_closer,output/phasevar_5/0003_phA05_phB14.png,Is the black sphere closer to the camera than the blue sphere? Answer with yes or no.,No,No,23.21875,24.296875,True
/app/DATA/NVILA-Lite-2B-DATA_SCALE_EXP_400K-20251108_180221,obj1_closer,output/phasevar_5/0003_phA05_phB15.png,Is the black sphere closer to the camera than the blue sphere? Answer with yes or no.,No,No,23.125,24.265625,True
/app/DATA/NVILA-Lite-2B-DATA_SCALE_EXP_400K-20251108_180221,obj1_closer,output/phasevar_5/0003_phA06_phB00.png,Is the black sphere closer to the camera than the blue sphere? Answer with yes or no.,No,No,23.203125,24.203125,True
/app/DATA/NVILA-Lite-2B-DATA_SCALE_EXP_400K-20251108_180221,obj1_closer,output/phasevar_5/0003_phA06_phB01.png,Is the black sphere closer to the camera than the blue sphere? Answer with yes or no.,No,No,23.015625,24.234375,True
/app/DATA/NVILA-Lite-2B-DATA_SCALE_EXP_400K-20251108_180221,obj1_closer,output/phasevar_5/0003_phA06_phB02.png,Is the black sphere closer to the camera than the blue sphere? Answer with yes or no.,No,No,23.28125,24.171875,True
/app/DATA/NVILA-Lite-2B-DATA_SCALE_EXP_400K-20251108_180221,obj1_closer,output/phasevar_5/0003_phA06_phB03.png,Is the black sphere closer to the camera than the blue sphere? Answer with yes or no.,No,No,22.671875,23.65625,True
/app/DATA/NVILA-Lite-2B-DATA_SCALE_EXP_400K-20251108_180221,obj1_closer,output/phasevar_5/0003_phA06_phB04.png,Is the black sphere closer to the camera than the blue sphere? Answer with yes or no.,No,No,22.828125,23.78125,True
/app/DATA/NVILA-Lite-2B-DATA_SCALE_EXP_400K-20251108_180221,obj1_closer,output/phasevar_5/0003_phA06_phB05.png,Is the black sphere closer to the camera than the blue sphere? Answer with yes or no.,No,No,23.09375,23.609375,True
/app/DATA/NVILA-Lite-2B-DATA_SCALE_EXP_400K-20251108_180221,obj1_closer,output/phasevar_5/0003_phA06_phB06.png,Is the black sphere closer to the camera than the blue sphere? Answer with yes or no.,No,No,23.484375,24.0625,True
/app/DATA/NVILA-Lite-2B-DATA_SCALE_EXP_400K-20251108_180221,obj1_closer,output/phasevar_5/0003_phA06_phB07.png,Is the black sphere closer to the camera than the blue sphere? Answer with yes or no.,No,No,23.40625,23.984375,True
/app/DATA/NVILA-Lite-2B-DATA_SCALE_EXP_400K-20251108_180221,obj1_closer,output/phasevar_5/0003_phA06_phB08.png,Is the black sphere closer to the camera than the blue sphere? Answer with yes or no.,No,No,23.15625,23.890625,True
/app/DATA/NVILA-Lite-2B-DATA_SCALE_EXP_400K-20251108_180221,obj1_closer,output/phasevar_5/0003_phA06_phB09.png,Is the black sphere closer to the camera than the blue sphere? Answer with yes or no.,No,No,23.171875,23.796875,True
/app/DATA/NVILA-Lite-2B-DATA_SCALE_EXP_400K-20251108_180221,obj1_closer,output/phasevar_5/0003_phA06_phB10.png,Is the black sphere closer to the camera than the blue sphere? Answer with yes or no.,No,No,23.359375,24.140625,True
/app/DATA/NVILA-Lite-2B-DATA_SCALE_EXP_400K-20251108_180221,obj1_closer,output/phasevar_5/0003_phA06_phB11.png,Is the black sphere closer to the camera than the blue sphere? Answer with yes or no.,No,No,22.640625,23.859375,True
/app/DATA/NVILA-Lite-2B-DATA_SCALE_EXP_400K-20251108_180221,obj1_closer,output/phasevar_5/0003_phA06_phB12.png,Is the black sphere closer to the camera than the blue sphere? Answer with yes or no.,No,No,22.25,23.625,True
/app/DATA/NVILA-Lite-2B-DATA_SCALE_EXP_400K-20251108_180221,obj1_closer,output/phasevar_5/0003_phA06_phB13.png,Is the black sphere closer to the camera than the blue sphere? Answer with yes or no.,No,No,22.609375,23.296875,True
/app/DATA/NVILA-Lite-2B-DATA_SCALE_EXP_400K-20251108_180221,obj1_closer,output/phasevar_5/0003_phA06_phB14.png,Is the black sphere closer to the camera than the blue sphere? Answer with yes or no.,No,No,23.203125,24.125,True
/app/DATA/NVILA-Lite-2B-DATA_SCALE_EXP_400K-20251108_180221,obj1_closer,output/phasevar_5/0003_phA06_phB15.png,Is the black sphere closer to the camera than the blue sphere? Answer with yes or no.,No,No,23.09375,24.015625,True
/app/DATA/NVILA-Lite-2B-DATA_SCALE_EXP_400K-20251108_180221,obj1_closer,output/phasevar_5/0003_phA07_phB00.png,Is the black sphere closer to the camera than the blue sphere? Answer with yes or no.,No,No,23.1875,24.046875,True
/app/DATA/NVILA-Lite-2B-DATA_SCALE_EXP_400K-20251108_180221,obj1_closer,output/phasevar_5/0003_phA07_phB01.png,Is the black sphere closer to the camera than the blue sphere? Answer with yes or no.,No,No,23.03125,24.140625,True
/app/DATA/NVILA-Lite-2B-DATA_SCALE_EXP_400K-20251108_180221,obj1_closer,output/phasevar_5/0003_phA07_phB02.png,Is the black sphere closer to the camera than the blue sphere? Answer with yes or no.,No,No,23.375,24.125,True
/app/DATA/NVILA-Lite-2B-DATA_SCALE_EXP_400K-20251108_180221,obj1_closer,output/phasevar_5/0003_phA07_phB03.png,Is the black sphere closer to the camera than the blue sphere? Answer with yes or no.,No,No,22.734375,23.65625,True
/app/DATA/NVILA-Lite-2B-DATA_SCALE_EXP_400K-20251108_180221,obj1_closer,output/phasevar_5/0003_phA07_phB04.png,Is the black sphere closer to the camera than the blue sphere? Answer with yes or no.,No,No,22.828125,23.75,True
/app/DATA/NVILA-Lite-2B-DATA_SCALE_EXP_400K-20251108_180221,obj1_closer,output/phasevar_5/0003_phA07_phB05.png,Is the black sphere closer to the camera than the blue sphere? Answer with yes or no.,No,No,23.15625,23.703125,True
/app/DATA/NVILA-Lite-2B-DATA_SCALE_EXP_400K-20251108_180221,obj1_closer,output/phasevar_5/0003_phA07_phB06.png,Is the black sphere closer to the camera than the blue sphere? Answer with yes or no.,No,No,23.578125,24.0,True
/app/DATA/NVILA-Lite-2B-DATA_SCALE_EXP_400K-20251108_180221,obj1_closer,output/phasevar_5/0003_phA07_phB07.png,Is the black sphere closer to the camera than the blue sphere? Answer with yes or no.,No,No,23.5,23.921875,True
/app/DATA/NVILA-Lite-2B-DATA_SCALE_EXP_400K-20251108_180221,obj1_closer,output/phasevar_5/0003_phA07_phB08.png,Is the black sphere closer to the camera than the blue sphere? Answer with yes or no.,No,No,23.125,23.828125,True
/app/DATA/NVILA-Lite-2B-DATA_SCALE_EXP_400K-20251108_180221,obj1_closer,output/phasevar_5/0003_phA07_phB09.png,Is the black sphere closer to the camera than the blue sphere? Answer with yes or no.,No,No,23.15625,23.703125,True
/app/DATA/NVILA-Lite-2B-DATA_SCALE_EXP_400K-20251108_180221,obj1_closer,output/phasevar_5/0003_phA07_phB10.png,Is the black sphere closer to the camera than the blue sphere? Answer with yes or no.,No,No,23.359375,24.03125,True
/app/DATA/NVILA-Lite-2B-DATA_SCALE_EXP_400K-20251108_180221,obj1_closer,output/phasevar_5/0003_phA07_phB11.png,Is the black sphere closer to the camera than the blue sphere? Answer with yes or no.,No,No,22.671875,23.890625,True
/app/DATA/NVILA-Lite-2B-DATA_SCALE_EXP_400K-20251108_180221,obj1_closer,output/phasevar_5/0003_phA07_phB12.png,Is the black sphere closer to the camera than the blue sphere? Answer with yes or no.,No,No,22.25,23.625,True
/app/DATA/NVILA-Lite-2B-DATA_SCALE_EXP_400K-20251108_180221,obj1_closer,output/phasevar_5/0003_phA07_phB13.png,Is the black sphere closer to the camera than the blue sphere? Answer with yes or no.,No,No,22.703125,23.25,True
/app/DATA/NVILA-Lite-2B-DATA_SCALE_EXP_400K-20251108_180221,obj1_closer,output/phasevar_5/0003_phA07_phB14.png,Is the black sphere closer to the camera than the blue sphere? Answer with yes or no.,No,No,23.25,24.078125,True
/app/DATA/NVILA-Lite-2B-DATA_SCALE_EXP_400K-20251108_180221,obj1_closer,output/phasevar_5/0003_phA07_phB15.png,Is the black sphere closer to the camera than the blue sphere? Answer with yes or no.,No,No,23.078125,24.0,True
/app/DATA/NVILA-Lite-2B-DATA_SCALE_EXP_400K-20251108_180221,obj1_closer,output/phasevar_5/0003_phA08_phB00.png,Is the black sphere closer to the camera than the blue sphere? Answer with yes or no.,No,No,23.4375,24.265625,True
/app/DATA/NVILA-Lite-2B-DATA_SCALE_EXP_400K-20251108_180221,obj1_closer,output/phasevar_5/0003_phA08_phB01.png,Is the black sphere closer to the camera than the blue sphere? Answer with yes or no.,No,No,23.203125,24.234375,True
/app/DATA/NVILA-Lite-2B-DATA_SCALE_EXP_400K-20251108_180221,obj1_closer,output/phasevar_5/0003_phA08_phB02.png,Is the black sphere closer to the camera than the blue sphere? Answer with yes or no.,No,No,23.484375,24.21875,True
/app/DATA/NVILA-Lite-2B-DATA_SCALE_EXP_400K-20251108_180221,obj1_closer,output/phasevar_5/0003_phA08_phB03.png,Is the black sphere closer to the camera than the blue sphere? Answer with yes or no.,No,No,22.8125,23.6875,True
/app/DATA/NVILA-Lite-2B-DATA_SCALE_EXP_400K-20251108_180221,obj1_closer,output/phasevar_5/0003_phA08_phB04.png,Is the black sphere closer to the camera than the blue sphere? Answer with yes or no.,No,No,22.875,23.765625,True
/app/DATA/NVILA-Lite-2B-DATA_SCALE_EXP_400K-20251108_180221,obj1_closer,output/phasevar_5/0003_phA08_phB05.png,Is the black sphere closer to the camera than the blue sphere? Answer with yes or no.,No,No,23.25,23.75,True
/app/DATA/NVILA-Lite-2B-DATA_SCALE_EXP_400K-20251108_180221,obj1_closer,output/phasevar_5/0003_phA08_phB06.png,Is the black sphere closer to the camera than the blue sphere? Answer with yes or no.,No,No,23.578125,24.0625,True
/app/DATA/NVILA-Lite-2B-DATA_SCALE_EXP_400K-20251108_180221,obj1_closer,output/phasevar_5/0003_phA08_phB07.png,Is the black sphere closer to the camera than the blue sphere? Answer with yes or no.,No,No,23.5625,24.015625,True
/app/DATA/NVILA-Lite-2B-DATA_SCALE_EXP_400K-20251108_180221,obj1_closer,output/phasevar_5/0003_phA08_phB08.png,Is the black sphere closer to the camera than the blue sphere? Answer with yes or no.,No,No,23.109375,23.859375,True
/app/DATA/NVILA-Lite-2B-DATA_SCALE_EXP_400K-20251108_180221,obj1_closer,output/phasevar_5/0003_phA08_phB09.png,Is the black sphere closer to the camera than the blue sphere? Answer with yes or no.,No,No,23.171875,23.875,True
/app/DATA/NVILA-Lite-2B-DATA_SCALE_EXP_400K-20251108_180221,obj1_closer,output/phasevar_5/0003_phA08_phB10.png,Is the black sphere closer to the camera than the blue sphere? Answer with yes or no.,No,No,23.328125,24.140625,True
/app/DATA/NVILA-Lite-2B-DATA_SCALE_EXP_400K-20251108_180221,obj1_closer,output/phasevar_5/0003_phA08_phB11.png,Is the black sphere closer to the camera than the blue sphere? Answer with yes or no.,No,No,22.6875,23.953125,True
/app/DATA/NVILA-Lite-2B-DATA_SCALE_EXP_400K-20251108_180221,obj1_closer,output/phasevar_5/0003_phA08_phB12.png,Is the black sphere closer to the camera than the blue sphere? Answer with yes or no.,No,No,22.234375,23.65625,True
/app/DATA/NVILA-Lite-2B-DATA_SCALE_EXP_400K-20251108_180221,obj1_closer,output/phasevar_5/0003_phA08_phB13.png,Is the black sphere closer to the camera than the blue sphere? Answer with yes or no.,No,No,22.703125,23.25,True
/app/DATA/NVILA-Lite-2B-DATA_SCALE_EXP_400K-20251108_180221,obj1_closer,output/phasevar_5/0003_phA08_phB14.png,Is the black sphere closer to the camera than the blue sphere? Answer with yes or no.,No,No,23.265625,24.171875,True
/app/DATA/NVILA-Lite-2B-DATA_SCALE_EXP_400K-20251108_180221,obj1_closer,output/phasevar_5/0003_phA08_phB15.png,Is the black sphere closer to the camera than the blue sphere? Answer with yes or no.,No,No,23.140625,24.109375,True
/app/DATA/NVILA-Lite-2B-DATA_SCALE_EXP_400K-20251108_180221,obj1_closer,output/phasevar_5/0003_phA09_phB00.png,Is the black sphere closer to the camera than the blue sphere? Answer with yes or no.,No,No,23.53125,24.265625,True
/app/DATA/NVILA-Lite-2B-DATA_SCALE_EXP_400K-20251108_180221,obj1_closer,output/phasevar_5/0003_phA09_phB01.png,Is the black sphere closer to the camera than the blue sphere? Answer with yes or no.,No,No,23.3125,24.140625,True
/app/DATA/NVILA-Lite-2B-DATA_SCALE_EXP_400K-20251108_180221,obj1_closer,output/phasevar_5/0003_phA09_phB02.png,Is the black sphere closer to the camera than the blue sphere? Answer with yes or no.,No,No,23.578125,24.171875,True
/app/DATA/NVILA-Lite-2B-DATA_SCALE_EXP_400K-20251108_180221,obj1_closer,output/phasevar_5/0003_phA09_phB03.png,Is the black sphere closer to the camera than the blue sphere? Answer with yes or no.,No,No,22.9375,23.5625,True
/app/DATA/NVILA-Lite-2B-DATA_SCALE_EXP_400K-20251108_180221,obj1_closer,output/phasevar_5/0003_phA09_phB04.png,Is the black sphere closer to the camera than the blue sphere? Answer with yes or no.,No,No,22.96875,23.625,True
/app/DATA/NVILA-Lite-2B-DATA_SCALE_EXP_400K-20251108_180221,obj1_closer,output/phasevar_5/0003_phA09_phB05.png,Is the black sphere closer to the camera than the blue sphere? Answer with yes or no.,No,No,23.3125,23.65625,True
/app/DATA/NVILA-Lite-2B-DATA_SCALE_EXP_400K-20251108_180221,obj1_closer,output/phasevar_5/0003_phA09_phB06.png,Is the black sphere closer to the camera than the blue sphere? Answer with yes or no.,No,No,23.640625,24.03125,True
/app/DATA/NVILA-Lite-2B-DATA_SCALE_EXP_400K-20251108_180221,obj1_closer,output/phasevar_5/0003_phA09_phB07.png,Is the black sphere closer to the camera than the blue sphere? Answer with yes or no.,No,No,23.59375,23.90625,True
/app/DATA/NVILA-Lite-2B-DATA_SCALE_EXP_400K-20251108_180221,obj1_closer,output/phasevar_5/0003_phA09_phB08.png,Is the black sphere closer to the camera than the blue sphere? Answer with yes or no.,No,No,23.265625,23.671875,True
/app/DATA/NVILA-Lite-2B-DATA_SCALE_EXP_400K-20251108_180221,obj1_closer,output/phasevar_5/0003_phA09_phB09.png,Is the black sphere closer to the camera than the blue sphere? Answer with yes or no.,No,No,23.15625,23.828125,True
/app/DATA/NVILA-Lite-2B-DATA_SCALE_EXP_400K-20251108_180221,obj1_closer,output/phasevar_5/0003_phA09_phB10.png,Is the black sphere closer to the camera than the blue sphere? Answer with yes or no.,No,No,23.328125,24.125,True
/app/DATA/NVILA-Lite-2B-DATA_SCALE_EXP_400K-20251108_180221,obj1_closer,output/phasevar_5/0003_phA09_phB11.png,Is the black sphere closer to the camera than the blue sphere? Answer with yes or no.,No,No,22.609375,23.921875,True
/app/DATA/NVILA-Lite-2B-DATA_SCALE_EXP_400K-20251108_180221,obj1_closer,output/phasevar_5/0003_phA09_phB12.png,Is the black sphere closer to the camera than the blue sphere? Answer with yes or no.,No,No,22.171875,23.734375,True
/app/DATA/NVILA-Lite-2B-DATA_SCALE_EXP_400K-20251108_180221,obj1_closer,output/phasevar_5/0003_phA09_phB13.png,Is the black sphere closer to the camera than the blue sphere? Answer with yes or no.,No,No,22.5625,23.390625,True
/app/DATA/NVILA-Lite-2B-DATA_SCALE_EXP_400K-20251108_180221,obj1_closer,output/phasevar_5/0003_phA09_phB14.png,Is the black sphere closer to the camera than the blue sphere? Answer with yes or no.,No,No,23.234375,24.328125,True
/app/DATA/NVILA-Lite-2B-DATA_SCALE_EXP_400K-20251108_180221,obj1_closer,output/phasevar_5/0003_phA09_phB15.png,Is the black sphere closer to the camera than the blue sphere? Answer with yes or no.,No,No,23.1875,24.171875,True
/app/DATA/NVILA-Lite-2B-DATA_SCALE_EXP_400K-20251108_180221,obj1_closer,output/phasevar_5/0003_phA10_phB00.png,Is the black sphere closer to the camera than the blue sphere? Answer with yes or no.,No,No,24.078125,24.421875,True
/app/DATA/NVILA-Lite-2B-DATA_SCALE_EXP_400K-20251108_180221,obj1_closer,output/phasevar_5/0003_phA10_phB01.png,Is the black sphere closer to the camera than the blue sphere? Answer with yes or no.,No,No,23.75,24.1875,True
/app/DATA/NVILA-Lite-2B-DATA_SCALE_EXP_400K-20251108_180221,obj1_closer,output/phasevar_5/0003_phA10_phB02.png,Is the black sphere closer to the camera than the blue sphere? Answer with yes or no.,No,No,23.9375,24.28125,True
/app/DATA/NVILA-Lite-2B-DATA_SCALE_EXP_400K-20251108_180221,obj1_closer,output/phasevar_5/0003_phA10_phB03.png,Is the black sphere closer to the camera than the blue sphere? Answer with yes or no.,No,No,23.25,23.53125,True
/app/DATA/NVILA-Lite-2B-DATA_SCALE_EXP_400K-20251108_180221,obj1_closer,output/phasevar_5/0003_phA10_phB04.png,Is the black sphere closer to the camera than the blue sphere? Answer with yes or no.,No,No,23.1875,23.421875,True
/app/DATA/NVILA-Lite-2B-DATA_SCALE_EXP_400K-20251108_180221,obj1_closer,output/phasevar_5/0003_phA10_phB05.png,Is the black sphere closer to the camera than the blue sphere? Answer with yes or no.,No,No,23.515625,23.609375,True
/app/DATA/NVILA-Lite-2B-DATA_SCALE_EXP_400K-20251108_180221,obj1_closer,output/phasevar_5/0003_phA10_phB06.png,Is the black sphere closer to the camera than the blue sphere? Answer with yes or no.,No,No,23.796875,23.984375,True
/app/DATA/NVILA-Lite-2B-DATA_SCALE_EXP_400K-20251108_180221,obj1_closer,output/phasevar_5/0003_phA10_phB07.png,Is the black sphere closer to the camera than the blue sphere? Answer with yes or no.,No,No,23.75,23.84375,True
/app/DATA/NVILA-Lite-2B-DATA_SCALE_EXP_400K-20251108_180221,obj1_closer,output/phasevar_5/0003_phA10_phB08.png,Is the black sphere closer to the camera than the blue sphere? Answer with yes or no.,No,No,23.578125,23.65625,True
/app/DATA/NVILA-Lite-2B-DATA_SCALE_EXP_400K-20251108_180221,obj1_closer,output/phasevar_5/0003_phA10_phB09.png,Is the black sphere closer to the camera than the blue sphere? Answer with yes or no.,No,No,23.265625,23.65625,True
/app/DATA/NVILA-Lite-2B-DATA_SCALE_EXP_400K-20251108_180221,obj1_closer,output/phasevar_5/0003_phA10_phB10.png,Is the black sphere closer to the camera than the blue sphere? Answer with yes or no.,No,No,23.25,24.34375,True
/app/DATA/NVILA-Lite-2B-DATA_SCALE_EXP_400K-20251108_180221,obj1_closer,output/phasevar_5/0003_phA10_phB11.png,Is the black sphere closer to the camera than the blue sphere? Answer with yes or no.,No,No,22.609375,24.109375,True
/app/DATA/NVILA-Lite-2B-DATA_SCALE_EXP_400K-20251108_180221,obj1_closer,output/phasevar_5/0003_phA10_phB12.png,Is the black sphere closer to the camera than the blue sphere? Answer with yes or no.,No,No,22.1875,23.65625,True
/app/DATA/NVILA-Lite-2B-DATA_SCALE_EXP_400K-20251108_180221,obj1_closer,output/phasevar_5/0003_phA10_phB13.png,Is the black sphere closer to the camera than the blue sphere? Answer with yes or no.,No,No,22.671875,23.328125,True
/app/DATA/NVILA-Lite-2B-DATA_SCALE_EXP_400K-20251108_180221,obj1_closer,output/phasevar_5/0003_phA10_phB14.png,Is the black sphere closer to the camera than the blue sphere? Answer with yes or no.,No,No,23.328125,24.390625,True
/app/DATA/NVILA-Lite-2B-DATA_SCALE_EXP_400K-20251108_180221,obj1_closer,output/phasevar_5/0003_phA10_phB15.png,Is the black sphere closer to the camera than the blue sphere? Answer with yes or no.,No,No,23.484375,24.171875,True
/app/DATA/NVILA-Lite-2B-DATA_SCALE_EXP_400K-20251108_180221,obj1_closer,output/phasevar_5/0003_phA11_phB00.png,Is the black sphere closer to the camera than the blue sphere? Answer with yes or no.,No,No,24.203125,24.765625,True
/app/DATA/NVILA-Lite-2B-DATA_SCALE_EXP_400K-20251108_180221,obj1_closer,output/phasevar_5/0003_phA11_phB01.png,Is the black sphere closer to the camera than the blue sphere? Answer with yes or no.,No,No,24.09375,24.546875,True
/app/DATA/NVILA-Lite-2B-DATA_SCALE_EXP_400K-20251108_180221,obj1_closer,output/phasevar_5/0003_phA11_phB02.png,Is the black sphere closer to the camera than the blue sphere? Answer with yes or no.,No,No,24.203125,24.71875,True
/app/DATA/NVILA-Lite-2B-DATA_SCALE_EXP_400K-20251108_180221,obj1_closer,output/phasevar_5/0003_phA11_phB03.png,Is the black sphere closer to the camera than the blue sphere? Answer with yes or no.,No,No,23.59375,23.84375,True
/app/DATA/NVILA-Lite-2B-DATA_SCALE_EXP_400K-20251108_180221,obj1_closer,output/phasevar_5/0003_phA11_phB04.png,Is the black sphere closer to the camera than the blue sphere? Answer with yes or no.,No,No,23.46875,23.484375,True
/app/DATA/NVILA-Lite-2B-DATA_SCALE_EXP_400K-20251108_180221,obj1_closer,output/phasevar_5/0003_phA11_phB05.png,Is the black sphere closer to the camera than the blue sphere? Answer with yes or no.,No,No,23.546875,23.875,True
/app/DATA/NVILA-Lite-2B-DATA_SCALE_EXP_400K-20251108_180221,obj1_closer,output/phasevar_5/0003_phA11_phB06.png,Is the black sphere closer to the camera than the blue sphere? Answer with yes or no.,No,No,23.71875,24.25,True
/app/DATA/NVILA-Lite-2B-DATA_SCALE_EXP_400K-20251108_180221,obj1_closer,output/phasevar_5/0003_phA11_phB07.png,Is the black sphere closer to the camera than the blue sphere? Answer with yes or no.,No,No,23.765625,24.203125,True
/app/DATA/NVILA-Lite-2B-DATA_SCALE_EXP_400K-20251108_180221,obj1_closer,output/phasevar_5/0003_phA11_phB08.png,Is the black sphere closer to the camera than the blue sphere? Answer with yes or no.,No,No,23.671875,23.953125,True
/app/DATA/NVILA-Lite-2B-DATA_SCALE_EXP_400K-20251108_180221,obj1_closer,output/phasevar_5/0003_phA11_phB09.png,Is the black sphere closer to the camera than the blue sphere? Answer with yes or no.,No,No,23.3125,23.796875,True
/app/DATA/NVILA-Lite-2B-DATA_SCALE_EXP_400K-20251108_180221,obj1_closer,output/phasevar_5/0003_phA11_phB10.png,Is the black sphere closer to the camera than the blue sphere? Answer with yes or no.,No,No,22.984375,24.59375,True
/app/DATA/NVILA-Lite-2B-DATA_SCALE_EXP_400K-20251108_180221,obj1_closer,output/phasevar_5/0003_phA11_phB11.png,Is the black sphere closer to the camera than the blue sphere? Answer with yes or no.,No,No,22.453125,24.484375,True
/app/DATA/NVILA-Lite-2B-DATA_SCALE_EXP_400K-20251108_180221,obj1_closer,output/phasevar_5/0003_phA11_phB12.png,Is the black sphere closer to the camera than the blue sphere? Answer with yes or no.,No,No,22.015625,24.203125,True
/app/DATA/NVILA-Lite-2B-DATA_SCALE_EXP_400K-20251108_180221,obj1_closer,output/phasevar_5/0003_phA11_phB13.png,Is the black sphere closer to the camera than the blue sphere? Answer with yes or no.,No,No,22.640625,23.765625,True
/app/DATA/NVILA-Lite-2B-DATA_SCALE_EXP_400K-20251108_180221,obj1_closer,output/phasevar_5/0003_phA11_phB14.png,Is the black sphere closer to the camera than the blue sphere? Answer with yes or no.,No,No,23.34375,24.78125,True
/app/DATA/NVILA-Lite-2B-DATA_SCALE_EXP_400K-20251108_180221,obj1_closer,output/phasevar_5/0003_phA11_phB15.png,Is the black sphere closer to the camera than the blue sphere? Answer with yes or no.,No,No,23.53125,24.390625,True
/app/DATA/NVILA-Lite-2B-DATA_SCALE_EXP_400K-20251108_180221,obj1_closer,output/phasevar_5/0003_phA12_phB00.png,Is the black sphere closer to the camera than the blue sphere? Answer with yes or no.,No,No,24.1875,24.609375,True
/app/DATA/NVILA-Lite-2B-DATA_SCALE_EXP_400K-20251108_180221,obj1_closer,output/phasevar_5/0003_phA12_phB01.png,Is the black sphere closer to the camera than the blue sphere? Answer with yes or no.,No,No,24.21875,24.484375,True
/app/DATA/NVILA-Lite-2B-DATA_SCALE_EXP_400K-20251108_180221,obj1_closer,output/phasevar_5/0003_phA12_phB02.png,Is the black sphere closer to the camera than the blue sphere? Answer with yes or no.,No,No,24.1875,24.59375,True
/app/DATA/NVILA-Lite-2B-DATA_SCALE_EXP_400K-20251108_180221,obj1_closer,output/phasevar_5/0003_phA12_phB03.png,Is the black sphere closer to the camera than the blue sphere? Answer with yes or no.,No,No,23.625,23.703125,True
/app/DATA/NVILA-Lite-2B-DATA_SCALE_EXP_400K-20251108_180221,obj1_closer,output/phasevar_5/0003_phA12_phB04.png,Is the black sphere closer to the camera than the blue sphere? Answer with yes or no.,No,Yes,23.640625,23.359375,False
/app/DATA/NVILA-Lite-2B-DATA_SCALE_EXP_400K-20251108_180221,obj1_closer,output/phasevar_5/0003_phA12_phB05.png,Is the black sphere closer to the camera than the blue sphere? Answer with yes or no.,No,No,23.703125,23.8125,True
/app/DATA/NVILA-Lite-2B-DATA_SCALE_EXP_400K-20251108_180221,obj1_closer,output/phasevar_5/0003_phA12_phB06.png,Is the black sphere closer to the camera than the blue sphere? Answer with yes or no.,No,No,23.875,24.15625,True
/app/DATA/NVILA-Lite-2B-DATA_SCALE_EXP_400K-20251108_180221,obj1_closer,output/phasevar_5/0003_phA12_phB07.png,Is the black sphere closer to the camera than the blue sphere? Answer with yes or no.,No,No,23.984375,24.15625,True
/app/DATA/NVILA-Lite-2B-DATA_SCALE_EXP_400K-20251108_180221,obj1_closer,output/phasevar_5/0003_phA12_phB08.png,Is the black sphere closer to the camera than the blue sphere? Answer with yes or no.,No,No,23.859375,23.875,True
/app/DATA/NVILA-Lite-2B-DATA_SCALE_EXP_400K-20251108_180221,obj1_closer,output/phasevar_5/0003_phA12_phB09.png,Is the black sphere closer to the camera than the blue sphere? Answer with yes or no.,No,No,23.421875,23.78125,True
/app/DATA/NVILA-Lite-2B-DATA_SCALE_EXP_400K-20251108_180221,obj1_closer,output/phasevar_5/0003_phA12_phB10.png,Is the black sphere closer to the camera than the blue sphere? Answer with yes or no.,No,No,23.0,24.375,True
/app/DATA/NVILA-Lite-2B-DATA_SCALE_EXP_400K-20251108_180221,obj1_closer,output/phasevar_5/0003_phA12_phB11.png,Is the black sphere closer to the camera than the blue sphere? Answer with yes or no.,No,No,22.421875,24.34375,True
/app/DATA/NVILA-Lite-2B-DATA_SCALE_EXP_400K-20251108_180221,obj1_closer,output/phasevar_5/0003_phA12_phB12.png,Is the black sphere closer to the camera than the blue sphere? Answer with yes or no.,No,No,21.984375,24.421875,True
/app/DATA/NVILA-Lite-2B-DATA_SCALE_EXP_400K-20251108_180221,obj1_closer,output/phasevar_5/0003_phA12_phB13.png,Is the black sphere closer to the camera than the blue sphere? Answer with yes or no.,No,No,22.5,24.03125,True
/app/DATA/NVILA-Lite-2B-DATA_SCALE_EXP_400K-20251108_180221,obj1_closer,output/phasevar_5/0003_phA12_phB14.png,Is the black sphere closer to the camera than the blue sphere? Answer with yes or no.,No,No,23.28125,24.84375,True
/app/DATA/NVILA-Lite-2B-DATA_SCALE_EXP_400K-20251108_180221,obj1_closer,output/phasevar_5/0003_phA12_phB15.png,Is the black sphere closer to the camera than the blue sphere? Answer with yes or no.,No,No,23.546875,24.390625,True
/app/DATA/NVILA-Lite-2B-DATA_SCALE_EXP_400K-20251108_180221,obj1_closer,output/phasevar_5/0003_phA13_phB00.png,Is the black sphere closer to the camera than the blue sphere? Answer with yes or no.,No,No,24.03125,24.59375,True
/app/DATA/NVILA-Lite-2B-DATA_SCALE_EXP_400K-20251108_180221,obj1_closer,output/phasevar_5/0003_phA13_phB01.png,Is the black sphere closer to the camera than the blue sphere? Answer with yes or no.,No,No,24.03125,24.484375,True
/app/DATA/NVILA-Lite-2B-DATA_SCALE_EXP_400K-20251108_180221,obj1_closer,output/phasevar_5/0003_phA13_phB02.png,Is the black sphere closer to the camera than the blue sphere? Answer with yes or no.,No,No,23.96875,24.515625,True
/app/DATA/NVILA-Lite-2B-DATA_SCALE_EXP_400K-20251108_180221,obj1_closer,output/phasevar_5/0003_phA13_phB03.png,Is the black sphere closer to the camera than the blue sphere? Answer with yes or no.,No,No,23.53125,23.703125,True
/app/DATA/NVILA-Lite-2B-DATA_SCALE_EXP_400K-20251108_180221,obj1_closer,output/phasevar_5/0003_phA13_phB04.png,Is the black sphere closer to the camera than the blue sphere? Answer with yes or no.,No,Yes,23.71875,23.453125,False
/app/DATA/NVILA-Lite-2B-DATA_SCALE_EXP_400K-20251108_180221,obj1_closer,output/phasevar_5/0003_phA13_phB05.png,Is the black sphere closer to the camera than the blue sphere? Answer with yes or no.,No,No,23.71875,23.984375,True
/app/DATA/NVILA-Lite-2B-DATA_SCALE_EXP_400K-20251108_180221,obj1_closer,output/phasevar_5/0003_phA13_phB06.png,Is the black sphere closer to the camera than the blue sphere? Answer with yes or no.,No,No,23.828125,24.203125,True
/app/DATA/NVILA-Lite-2B-DATA_SCALE_EXP_400K-20251108_180221,obj1_closer,output/phasevar_5/0003_phA13_phB07.png,Is the black sphere closer to the camera than the blue sphere? Answer with yes or no.,No,No,23.875,24.265625,True
/app/DATA/NVILA-Lite-2B-DATA_SCALE_EXP_400K-20251108_180221,obj1_closer,output/phasevar_5/0003_phA13_phB08.png,Is the black sphere closer to the camera than the blue sphere? Answer with yes or no.,No,No,23.71875,24.015625,True
/app/DATA/NVILA-Lite-2B-DATA_SCALE_EXP_400K-20251108_180221,obj1_closer,output/phasevar_5/0003_phA13_phB09.png,Is the black sphere closer to the camera than the blue sphere? Answer with yes or no.,No,No,23.3125,23.875,True
/app/DATA/NVILA-Lite-2B-DATA_SCALE_EXP_400K-20251108_180221,obj1_closer,output/phasevar_5/0003_phA13_phB10.png,Is the black sphere closer to the camera than the blue sphere? Answer with yes or no.,No,No,22.890625,24.578125,True
/app/DATA/NVILA-Lite-2B-DATA_SCALE_EXP_400K-20251108_180221,obj1_closer,output/phasevar_5/0003_phA13_phB11.png,Is the black sphere closer to the camera than the blue sphere? Answer with yes or no.,No,No,22.484375,24.5625,True
/app/DATA/NVILA-Lite-2B-DATA_SCALE_EXP_400K-20251108_180221,obj1_closer,output/phasevar_5/0003_phA13_phB12.png,Is the black sphere closer to the camera than the blue sphere? Answer with yes or no.,No,No,22.0625,24.421875,True
/app/DATA/NVILA-Lite-2B-DATA_SCALE_EXP_400K-20251108_180221,obj1_closer,output/phasevar_5/0003_phA13_phB13.png,Is the black sphere closer to the camera than the blue sphere? Answer with yes or no.,No,No,22.5,24.0625,True
/app/DATA/NVILA-Lite-2B-DATA_SCALE_EXP_400K-20251108_180221,obj1_closer,output/phasevar_5/0003_phA13_phB14.png,Is the black sphere closer to the camera than the blue sphere? Answer with yes or no.,No,No,23.125,24.875,True
/app/DATA/NVILA-Lite-2B-DATA_SCALE_EXP_400K-20251108_180221,obj1_closer,output/phasevar_5/0003_phA13_phB15.png,Is the black sphere closer to the camera than the blue sphere? Answer with yes or no.,No,No,23.59375,24.5,True
/app/DATA/NVILA-Lite-2B-DATA_SCALE_EXP_400K-20251108_180221,obj1_closer,output/phasevar_5/0003_phA14_phB00.png,Is the black sphere closer to the camera than the blue sphere? Answer with yes or no.,No,No,23.75,24.359375,True
/app/DATA/NVILA-Lite-2B-DATA_SCALE_EXP_400K-20251108_180221,obj1_closer,output/phasevar_5/0003_phA14_phB01.png,Is the black sphere closer to the camera than the blue sphere? Answer with yes or no.,No,No,23.796875,24.34375,True
/app/DATA/NVILA-Lite-2B-DATA_SCALE_EXP_400K-20251108_180221,obj1_closer,output/phasevar_5/0003_phA14_phB02.png,Is the black sphere closer to the camera than the blue sphere? Answer with yes or no.,No,No,23.828125,24.4375,True
/app/DATA/NVILA-Lite-2B-DATA_SCALE_EXP_400K-20251108_180221,obj1_closer,output/phasevar_5/0003_phA14_phB03.png,Is the black sphere closer to the camera than the blue sphere? Answer with yes or no.,No,No,23.53125,23.6875,True
/app/DATA/NVILA-Lite-2B-DATA_SCALE_EXP_400K-20251108_180221,obj1_closer,output/phasevar_5/0003_phA14_phB04.png,Is the black sphere closer to the camera than the blue sphere? Answer with yes or no.,No,Yes,23.796875,23.5625,False
/app/DATA/NVILA-Lite-2B-DATA_SCALE_EXP_400K-20251108_180221,obj1_closer,output/phasevar_5/0003_phA14_phB05.png,Is the black sphere closer to the camera than the blue sphere? Answer with yes or no.,No,No,23.78125,24.0625,True
/app/DATA/NVILA-Lite-2B-DATA_SCALE_EXP_400K-20251108_180221,obj1_closer,output/phasevar_5/0003_phA14_phB06.png,Is the black sphere closer to the camera than the blue sphere? Answer with yes or no.,No,No,23.78125,24.265625,True
/app/DATA/NVILA-Lite-2B-DATA_SCALE_EXP_400K-20251108_180221,obj1_closer,output/phasevar_5/0003_phA14_phB07.png,Is the black sphere closer to the camera than the blue sphere? Answer with yes or no.,No,No,23.796875,24.34375,True
/app/DATA/NVILA-Lite-2B-DATA_SCALE_EXP_400K-20251108_180221,obj1_closer,output/phasevar_5/0003_phA14_phB08.png,Is the black sphere closer to the camera than the blue sphere? Answer with yes or no.,No,No,23.640625,24.125,True
/app/DATA/NVILA-Lite-2B-DATA_SCALE_EXP_400K-20251108_180221,obj1_closer,output/phasevar_5/0003_phA14_phB09.png,Is the black sphere closer to the camera than the blue sphere? Answer with yes or no.,No,No,23.234375,23.953125,True
/app/DATA/NVILA-Lite-2B-DATA_SCALE_EXP_400K-20251108_180221,obj1_closer,output/phasevar_5/0003_phA14_phB10.png,Is the black sphere closer to the camera than the blue sphere? Answer with yes or no.,No,No,22.90625,24.796875,True
/app/DATA/NVILA-Lite-2B-DATA_SCALE_EXP_400K-20251108_180221,obj1_closer,output/phasevar_5/0003_phA14_phB11.png,Is the black sphere closer to the camera than the blue sphere? Answer with yes or no.,No,No,22.59375,24.703125,True
/app/DATA/NVILA-Lite-2B-DATA_SCALE_EXP_400K-20251108_180221,obj1_closer,output/phasevar_5/0003_phA14_phB12.png,Is the black sphere closer to the camera than the blue sphere? Answer with yes or no.,No,No,22.203125,24.375,True
/app/DATA/NVILA-Lite-2B-DATA_SCALE_EXP_400K-20251108_180221,obj1_closer,output/phasevar_5/0003_phA14_phB13.png,Is the black sphere closer to the camera than the blue sphere? Answer with yes or no.,No,No,22.453125,24.078125,True
/app/DATA/NVILA-Lite-2B-DATA_SCALE_EXP_400K-20251108_180221,obj1_closer,output/phasevar_5/0003_phA14_phB14.png,Is the black sphere closer to the camera than the blue sphere? Answer with yes or no.,No,No,23.0,25.046875,True
/app/DATA/NVILA-Lite-2B-DATA_SCALE_EXP_400K-20251108_180221,obj1_closer,output/phasevar_5/0003_phA14_phB15.png,Is the black sphere closer to the camera than the blue sphere? Answer with yes or no.,No,No,23.359375,24.234375,True
/app/DATA/NVILA-Lite-2B-DATA_SCALE_EXP_400K-20251108_180221,obj1_closer,output/phasevar_5/0003_phA15_phB00.png,Is the black sphere closer to the camera than the blue sphere? Answer with yes or no.,No,No,23.609375,24.4375,True
/app/DATA/NVILA-Lite-2B-DATA_SCALE_EXP_400K-20251108_180221,obj1_closer,output/phasevar_5/0003_phA15_phB01.png,Is the black sphere closer to the camera than the blue sphere? Answer with yes or no.,No,No,23.59375,24.140625,True
/app/DATA/NVILA-Lite-2B-DATA_SCALE_EXP_400K-20251108_180221,obj1_closer,output/phasevar_5/0003_phA15_phB02.png,Is the black sphere closer to the camera than the blue sphere? Answer with yes or no.,No,No,23.734375,24.28125,True
/app/DATA/NVILA-Lite-2B-DATA_SCALE_EXP_400K-20251108_180221,obj1_closer,output/phasevar_5/0003_phA15_phB03.png,Is the black sphere closer to the camera than the blue sphere? Answer with yes or no.,No,No,23.265625,23.515625,True
/app/DATA/NVILA-Lite-2B-DATA_SCALE_EXP_400K-20251108_180221,obj1_closer,output/phasevar_5/0003_phA15_phB04.png,Is the black sphere closer to the camera than the blue sphere? Answer with yes or no.,No,No,23.46875,23.46875,True
/app/DATA/NVILA-Lite-2B-DATA_SCALE_EXP_400K-20251108_180221,obj1_closer,output/phasevar_5/0003_phA15_phB05.png,Is the black sphere closer to the camera than the blue sphere? Answer with yes or no.,No,No,23.625,23.96875,True
/app/DATA/NVILA-Lite-2B-DATA_SCALE_EXP_400K-20251108_180221,obj1_closer,output/phasevar_5/0003_phA15_phB06.png,Is the black sphere closer to the camera than the blue sphere? Answer with yes or no.,No,No,23.78125,24.21875,True
/app/DATA/NVILA-Lite-2B-DATA_SCALE_EXP_400K-20251108_180221,obj1_closer,output/phasevar_5/0003_phA15_phB07.png,Is the black sphere closer to the camera than the blue sphere? Answer with yes or no.,No,No,23.734375,24.1875,True
/app/DATA/NVILA-Lite-2B-DATA_SCALE_EXP_400K-20251108_180221,obj1_closer,output/phasevar_5/0003_phA15_phB08.png,Is the black sphere closer to the camera than the blue sphere? Answer with yes or no.,No,No,23.578125,24.03125,True
/app/DATA/NVILA-Lite-2B-DATA_SCALE_EXP_400K-20251108_180221,obj1_closer,output/phasevar_5/0003_phA15_phB09.png,Is the black sphere closer to the camera than the blue sphere? Answer with yes or no.,No,No,23.25,23.953125,True
/app/DATA/NVILA-Lite-2B-DATA_SCALE_EXP_400K-20251108_180221,obj1_closer,output/phasevar_5/0003_phA15_phB10.png,Is the black sphere closer to the camera than the blue sphere? Answer with yes or no.,No,No,23.09375,24.65625,True
/app/DATA/NVILA-Lite-2B-DATA_SCALE_EXP_400K-20251108_180221,obj1_closer,output/phasevar_5/0003_phA15_phB11.png,Is the black sphere closer to the camera than the blue sphere? Answer with yes or no.,No,No,22.796875,24.484375,True
/app/DATA/NVILA-Lite-2B-DATA_SCALE_EXP_400K-20251108_180221,obj1_closer,output/phasevar_5/0003_phA15_phB12.png,Is the black sphere closer to the camera than the blue sphere? Answer with yes or no.,No,No,22.328125,24.0,True
/app/DATA/NVILA-Lite-2B-DATA_SCALE_EXP_400K-20251108_180221,obj1_closer,output/phasevar_5/0003_phA15_phB13.png,Is the black sphere closer to the camera than the blue sphere? Answer with yes or no.,No,No,22.59375,23.625,True
/app/DATA/NVILA-Lite-2B-DATA_SCALE_EXP_400K-20251108_180221,obj1_closer,output/phasevar_5/0003_phA15_phB14.png,Is the black sphere closer to the camera than the blue sphere? Answer with yes or no.,No,No,23.125,24.8125,True
/app/DATA/NVILA-Lite-2B-DATA_SCALE_EXP_400K-20251108_180221,obj1_closer,output/phasevar_5/0003_phA15_phB15.png,Is the black sphere closer to the camera than the blue sphere? Answer with yes or no.,No,No,23.3125,24.421875,True
/app/DATA/NVILA-Lite-2B-DATA_SCALE_EXP_400K-20251108_180221,obj1_closer,output/phasevar_5/0004_phA00_phB00.png,Is the red cube closer to the camera than the magenta sphere? Answer with yes or no.,No,No,23.171875,24.46875,True
/app/DATA/NVILA-Lite-2B-DATA_SCALE_EXP_400K-20251108_180221,obj1_closer,output/phasevar_5/0004_phA00_phB01.png,Is the red cube closer to the camera than the magenta sphere? Answer with yes or no.,No,No,23.484375,23.90625,True
/app/DATA/NVILA-Lite-2B-DATA_SCALE_EXP_400K-20251108_180221,obj1_closer,output/phasevar_5/0004_phA00_phB02.png,Is the red cube closer to the camera than the magenta sphere? Answer with yes or no.,No,No,23.75,24.203125,True
/app/DATA/NVILA-Lite-2B-DATA_SCALE_EXP_400K-20251108_180221,obj1_closer,output/phasevar_5/0004_phA00_phB03.png,Is the red cube closer to the camera than the magenta sphere? Answer with yes or no.,No,No,23.1875,23.625,True
/app/DATA/NVILA-Lite-2B-DATA_SCALE_EXP_400K-20251108_180221,obj1_closer,output/phasevar_5/0004_phA00_phB04.png,Is the red cube closer to the camera than the magenta sphere? Answer with yes or no.,No,No,23.265625,23.671875,True
/app/DATA/NVILA-Lite-2B-DATA_SCALE_EXP_400K-20251108_180221,obj1_closer,output/phasevar_5/0004_phA00_phB05.png,Is the red cube closer to the camera than the magenta sphere? Answer with yes or no.,No,No,23.5,23.796875,True
/app/DATA/NVILA-Lite-2B-DATA_SCALE_EXP_400K-20251108_180221,obj1_closer,output/phasevar_5/0004_phA00_phB06.png,Is the red cube closer to the camera than the magenta sphere? Answer with yes or no.,No,No,23.46875,24.359375,True
/app/DATA/NVILA-Lite-2B-DATA_SCALE_EXP_400K-20251108_180221,obj1_closer,output/phasevar_5/0004_phA00_phB07.png,Is the red cube closer to the camera than the magenta sphere? Answer with yes or no.,No,No,23.46875,24.203125,True
/app/DATA/NVILA-Lite-2B-DATA_SCALE_EXP_400K-20251108_180221,obj1_closer,output/phasevar_5/0004_phA00_phB08.png,Is the red cube closer to the camera than the magenta sphere? Answer with yes or no.,No,No,23.34375,24.234375,True
/app/DATA/NVILA-Lite-2B-DATA_SCALE_EXP_400K-20251108_180221,obj1_closer,output/phasevar_5/0004_phA00_phB09.png,Is the red cube closer to the camera than the magenta sphere? Answer with yes or no.,No,No,22.9375,24.765625,True
/app/DATA/NVILA-Lite-2B-DATA_SCALE_EXP_400K-20251108_180221,obj1_closer,output/phasevar_5/0004_phA00_phB10.png,Is the red cube closer to the camera than the magenta sphere? Answer with yes or no.,No,No,22.859375,25.671875,True
/app/DATA/NVILA-Lite-2B-DATA_SCALE_EXP_400K-20251108_180221,obj1_closer,output/phasevar_5/0004_phA00_phB11.png,Is the red cube closer to the camera than the magenta sphere? Answer with yes or no.,No,No,22.703125,25.609375,True
/app/DATA/NVILA-Lite-2B-DATA_SCALE_EXP_400K-20251108_180221,obj1_closer,output/phasevar_5/0004_phA00_phB12.png,Is the red cube closer to the camera than the magenta sphere? Answer with yes or no.,No,No,22.53125,25.875,True
/app/DATA/NVILA-Lite-2B-DATA_SCALE_EXP_400K-20251108_180221,obj1_closer,output/phasevar_5/0004_phA00_phB13.png,Is the red cube closer to the camera than the magenta sphere? Answer with yes or no.,No,No,22.296875,25.515625,True
/app/DATA/NVILA-Lite-2B-DATA_SCALE_EXP_400K-20251108_180221,obj1_closer,output/phasevar_5/0004_phA00_phB14.png,Is the red cube closer to the camera than the magenta sphere? Answer with yes or no.,No,No,22.65625,25.84375,True
/app/DATA/NVILA-Lite-2B-DATA_SCALE_EXP_400K-20251108_180221,obj1_closer,output/phasevar_5/0004_phA00_phB15.png,Is the red cube closer to the camera than the magenta sphere? Answer with yes or no.,No,No,22.9375,25.140625,True
/app/DATA/NVILA-Lite-2B-DATA_SCALE_EXP_400K-20251108_180221,obj1_closer,output/phasevar_5/0004_phA01_phB00.png,Is the red cube closer to the camera than the magenta sphere? Answer with yes or no.,No,No,23.015625,24.671875,True
/app/DATA/NVILA-Lite-2B-DATA_SCALE_EXP_400K-20251108_180221,obj1_closer,output/phasevar_5/0004_phA01_phB01.png,Is the red cube closer to the camera than the magenta sphere? Answer with yes or no.,No,No,23.140625,23.84375,True
/app/DATA/NVILA-Lite-2B-DATA_SCALE_EXP_400K-20251108_180221,obj1_closer,output/phasevar_5/0004_phA01_phB02.png,Is the red cube closer to the camera than the magenta sphere? Answer with yes or no.,No,No,23.46875,24.046875,True
/app/DATA/NVILA-Lite-2B-DATA_SCALE_EXP_400K-20251108_180221,obj1_closer,output/phasevar_5/0004_phA01_phB03.png,Is the red cube closer to the camera than the magenta sphere? Answer with yes or no.,No,No,22.859375,23.5,True
/app/DATA/NVILA-Lite-2B-DATA_SCALE_EXP_400K-20251108_180221,obj1_closer,output/phasevar_5/0004_phA01_phB04.png,Is the red cube closer to the camera than the magenta sphere? Answer with yes or no.,No,No,23.015625,23.640625,True
/app/DATA/NVILA-Lite-2B-DATA_SCALE_EXP_400K-20251108_180221,obj1_closer,output/phasevar_5/0004_phA01_phB05.png,Is the red cube closer to the camera than the magenta sphere? Answer with yes or no.,No,No,23.21875,23.75,True
/app/DATA/NVILA-Lite-2B-DATA_SCALE_EXP_400K-20251108_180221,obj1_closer,output/phasevar_5/0004_phA01_phB06.png,Is the red cube closer to the camera than the magenta sphere? Answer with yes or no.,No,No,23.265625,24.34375,True
/app/DATA/NVILA-Lite-2B-DATA_SCALE_EXP_400K-20251108_180221,obj1_closer,output/phasevar_5/0004_phA01_phB07.png,Is the red cube closer to the camera than the magenta sphere? Answer with yes or no.,No,No,23.203125,24.21875,True
/app/DATA/NVILA-Lite-2B-DATA_SCALE_EXP_400K-20251108_180221,obj1_closer,output/phasevar_5/0004_phA01_phB08.png,Is the red cube closer to the camera than the magenta sphere? Answer with yes or no.,No,No,23.09375,24.34375,True
/app/DATA/NVILA-Lite-2B-DATA_SCALE_EXP_400K-20251108_180221,obj1_closer,output/phasevar_5/0004_phA01_phB09.png,Is the red cube closer to the camera than the magenta sphere? Answer with yes or no.,No,No,22.859375,24.875,True
/app/DATA/NVILA-Lite-2B-DATA_SCALE_EXP_400K-20251108_180221,obj1_closer,output/phasevar_5/0004_phA01_phB10.png,Is the red cube closer to the camera than the magenta sphere? Answer with yes or no.,No,No,22.78125,25.765625,True
/app/DATA/NVILA-Lite-2B-DATA_SCALE_EXP_400K-20251108_180221,obj1_closer,output/phasevar_5/0004_phA01_phB11.png,Is the red cube closer to the camera than the magenta sphere? Answer with yes or no.,No,No,22.703125,25.6875,True
/app/DATA/NVILA-Lite-2B-DATA_SCALE_EXP_400K-20251108_180221,obj1_closer,output/phasevar_5/0004_phA01_phB12.png,Is the red cube closer to the camera than the magenta sphere? Answer with yes or no.,No,No,22.5625,25.890625,True
/app/DATA/NVILA-Lite-2B-DATA_SCALE_EXP_400K-20251108_180221,obj1_closer,output/phasevar_5/0004_phA01_phB13.png,Is the red cube closer to the camera than the magenta sphere? Answer with yes or no.,No,No,22.359375,25.578125,True
/app/DATA/NVILA-Lite-2B-DATA_SCALE_EXP_400K-20251108_180221,obj1_closer,output/phasevar_5/0004_phA01_phB14.png,Is the red cube closer to the camera than the magenta sphere? Answer with yes or no.,No,No,22.6875,25.765625,True
/app/DATA/NVILA-Lite-2B-DATA_SCALE_EXP_400K-20251108_180221,obj1_closer,output/phasevar_5/0004_phA01_phB15.png,Is the red cube closer to the camera than the magenta sphere? Answer with yes or no.,No,No,22.828125,25.0625,True
/app/DATA/NVILA-Lite-2B-DATA_SCALE_EXP_400K-20251108_180221,obj1_closer,output/phasevar_5/0004_phA02_phB00.png,Is the red cube closer to the camera than the magenta sphere? Answer with yes or no.,No,No,22.84375,24.65625,True
/app/DATA/NVILA-Lite-2B-DATA_SCALE_EXP_400K-20251108_180221,obj1_closer,output/phasevar_5/0004_phA02_phB01.png,Is the red cube closer to the camera than the magenta sphere? Answer with yes or no.,No,No,22.78125,24.125,True
/app/DATA/NVILA-Lite-2B-DATA_SCALE_EXP_400K-20251108_180221,obj1_closer,output/phasevar_5/0004_phA02_phB02.png,Is the red cube closer to the camera than the magenta sphere? Answer with yes or no.,No,No,23.234375,24.140625,True
/app/DATA/NVILA-Lite-2B-DATA_SCALE_EXP_400K-20251108_180221,obj1_closer,output/phasevar_5/0004_phA02_phB03.png,Is the red cube closer to the camera than the magenta sphere? Answer with yes or no.,No,No,22.671875,23.703125,True
/app/DATA/NVILA-Lite-2B-DATA_SCALE_EXP_400K-20251108_180221,obj1_closer,output/phasevar_5/0004_phA02_phB04.png,Is the red cube closer to the camera than the magenta sphere? Answer with yes or no.,No,No,22.90625,23.84375,True
/app/DATA/NVILA-Lite-2B-DATA_SCALE_EXP_400K-20251108_180221,obj1_closer,output/phasevar_5/0004_phA02_phB05.png,Is the red cube closer to the camera than the magenta sphere? Answer with yes or no.,No,No,23.09375,23.96875,True
/app/DATA/NVILA-Lite-2B-DATA_SCALE_EXP_400K-20251108_180221,obj1_closer,output/phasevar_5/0004_phA02_phB06.png,Is the red cube closer to the camera than the magenta sphere? Answer with yes or no.,No,No,23.140625,24.484375,True
/app/DATA/NVILA-Lite-2B-DATA_SCALE_EXP_400K-20251108_180221,obj1_closer,output/phasevar_5/0004_phA02_phB07.png,Is the red cube closer to the camera than the magenta sphere? Answer with yes or no.,No,No,23.0,24.40625,True
/app/DATA/NVILA-Lite-2B-DATA_SCALE_EXP_400K-20251108_180221,obj1_closer,output/phasevar_5/0004_phA02_phB08.png,Is the red cube closer to the camera than the magenta sphere? Answer with yes or no.,No,No,22.90625,24.484375,True
/app/DATA/NVILA-Lite-2B-DATA_SCALE_EXP_400K-20251108_180221,obj1_closer,output/phasevar_5/0004_phA02_phB09.png,Is the red cube closer to the camera than the magenta sphere? Answer with yes or no.,No,No,22.75,25.015625,True
/app/DATA/NVILA-Lite-2B-DATA_SCALE_EXP_400K-20251108_180221,obj1_closer,output/phasevar_5/0004_phA02_phB10.png,Is the red cube closer to the camera than the magenta sphere? Answer with yes or no.,No,No,22.71875,25.875,True
/app/DATA/NVILA-Lite-2B-DATA_SCALE_EXP_400K-20251108_180221,obj1_closer,output/phasevar_5/0004_phA02_phB11.png,Is the red cube closer to the camera than the magenta sphere? Answer with yes or no.,No,No,22.640625,25.796875,True
/app/DATA/NVILA-Lite-2B-DATA_SCALE_EXP_400K-20251108_180221,obj1_closer,output/phasevar_5/0004_phA02_phB12.png,Is the red cube closer to the camera than the magenta sphere? Answer with yes or no.,No,No,22.609375,26.046875,True
/app/DATA/NVILA-Lite-2B-DATA_SCALE_EXP_400K-20251108_180221,obj1_closer,output/phasevar_5/0004_phA02_phB13.png,Is the red cube closer to the camera than the magenta sphere? Answer with yes or no.,No,No,22.421875,25.6875,True
/app/DATA/NVILA-Lite-2B-DATA_SCALE_EXP_400K-20251108_180221,obj1_closer,output/phasevar_5/0004_phA02_phB14.png,Is the red cube closer to the camera than the magenta sphere? Answer with yes or no.,No,No,22.640625,25.71875,True
/app/DATA/NVILA-Lite-2B-DATA_SCALE_EXP_400K-20251108_180221,obj1_closer,output/phasevar_5/0004_phA02_phB15.png,Is the red cube closer to the camera than the magenta sphere? Answer with yes or no.,No,No,22.6875,24.90625,True
/app/DATA/NVILA-Lite-2B-DATA_SCALE_EXP_400K-20251108_180221,obj1_closer,output/phasevar_5/0004_phA03_phB00.png,Is the red cube closer to the camera than the magenta sphere? Answer with yes or no.,No,No,22.96875,24.609375,True
/app/DATA/NVILA-Lite-2B-DATA_SCALE_EXP_400K-20251108_180221,obj1_closer,output/phasevar_5/0004_phA03_phB01.png,Is the red cube closer to the camera than the magenta sphere? Answer with yes or no.,No,No,22.953125,24.15625,True
/app/DATA/NVILA-Lite-2B-DATA_SCALE_EXP_400K-20251108_180221,obj1_closer,output/phasevar_5/0004_phA03_phB02.png,Is the red cube closer to the camera than the magenta sphere? Answer with yes or no.,No,No,23.265625,24.203125,True
/app/DATA/NVILA-Lite-2B-DATA_SCALE_EXP_400K-20251108_180221,obj1_closer,output/phasevar_5/0004_phA03_phB03.png,Is the red cube closer to the camera than the magenta sphere? Answer with yes or no.,No,No,22.53125,23.671875,True
/app/DATA/NVILA-Lite-2B-DATA_SCALE_EXP_400K-20251108_180221,obj1_closer,output/phasevar_5/0004_phA03_phB04.png,Is the red cube closer to the camera than the magenta sphere? Answer with yes or no.,No,No,22.75,23.65625,True
/app/DATA/NVILA-Lite-2B-DATA_SCALE_EXP_400K-20251108_180221,obj1_closer,output/phasevar_5/0004_phA03_phB05.png,Is the red cube closer to the camera than the magenta sphere? Answer with yes or no.,No,No,22.96875,23.8125,True
/app/DATA/NVILA-Lite-2B-DATA_SCALE_EXP_400K-20251108_180221,obj1_closer,output/phasevar_5/0004_phA03_phB06.png,Is the red cube closer to the camera than the magenta sphere? Answer with yes or no.,No,No,23.0,24.328125,True
/app/DATA/NVILA-Lite-2B-DATA_SCALE_EXP_400K-20251108_180221,obj1_closer,output/phasevar_5/0004_phA03_phB07.png,Is the red cube closer to the camera than the magenta sphere? Answer with yes or no.,No,No,22.921875,24.21875,True
/app/DATA/NVILA-Lite-2B-DATA_SCALE_EXP_400K-20251108_180221,obj1_closer,output/phasevar_5/0004_phA03_phB08.png,Is the red cube closer to the camera than the magenta sphere? Answer with yes or no.,No,No,22.90625,24.390625,True
/app/DATA/NVILA-Lite-2B-DATA_SCALE_EXP_400K-20251108_180221,obj1_closer,output/phasevar_5/0004_phA03_phB09.png,Is the red cube closer to the camera than the magenta sphere? Answer with yes or no.,No,No,22.75,24.96875,True
/app/DATA/NVILA-Lite-2B-DATA_SCALE_EXP_400K-20251108_180221,obj1_closer,output/phasevar_5/0004_phA03_phB10.png,Is the red cube closer to the camera than the magenta sphere? Answer with yes or no.,No,No,22.75,25.859375,True
/app/DATA/NVILA-Lite-2B-DATA_SCALE_EXP_400K-20251108_180221,obj1_closer,output/phasevar_5/0004_phA03_phB11.png,Is the red cube closer to the camera than the magenta sphere? Answer with yes or no.,No,No,22.6875,25.84375,True
/app/DATA/NVILA-Lite-2B-DATA_SCALE_EXP_400K-20251108_180221,obj1_closer,output/phasevar_5/0004_phA03_phB12.png,Is the red cube closer to the camera than the magenta sphere? Answer with yes or no.,No,No,22.625,26.0625,True
/app/DATA/NVILA-Lite-2B-DATA_SCALE_EXP_400K-20251108_180221,obj1_closer,output/phasevar_5/0004_phA03_phB13.png,Is the red cube closer to the camera than the magenta sphere? Answer with yes or no.,No,No,22.46875,25.78125,True
/app/DATA/NVILA-Lite-2B-DATA_SCALE_EXP_400K-20251108_180221,obj1_closer,output/phasevar_5/0004_phA03_phB14.png,Is the red cube closer to the camera than the magenta sphere? Answer with yes or no.,No,No,22.75,25.625,True
/app/DATA/NVILA-Lite-2B-DATA_SCALE_EXP_400K-20251108_180221,obj1_closer,output/phasevar_5/0004_phA03_phB15.png,Is the red cube closer to the camera than the magenta sphere? Answer with yes or no.,No,No,22.8125,24.859375,True
/app/DATA/NVILA-Lite-2B-DATA_SCALE_EXP_400K-20251108_180221,obj1_closer,output/phasevar_5/0004_phA04_phB00.png,Is the red cube closer to the camera than the magenta sphere? Answer with yes or no.,No,No,23.046875,24.78125,True
/app/DATA/NVILA-Lite-2B-DATA_SCALE_EXP_400K-20251108_180221,obj1_closer,output/phasevar_5/0004_phA04_phB01.png,Is the red cube closer to the camera than the magenta sphere? Answer with yes or no.,No,No,23.046875,24.4375,True
/app/DATA/NVILA-Lite-2B-DATA_SCALE_EXP_400K-20251108_180221,obj1_closer,output/phasevar_5/0004_phA04_phB02.png,Is the red cube closer to the camera than the magenta sphere? Answer with yes or no.,No,No,23.3125,24.375,True
/app/DATA/NVILA-Lite-2B-DATA_SCALE_EXP_400K-20251108_180221,obj1_closer,output/phasevar_5/0004_phA04_phB03.png,Is the red cube closer to the camera than the magenta sphere? Answer with yes or no.,No,No,22.640625,24.171875,True
/app/DATA/NVILA-Lite-2B-DATA_SCALE_EXP_400K-20251108_180221,obj1_closer,output/phasevar_5/0004_phA04_phB04.png,Is the red cube closer to the camera than the magenta sphere? Answer with yes or no.,No,No,22.6875,23.828125,True
/app/DATA/NVILA-Lite-2B-DATA_SCALE_EXP_400K-20251108_180221,obj1_closer,output/phasevar_5/0004_phA04_phB05.png,Is the red cube closer to the camera than the magenta sphere? Answer with yes or no.,No,No,22.9375,23.984375,True
/app/DATA/NVILA-Lite-2B-DATA_SCALE_EXP_400K-20251108_180221,obj1_closer,output/phasevar_5/0004_phA04_phB06.png,Is the red cube closer to the camera than the magenta sphere? Answer with yes or no.,No,No,22.953125,24.515625,True
/app/DATA/NVILA-Lite-2B-DATA_SCALE_EXP_400K-20251108_180221,obj1_closer,output/phasevar_5/0004_phA04_phB07.png,Is the red cube closer to the camera than the magenta sphere? Answer with yes or no.,No,No,22.90625,24.421875,True
/app/DATA/NVILA-Lite-2B-DATA_SCALE_EXP_400K-20251108_180221,obj1_closer,output/phasevar_5/0004_phA04_phB08.png,Is the red cube closer to the camera than the magenta sphere? Answer with yes or no.,No,No,22.90625,24.578125,True
/app/DATA/NVILA-Lite-2B-DATA_SCALE_EXP_400K-20251108_180221,obj1_closer,output/phasevar_5/0004_phA04_phB09.png,Is the red cube closer to the camera than the magenta sphere? Answer with yes or no.,No,No,22.6875,25.15625,True
/app/DATA/NVILA-Lite-2B-DATA_SCALE_EXP_400K-20251108_180221,obj1_closer,output/phasevar_5/0004_phA04_phB10.png,Is the red cube closer to the camera than the magenta sphere? Answer with yes or no.,No,No,22.734375,25.96875,True
/app/DATA/NVILA-Lite-2B-DATA_SCALE_EXP_400K-20251108_180221,obj1_closer,output/phasevar_5/0004_phA04_phB11.png,Is the red cube closer to the camera than the magenta sphere? Answer with yes or no.,No,No,22.546875,25.984375,True
/app/DATA/NVILA-Lite-2B-DATA_SCALE_EXP_400K-20251108_180221,obj1_closer,output/phasevar_5/0004_phA04_phB12.png,Is the red cube closer to the camera than the magenta sphere? Answer with yes or no.,No,No,22.390625,26.15625,True
/app/DATA/NVILA-Lite-2B-DATA_SCALE_EXP_400K-20251108_180221,obj1_closer,output/phasevar_5/0004_phA04_phB13.png,Is the red cube closer to the camera than the magenta sphere? Answer with yes or no.,No,No,22.4375,25.953125,True
/app/DATA/NVILA-Lite-2B-DATA_SCALE_EXP_400K-20251108_180221,obj1_closer,output/phasevar_5/0004_phA04_phB14.png,Is the red cube closer to the camera than the magenta sphere? Answer with yes or no.,No,No,22.890625,25.828125,True
/app/DATA/NVILA-Lite-2B-DATA_SCALE_EXP_400K-20251108_180221,obj1_closer,output/phasevar_5/0004_phA04_phB15.png,Is the red cube closer to the camera than the magenta sphere? Answer with yes or no.,No,No,22.984375,25.078125,True
/app/DATA/NVILA-Lite-2B-DATA_SCALE_EXP_400K-20251108_180221,obj1_closer,output/phasevar_5/0004_phA05_phB00.png,Is the red cube closer to the camera than the magenta sphere? Answer with yes or no.,No,No,23.171875,24.96875,True
/app/DATA/NVILA-Lite-2B-DATA_SCALE_EXP_400K-20251108_180221,obj1_closer,output/phasevar_5/0004_phA05_phB01.png,Is the red cube closer to the camera than the magenta sphere? Answer with yes or no.,No,No,23.1875,24.640625,True
/app/DATA/NVILA-Lite-2B-DATA_SCALE_EXP_400K-20251108_180221,obj1_closer,output/phasevar_5/0004_phA05_phB02.png,Is the red cube closer to the camera than the magenta sphere? Answer with yes or no.,No,No,23.40625,24.484375,True
/app/DATA/NVILA-Lite-2B-DATA_SCALE_EXP_400K-20251108_180221,obj1_closer,output/phasevar_5/0004_phA05_phB03.png,Is the red cube closer to the camera than the magenta sphere? Answer with yes or no.,No,No,22.78125,24.515625,True
/app/DATA/NVILA-Lite-2B-DATA_SCALE_EXP_400K-20251108_180221,obj1_closer,output/phasevar_5/0004_phA05_phB04.png,Is the red cube closer to the camera than the magenta sphere? Answer with yes or no.,No,No,22.703125,24.171875,True
/app/DATA/NVILA-Lite-2B-DATA_SCALE_EXP_400K-20251108_180221,obj1_closer,output/phasevar_5/0004_phA05_phB05.png,Is the red cube closer to the camera than the magenta sphere? Answer with yes or no.,No,No,22.828125,24.0625,True
/app/DATA/NVILA-Lite-2B-DATA_SCALE_EXP_400K-20251108_180221,obj1_closer,output/phasevar_5/0004_phA05_phB06.png,Is the red cube closer to the camera than the magenta sphere? Answer with yes or no.,No,No,22.890625,24.71875,True
/app/DATA/NVILA-Lite-2B-DATA_SCALE_EXP_400K-20251108_180221,obj1_closer,output/phasevar_5/0004_phA05_phB07.png,Is the red cube closer to the camera than the magenta sphere? Answer with yes or no.,No,No,22.765625,24.71875,True
/app/DATA/NVILA-Lite-2B-DATA_SCALE_EXP_400K-20251108_180221,obj1_closer,output/phasevar_5/0004_phA05_phB08.png,Is the red cube closer to the camera than the magenta sphere? Answer with yes or no.,No,No,22.765625,24.984375,True
/app/DATA/NVILA-Lite-2B-DATA_SCALE_EXP_400K-20251108_180221,obj1_closer,output/phasevar_5/0004_phA05_phB09.png,Is the red cube closer to the camera than the magenta sphere? Answer with yes or no.,No,No,22.640625,25.53125,True
/app/DATA/NVILA-Lite-2B-DATA_SCALE_EXP_400K-20251108_180221,obj1_closer,output/phasevar_5/0004_phA05_phB10.png,Is the red cube closer to the camera than the magenta sphere? Answer with yes or no.,No,No,22.703125,26.296875,True
/app/DATA/NVILA-Lite-2B-DATA_SCALE_EXP_400K-20251108_180221,obj1_closer,output/phasevar_5/0004_phA05_phB11.png,Is the red cube closer to the camera than the magenta sphere? Answer with yes or no.,No,No,22.546875,26.265625,True
/app/DATA/NVILA-Lite-2B-DATA_SCALE_EXP_400K-20251108_180221,obj1_closer,output/phasevar_5/0004_phA05_phB12.png,Is the red cube closer to the camera than the magenta sphere? Answer with yes or no.,No,No,22.484375,26.296875,True
/app/DATA/NVILA-Lite-2B-DATA_SCALE_EXP_400K-20251108_180221,obj1_closer,output/phasevar_5/0004_phA05_phB13.png,Is the red cube closer to the camera than the magenta sphere? Answer with yes or no.,No,No,22.5625,26.078125,True
/app/DATA/NVILA-Lite-2B-DATA_SCALE_EXP_400K-20251108_180221,obj1_closer,output/phasevar_5/0004_phA05_phB14.png,Is the red cube closer to the camera than the magenta sphere? Answer with yes or no.,No,No,23.078125,26.125,True
/app/DATA/NVILA-Lite-2B-DATA_SCALE_EXP_400K-20251108_180221,obj1_closer,output/phasevar_5/0004_phA05_phB15.png,Is the red cube closer to the camera than the magenta sphere? Answer with yes or no.,No,No,23.125,25.203125,True
/app/DATA/NVILA-Lite-2B-DATA_SCALE_EXP_400K-20251108_180221,obj1_closer,output/phasevar_5/0004_phA06_phB00.png,Is the red cube closer to the camera than the magenta sphere? Answer with yes or no.,No,No,23.640625,24.796875,True
/app/DATA/NVILA-Lite-2B-DATA_SCALE_EXP_400K-20251108_180221,obj1_closer,output/phasevar_5/0004_phA06_phB01.png,Is the red cube closer to the camera than the magenta sphere? Answer with yes or no.,No,No,23.75,24.53125,True
/app/DATA/NVILA-Lite-2B-DATA_SCALE_EXP_400K-20251108_180221,obj1_closer,output/phasevar_5/0004_phA06_phB02.png,Is the red cube closer to the camera than the magenta sphere? Answer with yes or no.,No,No,23.890625,24.453125,True
/app/DATA/NVILA-Lite-2B-DATA_SCALE_EXP_400K-20251108_180221,obj1_closer,output/phasevar_5/0004_phA06_phB03.png,Is the red cube closer to the camera than the magenta sphere? Answer with yes or no.,No,No,23.25,24.375,True
/app/DATA/NVILA-Lite-2B-DATA_SCALE_EXP_400K-20251108_180221,obj1_closer,output/phasevar_5/0004_phA06_phB04.png,Is the red cube closer to the camera than the magenta sphere? Answer with yes or no.,No,No,22.9375,24.078125,True
/app/DATA/NVILA-Lite-2B-DATA_SCALE_EXP_400K-20251108_180221,obj1_closer,output/phasevar_5/0004_phA06_phB05.png,Is the red cube closer to the camera than the magenta sphere? Answer with yes or no.,No,No,22.859375,23.90625,True
/app/DATA/NVILA-Lite-2B-DATA_SCALE_EXP_400K-20251108_180221,obj1_closer,output/phasevar_5/0004_phA06_phB06.png,Is the red cube closer to the camera than the magenta sphere? Answer with yes or no.,No,No,22.96875,24.59375,True
/app/DATA/NVILA-Lite-2B-DATA_SCALE_EXP_400K-20251108_180221,obj1_closer,output/phasevar_5/0004_phA06_phB07.png,Is the red cube closer to the camera than the magenta sphere? Answer with yes or no.,No,No,22.90625,24.65625,True
/app/DATA/NVILA-Lite-2B-DATA_SCALE_EXP_400K-20251108_180221,obj1_closer,output/phasevar_5/0004_phA06_phB08.png,Is the red cube closer to the camera than the magenta sphere? Answer with yes or no.,No,No,22.875,24.90625,True
/app/DATA/NVILA-Lite-2B-DATA_SCALE_EXP_400K-20251108_180221,obj1_closer,output/phasevar_5/0004_phA06_phB09.png,Is the red cube closer to the camera than the magenta sphere? Answer with yes or no.,No,No,22.6875,25.421875,True
/app/DATA/NVILA-Lite-2B-DATA_SCALE_EXP_400K-20251108_180221,obj1_closer,output/phasevar_5/0004_phA06_phB10.png,Is the red cube closer to the camera than the magenta sphere? Answer with yes or no.,No,No,22.796875,26.03125,True
/app/DATA/NVILA-Lite-2B-DATA_SCALE_EXP_400K-20251108_180221,obj1_closer,output/phasevar_5/0004_phA06_phB11.png,Is the red cube closer to the camera than the magenta sphere? Answer with yes or no.,No,No,22.65625,25.875,True
/app/DATA/NVILA-Lite-2B-DATA_SCALE_EXP_400K-20251108_180221,obj1_closer,output/phasevar_5/0004_phA06_phB12.png,Is the red cube closer to the camera than the magenta sphere? Answer with yes or no.,No,No,22.703125,25.96875,True
/app/DATA/NVILA-Lite-2B-DATA_SCALE_EXP_400K-20251108_180221,obj1_closer,output/phasevar_5/0004_phA06_phB13.png,Is the red cube closer to the camera than the magenta sphere? Answer with yes or no.,No,No,22.765625,25.703125,True
/app/DATA/NVILA-Lite-2B-DATA_SCALE_EXP_400K-20251108_180221,obj1_closer,output/phasevar_5/0004_phA06_phB14.png,Is the red cube closer to the camera than the magenta sphere? Answer with yes or no.,No,No,23.25,25.609375,True
/app/DATA/NVILA-Lite-2B-DATA_SCALE_EXP_400K-20251108_180221,obj1_closer,output/phasevar_5/0004_phA06_phB15.png,Is the red cube closer to the camera than the magenta sphere? Answer with yes or no.,No,No,23.515625,24.953125,True
/app/DATA/NVILA-Lite-2B-DATA_SCALE_EXP_400K-20251108_180221,obj1_closer,output/phasevar_5/0004_phA07_phB00.png,Is the red cube closer to the camera than the magenta sphere? Answer with yes or no.,No,No,23.65625,24.640625,True
/app/DATA/NVILA-Lite-2B-DATA_SCALE_EXP_400K-20251108_180221,obj1_closer,output/phasevar_5/0004_phA07_phB01.png,Is the red cube closer to the camera than the magenta sphere? Answer with yes or no.,No,No,23.859375,24.125,True
/app/DATA/NVILA-Lite-2B-DATA_SCALE_EXP_400K-20251108_180221,obj1_closer,output/phasevar_5/0004_phA07_phB02.png,Is the red cube closer to the camera than the magenta sphere? Answer with yes or no.,No,No,24.0,24.25,True
/app/DATA/NVILA-Lite-2B-DATA_SCALE_EXP_400K-20251108_180221,obj1_closer,output/phasevar_5/0004_phA07_phB03.png,Is the red cube closer to the camera than the magenta sphere? Answer with yes or no.,No,No,23.40625,24.21875,True
/app/DATA/NVILA-Lite-2B-DATA_SCALE_EXP_400K-20251108_180221,obj1_closer,output/phasevar_5/0004_phA07_phB04.png,Is the red cube closer to the camera than the magenta sphere? Answer with yes or no.,No,No,23.0625,23.90625,True
/app/DATA/NVILA-Lite-2B-DATA_SCALE_EXP_400K-20251108_180221,obj1_closer,output/phasevar_5/0004_phA07_phB05.png,Is the red cube closer to the camera than the magenta sphere? Answer with yes or no.,No,No,23.015625,23.8125,True
/app/DATA/NVILA-Lite-2B-DATA_SCALE_EXP_400K-20251108_180221,obj1_closer,output/phasevar_5/0004_phA07_phB06.png,Is the red cube closer to the camera than the magenta sphere? Answer with yes or no.,No,No,23.078125,24.515625,True
/app/DATA/NVILA-Lite-2B-DATA_SCALE_EXP_400K-20251108_180221,obj1_closer,output/phasevar_5/0004_phA07_phB07.png,Is the red cube closer to the camera than the magenta sphere? Answer with yes or no.,No,No,22.921875,24.328125,True
/app/DATA/NVILA-Lite-2B-DATA_SCALE_EXP_400K-20251108_180221,obj1_closer,output/phasevar_5/0004_phA07_phB08.png,Is the red cube closer to the camera than the magenta sphere? Answer with yes or no.,No,No,22.859375,24.984375,True
/app/DATA/NVILA-Lite-2B-DATA_SCALE_EXP_400K-20251108_180221,obj1_closer,output/phasevar_5/0004_phA07_phB09.png,Is the red cube closer to the camera than the magenta sphere? Answer with yes or no.,No,No,22.625,25.484375,True
/app/DATA/NVILA-Lite-2B-DATA_SCALE_EXP_400K-20251108_180221,obj1_closer,output/phasevar_5/0004_phA07_phB10.png,Is the red cube closer to the camera than the magenta sphere? Answer with yes or no.,No,No,22.71875,25.953125,True
/app/DATA/NVILA-Lite-2B-DATA_SCALE_EXP_400K-20251108_180221,obj1_closer,output/phasevar_5/0004_phA07_phB11.png,Is the red cube closer to the camera than the magenta sphere? Answer with yes or no.,No,No,22.65625,25.8125,True
/app/DATA/NVILA-Lite-2B-DATA_SCALE_EXP_400K-20251108_180221,obj1_closer,output/phasevar_5/0004_phA07_phB12.png,Is the red cube closer to the camera than the magenta sphere? Answer with yes or no.,No,No,22.703125,25.953125,True
/app/DATA/NVILA-Lite-2B-DATA_SCALE_EXP_400K-20251108_180221,obj1_closer,output/phasevar_5/0004_phA07_phB13.png,Is the red cube closer to the camera than the magenta sphere? Answer with yes or no.,No,No,22.703125,25.578125,True
/app/DATA/NVILA-Lite-2B-DATA_SCALE_EXP_400K-20251108_180221,obj1_closer,output/phasevar_5/0004_phA07_phB14.png,Is the red cube closer to the camera than the magenta sphere? Answer with yes or no.,No,No,23.21875,25.625,True
/app/DATA/NVILA-Lite-2B-DATA_SCALE_EXP_400K-20251108_180221,obj1_closer,output/phasevar_5/0004_phA07_phB15.png,Is the red cube closer to the camera than the magenta sphere? Answer with yes or no.,No,No,23.578125,24.9375,True
/app/DATA/NVILA-Lite-2B-DATA_SCALE_EXP_400K-20251108_180221,obj1_closer,output/phasevar_5/0004_phA08_phB00.png,Is the red cube closer to the camera than the magenta sphere? Answer with yes or no.,No,No,23.953125,24.296875,True
/app/DATA/NVILA-Lite-2B-DATA_SCALE_EXP_400K-20251108_180221,obj1_closer,output/phasevar_5/0004_phA08_phB01.png,Is the red cube closer to the camera than the magenta sphere? Answer with yes or no.,No,Yes,24.203125,23.9375,False
/app/DATA/NVILA-Lite-2B-DATA_SCALE_EXP_400K-20251108_180221,obj1_closer,output/phasevar_5/0004_phA08_phB02.png,Is the red cube closer to the camera than the magenta sphere? Answer with yes or no.,No,Yes,24.265625,24.171875,False
/app/DATA/NVILA-Lite-2B-DATA_SCALE_EXP_400K-20251108_180221,obj1_closer,output/phasevar_5/0004_phA08_phB03.png,Is the red cube closer to the camera than the magenta sphere? Answer with yes or no.,No,No,23.71875,24.09375,True
/app/DATA/NVILA-Lite-2B-DATA_SCALE_EXP_400K-20251108_180221,obj1_closer,output/phasevar_5/0004_phA08_phB04.png,Is the red cube closer to the camera than the magenta sphere? Answer with yes or no.,No,No,23.3125,23.765625,True
/app/DATA/NVILA-Lite-2B-DATA_SCALE_EXP_400K-20251108_180221,obj1_closer,output/phasevar_5/0004_phA08_phB05.png,Is the red cube closer to the camera than the magenta sphere? Answer with yes or no.,No,No,23.28125,23.515625,True
/app/DATA/NVILA-Lite-2B-DATA_SCALE_EXP_400K-20251108_180221,obj1_closer,output/phasevar_5/0004_phA08_phB06.png,Is the red cube closer to the camera than the magenta sphere? Answer with yes or no.,No,No,23.296875,24.3125,True
/app/DATA/NVILA-Lite-2B-DATA_SCALE_EXP_400K-20251108_180221,obj1_closer,output/phasevar_5/0004_phA08_phB07.png,Is the red cube closer to the camera than the magenta sphere? Answer with yes or no.,No,No,23.21875,24.03125,True
/app/DATA/NVILA-Lite-2B-DATA_SCALE_EXP_400K-20251108_180221,obj1_closer,output/phasevar_5/0004_phA08_phB08.png,Is the red cube closer to the camera than the magenta sphere? Answer with yes or no.,No,No,22.984375,24.59375,True
/app/DATA/NVILA-Lite-2B-DATA_SCALE_EXP_400K-20251108_180221,obj1_closer,output/phasevar_5/0004_phA08_phB09.png,Is the red cube closer to the camera than the magenta sphere? Answer with yes or no.,No,No,22.578125,25.46875,True
/app/DATA/NVILA-Lite-2B-DATA_SCALE_EXP_400K-20251108_180221,obj1_closer,output/phasevar_5/0004_phA08_phB10.png,Is the red cube closer to the camera than the magenta sphere? Answer with yes or no.,No,No,22.65625,25.875,True
/app/DATA/NVILA-Lite-2B-DATA_SCALE_EXP_400K-20251108_180221,obj1_closer,output/phasevar_5/0004_phA08_phB11.png,Is the red cube closer to the camera than the magenta sphere? Answer with yes or no.,No,No,22.609375,25.9375,True
/app/DATA/NVILA-Lite-2B-DATA_SCALE_EXP_400K-20251108_180221,obj1_closer,output/phasevar_5/0004_phA08_phB12.png,Is the red cube closer to the camera than the magenta sphere? Answer with yes or no.,No,No,22.6875,25.96875,True
/app/DATA/NVILA-Lite-2B-DATA_SCALE_EXP_400K-20251108_180221,obj1_closer,output/phasevar_5/0004_phA08_phB13.png,Is the red cube closer to the camera than the magenta sphere? Answer with yes or no.,No,No,22.71875,25.5625,True
/app/DATA/NVILA-Lite-2B-DATA_SCALE_EXP_400K-20251108_180221,obj1_closer,output/phasevar_5/0004_phA08_phB14.png,Is the red cube closer to the camera than the magenta sphere? Answer with yes or no.,No,No,23.3125,25.546875,True
/app/DATA/NVILA-Lite-2B-DATA_SCALE_EXP_400K-20251108_180221,obj1_closer,output/phasevar_5/0004_phA08_phB15.png,Is the red cube closer to the camera than the magenta sphere? Answer with yes or no.,No,No,23.84375,24.78125,True
/app/DATA/NVILA-Lite-2B-DATA_SCALE_EXP_400K-20251108_180221,obj1_closer,output/phasevar_5/0004_phA09_phB00.png,Is the red cube closer to the camera than the magenta sphere? Answer with yes or no.,No,No,24.0,24.203125,True
/app/DATA/NVILA-Lite-2B-DATA_SCALE_EXP_400K-20251108_180221,obj1_closer,output/phasevar_5/0004_phA09_phB01.png,Is the red cube closer to the camera than the magenta sphere? Answer with yes or no.,No,Yes,24.1875,23.90625,False
/app/DATA/NVILA-Lite-2B-DATA_SCALE_EXP_400K-20251108_180221,obj1_closer,output/phasevar_5/0004_phA09_phB02.png,Is the red cube closer to the camera than the magenta sphere? Answer with yes or no.,No,Yes,24.328125,24.140625,False
/app/DATA/NVILA-Lite-2B-DATA_SCALE_EXP_400K-20251108_180221,obj1_closer,output/phasevar_5/0004_phA09_phB03.png,Is the red cube closer to the camera than the magenta sphere? Answer with yes or no.,No,No,23.671875,24.140625,True
/app/DATA/NVILA-Lite-2B-DATA_SCALE_EXP_400K-20251108_180221,obj1_closer,output/phasevar_5/0004_phA09_phB04.png,Is the red cube closer to the camera than the magenta sphere? Answer with yes or no.,No,No,23.296875,23.828125,True
/app/DATA/NVILA-Lite-2B-DATA_SCALE_EXP_400K-20251108_180221,obj1_closer,output/phasevar_5/0004_phA09_phB05.png,Is the red cube closer to the camera than the magenta sphere? Answer with yes or no.,No,No,23.265625,23.546875,True
/app/DATA/NVILA-Lite-2B-DATA_SCALE_EXP_400K-20251108_180221,obj1_closer,output/phasevar_5/0004_phA09_phB06.png,Is the red cube closer to the camera than the magenta sphere? Answer with yes or no.,No,No,23.34375,24.375,True
/app/DATA/NVILA-Lite-2B-DATA_SCALE_EXP_400K-20251108_180221,obj1_closer,output/phasevar_5/0004_phA09_phB07.png,Is the red cube closer to the camera than the magenta sphere? Answer with yes or no.,No,No,23.28125,24.03125,True
/app/DATA/NVILA-Lite-2B-DATA_SCALE_EXP_400K-20251108_180221,obj1_closer,output/phasevar_5/0004_phA09_phB08.png,Is the red cube closer to the camera than the magenta sphere? Answer with yes or no.,No,No,23.0625,24.359375,True
/app/DATA/NVILA-Lite-2B-DATA_SCALE_EXP_400K-20251108_180221,obj1_closer,output/phasevar_5/0004_phA09_phB09.png,Is the red cube closer to the camera than the magenta sphere? Answer with yes or no.,No,No,22.6875,25.265625,True
/app/DATA/NVILA-Lite-2B-DATA_SCALE_EXP_400K-20251108_180221,obj1_closer,output/phasevar_5/0004_phA09_phB10.png,Is the red cube closer to the camera than the magenta sphere? Answer with yes or no.,No,No,22.609375,25.6875,True
/app/DATA/NVILA-Lite-2B-DATA_SCALE_EXP_400K-20251108_180221,obj1_closer,output/phasevar_5/0004_phA09_phB11.png,Is the red cube closer to the camera than the magenta sphere? Answer with yes or no.,No,No,22.578125,25.703125,True
/app/DATA/NVILA-Lite-2B-DATA_SCALE_EXP_400K-20251108_180221,obj1_closer,output/phasevar_5/0004_phA09_phB12.png,Is the red cube closer to the camera than the magenta sphere? Answer with yes or no.,No,No,22.625,25.765625,True
/app/DATA/NVILA-Lite-2B-DATA_SCALE_EXP_400K-20251108_180221,obj1_closer,output/phasevar_5/0004_phA09_phB13.png,Is the red cube closer to the camera than the magenta sphere? Answer with yes or no.,No,No,22.671875,25.265625,True
/app/DATA/NVILA-Lite-2B-DATA_SCALE_EXP_400K-20251108_180221,obj1_closer,output/phasevar_5/0004_phA09_phB14.png,Is the red cube closer to the camera than the magenta sphere? Answer with yes or no.,No,No,23.203125,25.265625,True
/app/DATA/NVILA-Lite-2B-DATA_SCALE_EXP_400K-20251108_180221,obj1_closer,output/phasevar_5/0004_phA09_phB15.png,Is the red cube closer to the camera than the magenta sphere? Answer with yes or no.,No,No,23.90625,24.625,True
/app/DATA/NVILA-Lite-2B-DATA_SCALE_EXP_400K-20251108_180221,obj1_closer,output/phasevar_5/0004_phA10_phB00.png,Is the red cube closer to the camera than the magenta sphere? Answer with yes or no.,No,Yes,24.140625,23.828125,False
/app/DATA/NVILA-Lite-2B-DATA_SCALE_EXP_400K-20251108_180221,obj1_closer,output/phasevar_5/0004_phA10_phB01.png,Is the red cube closer to the camera than the magenta sphere? Answer with yes or no.,No,Yes,24.375,23.53125,False
/app/DATA/NVILA-Lite-2B-DATA_SCALE_EXP_400K-20251108_180221,obj1_closer,output/phasevar_5/0004_phA10_phB02.png,Is the red cube closer to the camera than the magenta sphere? Answer with yes or no.,No,Yes,24.59375,23.875,False
/app/DATA/NVILA-Lite-2B-DATA_SCALE_EXP_400K-20251108_180221,obj1_closer,output/phasevar_5/0004_phA10_phB03.png,Is the red cube closer to the camera than the magenta sphere? Answer with yes or no.,No,Yes,23.890625,23.734375,False
/app/DATA/NVILA-Lite-2B-DATA_SCALE_EXP_400K-20251108_180221,obj1_closer,output/phasevar_5/0004_phA10_phB04.png,Is the red cube closer to the camera than the magenta sphere? Answer with yes or no.,No,No,23.484375,23.546875,True
/app/DATA/NVILA-Lite-2B-DATA_SCALE_EXP_400K-20251108_180221,obj1_closer,output/phasevar_5/0004_phA10_phB05.png,Is the red cube closer to the camera than the magenta sphere? Answer with yes or no.,No,No,23.46875,23.59375,True
/app/DATA/NVILA-Lite-2B-DATA_SCALE_EXP_400K-20251108_180221,obj1_closer,output/phasevar_5/0004_phA10_phB06.png,Is the red cube closer to the camera than the magenta sphere? Answer with yes or no.,No,No,23.515625,24.21875,True
/app/DATA/NVILA-Lite-2B-DATA_SCALE_EXP_400K-20251108_180221,obj1_closer,output/phasevar_5/0004_phA10_phB07.png,Is the red cube closer to the camera than the magenta sphere? Answer with yes or no.,No,No,23.53125,23.8125,True
/app/DATA/NVILA-Lite-2B-DATA_SCALE_EXP_400K-20251108_180221,obj1_closer,output/phasevar_5/0004_phA10_phB08.png,Is the red cube closer to the camera than the magenta sphere? Answer with yes or no.,No,No,23.375,23.6875,True
/app/DATA/NVILA-Lite-2B-DATA_SCALE_EXP_400K-20251108_180221,obj1_closer,output/phasevar_5/0004_phA10_phB09.png,Is the red cube closer to the camera than the magenta sphere? Answer with yes or no.,No,No,22.78125,24.484375,True
/app/DATA/NVILA-Lite-2B-DATA_SCALE_EXP_400K-20251108_180221,obj1_closer,output/phasevar_5/0004_phA10_phB10.png,Is the red cube closer to the camera than the magenta sphere? Answer with yes or no.,No,No,22.421875,25.5,True
/app/DATA/NVILA-Lite-2B-DATA_SCALE_EXP_400K-20251108_180221,obj1_closer,output/phasevar_5/0004_phA10_phB11.png,Is the red cube closer to the camera than the magenta sphere? Answer with yes or no.,No,No,22.1875,25.515625,True
/app/DATA/NVILA-Lite-2B-DATA_SCALE_EXP_400K-20251108_180221,obj1_closer,output/phasevar_5/0004_phA10_phB12.png,Is the red cube closer to the camera than the magenta sphere? Answer with yes or no.,No,No,22.15625,25.375,True
/app/DATA/NVILA-Lite-2B-DATA_SCALE_EXP_400K-20251108_180221,obj1_closer,output/phasevar_5/0004_phA10_phB13.png,Is the red cube closer to the camera than the magenta sphere? Answer with yes or no.,No,No,22.53125,24.984375,True
/app/DATA/NVILA-Lite-2B-DATA_SCALE_EXP_400K-20251108_180221,obj1_closer,output/phasevar_5/0004_phA10_phB14.png,Is the red cube closer to the camera than the magenta sphere? Answer with yes or no.,No,No,23.28125,25.265625,True
/app/DATA/NVILA-Lite-2B-DATA_SCALE_EXP_400K-20251108_180221,obj1_closer,output/phasevar_5/0004_phA10_phB15.png,Is the red cube closer to the camera than the magenta sphere? Answer with yes or no.,No,No,24.15625,24.25,True
/app/DATA/NVILA-Lite-2B-DATA_SCALE_EXP_400K-20251108_180221,obj1_closer,output/phasevar_5/0004_phA11_phB00.png,Is the red cube closer to the camera than the magenta sphere? Answer with yes or no.,No,Yes,23.9375,23.75,False
/app/DATA/NVILA-Lite-2B-DATA_SCALE_EXP_400K-20251108_180221,obj1_closer,output/phasevar_5/0004_phA11_phB01.png,Is the red cube closer to the camera than the magenta sphere? Answer with yes or no.,No,Yes,24.15625,23.5,False
/app/DATA/NVILA-Lite-2B-DATA_SCALE_EXP_400K-20251108_180221,obj1_closer,output/phasevar_5/0004_phA11_phB02.png,Is the red cube closer to the camera than the magenta sphere? Answer with yes or no.,No,Yes,24.234375,23.734375,False
/app/DATA/NVILA-Lite-2B-DATA_SCALE_EXP_400K-20251108_180221,obj1_closer,output/phasevar_5/0004_phA11_phB03.png,Is the red cube closer to the camera than the magenta sphere? Answer with yes or no.,No,Yes,23.640625,23.53125,False
/app/DATA/NVILA-Lite-2B-DATA_SCALE_EXP_400K-20251108_180221,obj1_closer,output/phasevar_5/0004_phA11_phB04.png,Is the red cube closer to the camera than the magenta sphere? Answer with yes or no.,No,Yes,23.34375,23.328125,False
/app/DATA/NVILA-Lite-2B-DATA_SCALE_EXP_400K-20251108_180221,obj1_closer,output/phasevar_5/0004_phA11_phB05.png,Is the red cube closer to the camera than the magenta sphere? Answer with yes or no.,No,Yes,23.625,23.359375,False
/app/DATA/NVILA-Lite-2B-DATA_SCALE_EXP_400K-20251108_180221,obj1_closer,output/phasevar_5/0004_phA11_phB06.png,Is the red cube closer to the camera than the magenta sphere? Answer with yes or no.,No,No,23.484375,24.0,True
/app/DATA/NVILA-Lite-2B-DATA_SCALE_EXP_400K-20251108_180221,obj1_closer,output/phasevar_5/0004_phA11_phB07.png,Is the red cube closer to the camera than the magenta sphere? Answer with yes or no.,No,No,23.53125,23.796875,True
/app/DATA/NVILA-Lite-2B-DATA_SCALE_EXP_400K-20251108_180221,obj1_closer,output/phasevar_5/0004_phA11_phB08.png,Is the red cube closer to the camera than the magenta sphere? Answer with yes or no.,No,No,23.375,23.75,True
/app/DATA/NVILA-Lite-2B-DATA_SCALE_EXP_400K-20251108_180221,obj1_closer,output/phasevar_5/0004_phA11_phB09.png,Is the red cube closer to the camera than the magenta sphere? Answer with yes or no.,No,No,22.59375,24.671875,True
/app/DATA/NVILA-Lite-2B-DATA_SCALE_EXP_400K-20251108_180221,obj1_closer,output/phasevar_5/0004_phA11_phB10.png,Is the red cube closer to the camera than the magenta sphere? Answer with yes or no.,No,No,22.40625,25.28125,True
/app/DATA/NVILA-Lite-2B-DATA_SCALE_EXP_400K-20251108_180221,obj1_closer,output/phasevar_5/0004_phA11_phB11.png,Is the red cube closer to the camera than the magenta sphere? Answer with yes or no.,No,No,21.96875,25.4375,True
/app/DATA/NVILA-Lite-2B-DATA_SCALE_EXP_400K-20251108_180221,obj1_closer,output/phasevar_5/0004_phA11_phB12.png,Is the red cube closer to the camera than the magenta sphere? Answer with yes or no.,No,No,21.921875,25.546875,True
/app/DATA/NVILA-Lite-2B-DATA_SCALE_EXP_400K-20251108_180221,obj1_closer,output/phasevar_5/0004_phA11_phB13.png,Is the red cube closer to the camera than the magenta sphere? Answer with yes or no.,No,No,22.28125,24.90625,True
/app/DATA/NVILA-Lite-2B-DATA_SCALE_EXP_400K-20251108_180221,obj1_closer,output/phasevar_5/0004_phA11_phB14.png,Is the red cube closer to the camera than the magenta sphere? Answer with yes or no.,No,No,23.046875,25.0,True
/app/DATA/NVILA-Lite-2B-DATA_SCALE_EXP_400K-20251108_180221,obj1_closer,output/phasevar_5/0004_phA11_phB15.png,Is the red cube closer to the camera than the magenta sphere? Answer with yes or no.,No,No,23.734375,24.265625,True
/app/DATA/NVILA-Lite-2B-DATA_SCALE_EXP_400K-20251108_180221,obj1_closer,output/phasevar_5/0004_phA12_phB00.png,Is the red cube closer to the camera than the magenta sphere? Answer with yes or no.,No,Yes,23.890625,23.78125,False
/app/DATA/NVILA-Lite-2B-DATA_SCALE_EXP_400K-20251108_180221,obj1_closer,output/phasevar_5/0004_phA12_phB01.png,Is the red cube closer to the camera than the magenta sphere? Answer with yes or no.,No,Yes,24.09375,23.546875,False
/app/DATA/NVILA-Lite-2B-DATA_SCALE_EXP_400K-20251108_180221,obj1_closer,output/phasevar_5/0004_phA12_phB02.png,Is the red cube closer to the camera than the magenta sphere? Answer with yes or no.,No,Yes,24.1875,23.96875,False
/app/DATA/NVILA-Lite-2B-DATA_SCALE_EXP_400K-20251108_180221,obj1_closer,output/phasevar_5/0004_phA12_phB03.png,Is the red cube closer to the camera than the magenta sphere? Answer with yes or no.,No,No,23.546875,23.703125,True
/app/DATA/NVILA-Lite-2B-DATA_SCALE_EXP_400K-20251108_180221,obj1_closer,output/phasevar_5/0004_phA12_phB04.png,Is the red cube closer to the camera than the magenta sphere? Answer with yes or no.,No,No,23.359375,23.5,True
/app/DATA/NVILA-Lite-2B-DATA_SCALE_EXP_400K-20251108_180221,obj1_closer,output/phasevar_5/0004_phA12_phB05.png,Is the red cube closer to the camera than the magenta sphere? Answer with yes or no.,No,No,23.625,23.65625,True
/app/DATA/NVILA-Lite-2B-DATA_SCALE_EXP_400K-20251108_180221,obj1_closer,output/phasevar_5/0004_phA12_phB06.png,Is the red cube closer to the camera than the magenta sphere? Answer with yes or no.,No,No,23.53125,24.21875,True
/app/DATA/NVILA-Lite-2B-DATA_SCALE_EXP_400K-20251108_180221,obj1_closer,output/phasevar_5/0004_phA12_phB07.png,Is the red cube closer to the camera than the magenta sphere? Answer with yes or no.,No,No,23.625,23.96875,True
/app/DATA/NVILA-Lite-2B-DATA_SCALE_EXP_400K-20251108_180221,obj1_closer,output/phasevar_5/0004_phA12_phB08.png,Is the red cube closer to the camera than the magenta sphere? Answer with yes or no.,No,No,23.5625,23.890625,True
/app/DATA/NVILA-Lite-2B-DATA_SCALE_EXP_400K-20251108_180221,obj1_closer,output/phasevar_5/0004_phA12_phB09.png,Is the red cube closer to the camera than the magenta sphere? Answer with yes or no.,No,No,22.828125,24.5625,True
/app/DATA/NVILA-Lite-2B-DATA_SCALE_EXP_400K-20251108_180221,obj1_closer,output/phasevar_5/0004_phA12_phB10.png,Is the red cube closer to the camera than the magenta sphere? Answer with yes or no.,No,No,22.578125,25.171875,True
/app/DATA/NVILA-Lite-2B-DATA_SCALE_EXP_400K-20251108_180221,obj1_closer,output/phasevar_5/0004_phA12_phB11.png,Is the red cube closer to the camera than the magenta sphere? Answer with yes or no.,No,No,22.15625,25.34375,True
/app/DATA/NVILA-Lite-2B-DATA_SCALE_EXP_400K-20251108_180221,obj1_closer,output/phasevar_5/0004_phA12_phB12.png,Is the red cube closer to the camera than the magenta sphere? Answer with yes or no.,No,No,21.96875,25.71875,True
/app/DATA/NVILA-Lite-2B-DATA_SCALE_EXP_400K-20251108_180221,obj1_closer,output/phasevar_5/0004_phA12_phB13.png,Is the red cube closer to the camera than the magenta sphere? Answer with yes or no.,No,No,22.125,25.125,True
/app/DATA/NVILA-Lite-2B-DATA_SCALE_EXP_400K-20251108_180221,obj1_closer,output/phasevar_5/0004_phA12_phB14.png,Is the red cube closer to the camera than the magenta sphere? Answer with yes or no.,No,No,22.90625,25.15625,True
/app/DATA/NVILA-Lite-2B-DATA_SCALE_EXP_400K-20251108_180221,obj1_closer,output/phasevar_5/0004_phA12_phB15.png,Is the red cube closer to the camera than the magenta sphere? Answer with yes or no.,No,No,23.625,24.328125,True
/app/DATA/NVILA-Lite-2B-DATA_SCALE_EXP_400K-20251108_180221,obj1_closer,output/phasevar_5/0004_phA13_phB00.png,Is the red cube closer to the camera than the magenta sphere? Answer with yes or no.,No,No,23.453125,23.71875,True
/app/DATA/NVILA-Lite-2B-DATA_SCALE_EXP_400K-20251108_180221,obj1_closer,output/phasevar_5/0004_phA13_phB01.png,Is the red cube closer to the camera than the magenta sphere? Answer with yes or no.,No,Yes,23.75,23.5625,False
/app/DATA/NVILA-Lite-2B-DATA_SCALE_EXP_400K-20251108_180221,obj1_closer,output/phasevar_5/0004_phA13_phB02.png,Is the red cube closer to the camera than the magenta sphere? Answer with yes or no.,No,No,23.9375,23.9375,True
/app/DATA/NVILA-Lite-2B-DATA_SCALE_EXP_400K-20251108_180221,obj1_closer,output/phasevar_5/0004_phA13_phB03.png,Is the red cube closer to the camera than the magenta sphere? Answer with yes or no.,No,No,23.421875,23.59375,True
/app/DATA/NVILA-Lite-2B-DATA_SCALE_EXP_400K-20251108_180221,obj1_closer,output/phasevar_5/0004_phA13_phB04.png,Is the red cube closer to the camera than the magenta sphere? Answer with yes or no.,No,No,23.4375,23.46875,True
/app/DATA/NVILA-Lite-2B-DATA_SCALE_EXP_400K-20251108_180221,obj1_closer,output/phasevar_5/0004_phA13_phB05.png,Is the red cube closer to the camera than the magenta sphere? Answer with yes or no.,No,Yes,23.671875,23.578125,False
/app/DATA/NVILA-Lite-2B-DATA_SCALE_EXP_400K-20251108_180221,obj1_closer,output/phasevar_5/0004_phA13_phB06.png,Is the red cube closer to the camera than the magenta sphere? Answer with yes or no.,No,No,23.625,24.171875,True
/app/DATA/NVILA-Lite-2B-DATA_SCALE_EXP_400K-20251108_180221,obj1_closer,output/phasevar_5/0004_phA13_phB07.png,Is the red cube closer to the camera than the magenta sphere? Answer with yes or no.,No,No,23.6875,24.0,True
/app/DATA/NVILA-Lite-2B-DATA_SCALE_EXP_400K-20251108_180221,obj1_closer,output/phasevar_5/0004_phA13_phB08.png,Is the red cube closer to the camera than the magenta sphere? Answer with yes or no.,No,No,23.546875,23.90625,True
/app/DATA/NVILA-Lite-2B-DATA_SCALE_EXP_400K-20251108_180221,obj1_closer,output/phasevar_5/0004_phA13_phB09.png,Is the red cube closer to the camera than the magenta sphere? Answer with yes or no.,No,No,22.953125,24.4375,True
/app/DATA/NVILA-Lite-2B-DATA_SCALE_EXP_400K-20251108_180221,obj1_closer,output/phasevar_5/0004_phA13_phB10.png,Is the red cube closer to the camera than the magenta sphere? Answer with yes or no.,No,No,22.671875,24.84375,True
/app/DATA/NVILA-Lite-2B-DATA_SCALE_EXP_400K-20251108_180221,obj1_closer,output/phasevar_5/0004_phA13_phB11.png,Is the red cube closer to the camera than the magenta sphere? Answer with yes or no.,No,No,22.328125,24.9375,True
/app/DATA/NVILA-Lite-2B-DATA_SCALE_EXP_400K-20251108_180221,obj1_closer,output/phasevar_5/0004_phA13_phB12.png,Is the red cube closer to the camera than the magenta sphere? Answer with yes or no.,No,No,22.078125,25.34375,True
/app/DATA/NVILA-Lite-2B-DATA_SCALE_EXP_400K-20251108_180221,obj1_closer,output/phasevar_5/0004_phA13_phB13.png,Is the red cube closer to the camera than the magenta sphere? Answer with yes or no.,No,No,22.09375,24.9375,True
/app/DATA/NVILA-Lite-2B-DATA_SCALE_EXP_400K-20251108_180221,obj1_closer,output/phasevar_5/0004_phA13_phB14.png,Is the red cube closer to the camera than the magenta sphere? Answer with yes or no.,No,No,22.640625,25.0625,True
/app/DATA/NVILA-Lite-2B-DATA_SCALE_EXP_400K-20251108_180221,obj1_closer,output/phasevar_5/0004_phA13_phB15.png,Is the red cube closer to the camera than the magenta sphere? Answer with yes or no.,No,No,23.203125,24.328125,True
/app/DATA/NVILA-Lite-2B-DATA_SCALE_EXP_400K-20251108_180221,obj1_closer,output/phasevar_5/0004_phA14_phB00.png,Is the red cube closer to the camera than the magenta sphere? Answer with yes or no.,No,No,23.265625,24.109375,True
/app/DATA/NVILA-Lite-2B-DATA_SCALE_EXP_400K-20251108_180221,obj1_closer,output/phasevar_5/0004_phA14_phB01.png,Is the red cube closer to the camera than the magenta sphere? Answer with yes or no.,No,No,23.625,23.953125,True
/app/DATA/NVILA-Lite-2B-DATA_SCALE_EXP_400K-20251108_180221,obj1_closer,output/phasevar_5/0004_phA14_phB02.png,Is the red cube closer to the camera than the magenta sphere? Answer with yes or no.,No,No,24.0625,24.5625,True
/app/DATA/NVILA-Lite-2B-DATA_SCALE_EXP_400K-20251108_180221,obj1_closer,output/phasevar_5/0004_phA14_phB03.png,Is the red cube closer to the camera than the magenta sphere? Answer with yes or no.,No,No,23.515625,24.15625,True
/app/DATA/NVILA-Lite-2B-DATA_SCALE_EXP_400K-20251108_180221,obj1_closer,output/phasevar_5/0004_phA14_phB04.png,Is the red cube closer to the camera than the magenta sphere? Answer with yes or no.,No,No,23.578125,24.0,True
/app/DATA/NVILA-Lite-2B-DATA_SCALE_EXP_400K-20251108_180221,obj1_closer,output/phasevar_5/0004_phA14_phB05.png,Is the red cube closer to the camera than the magenta sphere? Answer with yes or no.,No,No,23.828125,24.15625,True
/app/DATA/NVILA-Lite-2B-DATA_SCALE_EXP_400K-20251108_180221,obj1_closer,output/phasevar_5/0004_phA14_phB06.png,Is the red cube closer to the camera than the magenta sphere? Answer with yes or no.,No,No,23.75,24.78125,True
/app/DATA/NVILA-Lite-2B-DATA_SCALE_EXP_400K-20251108_180221,obj1_closer,output/phasevar_5/0004_phA14_phB07.png,Is the red cube closer to the camera than the magenta sphere? Answer with yes or no.,No,No,23.640625,24.59375,True
/app/DATA/NVILA-Lite-2B-DATA_SCALE_EXP_400K-20251108_180221,obj1_closer,output/phasevar_5/0004_phA14_phB08.png,Is the red cube closer to the camera than the magenta sphere? Answer with yes or no.,No,No,23.421875,24.484375,True
/app/DATA/NVILA-Lite-2B-DATA_SCALE_EXP_400K-20251108_180221,obj1_closer,output/phasevar_5/0004_phA14_phB09.png,Is the red cube closer to the camera than the magenta sphere? Answer with yes or no.,No,No,23.03125,25.15625,True
/app/DATA/NVILA-Lite-2B-DATA_SCALE_EXP_400K-20251108_180221,obj1_closer,output/phasevar_5/0004_phA14_phB10.png,Is the red cube closer to the camera than the magenta sphere? Answer with yes or no.,No,No,22.78125,26.015625,True
/app/DATA/NVILA-Lite-2B-DATA_SCALE_EXP_400K-20251108_180221,obj1_closer,output/phasevar_5/0004_phA14_phB11.png,Is the red cube closer to the camera than the magenta sphere? Answer with yes or no.,No,No,22.71875,25.96875,True
/app/DATA/NVILA-Lite-2B-DATA_SCALE_EXP_400K-20251108_180221,obj1_closer,output/phasevar_5/0004_phA14_phB12.png,Is the red cube closer to the camera than the magenta sphere? Answer with yes or no.,No,No,22.609375,26.375,True
/app/DATA/NVILA-Lite-2B-DATA_SCALE_EXP_400K-20251108_180221,obj1_closer,output/phasevar_5/0004_phA14_phB13.png,Is the red cube closer to the camera than the magenta sphere? Answer with yes or no.,No,No,22.390625,25.796875,True
/app/DATA/NVILA-Lite-2B-DATA_SCALE_EXP_400K-20251108_180221,obj1_closer,output/phasevar_5/0004_phA14_phB14.png,Is the red cube closer to the camera than the magenta sphere? Answer with yes or no.,No,No,22.609375,26.09375,True
/app/DATA/NVILA-Lite-2B-DATA_SCALE_EXP_400K-20251108_180221,obj1_closer,output/phasevar_5/0004_phA14_phB15.png,Is the red cube closer to the camera than the magenta sphere? Answer with yes or no.,No,No,22.953125,24.9375,True
/app/DATA/NVILA-Lite-2B-DATA_SCALE_EXP_400K-20251108_180221,obj1_closer,output/phasevar_5/0004_phA15_phB00.png,Is the red cube closer to the camera than the magenta sphere? Answer with yes or no.,No,No,23.34375,24.5625,True
/app/DATA/NVILA-Lite-2B-DATA_SCALE_EXP_400K-20251108_180221,obj1_closer,output/phasevar_5/0004_phA15_phB01.png,Is the red cube closer to the camera than the magenta sphere? Answer with yes or no.,No,No,23.5625,24.15625,True
/app/DATA/NVILA-Lite-2B-DATA_SCALE_EXP_400K-20251108_180221,obj1_closer,output/phasevar_5/0004_phA15_phB02.png,Is the red cube closer to the camera than the magenta sphere? Answer with yes or no.,No,No,23.890625,24.5625,True
/app/DATA/NVILA-Lite-2B-DATA_SCALE_EXP_400K-20251108_180221,obj1_closer,output/phasevar_5/0004_phA15_phB03.png,Is the red cube closer to the camera than the magenta sphere? Answer with yes or no.,No,No,23.34375,24.09375,True
/app/DATA/NVILA-Lite-2B-DATA_SCALE_EXP_400K-20251108_180221,obj1_closer,output/phasevar_5/0004_phA15_phB04.png,Is the red cube closer to the camera than the magenta sphere? Answer with yes or no.,No,No,23.40625,23.96875,True
/app/DATA/NVILA-Lite-2B-DATA_SCALE_EXP_400K-20251108_180221,obj1_closer,output/phasevar_5/0004_phA15_phB05.png,Is the red cube closer to the camera than the magenta sphere? Answer with yes or no.,No,No,23.640625,24.09375,True
/app/DATA/NVILA-Lite-2B-DATA_SCALE_EXP_400K-20251108_180221,obj1_closer,output/phasevar_5/0004_phA15_phB06.png,Is the red cube closer to the camera than the magenta sphere? Answer with yes or no.,No,No,23.59375,24.734375,True
/app/DATA/NVILA-Lite-2B-DATA_SCALE_EXP_400K-20251108_180221,obj1_closer,output/phasevar_5/0004_phA15_phB07.png,Is the red cube closer to the camera than the magenta sphere? Answer with yes or no.,No,No,23.59375,24.609375,True
/app/DATA/NVILA-Lite-2B-DATA_SCALE_EXP_400K-20251108_180221,obj1_closer,output/phasevar_5/0004_phA15_phB08.png,Is the red cube closer to the camera than the magenta sphere? Answer with yes or no.,No,No,23.421875,24.5,True
/app/DATA/NVILA-Lite-2B-DATA_SCALE_EXP_400K-20251108_180221,obj1_closer,output/phasevar_5/0004_phA15_phB09.png,Is the red cube closer to the camera than the magenta sphere? Answer with yes or no.,No,No,23.03125,25.0625,True
/app/DATA/NVILA-Lite-2B-DATA_SCALE_EXP_400K-20251108_180221,obj1_closer,output/phasevar_5/0004_phA15_phB10.png,Is the red cube closer to the camera than the magenta sphere? Answer with yes or no.,No,No,22.984375,26.046875,True
/app/DATA/NVILA-Lite-2B-DATA_SCALE_EXP_400K-20251108_180221,obj1_closer,output/phasevar_5/0004_phA15_phB11.png,Is the red cube closer to the camera than the magenta sphere? Answer with yes or no.,No,No,22.859375,25.765625,True
/app/DATA/NVILA-Lite-2B-DATA_SCALE_EXP_400K-20251108_180221,obj1_closer,output/phasevar_5/0004_phA15_phB12.png,Is the red cube closer to the camera than the magenta sphere? Answer with yes or no.,No,No,22.65625,26.109375,True
/app/DATA/NVILA-Lite-2B-DATA_SCALE_EXP_400K-20251108_180221,obj1_closer,output/phasevar_5/0004_phA15_phB13.png,Is the red cube closer to the camera than the magenta sphere? Answer with yes or no.,No,No,22.375,25.515625,True
/app/DATA/NVILA-Lite-2B-DATA_SCALE_EXP_400K-20251108_180221,obj1_closer,output/phasevar_5/0004_phA15_phB14.png,Is the red cube closer to the camera than the magenta sphere? Answer with yes or no.,No,No,22.703125,26.015625,True
/app/DATA/NVILA-Lite-2B-DATA_SCALE_EXP_400K-20251108_180221,obj1_closer,output/phasevar_5/0004_phA15_phB15.png,Is the red cube closer to the camera than the magenta sphere? Answer with yes or no.,No,No,22.96875,25.375,True
/app/DATA/NVILA-Lite-2B-DATA_SCALE_EXP_400K-20251108_180221,obj1_closer,output/phasevar_5/0005_phA00_phB00.png,Is the magenta sphere closer to the camera than the cyan cube? Answer with yes or no.,No,No,23.328125,23.421875,True
/app/DATA/NVILA-Lite-2B-DATA_SCALE_EXP_400K-20251108_180221,obj1_closer,output/phasevar_5/0005_phA00_phB01.png,Is the magenta sphere closer to the camera than the cyan cube? Answer with yes or no.,No,Yes,23.890625,23.125,False
/app/DATA/NVILA-Lite-2B-DATA_SCALE_EXP_400K-20251108_180221,obj1_closer,output/phasevar_5/0005_phA00_phB02.png,Is the magenta sphere closer to the camera than the cyan cube? Answer with yes or no.,No,Yes,24.0625,23.578125,False
/app/DATA/NVILA-Lite-2B-DATA_SCALE_EXP_400K-20251108_180221,obj1_closer,output/phasevar_5/0005_phA00_phB03.png,Is the magenta sphere closer to the camera than the cyan cube? Answer with yes or no.,No,Yes,23.953125,22.625,False
/app/DATA/NVILA-Lite-2B-DATA_SCALE_EXP_400K-20251108_180221,obj1_closer,output/phasevar_5/0005_phA00_phB04.png,Is the magenta sphere closer to the camera than the cyan cube? Answer with yes or no.,No,Yes,24.8125,22.890625,False
/app/DATA/NVILA-Lite-2B-DATA_SCALE_EXP_400K-20251108_180221,obj1_closer,output/phasevar_5/0005_phA00_phB05.png,Is the magenta sphere closer to the camera than the cyan cube? Answer with yes or no.,No,Yes,24.5625,23.203125,False
/app/DATA/NVILA-Lite-2B-DATA_SCALE_EXP_400K-20251108_180221,obj1_closer,output/phasevar_5/0005_phA00_phB06.png,Is the magenta sphere closer to the camera than the cyan cube? Answer with yes or no.,No,Yes,24.0625,23.40625,False
/app/DATA/NVILA-Lite-2B-DATA_SCALE_EXP_400K-20251108_180221,obj1_closer,output/phasevar_5/0005_phA00_phB07.png,Is the magenta sphere closer to the camera than the cyan cube? Answer with yes or no.,No,Yes,24.359375,23.34375,False
/app/DATA/NVILA-Lite-2B-DATA_SCALE_EXP_400K-20251108_180221,obj1_closer,output/phasevar_5/0005_phA00_phB08.png,Is the magenta sphere closer to the camera than the cyan cube? Answer with yes or no.,No,Yes,23.890625,23.421875,False
/app/DATA/NVILA-Lite-2B-DATA_SCALE_EXP_400K-20251108_180221,obj1_closer,output/phasevar_5/0005_phA00_phB09.png,Is the magenta sphere closer to the camera than the cyan cube? Answer with yes or no.,No,No,23.4375,23.671875,True
/app/DATA/NVILA-Lite-2B-DATA_SCALE_EXP_400K-20251108_180221,obj1_closer,output/phasevar_5/0005_phA00_phB10.png,Is the magenta sphere closer to the camera than the cyan cube? Answer with yes or no.,No,No,22.921875,24.546875,True
/app/DATA/NVILA-Lite-2B-DATA_SCALE_EXP_400K-20251108_180221,obj1_closer,output/phasevar_5/0005_phA00_phB11.png,Is the magenta sphere closer to the camera than the cyan cube? Answer with yes or no.,No,No,22.828125,24.453125,True
/app/DATA/NVILA-Lite-2B-DATA_SCALE_EXP_400K-20251108_180221,obj1_closer,output/phasevar_5/0005_phA00_phB12.png,Is the magenta sphere closer to the camera than the cyan cube? Answer with yes or no.,No,No,22.5625,25.0,True
/app/DATA/NVILA-Lite-2B-DATA_SCALE_EXP_400K-20251108_180221,obj1_closer,output/phasevar_5/0005_phA00_phB13.png,Is the magenta sphere closer to the camera than the cyan cube? Answer with yes or no.,No,No,22.34375,24.984375,True
/app/DATA/NVILA-Lite-2B-DATA_SCALE_EXP_400K-20251108_180221,obj1_closer,output/phasevar_5/0005_phA00_phB14.png,Is the magenta sphere closer to the camera than the cyan cube? Answer with yes or no.,No,No,22.625,25.28125,True
/app/DATA/NVILA-Lite-2B-DATA_SCALE_EXP_400K-20251108_180221,obj1_closer,output/phasevar_5/0005_phA00_phB15.png,Is the magenta sphere closer to the camera than the cyan cube? Answer with yes or no.,No,No,23.140625,24.046875,True
/app/DATA/NVILA-Lite-2B-DATA_SCALE_EXP_400K-20251108_180221,obj1_closer,output/phasevar_5/0005_phA01_phB00.png,Is the magenta sphere closer to the camera than the cyan cube? Answer with yes or no.,No,No,23.234375,23.578125,True
/app/DATA/NVILA-Lite-2B-DATA_SCALE_EXP_400K-20251108_180221,obj1_closer,output/phasevar_5/0005_phA01_phB01.png,Is the magenta sphere closer to the camera than the cyan cube? Answer with yes or no.,No,Yes,23.59375,23.1875,False
/app/DATA/NVILA-Lite-2B-DATA_SCALE_EXP_400K-20251108_180221,obj1_closer,output/phasevar_5/0005_phA01_phB02.png,Is the magenta sphere closer to the camera than the cyan cube? Answer with yes or no.,No,Yes,23.78125,23.609375,False
/app/DATA/NVILA-Lite-2B-DATA_SCALE_EXP_400K-20251108_180221,obj1_closer,output/phasevar_5/0005_phA01_phB03.png,Is the magenta sphere closer to the camera than the cyan cube? Answer with yes or no.,No,Yes,23.40625,22.625,False
/app/DATA/NVILA-Lite-2B-DATA_SCALE_EXP_400K-20251108_180221,obj1_closer,output/phasevar_5/0005_phA01_phB04.png,Is the magenta sphere closer to the camera than the cyan cube? Answer with yes or no.,No,Yes,24.28125,22.90625,False
/app/DATA/NVILA-Lite-2B-DATA_SCALE_EXP_400K-20251108_180221,obj1_closer,output/phasevar_5/0005_phA01_phB05.png,Is the magenta sphere closer to the camera than the cyan cube? Answer with yes or no.,No,Yes,24.0,23.140625,False
/app/DATA/NVILA-Lite-2B-DATA_SCALE_EXP_400K-20251108_180221,obj1_closer,output/phasevar_5/0005_phA01_phB06.png,Is the magenta sphere closer to the camera than the cyan cube? Answer with yes or no.,No,Yes,23.625,23.390625,False
/app/DATA/NVILA-Lite-2B-DATA_SCALE_EXP_400K-20251108_180221,obj1_closer,output/phasevar_5/0005_phA01_phB07.png,Is the magenta sphere closer to the camera than the cyan cube? Answer with yes or no.,No,Yes,23.890625,23.296875,False
/app/DATA/NVILA-Lite-2B-DATA_SCALE_EXP_400K-20251108_180221,obj1_closer,output/phasevar_5/0005_phA01_phB08.png,Is the magenta sphere closer to the camera than the cyan cube? Answer with yes or no.,No,Yes,23.515625,23.421875,False
/app/DATA/NVILA-Lite-2B-DATA_SCALE_EXP_400K-20251108_180221,obj1_closer,output/phasevar_5/0005_phA01_phB09.png,Is the magenta sphere closer to the camera than the cyan cube? Answer with yes or no.,No,No,23.140625,23.8125,True
/app/DATA/NVILA-Lite-2B-DATA_SCALE_EXP_400K-20251108_180221,obj1_closer,output/phasevar_5/0005_phA01_phB10.png,Is the magenta sphere closer to the camera than the cyan cube? Answer with yes or no.,No,No,22.796875,24.734375,True
/app/DATA/NVILA-Lite-2B-DATA_SCALE_EXP_400K-20251108_180221,obj1_closer,output/phasevar_5/0005_phA01_phB11.png,Is the magenta sphere closer to the camera than the cyan cube? Answer with yes or no.,No,No,22.6875,24.640625,True
/app/DATA/NVILA-Lite-2B-DATA_SCALE_EXP_400K-20251108_180221,obj1_closer,output/phasevar_5/0005_phA01_phB12.png,Is the magenta sphere closer to the camera than the cyan cube? Answer with yes or no.,No,No,22.46875,25.203125,True
/app/DATA/NVILA-Lite-2B-DATA_SCALE_EXP_400K-20251108_180221,obj1_closer,output/phasevar_5/0005_phA01_phB13.png,Is the magenta sphere closer to the camera than the cyan cube? Answer with yes or no.,No,No,22.40625,25.109375,True
/app/DATA/NVILA-Lite-2B-DATA_SCALE_EXP_400K-20251108_180221,obj1_closer,output/phasevar_5/0005_phA01_phB14.png,Is the magenta sphere closer to the camera than the cyan cube? Answer with yes or no.,No,No,22.65625,25.28125,True
/app/DATA/NVILA-Lite-2B-DATA_SCALE_EXP_400K-20251108_180221,obj1_closer,output/phasevar_5/0005_phA01_phB15.png,Is the magenta sphere closer to the camera than the cyan cube? Answer with yes or no.,No,No,23.109375,24.171875,True
/app/DATA/NVILA-Lite-2B-DATA_SCALE_EXP_400K-20251108_180221,obj1_closer,output/phasevar_5/0005_phA02_phB00.png,Is the magenta sphere closer to the camera than the cyan cube? Answer with yes or no.,No,No,23.09375,23.609375,True
/app/DATA/NVILA-Lite-2B-DATA_SCALE_EXP_400K-20251108_180221,obj1_closer,output/phasevar_5/0005_phA02_phB01.png,Is the magenta sphere closer to the camera than the cyan cube? Answer with yes or no.,No,Yes,23.265625,23.203125,False
/app/DATA/NVILA-Lite-2B-DATA_SCALE_EXP_400K-20251108_180221,obj1_closer,output/phasevar_5/0005_phA02_phB02.png,Is the magenta sphere closer to the camera than the cyan cube? Answer with yes or no.,No,No,23.5625,23.5625,True
/app/DATA/NVILA-Lite-2B-DATA_SCALE_EXP_400K-20251108_180221,obj1_closer,output/phasevar_5/0005_phA02_phB03.png,Is the magenta sphere closer to the camera than the cyan cube? Answer with yes or no.,No,Yes,22.984375,22.59375,False
/app/DATA/NVILA-Lite-2B-DATA_SCALE_EXP_400K-20251108_180221,obj1_closer,output/phasevar_5/0005_phA02_phB04.png,Is the magenta sphere closer to the camera than the cyan cube? Answer with yes or no.,No,Yes,23.78125,22.875,False
/app/DATA/NVILA-Lite-2B-DATA_SCALE_EXP_400K-20251108_180221,obj1_closer,output/phasevar_5/0005_phA02_phB05.png,Is the magenta sphere closer to the camera than the cyan cube? Answer with yes or no.,No,Yes,23.5625,23.0625,False
/app/DATA/NVILA-Lite-2B-DATA_SCALE_EXP_400K-20251108_180221,obj1_closer,output/phasevar_5/0005_phA02_phB06.png,Is the magenta sphere closer to the camera than the cyan cube? Answer with yes or no.,No,No,23.375,23.421875,True
/app/DATA/NVILA-Lite-2B-DATA_SCALE_EXP_400K-20251108_180221,obj1_closer,output/phasevar_5/0005_phA02_phB07.png,Is the magenta sphere closer to the camera than the cyan cube? Answer with yes or no.,No,Yes,23.578125,23.25,False
/app/DATA/NVILA-Lite-2B-DATA_SCALE_EXP_400K-20251108_180221,obj1_closer,output/phasevar_5/0005_phA02_phB08.png,Is the magenta sphere closer to the camera than the cyan cube? Answer with yes or no.,No,No,23.3125,23.5,True
/app/DATA/NVILA-Lite-2B-DATA_SCALE_EXP_400K-20251108_180221,obj1_closer,output/phasevar_5/0005_phA02_phB09.png,Is the magenta sphere closer to the camera than the cyan cube? Answer with yes or no.,No,No,23.03125,23.84375,True
/app/DATA/NVILA-Lite-2B-DATA_SCALE_EXP_400K-20251108_180221,obj1_closer,output/phasevar_5/0005_phA02_phB10.png,Is the magenta sphere closer to the camera than the cyan cube? Answer with yes or no.,No,No,22.71875,24.703125,True
/app/DATA/NVILA-Lite-2B-DATA_SCALE_EXP_400K-20251108_180221,obj1_closer,output/phasevar_5/0005_phA02_phB11.png,Is the magenta sphere closer to the camera than the cyan cube? Answer with yes or no.,No,No,22.609375,24.734375,True
/app/DATA/NVILA-Lite-2B-DATA_SCALE_EXP_400K-20251108_180221,obj1_closer,output/phasevar_5/0005_phA02_phB12.png,Is the magenta sphere closer to the camera than the cyan cube? Answer with yes or no.,No,No,22.421875,25.234375,True
/app/DATA/NVILA-Lite-2B-DATA_SCALE_EXP_400K-20251108_180221,obj1_closer,output/phasevar_5/0005_phA02_phB13.png,Is the magenta sphere closer to the camera than the cyan cube? Answer with yes or no.,No,No,22.359375,25.0625,True
/app/DATA/NVILA-Lite-2B-DATA_SCALE_EXP_400K-20251108_180221,obj1_closer,output/phasevar_5/0005_phA02_phB14.png,Is the magenta sphere closer to the camera than the cyan cube? Answer with yes or no.,No,No,22.65625,25.1875,True
/app/DATA/NVILA-Lite-2B-DATA_SCALE_EXP_400K-20251108_180221,obj1_closer,output/phasevar_5/0005_phA02_phB15.png,Is the magenta sphere closer to the camera than the cyan cube? Answer with yes or no.,No,No,23.0,24.109375,True
/app/DATA/NVILA-Lite-2B-DATA_SCALE_EXP_400K-20251108_180221,obj1_closer,output/phasevar_5/0005_phA03_phB00.png,Is the magenta sphere closer to the camera than the cyan cube? Answer with yes or no.,No,No,23.078125,23.765625,True
/app/DATA/NVILA-Lite-2B-DATA_SCALE_EXP_400K-20251108_180221,obj1_closer,output/phasevar_5/0005_phA03_phB01.png,Is the magenta sphere closer to the camera than the cyan cube? Answer with yes or no.,No,No,23.15625,23.296875,True
/app/DATA/NVILA-Lite-2B-DATA_SCALE_EXP_400K-20251108_180221,obj1_closer,output/phasevar_5/0005_phA03_phB02.png,Is the magenta sphere closer to the camera than the cyan cube? Answer with yes or no.,No,No,23.40625,23.609375,True
/app/DATA/NVILA-Lite-2B-DATA_SCALE_EXP_400K-20251108_180221,obj1_closer,output/phasevar_5/0005_phA03_phB03.png,Is the magenta sphere closer to the camera than the cyan cube? Answer with yes or no.,No,No,22.53125,22.65625,True
/app/DATA/NVILA-Lite-2B-DATA_SCALE_EXP_400K-20251108_180221,obj1_closer,output/phasevar_5/0005_phA03_phB04.png,Is the magenta sphere closer to the camera than the cyan cube? Answer with yes or no.,No,Yes,23.140625,22.84375,False
/app/DATA/NVILA-Lite-2B-DATA_SCALE_EXP_400K-20251108_180221,obj1_closer,output/phasevar_5/0005_phA03_phB05.png,Is the magenta sphere closer to the camera than the cyan cube? Answer with yes or no.,No,No,23.109375,23.21875,True
/app/DATA/NVILA-Lite-2B-DATA_SCALE_EXP_400K-20251108_180221,obj1_closer,output/phasevar_5/0005_phA03_phB06.png,Is the magenta sphere closer to the camera than the cyan cube? Answer with yes or no.,No,No,23.171875,23.625,True
/app/DATA/NVILA-Lite-2B-DATA_SCALE_EXP_400K-20251108_180221,obj1_closer,output/phasevar_5/0005_phA03_phB07.png,Is the magenta sphere closer to the camera than the cyan cube? Answer with yes or no.,No,Yes,23.390625,23.375,False
/app/DATA/NVILA-Lite-2B-DATA_SCALE_EXP_400K-20251108_180221,obj1_closer,output/phasevar_5/0005_phA03_phB08.png,Is the magenta sphere closer to the camera than the cyan cube? Answer with yes or no.,No,No,23.171875,23.75,True
/app/DATA/NVILA-Lite-2B-DATA_SCALE_EXP_400K-20251108_180221,obj1_closer,output/phasevar_5/0005_phA03_phB09.png,Is the magenta sphere closer to the camera than the cyan cube? Answer with yes or no.,No,No,22.921875,24.125,True
/app/DATA/NVILA-Lite-2B-DATA_SCALE_EXP_400K-20251108_180221,obj1_closer,output/phasevar_5/0005_phA03_phB10.png,Is the magenta sphere closer to the camera than the cyan cube? Answer with yes or no.,No,No,22.609375,25.15625,True
/app/DATA/NVILA-Lite-2B-DATA_SCALE_EXP_400K-20251108_180221,obj1_closer,output/phasevar_5/0005_phA03_phB11.png,Is the magenta sphere closer to the camera than the cyan cube? Answer with yes or no.,No,No,22.453125,25.34375,True
/app/DATA/NVILA-Lite-2B-DATA_SCALE_EXP_400K-20251108_180221,obj1_closer,output/phasevar_5/0005_phA03_phB12.png,Is the magenta sphere closer to the camera than the cyan cube? Answer with yes or no.,No,No,22.234375,25.6875,True
/app/DATA/NVILA-Lite-2B-DATA_SCALE_EXP_400K-20251108_180221,obj1_closer,output/phasevar_5/0005_phA03_phB13.png,Is the magenta sphere closer to the camera than the cyan cube? Answer with yes or no.,No,No,22.21875,25.484375,True
/app/DATA/NVILA-Lite-2B-DATA_SCALE_EXP_400K-20251108_180221,obj1_closer,output/phasevar_5/0005_phA03_phB14.png,Is the magenta sphere closer to the camera than the cyan cube? Answer with yes or no.,No,No,22.609375,25.421875,True
/app/DATA/NVILA-Lite-2B-DATA_SCALE_EXP_400K-20251108_180221,obj1_closer,output/phasevar_5/0005_phA03_phB15.png,Is the magenta sphere closer to the camera than the cyan cube? Answer with yes or no.,No,No,22.984375,24.171875,True
/app/DATA/NVILA-Lite-2B-DATA_SCALE_EXP_400K-20251108_180221,obj1_closer,output/phasevar_5/0005_phA04_phB00.png,Is the magenta sphere closer to the camera than the cyan cube? Answer with yes or no.,No,No,23.171875,23.8125,True
/app/DATA/NVILA-Lite-2B-DATA_SCALE_EXP_400K-20251108_180221,obj1_closer,output/phasevar_5/0005_phA04_phB01.png,Is the magenta sphere closer to the camera than the cyan cube? Answer with yes or no.,No,No,23.25,23.40625,True
/app/DATA/NVILA-Lite-2B-DATA_SCALE_EXP_400K-20251108_180221,obj1_closer,output/phasevar_5/0005_phA04_phB02.png,Is the magenta sphere closer to the camera than the cyan cube? Answer with yes or no.,No,No,23.5,23.671875,True
/app/DATA/NVILA-Lite-2B-DATA_SCALE_EXP_400K-20251108_180221,obj1_closer,output/phasevar_5/0005_phA04_phB03.png,Is the magenta sphere closer to the camera than the cyan cube? Answer with yes or no.,No,No,22.625,22.828125,True
/app/DATA/NVILA-Lite-2B-DATA_SCALE_EXP_400K-20251108_180221,obj1_closer,output/phasevar_5/0005_phA04_phB04.png,Is the magenta sphere closer to the camera than the cyan cube? Answer with yes or no.,No,Yes,23.15625,22.734375,False
/app/DATA/NVILA-Lite-2B-DATA_SCALE_EXP_400K-20251108_180221,obj1_closer,output/phasevar_5/0005_phA04_phB05.png,Is the magenta sphere closer to the camera than the cyan cube? Answer with yes or no.,No,No,23.15625,23.203125,True
/app/DATA/NVILA-Lite-2B-DATA_SCALE_EXP_400K-20251108_180221,obj1_closer,output/phasevar_5/0005_phA04_phB06.png,Is the magenta sphere closer to the camera than the cyan cube? Answer with yes or no.,No,No,23.140625,23.71875,True
/app/DATA/NVILA-Lite-2B-DATA_SCALE_EXP_400K-20251108_180221,obj1_closer,output/phasevar_5/0005_phA04_phB07.png,Is the magenta sphere closer to the camera than the cyan cube? Answer with yes or no.,No,Yes,23.5,23.390625,False
/app/DATA/NVILA-Lite-2B-DATA_SCALE_EXP_400K-20251108_180221,obj1_closer,output/phasevar_5/0005_phA04_phB08.png,Is the magenta sphere closer to the camera than the cyan cube? Answer with yes or no.,No,No,23.21875,23.828125,True
/app/DATA/NVILA-Lite-2B-DATA_SCALE_EXP_400K-20251108_180221,obj1_closer,output/phasevar_5/0005_phA04_phB09.png,Is the magenta sphere closer to the camera than the cyan cube? Answer with yes or no.,No,No,22.96875,24.15625,True
/app/DATA/NVILA-Lite-2B-DATA_SCALE_EXP_400K-20251108_180221,obj1_closer,output/phasevar_5/0005_phA04_phB10.png,Is the magenta sphere closer to the camera than the cyan cube? Answer with yes or no.,No,No,22.578125,24.953125,True
/app/DATA/NVILA-Lite-2B-DATA_SCALE_EXP_400K-20251108_180221,obj1_closer,output/phasevar_5/0005_phA04_phB11.png,Is the magenta sphere closer to the camera than the cyan cube? Answer with yes or no.,No,No,22.34375,25.09375,True
/app/DATA/NVILA-Lite-2B-DATA_SCALE_EXP_400K-20251108_180221,obj1_closer,output/phasevar_5/0005_phA04_phB12.png,Is the magenta sphere closer to the camera than the cyan cube? Answer with yes or no.,No,No,22.078125,25.359375,True
/app/DATA/NVILA-Lite-2B-DATA_SCALE_EXP_400K-20251108_180221,obj1_closer,output/phasevar_5/0005_phA04_phB13.png,Is the magenta sphere closer to the camera than the cyan cube? Answer with yes or no.,No,No,22.1875,25.203125,True
/app/DATA/NVILA-Lite-2B-DATA_SCALE_EXP_400K-20251108_180221,obj1_closer,output/phasevar_5/0005_phA04_phB14.png,Is the magenta sphere closer to the camera than the cyan cube? Answer with yes or no.,No,No,22.625,25.203125,True
/app/DATA/NVILA-Lite-2B-DATA_SCALE_EXP_400K-20251108_180221,obj1_closer,output/phasevar_5/0005_phA04_phB15.png,Is the magenta sphere closer to the camera than the cyan cube? Answer with yes or no.,No,No,23.046875,24.078125,True
/app/DATA/NVILA-Lite-2B-DATA_SCALE_EXP_400K-20251108_180221,obj1_closer,output/phasevar_5/0005_phA05_phB00.png,Is the magenta sphere closer to the camera than the cyan cube? Answer with yes or no.,No,No,23.265625,24.03125,True
/app/DATA/NVILA-Lite-2B-DATA_SCALE_EXP_400K-20251108_180221,obj1_closer,output/phasevar_5/0005_phA05_phB01.png,Is the magenta sphere closer to the camera than the cyan cube? Answer with yes or no.,No,No,23.3125,23.65625,True
/app/DATA/NVILA-Lite-2B-DATA_SCALE_EXP_400K-20251108_180221,obj1_closer,output/phasevar_5/0005_phA05_phB02.png,Is the magenta sphere closer to the camera than the cyan cube? Answer with yes or no.,No,No,23.515625,23.859375,True
/app/DATA/NVILA-Lite-2B-DATA_SCALE_EXP_400K-20251108_180221,obj1_closer,output/phasevar_5/0005_phA05_phB03.png,Is the magenta sphere closer to the camera than the cyan cube? Answer with yes or no.,No,No,22.828125,23.09375,True
/app/DATA/NVILA-Lite-2B-DATA_SCALE_EXP_400K-20251108_180221,obj1_closer,output/phasevar_5/0005_phA05_phB04.png,Is the magenta sphere closer to the camera than the cyan cube? Answer with yes or no.,No,Yes,23.140625,22.984375,False
/app/DATA/NVILA-Lite-2B-DATA_SCALE_EXP_400K-20251108_180221,obj1_closer,output/phasevar_5/0005_phA05_phB05.png,Is the magenta sphere closer to the camera than the cyan cube? Answer with yes or no.,No,No,23.046875,23.34375,True
/app/DATA/NVILA-Lite-2B-DATA_SCALE_EXP_400K-20251108_180221,obj1_closer,output/phasevar_5/0005_phA05_phB06.png,Is the magenta sphere closer to the camera than the cyan cube? Answer with yes or no.,No,No,23.09375,23.890625,True
/app/DATA/NVILA-Lite-2B-DATA_SCALE_EXP_400K-20251108_180221,obj1_closer,output/phasevar_5/0005_phA05_phB07.png,Is the magenta sphere closer to the camera than the cyan cube? Answer with yes or no.,No,No,23.34375,23.546875,True
/app/DATA/NVILA-Lite-2B-DATA_SCALE_EXP_400K-20251108_180221,obj1_closer,output/phasevar_5/0005_phA05_phB08.png,Is the magenta sphere closer to the camera than the cyan cube? Answer with yes or no.,No,No,23.15625,24.03125,True
/app/DATA/NVILA-Lite-2B-DATA_SCALE_EXP_400K-20251108_180221,obj1_closer,output/phasevar_5/0005_phA05_phB09.png,Is the magenta sphere closer to the camera than the cyan cube? Answer with yes or no.,No,No,22.921875,24.515625,True
/app/DATA/NVILA-Lite-2B-DATA_SCALE_EXP_400K-20251108_180221,obj1_closer,output/phasevar_5/0005_phA05_phB10.png,Is the magenta sphere closer to the camera than the cyan cube? Answer with yes or no.,No,No,22.578125,25.40625,True
/app/DATA/NVILA-Lite-2B-DATA_SCALE_EXP_400K-20251108_180221,obj1_closer,output/phasevar_5/0005_phA05_phB11.png,Is the magenta sphere closer to the camera than the cyan cube? Answer with yes or no.,No,No,22.359375,25.609375,True
/app/DATA/NVILA-Lite-2B-DATA_SCALE_EXP_400K-20251108_180221,obj1_closer,output/phasevar_5/0005_phA05_phB12.png,Is the magenta sphere closer to the camera than the cyan cube? Answer with yes or no.,No,No,22.1875,25.765625,True
/app/DATA/NVILA-Lite-2B-DATA_SCALE_EXP_400K-20251108_180221,obj1_closer,output/phasevar_5/0005_phA05_phB13.png,Is the magenta sphere closer to the camera than the cyan cube? Answer with yes or no.,No,No,22.328125,25.5625,True
/app/DATA/NVILA-Lite-2B-DATA_SCALE_EXP_400K-20251108_180221,obj1_closer,output/phasevar_5/0005_phA05_phB14.png,Is the magenta sphere closer to the camera than the cyan cube? Answer with yes or no.,No,No,22.75,25.5625,True
/app/DATA/NVILA-Lite-2B-DATA_SCALE_EXP_400K-20251108_180221,obj1_closer,output/phasevar_5/0005_phA05_phB15.png,Is the magenta sphere closer to the camera than the cyan cube? Answer with yes or no.,No,No,23.109375,24.328125,True
/app/DATA/NVILA-Lite-2B-DATA_SCALE_EXP_400K-20251108_180221,obj1_closer,output/phasevar_5/0005_phA06_phB00.png,Is the magenta sphere closer to the camera than the cyan cube? Answer with yes or no.,No,No,23.34375,23.59375,True
/app/DATA/NVILA-Lite-2B-DATA_SCALE_EXP_400K-20251108_180221,obj1_closer,output/phasevar_5/0005_phA06_phB01.png,Is the magenta sphere closer to the camera than the cyan cube? Answer with yes or no.,No,Yes,23.546875,23.234375,False
/app/DATA/NVILA-Lite-2B-DATA_SCALE_EXP_400K-20251108_180221,obj1_closer,output/phasevar_5/0005_phA06_phB02.png,Is the magenta sphere closer to the camera than the cyan cube? Answer with yes or no.,No,Yes,23.75,23.59375,False
/app/DATA/NVILA-Lite-2B-DATA_SCALE_EXP_400K-20251108_180221,obj1_closer,output/phasevar_5/0005_phA06_phB03.png,Is the magenta sphere closer to the camera than the cyan cube? Answer with yes or no.,No,Yes,23.4375,22.765625,False
/app/DATA/NVILA-Lite-2B-DATA_SCALE_EXP_400K-20251108_180221,obj1_closer,output/phasevar_5/0005_phA06_phB04.png,Is the magenta sphere closer to the camera than the cyan cube? Answer with yes or no.,No,Yes,23.734375,22.8125,False
/app/DATA/NVILA-Lite-2B-DATA_SCALE_EXP_400K-20251108_180221,obj1_closer,output/phasevar_5/0005_phA06_phB05.png,Is the magenta sphere closer to the camera than the cyan cube? Answer with yes or no.,No,Yes,23.265625,23.0,False
/app/DATA/NVILA-Lite-2B-DATA_SCALE_EXP_400K-20251108_180221,obj1_closer,output/phasevar_5/0005_phA06_phB06.png,Is the magenta sphere closer to the camera than the cyan cube? Answer with yes or no.,No,No,23.15625,23.609375,True
/app/DATA/NVILA-Lite-2B-DATA_SCALE_EXP_400K-20251108_180221,obj1_closer,output/phasevar_5/0005_phA06_phB07.png,Is the magenta sphere closer to the camera than the cyan cube? Answer with yes or no.,No,Yes,23.375,23.328125,False
/app/DATA/NVILA-Lite-2B-DATA_SCALE_EXP_400K-20251108_180221,obj1_closer,output/phasevar_5/0005_phA06_phB08.png,Is the magenta sphere closer to the camera than the cyan cube? Answer with yes or no.,No,No,23.140625,23.78125,True
/app/DATA/NVILA-Lite-2B-DATA_SCALE_EXP_400K-20251108_180221,obj1_closer,output/phasevar_5/0005_phA06_phB09.png,Is the magenta sphere closer to the camera than the cyan cube? Answer with yes or no.,No,No,22.984375,24.265625,True
/app/DATA/NVILA-Lite-2B-DATA_SCALE_EXP_400K-20251108_180221,obj1_closer,output/phasevar_5/0005_phA06_phB10.png,Is the magenta sphere closer to the camera than the cyan cube? Answer with yes or no.,No,No,22.703125,25.046875,True
/app/DATA/NVILA-Lite-2B-DATA_SCALE_EXP_400K-20251108_180221,obj1_closer,output/phasevar_5/0005_phA06_phB11.png,Is the magenta sphere closer to the camera than the cyan cube? Answer with yes or no.,No,No,22.5,25.125,True
/app/DATA/NVILA-Lite-2B-DATA_SCALE_EXP_400K-20251108_180221,obj1_closer,output/phasevar_5/0005_phA06_phB12.png,Is the magenta sphere closer to the camera than the cyan cube? Answer with yes or no.,No,No,22.53125,25.109375,True
/app/DATA/NVILA-Lite-2B-DATA_SCALE_EXP_400K-20251108_180221,obj1_closer,output/phasevar_5/0005_phA06_phB13.png,Is the magenta sphere closer to the camera than the cyan cube? Answer with yes or no.,No,No,22.671875,24.984375,True
/app/DATA/NVILA-Lite-2B-DATA_SCALE_EXP_400K-20251108_180221,obj1_closer,output/phasevar_5/0005_phA06_phB14.png,Is the magenta sphere closer to the camera than the cyan cube? Answer with yes or no.,No,No,22.921875,25.015625,True
/app/DATA/NVILA-Lite-2B-DATA_SCALE_EXP_400K-20251108_180221,obj1_closer,output/phasevar_5/0005_phA06_phB15.png,Is the magenta sphere closer to the camera than the cyan cube? Answer with yes or no.,No,No,23.234375,23.859375,True
/app/DATA/NVILA-Lite-2B-DATA_SCALE_EXP_400K-20251108_180221,obj1_closer,output/phasevar_5/0005_phA07_phB00.png,Is the magenta sphere closer to the camera than the cyan cube? Answer with yes or no.,No,No,23.4375,23.453125,True
/app/DATA/NVILA-Lite-2B-DATA_SCALE_EXP_400K-20251108_180221,obj1_closer,output/phasevar_5/0005_phA07_phB01.png,Is the magenta sphere closer to the camera than the cyan cube? Answer with yes or no.,No,Yes,23.734375,23.109375,False
/app/DATA/NVILA-Lite-2B-DATA_SCALE_EXP_400K-20251108_180221,obj1_closer,output/phasevar_5/0005_phA07_phB02.png,Is the magenta sphere closer to the camera than the cyan cube? Answer with yes or no.,No,Yes,23.96875,23.53125,False
/app/DATA/NVILA-Lite-2B-DATA_SCALE_EXP_400K-20251108_180221,obj1_closer,output/phasevar_5/0005_phA07_phB03.png,Is the magenta sphere closer to the camera than the cyan cube? Answer with yes or no.,No,Yes,23.71875,22.546875,False
/app/DATA/NVILA-Lite-2B-DATA_SCALE_EXP_400K-20251108_180221,obj1_closer,output/phasevar_5/0005_phA07_phB04.png,Is the magenta sphere closer to the camera than the cyan cube? Answer with yes or no.,No,Yes,23.90625,22.6875,False
/app/DATA/NVILA-Lite-2B-DATA_SCALE_EXP_400K-20251108_180221,obj1_closer,output/phasevar_5/0005_phA07_phB05.png,Is the magenta sphere closer to the camera than the cyan cube? Answer with yes or no.,No,Yes,23.28125,22.90625,False
/app/DATA/NVILA-Lite-2B-DATA_SCALE_EXP_400K-20251108_180221,obj1_closer,output/phasevar_5/0005_phA07_phB06.png,Is the magenta sphere closer to the camera than the cyan cube? Answer with yes or no.,No,No,23.328125,23.5,True
/app/DATA/NVILA-Lite-2B-DATA_SCALE_EXP_400K-20251108_180221,obj1_closer,output/phasevar_5/0005_phA07_phB07.png,Is the magenta sphere closer to the camera than the cyan cube? Answer with yes or no.,No,Yes,23.515625,23.1875,False
/app/DATA/NVILA-Lite-2B-DATA_SCALE_EXP_400K-20251108_180221,obj1_closer,output/phasevar_5/0005_phA07_phB08.png,Is the magenta sphere closer to the camera than the cyan cube? Answer with yes or no.,No,No,23.203125,23.6875,True
/app/DATA/NVILA-Lite-2B-DATA_SCALE_EXP_400K-20251108_180221,obj1_closer,output/phasevar_5/0005_phA07_phB09.png,Is the magenta sphere closer to the camera than the cyan cube? Answer with yes or no.,No,No,22.96875,24.3125,True
/app/DATA/NVILA-Lite-2B-DATA_SCALE_EXP_400K-20251108_180221,obj1_closer,output/phasevar_5/0005_phA07_phB10.png,Is the magenta sphere closer to the camera than the cyan cube? Answer with yes or no.,No,No,22.625,25.109375,True
/app/DATA/NVILA-Lite-2B-DATA_SCALE_EXP_400K-20251108_180221,obj1_closer,output/phasevar_5/0005_phA07_phB11.png,Is the magenta sphere closer to the camera than the cyan cube? Answer with yes or no.,No,No,22.453125,25.171875,True
/app/DATA/NVILA-Lite-2B-DATA_SCALE_EXP_400K-20251108_180221,obj1_closer,output/phasevar_5/0005_phA07_phB12.png,Is the magenta sphere closer to the camera than the cyan cube? Answer with yes or no.,No,No,22.515625,25.21875,True
/app/DATA/NVILA-Lite-2B-DATA_SCALE_EXP_400K-20251108_180221,obj1_closer,output/phasevar_5/0005_phA07_phB13.png,Is the magenta sphere closer to the camera than the cyan cube? Answer with yes or no.,No,No,22.6875,25.03125,True
/app/DATA/NVILA-Lite-2B-DATA_SCALE_EXP_400K-20251108_180221,obj1_closer,output/phasevar_5/0005_phA07_phB14.png,Is the magenta sphere closer to the camera than the cyan cube? Answer with yes or no.,No,No,23.015625,25.140625,True
/app/DATA/NVILA-Lite-2B-DATA_SCALE_EXP_400K-20251108_180221,obj1_closer,output/phasevar_5/0005_phA07_phB15.png,Is the magenta sphere closer to the camera than the cyan cube? Answer with yes or no.,No,No,23.328125,23.796875,True
/app/DATA/NVILA-Lite-2B-DATA_SCALE_EXP_400K-20251108_180221,obj1_closer,output/phasevar_5/0005_phA08_phB00.png,Is the magenta sphere closer to the camera than the cyan cube? Answer with yes or no.,No,Yes,23.625,23.25,False
/app/DATA/NVILA-Lite-2B-DATA_SCALE_EXP_400K-20251108_180221,obj1_closer,output/phasevar_5/0005_phA08_phB01.png,Is the magenta sphere closer to the camera than the cyan cube? Answer with yes or no.,No,Yes,23.984375,22.96875,False
/app/DATA/NVILA-Lite-2B-DATA_SCALE_EXP_400K-20251108_180221,obj1_closer,output/phasevar_5/0005_phA08_phB02.png,Is the magenta sphere closer to the camera than the cyan cube? Answer with yes or no.,No,Yes,24.203125,23.40625,False
/app/DATA/NVILA-Lite-2B-DATA_SCALE_EXP_400K-20251108_180221,obj1_closer,output/phasevar_5/0005_phA08_phB03.png,Is the magenta sphere closer to the camera than the cyan cube? Answer with yes or no.,No,Yes,24.078125,22.46875,False
/app/DATA/NVILA-Lite-2B-DATA_SCALE_EXP_400K-20251108_180221,obj1_closer,output/phasevar_5/0005_phA08_phB04.png,Is the magenta sphere closer to the camera than the cyan cube? Answer with yes or no.,No,Yes,24.234375,22.59375,False
/app/DATA/NVILA-Lite-2B-DATA_SCALE_EXP_400K-20251108_180221,obj1_closer,output/phasevar_5/0005_phA08_phB05.png,Is the magenta sphere closer to the camera than the cyan cube? Answer with yes or no.,No,Yes,23.609375,22.765625,False
/app/DATA/NVILA-Lite-2B-DATA_SCALE_EXP_400K-20251108_180221,obj1_closer,output/phasevar_5/0005_phA08_phB06.png,Is the magenta sphere closer to the camera than the cyan cube? Answer with yes or no.,No,Yes,23.5,23.34375,False
/app/DATA/NVILA-Lite-2B-DATA_SCALE_EXP_400K-20251108_180221,obj1_closer,output/phasevar_5/0005_phA08_phB07.png,Is the magenta sphere closer to the camera than the cyan cube? Answer with yes or no.,No,Yes,23.734375,23.125,False
/app/DATA/NVILA-Lite-2B-DATA_SCALE_EXP_400K-20251108_180221,obj1_closer,output/phasevar_5/0005_phA08_phB08.png,Is the magenta sphere closer to the camera than the cyan cube? Answer with yes or no.,No,No,23.25,23.53125,True
/app/DATA/NVILA-Lite-2B-DATA_SCALE_EXP_400K-20251108_180221,obj1_closer,output/phasevar_5/0005_phA08_phB09.png,Is the magenta sphere closer to the camera than the cyan cube? Answer with yes or no.,No,No,23.03125,24.109375,True
/app/DATA/NVILA-Lite-2B-DATA_SCALE_EXP_400K-20251108_180221,obj1_closer,output/phasevar_5/0005_phA08_phB10.png,Is the magenta sphere closer to the camera than the cyan cube? Answer with yes or no.,No,No,22.609375,25.046875,True
/app/DATA/NVILA-Lite-2B-DATA_SCALE_EXP_400K-20251108_180221,obj1_closer,output/phasevar_5/0005_phA08_phB11.png,Is the magenta sphere closer to the camera than the cyan cube? Answer with yes or no.,No,No,22.34375,25.109375,True
/app/DATA/NVILA-Lite-2B-DATA_SCALE_EXP_400K-20251108_180221,obj1_closer,output/phasevar_5/0005_phA08_phB12.png,Is the magenta sphere closer to the camera than the cyan cube? Answer with yes or no.,No,No,22.4375,25.09375,True
/app/DATA/NVILA-Lite-2B-DATA_SCALE_EXP_400K-20251108_180221,obj1_closer,output/phasevar_5/0005_phA08_phB13.png,Is the magenta sphere closer to the camera than the cyan cube? Answer with yes or no.,No,No,22.671875,24.921875,True
/app/DATA/NVILA-Lite-2B-DATA_SCALE_EXP_400K-20251108_180221,obj1_closer,output/phasevar_5/0005_phA08_phB14.png,Is the magenta sphere closer to the camera than the cyan cube? Answer with yes or no.,No,No,23.046875,24.890625,True
/app/DATA/NVILA-Lite-2B-DATA_SCALE_EXP_400K-20251108_180221,obj1_closer,output/phasevar_5/0005_phA08_phB15.png,Is the magenta sphere closer to the camera than the cyan cube? Answer with yes or no.,No,No,23.484375,23.609375,True
/app/DATA/NVILA-Lite-2B-DATA_SCALE_EXP_400K-20251108_180221,obj1_closer,output/phasevar_5/0005_phA09_phB00.png,Is the magenta sphere closer to the camera than the cyan cube? Answer with yes or no.,No,Yes,23.734375,23.078125,False
/app/DATA/NVILA-Lite-2B-DATA_SCALE_EXP_400K-20251108_180221,obj1_closer,output/phasevar_5/0005_phA09_phB01.png,Is the magenta sphere closer to the camera than the cyan cube? Answer with yes or no.,No,Yes,24.03125,22.9375,False
/app/DATA/NVILA-Lite-2B-DATA_SCALE_EXP_400K-20251108_180221,obj1_closer,output/phasevar_5/0005_phA09_phB02.png,Is the magenta sphere closer to the camera than the cyan cube? Answer with yes or no.,No,Yes,24.234375,23.421875,False
/app/DATA/NVILA-Lite-2B-DATA_SCALE_EXP_400K-20251108_180221,obj1_closer,output/phasevar_5/0005_phA09_phB03.png,Is the magenta sphere closer to the camera than the cyan cube? Answer with yes or no.,No,Yes,24.046875,22.46875,False
/app/DATA/NVILA-Lite-2B-DATA_SCALE_EXP_400K-20251108_180221,obj1_closer,output/phasevar_5/0005_phA09_phB04.png,Is the magenta sphere closer to the camera than the cyan cube? Answer with yes or no.,No,Yes,24.21875,22.5625,False
/app/DATA/NVILA-Lite-2B-DATA_SCALE_EXP_400K-20251108_180221,obj1_closer,output/phasevar_5/0005_phA09_phB05.png,Is the magenta sphere closer to the camera than the cyan cube? Answer with yes or no.,No,Yes,23.53125,22.75,False
/app/DATA/NVILA-Lite-2B-DATA_SCALE_EXP_400K-20251108_180221,obj1_closer,output/phasevar_5/0005_phA09_phB06.png,Is the magenta sphere closer to the camera than the cyan cube? Answer with yes or no.,No,Yes,23.484375,23.296875,False
/app/DATA/NVILA-Lite-2B-DATA_SCALE_EXP_400K-20251108_180221,obj1_closer,output/phasevar_5/0005_phA09_phB07.png,Is the magenta sphere closer to the camera than the cyan cube? Answer with yes or no.,No,Yes,23.765625,23.03125,False
/app/DATA/NVILA-Lite-2B-DATA_SCALE_EXP_400K-20251108_180221,obj1_closer,output/phasevar_5/0005_phA09_phB08.png,Is the magenta sphere closer to the camera than the cyan cube? Answer with yes or no.,No,No,23.3125,23.3125,True
/app/DATA/NVILA-Lite-2B-DATA_SCALE_EXP_400K-20251108_180221,obj1_closer,output/phasevar_5/0005_phA09_phB09.png,Is the magenta sphere closer to the camera than the cyan cube? Answer with yes or no.,No,No,22.96875,23.953125,True
/app/DATA/NVILA-Lite-2B-DATA_SCALE_EXP_400K-20251108_180221,obj1_closer,output/phasevar_5/0005_phA09_phB10.png,Is the magenta sphere closer to the camera than the cyan cube? Answer with yes or no.,No,No,22.453125,24.9375,True
/app/DATA/NVILA-Lite-2B-DATA_SCALE_EXP_400K-20251108_180221,obj1_closer,output/phasevar_5/0005_phA09_phB11.png,Is the magenta sphere closer to the camera than the cyan cube? Answer with yes or no.,No,No,22.265625,24.96875,True
/app/DATA/NVILA-Lite-2B-DATA_SCALE_EXP_400K-20251108_180221,obj1_closer,output/phasevar_5/0005_phA09_phB12.png,Is the magenta sphere closer to the camera than the cyan cube? Answer with yes or no.,No,No,22.390625,25.109375,True
/app/DATA/NVILA-Lite-2B-DATA_SCALE_EXP_400K-20251108_180221,obj1_closer,output/phasevar_5/0005_phA09_phB13.png,Is the magenta sphere closer to the camera than the cyan cube? Answer with yes or no.,No,No,22.65625,24.828125,True
/app/DATA/NVILA-Lite-2B-DATA_SCALE_EXP_400K-20251108_180221,obj1_closer,output/phasevar_5/0005_phA09_phB14.png,Is the magenta sphere closer to the camera than the cyan cube? Answer with yes or no.,No,No,22.984375,24.75,True
/app/DATA/NVILA-Lite-2B-DATA_SCALE_EXP_400K-20251108_180221,obj1_closer,output/phasevar_5/0005_phA09_phB15.png,Is the magenta sphere closer to the camera than the cyan cube? Answer with yes or no.,No,Yes,23.5625,23.453125,False
/app/DATA/NVILA-Lite-2B-DATA_SCALE_EXP_400K-20251108_180221,obj1_closer,output/phasevar_5/0005_phA10_phB00.png,Is the magenta sphere closer to the camera than the cyan cube? Answer with yes or no.,No,Yes,23.984375,23.03125,False
/app/DATA/NVILA-Lite-2B-DATA_SCALE_EXP_400K-20251108_180221,obj1_closer,output/phasevar_5/0005_phA10_phB01.png,Is the magenta sphere closer to the camera than the cyan cube? Answer with yes or no.,No,Yes,24.25,22.828125,False
/app/DATA/NVILA-Lite-2B-DATA_SCALE_EXP_400K-20251108_180221,obj1_closer,output/phasevar_5/0005_phA10_phB02.png,Is the magenta sphere closer to the camera than the cyan cube? Answer with yes or no.,No,Yes,24.578125,23.34375,False
/app/DATA/NVILA-Lite-2B-DATA_SCALE_EXP_400K-20251108_180221,obj1_closer,output/phasevar_5/0005_phA10_phB03.png,Is the magenta sphere closer to the camera than the cyan cube? Answer with yes or no.,No,Yes,24.21875,22.34375,False
/app/DATA/NVILA-Lite-2B-DATA_SCALE_EXP_400K-20251108_180221,obj1_closer,output/phasevar_5/0005_phA10_phB04.png,Is the magenta sphere closer to the camera than the cyan cube? Answer with yes or no.,No,Yes,24.265625,22.375,False
/app/DATA/NVILA-Lite-2B-DATA_SCALE_EXP_400K-20251108_180221,obj1_closer,output/phasevar_5/0005_phA10_phB05.png,Is the magenta sphere closer to the camera than the cyan cube? Answer with yes or no.,No,Yes,23.75,22.5625,False
/app/DATA/NVILA-Lite-2B-DATA_SCALE_EXP_400K-20251108_180221,obj1_closer,output/phasevar_5/0005_phA10_phB06.png,Is the magenta sphere closer to the camera than the cyan cube? Answer with yes or no.,No,Yes,23.640625,23.03125,False
/app/DATA/NVILA-Lite-2B-DATA_SCALE_EXP_400K-20251108_180221,obj1_closer,output/phasevar_5/0005_phA10_phB07.png,Is the magenta sphere closer to the camera than the cyan cube? Answer with yes or no.,No,Yes,23.921875,22.84375,False
/app/DATA/NVILA-Lite-2B-DATA_SCALE_EXP_400K-20251108_180221,obj1_closer,output/phasevar_5/0005_phA10_phB08.png,Is the magenta sphere closer to the camera than the cyan cube? Answer with yes or no.,No,Yes,23.515625,23.0625,False
/app/DATA/NVILA-Lite-2B-DATA_SCALE_EXP_400K-20251108_180221,obj1_closer,output/phasevar_5/0005_phA10_phB09.png,Is the magenta sphere closer to the camera than the cyan cube? Answer with yes or no.,No,No,23.078125,23.515625,True
/app/DATA/NVILA-Lite-2B-DATA_SCALE_EXP_400K-20251108_180221,obj1_closer,output/phasevar_5/0005_phA10_phB10.png,Is the magenta sphere closer to the camera than the cyan cube? Answer with yes or no.,No,No,22.3125,24.65625,True
/app/DATA/NVILA-Lite-2B-DATA_SCALE_EXP_400K-20251108_180221,obj1_closer,output/phasevar_5/0005_phA10_phB11.png,Is the magenta sphere closer to the camera than the cyan cube? Answer with yes or no.,No,No,22.046875,24.578125,True
/app/DATA/NVILA-Lite-2B-DATA_SCALE_EXP_400K-20251108_180221,obj1_closer,output/phasevar_5/0005_phA10_phB12.png,Is the magenta sphere closer to the camera than the cyan cube? Answer with yes or no.,No,No,22.28125,24.53125,True
/app/DATA/NVILA-Lite-2B-DATA_SCALE_EXP_400K-20251108_180221,obj1_closer,output/phasevar_5/0005_phA10_phB13.png,Is the magenta sphere closer to the camera than the cyan cube? Answer with yes or no.,No,No,22.53125,24.234375,True
/app/DATA/NVILA-Lite-2B-DATA_SCALE_EXP_400K-20251108_180221,obj1_closer,output/phasevar_5/0005_phA10_phB14.png,Is the magenta sphere closer to the camera than the cyan cube? Answer with yes or no.,No,No,22.96875,24.296875,True
/app/DATA/NVILA-Lite-2B-DATA_SCALE_EXP_400K-20251108_180221,obj1_closer,output/phasevar_5/0005_phA10_phB15.png,Is the magenta sphere closer to the camera than the cyan cube? Answer with yes or no.,No,Yes,23.84375,23.1875,False
/app/DATA/NVILA-Lite-2B-DATA_SCALE_EXP_400K-20251108_180221,obj1_closer,output/phasevar_5/0005_phA11_phB00.png,Is the magenta sphere closer to the camera than the cyan cube? Answer with yes or no.,No,Yes,23.890625,23.125,False
/app/DATA/NVILA-Lite-2B-DATA_SCALE_EXP_400K-20251108_180221,obj1_closer,output/phasevar_5/0005_phA11_phB01.png,Is the magenta sphere closer to the camera than the cyan cube? Answer with yes or no.,No,Yes,24.140625,22.8125,False
/app/DATA/NVILA-Lite-2B-DATA_SCALE_EXP_400K-20251108_180221,obj1_closer,output/phasevar_5/0005_phA11_phB02.png,Is the magenta sphere closer to the camera than the cyan cube? Answer with yes or no.,No,Yes,24.34375,23.3125,False
/app/DATA/NVILA-Lite-2B-DATA_SCALE_EXP_400K-20251108_180221,obj1_closer,output/phasevar_5/0005_phA11_phB03.png,Is the magenta sphere closer to the camera than the cyan cube? Answer with yes or no.,No,Yes,24.078125,22.359375,False
/app/DATA/NVILA-Lite-2B-DATA_SCALE_EXP_400K-20251108_180221,obj1_closer,output/phasevar_5/0005_phA11_phB04.png,Is the magenta sphere closer to the camera than the cyan cube? Answer with yes or no.,No,Yes,24.078125,22.359375,False
/app/DATA/NVILA-Lite-2B-DATA_SCALE_EXP_400K-20251108_180221,obj1_closer,output/phasevar_5/0005_phA11_phB05.png,Is the magenta sphere closer to the camera than the cyan cube? Answer with yes or no.,No,Yes,23.921875,22.671875,False
/app/DATA/NVILA-Lite-2B-DATA_SCALE_EXP_400K-20251108_180221,obj1_closer,output/phasevar_5/0005_phA11_phB06.png,Is the magenta sphere closer to the camera than the cyan cube? Answer with yes or no.,No,Yes,23.734375,23.109375,False
/app/DATA/NVILA-Lite-2B-DATA_SCALE_EXP_400K-20251108_180221,obj1_closer,output/phasevar_5/0005_phA11_phB07.png,Is the magenta sphere closer to the camera than the cyan cube? Answer with yes or no.,No,Yes,24.078125,22.921875,False
/app/DATA/NVILA-Lite-2B-DATA_SCALE_EXP_400K-20251108_180221,obj1_closer,output/phasevar_5/0005_phA11_phB08.png,Is the magenta sphere closer to the camera than the cyan cube? Answer with yes or no.,No,Yes,23.5625,23.171875,False
/app/DATA/NVILA-Lite-2B-DATA_SCALE_EXP_400K-20251108_180221,obj1_closer,output/phasevar_5/0005_phA11_phB09.png,Is the magenta sphere closer to the camera than the cyan cube? Answer with yes or no.,No,No,23.15625,23.484375,True
/app/DATA/NVILA-Lite-2B-DATA_SCALE_EXP_400K-20251108_180221,obj1_closer,output/phasevar_5/0005_phA11_phB10.png,Is the magenta sphere closer to the camera than the cyan cube? Answer with yes or no.,No,No,22.375,24.5625,True
/app/DATA/NVILA-Lite-2B-DATA_SCALE_EXP_400K-20251108_180221,obj1_closer,output/phasevar_5/0005_phA11_phB11.png,Is the magenta sphere closer to the camera than the cyan cube? Answer with yes or no.,No,No,21.890625,24.609375,True
/app/DATA/NVILA-Lite-2B-DATA_SCALE_EXP_400K-20251108_180221,obj1_closer,output/phasevar_5/0005_phA11_phB12.png,Is the magenta sphere closer to the camera than the cyan cube? Answer with yes or no.,No,No,21.828125,24.953125,True
/app/DATA/NVILA-Lite-2B-DATA_SCALE_EXP_400K-20251108_180221,obj1_closer,output/phasevar_5/0005_phA11_phB13.png,Is the magenta sphere closer to the camera than the cyan cube? Answer with yes or no.,No,No,22.140625,24.53125,True
/app/DATA/NVILA-Lite-2B-DATA_SCALE_EXP_400K-20251108_180221,obj1_closer,output/phasevar_5/0005_phA11_phB14.png,Is the magenta sphere closer to the camera than the cyan cube? Answer with yes or no.,No,No,22.765625,24.484375,True
/app/DATA/NVILA-Lite-2B-DATA_SCALE_EXP_400K-20251108_180221,obj1_closer,output/phasevar_5/0005_phA11_phB15.png,Is the magenta sphere closer to the camera than the cyan cube? Answer with yes or no.,No,Yes,23.734375,23.34375,False
/app/DATA/NVILA-Lite-2B-DATA_SCALE_EXP_400K-20251108_180221,obj1_closer,output/phasevar_5/0005_phA12_phB00.png,Is the magenta sphere closer to the camera than the cyan cube? Answer with yes or no.,No,Yes,23.78125,23.125,False
/app/DATA/NVILA-Lite-2B-DATA_SCALE_EXP_400K-20251108_180221,obj1_closer,output/phasevar_5/0005_phA12_phB01.png,Is the magenta sphere closer to the camera than the cyan cube? Answer with yes or no.,No,Yes,24.0,22.796875,False
/app/DATA/NVILA-Lite-2B-DATA_SCALE_EXP_400K-20251108_180221,obj1_closer,output/phasevar_5/0005_phA12_phB02.png,Is the magenta sphere closer to the camera than the cyan cube? Answer with yes or no.,No,Yes,24.25,23.28125,False
/app/DATA/NVILA-Lite-2B-DATA_SCALE_EXP_400K-20251108_180221,obj1_closer,output/phasevar_5/0005_phA12_phB03.png,Is the magenta sphere closer to the camera than the cyan cube? Answer with yes or no.,No,Yes,24.046875,22.375,False
/app/DATA/NVILA-Lite-2B-DATA_SCALE_EXP_400K-20251108_180221,obj1_closer,output/phasevar_5/0005_phA12_phB04.png,Is the magenta sphere closer to the camera than the cyan cube? Answer with yes or no.,No,Yes,24.125,22.46875,False
/app/DATA/NVILA-Lite-2B-DATA_SCALE_EXP_400K-20251108_180221,obj1_closer,output/phasevar_5/0005_phA12_phB05.png,Is the magenta sphere closer to the camera than the cyan cube? Answer with yes or no.,No,Yes,24.125,22.765625,False
/app/DATA/NVILA-Lite-2B-DATA_SCALE_EXP_400K-20251108_180221,obj1_closer,output/phasevar_5/0005_phA12_phB06.png,Is the magenta sphere closer to the camera than the cyan cube? Answer with yes or no.,No,Yes,23.90625,23.140625,False
/app/DATA/NVILA-Lite-2B-DATA_SCALE_EXP_400K-20251108_180221,obj1_closer,output/phasevar_5/0005_phA12_phB07.png,Is the magenta sphere closer to the camera than the cyan cube? Answer with yes or no.,No,Yes,24.203125,22.984375,False
/app/DATA/NVILA-Lite-2B-DATA_SCALE_EXP_400K-20251108_180221,obj1_closer,output/phasevar_5/0005_phA12_phB08.png,Is the magenta sphere closer to the camera than the cyan cube? Answer with yes or no.,No,Yes,23.734375,23.25,False
/app/DATA/NVILA-Lite-2B-DATA_SCALE_EXP_400K-20251108_180221,obj1_closer,output/phasevar_5/0005_phA12_phB09.png,Is the magenta sphere closer to the camera than the cyan cube? Answer with yes or no.,No,No,23.28125,23.46875,True
/app/DATA/NVILA-Lite-2B-DATA_SCALE_EXP_400K-20251108_180221,obj1_closer,output/phasevar_5/0005_phA12_phB10.png,Is the magenta sphere closer to the camera than the cyan cube? Answer with yes or no.,No,No,22.5,24.5,True
/app/DATA/NVILA-Lite-2B-DATA_SCALE_EXP_400K-20251108_180221,obj1_closer,output/phasevar_5/0005_phA12_phB11.png,Is the magenta sphere closer to the camera than the cyan cube? Answer with yes or no.,No,No,22.015625,24.515625,True
/app/DATA/NVILA-Lite-2B-DATA_SCALE_EXP_400K-20251108_180221,obj1_closer,output/phasevar_5/0005_phA12_phB12.png,Is the magenta sphere closer to the camera than the cyan cube? Answer with yes or no.,No,No,21.703125,24.875,True
/app/DATA/NVILA-Lite-2B-DATA_SCALE_EXP_400K-20251108_180221,obj1_closer,output/phasevar_5/0005_phA12_phB13.png,Is the magenta sphere closer to the camera than the cyan cube? Answer with yes or no.,No,No,21.9375,24.6875,True
/app/DATA/NVILA-Lite-2B-DATA_SCALE_EXP_400K-20251108_180221,obj1_closer,output/phasevar_5/0005_phA12_phB14.png,Is the magenta sphere closer to the camera than the cyan cube? Answer with yes or no.,No,No,22.578125,24.53125,True
/app/DATA/NVILA-Lite-2B-DATA_SCALE_EXP_400K-20251108_180221,obj1_closer,output/phasevar_5/0005_phA12_phB15.png,Is the magenta sphere closer to the camera than the cyan cube? Answer with yes or no.,No,Yes,23.5625,23.421875,False
/app/DATA/NVILA-Lite-2B-DATA_SCALE_EXP_400K-20251108_180221,obj1_closer,output/phasevar_5/0005_phA13_phB00.png,Is the magenta sphere closer to the camera than the cyan cube? Answer with yes or no.,No,Yes,23.796875,23.09375,False
/app/DATA/NVILA-Lite-2B-DATA_SCALE_EXP_400K-20251108_180221,obj1_closer,output/phasevar_5/0005_phA13_phB01.png,Is the magenta sphere closer to the camera than the cyan cube? Answer with yes or no.,No,Yes,24.09375,22.828125,False
/app/DATA/NVILA-Lite-2B-DATA_SCALE_EXP_400K-20251108_180221,obj1_closer,output/phasevar_5/0005_phA13_phB02.png,Is the magenta sphere closer to the camera than the cyan cube? Answer with yes or no.,No,Yes,24.359375,23.359375,False
/app/DATA/NVILA-Lite-2B-DATA_SCALE_EXP_400K-20251108_180221,obj1_closer,output/phasevar_5/0005_phA13_phB03.png,Is the magenta sphere closer to the camera than the cyan cube? Answer with yes or no.,No,Yes,24.1875,22.4375,False
/app/DATA/NVILA-Lite-2B-DATA_SCALE_EXP_400K-20251108_180221,obj1_closer,output/phasevar_5/0005_phA13_phB04.png,Is the magenta sphere closer to the camera than the cyan cube? Answer with yes or no.,No,Yes,24.5,22.546875,False
/app/DATA/NVILA-Lite-2B-DATA_SCALE_EXP_400K-20251108_180221,obj1_closer,output/phasevar_5/0005_phA13_phB05.png,Is the magenta sphere closer to the camera than the cyan cube? Answer with yes or no.,No,Yes,24.515625,22.859375,False
/app/DATA/NVILA-Lite-2B-DATA_SCALE_EXP_400K-20251108_180221,obj1_closer,output/phasevar_5/0005_phA13_phB06.png,Is the magenta sphere closer to the camera than the cyan cube? Answer with yes or no.,No,Yes,24.125,23.21875,False
/app/DATA/NVILA-Lite-2B-DATA_SCALE_EXP_400K-20251108_180221,obj1_closer,output/phasevar_5/0005_phA13_phB07.png,Is the magenta sphere closer to the camera than the cyan cube? Answer with yes or no.,No,Yes,24.46875,23.0625,False
/app/DATA/NVILA-Lite-2B-DATA_SCALE_EXP_400K-20251108_180221,obj1_closer,output/phasevar_5/0005_phA13_phB08.png,Is the magenta sphere closer to the camera than the cyan cube? Answer with yes or no.,No,Yes,24.046875,23.3125,False
/app/DATA/NVILA-Lite-2B-DATA_SCALE_EXP_400K-20251108_180221,obj1_closer,output/phasevar_5/0005_phA13_phB09.png,Is the magenta sphere closer to the camera than the cyan cube? Answer with yes or no.,No,Yes,23.53125,23.421875,False
/app/DATA/NVILA-Lite-2B-DATA_SCALE_EXP_400K-20251108_180221,obj1_closer,output/phasevar_5/0005_phA13_phB10.png,Is the magenta sphere closer to the camera than the cyan cube? Answer with yes or no.,No,No,22.609375,24.25,True
/app/DATA/NVILA-Lite-2B-DATA_SCALE_EXP_400K-20251108_180221,obj1_closer,output/phasevar_5/0005_phA13_phB11.png,Is the magenta sphere closer to the camera than the cyan cube? Answer with yes or no.,No,No,22.1875,24.234375,True
/app/DATA/NVILA-Lite-2B-DATA_SCALE_EXP_400K-20251108_180221,obj1_closer,output/phasevar_5/0005_phA13_phB12.png,Is the magenta sphere closer to the camera than the cyan cube? Answer with yes or no.,No,No,21.90625,24.796875,True
/app/DATA/NVILA-Lite-2B-DATA_SCALE_EXP_400K-20251108_180221,obj1_closer,output/phasevar_5/0005_phA13_phB13.png,Is the magenta sphere closer to the camera than the cyan cube? Answer with yes or no.,No,No,21.96875,24.8125,True
/app/DATA/NVILA-Lite-2B-DATA_SCALE_EXP_400K-20251108_180221,obj1_closer,output/phasevar_5/0005_phA13_phB14.png,Is the magenta sphere closer to the camera than the cyan cube? Answer with yes or no.,No,No,22.546875,24.609375,True
/app/DATA/NVILA-Lite-2B-DATA_SCALE_EXP_400K-20251108_180221,obj1_closer,output/phasevar_5/0005_phA13_phB15.png,Is the magenta sphere closer to the camera than the cyan cube? Answer with yes or no.,No,Yes,23.671875,23.40625,False
/app/DATA/NVILA-Lite-2B-DATA_SCALE_EXP_400K-20251108_180221,obj1_closer,output/phasevar_5/0005_phA14_phB00.png,Is the magenta sphere closer to the camera than the cyan cube? Answer with yes or no.,No,Yes,23.6875,23.140625,False
/app/DATA/NVILA-Lite-2B-DATA_SCALE_EXP_400K-20251108_180221,obj1_closer,output/phasevar_5/0005_phA14_phB01.png,Is the magenta sphere closer to the camera than the cyan cube? Answer with yes or no.,No,Yes,24.0,23.015625,False
/app/DATA/NVILA-Lite-2B-DATA_SCALE_EXP_400K-20251108_180221,obj1_closer,output/phasevar_5/0005_phA14_phB02.png,Is the magenta sphere closer to the camera than the cyan cube? Answer with yes or no.,No,Yes,24.390625,23.640625,False
/app/DATA/NVILA-Lite-2B-DATA_SCALE_EXP_400K-20251108_180221,obj1_closer,output/phasevar_5/0005_phA14_phB03.png,Is the magenta sphere closer to the camera than the cyan cube? Answer with yes or no.,No,Yes,24.21875,22.640625,False
/app/DATA/NVILA-Lite-2B-DATA_SCALE_EXP_400K-20251108_180221,obj1_closer,output/phasevar_5/0005_phA14_phB04.png,Is the magenta sphere closer to the camera than the cyan cube? Answer with yes or no.,No,Yes,24.796875,22.78125,False
/app/DATA/NVILA-Lite-2B-DATA_SCALE_EXP_400K-20251108_180221,obj1_closer,output/phasevar_5/0005_phA14_phB05.png,Is the magenta sphere closer to the camera than the cyan cube? Answer with yes or no.,No,Yes,24.71875,23.0625,False
/app/DATA/NVILA-Lite-2B-DATA_SCALE_EXP_400K-20251108_180221,obj1_closer,output/phasevar_5/0005_phA14_phB06.png,Is the magenta sphere closer to the camera than the cyan cube? Answer with yes or no.,No,Yes,24.34375,23.40625,False
/app/DATA/NVILA-Lite-2B-DATA_SCALE_EXP_400K-20251108_180221,obj1_closer,output/phasevar_5/0005_phA14_phB07.png,Is the magenta sphere closer to the camera than the cyan cube? Answer with yes or no.,No,Yes,24.5625,23.28125,False
/app/DATA/NVILA-Lite-2B-DATA_SCALE_EXP_400K-20251108_180221,obj1_closer,output/phasevar_5/0005_phA14_phB08.png,Is the magenta sphere closer to the camera than the cyan cube? Answer with yes or no.,No,Yes,24.125,23.46875,False
/app/DATA/NVILA-Lite-2B-DATA_SCALE_EXP_400K-20251108_180221,obj1_closer,output/phasevar_5/0005_phA14_phB09.png,Is the magenta sphere closer to the camera than the cyan cube? Answer with yes or no.,No,Yes,23.65625,23.53125,False
/app/DATA/NVILA-Lite-2B-DATA_SCALE_EXP_400K-20251108_180221,obj1_closer,output/phasevar_5/0005_phA14_phB10.png,Is the magenta sphere closer to the camera than the cyan cube? Answer with yes or no.,No,No,22.78125,24.296875,True
/app/DATA/NVILA-Lite-2B-DATA_SCALE_EXP_400K-20251108_180221,obj1_closer,output/phasevar_5/0005_phA14_phB11.png,Is the magenta sphere closer to the camera than the cyan cube? Answer with yes or no.,No,No,22.53125,24.25,True
/app/DATA/NVILA-Lite-2B-DATA_SCALE_EXP_400K-20251108_180221,obj1_closer,output/phasevar_5/0005_phA14_phB12.png,Is the magenta sphere closer to the camera than the cyan cube? Answer with yes or no.,No,No,22.296875,24.6875,True
/app/DATA/NVILA-Lite-2B-DATA_SCALE_EXP_400K-20251108_180221,obj1_closer,output/phasevar_5/0005_phA14_phB13.png,Is the magenta sphere closer to the camera than the cyan cube? Answer with yes or no.,No,No,22.125,24.6875,True
/app/DATA/NVILA-Lite-2B-DATA_SCALE_EXP_400K-20251108_180221,obj1_closer,output/phasevar_5/0005_phA14_phB14.png,Is the magenta sphere closer to the camera than the cyan cube? Answer with yes or no.,No,No,22.421875,25.0,True
/app/DATA/NVILA-Lite-2B-DATA_SCALE_EXP_400K-20251108_180221,obj1_closer,output/phasevar_5/0005_phA14_phB15.png,Is the magenta sphere closer to the camera than the cyan cube? Answer with yes or no.,No,No,23.40625,23.46875,True
/app/DATA/NVILA-Lite-2B-DATA_SCALE_EXP_400K-20251108_180221,obj1_closer,output/phasevar_5/0005_phA15_phB00.png,Is the magenta sphere closer to the camera than the cyan cube? Answer with yes or no.,No,Yes,23.5,23.234375,False
/app/DATA/NVILA-Lite-2B-DATA_SCALE_EXP_400K-20251108_180221,obj1_closer,output/phasevar_5/0005_phA15_phB01.png,Is the magenta sphere closer to the camera than the cyan cube? Answer with yes or no.,No,Yes,23.984375,23.09375,False
/app/DATA/NVILA-Lite-2B-DATA_SCALE_EXP_400K-20251108_180221,obj1_closer,output/phasevar_5/0005_phA15_phB02.png,Is the magenta sphere closer to the camera than the cyan cube? Answer with yes or no.,No,Yes,24.140625,23.515625,False
/app/DATA/NVILA-Lite-2B-DATA_SCALE_EXP_400K-20251108_180221,obj1_closer,output/phasevar_5/0005_phA15_phB03.png,Is the magenta sphere closer to the camera than the cyan cube? Answer with yes or no.,No,Yes,24.015625,22.609375,False
/app/DATA/NVILA-Lite-2B-DATA_SCALE_EXP_400K-20251108_180221,obj1_closer,output/phasevar_5/0005_phA15_phB04.png,Is the magenta sphere closer to the camera than the cyan cube? Answer with yes or no.,No,Yes,24.78125,22.859375,False
/app/DATA/NVILA-Lite-2B-DATA_SCALE_EXP_400K-20251108_180221,obj1_closer,output/phasevar_5/0005_phA15_phB05.png,Is the magenta sphere closer to the camera than the cyan cube? Answer with yes or no.,No,Yes,24.625,23.15625,False
/app/DATA/NVILA-Lite-2B-DATA_SCALE_EXP_400K-20251108_180221,obj1_closer,output/phasevar_5/0005_phA15_phB06.png,Is the magenta sphere closer to the camera than the cyan cube? Answer with yes or no.,No,Yes,24.125,23.359375,False
/app/DATA/NVILA-Lite-2B-DATA_SCALE_EXP_400K-20251108_180221,obj1_closer,output/phasevar_5/0005_phA15_phB07.png,Is the magenta sphere closer to the camera than the cyan cube? Answer with yes or no.,No,Yes,24.4375,23.296875,False
/app/DATA/NVILA-Lite-2B-DATA_SCALE_EXP_400K-20251108_180221,obj1_closer,output/phasevar_5/0005_phA15_phB08.png,Is the magenta sphere closer to the camera than the cyan cube? Answer with yes or no.,No,Yes,24.046875,23.421875,False
/app/DATA/NVILA-Lite-2B-DATA_SCALE_EXP_400K-20251108_180221,obj1_closer,output/phasevar_5/0005_phA15_phB09.png,Is the magenta sphere closer to the camera than the cyan cube? Answer with yes or no.,No,No,23.5,23.578125,True
/app/DATA/NVILA-Lite-2B-DATA_SCALE_EXP_400K-20251108_180221,obj1_closer,output/phasevar_5/0005_phA15_phB10.png,Is the magenta sphere closer to the camera than the cyan cube? Answer with yes or no.,No,No,22.921875,24.359375,True
/app/DATA/NVILA-Lite-2B-DATA_SCALE_EXP_400K-20251108_180221,obj1_closer,output/phasevar_5/0005_phA15_phB11.png,Is the magenta sphere closer to the camera than the cyan cube? Answer with yes or no.,No,No,22.84375,24.25,True
/app/DATA/NVILA-Lite-2B-DATA_SCALE_EXP_400K-20251108_180221,obj1_closer,output/phasevar_5/0005_phA15_phB12.png,Is the magenta sphere closer to the camera than the cyan cube? Answer with yes or no.,No,No,22.546875,24.796875,True
/app/DATA/NVILA-Lite-2B-DATA_SCALE_EXP_400K-20251108_180221,obj1_closer,output/phasevar_5/0005_phA15_phB13.png,Is the magenta sphere closer to the camera than the cyan cube? Answer with yes or no.,No,No,22.34375,24.765625,True
/app/DATA/NVILA-Lite-2B-DATA_SCALE_EXP_400K-20251108_180221,obj1_closer,output/phasevar_5/0005_phA15_phB14.png,Is the magenta sphere closer to the camera than the cyan cube? Answer with yes or no.,No,No,22.53125,25.125,True
/app/DATA/NVILA-Lite-2B-DATA_SCALE_EXP_400K-20251108_180221,obj1_closer,output/phasevar_5/0005_phA15_phB15.png,Is the magenta sphere closer to the camera than the cyan cube? Answer with yes or no.,No,No,23.140625,23.828125,True
/app/DATA/NVILA-Lite-2B-DATA_SCALE_EXP_400K-20251108_180221,obj1_closer,output/phasevar_5/0006_phA00_phB00.png,Is the red cube closer to the camera than the blue cube? Answer with yes or no.,No,No,23.625,23.796875,True
/app/DATA/NVILA-Lite-2B-DATA_SCALE_EXP_400K-20251108_180221,obj1_closer,output/phasevar_5/0006_phA00_phB01.png,Is the red cube closer to the camera than the blue cube? Answer with yes or no.,No,Yes,23.921875,23.5,False
/app/DATA/NVILA-Lite-2B-DATA_SCALE_EXP_400K-20251108_180221,obj1_closer,output/phasevar_5/0006_phA00_phB02.png,Is the red cube closer to the camera than the blue cube? Answer with yes or no.,No,No,23.890625,24.046875,True
/app/DATA/NVILA-Lite-2B-DATA_SCALE_EXP_400K-20251108_180221,obj1_closer,output/phasevar_5/0006_phA00_phB03.png,Is the red cube closer to the camera than the blue cube? Answer with yes or no.,No,Yes,23.59375,22.90625,False
/app/DATA/NVILA-Lite-2B-DATA_SCALE_EXP_400K-20251108_180221,obj1_closer,output/phasevar_5/0006_phA00_phB04.png,Is the red cube closer to the camera than the blue cube? Answer with yes or no.,No,Yes,24.515625,23.25,False
/app/DATA/NVILA-Lite-2B-DATA_SCALE_EXP_400K-20251108_180221,obj1_closer,output/phasevar_5/0006_phA00_phB05.png,Is the red cube closer to the camera than the blue cube? Answer with yes or no.,No,Yes,23.9375,23.421875,False
/app/DATA/NVILA-Lite-2B-DATA_SCALE_EXP_400K-20251108_180221,obj1_closer,output/phasevar_5/0006_phA00_phB06.png,Is the red cube closer to the camera than the blue cube? Answer with yes or no.,No,No,23.859375,23.9375,True
/app/DATA/NVILA-Lite-2B-DATA_SCALE_EXP_400K-20251108_180221,obj1_closer,output/phasevar_5/0006_phA00_phB07.png,Is the red cube closer to the camera than the blue cube? Answer with yes or no.,No,Yes,23.90625,23.625,False
/app/DATA/NVILA-Lite-2B-DATA_SCALE_EXP_400K-20251108_180221,obj1_closer,output/phasevar_5/0006_phA00_phB08.png,Is the red cube closer to the camera than the blue cube? Answer with yes or no.,No,No,23.59375,23.6875,True
/app/DATA/NVILA-Lite-2B-DATA_SCALE_EXP_400K-20251108_180221,obj1_closer,output/phasevar_5/0006_phA00_phB09.png,Is the red cube closer to the camera than the blue cube? Answer with yes or no.,No,No,23.390625,23.703125,True
/app/DATA/NVILA-Lite-2B-DATA_SCALE_EXP_400K-20251108_180221,obj1_closer,output/phasevar_5/0006_phA00_phB10.png,Is the red cube closer to the camera than the blue cube? Answer with yes or no.,No,No,22.875,24.734375,True
/app/DATA/NVILA-Lite-2B-DATA_SCALE_EXP_400K-20251108_180221,obj1_closer,output/phasevar_5/0006_phA00_phB11.png,Is the red cube closer to the camera than the blue cube? Answer with yes or no.,No,No,22.53125,24.25,True
/app/DATA/NVILA-Lite-2B-DATA_SCALE_EXP_400K-20251108_180221,obj1_closer,output/phasevar_5/0006_phA00_phB12.png,Is the red cube closer to the camera than the blue cube? Answer with yes or no.,No,No,22.125,24.5625,True
/app/DATA/NVILA-Lite-2B-DATA_SCALE_EXP_400K-20251108_180221,obj1_closer,output/phasevar_5/0006_phA00_phB13.png,Is the red cube closer to the camera than the blue cube? Answer with yes or no.,No,No,22.09375,24.609375,True
/app/DATA/NVILA-Lite-2B-DATA_SCALE_EXP_400K-20251108_180221,obj1_closer,output/phasevar_5/0006_phA00_phB14.png,Is the red cube closer to the camera than the blue cube? Answer with yes or no.,No,No,22.84375,24.8125,True
/app/DATA/NVILA-Lite-2B-DATA_SCALE_EXP_400K-20251108_180221,obj1_closer,output/phasevar_5/0006_phA00_phB15.png,Is the red cube closer to the camera than the blue cube? Answer with yes or no.,No,No,23.328125,24.109375,True
/app/DATA/NVILA-Lite-2B-DATA_SCALE_EXP_400K-20251108_180221,obj1_closer,output/phasevar_5/0006_phA01_phB00.png,Is the red cube closer to the camera than the blue cube? Answer with yes or no.,No,No,23.453125,23.9375,True
/app/DATA/NVILA-Lite-2B-DATA_SCALE_EXP_400K-20251108_180221,obj1_closer,output/phasevar_5/0006_phA01_phB01.png,Is the red cube closer to the camera than the blue cube? Answer with yes or no.,No,No,23.4375,23.53125,True
/app/DATA/NVILA-Lite-2B-DATA_SCALE_EXP_400K-20251108_180221,obj1_closer,output/phasevar_5/0006_phA01_phB02.png,Is the red cube closer to the camera than the blue cube? Answer with yes or no.,No,No,23.578125,23.953125,True
/app/DATA/NVILA-Lite-2B-DATA_SCALE_EXP_400K-20251108_180221,obj1_closer,output/phasevar_5/0006_phA01_phB03.png,Is the red cube closer to the camera than the blue cube? Answer with yes or no.,No,Yes,22.984375,22.84375,False
/app/DATA/NVILA-Lite-2B-DATA_SCALE_EXP_400K-20251108_180221,obj1_closer,output/phasevar_5/0006_phA01_phB04.png,Is the red cube closer to the camera than the blue cube? Answer with yes or no.,No,Yes,23.90625,23.15625,False
/app/DATA/NVILA-Lite-2B-DATA_SCALE_EXP_400K-20251108_180221,obj1_closer,output/phasevar_5/0006_phA01_phB05.png,Is the red cube closer to the camera than the blue cube? Answer with yes or no.,No,Yes,23.546875,23.375,False
/app/DATA/NVILA-Lite-2B-DATA_SCALE_EXP_400K-20251108_180221,obj1_closer,output/phasevar_5/0006_phA01_phB06.png,Is the red cube closer to the camera than the blue cube? Answer with yes or no.,No,No,23.609375,23.90625,True
/app/DATA/NVILA-Lite-2B-DATA_SCALE_EXP_400K-20251108_180221,obj1_closer,output/phasevar_5/0006_phA01_phB07.png,Is the red cube closer to the camera than the blue cube? Answer with yes or no.,No,No,23.609375,23.625,True
/app/DATA/NVILA-Lite-2B-DATA_SCALE_EXP_400K-20251108_180221,obj1_closer,output/phasevar_5/0006_phA01_phB08.png,Is the red cube closer to the camera than the blue cube? Answer with yes or no.,No,No,23.375,23.828125,True
/app/DATA/NVILA-Lite-2B-DATA_SCALE_EXP_400K-20251108_180221,obj1_closer,output/phasevar_5/0006_phA01_phB09.png,Is the red cube closer to the camera than the blue cube? Answer with yes or no.,No,No,23.234375,23.84375,True
/app/DATA/NVILA-Lite-2B-DATA_SCALE_EXP_400K-20251108_180221,obj1_closer,output/phasevar_5/0006_phA01_phB10.png,Is the red cube closer to the camera than the blue cube? Answer with yes or no.,No,No,22.828125,24.625,True
/app/DATA/NVILA-Lite-2B-DATA_SCALE_EXP_400K-20251108_180221,obj1_closer,output/phasevar_5/0006_phA01_phB11.png,Is the red cube closer to the camera than the blue cube? Answer with yes or no.,No,No,22.53125,24.421875,True
/app/DATA/NVILA-Lite-2B-DATA_SCALE_EXP_400K-20251108_180221,obj1_closer,output/phasevar_5/0006_phA01_phB12.png,Is the red cube closer to the camera than the blue cube? Answer with yes or no.,No,No,22.1875,24.6875,True
/app/DATA/NVILA-Lite-2B-DATA_SCALE_EXP_400K-20251108_180221,obj1_closer,output/phasevar_5/0006_phA01_phB13.png,Is the red cube closer to the camera than the blue cube? Answer with yes or no.,No,No,22.171875,24.578125,True
/app/DATA/NVILA-Lite-2B-DATA_SCALE_EXP_400K-20251108_180221,obj1_closer,output/phasevar_5/0006_phA01_phB14.png,Is the red cube closer to the camera than the blue cube? Answer with yes or no.,No,No,22.8125,24.71875,True
/app/DATA/NVILA-Lite-2B-DATA_SCALE_EXP_400K-20251108_180221,obj1_closer,output/phasevar_5/0006_phA01_phB15.png,Is the red cube closer to the camera than the blue cube? Answer with yes or no.,No,No,23.25,24.15625,True
/app/DATA/NVILA-Lite-2B-DATA_SCALE_EXP_400K-20251108_180221,obj1_closer,output/phasevar_5/0006_phA02_phB00.png,Is the red cube closer to the camera than the blue cube? Answer with yes or no.,No,No,23.15625,23.921875,True
/app/DATA/NVILA-Lite-2B-DATA_SCALE_EXP_400K-20251108_180221,obj1_closer,output/phasevar_5/0006_phA02_phB01.png,Is the red cube closer to the camera than the blue cube? Answer with yes or no.,No,No,23.09375,23.5,True
/app/DATA/NVILA-Lite-2B-DATA_SCALE_EXP_400K-20251108_180221,obj1_closer,output/phasevar_5/0006_phA02_phB02.png,Is the red cube closer to the camera than the blue cube? Answer with yes or no.,No,No,23.421875,24.046875,True
/app/DATA/NVILA-Lite-2B-DATA_SCALE_EXP_400K-20251108_180221,obj1_closer,output/phasevar_5/0006_phA02_phB03.png,Is the red cube closer to the camera than the blue cube? Answer with yes or no.,No,No,22.828125,23.03125,True
/app/DATA/NVILA-Lite-2B-DATA_SCALE_EXP_400K-20251108_180221,obj1_closer,output/phasevar_5/0006_phA02_phB04.png,Is the red cube closer to the camera than the blue cube? Answer with yes or no.,No,Yes,23.546875,23.25,False
/app/DATA/NVILA-Lite-2B-DATA_SCALE_EXP_400K-20251108_180221,obj1_closer,output/phasevar_5/0006_phA02_phB05.png,Is the red cube closer to the camera than the blue cube? Answer with yes or no.,No,No,23.265625,23.421875,True
/app/DATA/NVILA-Lite-2B-DATA_SCALE_EXP_400K-20251108_180221,obj1_closer,output/phasevar_5/0006_phA02_phB06.png,Is the red cube closer to the camera than the blue cube? Answer with yes or no.,No,No,23.359375,23.890625,True
/app/DATA/NVILA-Lite-2B-DATA_SCALE_EXP_400K-20251108_180221,obj1_closer,output/phasevar_5/0006_phA02_phB07.png,Is the red cube closer to the camera than the blue cube? Answer with yes or no.,No,No,23.28125,23.609375,True
/app/DATA/NVILA-Lite-2B-DATA_SCALE_EXP_400K-20251108_180221,obj1_closer,output/phasevar_5/0006_phA02_phB08.png,Is the red cube closer to the camera than the blue cube? Answer with yes or no.,No,No,23.171875,23.796875,True
/app/DATA/NVILA-Lite-2B-DATA_SCALE_EXP_400K-20251108_180221,obj1_closer,output/phasevar_5/0006_phA02_phB09.png,Is the red cube closer to the camera than the blue cube? Answer with yes or no.,No,No,23.0625,23.8125,True
/app/DATA/NVILA-Lite-2B-DATA_SCALE_EXP_400K-20251108_180221,obj1_closer,output/phasevar_5/0006_phA02_phB10.png,Is the red cube closer to the camera than the blue cube? Answer with yes or no.,No,No,22.78125,24.65625,True
/app/DATA/NVILA-Lite-2B-DATA_SCALE_EXP_400K-20251108_180221,obj1_closer,output/phasevar_5/0006_phA02_phB11.png,Is the red cube closer to the camera than the blue cube? Answer with yes or no.,No,No,22.53125,24.4375,True
/app/DATA/NVILA-Lite-2B-DATA_SCALE_EXP_400K-20251108_180221,obj1_closer,output/phasevar_5/0006_phA02_phB12.png,Is the red cube closer to the camera than the blue cube? Answer with yes or no.,No,No,22.296875,24.5,True
/app/DATA/NVILA-Lite-2B-DATA_SCALE_EXP_400K-20251108_180221,obj1_closer,output/phasevar_5/0006_phA02_phB13.png,Is the red cube closer to the camera than the blue cube? Answer with yes or no.,No,No,22.234375,24.671875,True
/app/DATA/NVILA-Lite-2B-DATA_SCALE_EXP_400K-20251108_180221,obj1_closer,output/phasevar_5/0006_phA02_phB14.png,Is the red cube closer to the camera than the blue cube? Answer with yes or no.,No,No,22.859375,24.671875,True
/app/DATA/NVILA-Lite-2B-DATA_SCALE_EXP_400K-20251108_180221,obj1_closer,output/phasevar_5/0006_phA02_phB15.png,Is the red cube closer to the camera than the blue cube? Answer with yes or no.,No,No,23.078125,24.09375,True
/app/DATA/NVILA-Lite-2B-DATA_SCALE_EXP_400K-20251108_180221,obj1_closer,output/phasevar_5/0006_phA03_phB00.png,Is the red cube closer to the camera than the blue cube? Answer with yes or no.,No,No,23.3125,24.046875,True
/app/DATA/NVILA-Lite-2B-DATA_SCALE_EXP_400K-20251108_180221,obj1_closer,output/phasevar_5/0006_phA03_phB01.png,Is the red cube closer to the camera than the blue cube? Answer with yes or no.,No,No,23.21875,23.671875,True
/app/DATA/NVILA-Lite-2B-DATA_SCALE_EXP_400K-20251108_180221,obj1_closer,output/phasevar_5/0006_phA03_phB02.png,Is the red cube closer to the camera than the blue cube? Answer with yes or no.,No,No,23.484375,24.09375,True
/app/DATA/NVILA-Lite-2B-DATA_SCALE_EXP_400K-20251108_180221,obj1_closer,output/phasevar_5/0006_phA03_phB03.png,Is the red cube closer to the camera than the blue cube? Answer with yes or no.,No,No,22.6875,23.140625,True
/app/DATA/NVILA-Lite-2B-DATA_SCALE_EXP_400K-20251108_180221,obj1_closer,output/phasevar_5/0006_phA03_phB04.png,Is the red cube closer to the camera than the blue cube? Answer with yes or no.,No,Yes,23.296875,23.21875,False
/app/DATA/NVILA-Lite-2B-DATA_SCALE_EXP_400K-20251108_180221,obj1_closer,output/phasevar_5/0006_phA03_phB05.png,Is the red cube closer to the camera than the blue cube? Answer with yes or no.,No,No,23.125,23.53125,True
/app/DATA/NVILA-Lite-2B-DATA_SCALE_EXP_400K-20251108_180221,obj1_closer,output/phasevar_5/0006_phA03_phB06.png,Is the red cube closer to the camera than the blue cube? Answer with yes or no.,No,No,23.28125,23.9375,True
/app/DATA/NVILA-Lite-2B-DATA_SCALE_EXP_400K-20251108_180221,obj1_closer,output/phasevar_5/0006_phA03_phB07.png,Is the red cube closer to the camera than the blue cube? Answer with yes or no.,No,No,23.25,23.65625,True
/app/DATA/NVILA-Lite-2B-DATA_SCALE_EXP_400K-20251108_180221,obj1_closer,output/phasevar_5/0006_phA03_phB08.png,Is the red cube closer to the camera than the blue cube? Answer with yes or no.,No,No,23.15625,23.84375,True
/app/DATA/NVILA-Lite-2B-DATA_SCALE_EXP_400K-20251108_180221,obj1_closer,output/phasevar_5/0006_phA03_phB09.png,Is the red cube closer to the camera than the blue cube? Answer with yes or no.,No,No,23.109375,23.875,True
/app/DATA/NVILA-Lite-2B-DATA_SCALE_EXP_400K-20251108_180221,obj1_closer,output/phasevar_5/0006_phA03_phB10.png,Is the red cube closer to the camera than the blue cube? Answer with yes or no.,No,No,22.78125,24.703125,True
/app/DATA/NVILA-Lite-2B-DATA_SCALE_EXP_400K-20251108_180221,obj1_closer,output/phasevar_5/0006_phA03_phB11.png,Is the red cube closer to the camera than the blue cube? Answer with yes or no.,No,No,22.46875,24.546875,True
/app/DATA/NVILA-Lite-2B-DATA_SCALE_EXP_400K-20251108_180221,obj1_closer,output/phasevar_5/0006_phA03_phB12.png,Is the red cube closer to the camera than the blue cube? Answer with yes or no.,No,No,22.25,24.671875,True
/app/DATA/NVILA-Lite-2B-DATA_SCALE_EXP_400K-20251108_180221,obj1_closer,output/phasevar_5/0006_phA03_phB13.png,Is the red cube closer to the camera than the blue cube? Answer with yes or no.,No,No,22.28125,24.734375,True
/app/DATA/NVILA-Lite-2B-DATA_SCALE_EXP_400K-20251108_180221,obj1_closer,output/phasevar_5/0006_phA03_phB14.png,Is the red cube closer to the camera than the blue cube? Answer with yes or no.,No,No,22.984375,24.71875,True
/app/DATA/NVILA-Lite-2B-DATA_SCALE_EXP_400K-20251108_180221,obj1_closer,output/phasevar_5/0006_phA03_phB15.png,Is the red cube closer to the camera than the blue cube? Answer with yes or no.,No,No,23.234375,24.125,True
/app/DATA/NVILA-Lite-2B-DATA_SCALE_EXP_400K-20251108_180221,obj1_closer,output/phasevar_5/0006_phA04_phB00.png,Is the red cube closer to the camera than the blue cube? Answer with yes or no.,No,No,23.625,24.296875,True
/app/DATA/NVILA-Lite-2B-DATA_SCALE_EXP_400K-20251108_180221,obj1_closer,output/phasevar_5/0006_phA04_phB01.png,Is the red cube closer to the camera than the blue cube? Answer with yes or no.,No,No,23.46875,23.84375,True
/app/DATA/NVILA-Lite-2B-DATA_SCALE_EXP_400K-20251108_180221,obj1_closer,output/phasevar_5/0006_phA04_phB02.png,Is the red cube closer to the camera than the blue cube? Answer with yes or no.,No,No,23.546875,24.234375,True
/app/DATA/NVILA-Lite-2B-DATA_SCALE_EXP_400K-20251108_180221,obj1_closer,output/phasevar_5/0006_phA04_phB03.png,Is the red cube closer to the camera than the blue cube? Answer with yes or no.,No,No,22.71875,23.375,True
/app/DATA/NVILA-Lite-2B-DATA_SCALE_EXP_400K-20251108_180221,obj1_closer,output/phasevar_5/0006_phA04_phB04.png,Is the red cube closer to the camera than the blue cube? Answer with yes or no.,No,Yes,23.3125,23.28125,False
/app/DATA/NVILA-Lite-2B-DATA_SCALE_EXP_400K-20251108_180221,obj1_closer,output/phasevar_5/0006_phA04_phB05.png,Is the red cube closer to the camera than the blue cube? Answer with yes or no.,No,No,23.140625,23.734375,True
/app/DATA/NVILA-Lite-2B-DATA_SCALE_EXP_400K-20251108_180221,obj1_closer,output/phasevar_5/0006_phA04_phB06.png,Is the red cube closer to the camera than the blue cube? Answer with yes or no.,No,No,23.28125,24.109375,True
/app/DATA/NVILA-Lite-2B-DATA_SCALE_EXP_400K-20251108_180221,obj1_closer,output/phasevar_5/0006_phA04_phB07.png,Is the red cube closer to the camera than the blue cube? Answer with yes or no.,No,No,23.34375,23.71875,True
/app/DATA/NVILA-Lite-2B-DATA_SCALE_EXP_400K-20251108_180221,obj1_closer,output/phasevar_5/0006_phA04_phB08.png,Is the red cube closer to the camera than the blue cube? Answer with yes or no.,No,No,23.171875,24.09375,True
/app/DATA/NVILA-Lite-2B-DATA_SCALE_EXP_400K-20251108_180221,obj1_closer,output/phasevar_5/0006_phA04_phB09.png,Is the red cube closer to the camera than the blue cube? Answer with yes or no.,No,No,23.09375,24.078125,True
/app/DATA/NVILA-Lite-2B-DATA_SCALE_EXP_400K-20251108_180221,obj1_closer,output/phasevar_5/0006_phA04_phB10.png,Is the red cube closer to the camera than the blue cube? Answer with yes or no.,No,No,22.796875,24.9375,True
/app/DATA/NVILA-Lite-2B-DATA_SCALE_EXP_400K-20251108_180221,obj1_closer,output/phasevar_5/0006_phA04_phB11.png,Is the red cube closer to the camera than the blue cube? Answer with yes or no.,No,No,22.453125,24.984375,True
/app/DATA/NVILA-Lite-2B-DATA_SCALE_EXP_400K-20251108_180221,obj1_closer,output/phasevar_5/0006_phA04_phB12.png,Is the red cube closer to the camera than the blue cube? Answer with yes or no.,No,No,22.234375,25.109375,True
/app/DATA/NVILA-Lite-2B-DATA_SCALE_EXP_400K-20251108_180221,obj1_closer,output/phasevar_5/0006_phA04_phB13.png,Is the red cube closer to the camera than the blue cube? Answer with yes or no.,No,No,22.34375,25.015625,True
/app/DATA/NVILA-Lite-2B-DATA_SCALE_EXP_400K-20251108_180221,obj1_closer,output/phasevar_5/0006_phA04_phB14.png,Is the red cube closer to the camera than the blue cube? Answer with yes or no.,No,No,23.09375,24.96875,True
/app/DATA/NVILA-Lite-2B-DATA_SCALE_EXP_400K-20251108_180221,obj1_closer,output/phasevar_5/0006_phA04_phB15.png,Is the red cube closer to the camera than the blue cube? Answer with yes or no.,No,No,23.484375,24.28125,True
/app/DATA/NVILA-Lite-2B-DATA_SCALE_EXP_400K-20251108_180221,obj1_closer,output/phasevar_5/0006_phA05_phB00.png,Is the red cube closer to the camera than the blue cube? Answer with yes or no.,No,No,23.828125,24.28125,True
/app/DATA/NVILA-Lite-2B-DATA_SCALE_EXP_400K-20251108_180221,obj1_closer,output/phasevar_5/0006_phA05_phB01.png,Is the red cube closer to the camera than the blue cube? Answer with yes or no.,No,No,23.578125,23.71875,True
/app/DATA/NVILA-Lite-2B-DATA_SCALE_EXP_400K-20251108_180221,obj1_closer,output/phasevar_5/0006_phA05_phB02.png,Is the red cube closer to the camera than the blue cube? Answer with yes or no.,No,No,23.6875,24.140625,True
/app/DATA/NVILA-Lite-2B-DATA_SCALE_EXP_400K-20251108_180221,obj1_closer,output/phasevar_5/0006_phA05_phB03.png,Is the red cube closer to the camera than the blue cube? Answer with yes or no.,No,No,22.875,23.25,True
/app/DATA/NVILA-Lite-2B-DATA_SCALE_EXP_400K-20251108_180221,obj1_closer,output/phasevar_5/0006_phA05_phB04.png,Is the red cube closer to the camera than the blue cube? Answer with yes or no.,No,No,23.140625,23.1875,True
/app/DATA/NVILA-Lite-2B-DATA_SCALE_EXP_400K-20251108_180221,obj1_closer,output/phasevar_5/0006_phA05_phB05.png,Is the red cube closer to the camera than the blue cube? Answer with yes or no.,No,No,23.140625,23.484375,True
/app/DATA/NVILA-Lite-2B-DATA_SCALE_EXP_400K-20251108_180221,obj1_closer,output/phasevar_5/0006_phA05_phB06.png,Is the red cube closer to the camera than the blue cube? Answer with yes or no.,No,No,23.28125,24.078125,True
/app/DATA/NVILA-Lite-2B-DATA_SCALE_EXP_400K-20251108_180221,obj1_closer,output/phasevar_5/0006_phA05_phB07.png,Is the red cube closer to the camera than the blue cube? Answer with yes or no.,No,No,23.328125,23.6875,True
/app/DATA/NVILA-Lite-2B-DATA_SCALE_EXP_400K-20251108_180221,obj1_closer,output/phasevar_5/0006_phA05_phB08.png,Is the red cube closer to the camera than the blue cube? Answer with yes or no.,No,No,23.15625,24.078125,True
/app/DATA/NVILA-Lite-2B-DATA_SCALE_EXP_400K-20251108_180221,obj1_closer,output/phasevar_5/0006_phA05_phB09.png,Is the red cube closer to the camera than the blue cube? Answer with yes or no.,No,No,23.140625,24.078125,True
/app/DATA/NVILA-Lite-2B-DATA_SCALE_EXP_400K-20251108_180221,obj1_closer,output/phasevar_5/0006_phA05_phB10.png,Is the red cube closer to the camera than the blue cube? Answer with yes or no.,No,No,22.9375,24.890625,True
/app/DATA/NVILA-Lite-2B-DATA_SCALE_EXP_400K-20251108_180221,obj1_closer,output/phasevar_5/0006_phA05_phB11.png,Is the red cube closer to the camera than the blue cube? Answer with yes or no.,No,No,22.515625,24.875,True
/app/DATA/NVILA-Lite-2B-DATA_SCALE_EXP_400K-20251108_180221,obj1_closer,output/phasevar_5/0006_phA05_phB12.png,Is the red cube closer to the camera than the blue cube? Answer with yes or no.,No,No,22.328125,25.078125,True
/app/DATA/NVILA-Lite-2B-DATA_SCALE_EXP_400K-20251108_180221,obj1_closer,output/phasevar_5/0006_phA05_phB13.png,Is the red cube closer to the camera than the blue cube? Answer with yes or no.,No,No,22.484375,24.765625,True
/app/DATA/NVILA-Lite-2B-DATA_SCALE_EXP_400K-20251108_180221,obj1_closer,output/phasevar_5/0006_phA05_phB14.png,Is the red cube closer to the camera than the blue cube? Answer with yes or no.,No,No,23.34375,24.84375,True
/app/DATA/NVILA-Lite-2B-DATA_SCALE_EXP_400K-20251108_180221,obj1_closer,output/phasevar_5/0006_phA05_phB15.png,Is the red cube closer to the camera than the blue cube? Answer with yes or no.,No,No,23.734375,24.25,True
/app/DATA/NVILA-Lite-2B-DATA_SCALE_EXP_400K-20251108_180221,obj1_closer,output/phasevar_5/0006_phA06_phB00.png,Is the red cube closer to the camera than the blue cube? Answer with yes or no.,No,No,23.890625,24.03125,True
/app/DATA/NVILA-Lite-2B-DATA_SCALE_EXP_400K-20251108_180221,obj1_closer,output/phasevar_5/0006_phA06_phB01.png,Is the red cube closer to the camera than the blue cube? Answer with yes or no.,No,Yes,23.75,23.546875,False
/app/DATA/NVILA-Lite-2B-DATA_SCALE_EXP_400K-20251108_180221,obj1_closer,output/phasevar_5/0006_phA06_phB02.png,Is the red cube closer to the camera than the blue cube? Answer with yes or no.,No,No,23.84375,24.09375,True
/app/DATA/NVILA-Lite-2B-DATA_SCALE_EXP_400K-20251108_180221,obj1_closer,output/phasevar_5/0006_phA06_phB03.png,Is the red cube closer to the camera than the blue cube? Answer with yes or no.,No,No,23.28125,23.40625,True
/app/DATA/NVILA-Lite-2B-DATA_SCALE_EXP_400K-20251108_180221,obj1_closer,output/phasevar_5/0006_phA06_phB04.png,Is the red cube closer to the camera than the blue cube? Answer with yes or no.,No,Yes,23.703125,23.375,False
/app/DATA/NVILA-Lite-2B-DATA_SCALE_EXP_400K-20251108_180221,obj1_closer,output/phasevar_5/0006_phA06_phB05.png,Is the red cube closer to the camera than the blue cube? Answer with yes or no.,No,No,23.25,23.359375,True
/app/DATA/NVILA-Lite-2B-DATA_SCALE_EXP_400K-20251108_180221,obj1_closer,output/phasevar_5/0006_phA06_phB06.png,Is the red cube closer to the camera than the blue cube? Answer with yes or no.,No,No,23.296875,24.0,True
/app/DATA/NVILA-Lite-2B-DATA_SCALE_EXP_400K-20251108_180221,obj1_closer,output/phasevar_5/0006_phA06_phB07.png,Is the red cube closer to the camera than the blue cube? Answer with yes or no.,No,No,23.234375,23.640625,True
/app/DATA/NVILA-Lite-2B-DATA_SCALE_EXP_400K-20251108_180221,obj1_closer,output/phasevar_5/0006_phA06_phB08.png,Is the red cube closer to the camera than the blue cube? Answer with yes or no.,No,No,23.078125,24.0,True
/app/DATA/NVILA-Lite-2B-DATA_SCALE_EXP_400K-20251108_180221,obj1_closer,output/phasevar_5/0006_phA06_phB09.png,Is the red cube closer to the camera than the blue cube? Answer with yes or no.,No,No,23.046875,24.109375,True
/app/DATA/NVILA-Lite-2B-DATA_SCALE_EXP_400K-20251108_180221,obj1_closer,output/phasevar_5/0006_phA06_phB10.png,Is the red cube closer to the camera than the blue cube? Answer with yes or no.,No,No,22.90625,24.90625,True
/app/DATA/NVILA-Lite-2B-DATA_SCALE_EXP_400K-20251108_180221,obj1_closer,output/phasevar_5/0006_phA06_phB11.png,Is the red cube closer to the camera than the blue cube? Answer with yes or no.,No,No,22.65625,24.90625,True
/app/DATA/NVILA-Lite-2B-DATA_SCALE_EXP_400K-20251108_180221,obj1_closer,output/phasevar_5/0006_phA06_phB12.png,Is the red cube closer to the camera than the blue cube? Answer with yes or no.,No,No,22.484375,25.09375,True
/app/DATA/NVILA-Lite-2B-DATA_SCALE_EXP_400K-20251108_180221,obj1_closer,output/phasevar_5/0006_phA06_phB13.png,Is the red cube closer to the camera than the blue cube? Answer with yes or no.,No,No,22.546875,24.65625,True
/app/DATA/NVILA-Lite-2B-DATA_SCALE_EXP_400K-20251108_180221,obj1_closer,output/phasevar_5/0006_phA06_phB14.png,Is the red cube closer to the camera than the blue cube? Answer with yes or no.,No,No,23.453125,24.71875,True
/app/DATA/NVILA-Lite-2B-DATA_SCALE_EXP_400K-20251108_180221,obj1_closer,output/phasevar_5/0006_phA06_phB15.png,Is the red cube closer to the camera than the blue cube? Answer with yes or no.,No,No,23.765625,24.015625,True
/app/DATA/NVILA-Lite-2B-DATA_SCALE_EXP_400K-20251108_180221,obj1_closer,output/phasevar_5/0006_phA07_phB00.png,Is the red cube closer to the camera than the blue cube? Answer with yes or no.,No,Yes,24.046875,23.78125,False
/app/DATA/NVILA-Lite-2B-DATA_SCALE_EXP_400K-20251108_180221,obj1_closer,output/phasevar_5/0006_phA07_phB01.png,Is the red cube closer to the camera than the blue cube? Answer with yes or no.,No,Yes,24.015625,23.421875,False
/app/DATA/NVILA-Lite-2B-DATA_SCALE_EXP_400K-20251108_180221,obj1_closer,output/phasevar_5/0006_phA07_phB02.png,Is the red cube closer to the camera than the blue cube? Answer with yes or no.,No,Yes,24.015625,23.921875,False
/app/DATA/NVILA-Lite-2B-DATA_SCALE_EXP_400K-20251108_180221,obj1_closer,output/phasevar_5/0006_phA07_phB03.png,Is the red cube closer to the camera than the blue cube? Answer with yes or no.,No,Yes,23.46875,23.015625,False
/app/DATA/NVILA-Lite-2B-DATA_SCALE_EXP_400K-20251108_180221,obj1_closer,output/phasevar_5/0006_phA07_phB04.png,Is the red cube closer to the camera than the blue cube? Answer with yes or no.,No,Yes,23.6875,22.9375,False
/app/DATA/NVILA-Lite-2B-DATA_SCALE_EXP_400K-20251108_180221,obj1_closer,output/phasevar_5/0006_phA07_phB05.png,Is the red cube closer to the camera than the blue cube? Answer with yes or no.,No,Yes,23.328125,23.203125,False
/app/DATA/NVILA-Lite-2B-DATA_SCALE_EXP_400K-20251108_180221,obj1_closer,output/phasevar_5/0006_phA07_phB06.png,Is the red cube closer to the camera than the blue cube? Answer with yes or no.,No,No,23.453125,23.84375,True
/app/DATA/NVILA-Lite-2B-DATA_SCALE_EXP_400K-20251108_180221,obj1_closer,output/phasevar_5/0006_phA07_phB07.png,Is the red cube closer to the camera than the blue cube? Answer with yes or no.,No,Yes,23.453125,23.421875,False
/app/DATA/NVILA-Lite-2B-DATA_SCALE_EXP_400K-20251108_180221,obj1_closer,output/phasevar_5/0006_phA07_phB08.png,Is the red cube closer to the camera than the blue cube? Answer with yes or no.,No,No,23.09375,23.8125,True
/app/DATA/NVILA-Lite-2B-DATA_SCALE_EXP_400K-20251108_180221,obj1_closer,output/phasevar_5/0006_phA07_phB09.png,Is the red cube closer to the camera than the blue cube? Answer with yes or no.,No,No,23.0625,23.9375,True
/app/DATA/NVILA-Lite-2B-DATA_SCALE_EXP_400K-20251108_180221,obj1_closer,output/phasevar_5/0006_phA07_phB10.png,Is the red cube closer to the camera than the blue cube? Answer with yes or no.,No,No,22.921875,24.609375,True
/app/DATA/NVILA-Lite-2B-DATA_SCALE_EXP_400K-20251108_180221,obj1_closer,output/phasevar_5/0006_phA07_phB11.png,Is the red cube closer to the camera than the blue cube? Answer with yes or no.,No,No,22.53125,24.59375,True
/app/DATA/NVILA-Lite-2B-DATA_SCALE_EXP_400K-20251108_180221,obj1_closer,output/phasevar_5/0006_phA07_phB12.png,Is the red cube closer to the camera than the blue cube? Answer with yes or no.,No,No,22.328125,24.8125,True
/app/DATA/NVILA-Lite-2B-DATA_SCALE_EXP_400K-20251108_180221,obj1_closer,output/phasevar_5/0006_phA07_phB13.png,Is the red cube closer to the camera than the blue cube? Answer with yes or no.,No,No,22.515625,24.328125,True
/app/DATA/NVILA-Lite-2B-DATA_SCALE_EXP_400K-20251108_180221,obj1_closer,output/phasevar_5/0006_phA07_phB14.png,Is the red cube closer to the camera than the blue cube? Answer with yes or no.,No,No,23.375,24.484375,True
/app/DATA/NVILA-Lite-2B-DATA_SCALE_EXP_400K-20251108_180221,obj1_closer,output/phasevar_5/0006_phA07_phB15.png,Is the red cube closer to the camera than the blue cube? Answer with yes or no.,No,No,23.859375,23.921875,True
/app/DATA/NVILA-Lite-2B-DATA_SCALE_EXP_400K-20251108_180221,obj1_closer,output/phasevar_5/0006_phA08_phB00.png,Is the red cube closer to the camera than the blue cube? Answer with yes or no.,No,Yes,24.125,23.484375,False
/app/DATA/NVILA-Lite-2B-DATA_SCALE_EXP_400K-20251108_180221,obj1_closer,output/phasevar_5/0006_phA08_phB01.png,Is the red cube closer to the camera than the blue cube? Answer with yes or no.,No,Yes,24.15625,23.265625,False
/app/DATA/NVILA-Lite-2B-DATA_SCALE_EXP_400K-20251108_180221,obj1_closer,output/phasevar_5/0006_phA08_phB02.png,Is the red cube closer to the camera than the blue cube? Answer with yes or no.,No,Yes,24.234375,23.90625,False
/app/DATA/NVILA-Lite-2B-DATA_SCALE_EXP_400K-20251108_180221,obj1_closer,output/phasevar_5/0006_phA08_phB03.png,Is the red cube closer to the camera than the blue cube? Answer with yes or no.,No,Yes,23.859375,22.921875,False
/app/DATA/NVILA-Lite-2B-DATA_SCALE_EXP_400K-20251108_180221,obj1_closer,output/phasevar_5/0006_phA08_phB04.png,Is the red cube closer to the camera than the blue cube? Answer with yes or no.,No,Yes,24.234375,22.78125,False
/app/DATA/NVILA-Lite-2B-DATA_SCALE_EXP_400K-20251108_180221,obj1_closer,output/phasevar_5/0006_phA08_phB05.png,Is the red cube closer to the camera than the blue cube? Answer with yes or no.,No,Yes,23.65625,22.953125,False
/app/DATA/NVILA-Lite-2B-DATA_SCALE_EXP_400K-20251108_180221,obj1_closer,output/phasevar_5/0006_phA08_phB06.png,Is the red cube closer to the camera than the blue cube? Answer with yes or no.,No,No,23.59375,23.6875,True
/app/DATA/NVILA-Lite-2B-DATA_SCALE_EXP_400K-20251108_180221,obj1_closer,output/phasevar_5/0006_phA08_phB07.png,Is the red cube closer to the camera than the blue cube? Answer with yes or no.,No,Yes,23.625,23.296875,False
/app/DATA/NVILA-Lite-2B-DATA_SCALE_EXP_400K-20251108_180221,obj1_closer,output/phasevar_5/0006_phA08_phB08.png,Is the red cube closer to the camera than the blue cube? Answer with yes or no.,No,No,23.265625,23.515625,True
/app/DATA/NVILA-Lite-2B-DATA_SCALE_EXP_400K-20251108_180221,obj1_closer,output/phasevar_5/0006_phA08_phB09.png,Is the red cube closer to the camera than the blue cube? Answer with yes or no.,No,No,23.09375,23.703125,True
/app/DATA/NVILA-Lite-2B-DATA_SCALE_EXP_400K-20251108_180221,obj1_closer,output/phasevar_5/0006_phA08_phB10.png,Is the red cube closer to the camera than the blue cube? Answer with yes or no.,No,No,22.765625,24.75,True
/app/DATA/NVILA-Lite-2B-DATA_SCALE_EXP_400K-20251108_180221,obj1_closer,output/phasevar_5/0006_phA08_phB11.png,Is the red cube closer to the camera than the blue cube? Answer with yes or no.,No,No,22.5,24.359375,True
/app/DATA/NVILA-Lite-2B-DATA_SCALE_EXP_400K-20251108_180221,obj1_closer,output/phasevar_5/0006_phA08_phB12.png,Is the red cube closer to the camera than the blue cube? Answer with yes or no.,No,No,22.265625,24.5,True
/app/DATA/NVILA-Lite-2B-DATA_SCALE_EXP_400K-20251108_180221,obj1_closer,output/phasevar_5/0006_phA08_phB13.png,Is the red cube closer to the camera than the blue cube? Answer with yes or no.,No,No,22.46875,24.328125,True
/app/DATA/NVILA-Lite-2B-DATA_SCALE_EXP_400K-20251108_180221,obj1_closer,output/phasevar_5/0006_phA08_phB14.png,Is the red cube closer to the camera than the blue cube? Answer with yes or no.,No,No,23.46875,24.484375,True
/app/DATA/NVILA-Lite-2B-DATA_SCALE_EXP_400K-20251108_180221,obj1_closer,output/phasevar_5/0006_phA08_phB15.png,Is the red cube closer to the camera than the blue cube? Answer with yes or no.,No,Yes,23.953125,23.765625,False
/app/DATA/NVILA-Lite-2B-DATA_SCALE_EXP_400K-20251108_180221,obj1_closer,output/phasevar_5/0006_phA09_phB00.png,Is the red cube closer to the camera than the blue cube? Answer with yes or no.,No,Yes,24.484375,23.328125,False
/app/DATA/NVILA-Lite-2B-DATA_SCALE_EXP_400K-20251108_180221,obj1_closer,output/phasevar_5/0006_phA09_phB01.png,Is the red cube closer to the camera than the blue cube? Answer with yes or no.,No,Yes,24.40625,23.171875,False
/app/DATA/NVILA-Lite-2B-DATA_SCALE_EXP_400K-20251108_180221,obj1_closer,output/phasevar_5/0006_phA09_phB02.png,Is the red cube closer to the camera than the blue cube? Answer with yes or no.,No,Yes,24.484375,23.703125,False
/app/DATA/NVILA-Lite-2B-DATA_SCALE_EXP_400K-20251108_180221,obj1_closer,output/phasevar_5/0006_phA09_phB03.png,Is the red cube closer to the camera than the blue cube? Answer with yes or no.,No,Yes,24.234375,22.765625,False
/app/DATA/NVILA-Lite-2B-DATA_SCALE_EXP_400K-20251108_180221,obj1_closer,output/phasevar_5/0006_phA09_phB04.png,Is the red cube closer to the camera than the blue cube? Answer with yes or no.,No,Yes,24.53125,22.625,False
/app/DATA/NVILA-Lite-2B-DATA_SCALE_EXP_400K-20251108_180221,obj1_closer,output/phasevar_5/0006_phA09_phB05.png,Is the red cube closer to the camera than the blue cube? Answer with yes or no.,No,Yes,23.828125,22.828125,False
/app/DATA/NVILA-Lite-2B-DATA_SCALE_EXP_400K-20251108_180221,obj1_closer,output/phasevar_5/0006_phA09_phB06.png,Is the red cube closer to the camera than the blue cube? Answer with yes or no.,No,Yes,23.796875,23.515625,False
/app/DATA/NVILA-Lite-2B-DATA_SCALE_EXP_400K-20251108_180221,obj1_closer,output/phasevar_5/0006_phA09_phB07.png,Is the red cube closer to the camera than the blue cube? Answer with yes or no.,No,Yes,23.859375,23.171875,False
/app/DATA/NVILA-Lite-2B-DATA_SCALE_EXP_400K-20251108_180221,obj1_closer,output/phasevar_5/0006_phA09_phB08.png,Is the red cube closer to the camera than the blue cube? Answer with yes or no.,No,Yes,23.5,23.234375,False
/app/DATA/NVILA-Lite-2B-DATA_SCALE_EXP_400K-20251108_180221,obj1_closer,output/phasevar_5/0006_phA09_phB09.png,Is the red cube closer to the camera than the blue cube? Answer with yes or no.,No,No,23.234375,23.484375,True
/app/DATA/NVILA-Lite-2B-DATA_SCALE_EXP_400K-20251108_180221,obj1_closer,output/phasevar_5/0006_phA09_phB10.png,Is the red cube closer to the camera than the blue cube? Answer with yes or no.,No,No,22.8125,24.359375,True
/app/DATA/NVILA-Lite-2B-DATA_SCALE_EXP_400K-20251108_180221,obj1_closer,output/phasevar_5/0006_phA09_phB11.png,Is the red cube closer to the camera than the blue cube? Answer with yes or no.,No,No,22.5625,24.03125,True
/app/DATA/NVILA-Lite-2B-DATA_SCALE_EXP_400K-20251108_180221,obj1_closer,output/phasevar_5/0006_phA09_phB12.png,Is the red cube closer to the camera than the blue cube? Answer with yes or no.,No,No,22.328125,24.25,True
/app/DATA/NVILA-Lite-2B-DATA_SCALE_EXP_400K-20251108_180221,obj1_closer,output/phasevar_5/0006_phA09_phB13.png,Is the red cube closer to the camera than the blue cube? Answer with yes or no.,No,No,22.609375,24.0,True
/app/DATA/NVILA-Lite-2B-DATA_SCALE_EXP_400K-20251108_180221,obj1_closer,output/phasevar_5/0006_phA09_phB14.png,Is the red cube closer to the camera than the blue cube? Answer with yes or no.,No,No,23.609375,24.09375,True
/app/DATA/NVILA-Lite-2B-DATA_SCALE_EXP_400K-20251108_180221,obj1_closer,output/phasevar_5/0006_phA09_phB15.png,Is the red cube closer to the camera than the blue cube? Answer with yes or no.,No,Yes,24.1875,23.546875,False
/app/DATA/NVILA-Lite-2B-DATA_SCALE_EXP_400K-20251108_180221,obj1_closer,output/phasevar_5/0006_phA10_phB00.png,Is the red cube closer to the camera than the blue cube? Answer with yes or no.,No,Yes,24.640625,23.4375,False
/app/DATA/NVILA-Lite-2B-DATA_SCALE_EXP_400K-20251108_180221,obj1_closer,output/phasevar_5/0006_phA10_phB01.png,Is the red cube closer to the camera than the blue cube? Answer with yes or no.,No,Yes,24.46875,23.25,False
/app/DATA/NVILA-Lite-2B-DATA_SCALE_EXP_400K-20251108_180221,obj1_closer,output/phasevar_5/0006_phA10_phB02.png,Is the red cube closer to the camera than the blue cube? Answer with yes or no.,No,Yes,24.59375,23.90625,False
/app/DATA/NVILA-Lite-2B-DATA_SCALE_EXP_400K-20251108_180221,obj1_closer,output/phasevar_5/0006_phA10_phB03.png,Is the red cube closer to the camera than the blue cube? Answer with yes or no.,No,Yes,24.25,22.828125,False
/app/DATA/NVILA-Lite-2B-DATA_SCALE_EXP_400K-20251108_180221,obj1_closer,output/phasevar_5/0006_phA10_phB04.png,Is the red cube closer to the camera than the blue cube? Answer with yes or no.,No,Yes,24.390625,22.828125,False
/app/DATA/NVILA-Lite-2B-DATA_SCALE_EXP_400K-20251108_180221,obj1_closer,output/phasevar_5/0006_phA10_phB05.png,Is the red cube closer to the camera than the blue cube? Answer with yes or no.,No,Yes,23.78125,22.953125,False
/app/DATA/NVILA-Lite-2B-DATA_SCALE_EXP_400K-20251108_180221,obj1_closer,output/phasevar_5/0006_phA10_phB06.png,Is the red cube closer to the camera than the blue cube? Answer with yes or no.,No,Yes,23.875,23.578125,False
/app/DATA/NVILA-Lite-2B-DATA_SCALE_EXP_400K-20251108_180221,obj1_closer,output/phasevar_5/0006_phA10_phB07.png,Is the red cube closer to the camera than the blue cube? Answer with yes or no.,No,Yes,23.828125,23.21875,False
/app/DATA/NVILA-Lite-2B-DATA_SCALE_EXP_400K-20251108_180221,obj1_closer,output/phasevar_5/0006_phA10_phB08.png,Is the red cube closer to the camera than the blue cube? Answer with yes or no.,No,Yes,23.578125,23.265625,False
/app/DATA/NVILA-Lite-2B-DATA_SCALE_EXP_400K-20251108_180221,obj1_closer,output/phasevar_5/0006_phA10_phB09.png,Is the red cube closer to the camera than the blue cube? Answer with yes or no.,No,Yes,23.359375,23.28125,False
/app/DATA/NVILA-Lite-2B-DATA_SCALE_EXP_400K-20251108_180221,obj1_closer,output/phasevar_5/0006_phA10_phB10.png,Is the red cube closer to the camera than the blue cube? Answer with yes or no.,No,No,22.515625,24.328125,True
/app/DATA/NVILA-Lite-2B-DATA_SCALE_EXP_400K-20251108_180221,obj1_closer,output/phasevar_5/0006_phA10_phB11.png,Is the red cube closer to the camera than the blue cube? Answer with yes or no.,No,No,22.40625,24.171875,True
/app/DATA/NVILA-Lite-2B-DATA_SCALE_EXP_400K-20251108_180221,obj1_closer,output/phasevar_5/0006_phA10_phB12.png,Is the red cube closer to the camera than the blue cube? Answer with yes or no.,No,No,22.296875,24.1875,True
/app/DATA/NVILA-Lite-2B-DATA_SCALE_EXP_400K-20251108_180221,obj1_closer,output/phasevar_5/0006_phA10_phB13.png,Is the red cube closer to the camera than the blue cube? Answer with yes or no.,No,No,22.578125,23.875,True
/app/DATA/NVILA-Lite-2B-DATA_SCALE_EXP_400K-20251108_180221,obj1_closer,output/phasevar_5/0006_phA10_phB14.png,Is the red cube closer to the camera than the blue cube? Answer with yes or no.,No,No,23.609375,24.171875,True
/app/DATA/NVILA-Lite-2B-DATA_SCALE_EXP_400K-20251108_180221,obj1_closer,output/phasevar_5/0006_phA10_phB15.png,Is the red cube closer to the camera than the blue cube? Answer with yes or no.,No,Yes,24.40625,23.546875,False
/app/DATA/NVILA-Lite-2B-DATA_SCALE_EXP_400K-20251108_180221,obj1_closer,output/phasevar_5/0006_phA11_phB00.png,Is the red cube closer to the camera than the blue cube? Answer with yes or no.,No,Yes,24.6875,23.546875,False
/app/DATA/NVILA-Lite-2B-DATA_SCALE_EXP_400K-20251108_180221,obj1_closer,output/phasevar_5/0006_phA11_phB01.png,Is the red cube closer to the camera than the blue cube? Answer with yes or no.,No,Yes,24.46875,23.296875,False
/app/DATA/NVILA-Lite-2B-DATA_SCALE_EXP_400K-20251108_180221,obj1_closer,output/phasevar_5/0006_phA11_phB02.png,Is the red cube closer to the camera than the blue cube? Answer with yes or no.,No,Yes,24.546875,23.859375,False
/app/DATA/NVILA-Lite-2B-DATA_SCALE_EXP_400K-20251108_180221,obj1_closer,output/phasevar_5/0006_phA11_phB03.png,Is the red cube closer to the camera than the blue cube? Answer with yes or no.,No,Yes,24.15625,22.796875,False
/app/DATA/NVILA-Lite-2B-DATA_SCALE_EXP_400K-20251108_180221,obj1_closer,output/phasevar_5/0006_phA11_phB04.png,Is the red cube closer to the camera than the blue cube? Answer with yes or no.,No,Yes,24.328125,22.734375,False
/app/DATA/NVILA-Lite-2B-DATA_SCALE_EXP_400K-20251108_180221,obj1_closer,output/phasevar_5/0006_phA11_phB05.png,Is the red cube closer to the camera than the blue cube? Answer with yes or no.,No,Yes,23.96875,23.03125,False
/app/DATA/NVILA-Lite-2B-DATA_SCALE_EXP_400K-20251108_180221,obj1_closer,output/phasevar_5/0006_phA11_phB06.png,Is the red cube closer to the camera than the blue cube? Answer with yes or no.,No,Yes,24.0,23.609375,False
/app/DATA/NVILA-Lite-2B-DATA_SCALE_EXP_400K-20251108_180221,obj1_closer,output/phasevar_5/0006_phA11_phB07.png,Is the red cube closer to the camera than the blue cube? Answer with yes or no.,No,Yes,24.0,23.28125,False
/app/DATA/NVILA-Lite-2B-DATA_SCALE_EXP_400K-20251108_180221,obj1_closer,output/phasevar_5/0006_phA11_phB08.png,Is the red cube closer to the camera than the blue cube? Answer with yes or no.,No,Yes,23.703125,23.375,False
/app/DATA/NVILA-Lite-2B-DATA_SCALE_EXP_400K-20251108_180221,obj1_closer,output/phasevar_5/0006_phA11_phB09.png,Is the red cube closer to the camera than the blue cube? Answer with yes or no.,No,Yes,23.484375,23.3125,False
/app/DATA/NVILA-Lite-2B-DATA_SCALE_EXP_400K-20251108_180221,obj1_closer,output/phasevar_5/0006_phA11_phB10.png,Is the red cube closer to the camera than the blue cube? Answer with yes or no.,No,No,22.734375,24.265625,True
/app/DATA/NVILA-Lite-2B-DATA_SCALE_EXP_400K-20251108_180221,obj1_closer,output/phasevar_5/0006_phA11_phB11.png,Is the red cube closer to the camera than the blue cube? Answer with yes or no.,No,No,22.25,24.40625,True
/app/DATA/NVILA-Lite-2B-DATA_SCALE_EXP_400K-20251108_180221,obj1_closer,output/phasevar_5/0006_phA11_phB12.png,Is the red cube closer to the camera than the blue cube? Answer with yes or no.,No,No,22.015625,24.546875,True
/app/DATA/NVILA-Lite-2B-DATA_SCALE_EXP_400K-20251108_180221,obj1_closer,output/phasevar_5/0006_phA11_phB13.png,Is the red cube closer to the camera than the blue cube? Answer with yes or no.,No,No,22.40625,24.015625,True
/app/DATA/NVILA-Lite-2B-DATA_SCALE_EXP_400K-20251108_180221,obj1_closer,output/phasevar_5/0006_phA11_phB14.png,Is the red cube closer to the camera than the blue cube? Answer with yes or no.,No,No,23.453125,24.265625,True
/app/DATA/NVILA-Lite-2B-DATA_SCALE_EXP_400K-20251108_180221,obj1_closer,output/phasevar_5/0006_phA11_phB15.png,Is the red cube closer to the camera than the blue cube? Answer with yes or no.,No,Yes,24.296875,23.71875,False
/app/DATA/NVILA-Lite-2B-DATA_SCALE_EXP_400K-20251108_180221,obj1_closer,output/phasevar_5/0006_phA12_phB00.png,Is the red cube closer to the camera than the blue cube? Answer with yes or no.,No,Yes,24.34375,23.734375,False
/app/DATA/NVILA-Lite-2B-DATA_SCALE_EXP_400K-20251108_180221,obj1_closer,output/phasevar_5/0006_phA12_phB01.png,Is the red cube closer to the camera than the blue cube? Answer with yes or no.,No,Yes,24.25,23.453125,False
/app/DATA/NVILA-Lite-2B-DATA_SCALE_EXP_400K-20251108_180221,obj1_closer,output/phasevar_5/0006_phA12_phB02.png,Is the red cube closer to the camera than the blue cube? Answer with yes or no.,No,Yes,24.40625,24.078125,False
/app/DATA/NVILA-Lite-2B-DATA_SCALE_EXP_400K-20251108_180221,obj1_closer,output/phasevar_5/0006_phA12_phB03.png,Is the red cube closer to the camera than the blue cube? Answer with yes or no.,No,Yes,23.984375,22.96875,False
/app/DATA/NVILA-Lite-2B-DATA_SCALE_EXP_400K-20251108_180221,obj1_closer,output/phasevar_5/0006_phA12_phB04.png,Is the red cube closer to the camera than the blue cube? Answer with yes or no.,No,Yes,24.359375,22.953125,False
/app/DATA/NVILA-Lite-2B-DATA_SCALE_EXP_400K-20251108_180221,obj1_closer,output/phasevar_5/0006_phA12_phB05.png,Is the red cube closer to the camera than the blue cube? Answer with yes or no.,No,Yes,24.015625,23.28125,False
/app/DATA/NVILA-Lite-2B-DATA_SCALE_EXP_400K-20251108_180221,obj1_closer,output/phasevar_5/0006_phA12_phB06.png,Is the red cube closer to the camera than the blue cube? Answer with yes or no.,No,Yes,23.9375,23.84375,False
/app/DATA/NVILA-Lite-2B-DATA_SCALE_EXP_400K-20251108_180221,obj1_closer,output/phasevar_5/0006_phA12_phB07.png,Is the red cube closer to the camera than the blue cube? Answer with yes or no.,No,Yes,23.984375,23.53125,False
/app/DATA/NVILA-Lite-2B-DATA_SCALE_EXP_400K-20251108_180221,obj1_closer,output/phasevar_5/0006_phA12_phB08.png,Is the red cube closer to the camera than the blue cube? Answer with yes or no.,No,Yes,23.6875,23.609375,False
/app/DATA/NVILA-Lite-2B-DATA_SCALE_EXP_400K-20251108_180221,obj1_closer,output/phasevar_5/0006_phA12_phB09.png,Is the red cube closer to the camera than the blue cube? Answer with yes or no.,No,No,23.4375,23.546875,True
/app/DATA/NVILA-Lite-2B-DATA_SCALE_EXP_400K-20251108_180221,obj1_closer,output/phasevar_5/0006_phA12_phB10.png,Is the red cube closer to the camera than the blue cube? Answer with yes or no.,No,No,22.703125,24.46875,True
/app/DATA/NVILA-Lite-2B-DATA_SCALE_EXP_400K-20251108_180221,obj1_closer,output/phasevar_5/0006_phA12_phB11.png,Is the red cube closer to the camera than the blue cube? Answer with yes or no.,No,No,22.21875,24.578125,True
/app/DATA/NVILA-Lite-2B-DATA_SCALE_EXP_400K-20251108_180221,obj1_closer,output/phasevar_5/0006_phA12_phB12.png,Is the red cube closer to the camera than the blue cube? Answer with yes or no.,No,No,21.84375,24.625,True
/app/DATA/NVILA-Lite-2B-DATA_SCALE_EXP_400K-20251108_180221,obj1_closer,output/phasevar_5/0006_phA12_phB13.png,Is the red cube closer to the camera than the blue cube? Answer with yes or no.,No,No,22.203125,24.375,True
/app/DATA/NVILA-Lite-2B-DATA_SCALE_EXP_400K-20251108_180221,obj1_closer,output/phasevar_5/0006_phA12_phB14.png,Is the red cube closer to the camera than the blue cube? Answer with yes or no.,No,No,23.203125,24.515625,True
/app/DATA/NVILA-Lite-2B-DATA_SCALE_EXP_400K-20251108_180221,obj1_closer,output/phasevar_5/0006_phA12_phB15.png,Is the red cube closer to the camera than the blue cube? Answer with yes or no.,No,Yes,24.0625,24.046875,False
/app/DATA/NVILA-Lite-2B-DATA_SCALE_EXP_400K-20251108_180221,obj1_closer,output/phasevar_5/0006_phA13_phB00.png,Is the red cube closer to the camera than the blue cube? Answer with yes or no.,No,Yes,24.109375,23.625,False
/app/DATA/NVILA-Lite-2B-DATA_SCALE_EXP_400K-20251108_180221,obj1_closer,output/phasevar_5/0006_phA13_phB01.png,Is the red cube closer to the camera than the blue cube? Answer with yes or no.,No,Yes,24.09375,23.375,False
/app/DATA/NVILA-Lite-2B-DATA_SCALE_EXP_400K-20251108_180221,obj1_closer,output/phasevar_5/0006_phA13_phB02.png,Is the red cube closer to the camera than the blue cube? Answer with yes or no.,No,Yes,24.21875,23.953125,False
/app/DATA/NVILA-Lite-2B-DATA_SCALE_EXP_400K-20251108_180221,obj1_closer,output/phasevar_5/0006_phA13_phB03.png,Is the red cube closer to the camera than the blue cube? Answer with yes or no.,No,Yes,23.734375,22.953125,False
/app/DATA/NVILA-Lite-2B-DATA_SCALE_EXP_400K-20251108_180221,obj1_closer,output/phasevar_5/0006_phA13_phB04.png,Is the red cube closer to the camera than the blue cube? Answer with yes or no.,No,Yes,24.265625,23.125,False
/app/DATA/NVILA-Lite-2B-DATA_SCALE_EXP_400K-20251108_180221,obj1_closer,output/phasevar_5/0006_phA13_phB05.png,Is the red cube closer to the camera than the blue cube? Answer with yes or no.,No,Yes,24.046875,23.328125,False
/app/DATA/NVILA-Lite-2B-DATA_SCALE_EXP_400K-20251108_180221,obj1_closer,output/phasevar_5/0006_phA13_phB06.png,Is the red cube closer to the camera than the blue cube? Answer with yes or no.,No,Yes,24.078125,23.890625,False
/app/DATA/NVILA-Lite-2B-DATA_SCALE_EXP_400K-20251108_180221,obj1_closer,output/phasevar_5/0006_phA13_phB07.png,Is the red cube closer to the camera than the blue cube? Answer with yes or no.,No,Yes,24.0625,23.65625,False
/app/DATA/NVILA-Lite-2B-DATA_SCALE_EXP_400K-20251108_180221,obj1_closer,output/phasevar_5/0006_phA13_phB08.png,Is the red cube closer to the camera than the blue cube? Answer with yes or no.,No,Yes,23.84375,23.703125,False
/app/DATA/NVILA-Lite-2B-DATA_SCALE_EXP_400K-20251108_180221,obj1_closer,output/phasevar_5/0006_phA13_phB09.png,Is the red cube closer to the camera than the blue cube? Answer with yes or no.,No,No,23.4375,23.65625,True
/app/DATA/NVILA-Lite-2B-DATA_SCALE_EXP_400K-20251108_180221,obj1_closer,output/phasevar_5/0006_phA13_phB10.png,Is the red cube closer to the camera than the blue cube? Answer with yes or no.,No,No,22.8125,24.421875,True
/app/DATA/NVILA-Lite-2B-DATA_SCALE_EXP_400K-20251108_180221,obj1_closer,output/phasevar_5/0006_phA13_phB11.png,Is the red cube closer to the camera than the blue cube? Answer with yes or no.,No,No,22.34375,24.296875,True
/app/DATA/NVILA-Lite-2B-DATA_SCALE_EXP_400K-20251108_180221,obj1_closer,output/phasevar_5/0006_phA13_phB12.png,Is the red cube closer to the camera than the blue cube? Answer with yes or no.,No,No,22.015625,24.53125,True
/app/DATA/NVILA-Lite-2B-DATA_SCALE_EXP_400K-20251108_180221,obj1_closer,output/phasevar_5/0006_phA13_phB13.png,Is the red cube closer to the camera than the blue cube? Answer with yes or no.,No,No,22.125,24.140625,True
/app/DATA/NVILA-Lite-2B-DATA_SCALE_EXP_400K-20251108_180221,obj1_closer,output/phasevar_5/0006_phA13_phB14.png,Is the red cube closer to the camera than the blue cube? Answer with yes or no.,No,No,23.0,24.65625,True
/app/DATA/NVILA-Lite-2B-DATA_SCALE_EXP_400K-20251108_180221,obj1_closer,output/phasevar_5/0006_phA13_phB15.png,Is the red cube closer to the camera than the blue cube? Answer with yes or no.,No,No,23.890625,23.96875,True
/app/DATA/NVILA-Lite-2B-DATA_SCALE_EXP_400K-20251108_180221,obj1_closer,output/phasevar_5/0006_phA14_phB00.png,Is the red cube closer to the camera than the blue cube? Answer with yes or no.,No,No,23.71875,23.78125,True
/app/DATA/NVILA-Lite-2B-DATA_SCALE_EXP_400K-20251108_180221,obj1_closer,output/phasevar_5/0006_phA14_phB01.png,Is the red cube closer to the camera than the blue cube? Answer with yes or no.,No,Yes,23.765625,23.453125,False
/app/DATA/NVILA-Lite-2B-DATA_SCALE_EXP_400K-20251108_180221,obj1_closer,output/phasevar_5/0006_phA14_phB02.png,Is the red cube closer to the camera than the blue cube? Answer with yes or no.,No,No,23.875,23.953125,True
/app/DATA/NVILA-Lite-2B-DATA_SCALE_EXP_400K-20251108_180221,obj1_closer,output/phasevar_5/0006_phA14_phB03.png,Is the red cube closer to the camera than the blue cube? Answer with yes or no.,No,Yes,23.671875,22.953125,False
/app/DATA/NVILA-Lite-2B-DATA_SCALE_EXP_400K-20251108_180221,obj1_closer,output/phasevar_5/0006_phA14_phB04.png,Is the red cube closer to the camera than the blue cube? Answer with yes or no.,No,Yes,24.328125,23.21875,False
/app/DATA/NVILA-Lite-2B-DATA_SCALE_EXP_400K-20251108_180221,obj1_closer,output/phasevar_5/0006_phA14_phB05.png,Is the red cube closer to the camera than the blue cube? Answer with yes or no.,No,Yes,23.984375,23.375,False
/app/DATA/NVILA-Lite-2B-DATA_SCALE_EXP_400K-20251108_180221,obj1_closer,output/phasevar_5/0006_phA14_phB06.png,Is the red cube closer to the camera than the blue cube? Answer with yes or no.,No,Yes,23.921875,23.890625,False
/app/DATA/NVILA-Lite-2B-DATA_SCALE_EXP_400K-20251108_180221,obj1_closer,output/phasevar_5/0006_phA14_phB07.png,Is the red cube closer to the camera than the blue cube? Answer with yes or no.,No,Yes,23.9375,23.71875,False
/app/DATA/NVILA-Lite-2B-DATA_SCALE_EXP_400K-20251108_180221,obj1_closer,output/phasevar_5/0006_phA14_phB08.png,Is the red cube closer to the camera than the blue cube? Answer with yes or no.,No,No,23.65625,23.734375,True
/app/DATA/NVILA-Lite-2B-DATA_SCALE_EXP_400K-20251108_180221,obj1_closer,output/phasevar_5/0006_phA14_phB09.png,Is the red cube closer to the camera than the blue cube? Answer with yes or no.,No,No,23.390625,23.65625,True
/app/DATA/NVILA-Lite-2B-DATA_SCALE_EXP_400K-20251108_180221,obj1_closer,output/phasevar_5/0006_phA14_phB10.png,Is the red cube closer to the camera than the blue cube? Answer with yes or no.,No,No,22.921875,24.421875,True
/app/DATA/NVILA-Lite-2B-DATA_SCALE_EXP_400K-20251108_180221,obj1_closer,output/phasevar_5/0006_phA14_phB11.png,Is the red cube closer to the camera than the blue cube? Answer with yes or no.,No,No,22.515625,24.21875,True
/app/DATA/NVILA-Lite-2B-DATA_SCALE_EXP_400K-20251108_180221,obj1_closer,output/phasevar_5/0006_phA14_phB12.png,Is the red cube closer to the camera than the blue cube? Answer with yes or no.,No,No,22.21875,24.6875,True
/app/DATA/NVILA-Lite-2B-DATA_SCALE_EXP_400K-20251108_180221,obj1_closer,output/phasevar_5/0006_phA14_phB13.png,Is the red cube closer to the camera than the blue cube? Answer with yes or no.,No,No,22.0625,24.53125,True
/app/DATA/NVILA-Lite-2B-DATA_SCALE_EXP_400K-20251108_180221,obj1_closer,output/phasevar_5/0006_phA14_phB14.png,Is the red cube closer to the camera than the blue cube? Answer with yes or no.,No,No,22.703125,25.03125,True
/app/DATA/NVILA-Lite-2B-DATA_SCALE_EXP_400K-20251108_180221,obj1_closer,output/phasevar_5/0006_phA14_phB15.png,Is the red cube closer to the camera than the blue cube? Answer with yes or no.,No,No,23.46875,23.890625,True
/app/DATA/NVILA-Lite-2B-DATA_SCALE_EXP_400K-20251108_180221,obj1_closer,output/phasevar_5/0006_phA15_phB00.png,Is the red cube closer to the camera than the blue cube? Answer with yes or no.,No,No,23.75,23.75,True
/app/DATA/NVILA-Lite-2B-DATA_SCALE_EXP_400K-20251108_180221,obj1_closer,output/phasevar_5/0006_phA15_phB01.png,Is the red cube closer to the camera than the blue cube? Answer with yes or no.,No,Yes,24.046875,23.546875,False
/app/DATA/NVILA-Lite-2B-DATA_SCALE_EXP_400K-20251108_180221,obj1_closer,output/phasevar_5/0006_phA15_phB02.png,Is the red cube closer to the camera than the blue cube? Answer with yes or no.,No,No,24.078125,24.09375,True
/app/DATA/NVILA-Lite-2B-DATA_SCALE_EXP_400K-20251108_180221,obj1_closer,output/phasevar_5/0006_phA15_phB03.png,Is the red cube closer to the camera than the blue cube? Answer with yes or no.,No,Yes,24.015625,23.046875,False
/app/DATA/NVILA-Lite-2B-DATA_SCALE_EXP_400K-20251108_180221,obj1_closer,output/phasevar_5/0006_phA15_phB04.png,Is the red cube closer to the camera than the blue cube? Answer with yes or no.,No,Yes,24.734375,23.359375,False
/app/DATA/NVILA-Lite-2B-DATA_SCALE_EXP_400K-20251108_180221,obj1_closer,output/phasevar_5/0006_phA15_phB05.png,Is the red cube closer to the camera than the blue cube? Answer with yes or no.,No,Yes,24.234375,23.484375,False
/app/DATA/NVILA-Lite-2B-DATA_SCALE_EXP_400K-20251108_180221,obj1_closer,output/phasevar_5/0006_phA15_phB06.png,Is the red cube closer to the camera than the blue cube? Answer with yes or no.,No,Yes,24.09375,23.984375,False
/app/DATA/NVILA-Lite-2B-DATA_SCALE_EXP_400K-20251108_180221,obj1_closer,output/phasevar_5/0006_phA15_phB07.png,Is the red cube closer to the camera than the blue cube? Answer with yes or no.,No,Yes,24.140625,23.8125,False
/app/DATA/NVILA-Lite-2B-DATA_SCALE_EXP_400K-20251108_180221,obj1_closer,output/phasevar_5/0006_phA15_phB08.png,Is the red cube closer to the camera than the blue cube? Answer with yes or no.,No,Yes,23.875,23.84375,False
/app/DATA/NVILA-Lite-2B-DATA_SCALE_EXP_400K-20251108_180221,obj1_closer,output/phasevar_5/0006_phA15_phB09.png,Is the red cube closer to the camera than the blue cube? Answer with yes or no.,No,No,23.578125,23.75,True
/app/DATA/NVILA-Lite-2B-DATA_SCALE_EXP_400K-20251108_180221,obj1_closer,output/phasevar_5/0006_phA15_phB10.png,Is the red cube closer to the camera than the blue cube? Answer with yes or no.,No,No,23.15625,24.546875,True
/app/DATA/NVILA-Lite-2B-DATA_SCALE_EXP_400K-20251108_180221,obj1_closer,output/phasevar_5/0006_phA15_phB11.png,Is the red cube closer to the camera than the blue cube? Answer with yes or no.,No,No,22.765625,24.171875,True
/app/DATA/NVILA-Lite-2B-DATA_SCALE_EXP_400K-20251108_180221,obj1_closer,output/phasevar_5/0006_phA15_phB12.png,Is the red cube closer to the camera than the blue cube? Answer with yes or no.,No,No,22.28125,24.375,True
/app/DATA/NVILA-Lite-2B-DATA_SCALE_EXP_400K-20251108_180221,obj1_closer,output/phasevar_5/0006_phA15_phB13.png,Is the red cube closer to the camera than the blue cube? Answer with yes or no.,No,No,22.1875,23.890625,True
/app/DATA/NVILA-Lite-2B-DATA_SCALE_EXP_400K-20251108_180221,obj1_closer,output/phasevar_5/0006_phA15_phB14.png,Is the red cube closer to the camera than the blue cube? Answer with yes or no.,No,No,22.8125,24.75,True
/app/DATA/NVILA-Lite-2B-DATA_SCALE_EXP_400K-20251108_180221,obj1_closer,output/phasevar_5/0006_phA15_phB15.png,Is the red cube closer to the camera than the blue cube? Answer with yes or no.,No,No,23.234375,23.9375,True
/app/DATA/NVILA-Lite-2B-DATA_SCALE_EXP_400K-20251108_180221,obj1_closer,output/phasevar_5/0007_phA00_phB00.png,Is the magenta cube closer to the camera than the yellow cube? Answer with yes or no.,No,No,23.234375,23.28125,True
/app/DATA/NVILA-Lite-2B-DATA_SCALE_EXP_400K-20251108_180221,obj1_closer,output/phasevar_5/0007_phA00_phB01.png,Is the magenta cube closer to the camera than the yellow cube? Answer with yes or no.,No,Yes,23.78125,23.3125,False
/app/DATA/NVILA-Lite-2B-DATA_SCALE_EXP_400K-20251108_180221,obj1_closer,output/phasevar_5/0007_phA00_phB02.png,Is the magenta cube closer to the camera than the yellow cube? Answer with yes or no.,No,No,23.625,23.671875,True
/app/DATA/NVILA-Lite-2B-DATA_SCALE_EXP_400K-20251108_180221,obj1_closer,output/phasevar_5/0007_phA00_phB03.png,Is the magenta cube closer to the camera than the yellow cube? Answer with yes or no.,No,Yes,23.484375,22.75,False
/app/DATA/NVILA-Lite-2B-DATA_SCALE_EXP_400K-20251108_180221,obj1_closer,output/phasevar_5/0007_phA00_phB04.png,Is the magenta cube closer to the camera than the yellow cube? Answer with yes or no.,No,Yes,23.609375,23.171875,False
/app/DATA/NVILA-Lite-2B-DATA_SCALE_EXP_400K-20251108_180221,obj1_closer,output/phasevar_5/0007_phA00_phB05.png,Is the magenta cube closer to the camera than the yellow cube? Answer with yes or no.,No,Yes,23.84375,23.25,False
/app/DATA/NVILA-Lite-2B-DATA_SCALE_EXP_400K-20251108_180221,obj1_closer,output/phasevar_5/0007_phA00_phB06.png,Is the magenta cube closer to the camera than the yellow cube? Answer with yes or no.,No,Yes,23.9375,23.6875,False
/app/DATA/NVILA-Lite-2B-DATA_SCALE_EXP_400K-20251108_180221,obj1_closer,output/phasevar_5/0007_phA00_phB07.png,Is the magenta cube closer to the camera than the yellow cube? Answer with yes or no.,No,Yes,23.84375,23.40625,False
/app/DATA/NVILA-Lite-2B-DATA_SCALE_EXP_400K-20251108_180221,obj1_closer,output/phasevar_5/0007_phA00_phB08.png,Is the magenta cube closer to the camera than the yellow cube? Answer with yes or no.,No,Yes,23.703125,23.4375,False
/app/DATA/NVILA-Lite-2B-DATA_SCALE_EXP_400K-20251108_180221,obj1_closer,output/phasevar_5/0007_phA00_phB09.png,Is the magenta cube closer to the camera than the yellow cube? Answer with yes or no.,No,No,23.5625,23.609375,True
/app/DATA/NVILA-Lite-2B-DATA_SCALE_EXP_400K-20251108_180221,obj1_closer,output/phasevar_5/0007_phA00_phB10.png,Is the magenta cube closer to the camera than the yellow cube? Answer with yes or no.,No,No,23.078125,24.5,True
/app/DATA/NVILA-Lite-2B-DATA_SCALE_EXP_400K-20251108_180221,obj1_closer,output/phasevar_5/0007_phA00_phB11.png,Is the magenta cube closer to the camera than the yellow cube? Answer with yes or no.,No,No,22.71875,23.890625,True
/app/DATA/NVILA-Lite-2B-DATA_SCALE_EXP_400K-20251108_180221,obj1_closer,output/phasevar_5/0007_phA00_phB12.png,Is the magenta cube closer to the camera than the yellow cube? Answer with yes or no.,No,No,22.40625,23.21875,True
/app/DATA/NVILA-Lite-2B-DATA_SCALE_EXP_400K-20251108_180221,obj1_closer,output/phasevar_5/0007_phA00_phB13.png,Is the magenta cube closer to the camera than the yellow cube? Answer with yes or no.,No,No,22.390625,23.5625,True
/app/DATA/NVILA-Lite-2B-DATA_SCALE_EXP_400K-20251108_180221,obj1_closer,output/phasevar_5/0007_phA00_phB14.png,Is the magenta cube closer to the camera than the yellow cube? Answer with yes or no.,No,No,23.0,24.28125,True
/app/DATA/NVILA-Lite-2B-DATA_SCALE_EXP_400K-20251108_180221,obj1_closer,output/phasevar_5/0007_phA00_phB15.png,Is the magenta cube closer to the camera than the yellow cube? Answer with yes or no.,No,No,23.3125,23.90625,True
/app/DATA/NVILA-Lite-2B-DATA_SCALE_EXP_400K-20251108_180221,obj1_closer,output/phasevar_5/0007_phA01_phB00.png,Is the magenta cube closer to the camera than the yellow cube? Answer with yes or no.,No,No,22.921875,23.171875,True
/app/DATA/NVILA-Lite-2B-DATA_SCALE_EXP_400K-20251108_180221,obj1_closer,output/phasevar_5/0007_phA01_phB01.png,Is the magenta cube closer to the camera than the yellow cube? Answer with yes or no.,No,Yes,23.265625,23.15625,False
/app/DATA/NVILA-Lite-2B-DATA_SCALE_EXP_400K-20251108_180221,obj1_closer,output/phasevar_5/0007_phA01_phB02.png,Is the magenta cube closer to the camera than the yellow cube? Answer with yes or no.,No,No,23.203125,23.4375,True
/app/DATA/NVILA-Lite-2B-DATA_SCALE_EXP_400K-20251108_180221,obj1_closer,output/phasevar_5/0007_phA01_phB03.png,Is the magenta cube closer to the camera than the yellow cube? Answer with yes or no.,No,Yes,22.828125,22.578125,False
/app/DATA/NVILA-Lite-2B-DATA_SCALE_EXP_400K-20251108_180221,obj1_closer,output/phasevar_5/0007_phA01_phB04.png,Is the magenta cube closer to the camera than the yellow cube? Answer with yes or no.,No,Yes,23.03125,22.921875,False
/app/DATA/NVILA-Lite-2B-DATA_SCALE_EXP_400K-20251108_180221,obj1_closer,output/phasevar_5/0007_phA01_phB05.png,Is the magenta cube closer to the camera than the yellow cube? Answer with yes or no.,No,Yes,23.3125,23.125,False
/app/DATA/NVILA-Lite-2B-DATA_SCALE_EXP_400K-20251108_180221,obj1_closer,output/phasevar_5/0007_phA01_phB06.png,Is the magenta cube closer to the camera than the yellow cube? Answer with yes or no.,No,Yes,23.59375,23.546875,False
/app/DATA/NVILA-Lite-2B-DATA_SCALE_EXP_400K-20251108_180221,obj1_closer,output/phasevar_5/0007_phA01_phB07.png,Is the magenta cube closer to the camera than the yellow cube? Answer with yes or no.,No,Yes,23.5,23.328125,False
/app/DATA/NVILA-Lite-2B-DATA_SCALE_EXP_400K-20251108_180221,obj1_closer,output/phasevar_5/0007_phA01_phB08.png,Is the magenta cube closer to the camera than the yellow cube? Answer with yes or no.,No,No,23.328125,23.421875,True
/app/DATA/NVILA-Lite-2B-DATA_SCALE_EXP_400K-20251108_180221,obj1_closer,output/phasevar_5/0007_phA01_phB09.png,Is the magenta cube closer to the camera than the yellow cube? Answer with yes or no.,No,No,23.28125,23.625,True
/app/DATA/NVILA-Lite-2B-DATA_SCALE_EXP_400K-20251108_180221,obj1_closer,output/phasevar_5/0007_phA01_phB10.png,Is the magenta cube closer to the camera than the yellow cube? Answer with yes or no.,No,No,22.828125,24.4375,True
/app/DATA/NVILA-Lite-2B-DATA_SCALE_EXP_400K-20251108_180221,obj1_closer,output/phasevar_5/0007_phA01_phB11.png,Is the magenta cube closer to the camera than the yellow cube? Answer with yes or no.,No,No,22.515625,23.9375,True
/app/DATA/NVILA-Lite-2B-DATA_SCALE_EXP_400K-20251108_180221,obj1_closer,output/phasevar_5/0007_phA01_phB12.png,Is the magenta cube closer to the camera than the yellow cube? Answer with yes or no.,No,No,22.3125,23.3125,True
/app/DATA/NVILA-Lite-2B-DATA_SCALE_EXP_400K-20251108_180221,obj1_closer,output/phasevar_5/0007_phA01_phB13.png,Is the magenta cube closer to the camera than the yellow cube? Answer with yes or no.,No,No,22.34375,23.578125,True
/app/DATA/NVILA-Lite-2B-DATA_SCALE_EXP_400K-20251108_180221,obj1_closer,output/phasevar_5/0007_phA01_phB14.png,Is the magenta cube closer to the camera than the yellow cube? Answer with yes or no.,No,No,22.84375,24.1875,True
/app/DATA/NVILA-Lite-2B-DATA_SCALE_EXP_400K-20251108_180221,obj1_closer,output/phasevar_5/0007_phA01_phB15.png,Is the magenta cube closer to the camera than the yellow cube? Answer with yes or no.,No,No,23.1875,23.8125,True
/app/DATA/NVILA-Lite-2B-DATA_SCALE_EXP_400K-20251108_180221,obj1_closer,output/phasevar_5/0007_phA02_phB00.png,Is the magenta cube closer to the camera than the yellow cube? Answer with yes or no.,No,No,22.921875,23.359375,True
/app/DATA/NVILA-Lite-2B-DATA_SCALE_EXP_400K-20251108_180221,obj1_closer,output/phasevar_5/0007_phA02_phB01.png,Is the magenta cube closer to the camera than the yellow cube? Answer with yes or no.,No,No,23.140625,23.375,True
/app/DATA/NVILA-Lite-2B-DATA_SCALE_EXP_400K-20251108_180221,obj1_closer,output/phasevar_5/0007_phA02_phB02.png,Is the magenta cube closer to the camera than the yellow cube? Answer with yes or no.,No,No,23.03125,23.453125,True
/app/DATA/NVILA-Lite-2B-DATA_SCALE_EXP_400K-20251108_180221,obj1_closer,output/phasevar_5/0007_phA02_phB03.png,Is the magenta cube closer to the camera than the yellow cube? Answer with yes or no.,No,Yes,22.84375,22.703125,False
/app/DATA/NVILA-Lite-2B-DATA_SCALE_EXP_400K-20251108_180221,obj1_closer,output/phasevar_5/0007_phA02_phB04.png,Is the magenta cube closer to the camera than the yellow cube? Answer with yes or no.,No,No,22.8125,23.046875,True
/app/DATA/NVILA-Lite-2B-DATA_SCALE_EXP_400K-20251108_180221,obj1_closer,output/phasevar_5/0007_phA02_phB05.png,Is the magenta cube closer to the camera than the yellow cube? Answer with yes or no.,No,No,23.0625,23.15625,True
/app/DATA/NVILA-Lite-2B-DATA_SCALE_EXP_400K-20251108_180221,obj1_closer,output/phasevar_5/0007_phA02_phB06.png,Is the magenta cube closer to the camera than the yellow cube? Answer with yes or no.,No,No,23.421875,23.671875,True
/app/DATA/NVILA-Lite-2B-DATA_SCALE_EXP_400K-20251108_180221,obj1_closer,output/phasevar_5/0007_phA02_phB07.png,Is the magenta cube closer to the camera than the yellow cube? Answer with yes or no.,No,Yes,23.46875,23.359375,False
/app/DATA/NVILA-Lite-2B-DATA_SCALE_EXP_400K-20251108_180221,obj1_closer,output/phasevar_5/0007_phA02_phB08.png,Is the magenta cube closer to the camera than the yellow cube? Answer with yes or no.,No,No,23.390625,23.5625,True
/app/DATA/NVILA-Lite-2B-DATA_SCALE_EXP_400K-20251108_180221,obj1_closer,output/phasevar_5/0007_phA02_phB09.png,Is the magenta cube closer to the camera than the yellow cube? Answer with yes or no.,No,No,23.296875,23.71875,True
/app/DATA/NVILA-Lite-2B-DATA_SCALE_EXP_400K-20251108_180221,obj1_closer,output/phasevar_5/0007_phA02_phB10.png,Is the magenta cube closer to the camera than the yellow cube? Answer with yes or no.,No,No,22.90625,24.484375,True
/app/DATA/NVILA-Lite-2B-DATA_SCALE_EXP_400K-20251108_180221,obj1_closer,output/phasevar_5/0007_phA02_phB11.png,Is the magenta cube closer to the camera than the yellow cube? Answer with yes or no.,No,No,22.515625,24.046875,True
/app/DATA/NVILA-Lite-2B-DATA_SCALE_EXP_400K-20251108_180221,obj1_closer,output/phasevar_5/0007_phA02_phB12.png,Is the magenta cube closer to the camera than the yellow cube? Answer with yes or no.,No,No,22.265625,23.390625,True
/app/DATA/NVILA-Lite-2B-DATA_SCALE_EXP_400K-20251108_180221,obj1_closer,output/phasevar_5/0007_phA02_phB13.png,Is the magenta cube closer to the camera than the yellow cube? Answer with yes or no.,No,No,22.296875,23.8125,True
/app/DATA/NVILA-Lite-2B-DATA_SCALE_EXP_400K-20251108_180221,obj1_closer,output/phasevar_5/0007_phA02_phB14.png,Is the magenta cube closer to the camera than the yellow cube? Answer with yes or no.,No,No,22.890625,24.265625,True
/app/DATA/NVILA-Lite-2B-DATA_SCALE_EXP_400K-20251108_180221,obj1_closer,output/phasevar_5/0007_phA02_phB15.png,Is the magenta cube closer to the camera than the yellow cube? Answer with yes or no.,No,No,23.296875,24.03125,True
/app/DATA/NVILA-Lite-2B-DATA_SCALE_EXP_400K-20251108_180221,obj1_closer,output/phasevar_5/0007_phA03_phB00.png,Is the magenta cube closer to the camera than the yellow cube? Answer with yes or no.,No,No,23.296875,23.578125,True
/app/DATA/NVILA-Lite-2B-DATA_SCALE_EXP_400K-20251108_180221,obj1_closer,output/phasevar_5/0007_phA03_phB01.png,Is the magenta cube closer to the camera than the yellow cube? Answer with yes or no.,No,No,23.328125,23.5,True
/app/DATA/NVILA-Lite-2B-DATA_SCALE_EXP_400K-20251108_180221,obj1_closer,output/phasevar_5/0007_phA03_phB02.png,Is the magenta cube closer to the camera than the yellow cube? Answer with yes or no.,No,No,23.28125,23.53125,True
/app/DATA/NVILA-Lite-2B-DATA_SCALE_EXP_400K-20251108_180221,obj1_closer,output/phasevar_5/0007_phA03_phB03.png,Is the magenta cube closer to the camera than the yellow cube? Answer with yes or no.,No,No,22.671875,22.703125,True
/app/DATA/NVILA-Lite-2B-DATA_SCALE_EXP_400K-20251108_180221,obj1_closer,output/phasevar_5/0007_phA03_phB04.png,Is the magenta cube closer to the camera than the yellow cube? Answer with yes or no.,No,No,22.75,22.96875,True
/app/DATA/NVILA-Lite-2B-DATA_SCALE_EXP_400K-20251108_180221,obj1_closer,output/phasevar_5/0007_phA03_phB05.png,Is the magenta cube closer to the camera than the yellow cube? Answer with yes or no.,No,No,23.09375,23.109375,True
/app/DATA/NVILA-Lite-2B-DATA_SCALE_EXP_400K-20251108_180221,obj1_closer,output/phasevar_5/0007_phA03_phB06.png,Is the magenta cube closer to the camera than the yellow cube? Answer with yes or no.,No,No,23.4375,23.671875,True
/app/DATA/NVILA-Lite-2B-DATA_SCALE_EXP_400K-20251108_180221,obj1_closer,output/phasevar_5/0007_phA03_phB07.png,Is the magenta cube closer to the camera than the yellow cube? Answer with yes or no.,No,Yes,23.5,23.375,False
/app/DATA/NVILA-Lite-2B-DATA_SCALE_EXP_400K-20251108_180221,obj1_closer,output/phasevar_5/0007_phA03_phB08.png,Is the magenta cube closer to the camera than the yellow cube? Answer with yes or no.,No,No,23.4375,23.515625,True
/app/DATA/NVILA-Lite-2B-DATA_SCALE_EXP_400K-20251108_180221,obj1_closer,output/phasevar_5/0007_phA03_phB09.png,Is the magenta cube closer to the camera than the yellow cube? Answer with yes or no.,No,No,23.34375,23.609375,True
/app/DATA/NVILA-Lite-2B-DATA_SCALE_EXP_400K-20251108_180221,obj1_closer,output/phasevar_5/0007_phA03_phB10.png,Is the magenta cube closer to the camera than the yellow cube? Answer with yes or no.,No,No,23.015625,24.3125,True
/app/DATA/NVILA-Lite-2B-DATA_SCALE_EXP_400K-20251108_180221,obj1_closer,output/phasevar_5/0007_phA03_phB11.png,Is the magenta cube closer to the camera than the yellow cube? Answer with yes or no.,No,No,22.546875,23.78125,True
/app/DATA/NVILA-Lite-2B-DATA_SCALE_EXP_400K-20251108_180221,obj1_closer,output/phasevar_5/0007_phA03_phB12.png,Is the magenta cube closer to the camera than the yellow cube? Answer with yes or no.,No,No,22.3125,23.375,True
/app/DATA/NVILA-Lite-2B-DATA_SCALE_EXP_400K-20251108_180221,obj1_closer,output/phasevar_5/0007_phA03_phB13.png,Is the magenta cube closer to the camera than the yellow cube? Answer with yes or no.,No,No,22.3125,23.6875,True
/app/DATA/NVILA-Lite-2B-DATA_SCALE_EXP_400K-20251108_180221,obj1_closer,output/phasevar_5/0007_phA03_phB14.png,Is the magenta cube closer to the camera than the yellow cube? Answer with yes or no.,No,No,23.046875,24.25,True
/app/DATA/NVILA-Lite-2B-DATA_SCALE_EXP_400K-20251108_180221,obj1_closer,output/phasevar_5/0007_phA03_phB15.png,Is the magenta cube closer to the camera than the yellow cube? Answer with yes or no.,No,No,23.609375,24.078125,True
/app/DATA/NVILA-Lite-2B-DATA_SCALE_EXP_400K-20251108_180221,obj1_closer,output/phasevar_5/0007_phA04_phB00.png,Is the magenta cube closer to the camera than the yellow cube? Answer with yes or no.,No,No,23.703125,23.828125,True
/app/DATA/NVILA-Lite-2B-DATA_SCALE_EXP_400K-20251108_180221,obj1_closer,output/phasevar_5/0007_phA04_phB01.png,Is the magenta cube closer to the camera than the yellow cube? Answer with yes or no.,No,Yes,23.671875,23.65625,False
/app/DATA/NVILA-Lite-2B-DATA_SCALE_EXP_400K-20251108_180221,obj1_closer,output/phasevar_5/0007_phA04_phB02.png,Is the magenta cube closer to the camera than the yellow cube? Answer with yes or no.,No,No,23.5625,23.703125,True
/app/DATA/NVILA-Lite-2B-DATA_SCALE_EXP_400K-20251108_180221,obj1_closer,output/phasevar_5/0007_phA04_phB03.png,Is the magenta cube closer to the camera than the yellow cube? Answer with yes or no.,No,No,22.890625,22.9375,True
/app/DATA/NVILA-Lite-2B-DATA_SCALE_EXP_400K-20251108_180221,obj1_closer,output/phasevar_5/0007_phA04_phB04.png,Is the magenta cube closer to the camera than the yellow cube? Answer with yes or no.,No,No,22.71875,22.9375,True
/app/DATA/NVILA-Lite-2B-DATA_SCALE_EXP_400K-20251108_180221,obj1_closer,output/phasevar_5/0007_phA04_phB05.png,Is the magenta cube closer to the camera than the yellow cube? Answer with yes or no.,No,Yes,23.265625,23.171875,False
/app/DATA/NVILA-Lite-2B-DATA_SCALE_EXP_400K-20251108_180221,obj1_closer,output/phasevar_5/0007_phA04_phB06.png,Is the magenta cube closer to the camera than the yellow cube? Answer with yes or no.,No,No,23.515625,23.703125,True
/app/DATA/NVILA-Lite-2B-DATA_SCALE_EXP_400K-20251108_180221,obj1_closer,output/phasevar_5/0007_phA04_phB07.png,Is the magenta cube closer to the camera than the yellow cube? Answer with yes or no.,No,Yes,23.765625,23.359375,False
/app/DATA/NVILA-Lite-2B-DATA_SCALE_EXP_400K-20251108_180221,obj1_closer,output/phasevar_5/0007_phA04_phB08.png,Is the magenta cube closer to the camera than the yellow cube? Answer with yes or no.,No,Yes,23.625,23.59375,False
/app/DATA/NVILA-Lite-2B-DATA_SCALE_EXP_400K-20251108_180221,obj1_closer,output/phasevar_5/0007_phA04_phB09.png,Is the magenta cube closer to the camera than the yellow cube? Answer with yes or no.,No,No,23.5,23.703125,True
/app/DATA/NVILA-Lite-2B-DATA_SCALE_EXP_400K-20251108_180221,obj1_closer,output/phasevar_5/0007_phA04_phB10.png,Is the magenta cube closer to the camera than the yellow cube? Answer with yes or no.,No,No,23.046875,24.328125,True
/app/DATA/NVILA-Lite-2B-DATA_SCALE_EXP_400K-20251108_180221,obj1_closer,output/phasevar_5/0007_phA04_phB11.png,Is the magenta cube closer to the camera than the yellow cube? Answer with yes or no.,No,No,22.59375,23.8125,True
/app/DATA/NVILA-Lite-2B-DATA_SCALE_EXP_400K-20251108_180221,obj1_closer,output/phasevar_5/0007_phA04_phB12.png,Is the magenta cube closer to the camera than the yellow cube? Answer with yes or no.,No,No,22.359375,23.484375,True
/app/DATA/NVILA-Lite-2B-DATA_SCALE_EXP_400K-20251108_180221,obj1_closer,output/phasevar_5/0007_phA04_phB13.png,Is the magenta cube closer to the camera than the yellow cube? Answer with yes or no.,No,No,22.4375,23.796875,True
/app/DATA/NVILA-Lite-2B-DATA_SCALE_EXP_400K-20251108_180221,obj1_closer,output/phasevar_5/0007_phA04_phB14.png,Is the magenta cube closer to the camera than the yellow cube? Answer with yes or no.,No,No,23.25,24.453125,True
/app/DATA/NVILA-Lite-2B-DATA_SCALE_EXP_400K-20251108_180221,obj1_closer,output/phasevar_5/0007_phA04_phB15.png,Is the magenta cube closer to the camera than the yellow cube? Answer with yes or no.,No,No,23.90625,24.25,True
/app/DATA/NVILA-Lite-2B-DATA_SCALE_EXP_400K-20251108_180221,obj1_closer,output/phasevar_5/0007_phA05_phB00.png,Is the magenta cube closer to the camera than the yellow cube? Answer with yes or no.,No,No,23.671875,24.046875,True
/app/DATA/NVILA-Lite-2B-DATA_SCALE_EXP_400K-20251108_180221,obj1_closer,output/phasevar_5/0007_phA05_phB01.png,Is the magenta cube closer to the camera than the yellow cube? Answer with yes or no.,No,No,23.640625,23.796875,True
/app/DATA/NVILA-Lite-2B-DATA_SCALE_EXP_400K-20251108_180221,obj1_closer,output/phasevar_5/0007_phA05_phB02.png,Is the magenta cube closer to the camera than the yellow cube? Answer with yes or no.,No,No,23.5,23.765625,True
/app/DATA/NVILA-Lite-2B-DATA_SCALE_EXP_400K-20251108_180221,obj1_closer,output/phasevar_5/0007_phA05_phB03.png,Is the magenta cube closer to the camera than the yellow cube? Answer with yes or no.,No,No,22.796875,22.96875,True
/app/DATA/NVILA-Lite-2B-DATA_SCALE_EXP_400K-20251108_180221,obj1_closer,output/phasevar_5/0007_phA05_phB04.png,Is the magenta cube closer to the camera than the yellow cube? Answer with yes or no.,No,No,22.671875,23.171875,True
/app/DATA/NVILA-Lite-2B-DATA_SCALE_EXP_400K-20251108_180221,obj1_closer,output/phasevar_5/0007_phA05_phB05.png,Is the magenta cube closer to the camera than the yellow cube? Answer with yes or no.,No,No,23.09375,23.203125,True
/app/DATA/NVILA-Lite-2B-DATA_SCALE_EXP_400K-20251108_180221,obj1_closer,output/phasevar_5/0007_phA05_phB06.png,Is the magenta cube closer to the camera than the yellow cube? Answer with yes or no.,No,No,23.34375,23.765625,True
/app/DATA/NVILA-Lite-2B-DATA_SCALE_EXP_400K-20251108_180221,obj1_closer,output/phasevar_5/0007_phA05_phB07.png,Is the magenta cube closer to the camera than the yellow cube? Answer with yes or no.,No,Yes,23.578125,23.46875,False
/app/DATA/NVILA-Lite-2B-DATA_SCALE_EXP_400K-20251108_180221,obj1_closer,output/phasevar_5/0007_phA05_phB08.png,Is the magenta cube closer to the camera than the yellow cube? Answer with yes or no.,No,No,23.421875,23.75,True
/app/DATA/NVILA-Lite-2B-DATA_SCALE_EXP_400K-20251108_180221,obj1_closer,output/phasevar_5/0007_phA05_phB09.png,Is the magenta cube closer to the camera than the yellow cube? Answer with yes or no.,No,No,23.328125,23.828125,True
/app/DATA/NVILA-Lite-2B-DATA_SCALE_EXP_400K-20251108_180221,obj1_closer,output/phasevar_5/0007_phA05_phB10.png,Is the magenta cube closer to the camera than the yellow cube? Answer with yes or no.,No,No,22.890625,24.609375,True
/app/DATA/NVILA-Lite-2B-DATA_SCALE_EXP_400K-20251108_180221,obj1_closer,output/phasevar_5/0007_phA05_phB11.png,Is the magenta cube closer to the camera than the yellow cube? Answer with yes or no.,No,No,22.5,24.140625,True
/app/DATA/NVILA-Lite-2B-DATA_SCALE_EXP_400K-20251108_180221,obj1_closer,output/phasevar_5/0007_phA05_phB12.png,Is the magenta cube closer to the camera than the yellow cube? Answer with yes or no.,No,No,22.328125,23.796875,True
/app/DATA/NVILA-Lite-2B-DATA_SCALE_EXP_400K-20251108_180221,obj1_closer,output/phasevar_5/0007_phA05_phB13.png,Is the magenta cube closer to the camera than the yellow cube? Answer with yes or no.,No,No,22.484375,23.96875,True
/app/DATA/NVILA-Lite-2B-DATA_SCALE_EXP_400K-20251108_180221,obj1_closer,output/phasevar_5/0007_phA05_phB14.png,Is the magenta cube closer to the camera than the yellow cube? Answer with yes or no.,No,No,23.21875,24.671875,True
/app/DATA/NVILA-Lite-2B-DATA_SCALE_EXP_400K-20251108_180221,obj1_closer,output/phasevar_5/0007_phA05_phB15.png,Is the magenta cube closer to the camera than the yellow cube? Answer with yes or no.,No,No,23.890625,24.4375,True
/app/DATA/NVILA-Lite-2B-DATA_SCALE_EXP_400K-20251108_180221,obj1_closer,output/phasevar_5/0007_phA06_phB00.png,Is the magenta cube closer to the camera than the yellow cube? Answer with yes or no.,No,No,23.765625,23.78125,True
/app/DATA/NVILA-Lite-2B-DATA_SCALE_EXP_400K-20251108_180221,obj1_closer,output/phasevar_5/0007_phA06_phB01.png,Is the magenta cube closer to the camera than the yellow cube? Answer with yes or no.,No,Yes,23.765625,23.4375,False
/app/DATA/NVILA-Lite-2B-DATA_SCALE_EXP_400K-20251108_180221,obj1_closer,output/phasevar_5/0007_phA06_phB02.png,Is the magenta cube closer to the camera than the yellow cube? Answer with yes or no.,No,Yes,23.703125,23.578125,False
/app/DATA/NVILA-Lite-2B-DATA_SCALE_EXP_400K-20251108_180221,obj1_closer,output/phasevar_5/0007_phA06_phB03.png,Is the magenta cube closer to the camera than the yellow cube? Answer with yes or no.,No,Yes,23.1875,23.03125,False
/app/DATA/NVILA-Lite-2B-DATA_SCALE_EXP_400K-20251108_180221,obj1_closer,output/phasevar_5/0007_phA06_phB04.png,Is the magenta cube closer to the camera than the yellow cube? Answer with yes or no.,No,No,22.9375,23.265625,True
/app/DATA/NVILA-Lite-2B-DATA_SCALE_EXP_400K-20251108_180221,obj1_closer,output/phasevar_5/0007_phA06_phB05.png,Is the magenta cube closer to the camera than the yellow cube? Answer with yes or no.,No,Yes,23.265625,23.171875,False
/app/DATA/NVILA-Lite-2B-DATA_SCALE_EXP_400K-20251108_180221,obj1_closer,output/phasevar_5/0007_phA06_phB06.png,Is the magenta cube closer to the camera than the yellow cube? Answer with yes or no.,No,No,23.40625,23.5625,True
/app/DATA/NVILA-Lite-2B-DATA_SCALE_EXP_400K-20251108_180221,obj1_closer,output/phasevar_5/0007_phA06_phB07.png,Is the magenta cube closer to the camera than the yellow cube? Answer with yes or no.,No,Yes,23.453125,23.25,False
/app/DATA/NVILA-Lite-2B-DATA_SCALE_EXP_400K-20251108_180221,obj1_closer,output/phasevar_5/0007_phA06_phB08.png,Is the magenta cube closer to the camera than the yellow cube? Answer with yes or no.,No,No,23.3125,23.609375,True
/app/DATA/NVILA-Lite-2B-DATA_SCALE_EXP_400K-20251108_180221,obj1_closer,output/phasevar_5/0007_phA06_phB09.png,Is the magenta cube closer to the camera than the yellow cube? Answer with yes or no.,No,No,23.171875,23.78125,True
/app/DATA/NVILA-Lite-2B-DATA_SCALE_EXP_400K-20251108_180221,obj1_closer,output/phasevar_5/0007_phA06_phB10.png,Is the magenta cube closer to the camera than the yellow cube? Answer with yes or no.,No,No,22.859375,24.5625,True
/app/DATA/NVILA-Lite-2B-DATA_SCALE_EXP_400K-20251108_180221,obj1_closer,output/phasevar_5/0007_phA06_phB11.png,Is the magenta cube closer to the camera than the yellow cube? Answer with yes or no.,No,No,22.671875,24.09375,True
/app/DATA/NVILA-Lite-2B-DATA_SCALE_EXP_400K-20251108_180221,obj1_closer,output/phasevar_5/0007_phA06_phB12.png,Is the magenta cube closer to the camera than the yellow cube? Answer with yes or no.,No,No,22.515625,23.921875,True
/app/DATA/NVILA-Lite-2B-DATA_SCALE_EXP_400K-20251108_180221,obj1_closer,output/phasevar_5/0007_phA06_phB13.png,Is the magenta cube closer to the camera than the yellow cube? Answer with yes or no.,No,No,22.625,23.875,True
/app/DATA/NVILA-Lite-2B-DATA_SCALE_EXP_400K-20251108_180221,obj1_closer,output/phasevar_5/0007_phA06_phB14.png,Is the magenta cube closer to the camera than the yellow cube? Answer with yes or no.,No,No,23.390625,24.4375,True
/app/DATA/NVILA-Lite-2B-DATA_SCALE_EXP_400K-20251108_180221,obj1_closer,output/phasevar_5/0007_phA06_phB15.png,Is the magenta cube closer to the camera than the yellow cube? Answer with yes or no.,No,No,24.015625,24.15625,True
/app/DATA/NVILA-Lite-2B-DATA_SCALE_EXP_400K-20251108_180221,obj1_closer,output/phasevar_5/0007_phA07_phB00.png,Is the magenta cube closer to the camera than the yellow cube? Answer with yes or no.,No,Yes,23.6875,23.296875,False
/app/DATA/NVILA-Lite-2B-DATA_SCALE_EXP_400K-20251108_180221,obj1_closer,output/phasevar_5/0007_phA07_phB01.png,Is the magenta cube closer to the camera than the yellow cube? Answer with yes or no.,No,Yes,23.734375,23.203125,False
/app/DATA/NVILA-Lite-2B-DATA_SCALE_EXP_400K-20251108_180221,obj1_closer,output/phasevar_5/0007_phA07_phB02.png,Is the magenta cube closer to the camera than the yellow cube? Answer with yes or no.,No,Yes,23.6875,23.34375,False
/app/DATA/NVILA-Lite-2B-DATA_SCALE_EXP_400K-20251108_180221,obj1_closer,output/phasevar_5/0007_phA07_phB03.png,Is the magenta cube closer to the camera than the yellow cube? Answer with yes or no.,No,Yes,23.03125,22.75,False
/app/DATA/NVILA-Lite-2B-DATA_SCALE_EXP_400K-20251108_180221,obj1_closer,output/phasevar_5/0007_phA07_phB04.png,Is the magenta cube closer to the camera than the yellow cube? Answer with yes or no.,No,No,22.90625,22.9375,True
/app/DATA/NVILA-Lite-2B-DATA_SCALE_EXP_400K-20251108_180221,obj1_closer,output/phasevar_5/0007_phA07_phB05.png,Is the magenta cube closer to the camera than the yellow cube? Answer with yes or no.,No,Yes,23.171875,23.015625,False
/app/DATA/NVILA-Lite-2B-DATA_SCALE_EXP_400K-20251108_180221,obj1_closer,output/phasevar_5/0007_phA07_phB06.png,Is the magenta cube closer to the camera than the yellow cube? Answer with yes or no.,No,Yes,23.4375,23.390625,False
/app/DATA/NVILA-Lite-2B-DATA_SCALE_EXP_400K-20251108_180221,obj1_closer,output/phasevar_5/0007_phA07_phB07.png,Is the magenta cube closer to the camera than the yellow cube? Answer with yes or no.,No,Yes,23.4375,22.90625,False
/app/DATA/NVILA-Lite-2B-DATA_SCALE_EXP_400K-20251108_180221,obj1_closer,output/phasevar_5/0007_phA07_phB08.png,Is the magenta cube closer to the camera than the yellow cube? Answer with yes or no.,No,Yes,23.234375,23.1875,False
/app/DATA/NVILA-Lite-2B-DATA_SCALE_EXP_400K-20251108_180221,obj1_closer,output/phasevar_5/0007_phA07_phB09.png,Is the magenta cube closer to the camera than the yellow cube? Answer with yes or no.,No,No,23.15625,23.40625,True
/app/DATA/NVILA-Lite-2B-DATA_SCALE_EXP_400K-20251108_180221,obj1_closer,output/phasevar_5/0007_phA07_phB10.png,Is the magenta cube closer to the camera than the yellow cube? Answer with yes or no.,No,No,22.828125,24.125,True
/app/DATA/NVILA-Lite-2B-DATA_SCALE_EXP_400K-20251108_180221,obj1_closer,output/phasevar_5/0007_phA07_phB11.png,Is the magenta cube closer to the camera than the yellow cube? Answer with yes or no.,No,No,22.625,23.578125,True
/app/DATA/NVILA-Lite-2B-DATA_SCALE_EXP_400K-20251108_180221,obj1_closer,output/phasevar_5/0007_phA07_phB12.png,Is the magenta cube closer to the camera than the yellow cube? Answer with yes or no.,No,No,22.546875,23.453125,True
/app/DATA/NVILA-Lite-2B-DATA_SCALE_EXP_400K-20251108_180221,obj1_closer,output/phasevar_5/0007_phA07_phB13.png,Is the magenta cube closer to the camera than the yellow cube? Answer with yes or no.,No,No,22.640625,23.40625,True
/app/DATA/NVILA-Lite-2B-DATA_SCALE_EXP_400K-20251108_180221,obj1_closer,output/phasevar_5/0007_phA07_phB14.png,Is the magenta cube closer to the camera than the yellow cube? Answer with yes or no.,No,No,23.3125,23.984375,True
/app/DATA/NVILA-Lite-2B-DATA_SCALE_EXP_400K-20251108_180221,obj1_closer,output/phasevar_5/0007_phA07_phB15.png,Is the magenta cube closer to the camera than the yellow cube? Answer with yes or no.,No,Yes,23.8125,23.703125,False
/app/DATA/NVILA-Lite-2B-DATA_SCALE_EXP_400K-20251108_180221,obj1_closer,output/phasevar_5/0007_phA08_phB00.png,Is the magenta cube closer to the camera than the yellow cube? Answer with yes or no.,No,Yes,23.8125,23.1875,False
/app/DATA/NVILA-Lite-2B-DATA_SCALE_EXP_400K-20251108_180221,obj1_closer,output/phasevar_5/0007_phA08_phB01.png,Is the magenta cube closer to the camera than the yellow cube? Answer with yes or no.,No,Yes,23.90625,23.140625,False
/app/DATA/NVILA-Lite-2B-DATA_SCALE_EXP_400K-20251108_180221,obj1_closer,output/phasevar_5/0007_phA08_phB02.png,Is the magenta cube closer to the camera than the yellow cube? Answer with yes or no.,No,Yes,23.953125,23.40625,False
/app/DATA/NVILA-Lite-2B-DATA_SCALE_EXP_400K-20251108_180221,obj1_closer,output/phasevar_5/0007_phA08_phB03.png,Is the magenta cube closer to the camera than the yellow cube? Answer with yes or no.,No,Yes,23.59375,22.625,False
/app/DATA/NVILA-Lite-2B-DATA_SCALE_EXP_400K-20251108_180221,obj1_closer,output/phasevar_5/0007_phA08_phB04.png,Is the magenta cube closer to the camera than the yellow cube? Answer with yes or no.,No,Yes,23.3125,22.859375,False
/app/DATA/NVILA-Lite-2B-DATA_SCALE_EXP_400K-20251108_180221,obj1_closer,output/phasevar_5/0007_phA08_phB05.png,Is the magenta cube closer to the camera than the yellow cube? Answer with yes or no.,No,Yes,23.390625,22.84375,False
/app/DATA/NVILA-Lite-2B-DATA_SCALE_EXP_400K-20251108_180221,obj1_closer,output/phasevar_5/0007_phA08_phB06.png,Is the magenta cube closer to the camera than the yellow cube? Answer with yes or no.,No,Yes,23.546875,23.328125,False
/app/DATA/NVILA-Lite-2B-DATA_SCALE_EXP_400K-20251108_180221,obj1_closer,output/phasevar_5/0007_phA08_phB07.png,Is the magenta cube closer to the camera than the yellow cube? Answer with yes or no.,No,Yes,23.46875,22.875,False
/app/DATA/NVILA-Lite-2B-DATA_SCALE_EXP_400K-20251108_180221,obj1_closer,output/phasevar_5/0007_phA08_phB08.png,Is the magenta cube closer to the camera than the yellow cube? Answer with yes or no.,No,Yes,23.328125,23.046875,False
/app/DATA/NVILA-Lite-2B-DATA_SCALE_EXP_400K-20251108_180221,obj1_closer,output/phasevar_5/0007_phA08_phB09.png,Is the magenta cube closer to the camera than the yellow cube? Answer with yes or no.,No,No,23.1875,23.3125,True
/app/DATA/NVILA-Lite-2B-DATA_SCALE_EXP_400K-20251108_180221,obj1_closer,output/phasevar_5/0007_phA08_phB10.png,Is the magenta cube closer to the camera than the yellow cube? Answer with yes or no.,No,No,22.828125,24.109375,True
/app/DATA/NVILA-Lite-2B-DATA_SCALE_EXP_400K-20251108_180221,obj1_closer,output/phasevar_5/0007_phA08_phB11.png,Is the magenta cube closer to the camera than the yellow cube? Answer with yes or no.,No,No,22.65625,23.5,True
/app/DATA/NVILA-Lite-2B-DATA_SCALE_EXP_400K-20251108_180221,obj1_closer,output/phasevar_5/0007_phA08_phB12.png,Is the magenta cube closer to the camera than the yellow cube? Answer with yes or no.,No,No,22.46875,23.328125,True
/app/DATA/NVILA-Lite-2B-DATA_SCALE_EXP_400K-20251108_180221,obj1_closer,output/phasevar_5/0007_phA08_phB13.png,Is the magenta cube closer to the camera than the yellow cube? Answer with yes or no.,No,No,22.609375,23.46875,True
/app/DATA/NVILA-Lite-2B-DATA_SCALE_EXP_400K-20251108_180221,obj1_closer,output/phasevar_5/0007_phA08_phB14.png,Is the magenta cube closer to the camera than the yellow cube? Answer with yes or no.,No,No,23.453125,23.953125,True
/app/DATA/NVILA-Lite-2B-DATA_SCALE_EXP_400K-20251108_180221,obj1_closer,output/phasevar_5/0007_phA08_phB15.png,Is the magenta cube closer to the camera than the yellow cube? Answer with yes or no.,No,Yes,24.03125,23.640625,False
/app/DATA/NVILA-Lite-2B-DATA_SCALE_EXP_400K-20251108_180221,obj1_closer,output/phasevar_5/0007_phA09_phB00.png,Is the magenta cube closer to the camera than the yellow cube? Answer with yes or no.,No,Yes,23.859375,23.109375,False
/app/DATA/NVILA-Lite-2B-DATA_SCALE_EXP_400K-20251108_180221,obj1_closer,output/phasevar_5/0007_phA09_phB01.png,Is the magenta cube closer to the camera than the yellow cube? Answer with yes or no.,No,Yes,24.0625,23.140625,False
/app/DATA/NVILA-Lite-2B-DATA_SCALE_EXP_400K-20251108_180221,obj1_closer,output/phasevar_5/0007_phA09_phB02.png,Is the magenta cube closer to the camera than the yellow cube? Answer with yes or no.,No,Yes,24.0625,23.390625,False
/app/DATA/NVILA-Lite-2B-DATA_SCALE_EXP_400K-20251108_180221,obj1_closer,output/phasevar_5/0007_phA09_phB03.png,Is the magenta cube closer to the camera than the yellow cube? Answer with yes or no.,No,Yes,23.5625,22.625,False
/app/DATA/NVILA-Lite-2B-DATA_SCALE_EXP_400K-20251108_180221,obj1_closer,output/phasevar_5/0007_phA09_phB04.png,Is the magenta cube closer to the camera than the yellow cube? Answer with yes or no.,No,Yes,23.390625,22.765625,False
/app/DATA/NVILA-Lite-2B-DATA_SCALE_EXP_400K-20251108_180221,obj1_closer,output/phasevar_5/0007_phA09_phB05.png,Is the magenta cube closer to the camera than the yellow cube? Answer with yes or no.,No,Yes,23.359375,22.828125,False
/app/DATA/NVILA-Lite-2B-DATA_SCALE_EXP_400K-20251108_180221,obj1_closer,output/phasevar_5/0007_phA09_phB06.png,Is the magenta cube closer to the camera than the yellow cube? Answer with yes or no.,No,Yes,23.5625,23.296875,False
/app/DATA/NVILA-Lite-2B-DATA_SCALE_EXP_400K-20251108_180221,obj1_closer,output/phasevar_5/0007_phA09_phB07.png,Is the magenta cube closer to the camera than the yellow cube? Answer with yes or no.,No,Yes,23.515625,22.859375,False
/app/DATA/NVILA-Lite-2B-DATA_SCALE_EXP_400K-20251108_180221,obj1_closer,output/phasevar_5/0007_phA09_phB08.png,Is the magenta cube closer to the camera than the yellow cube? Answer with yes or no.,No,Yes,23.234375,22.9375,False
/app/DATA/NVILA-Lite-2B-DATA_SCALE_EXP_400K-20251108_180221,obj1_closer,output/phasevar_5/0007_phA09_phB09.png,Is the magenta cube closer to the camera than the yellow cube? Answer with yes or no.,No,No,23.171875,23.3125,True
/app/DATA/NVILA-Lite-2B-DATA_SCALE_EXP_400K-20251108_180221,obj1_closer,output/phasevar_5/0007_phA09_phB10.png,Is the magenta cube closer to the camera than the yellow cube? Answer with yes or no.,No,No,22.796875,23.890625,True
/app/DATA/NVILA-Lite-2B-DATA_SCALE_EXP_400K-20251108_180221,obj1_closer,output/phasevar_5/0007_phA09_phB11.png,Is the magenta cube closer to the camera than the yellow cube? Answer with yes or no.,No,No,22.515625,23.296875,True
/app/DATA/NVILA-Lite-2B-DATA_SCALE_EXP_400K-20251108_180221,obj1_closer,output/phasevar_5/0007_phA09_phB12.png,Is the magenta cube closer to the camera than the yellow cube? Answer with yes or no.,No,No,22.453125,23.234375,True
/app/DATA/NVILA-Lite-2B-DATA_SCALE_EXP_400K-20251108_180221,obj1_closer,output/phasevar_5/0007_phA09_phB13.png,Is the magenta cube closer to the camera than the yellow cube? Answer with yes or no.,No,No,22.59375,23.453125,True
/app/DATA/NVILA-Lite-2B-DATA_SCALE_EXP_400K-20251108_180221,obj1_closer,output/phasevar_5/0007_phA09_phB14.png,Is the magenta cube closer to the camera than the yellow cube? Answer with yes or no.,No,No,23.484375,23.765625,True
/app/DATA/NVILA-Lite-2B-DATA_SCALE_EXP_400K-20251108_180221,obj1_closer,output/phasevar_5/0007_phA09_phB15.png,Is the magenta cube closer to the camera than the yellow cube? Answer with yes or no.,No,Yes,24.015625,23.390625,False
/app/DATA/NVILA-Lite-2B-DATA_SCALE_EXP_400K-20251108_180221,obj1_closer,output/phasevar_5/0007_phA10_phB00.png,Is the magenta cube closer to the camera than the yellow cube? Answer with yes or no.,No,Yes,23.953125,23.40625,False
/app/DATA/NVILA-Lite-2B-DATA_SCALE_EXP_400K-20251108_180221,obj1_closer,output/phasevar_5/0007_phA10_phB01.png,Is the magenta cube closer to the camera than the yellow cube? Answer with yes or no.,No,Yes,23.90625,23.296875,False
/app/DATA/NVILA-Lite-2B-DATA_SCALE_EXP_400K-20251108_180221,obj1_closer,output/phasevar_5/0007_phA10_phB02.png,Is the magenta cube closer to the camera than the yellow cube? Answer with yes or no.,No,Yes,23.8125,23.4375,False
/app/DATA/NVILA-Lite-2B-DATA_SCALE_EXP_400K-20251108_180221,obj1_closer,output/phasevar_5/0007_phA10_phB03.png,Is the magenta cube closer to the camera than the yellow cube? Answer with yes or no.,No,Yes,23.046875,22.875,False
/app/DATA/NVILA-Lite-2B-DATA_SCALE_EXP_400K-20251108_180221,obj1_closer,output/phasevar_5/0007_phA10_phB04.png,Is the magenta cube closer to the camera than the yellow cube? Answer with yes or no.,No,Yes,23.125,22.875,False
/app/DATA/NVILA-Lite-2B-DATA_SCALE_EXP_400K-20251108_180221,obj1_closer,output/phasevar_5/0007_phA10_phB05.png,Is the magenta cube closer to the camera than the yellow cube? Answer with yes or no.,No,Yes,23.1875,23.0,False
/app/DATA/NVILA-Lite-2B-DATA_SCALE_EXP_400K-20251108_180221,obj1_closer,output/phasevar_5/0007_phA10_phB06.png,Is the magenta cube closer to the camera than the yellow cube? Answer with yes or no.,No,Yes,23.53125,23.40625,False
/app/DATA/NVILA-Lite-2B-DATA_SCALE_EXP_400K-20251108_180221,obj1_closer,output/phasevar_5/0007_phA10_phB07.png,Is the magenta cube closer to the camera than the yellow cube? Answer with yes or no.,No,Yes,23.515625,23.03125,False
/app/DATA/NVILA-Lite-2B-DATA_SCALE_EXP_400K-20251108_180221,obj1_closer,output/phasevar_5/0007_phA10_phB08.png,Is the magenta cube closer to the camera than the yellow cube? Answer with yes or no.,No,Yes,23.328125,23.03125,False
/app/DATA/NVILA-Lite-2B-DATA_SCALE_EXP_400K-20251108_180221,obj1_closer,output/phasevar_5/0007_phA10_phB09.png,Is the magenta cube closer to the camera than the yellow cube? Answer with yes or no.,No,No,23.125,23.125,True
/app/DATA/NVILA-Lite-2B-DATA_SCALE_EXP_400K-20251108_180221,obj1_closer,output/phasevar_5/0007_phA10_phB10.png,Is the magenta cube closer to the camera than the yellow cube? Answer with yes or no.,No,No,22.515625,24.0625,True
/app/DATA/NVILA-Lite-2B-DATA_SCALE_EXP_400K-20251108_180221,obj1_closer,output/phasevar_5/0007_phA10_phB11.png,Is the magenta cube closer to the camera than the yellow cube? Answer with yes or no.,No,No,22.40625,23.65625,True
/app/DATA/NVILA-Lite-2B-DATA_SCALE_EXP_400K-20251108_180221,obj1_closer,output/phasevar_5/0007_phA10_phB12.png,Is the magenta cube closer to the camera than the yellow cube? Answer with yes or no.,No,No,22.375,23.421875,True
/app/DATA/NVILA-Lite-2B-DATA_SCALE_EXP_400K-20251108_180221,obj1_closer,output/phasevar_5/0007_phA10_phB13.png,Is the magenta cube closer to the camera than the yellow cube? Answer with yes or no.,No,No,22.546875,23.3125,True
/app/DATA/NVILA-Lite-2B-DATA_SCALE_EXP_400K-20251108_180221,obj1_closer,output/phasevar_5/0007_phA10_phB14.png,Is the magenta cube closer to the camera than the yellow cube? Answer with yes or no.,No,No,23.3125,23.921875,True
/app/DATA/NVILA-Lite-2B-DATA_SCALE_EXP_400K-20251108_180221,obj1_closer,output/phasevar_5/0007_phA10_phB15.png,Is the magenta cube closer to the camera than the yellow cube? Answer with yes or no.,No,Yes,23.875,23.546875,False
/app/DATA/NVILA-Lite-2B-DATA_SCALE_EXP_400K-20251108_180221,obj1_closer,output/phasevar_5/0007_phA11_phB00.png,Is the magenta cube closer to the camera than the yellow cube? Answer with yes or no.,No,Yes,24.015625,23.28125,False
/app/DATA/NVILA-Lite-2B-DATA_SCALE_EXP_400K-20251108_180221,obj1_closer,output/phasevar_5/0007_phA11_phB01.png,Is the magenta cube closer to the camera than the yellow cube? Answer with yes or no.,No,Yes,23.6875,23.171875,False
/app/DATA/NVILA-Lite-2B-DATA_SCALE_EXP_400K-20251108_180221,obj1_closer,output/phasevar_5/0007_phA11_phB02.png,Is the magenta cube closer to the camera than the yellow cube? Answer with yes or no.,No,Yes,23.5625,23.296875,False
/app/DATA/NVILA-Lite-2B-DATA_SCALE_EXP_400K-20251108_180221,obj1_closer,output/phasevar_5/0007_phA11_phB03.png,Is the magenta cube closer to the camera than the yellow cube? Answer with yes or no.,No,Yes,22.90625,22.796875,False
/app/DATA/NVILA-Lite-2B-DATA_SCALE_EXP_400K-20251108_180221,obj1_closer,output/phasevar_5/0007_phA11_phB04.png,Is the magenta cube closer to the camera than the yellow cube? Answer with yes or no.,No,Yes,22.890625,22.75,False
/app/DATA/NVILA-Lite-2B-DATA_SCALE_EXP_400K-20251108_180221,obj1_closer,output/phasevar_5/0007_phA11_phB05.png,Is the magenta cube closer to the camera than the yellow cube? Answer with yes or no.,No,Yes,23.171875,22.90625,False
/app/DATA/NVILA-Lite-2B-DATA_SCALE_EXP_400K-20251108_180221,obj1_closer,output/phasevar_5/0007_phA11_phB06.png,Is the magenta cube closer to the camera than the yellow cube? Answer with yes or no.,No,Yes,23.609375,23.28125,False
/app/DATA/NVILA-Lite-2B-DATA_SCALE_EXP_400K-20251108_180221,obj1_closer,output/phasevar_5/0007_phA11_phB07.png,Is the magenta cube closer to the camera than the yellow cube? Answer with yes or no.,No,Yes,23.734375,22.984375,False
/app/DATA/NVILA-Lite-2B-DATA_SCALE_EXP_400K-20251108_180221,obj1_closer,output/phasevar_5/0007_phA11_phB08.png,Is the magenta cube closer to the camera than the yellow cube? Answer with yes or no.,No,Yes,23.640625,23.015625,False
/app/DATA/NVILA-Lite-2B-DATA_SCALE_EXP_400K-20251108_180221,obj1_closer,output/phasevar_5/0007_phA11_phB09.png,Is the magenta cube closer to the camera than the yellow cube? Answer with yes or no.,No,Yes,23.34375,23.15625,False
/app/DATA/NVILA-Lite-2B-DATA_SCALE_EXP_400K-20251108_180221,obj1_closer,output/phasevar_5/0007_phA11_phB10.png,Is the magenta cube closer to the camera than the yellow cube? Answer with yes or no.,No,No,22.65625,23.71875,True
/app/DATA/NVILA-Lite-2B-DATA_SCALE_EXP_400K-20251108_180221,obj1_closer,output/phasevar_5/0007_phA11_phB11.png,Is the magenta cube closer to the camera than the yellow cube? Answer with yes or no.,No,No,22.21875,23.328125,True
/app/DATA/NVILA-Lite-2B-DATA_SCALE_EXP_400K-20251108_180221,obj1_closer,output/phasevar_5/0007_phA11_phB12.png,Is the magenta cube closer to the camera than the yellow cube? Answer with yes or no.,No,No,22.109375,23.28125,True
/app/DATA/NVILA-Lite-2B-DATA_SCALE_EXP_400K-20251108_180221,obj1_closer,output/phasevar_5/0007_phA11_phB13.png,Is the magenta cube closer to the camera than the yellow cube? Answer with yes or no.,No,No,22.40625,22.984375,True
/app/DATA/NVILA-Lite-2B-DATA_SCALE_EXP_400K-20251108_180221,obj1_closer,output/phasevar_5/0007_phA11_phB14.png,Is the magenta cube closer to the camera than the yellow cube? Answer with yes or no.,No,No,23.3125,23.734375,True
/app/DATA/NVILA-Lite-2B-DATA_SCALE_EXP_400K-20251108_180221,obj1_closer,output/phasevar_5/0007_phA11_phB15.png,Is the magenta cube closer to the camera than the yellow cube? Answer with yes or no.,No,Yes,23.828125,23.515625,False
/app/DATA/NVILA-Lite-2B-DATA_SCALE_EXP_400K-20251108_180221,obj1_closer,output/phasevar_5/0007_phA12_phB00.png,Is the magenta cube closer to the camera than the yellow cube? Answer with yes or no.,No,Yes,23.875,23.3125,False
/app/DATA/NVILA-Lite-2B-DATA_SCALE_EXP_400K-20251108_180221,obj1_closer,output/phasevar_5/0007_phA12_phB01.png,Is the magenta cube closer to the camera than the yellow cube? Answer with yes or no.,No,Yes,23.90625,23.265625,False
/app/DATA/NVILA-Lite-2B-DATA_SCALE_EXP_400K-20251108_180221,obj1_closer,output/phasevar_5/0007_phA12_phB02.png,Is the magenta cube closer to the camera than the yellow cube? Answer with yes or no.,No,Yes,23.90625,23.46875,False
/app/DATA/NVILA-Lite-2B-DATA_SCALE_EXP_400K-20251108_180221,obj1_closer,output/phasevar_5/0007_phA12_phB03.png,Is the magenta cube closer to the camera than the yellow cube? Answer with yes or no.,No,Yes,23.078125,22.8125,False
/app/DATA/NVILA-Lite-2B-DATA_SCALE_EXP_400K-20251108_180221,obj1_closer,output/phasevar_5/0007_phA12_phB04.png,Is the magenta cube closer to the camera than the yellow cube? Answer with yes or no.,No,Yes,23.140625,22.765625,False
/app/DATA/NVILA-Lite-2B-DATA_SCALE_EXP_400K-20251108_180221,obj1_closer,output/phasevar_5/0007_phA12_phB05.png,Is the magenta cube closer to the camera than the yellow cube? Answer with yes or no.,No,Yes,23.484375,23.0,False
/app/DATA/NVILA-Lite-2B-DATA_SCALE_EXP_400K-20251108_180221,obj1_closer,output/phasevar_5/0007_phA12_phB06.png,Is the magenta cube closer to the camera than the yellow cube? Answer with yes or no.,No,Yes,23.890625,23.515625,False
/app/DATA/NVILA-Lite-2B-DATA_SCALE_EXP_400K-20251108_180221,obj1_closer,output/phasevar_5/0007_phA12_phB07.png,Is the magenta cube closer to the camera than the yellow cube? Answer with yes or no.,No,Yes,23.875,23.234375,False
/app/DATA/NVILA-Lite-2B-DATA_SCALE_EXP_400K-20251108_180221,obj1_closer,output/phasevar_5/0007_phA12_phB08.png,Is the magenta cube closer to the camera than the yellow cube? Answer with yes or no.,No,Yes,23.71875,23.21875,False
/app/DATA/NVILA-Lite-2B-DATA_SCALE_EXP_400K-20251108_180221,obj1_closer,output/phasevar_5/0007_phA12_phB09.png,Is the magenta cube closer to the camera than the yellow cube? Answer with yes or no.,No,Yes,23.484375,23.296875,False
/app/DATA/NVILA-Lite-2B-DATA_SCALE_EXP_400K-20251108_180221,obj1_closer,output/phasevar_5/0007_phA12_phB10.png,Is the magenta cube closer to the camera than the yellow cube? Answer with yes or no.,No,No,22.828125,23.96875,True
/app/DATA/NVILA-Lite-2B-DATA_SCALE_EXP_400K-20251108_180221,obj1_closer,output/phasevar_5/0007_phA12_phB11.png,Is the magenta cube closer to the camera than the yellow cube? Answer with yes or no.,No,No,22.203125,23.578125,True
/app/DATA/NVILA-Lite-2B-DATA_SCALE_EXP_400K-20251108_180221,obj1_closer,output/phasevar_5/0007_phA12_phB12.png,Is the magenta cube closer to the camera than the yellow cube? Answer with yes or no.,No,No,21.96875,23.5,True
/app/DATA/NVILA-Lite-2B-DATA_SCALE_EXP_400K-20251108_180221,obj1_closer,output/phasevar_5/0007_phA12_phB13.png,Is the magenta cube closer to the camera than the yellow cube? Answer with yes or no.,No,No,22.296875,23.25,True
/app/DATA/NVILA-Lite-2B-DATA_SCALE_EXP_400K-20251108_180221,obj1_closer,output/phasevar_5/0007_phA12_phB14.png,Is the magenta cube closer to the camera than the yellow cube? Answer with yes or no.,No,No,23.296875,23.828125,True
/app/DATA/NVILA-Lite-2B-DATA_SCALE_EXP_400K-20251108_180221,obj1_closer,output/phasevar_5/0007_phA12_phB15.png,Is the magenta cube closer to the camera than the yellow cube? Answer with yes or no.,No,Yes,23.75,23.59375,False
/app/DATA/NVILA-Lite-2B-DATA_SCALE_EXP_400K-20251108_180221,obj1_closer,output/phasevar_5/0007_phA13_phB00.png,Is the magenta cube closer to the camera than the yellow cube? Answer with yes or no.,No,Yes,23.59375,23.234375,False
/app/DATA/NVILA-Lite-2B-DATA_SCALE_EXP_400K-20251108_180221,obj1_closer,output/phasevar_5/0007_phA13_phB01.png,Is the magenta cube closer to the camera than the yellow cube? Answer with yes or no.,No,Yes,23.703125,23.1875,False
/app/DATA/NVILA-Lite-2B-DATA_SCALE_EXP_400K-20251108_180221,obj1_closer,output/phasevar_5/0007_phA13_phB02.png,Is the magenta cube closer to the camera than the yellow cube? Answer with yes or no.,No,Yes,23.859375,23.453125,False
/app/DATA/NVILA-Lite-2B-DATA_SCALE_EXP_400K-20251108_180221,obj1_closer,output/phasevar_5/0007_phA13_phB03.png,Is the magenta cube closer to the camera than the yellow cube? Answer with yes or no.,No,Yes,23.046875,22.796875,False
/app/DATA/NVILA-Lite-2B-DATA_SCALE_EXP_400K-20251108_180221,obj1_closer,output/phasevar_5/0007_phA13_phB04.png,Is the magenta cube closer to the camera than the yellow cube? Answer with yes or no.,No,Yes,23.484375,22.9375,False
/app/DATA/NVILA-Lite-2B-DATA_SCALE_EXP_400K-20251108_180221,obj1_closer,output/phasevar_5/0007_phA13_phB05.png,Is the magenta cube closer to the camera than the yellow cube? Answer with yes or no.,No,Yes,23.6875,23.0625,False
/app/DATA/NVILA-Lite-2B-DATA_SCALE_EXP_400K-20251108_180221,obj1_closer,output/phasevar_5/0007_phA13_phB06.png,Is the magenta cube closer to the camera than the yellow cube? Answer with yes or no.,No,Yes,23.96875,23.625,False
/app/DATA/NVILA-Lite-2B-DATA_SCALE_EXP_400K-20251108_180221,obj1_closer,output/phasevar_5/0007_phA13_phB07.png,Is the magenta cube closer to the camera than the yellow cube? Answer with yes or no.,No,Yes,23.9375,23.34375,False
/app/DATA/NVILA-Lite-2B-DATA_SCALE_EXP_400K-20251108_180221,obj1_closer,output/phasevar_5/0007_phA13_phB08.png,Is the magenta cube closer to the camera than the yellow cube? Answer with yes or no.,No,Yes,23.75,23.375,False
/app/DATA/NVILA-Lite-2B-DATA_SCALE_EXP_400K-20251108_180221,obj1_closer,output/phasevar_5/0007_phA13_phB09.png,Is the magenta cube closer to the camera than the yellow cube? Answer with yes or no.,No,Yes,23.546875,23.46875,False
/app/DATA/NVILA-Lite-2B-DATA_SCALE_EXP_400K-20251108_180221,obj1_closer,output/phasevar_5/0007_phA13_phB10.png,Is the magenta cube closer to the camera than the yellow cube? Answer with yes or no.,No,No,22.9375,24.0,True
/app/DATA/NVILA-Lite-2B-DATA_SCALE_EXP_400K-20251108_180221,obj1_closer,output/phasevar_5/0007_phA13_phB11.png,Is the magenta cube closer to the camera than the yellow cube? Answer with yes or no.,No,No,22.28125,23.640625,True
/app/DATA/NVILA-Lite-2B-DATA_SCALE_EXP_400K-20251108_180221,obj1_closer,output/phasevar_5/0007_phA13_phB12.png,Is the magenta cube closer to the camera than the yellow cube? Answer with yes or no.,No,No,22.09375,23.328125,True
/app/DATA/NVILA-Lite-2B-DATA_SCALE_EXP_400K-20251108_180221,obj1_closer,output/phasevar_5/0007_phA13_phB13.png,Is the magenta cube closer to the camera than the yellow cube? Answer with yes or no.,No,No,22.21875,23.328125,True
/app/DATA/NVILA-Lite-2B-DATA_SCALE_EXP_400K-20251108_180221,obj1_closer,output/phasevar_5/0007_phA13_phB14.png,Is the magenta cube closer to the camera than the yellow cube? Answer with yes or no.,No,No,23.109375,23.890625,True
/app/DATA/NVILA-Lite-2B-DATA_SCALE_EXP_400K-20251108_180221,obj1_closer,output/phasevar_5/0007_phA13_phB15.png,Is the magenta cube closer to the camera than the yellow cube? Answer with yes or no.,No,No,23.625,23.78125,True
/app/DATA/NVILA-Lite-2B-DATA_SCALE_EXP_400K-20251108_180221,obj1_closer,output/phasevar_5/0007_phA14_phB00.png,Is the magenta cube closer to the camera than the yellow cube? Answer with yes or no.,No,Yes,23.15625,23.0625,False
/app/DATA/NVILA-Lite-2B-DATA_SCALE_EXP_400K-20251108_180221,obj1_closer,output/phasevar_5/0007_phA14_phB01.png,Is the magenta cube closer to the camera than the yellow cube? Answer with yes or no.,No,Yes,23.53125,23.21875,False
/app/DATA/NVILA-Lite-2B-DATA_SCALE_EXP_400K-20251108_180221,obj1_closer,output/phasevar_5/0007_phA14_phB02.png,Is the magenta cube closer to the camera than the yellow cube? Answer with yes or no.,No,Yes,23.625,23.5,False
/app/DATA/NVILA-Lite-2B-DATA_SCALE_EXP_400K-20251108_180221,obj1_closer,output/phasevar_5/0007_phA14_phB03.png,Is the magenta cube closer to the camera than the yellow cube? Answer with yes or no.,No,Yes,23.390625,22.890625,False
/app/DATA/NVILA-Lite-2B-DATA_SCALE_EXP_400K-20251108_180221,obj1_closer,output/phasevar_5/0007_phA14_phB04.png,Is the magenta cube closer to the camera than the yellow cube? Answer with yes or no.,No,Yes,23.59375,23.21875,False
/app/DATA/NVILA-Lite-2B-DATA_SCALE_EXP_400K-20251108_180221,obj1_closer,output/phasevar_5/0007_phA14_phB05.png,Is the magenta cube closer to the camera than the yellow cube? Answer with yes or no.,No,Yes,23.796875,23.296875,False
/app/DATA/NVILA-Lite-2B-DATA_SCALE_EXP_400K-20251108_180221,obj1_closer,output/phasevar_5/0007_phA14_phB06.png,Is the magenta cube closer to the camera than the yellow cube? Answer with yes or no.,No,Yes,23.90625,23.828125,False
/app/DATA/NVILA-Lite-2B-DATA_SCALE_EXP_400K-20251108_180221,obj1_closer,output/phasevar_5/0007_phA14_phB07.png,Is the magenta cube closer to the camera than the yellow cube? Answer with yes or no.,No,Yes,23.75,23.4375,False
/app/DATA/NVILA-Lite-2B-DATA_SCALE_EXP_400K-20251108_180221,obj1_closer,output/phasevar_5/0007_phA14_phB08.png,Is the magenta cube closer to the camera than the yellow cube? Answer with yes or no.,No,Yes,23.59375,23.5,False
/app/DATA/NVILA-Lite-2B-DATA_SCALE_EXP_400K-20251108_180221,obj1_closer,output/phasevar_5/0007_phA14_phB09.png,Is the magenta cube closer to the camera than the yellow cube? Answer with yes or no.,No,No,23.375,23.640625,True
/app/DATA/NVILA-Lite-2B-DATA_SCALE_EXP_400K-20251108_180221,obj1_closer,output/phasevar_5/0007_phA14_phB10.png,Is the magenta cube closer to the camera than the yellow cube? Answer with yes or no.,No,No,22.71875,24.515625,True
/app/DATA/NVILA-Lite-2B-DATA_SCALE_EXP_400K-20251108_180221,obj1_closer,output/phasevar_5/0007_phA14_phB11.png,Is the magenta cube closer to the camera than the yellow cube? Answer with yes or no.,No,No,22.375,24.015625,True
/app/DATA/NVILA-Lite-2B-DATA_SCALE_EXP_400K-20251108_180221,obj1_closer,output/phasevar_5/0007_phA14_phB12.png,Is the magenta cube closer to the camera than the yellow cube? Answer with yes or no.,No,No,22.15625,23.328125,True
/app/DATA/NVILA-Lite-2B-DATA_SCALE_EXP_400K-20251108_180221,obj1_closer,output/phasevar_5/0007_phA14_phB13.png,Is the magenta cube closer to the camera than the yellow cube? Answer with yes or no.,No,No,22.25,23.4375,True
/app/DATA/NVILA-Lite-2B-DATA_SCALE_EXP_400K-20251108_180221,obj1_closer,output/phasevar_5/0007_phA14_phB14.png,Is the magenta cube closer to the camera than the yellow cube? Answer with yes or no.,No,No,22.578125,24.328125,True
/app/DATA/NVILA-Lite-2B-DATA_SCALE_EXP_400K-20251108_180221,obj1_closer,output/phasevar_5/0007_phA14_phB15.png,Is the magenta cube closer to the camera than the yellow cube? Answer with yes or no.,No,No,23.015625,23.75,True
/app/DATA/NVILA-Lite-2B-DATA_SCALE_EXP_400K-20251108_180221,obj1_closer,output/phasevar_5/0007_phA15_phB00.png,Is the magenta cube closer to the camera than the yellow cube? Answer with yes or no.,No,Yes,23.265625,23.078125,False
/app/DATA/NVILA-Lite-2B-DATA_SCALE_EXP_400K-20251108_180221,obj1_closer,output/phasevar_5/0007_phA15_phB01.png,Is the magenta cube closer to the camera than the yellow cube? Answer with yes or no.,No,Yes,23.953125,23.3125,False
/app/DATA/NVILA-Lite-2B-DATA_SCALE_EXP_400K-20251108_180221,obj1_closer,output/phasevar_5/0007_phA15_phB02.png,Is the magenta cube closer to the camera than the yellow cube? Answer with yes or no.,No,Yes,23.859375,23.671875,False
/app/DATA/NVILA-Lite-2B-DATA_SCALE_EXP_400K-20251108_180221,obj1_closer,output/phasevar_5/0007_phA15_phB03.png,Is the magenta cube closer to the camera than the yellow cube? Answer with yes or no.,No,Yes,23.890625,22.875,False
/app/DATA/NVILA-Lite-2B-DATA_SCALE_EXP_400K-20251108_180221,obj1_closer,output/phasevar_5/0007_phA15_phB04.png,Is the magenta cube closer to the camera than the yellow cube? Answer with yes or no.,No,Yes,24.015625,23.25,False
/app/DATA/NVILA-Lite-2B-DATA_SCALE_EXP_400K-20251108_180221,obj1_closer,output/phasevar_5/0007_phA15_phB05.png,Is the magenta cube closer to the camera than the yellow cube? Answer with yes or no.,No,Yes,24.1875,23.296875,False
/app/DATA/NVILA-Lite-2B-DATA_SCALE_EXP_400K-20251108_180221,obj1_closer,output/phasevar_5/0007_phA15_phB06.png,Is the magenta cube closer to the camera than the yellow cube? Answer with yes or no.,No,Yes,24.203125,23.671875,False
/app/DATA/NVILA-Lite-2B-DATA_SCALE_EXP_400K-20251108_180221,obj1_closer,output/phasevar_5/0007_phA15_phB07.png,Is the magenta cube closer to the camera than the yellow cube? Answer with yes or no.,No,Yes,24.078125,23.421875,False
/app/DATA/NVILA-Lite-2B-DATA_SCALE_EXP_400K-20251108_180221,obj1_closer,output/phasevar_5/0007_phA15_phB08.png,Is the magenta cube closer to the camera than the yellow cube? Answer with yes or no.,No,Yes,23.984375,23.40625,False
/app/DATA/NVILA-Lite-2B-DATA_SCALE_EXP_400K-20251108_180221,obj1_closer,output/phasevar_5/0007_phA15_phB09.png,Is the magenta cube closer to the camera than the yellow cube? Answer with yes or no.,No,Yes,23.734375,23.453125,False
/app/DATA/NVILA-Lite-2B-DATA_SCALE_EXP_400K-20251108_180221,obj1_closer,output/phasevar_5/0007_phA15_phB10.png,Is the magenta cube closer to the camera than the yellow cube? Answer with yes or no.,No,No,23.46875,24.15625,True
/app/DATA/NVILA-Lite-2B-DATA_SCALE_EXP_400K-20251108_180221,obj1_closer,output/phasevar_5/0007_phA15_phB11.png,Is the magenta cube closer to the camera than the yellow cube? Answer with yes or no.,No,No,22.953125,23.515625,True
/app/DATA/NVILA-Lite-2B-DATA_SCALE_EXP_400K-20251108_180221,obj1_closer,output/phasevar_5/0007_phA15_phB12.png,Is the magenta cube closer to the camera than the yellow cube? Answer with yes or no.,No,No,22.5625,22.9375,True
/app/DATA/NVILA-Lite-2B-DATA_SCALE_EXP_400K-20251108_180221,obj1_closer,output/phasevar_5/0007_phA15_phB13.png,Is the magenta cube closer to the camera than the yellow cube? Answer with yes or no.,No,No,22.53125,23.078125,True
/app/DATA/NVILA-Lite-2B-DATA_SCALE_EXP_400K-20251108_180221,obj1_closer,output/phasevar_5/0007_phA15_phB14.png,Is the magenta cube closer to the camera than the yellow cube? Answer with yes or no.,No,No,23.09375,23.96875,True
/app/DATA/NVILA-Lite-2B-DATA_SCALE_EXP_400K-20251108_180221,obj1_closer,output/phasevar_5/0007_phA15_phB15.png,Is the magenta cube closer to the camera than the yellow cube? Answer with yes or no.,No,No,23.203125,23.671875,True
/app/DATA/NVILA-Lite-2B-DATA_SCALE_EXP_400K-20251108_180221,obj1_closer,output/phasevar_5/0008_phA00_phB00.png,Is the blue cube closer to the camera than the cyan sphere? Answer with yes or no.,No,No,23.484375,24.171875,True
/app/DATA/NVILA-Lite-2B-DATA_SCALE_EXP_400K-20251108_180221,obj1_closer,output/phasevar_5/0008_phA00_phB01.png,Is the blue cube closer to the camera than the cyan sphere? Answer with yes or no.,No,Yes,23.765625,23.5625,False
/app/DATA/NVILA-Lite-2B-DATA_SCALE_EXP_400K-20251108_180221,obj1_closer,output/phasevar_5/0008_phA00_phB02.png,Is the blue cube closer to the camera than the cyan sphere? Answer with yes or no.,No,No,23.984375,24.046875,True
/app/DATA/NVILA-Lite-2B-DATA_SCALE_EXP_400K-20251108_180221,obj1_closer,output/phasevar_5/0008_phA00_phB03.png,Is the blue cube closer to the camera than the cyan sphere? Answer with yes or no.,No,Yes,23.109375,22.78125,False
/app/DATA/NVILA-Lite-2B-DATA_SCALE_EXP_400K-20251108_180221,obj1_closer,output/phasevar_5/0008_phA00_phB04.png,Is the blue cube closer to the camera than the cyan sphere? Answer with yes or no.,No,Yes,23.140625,22.890625,False
/app/DATA/NVILA-Lite-2B-DATA_SCALE_EXP_400K-20251108_180221,obj1_closer,output/phasevar_5/0008_phA00_phB05.png,Is the blue cube closer to the camera than the cyan sphere? Answer with yes or no.,No,Yes,23.78125,23.484375,False
/app/DATA/NVILA-Lite-2B-DATA_SCALE_EXP_400K-20251108_180221,obj1_closer,output/phasevar_5/0008_phA00_phB06.png,Is the blue cube closer to the camera than the cyan sphere? Answer with yes or no.,No,No,23.8125,23.953125,True
/app/DATA/NVILA-Lite-2B-DATA_SCALE_EXP_400K-20251108_180221,obj1_closer,output/phasevar_5/0008_phA00_phB07.png,Is the blue cube closer to the camera than the cyan sphere? Answer with yes or no.,No,Yes,23.984375,23.84375,False
/app/DATA/NVILA-Lite-2B-DATA_SCALE_EXP_400K-20251108_180221,obj1_closer,output/phasevar_5/0008_phA00_phB08.png,Is the blue cube closer to the camera than the cyan sphere? Answer with yes or no.,No,No,23.828125,23.875,True
/app/DATA/NVILA-Lite-2B-DATA_SCALE_EXP_400K-20251108_180221,obj1_closer,output/phasevar_5/0008_phA00_phB09.png,Is the blue cube closer to the camera than the cyan sphere? Answer with yes or no.,No,No,23.1875,24.390625,True
/app/DATA/NVILA-Lite-2B-DATA_SCALE_EXP_400K-20251108_180221,obj1_closer,output/phasevar_5/0008_phA00_phB10.png,Is the blue cube closer to the camera than the cyan sphere? Answer with yes or no.,No,No,22.9375,25.25,True
/app/DATA/NVILA-Lite-2B-DATA_SCALE_EXP_400K-20251108_180221,obj1_closer,output/phasevar_5/0008_phA00_phB11.png,Is the blue cube closer to the camera than the cyan sphere? Answer with yes or no.,No,No,22.421875,24.765625,True
/app/DATA/NVILA-Lite-2B-DATA_SCALE_EXP_400K-20251108_180221,obj1_closer,output/phasevar_5/0008_phA00_phB12.png,Is the blue cube closer to the camera than the cyan sphere? Answer with yes or no.,No,No,22.140625,25.234375,True
/app/DATA/NVILA-Lite-2B-DATA_SCALE_EXP_400K-20251108_180221,obj1_closer,output/phasevar_5/0008_phA00_phB13.png,Is the blue cube closer to the camera than the cyan sphere? Answer with yes or no.,No,No,22.0,25.046875,True
/app/DATA/NVILA-Lite-2B-DATA_SCALE_EXP_400K-20251108_180221,obj1_closer,output/phasevar_5/0008_phA00_phB14.png,Is the blue cube closer to the camera than the cyan sphere? Answer with yes or no.,No,No,22.6875,25.1875,True
/app/DATA/NVILA-Lite-2B-DATA_SCALE_EXP_400K-20251108_180221,obj1_closer,output/phasevar_5/0008_phA00_phB15.png,Is the blue cube closer to the camera than the cyan sphere? Answer with yes or no.,No,No,23.234375,24.546875,True
/app/DATA/NVILA-Lite-2B-DATA_SCALE_EXP_400K-20251108_180221,obj1_closer,output/phasevar_5/0008_phA01_phB00.png,Is the blue cube closer to the camera than the cyan sphere? Answer with yes or no.,No,No,23.53125,24.296875,True
/app/DATA/NVILA-Lite-2B-DATA_SCALE_EXP_400K-20251108_180221,obj1_closer,output/phasevar_5/0008_phA01_phB01.png,Is the blue cube closer to the camera than the cyan sphere? Answer with yes or no.,No,Yes,23.765625,23.609375,False
/app/DATA/NVILA-Lite-2B-DATA_SCALE_EXP_400K-20251108_180221,obj1_closer,output/phasevar_5/0008_phA01_phB02.png,Is the blue cube closer to the camera than the cyan sphere? Answer with yes or no.,No,No,23.9375,24.046875,True
/app/DATA/NVILA-Lite-2B-DATA_SCALE_EXP_400K-20251108_180221,obj1_closer,output/phasevar_5/0008_phA01_phB03.png,Is the blue cube closer to the camera than the cyan sphere? Answer with yes or no.,No,No,22.890625,22.953125,True
/app/DATA/NVILA-Lite-2B-DATA_SCALE_EXP_400K-20251108_180221,obj1_closer,output/phasevar_5/0008_phA01_phB04.png,Is the blue cube closer to the camera than the cyan sphere? Answer with yes or no.,No,Yes,22.953125,22.84375,False
/app/DATA/NVILA-Lite-2B-DATA_SCALE_EXP_400K-20251108_180221,obj1_closer,output/phasevar_5/0008_phA01_phB05.png,Is the blue cube closer to the camera than the cyan sphere? Answer with yes or no.,No,Yes,23.671875,23.421875,False
/app/DATA/NVILA-Lite-2B-DATA_SCALE_EXP_400K-20251108_180221,obj1_closer,output/phasevar_5/0008_phA01_phB06.png,Is the blue cube closer to the camera than the cyan sphere? Answer with yes or no.,No,No,23.703125,23.90625,True
/app/DATA/NVILA-Lite-2B-DATA_SCALE_EXP_400K-20251108_180221,obj1_closer,output/phasevar_5/0008_phA01_phB07.png,Is the blue cube closer to the camera than the cyan sphere? Answer with yes or no.,No,Yes,23.9375,23.828125,False
/app/DATA/NVILA-Lite-2B-DATA_SCALE_EXP_400K-20251108_180221,obj1_closer,output/phasevar_5/0008_phA01_phB08.png,Is the blue cube closer to the camera than the cyan sphere? Answer with yes or no.,No,No,23.796875,23.875,True
/app/DATA/NVILA-Lite-2B-DATA_SCALE_EXP_400K-20251108_180221,obj1_closer,output/phasevar_5/0008_phA01_phB09.png,Is the blue cube closer to the camera than the cyan sphere? Answer with yes or no.,No,No,23.28125,24.375,True
/app/DATA/NVILA-Lite-2B-DATA_SCALE_EXP_400K-20251108_180221,obj1_closer,output/phasevar_5/0008_phA01_phB10.png,Is the blue cube closer to the camera than the cyan sphere? Answer with yes or no.,No,No,23.046875,25.140625,True
/app/DATA/NVILA-Lite-2B-DATA_SCALE_EXP_400K-20251108_180221,obj1_closer,output/phasevar_5/0008_phA01_phB11.png,Is the blue cube closer to the camera than the cyan sphere? Answer with yes or no.,No,No,22.546875,24.6875,True
/app/DATA/NVILA-Lite-2B-DATA_SCALE_EXP_400K-20251108_180221,obj1_closer,output/phasevar_5/0008_phA01_phB12.png,Is the blue cube closer to the camera than the cyan sphere? Answer with yes or no.,No,No,22.3125,25.109375,True
/app/DATA/NVILA-Lite-2B-DATA_SCALE_EXP_400K-20251108_180221,obj1_closer,output/phasevar_5/0008_phA01_phB13.png,Is the blue cube closer to the camera than the cyan sphere? Answer with yes or no.,No,No,22.203125,24.96875,True
/app/DATA/NVILA-Lite-2B-DATA_SCALE_EXP_400K-20251108_180221,obj1_closer,output/phasevar_5/0008_phA01_phB14.png,Is the blue cube closer to the camera than the cyan sphere? Answer with yes or no.,No,No,22.90625,25.078125,True
/app/DATA/NVILA-Lite-2B-DATA_SCALE_EXP_400K-20251108_180221,obj1_closer,output/phasevar_5/0008_phA01_phB15.png,Is the blue cube closer to the camera than the cyan sphere? Answer with yes or no.,No,No,23.34375,24.53125,True
/app/DATA/NVILA-Lite-2B-DATA_SCALE_EXP_400K-20251108_180221,obj1_closer,output/phasevar_5/0008_phA02_phB00.png,Is the blue cube closer to the camera than the cyan sphere? Answer with yes or no.,No,No,23.15625,24.296875,True
/app/DATA/NVILA-Lite-2B-DATA_SCALE_EXP_400K-20251108_180221,obj1_closer,output/phasevar_5/0008_phA02_phB01.png,Is the blue cube closer to the camera than the cyan sphere? Answer with yes or no.,No,No,23.34375,23.796875,True
/app/DATA/NVILA-Lite-2B-DATA_SCALE_EXP_400K-20251108_180221,obj1_closer,output/phasevar_5/0008_phA02_phB02.png,Is the blue cube closer to the camera than the cyan sphere? Answer with yes or no.,No,No,23.609375,24.078125,True
/app/DATA/NVILA-Lite-2B-DATA_SCALE_EXP_400K-20251108_180221,obj1_closer,output/phasevar_5/0008_phA02_phB03.png,Is the blue cube closer to the camera than the cyan sphere? Answer with yes or no.,No,No,22.421875,23.28125,True
/app/DATA/NVILA-Lite-2B-DATA_SCALE_EXP_400K-20251108_180221,obj1_closer,output/phasevar_5/0008_phA02_phB04.png,Is the blue cube closer to the camera than the cyan sphere? Answer with yes or no.,No,No,22.5,22.96875,True
/app/DATA/NVILA-Lite-2B-DATA_SCALE_EXP_400K-20251108_180221,obj1_closer,output/phasevar_5/0008_phA02_phB05.png,Is the blue cube closer to the camera than the cyan sphere? Answer with yes or no.,No,No,23.203125,23.625,True
/app/DATA/NVILA-Lite-2B-DATA_SCALE_EXP_400K-20251108_180221,obj1_closer,output/phasevar_5/0008_phA02_phB06.png,Is the blue cube closer to the camera than the cyan sphere? Answer with yes or no.,No,No,23.296875,24.0,True
/app/DATA/NVILA-Lite-2B-DATA_SCALE_EXP_400K-20251108_180221,obj1_closer,output/phasevar_5/0008_phA02_phB07.png,Is the blue cube closer to the camera than the cyan sphere? Answer with yes or no.,No,No,23.484375,23.953125,True
/app/DATA/NVILA-Lite-2B-DATA_SCALE_EXP_400K-20251108_180221,obj1_closer,output/phasevar_5/0008_phA02_phB08.png,Is the blue cube closer to the camera than the cyan sphere? Answer with yes or no.,No,No,23.359375,23.984375,True
/app/DATA/NVILA-Lite-2B-DATA_SCALE_EXP_400K-20251108_180221,obj1_closer,output/phasevar_5/0008_phA02_phB09.png,Is the blue cube closer to the camera than the cyan sphere? Answer with yes or no.,No,No,22.953125,24.359375,True
/app/DATA/NVILA-Lite-2B-DATA_SCALE_EXP_400K-20251108_180221,obj1_closer,output/phasevar_5/0008_phA02_phB10.png,Is the blue cube closer to the camera than the cyan sphere? Answer with yes or no.,No,No,22.796875,25.0625,True
/app/DATA/NVILA-Lite-2B-DATA_SCALE_EXP_400K-20251108_180221,obj1_closer,output/phasevar_5/0008_phA02_phB11.png,Is the blue cube closer to the camera than the cyan sphere? Answer with yes or no.,No,No,22.390625,25.015625,True
/app/DATA/NVILA-Lite-2B-DATA_SCALE_EXP_400K-20251108_180221,obj1_closer,output/phasevar_5/0008_phA02_phB12.png,Is the blue cube closer to the camera than the cyan sphere? Answer with yes or no.,No,No,22.203125,25.296875,True
/app/DATA/NVILA-Lite-2B-DATA_SCALE_EXP_400K-20251108_180221,obj1_closer,output/phasevar_5/0008_phA02_phB13.png,Is the blue cube closer to the camera than the cyan sphere? Answer with yes or no.,No,No,22.046875,25.1875,True
/app/DATA/NVILA-Lite-2B-DATA_SCALE_EXP_400K-20251108_180221,obj1_closer,output/phasevar_5/0008_phA02_phB14.png,Is the blue cube closer to the camera than the cyan sphere? Answer with yes or no.,No,No,22.71875,25.0625,True
/app/DATA/NVILA-Lite-2B-DATA_SCALE_EXP_400K-20251108_180221,obj1_closer,output/phasevar_5/0008_phA02_phB15.png,Is the blue cube closer to the camera than the cyan sphere? Answer with yes or no.,No,No,23.03125,24.4375,True
/app/DATA/NVILA-Lite-2B-DATA_SCALE_EXP_400K-20251108_180221,obj1_closer,output/phasevar_5/0008_phA03_phB00.png,Is the blue cube closer to the camera than the cyan sphere? Answer with yes or no.,No,No,23.359375,24.296875,True
/app/DATA/NVILA-Lite-2B-DATA_SCALE_EXP_400K-20251108_180221,obj1_closer,output/phasevar_5/0008_phA03_phB01.png,Is the blue cube closer to the camera than the cyan sphere? Answer with yes or no.,No,No,23.53125,23.828125,True
/app/DATA/NVILA-Lite-2B-DATA_SCALE_EXP_400K-20251108_180221,obj1_closer,output/phasevar_5/0008_phA03_phB02.png,Is the blue cube closer to the camera than the cyan sphere? Answer with yes or no.,No,No,23.703125,23.96875,True
/app/DATA/NVILA-Lite-2B-DATA_SCALE_EXP_400K-20251108_180221,obj1_closer,output/phasevar_5/0008_phA03_phB03.png,Is the blue cube closer to the camera than the cyan sphere? Answer with yes or no.,No,No,22.53125,23.421875,True
/app/DATA/NVILA-Lite-2B-DATA_SCALE_EXP_400K-20251108_180221,obj1_closer,output/phasevar_5/0008_phA03_phB04.png,Is the blue cube closer to the camera than the cyan sphere? Answer with yes or no.,No,No,22.546875,22.875,True
/app/DATA/NVILA-Lite-2B-DATA_SCALE_EXP_400K-20251108_180221,obj1_closer,output/phasevar_5/0008_phA03_phB05.png,Is the blue cube closer to the camera than the cyan sphere? Answer with yes or no.,No,No,23.28125,23.5,True
/app/DATA/NVILA-Lite-2B-DATA_SCALE_EXP_400K-20251108_180221,obj1_closer,output/phasevar_5/0008_phA03_phB06.png,Is the blue cube closer to the camera than the cyan sphere? Answer with yes or no.,No,No,23.328125,23.890625,True
/app/DATA/NVILA-Lite-2B-DATA_SCALE_EXP_400K-20251108_180221,obj1_closer,output/phasevar_5/0008_phA03_phB07.png,Is the blue cube closer to the camera than the cyan sphere? Answer with yes or no.,No,No,23.5625,23.859375,True
/app/DATA/NVILA-Lite-2B-DATA_SCALE_EXP_400K-20251108_180221,obj1_closer,output/phasevar_5/0008_phA03_phB08.png,Is the blue cube closer to the camera than the cyan sphere? Answer with yes or no.,No,No,23.484375,23.9375,True
/app/DATA/NVILA-Lite-2B-DATA_SCALE_EXP_400K-20251108_180221,obj1_closer,output/phasevar_5/0008_phA03_phB09.png,Is the blue cube closer to the camera than the cyan sphere? Answer with yes or no.,No,No,22.9375,24.296875,True
/app/DATA/NVILA-Lite-2B-DATA_SCALE_EXP_400K-20251108_180221,obj1_closer,output/phasevar_5/0008_phA03_phB10.png,Is the blue cube closer to the camera than the cyan sphere? Answer with yes or no.,No,No,22.859375,25.109375,True
/app/DATA/NVILA-Lite-2B-DATA_SCALE_EXP_400K-20251108_180221,obj1_closer,output/phasevar_5/0008_phA03_phB11.png,Is the blue cube closer to the camera than the cyan sphere? Answer with yes or no.,No,No,22.296875,24.71875,True
/app/DATA/NVILA-Lite-2B-DATA_SCALE_EXP_400K-20251108_180221,obj1_closer,output/phasevar_5/0008_phA03_phB12.png,Is the blue cube closer to the camera than the cyan sphere? Answer with yes or no.,No,No,22.109375,25.234375,True
/app/DATA/NVILA-Lite-2B-DATA_SCALE_EXP_400K-20251108_180221,obj1_closer,output/phasevar_5/0008_phA03_phB13.png,Is the blue cube closer to the camera than the cyan sphere? Answer with yes or no.,No,No,22.015625,24.90625,True
/app/DATA/NVILA-Lite-2B-DATA_SCALE_EXP_400K-20251108_180221,obj1_closer,output/phasevar_5/0008_phA03_phB14.png,Is the blue cube closer to the camera than the cyan sphere? Answer with yes or no.,No,No,22.875,24.953125,True
/app/DATA/NVILA-Lite-2B-DATA_SCALE_EXP_400K-20251108_180221,obj1_closer,output/phasevar_5/0008_phA03_phB15.png,Is the blue cube closer to the camera than the cyan sphere? Answer with yes or no.,No,No,23.171875,24.375,True
/app/DATA/NVILA-Lite-2B-DATA_SCALE_EXP_400K-20251108_180221,obj1_closer,output/phasevar_5/0008_phA04_phB00.png,Is the blue cube closer to the camera than the cyan sphere? Answer with yes or no.,No,No,23.40625,24.421875,True
/app/DATA/NVILA-Lite-2B-DATA_SCALE_EXP_400K-20251108_180221,obj1_closer,output/phasevar_5/0008_phA04_phB01.png,Is the blue cube closer to the camera than the cyan sphere? Answer with yes or no.,No,No,23.453125,24.0,True
/app/DATA/NVILA-Lite-2B-DATA_SCALE_EXP_400K-20251108_180221,obj1_closer,output/phasevar_5/0008_phA04_phB02.png,Is the blue cube closer to the camera than the cyan sphere? Answer with yes or no.,No,No,23.734375,24.15625,True
/app/DATA/NVILA-Lite-2B-DATA_SCALE_EXP_400K-20251108_180221,obj1_closer,output/phasevar_5/0008_phA04_phB03.png,Is the blue cube closer to the camera than the cyan sphere? Answer with yes or no.,No,No,22.578125,23.796875,True
/app/DATA/NVILA-Lite-2B-DATA_SCALE_EXP_400K-20251108_180221,obj1_closer,output/phasevar_5/0008_phA04_phB04.png,Is the blue cube closer to the camera than the cyan sphere? Answer with yes or no.,No,No,22.5,23.09375,True
/app/DATA/NVILA-Lite-2B-DATA_SCALE_EXP_400K-20251108_180221,obj1_closer,output/phasevar_5/0008_phA04_phB05.png,Is the blue cube closer to the camera than the cyan sphere? Answer with yes or no.,No,No,23.15625,23.578125,True
/app/DATA/NVILA-Lite-2B-DATA_SCALE_EXP_400K-20251108_180221,obj1_closer,output/phasevar_5/0008_phA04_phB06.png,Is the blue cube closer to the camera than the cyan sphere? Answer with yes or no.,No,No,23.234375,23.984375,True
/app/DATA/NVILA-Lite-2B-DATA_SCALE_EXP_400K-20251108_180221,obj1_closer,output/phasevar_5/0008_phA04_phB07.png,Is the blue cube closer to the camera than the cyan sphere? Answer with yes or no.,No,No,23.453125,23.953125,True
/app/DATA/NVILA-Lite-2B-DATA_SCALE_EXP_400K-20251108_180221,obj1_closer,output/phasevar_5/0008_phA04_phB08.png,Is the blue cube closer to the camera than the cyan sphere? Answer with yes or no.,No,No,23.359375,24.03125,True
/app/DATA/NVILA-Lite-2B-DATA_SCALE_EXP_400K-20251108_180221,obj1_closer,output/phasevar_5/0008_phA04_phB09.png,Is the blue cube closer to the camera than the cyan sphere? Answer with yes or no.,No,No,22.796875,24.453125,True
/app/DATA/NVILA-Lite-2B-DATA_SCALE_EXP_400K-20251108_180221,obj1_closer,output/phasevar_5/0008_phA04_phB10.png,Is the blue cube closer to the camera than the cyan sphere? Answer with yes or no.,No,No,22.75,25.234375,True
/app/DATA/NVILA-Lite-2B-DATA_SCALE_EXP_400K-20251108_180221,obj1_closer,output/phasevar_5/0008_phA04_phB11.png,Is the blue cube closer to the camera than the cyan sphere? Answer with yes or no.,No,No,22.140625,25.15625,True
/app/DATA/NVILA-Lite-2B-DATA_SCALE_EXP_400K-20251108_180221,obj1_closer,output/phasevar_5/0008_phA04_phB12.png,Is the blue cube closer to the camera than the cyan sphere? Answer with yes or no.,No,No,21.90625,25.46875,True
/app/DATA/NVILA-Lite-2B-DATA_SCALE_EXP_400K-20251108_180221,obj1_closer,output/phasevar_5/0008_phA04_phB13.png,Is the blue cube closer to the camera than the cyan sphere? Answer with yes or no.,No,No,21.953125,25.3125,True
/app/DATA/NVILA-Lite-2B-DATA_SCALE_EXP_400K-20251108_180221,obj1_closer,output/phasevar_5/0008_phA04_phB14.png,Is the blue cube closer to the camera than the cyan sphere? Answer with yes or no.,No,No,22.984375,25.125,True
/app/DATA/NVILA-Lite-2B-DATA_SCALE_EXP_400K-20251108_180221,obj1_closer,output/phasevar_5/0008_phA04_phB15.png,Is the blue cube closer to the camera than the cyan sphere? Answer with yes or no.,No,No,23.28125,24.515625,True
/app/DATA/NVILA-Lite-2B-DATA_SCALE_EXP_400K-20251108_180221,obj1_closer,output/phasevar_5/0008_phA05_phB00.png,Is the blue cube closer to the camera than the cyan sphere? Answer with yes or no.,No,No,23.46875,24.625,True
/app/DATA/NVILA-Lite-2B-DATA_SCALE_EXP_400K-20251108_180221,obj1_closer,output/phasevar_5/0008_phA05_phB01.png,Is the blue cube closer to the camera than the cyan sphere? Answer with yes or no.,No,No,23.515625,24.1875,True
/app/DATA/NVILA-Lite-2B-DATA_SCALE_EXP_400K-20251108_180221,obj1_closer,output/phasevar_5/0008_phA05_phB02.png,Is the blue cube closer to the camera than the cyan sphere? Answer with yes or no.,No,No,23.84375,24.328125,True
/app/DATA/NVILA-Lite-2B-DATA_SCALE_EXP_400K-20251108_180221,obj1_closer,output/phasevar_5/0008_phA05_phB03.png,Is the blue cube closer to the camera than the cyan sphere? Answer with yes or no.,No,No,22.71875,24.046875,True
/app/DATA/NVILA-Lite-2B-DATA_SCALE_EXP_400K-20251108_180221,obj1_closer,output/phasevar_5/0008_phA05_phB04.png,Is the blue cube closer to the camera than the cyan sphere? Answer with yes or no.,No,No,22.609375,23.296875,True
/app/DATA/NVILA-Lite-2B-DATA_SCALE_EXP_400K-20251108_180221,obj1_closer,output/phasevar_5/0008_phA05_phB05.png,Is the blue cube closer to the camera than the cyan sphere? Answer with yes or no.,No,No,23.0625,23.59375,True
/app/DATA/NVILA-Lite-2B-DATA_SCALE_EXP_400K-20251108_180221,obj1_closer,output/phasevar_5/0008_phA05_phB06.png,Is the blue cube closer to the camera than the cyan sphere? Answer with yes or no.,No,No,23.171875,24.09375,True
/app/DATA/NVILA-Lite-2B-DATA_SCALE_EXP_400K-20251108_180221,obj1_closer,output/phasevar_5/0008_phA05_phB07.png,Is the blue cube closer to the camera than the cyan sphere? Answer with yes or no.,No,No,23.3125,24.15625,True
/app/DATA/NVILA-Lite-2B-DATA_SCALE_EXP_400K-20251108_180221,obj1_closer,output/phasevar_5/0008_phA05_phB08.png,Is the blue cube closer to the camera than the cyan sphere? Answer with yes or no.,No,No,23.234375,24.28125,True
/app/DATA/NVILA-Lite-2B-DATA_SCALE_EXP_400K-20251108_180221,obj1_closer,output/phasevar_5/0008_phA05_phB09.png,Is the blue cube closer to the camera than the cyan sphere? Answer with yes or no.,No,No,22.703125,24.8125,True
/app/DATA/NVILA-Lite-2B-DATA_SCALE_EXP_400K-20251108_180221,obj1_closer,output/phasevar_5/0008_phA05_phB10.png,Is the blue cube closer to the camera than the cyan sphere? Answer with yes or no.,No,No,22.734375,25.671875,True
/app/DATA/NVILA-Lite-2B-DATA_SCALE_EXP_400K-20251108_180221,obj1_closer,output/phasevar_5/0008_phA05_phB11.png,Is the blue cube closer to the camera than the cyan sphere? Answer with yes or no.,No,No,22.203125,25.53125,True
/app/DATA/NVILA-Lite-2B-DATA_SCALE_EXP_400K-20251108_180221,obj1_closer,output/phasevar_5/0008_phA05_phB12.png,Is the blue cube closer to the camera than the cyan sphere? Answer with yes or no.,No,No,22.046875,25.796875,True
/app/DATA/NVILA-Lite-2B-DATA_SCALE_EXP_400K-20251108_180221,obj1_closer,output/phasevar_5/0008_phA05_phB13.png,Is the blue cube closer to the camera than the cyan sphere? Answer with yes or no.,No,No,22.109375,25.53125,True
/app/DATA/NVILA-Lite-2B-DATA_SCALE_EXP_400K-20251108_180221,obj1_closer,output/phasevar_5/0008_phA05_phB14.png,Is the blue cube closer to the camera than the cyan sphere? Answer with yes or no.,No,No,23.09375,25.4375,True
/app/DATA/NVILA-Lite-2B-DATA_SCALE_EXP_400K-20251108_180221,obj1_closer,output/phasevar_5/0008_phA05_phB15.png,Is the blue cube closer to the camera than the cyan sphere? Answer with yes or no.,No,No,23.328125,24.703125,True
/app/DATA/NVILA-Lite-2B-DATA_SCALE_EXP_400K-20251108_180221,obj1_closer,output/phasevar_5/0008_phA06_phB00.png,Is the blue cube closer to the camera than the cyan sphere? Answer with yes or no.,No,No,23.71875,24.640625,True
/app/DATA/NVILA-Lite-2B-DATA_SCALE_EXP_400K-20251108_180221,obj1_closer,output/phasevar_5/0008_phA06_phB01.png,Is the blue cube closer to the camera than the cyan sphere? Answer with yes or no.,No,No,23.75,24.21875,True
/app/DATA/NVILA-Lite-2B-DATA_SCALE_EXP_400K-20251108_180221,obj1_closer,output/phasevar_5/0008_phA06_phB02.png,Is the blue cube closer to the camera than the cyan sphere? Answer with yes or no.,No,No,24.046875,24.453125,True
/app/DATA/NVILA-Lite-2B-DATA_SCALE_EXP_400K-20251108_180221,obj1_closer,output/phasevar_5/0008_phA06_phB03.png,Is the blue cube closer to the camera than the cyan sphere? Answer with yes or no.,No,No,23.015625,24.21875,True
/app/DATA/NVILA-Lite-2B-DATA_SCALE_EXP_400K-20251108_180221,obj1_closer,output/phasevar_5/0008_phA06_phB04.png,Is the blue cube closer to the camera than the cyan sphere? Answer with yes or no.,No,No,22.828125,23.515625,True
/app/DATA/NVILA-Lite-2B-DATA_SCALE_EXP_400K-20251108_180221,obj1_closer,output/phasevar_5/0008_phA06_phB05.png,Is the blue cube closer to the camera than the cyan sphere? Answer with yes or no.,No,No,22.9375,23.609375,True
/app/DATA/NVILA-Lite-2B-DATA_SCALE_EXP_400K-20251108_180221,obj1_closer,output/phasevar_5/0008_phA06_phB06.png,Is the blue cube closer to the camera than the cyan sphere? Answer with yes or no.,No,No,23.1875,24.15625,True
/app/DATA/NVILA-Lite-2B-DATA_SCALE_EXP_400K-20251108_180221,obj1_closer,output/phasevar_5/0008_phA06_phB07.png,Is the blue cube closer to the camera than the cyan sphere? Answer with yes or no.,No,No,23.359375,24.203125,True
/app/DATA/NVILA-Lite-2B-DATA_SCALE_EXP_400K-20251108_180221,obj1_closer,output/phasevar_5/0008_phA06_phB08.png,Is the blue cube closer to the camera than the cyan sphere? Answer with yes or no.,No,No,23.25,24.34375,True
/app/DATA/NVILA-Lite-2B-DATA_SCALE_EXP_400K-20251108_180221,obj1_closer,output/phasevar_5/0008_phA06_phB09.png,Is the blue cube closer to the camera than the cyan sphere? Answer with yes or no.,No,No,22.796875,24.796875,True
/app/DATA/NVILA-Lite-2B-DATA_SCALE_EXP_400K-20251108_180221,obj1_closer,output/phasevar_5/0008_phA06_phB10.png,Is the blue cube closer to the camera than the cyan sphere? Answer with yes or no.,No,No,22.8125,25.53125,True
/app/DATA/NVILA-Lite-2B-DATA_SCALE_EXP_400K-20251108_180221,obj1_closer,output/phasevar_5/0008_phA06_phB11.png,Is the blue cube closer to the camera than the cyan sphere? Answer with yes or no.,No,No,22.4375,25.46875,True
/app/DATA/NVILA-Lite-2B-DATA_SCALE_EXP_400K-20251108_180221,obj1_closer,output/phasevar_5/0008_phA06_phB12.png,Is the blue cube closer to the camera than the cyan sphere? Answer with yes or no.,No,No,22.375,25.578125,True
/app/DATA/NVILA-Lite-2B-DATA_SCALE_EXP_400K-20251108_180221,obj1_closer,output/phasevar_5/0008_phA06_phB13.png,Is the blue cube closer to the camera than the cyan sphere? Answer with yes or no.,No,No,22.3125,25.28125,True
/app/DATA/NVILA-Lite-2B-DATA_SCALE_EXP_400K-20251108_180221,obj1_closer,output/phasevar_5/0008_phA06_phB14.png,Is the blue cube closer to the camera than the cyan sphere? Answer with yes or no.,No,No,23.328125,25.171875,True
/app/DATA/NVILA-Lite-2B-DATA_SCALE_EXP_400K-20251108_180221,obj1_closer,output/phasevar_5/0008_phA06_phB15.png,Is the blue cube closer to the camera than the cyan sphere? Answer with yes or no.,No,No,23.640625,24.6875,True
/app/DATA/NVILA-Lite-2B-DATA_SCALE_EXP_400K-20251108_180221,obj1_closer,output/phasevar_5/0008_phA07_phB00.png,Is the blue cube closer to the camera than the cyan sphere? Answer with yes or no.,No,No,23.984375,24.09375,True
/app/DATA/NVILA-Lite-2B-DATA_SCALE_EXP_400K-20251108_180221,obj1_closer,output/phasevar_5/0008_phA07_phB01.png,Is the blue cube closer to the camera than the cyan sphere? Answer with yes or no.,No,Yes,24.0625,23.5625,False
/app/DATA/NVILA-Lite-2B-DATA_SCALE_EXP_400K-20251108_180221,obj1_closer,output/phasevar_5/0008_phA07_phB02.png,Is the blue cube closer to the camera than the cyan sphere? Answer with yes or no.,No,Yes,24.4375,23.953125,False
/app/DATA/NVILA-Lite-2B-DATA_SCALE_EXP_400K-20251108_180221,obj1_closer,output/phasevar_5/0008_phA07_phB03.png,Is the blue cube closer to the camera than the cyan sphere? Answer with yes or no.,No,No,23.4375,23.640625,True
/app/DATA/NVILA-Lite-2B-DATA_SCALE_EXP_400K-20251108_180221,obj1_closer,output/phasevar_5/0008_phA07_phB04.png,Is the blue cube closer to the camera than the cyan sphere? Answer with yes or no.,No,Yes,23.171875,22.9375,False
/app/DATA/NVILA-Lite-2B-DATA_SCALE_EXP_400K-20251108_180221,obj1_closer,output/phasevar_5/0008_phA07_phB05.png,Is the blue cube closer to the camera than the cyan sphere? Answer with yes or no.,No,No,23.15625,23.15625,True
/app/DATA/NVILA-Lite-2B-DATA_SCALE_EXP_400K-20251108_180221,obj1_closer,output/phasevar_5/0008_phA07_phB06.png,Is the blue cube closer to the camera than the cyan sphere? Answer with yes or no.,No,No,23.421875,23.84375,True
/app/DATA/NVILA-Lite-2B-DATA_SCALE_EXP_400K-20251108_180221,obj1_closer,output/phasevar_5/0008_phA07_phB07.png,Is the blue cube closer to the camera than the cyan sphere? Answer with yes or no.,No,Yes,23.6875,23.640625,False
/app/DATA/NVILA-Lite-2B-DATA_SCALE_EXP_400K-20251108_180221,obj1_closer,output/phasevar_5/0008_phA07_phB08.png,Is the blue cube closer to the camera than the cyan sphere? Answer with yes or no.,No,No,23.390625,24.0,True
/app/DATA/NVILA-Lite-2B-DATA_SCALE_EXP_400K-20251108_180221,obj1_closer,output/phasevar_5/0008_phA07_phB09.png,Is the blue cube closer to the camera than the cyan sphere? Answer with yes or no.,No,No,22.875,24.5625,True
/app/DATA/NVILA-Lite-2B-DATA_SCALE_EXP_400K-20251108_180221,obj1_closer,output/phasevar_5/0008_phA07_phB10.png,Is the blue cube closer to the camera than the cyan sphere? Answer with yes or no.,No,No,22.828125,25.28125,True
/app/DATA/NVILA-Lite-2B-DATA_SCALE_EXP_400K-20251108_180221,obj1_closer,output/phasevar_5/0008_phA07_phB11.png,Is the blue cube closer to the camera than the cyan sphere? Answer with yes or no.,No,No,22.46875,24.9375,True
/app/DATA/NVILA-Lite-2B-DATA_SCALE_EXP_400K-20251108_180221,obj1_closer,output/phasevar_5/0008_phA07_phB12.png,Is the blue cube closer to the camera than the cyan sphere? Answer with yes or no.,No,No,22.4375,25.03125,True
/app/DATA/NVILA-Lite-2B-DATA_SCALE_EXP_400K-20251108_180221,obj1_closer,output/phasevar_5/0008_phA07_phB13.png,Is the blue cube closer to the camera than the cyan sphere? Answer with yes or no.,No,No,22.46875,24.828125,True
/app/DATA/NVILA-Lite-2B-DATA_SCALE_EXP_400K-20251108_180221,obj1_closer,output/phasevar_5/0008_phA07_phB14.png,Is the blue cube closer to the camera than the cyan sphere? Answer with yes or no.,No,No,23.40625,24.78125,True
/app/DATA/NVILA-Lite-2B-DATA_SCALE_EXP_400K-20251108_180221,obj1_closer,output/phasevar_5/0008_phA07_phB15.png,Is the blue cube closer to the camera than the cyan sphere? Answer with yes or no.,No,No,23.890625,24.265625,True
/app/DATA/NVILA-Lite-2B-DATA_SCALE_EXP_400K-20251108_180221,obj1_closer,output/phasevar_5/0008_phA08_phB00.png,Is the blue cube closer to the camera than the cyan sphere? Answer with yes or no.,No,No,24.078125,24.15625,True
/app/DATA/NVILA-Lite-2B-DATA_SCALE_EXP_400K-20251108_180221,obj1_closer,output/phasevar_5/0008_phA08_phB01.png,Is the blue cube closer to the camera than the cyan sphere? Answer with yes or no.,No,Yes,24.140625,23.71875,False
/app/DATA/NVILA-Lite-2B-DATA_SCALE_EXP_400K-20251108_180221,obj1_closer,output/phasevar_5/0008_phA08_phB02.png,Is the blue cube closer to the camera than the cyan sphere? Answer with yes or no.,No,Yes,24.5,24.1875,False
/app/DATA/NVILA-Lite-2B-DATA_SCALE_EXP_400K-20251108_180221,obj1_closer,output/phasevar_5/0008_phA08_phB03.png,Is the blue cube closer to the camera than the cyan sphere? Answer with yes or no.,No,No,23.609375,23.734375,True
/app/DATA/NVILA-Lite-2B-DATA_SCALE_EXP_400K-20251108_180221,obj1_closer,output/phasevar_5/0008_phA08_phB04.png,Is the blue cube closer to the camera than the cyan sphere? Answer with yes or no.,No,Yes,23.421875,23.078125,False
/app/DATA/NVILA-Lite-2B-DATA_SCALE_EXP_400K-20251108_180221,obj1_closer,output/phasevar_5/0008_phA08_phB05.png,Is the blue cube closer to the camera than the cyan sphere? Answer with yes or no.,No,Yes,23.359375,23.25,False
/app/DATA/NVILA-Lite-2B-DATA_SCALE_EXP_400K-20251108_180221,obj1_closer,output/phasevar_5/0008_phA08_phB06.png,Is the blue cube closer to the camera than the cyan sphere? Answer with yes or no.,No,No,23.5625,23.890625,True
/app/DATA/NVILA-Lite-2B-DATA_SCALE_EXP_400K-20251108_180221,obj1_closer,output/phasevar_5/0008_phA08_phB07.png,Is the blue cube closer to the camera than the cyan sphere? Answer with yes or no.,No,Yes,23.796875,23.671875,False
/app/DATA/NVILA-Lite-2B-DATA_SCALE_EXP_400K-20251108_180221,obj1_closer,output/phasevar_5/0008_phA08_phB08.png,Is the blue cube closer to the camera than the cyan sphere? Answer with yes or no.,No,No,23.5625,23.921875,True
/app/DATA/NVILA-Lite-2B-DATA_SCALE_EXP_400K-20251108_180221,obj1_closer,output/phasevar_5/0008_phA08_phB09.png,Is the blue cube closer to the camera than the cyan sphere? Answer with yes or no.,No,No,23.03125,24.71875,True
/app/DATA/NVILA-Lite-2B-DATA_SCALE_EXP_400K-20251108_180221,obj1_closer,output/phasevar_5/0008_phA08_phB10.png,Is the blue cube closer to the camera than the cyan sphere? Answer with yes or no.,No,No,22.828125,25.46875,True
/app/DATA/NVILA-Lite-2B-DATA_SCALE_EXP_400K-20251108_180221,obj1_closer,output/phasevar_5/0008_phA08_phB11.png,Is the blue cube closer to the camera than the cyan sphere? Answer with yes or no.,No,No,22.453125,25.21875,True
/app/DATA/NVILA-Lite-2B-DATA_SCALE_EXP_400K-20251108_180221,obj1_closer,output/phasevar_5/0008_phA08_phB12.png,Is the blue cube closer to the camera than the cyan sphere? Answer with yes or no.,No,No,22.359375,25.25,True
/app/DATA/NVILA-Lite-2B-DATA_SCALE_EXP_400K-20251108_180221,obj1_closer,output/phasevar_5/0008_phA08_phB13.png,Is the blue cube closer to the camera than the cyan sphere? Answer with yes or no.,No,No,22.359375,25.046875,True
/app/DATA/NVILA-Lite-2B-DATA_SCALE_EXP_400K-20251108_180221,obj1_closer,output/phasevar_5/0008_phA08_phB14.png,Is the blue cube closer to the camera than the cyan sphere? Answer with yes or no.,No,No,23.46875,25.03125,True
/app/DATA/NVILA-Lite-2B-DATA_SCALE_EXP_400K-20251108_180221,obj1_closer,output/phasevar_5/0008_phA08_phB15.png,Is the blue cube closer to the camera than the cyan sphere? Answer with yes or no.,No,No,23.96875,24.421875,True
/app/DATA/NVILA-Lite-2B-DATA_SCALE_EXP_400K-20251108_180221,obj1_closer,output/phasevar_5/0008_phA09_phB00.png,Is the blue cube closer to the camera than the cyan sphere? Answer with yes or no.,No,Yes,24.125,24.0,False
/app/DATA/NVILA-Lite-2B-DATA_SCALE_EXP_400K-20251108_180221,obj1_closer,output/phasevar_5/0008_phA09_phB01.png,Is the blue cube closer to the camera than the cyan sphere? Answer with yes or no.,No,Yes,24.171875,23.625,False
/app/DATA/NVILA-Lite-2B-DATA_SCALE_EXP_400K-20251108_180221,obj1_closer,output/phasevar_5/0008_phA09_phB02.png,Is the blue cube closer to the camera than the cyan sphere? Answer with yes or no.,No,Yes,24.515625,24.046875,False
/app/DATA/NVILA-Lite-2B-DATA_SCALE_EXP_400K-20251108_180221,obj1_closer,output/phasevar_5/0008_phA09_phB03.png,Is the blue cube closer to the camera than the cyan sphere? Answer with yes or no.,No,No,23.625,23.671875,True
/app/DATA/NVILA-Lite-2B-DATA_SCALE_EXP_400K-20251108_180221,obj1_closer,output/phasevar_5/0008_phA09_phB04.png,Is the blue cube closer to the camera than the cyan sphere? Answer with yes or no.,No,Yes,23.453125,23.109375,False
/app/DATA/NVILA-Lite-2B-DATA_SCALE_EXP_400K-20251108_180221,obj1_closer,output/phasevar_5/0008_phA09_phB05.png,Is the blue cube closer to the camera than the cyan sphere? Answer with yes or no.,No,Yes,23.421875,23.203125,False
/app/DATA/NVILA-Lite-2B-DATA_SCALE_EXP_400K-20251108_180221,obj1_closer,output/phasevar_5/0008_phA09_phB06.png,Is the blue cube closer to the camera than the cyan sphere? Answer with yes or no.,No,No,23.578125,23.875,True
/app/DATA/NVILA-Lite-2B-DATA_SCALE_EXP_400K-20251108_180221,obj1_closer,output/phasevar_5/0008_phA09_phB07.png,Is the blue cube closer to the camera than the cyan sphere? Answer with yes or no.,No,Yes,23.796875,23.625,False
/app/DATA/NVILA-Lite-2B-DATA_SCALE_EXP_400K-20251108_180221,obj1_closer,output/phasevar_5/0008_phA09_phB08.png,Is the blue cube closer to the camera than the cyan sphere? Answer with yes or no.,No,No,23.46875,23.859375,True
/app/DATA/NVILA-Lite-2B-DATA_SCALE_EXP_400K-20251108_180221,obj1_closer,output/phasevar_5/0008_phA09_phB09.png,Is the blue cube closer to the camera than the cyan sphere? Answer with yes or no.,No,No,22.953125,24.734375,True
/app/DATA/NVILA-Lite-2B-DATA_SCALE_EXP_400K-20251108_180221,obj1_closer,output/phasevar_5/0008_phA09_phB10.png,Is the blue cube closer to the camera than the cyan sphere? Answer with yes or no.,No,No,22.6875,25.515625,True
/app/DATA/NVILA-Lite-2B-DATA_SCALE_EXP_400K-20251108_180221,obj1_closer,output/phasevar_5/0008_phA09_phB11.png,Is the blue cube closer to the camera than the cyan sphere? Answer with yes or no.,No,No,22.40625,25.0625,True
/app/DATA/NVILA-Lite-2B-DATA_SCALE_EXP_400K-20251108_180221,obj1_closer,output/phasevar_5/0008_phA09_phB12.png,Is the blue cube closer to the camera than the cyan sphere? Answer with yes or no.,No,No,22.359375,25.3125,True
/app/DATA/NVILA-Lite-2B-DATA_SCALE_EXP_400K-20251108_180221,obj1_closer,output/phasevar_5/0008_phA09_phB13.png,Is the blue cube closer to the camera than the cyan sphere? Answer with yes or no.,No,No,22.40625,25.046875,True
/app/DATA/NVILA-Lite-2B-DATA_SCALE_EXP_400K-20251108_180221,obj1_closer,output/phasevar_5/0008_phA09_phB14.png,Is the blue cube closer to the camera than the cyan sphere? Answer with yes or no.,No,No,23.328125,25.0625,True
/app/DATA/NVILA-Lite-2B-DATA_SCALE_EXP_400K-20251108_180221,obj1_closer,output/phasevar_5/0008_phA09_phB15.png,Is the blue cube closer to the camera than the cyan sphere? Answer with yes or no.,No,No,23.984375,24.21875,True
/app/DATA/NVILA-Lite-2B-DATA_SCALE_EXP_400K-20251108_180221,obj1_closer,output/phasevar_5/0008_phA10_phB00.png,Is the blue cube closer to the camera than the cyan sphere? Answer with yes or no.,No,Yes,24.265625,24.015625,False
/app/DATA/NVILA-Lite-2B-DATA_SCALE_EXP_400K-20251108_180221,obj1_closer,output/phasevar_5/0008_phA10_phB01.png,Is the blue cube closer to the camera than the cyan sphere? Answer with yes or no.,No,Yes,24.4375,23.65625,False
/app/DATA/NVILA-Lite-2B-DATA_SCALE_EXP_400K-20251108_180221,obj1_closer,output/phasevar_5/0008_phA10_phB02.png,Is the blue cube closer to the camera than the cyan sphere? Answer with yes or no.,No,Yes,24.828125,24.0625,False
/app/DATA/NVILA-Lite-2B-DATA_SCALE_EXP_400K-20251108_180221,obj1_closer,output/phasevar_5/0008_phA10_phB03.png,Is the blue cube closer to the camera than the cyan sphere? Answer with yes or no.,No,Yes,23.890625,23.640625,False
/app/DATA/NVILA-Lite-2B-DATA_SCALE_EXP_400K-20251108_180221,obj1_closer,output/phasevar_5/0008_phA10_phB04.png,Is the blue cube closer to the camera than the cyan sphere? Answer with yes or no.,No,Yes,23.625,23.03125,False
/app/DATA/NVILA-Lite-2B-DATA_SCALE_EXP_400K-20251108_180221,obj1_closer,output/phasevar_5/0008_phA10_phB05.png,Is the blue cube closer to the camera than the cyan sphere? Answer with yes or no.,No,Yes,23.578125,23.203125,False
/app/DATA/NVILA-Lite-2B-DATA_SCALE_EXP_400K-20251108_180221,obj1_closer,output/phasevar_5/0008_phA10_phB06.png,Is the blue cube closer to the camera than the cyan sphere? Answer with yes or no.,No,No,23.75,23.78125,True
/app/DATA/NVILA-Lite-2B-DATA_SCALE_EXP_400K-20251108_180221,obj1_closer,output/phasevar_5/0008_phA10_phB07.png,Is the blue cube closer to the camera than the cyan sphere? Answer with yes or no.,No,Yes,23.921875,23.5625,False
/app/DATA/NVILA-Lite-2B-DATA_SCALE_EXP_400K-20251108_180221,obj1_closer,output/phasevar_5/0008_phA10_phB08.png,Is the blue cube closer to the camera than the cyan sphere? Answer with yes or no.,No,No,23.546875,23.640625,True
/app/DATA/NVILA-Lite-2B-DATA_SCALE_EXP_400K-20251108_180221,obj1_closer,output/phasevar_5/0008_phA10_phB09.png,Is the blue cube closer to the camera than the cyan sphere? Answer with yes or no.,No,No,23.0,24.234375,True
/app/DATA/NVILA-Lite-2B-DATA_SCALE_EXP_400K-20251108_180221,obj1_closer,output/phasevar_5/0008_phA10_phB10.png,Is the blue cube closer to the camera than the cyan sphere? Answer with yes or no.,No,No,22.578125,25.46875,True
/app/DATA/NVILA-Lite-2B-DATA_SCALE_EXP_400K-20251108_180221,obj1_closer,output/phasevar_5/0008_phA10_phB11.png,Is the blue cube closer to the camera than the cyan sphere? Answer with yes or no.,No,No,22.140625,25.25,True
/app/DATA/NVILA-Lite-2B-DATA_SCALE_EXP_400K-20251108_180221,obj1_closer,output/phasevar_5/0008_phA10_phB12.png,Is the blue cube closer to the camera than the cyan sphere? Answer with yes or no.,No,No,22.1875,25.265625,True
/app/DATA/NVILA-Lite-2B-DATA_SCALE_EXP_400K-20251108_180221,obj1_closer,output/phasevar_5/0008_phA10_phB13.png,Is the blue cube closer to the camera than the cyan sphere? Answer with yes or no.,No,No,22.390625,24.78125,True
/app/DATA/NVILA-Lite-2B-DATA_SCALE_EXP_400K-20251108_180221,obj1_closer,output/phasevar_5/0008_phA10_phB14.png,Is the blue cube closer to the camera than the cyan sphere? Answer with yes or no.,No,No,23.4375,25.0625,True
/app/DATA/NVILA-Lite-2B-DATA_SCALE_EXP_400K-20251108_180221,obj1_closer,output/phasevar_5/0008_phA10_phB15.png,Is the blue cube closer to the camera than the cyan sphere? Answer with yes or no.,No,Yes,24.15625,24.140625,False
/app/DATA/NVILA-Lite-2B-DATA_SCALE_EXP_400K-20251108_180221,obj1_closer,output/phasevar_5/0008_phA11_phB00.png,Is the blue cube closer to the camera than the cyan sphere? Answer with yes or no.,No,Yes,24.3125,23.921875,False
/app/DATA/NVILA-Lite-2B-DATA_SCALE_EXP_400K-20251108_180221,obj1_closer,output/phasevar_5/0008_phA11_phB01.png,Is the blue cube closer to the camera than the cyan sphere? Answer with yes or no.,No,Yes,24.53125,23.515625,False
/app/DATA/NVILA-Lite-2B-DATA_SCALE_EXP_400K-20251108_180221,obj1_closer,output/phasevar_5/0008_phA11_phB02.png,Is the blue cube closer to the camera than the cyan sphere? Answer with yes or no.,No,Yes,24.796875,23.953125,False
/app/DATA/NVILA-Lite-2B-DATA_SCALE_EXP_400K-20251108_180221,obj1_closer,output/phasevar_5/0008_phA11_phB03.png,Is the blue cube closer to the camera than the cyan sphere? Answer with yes or no.,No,Yes,23.828125,23.40625,False
/app/DATA/NVILA-Lite-2B-DATA_SCALE_EXP_400K-20251108_180221,obj1_closer,output/phasevar_5/0008_phA11_phB04.png,Is the blue cube closer to the camera than the cyan sphere? Answer with yes or no.,No,Yes,23.703125,22.796875,False
/app/DATA/NVILA-Lite-2B-DATA_SCALE_EXP_400K-20251108_180221,obj1_closer,output/phasevar_5/0008_phA11_phB05.png,Is the blue cube closer to the camera than the cyan sphere? Answer with yes or no.,No,Yes,23.984375,23.109375,False
/app/DATA/NVILA-Lite-2B-DATA_SCALE_EXP_400K-20251108_180221,obj1_closer,output/phasevar_5/0008_phA11_phB06.png,Is the blue cube closer to the camera than the cyan sphere? Answer with yes or no.,No,Yes,23.90625,23.59375,False
/app/DATA/NVILA-Lite-2B-DATA_SCALE_EXP_400K-20251108_180221,obj1_closer,output/phasevar_5/0008_phA11_phB07.png,Is the blue cube closer to the camera than the cyan sphere? Answer with yes or no.,No,Yes,24.34375,23.453125,False
/app/DATA/NVILA-Lite-2B-DATA_SCALE_EXP_400K-20251108_180221,obj1_closer,output/phasevar_5/0008_phA11_phB08.png,Is the blue cube closer to the camera than the cyan sphere? Answer with yes or no.,No,Yes,24.0,23.515625,False
/app/DATA/NVILA-Lite-2B-DATA_SCALE_EXP_400K-20251108_180221,obj1_closer,output/phasevar_5/0008_phA11_phB09.png,Is the blue cube closer to the camera than the cyan sphere? Answer with yes or no.,No,No,23.40625,24.046875,True
/app/DATA/NVILA-Lite-2B-DATA_SCALE_EXP_400K-20251108_180221,obj1_closer,output/phasevar_5/0008_phA11_phB10.png,Is the blue cube closer to the camera than the cyan sphere? Answer with yes or no.,No,No,22.796875,24.984375,True
/app/DATA/NVILA-Lite-2B-DATA_SCALE_EXP_400K-20251108_180221,obj1_closer,output/phasevar_5/0008_phA11_phB11.png,Is the blue cube closer to the camera than the cyan sphere? Answer with yes or no.,No,No,22.015625,24.828125,True
/app/DATA/NVILA-Lite-2B-DATA_SCALE_EXP_400K-20251108_180221,obj1_closer,output/phasevar_5/0008_phA11_phB12.png,Is the blue cube closer to the camera than the cyan sphere? Answer with yes or no.,No,No,21.6875,25.203125,True
/app/DATA/NVILA-Lite-2B-DATA_SCALE_EXP_400K-20251108_180221,obj1_closer,output/phasevar_5/0008_phA11_phB13.png,Is the blue cube closer to the camera than the cyan sphere? Answer with yes or no.,No,No,22.21875,24.59375,True
/app/DATA/NVILA-Lite-2B-DATA_SCALE_EXP_400K-20251108_180221,obj1_closer,output/phasevar_5/0008_phA11_phB14.png,Is the blue cube closer to the camera than the cyan sphere? Answer with yes or no.,No,No,23.4375,24.984375,True
/app/DATA/NVILA-Lite-2B-DATA_SCALE_EXP_400K-20251108_180221,obj1_closer,output/phasevar_5/0008_phA11_phB15.png,Is the blue cube closer to the camera than the cyan sphere? Answer with yes or no.,No,Yes,24.171875,24.140625,False
/app/DATA/NVILA-Lite-2B-DATA_SCALE_EXP_400K-20251108_180221,obj1_closer,output/phasevar_5/0008_phA12_phB00.png,Is the blue cube closer to the camera than the cyan sphere? Answer with yes or no.,No,Yes,24.0625,23.828125,False
/app/DATA/NVILA-Lite-2B-DATA_SCALE_EXP_400K-20251108_180221,obj1_closer,output/phasevar_5/0008_phA12_phB01.png,Is the blue cube closer to the camera than the cyan sphere? Answer with yes or no.,No,Yes,24.296875,23.4375,False
/app/DATA/NVILA-Lite-2B-DATA_SCALE_EXP_400K-20251108_180221,obj1_closer,output/phasevar_5/0008_phA12_phB02.png,Is the blue cube closer to the camera than the cyan sphere? Answer with yes or no.,No,Yes,24.53125,23.921875,False
/app/DATA/NVILA-Lite-2B-DATA_SCALE_EXP_400K-20251108_180221,obj1_closer,output/phasevar_5/0008_phA12_phB03.png,Is the blue cube closer to the camera than the cyan sphere? Answer with yes or no.,No,Yes,23.734375,23.28125,False
/app/DATA/NVILA-Lite-2B-DATA_SCALE_EXP_400K-20251108_180221,obj1_closer,output/phasevar_5/0008_phA12_phB04.png,Is the blue cube closer to the camera than the cyan sphere? Answer with yes or no.,No,Yes,23.6875,22.765625,False
/app/DATA/NVILA-Lite-2B-DATA_SCALE_EXP_400K-20251108_180221,obj1_closer,output/phasevar_5/0008_phA12_phB05.png,Is the blue cube closer to the camera than the cyan sphere? Answer with yes or no.,No,Yes,24.109375,23.203125,False
/app/DATA/NVILA-Lite-2B-DATA_SCALE_EXP_400K-20251108_180221,obj1_closer,output/phasevar_5/0008_phA12_phB06.png,Is the blue cube closer to the camera than the cyan sphere? Answer with yes or no.,No,Yes,23.921875,23.6875,False
/app/DATA/NVILA-Lite-2B-DATA_SCALE_EXP_400K-20251108_180221,obj1_closer,output/phasevar_5/0008_phA12_phB07.png,Is the blue cube closer to the camera than the cyan sphere? Answer with yes or no.,No,Yes,24.234375,23.546875,False
/app/DATA/NVILA-Lite-2B-DATA_SCALE_EXP_400K-20251108_180221,obj1_closer,output/phasevar_5/0008_phA12_phB08.png,Is the blue cube closer to the camera than the cyan sphere? Answer with yes or no.,No,Yes,23.96875,23.5625,False
/app/DATA/NVILA-Lite-2B-DATA_SCALE_EXP_400K-20251108_180221,obj1_closer,output/phasevar_5/0008_phA12_phB09.png,Is the blue cube closer to the camera than the cyan sphere? Answer with yes or no.,No,No,23.234375,24.15625,True
/app/DATA/NVILA-Lite-2B-DATA_SCALE_EXP_400K-20251108_180221,obj1_closer,output/phasevar_5/0008_phA12_phB10.png,Is the blue cube closer to the camera than the cyan sphere? Answer with yes or no.,No,No,22.796875,24.90625,True
/app/DATA/NVILA-Lite-2B-DATA_SCALE_EXP_400K-20251108_180221,obj1_closer,output/phasevar_5/0008_phA12_phB11.png,Is the blue cube closer to the camera than the cyan sphere? Answer with yes or no.,No,No,22.0,24.75,True
/app/DATA/NVILA-Lite-2B-DATA_SCALE_EXP_400K-20251108_180221,obj1_closer,output/phasevar_5/0008_phA12_phB12.png,Is the blue cube closer to the camera than the cyan sphere? Answer with yes or no.,No,No,21.640625,25.21875,True
/app/DATA/NVILA-Lite-2B-DATA_SCALE_EXP_400K-20251108_180221,obj1_closer,output/phasevar_5/0008_phA12_phB13.png,Is the blue cube closer to the camera than the cyan sphere? Answer with yes or no.,No,No,21.984375,24.578125,True
/app/DATA/NVILA-Lite-2B-DATA_SCALE_EXP_400K-20251108_180221,obj1_closer,output/phasevar_5/0008_phA12_phB14.png,Is the blue cube closer to the camera than the cyan sphere? Answer with yes or no.,No,No,23.09375,24.96875,True
/app/DATA/NVILA-Lite-2B-DATA_SCALE_EXP_400K-20251108_180221,obj1_closer,output/phasevar_5/0008_phA12_phB15.png,Is the blue cube closer to the camera than the cyan sphere? Answer with yes or no.,No,No,23.9375,24.0625,True
/app/DATA/NVILA-Lite-2B-DATA_SCALE_EXP_400K-20251108_180221,obj1_closer,output/phasevar_5/0008_phA13_phB00.png,Is the blue cube closer to the camera than the cyan sphere? Answer with yes or no.,No,Yes,23.859375,23.75,False
/app/DATA/NVILA-Lite-2B-DATA_SCALE_EXP_400K-20251108_180221,obj1_closer,output/phasevar_5/0008_phA13_phB01.png,Is the blue cube closer to the camera than the cyan sphere? Answer with yes or no.,No,Yes,24.078125,23.40625,False
/app/DATA/NVILA-Lite-2B-DATA_SCALE_EXP_400K-20251108_180221,obj1_closer,output/phasevar_5/0008_phA13_phB02.png,Is the blue cube closer to the camera than the cyan sphere? Answer with yes or no.,No,Yes,24.3125,23.96875,False
/app/DATA/NVILA-Lite-2B-DATA_SCALE_EXP_400K-20251108_180221,obj1_closer,output/phasevar_5/0008_phA13_phB03.png,Is the blue cube closer to the camera than the cyan sphere? Answer with yes or no.,No,Yes,23.515625,23.265625,False
/app/DATA/NVILA-Lite-2B-DATA_SCALE_EXP_400K-20251108_180221,obj1_closer,output/phasevar_5/0008_phA13_phB04.png,Is the blue cube closer to the camera than the cyan sphere? Answer with yes or no.,No,Yes,23.5625,22.78125,False
/app/DATA/NVILA-Lite-2B-DATA_SCALE_EXP_400K-20251108_180221,obj1_closer,output/phasevar_5/0008_phA13_phB05.png,Is the blue cube closer to the camera than the cyan sphere? Answer with yes or no.,No,Yes,24.125,23.34375,False
/app/DATA/NVILA-Lite-2B-DATA_SCALE_EXP_400K-20251108_180221,obj1_closer,output/phasevar_5/0008_phA13_phB06.png,Is the blue cube closer to the camera than the cyan sphere? Answer with yes or no.,No,Yes,23.9375,23.71875,False
/app/DATA/NVILA-Lite-2B-DATA_SCALE_EXP_400K-20251108_180221,obj1_closer,output/phasevar_5/0008_phA13_phB07.png,Is the blue cube closer to the camera than the cyan sphere? Answer with yes or no.,No,Yes,24.25,23.640625,False
/app/DATA/NVILA-Lite-2B-DATA_SCALE_EXP_400K-20251108_180221,obj1_closer,output/phasevar_5/0008_phA13_phB08.png,Is the blue cube closer to the camera than the cyan sphere? Answer with yes or no.,No,Yes,24.015625,23.640625,False
/app/DATA/NVILA-Lite-2B-DATA_SCALE_EXP_400K-20251108_180221,obj1_closer,output/phasevar_5/0008_phA13_phB09.png,Is the blue cube closer to the camera than the cyan sphere? Answer with yes or no.,No,No,23.28125,24.234375,True
/app/DATA/NVILA-Lite-2B-DATA_SCALE_EXP_400K-20251108_180221,obj1_closer,output/phasevar_5/0008_phA13_phB10.png,Is the blue cube closer to the camera than the cyan sphere? Answer with yes or no.,No,No,22.75,25.171875,True
/app/DATA/NVILA-Lite-2B-DATA_SCALE_EXP_400K-20251108_180221,obj1_closer,output/phasevar_5/0008_phA13_phB11.png,Is the blue cube closer to the camera than the cyan sphere? Answer with yes or no.,No,No,22.203125,24.703125,True
/app/DATA/NVILA-Lite-2B-DATA_SCALE_EXP_400K-20251108_180221,obj1_closer,output/phasevar_5/0008_phA13_phB12.png,Is the blue cube closer to the camera than the cyan sphere? Answer with yes or no.,No,No,21.8125,25.203125,True
/app/DATA/NVILA-Lite-2B-DATA_SCALE_EXP_400K-20251108_180221,obj1_closer,output/phasevar_5/0008_phA13_phB13.png,Is the blue cube closer to the camera than the cyan sphere? Answer with yes or no.,No,No,21.75,24.859375,True
/app/DATA/NVILA-Lite-2B-DATA_SCALE_EXP_400K-20251108_180221,obj1_closer,output/phasevar_5/0008_phA13_phB14.png,Is the blue cube closer to the camera than the cyan sphere? Answer with yes or no.,No,No,22.765625,25.09375,True
/app/DATA/NVILA-Lite-2B-DATA_SCALE_EXP_400K-20251108_180221,obj1_closer,output/phasevar_5/0008_phA13_phB15.png,Is the blue cube closer to the camera than the cyan sphere? Answer with yes or no.,No,No,23.5625,24.09375,True
/app/DATA/NVILA-Lite-2B-DATA_SCALE_EXP_400K-20251108_180221,obj1_closer,output/phasevar_5/0008_phA14_phB00.png,Is the blue cube closer to the camera than the cyan sphere? Answer with yes or no.,No,No,23.5625,23.9375,True
/app/DATA/NVILA-Lite-2B-DATA_SCALE_EXP_400K-20251108_180221,obj1_closer,output/phasevar_5/0008_phA14_phB01.png,Is the blue cube closer to the camera than the cyan sphere? Answer with yes or no.,No,Yes,23.828125,23.5625,False
/app/DATA/NVILA-Lite-2B-DATA_SCALE_EXP_400K-20251108_180221,obj1_closer,output/phasevar_5/0008_phA14_phB02.png,Is the blue cube closer to the camera than the cyan sphere? Answer with yes or no.,No,Yes,24.203125,24.078125,False
/app/DATA/NVILA-Lite-2B-DATA_SCALE_EXP_400K-20251108_180221,obj1_closer,output/phasevar_5/0008_phA14_phB03.png,Is the blue cube closer to the camera than the cyan sphere? Answer with yes or no.,No,Yes,23.453125,23.390625,False
/app/DATA/NVILA-Lite-2B-DATA_SCALE_EXP_400K-20251108_180221,obj1_closer,output/phasevar_5/0008_phA14_phB04.png,Is the blue cube closer to the camera than the cyan sphere? Answer with yes or no.,No,Yes,23.40625,23.03125,False
/app/DATA/NVILA-Lite-2B-DATA_SCALE_EXP_400K-20251108_180221,obj1_closer,output/phasevar_5/0008_phA14_phB05.png,Is the blue cube closer to the camera than the cyan sphere? Answer with yes or no.,No,Yes,23.96875,23.65625,False
/app/DATA/NVILA-Lite-2B-DATA_SCALE_EXP_400K-20251108_180221,obj1_closer,output/phasevar_5/0008_phA14_phB06.png,Is the blue cube closer to the camera than the cyan sphere? Answer with yes or no.,No,No,23.84375,23.921875,True
/app/DATA/NVILA-Lite-2B-DATA_SCALE_EXP_400K-20251108_180221,obj1_closer,output/phasevar_5/0008_phA14_phB07.png,Is the blue cube closer to the camera than the cyan sphere? Answer with yes or no.,No,Yes,24.0,23.921875,False
/app/DATA/NVILA-Lite-2B-DATA_SCALE_EXP_400K-20251108_180221,obj1_closer,output/phasevar_5/0008_phA14_phB08.png,Is the blue cube closer to the camera than the cyan sphere? Answer with yes or no.,No,No,23.71875,23.84375,True
/app/DATA/NVILA-Lite-2B-DATA_SCALE_EXP_400K-20251108_180221,obj1_closer,output/phasevar_5/0008_phA14_phB09.png,Is the blue cube closer to the camera than the cyan sphere? Answer with yes or no.,No,No,23.140625,24.546875,True
/app/DATA/NVILA-Lite-2B-DATA_SCALE_EXP_400K-20251108_180221,obj1_closer,output/phasevar_5/0008_phA14_phB10.png,Is the blue cube closer to the camera than the cyan sphere? Answer with yes or no.,No,No,22.90625,25.640625,True
/app/DATA/NVILA-Lite-2B-DATA_SCALE_EXP_400K-20251108_180221,obj1_closer,output/phasevar_5/0008_phA14_phB11.png,Is the blue cube closer to the camera than the cyan sphere? Answer with yes or no.,No,No,22.5625,25.421875,True
/app/DATA/NVILA-Lite-2B-DATA_SCALE_EXP_400K-20251108_180221,obj1_closer,output/phasevar_5/0008_phA14_phB12.png,Is the blue cube closer to the camera than the cyan sphere? Answer with yes or no.,No,No,22.25,25.609375,True
/app/DATA/NVILA-Lite-2B-DATA_SCALE_EXP_400K-20251108_180221,obj1_closer,output/phasevar_5/0008_phA14_phB13.png,Is the blue cube closer to the camera than the cyan sphere? Answer with yes or no.,No,No,21.984375,25.328125,True
/app/DATA/NVILA-Lite-2B-DATA_SCALE_EXP_400K-20251108_180221,obj1_closer,output/phasevar_5/0008_phA14_phB14.png,Is the blue cube closer to the camera than the cyan sphere? Answer with yes or no.,No,No,22.703125,25.78125,True
/app/DATA/NVILA-Lite-2B-DATA_SCALE_EXP_400K-20251108_180221,obj1_closer,output/phasevar_5/0008_phA14_phB15.png,Is the blue cube closer to the camera than the cyan sphere? Answer with yes or no.,No,No,23.28125,24.34375,True
/app/DATA/NVILA-Lite-2B-DATA_SCALE_EXP_400K-20251108_180221,obj1_closer,output/phasevar_5/0008_phA15_phB00.png,Is the blue cube closer to the camera than the cyan sphere? Answer with yes or no.,No,No,23.625,24.21875,True
/app/DATA/NVILA-Lite-2B-DATA_SCALE_EXP_400K-20251108_180221,obj1_closer,output/phasevar_5/0008_phA15_phB01.png,Is the blue cube closer to the camera than the cyan sphere? Answer with yes or no.,No,Yes,23.75,23.71875,False
/app/DATA/NVILA-Lite-2B-DATA_SCALE_EXP_400K-20251108_180221,obj1_closer,output/phasevar_5/0008_phA15_phB02.png,Is the blue cube closer to the camera than the cyan sphere? Answer with yes or no.,No,No,23.984375,24.21875,True
/app/DATA/NVILA-Lite-2B-DATA_SCALE_EXP_400K-20251108_180221,obj1_closer,output/phasevar_5/0008_phA15_phB03.png,Is the blue cube closer to the camera than the cyan sphere? Answer with yes or no.,No,No,23.1875,23.203125,True
/app/DATA/NVILA-Lite-2B-DATA_SCALE_EXP_400K-20251108_180221,obj1_closer,output/phasevar_5/0008_phA15_phB04.png,Is the blue cube closer to the camera than the cyan sphere? Answer with yes or no.,No,Yes,23.296875,23.125,False
/app/DATA/NVILA-Lite-2B-DATA_SCALE_EXP_400K-20251108_180221,obj1_closer,output/phasevar_5/0008_phA15_phB05.png,Is the blue cube closer to the camera than the cyan sphere? Answer with yes or no.,No,Yes,23.9375,23.671875,False
/app/DATA/NVILA-Lite-2B-DATA_SCALE_EXP_400K-20251108_180221,obj1_closer,output/phasevar_5/0008_phA15_phB06.png,Is the blue cube closer to the camera than the cyan sphere? Answer with yes or no.,No,No,23.859375,24.15625,True
/app/DATA/NVILA-Lite-2B-DATA_SCALE_EXP_400K-20251108_180221,obj1_closer,output/phasevar_5/0008_phA15_phB07.png,Is the blue cube closer to the camera than the cyan sphere? Answer with yes or no.,No,Yes,24.15625,24.140625,False
/app/DATA/NVILA-Lite-2B-DATA_SCALE_EXP_400K-20251108_180221,obj1_closer,output/phasevar_5/0008_phA15_phB08.png,Is the blue cube closer to the camera than the cyan sphere? Answer with yes or no.,No,No,23.984375,24.046875,True
/app/DATA/NVILA-Lite-2B-DATA_SCALE_EXP_400K-20251108_180221,obj1_closer,output/phasevar_5/0008_phA15_phB09.png,Is the blue cube closer to the camera than the cyan sphere? Answer with yes or no.,No,No,23.359375,24.625,True
/app/DATA/NVILA-Lite-2B-DATA_SCALE_EXP_400K-20251108_180221,obj1_closer,output/phasevar_5/0008_phA15_phB10.png,Is the blue cube closer to the camera than the cyan sphere? Answer with yes or no.,No,No,23.109375,25.71875,True
/app/DATA/NVILA-Lite-2B-DATA_SCALE_EXP_400K-20251108_180221,obj1_closer,output/phasevar_5/0008_phA15_phB11.png,Is the blue cube closer to the camera than the cyan sphere? Answer with yes or no.,No,No,22.640625,25.015625,True
/app/DATA/NVILA-Lite-2B-DATA_SCALE_EXP_400K-20251108_180221,obj1_closer,output/phasevar_5/0008_phA15_phB12.png,Is the blue cube closer to the camera than the cyan sphere? Answer with yes or no.,No,No,22.328125,25.421875,True
/app/DATA/NVILA-Lite-2B-DATA_SCALE_EXP_400K-20251108_180221,obj1_closer,output/phasevar_5/0008_phA15_phB13.png,Is the blue cube closer to the camera than the cyan sphere? Answer with yes or no.,No,No,22.09375,25.09375,True
/app/DATA/NVILA-Lite-2B-DATA_SCALE_EXP_400K-20251108_180221,obj1_closer,output/phasevar_5/0008_phA15_phB14.png,Is the blue cube closer to the camera than the cyan sphere? Answer with yes or no.,No,No,22.71875,25.515625,True
/app/DATA/NVILA-Lite-2B-DATA_SCALE_EXP_400K-20251108_180221,obj1_closer,output/phasevar_5/0008_phA15_phB15.png,Is the blue cube closer to the camera than the cyan sphere? Answer with yes or no.,No,No,23.21875,24.65625,True
/app/DATA/NVILA-Lite-2B-DATA_SCALE_EXP_400K-20251108_180221,obj1_closer,output/phasevar_5/0009_phA00_phB00.png,Is the green sphere closer to the camera than the yellow cube? Answer with yes or no.,No,No,23.109375,24.140625,True
/app/DATA/NVILA-Lite-2B-DATA_SCALE_EXP_400K-20251108_180221,obj1_closer,output/phasevar_5/0009_phA00_phB01.png,Is the green sphere closer to the camera than the yellow cube? Answer with yes or no.,No,Yes,23.6875,23.609375,False
/app/DATA/NVILA-Lite-2B-DATA_SCALE_EXP_400K-20251108_180221,obj1_closer,output/phasevar_5/0009_phA00_phB02.png,Is the green sphere closer to the camera than the yellow cube? Answer with yes or no.,No,No,23.890625,24.078125,True
/app/DATA/NVILA-Lite-2B-DATA_SCALE_EXP_400K-20251108_180221,obj1_closer,output/phasevar_5/0009_phA00_phB03.png,Is the green sphere closer to the camera than the yellow cube? Answer with yes or no.,No,Yes,23.703125,23.15625,False
/app/DATA/NVILA-Lite-2B-DATA_SCALE_EXP_400K-20251108_180221,obj1_closer,output/phasevar_5/0009_phA00_phB04.png,Is the green sphere closer to the camera than the yellow cube? Answer with yes or no.,No,Yes,23.953125,23.671875,False
/app/DATA/NVILA-Lite-2B-DATA_SCALE_EXP_400K-20251108_180221,obj1_closer,output/phasevar_5/0009_phA00_phB05.png,Is the green sphere closer to the camera than the yellow cube? Answer with yes or no.,No,Yes,24.171875,23.375,False
/app/DATA/NVILA-Lite-2B-DATA_SCALE_EXP_400K-20251108_180221,obj1_closer,output/phasevar_5/0009_phA00_phB06.png,Is the green sphere closer to the camera than the yellow cube? Answer with yes or no.,No,No,23.9375,23.984375,True
/app/DATA/NVILA-Lite-2B-DATA_SCALE_EXP_400K-20251108_180221,obj1_closer,output/phasevar_5/0009_phA00_phB07.png,Is the green sphere closer to the camera than the yellow cube? Answer with yes or no.,No,Yes,23.9375,23.828125,False
/app/DATA/NVILA-Lite-2B-DATA_SCALE_EXP_400K-20251108_180221,obj1_closer,output/phasevar_5/0009_phA00_phB08.png,Is the green sphere closer to the camera than the yellow cube? Answer with yes or no.,No,No,23.484375,23.546875,True
/app/DATA/NVILA-Lite-2B-DATA_SCALE_EXP_400K-20251108_180221,obj1_closer,output/phasevar_5/0009_phA00_phB09.png,Is the green sphere closer to the camera than the yellow cube? Answer with yes or no.,No,No,23.40625,23.984375,True
/app/DATA/NVILA-Lite-2B-DATA_SCALE_EXP_400K-20251108_180221,obj1_closer,output/phasevar_5/0009_phA00_phB10.png,Is the green sphere closer to the camera than the yellow cube? Answer with yes or no.,No,No,22.90625,25.0625,True
/app/DATA/NVILA-Lite-2B-DATA_SCALE_EXP_400K-20251108_180221,obj1_closer,output/phasevar_5/0009_phA00_phB11.png,Is the green sphere closer to the camera than the yellow cube? Answer with yes or no.,No,No,22.875,25.0625,True
/app/DATA/NVILA-Lite-2B-DATA_SCALE_EXP_400K-20251108_180221,obj1_closer,output/phasevar_5/0009_phA00_phB12.png,Is the green sphere closer to the camera than the yellow cube? Answer with yes or no.,No,No,22.796875,25.3125,True
/app/DATA/NVILA-Lite-2B-DATA_SCALE_EXP_400K-20251108_180221,obj1_closer,output/phasevar_5/0009_phA00_phB13.png,Is the green sphere closer to the camera than the yellow cube? Answer with yes or no.,No,No,22.6875,25.21875,True
/app/DATA/NVILA-Lite-2B-DATA_SCALE_EXP_400K-20251108_180221,obj1_closer,output/phasevar_5/0009_phA00_phB14.png,Is the green sphere closer to the camera than the yellow cube? Answer with yes or no.,No,No,22.765625,25.140625,True
/app/DATA/NVILA-Lite-2B-DATA_SCALE_EXP_400K-20251108_180221,obj1_closer,output/phasevar_5/0009_phA00_phB15.png,Is the green sphere closer to the camera than the yellow cube? Answer with yes or no.,No,No,22.9375,24.171875,True
/app/DATA/NVILA-Lite-2B-DATA_SCALE_EXP_400K-20251108_180221,obj1_closer,output/phasevar_5/0009_phA01_phB00.png,Is the green sphere closer to the camera than the yellow cube? Answer with yes or no.,No,No,22.984375,24.140625,True
/app/DATA/NVILA-Lite-2B-DATA_SCALE_EXP_400K-20251108_180221,obj1_closer,output/phasevar_5/0009_phA01_phB01.png,Is the green sphere closer to the camera than the yellow cube? Answer with yes or no.,No,No,23.34375,23.53125,True
/app/DATA/NVILA-Lite-2B-DATA_SCALE_EXP_400K-20251108_180221,obj1_closer,output/phasevar_5/0009_phA01_phB02.png,Is the green sphere closer to the camera than the yellow cube? Answer with yes or no.,No,No,23.53125,23.96875,True
/app/DATA/NVILA-Lite-2B-DATA_SCALE_EXP_400K-20251108_180221,obj1_closer,output/phasevar_5/0009_phA01_phB03.png,Is the green sphere closer to the camera than the yellow cube? Answer with yes or no.,No,Yes,23.1875,22.9375,False
/app/DATA/NVILA-Lite-2B-DATA_SCALE_EXP_400K-20251108_180221,obj1_closer,output/phasevar_5/0009_phA01_phB04.png,Is the green sphere closer to the camera than the yellow cube? Answer with yes or no.,No,No,23.5,23.5625,True
/app/DATA/NVILA-Lite-2B-DATA_SCALE_EXP_400K-20251108_180221,obj1_closer,output/phasevar_5/0009_phA01_phB05.png,Is the green sphere closer to the camera than the yellow cube? Answer with yes or no.,No,Yes,23.796875,23.296875,False
/app/DATA/NVILA-Lite-2B-DATA_SCALE_EXP_400K-20251108_180221,obj1_closer,output/phasevar_5/0009_phA01_phB06.png,Is the green sphere closer to the camera than the yellow cube? Answer with yes or no.,No,No,23.640625,23.984375,True
/app/DATA/NVILA-Lite-2B-DATA_SCALE_EXP_400K-20251108_180221,obj1_closer,output/phasevar_5/0009_phA01_phB07.png,Is the green sphere closer to the camera than the yellow cube? Answer with yes or no.,No,No,23.71875,23.78125,True
/app/DATA/NVILA-Lite-2B-DATA_SCALE_EXP_400K-20251108_180221,obj1_closer,output/phasevar_5/0009_phA01_phB08.png,Is the green sphere closer to the camera than the yellow cube? Answer with yes or no.,No,No,23.359375,23.59375,True
/app/DATA/NVILA-Lite-2B-DATA_SCALE_EXP_400K-20251108_180221,obj1_closer,output/phasevar_5/0009_phA01_phB09.png,Is the green sphere closer to the camera than the yellow cube? Answer with yes or no.,No,No,23.296875,24.015625,True
/app/DATA/NVILA-Lite-2B-DATA_SCALE_EXP_400K-20251108_180221,obj1_closer,output/phasevar_5/0009_phA01_phB10.png,Is the green sphere closer to the camera than the yellow cube? Answer with yes or no.,No,No,22.890625,24.953125,True
/app/DATA/NVILA-Lite-2B-DATA_SCALE_EXP_400K-20251108_180221,obj1_closer,output/phasevar_5/0009_phA01_phB11.png,Is the green sphere closer to the camera than the yellow cube? Answer with yes or no.,No,No,22.921875,25.015625,True
/app/DATA/NVILA-Lite-2B-DATA_SCALE_EXP_400K-20251108_180221,obj1_closer,output/phasevar_5/0009_phA01_phB12.png,Is the green sphere closer to the camera than the yellow cube? Answer with yes or no.,No,No,22.8125,25.328125,True
/app/DATA/NVILA-Lite-2B-DATA_SCALE_EXP_400K-20251108_180221,obj1_closer,output/phasevar_5/0009_phA01_phB13.png,Is the green sphere closer to the camera than the yellow cube? Answer with yes or no.,No,No,22.765625,25.125,True
/app/DATA/NVILA-Lite-2B-DATA_SCALE_EXP_400K-20251108_180221,obj1_closer,output/phasevar_5/0009_phA01_phB14.png,Is the green sphere closer to the camera than the yellow cube? Answer with yes or no.,No,No,22.828125,25.0,True
/app/DATA/NVILA-Lite-2B-DATA_SCALE_EXP_400K-20251108_180221,obj1_closer,output/phasevar_5/0009_phA01_phB15.png,Is the green sphere closer to the camera than the yellow cube? Answer with yes or no.,No,No,22.953125,24.265625,True
/app/DATA/NVILA-Lite-2B-DATA_SCALE_EXP_400K-20251108_180221,obj1_closer,output/phasevar_5/0009_phA02_phB00.png,Is the green sphere closer to the camera than the yellow cube? Answer with yes or no.,No,No,23.015625,24.390625,True
/app/DATA/NVILA-Lite-2B-DATA_SCALE_EXP_400K-20251108_180221,obj1_closer,output/phasevar_5/0009_phA02_phB01.png,Is the green sphere closer to the camera than the yellow cube? Answer with yes or no.,No,No,23.015625,23.625,True
/app/DATA/NVILA-Lite-2B-DATA_SCALE_EXP_400K-20251108_180221,obj1_closer,output/phasevar_5/0009_phA02_phB02.png,Is the green sphere closer to the camera than the yellow cube? Answer with yes or no.,No,No,23.421875,24.0625,True
/app/DATA/NVILA-Lite-2B-DATA_SCALE_EXP_400K-20251108_180221,obj1_closer,output/phasevar_5/0009_phA02_phB03.png,Is the green sphere closer to the camera than the yellow cube? Answer with yes or no.,No,No,23.0,23.046875,True
/app/DATA/NVILA-Lite-2B-DATA_SCALE_EXP_400K-20251108_180221,obj1_closer,output/phasevar_5/0009_phA02_phB04.png,Is the green sphere closer to the camera than the yellow cube? Answer with yes or no.,No,No,23.25,23.671875,True
/app/DATA/NVILA-Lite-2B-DATA_SCALE_EXP_400K-20251108_180221,obj1_closer,output/phasevar_5/0009_phA02_phB05.png,Is the green sphere closer to the camera than the yellow cube? Answer with yes or no.,No,Yes,23.546875,23.453125,False
/app/DATA/NVILA-Lite-2B-DATA_SCALE_EXP_400K-20251108_180221,obj1_closer,output/phasevar_5/0009_phA02_phB06.png,Is the green sphere closer to the camera than the yellow cube? Answer with yes or no.,No,No,23.46875,24.140625,True
/app/DATA/NVILA-Lite-2B-DATA_SCALE_EXP_400K-20251108_180221,obj1_closer,output/phasevar_5/0009_phA02_phB07.png,Is the green sphere closer to the camera than the yellow cube? Answer with yes or no.,No,No,23.453125,23.859375,True
/app/DATA/NVILA-Lite-2B-DATA_SCALE_EXP_400K-20251108_180221,obj1_closer,output/phasevar_5/0009_phA02_phB08.png,Is the green sphere closer to the camera than the yellow cube? Answer with yes or no.,No,No,23.21875,23.796875,True
/app/DATA/NVILA-Lite-2B-DATA_SCALE_EXP_400K-20251108_180221,obj1_closer,output/phasevar_5/0009_phA02_phB09.png,Is the green sphere closer to the camera than the yellow cube? Answer with yes or no.,No,No,23.109375,24.25,True
/app/DATA/NVILA-Lite-2B-DATA_SCALE_EXP_400K-20251108_180221,obj1_closer,output/phasevar_5/0009_phA02_phB10.png,Is the green sphere closer to the camera than the yellow cube? Answer with yes or no.,No,No,22.796875,25.21875,True
/app/DATA/NVILA-Lite-2B-DATA_SCALE_EXP_400K-20251108_180221,obj1_closer,output/phasevar_5/0009_phA02_phB11.png,Is the green sphere closer to the camera than the yellow cube? Answer with yes or no.,No,No,22.78125,25.421875,True
/app/DATA/NVILA-Lite-2B-DATA_SCALE_EXP_400K-20251108_180221,obj1_closer,output/phasevar_5/0009_phA02_phB12.png,Is the green sphere closer to the camera than the yellow cube? Answer with yes or no.,No,No,22.765625,25.703125,True
/app/DATA/NVILA-Lite-2B-DATA_SCALE_EXP_400K-20251108_180221,obj1_closer,output/phasevar_5/0009_phA02_phB13.png,Is the green sphere closer to the camera than the yellow cube? Answer with yes or no.,No,No,22.6875,25.453125,True
/app/DATA/NVILA-Lite-2B-DATA_SCALE_EXP_400K-20251108_180221,obj1_closer,output/phasevar_5/0009_phA02_phB14.png,Is the green sphere closer to the camera than the yellow cube? Answer with yes or no.,No,No,22.765625,25.3125,True
/app/DATA/NVILA-Lite-2B-DATA_SCALE_EXP_400K-20251108_180221,obj1_closer,output/phasevar_5/0009_phA02_phB15.png,Is the green sphere closer to the camera than the yellow cube? Answer with yes or no.,No,No,22.921875,24.53125,True
/app/DATA/NVILA-Lite-2B-DATA_SCALE_EXP_400K-20251108_180221,obj1_closer,output/phasevar_5/0009_phA03_phB00.png,Is the green sphere closer to the camera than the yellow cube? Answer with yes or no.,No,No,23.046875,24.359375,True
/app/DATA/NVILA-Lite-2B-DATA_SCALE_EXP_400K-20251108_180221,obj1_closer,output/phasevar_5/0009_phA03_phB01.png,Is the green sphere closer to the camera than the yellow cube? Answer with yes or no.,No,No,23.09375,23.65625,True
/app/DATA/NVILA-Lite-2B-DATA_SCALE_EXP_400K-20251108_180221,obj1_closer,output/phasevar_5/0009_phA03_phB02.png,Is the green sphere closer to the camera than the yellow cube? Answer with yes or no.,No,No,23.296875,23.90625,True
/app/DATA/NVILA-Lite-2B-DATA_SCALE_EXP_400K-20251108_180221,obj1_closer,output/phasevar_5/0009_phA03_phB03.png,Is the green sphere closer to the camera than the yellow cube? Answer with yes or no.,No,No,22.75,22.90625,True
/app/DATA/NVILA-Lite-2B-DATA_SCALE_EXP_400K-20251108_180221,obj1_closer,output/phasevar_5/0009_phA03_phB04.png,Is the green sphere closer to the camera than the yellow cube? Answer with yes or no.,No,No,23.0,23.59375,True
/app/DATA/NVILA-Lite-2B-DATA_SCALE_EXP_400K-20251108_180221,obj1_closer,output/phasevar_5/0009_phA03_phB05.png,Is the green sphere closer to the camera than the yellow cube? Answer with yes or no.,No,No,23.375,23.46875,True
/app/DATA/NVILA-Lite-2B-DATA_SCALE_EXP_400K-20251108_180221,obj1_closer,output/phasevar_5/0009_phA03_phB06.png,Is the green sphere closer to the camera than the yellow cube? Answer with yes or no.,No,No,23.375,24.0625,True
/app/DATA/NVILA-Lite-2B-DATA_SCALE_EXP_400K-20251108_180221,obj1_closer,output/phasevar_5/0009_phA03_phB07.png,Is the green sphere closer to the camera than the yellow cube? Answer with yes or no.,No,No,23.390625,23.90625,True
/app/DATA/NVILA-Lite-2B-DATA_SCALE_EXP_400K-20251108_180221,obj1_closer,output/phasevar_5/0009_phA03_phB08.png,Is the green sphere closer to the camera than the yellow cube? Answer with yes or no.,No,No,23.140625,23.8125,True
/app/DATA/NVILA-Lite-2B-DATA_SCALE_EXP_400K-20251108_180221,obj1_closer,output/phasevar_5/0009_phA03_phB09.png,Is the green sphere closer to the camera than the yellow cube? Answer with yes or no.,No,No,23.078125,24.328125,True
/app/DATA/NVILA-Lite-2B-DATA_SCALE_EXP_400K-20251108_180221,obj1_closer,output/phasevar_5/0009_phA03_phB10.png,Is the green sphere closer to the camera than the yellow cube? Answer with yes or no.,No,No,22.71875,25.234375,True
/app/DATA/NVILA-Lite-2B-DATA_SCALE_EXP_400K-20251108_180221,obj1_closer,output/phasevar_5/0009_phA03_phB11.png,Is the green sphere closer to the camera than the yellow cube? Answer with yes or no.,No,No,22.609375,25.4375,True
/app/DATA/NVILA-Lite-2B-DATA_SCALE_EXP_400K-20251108_180221,obj1_closer,output/phasevar_5/0009_phA03_phB12.png,Is the green sphere closer to the camera than the yellow cube? Answer with yes or no.,No,No,22.53125,25.75,True
/app/DATA/NVILA-Lite-2B-DATA_SCALE_EXP_400K-20251108_180221,obj1_closer,output/phasevar_5/0009_phA03_phB13.png,Is the green sphere closer to the camera than the yellow cube? Answer with yes or no.,No,No,22.484375,25.640625,True
/app/DATA/NVILA-Lite-2B-DATA_SCALE_EXP_400K-20251108_180221,obj1_closer,output/phasevar_5/0009_phA03_phB14.png,Is the green sphere closer to the camera than the yellow cube? Answer with yes or no.,No,No,22.671875,25.203125,True
/app/DATA/NVILA-Lite-2B-DATA_SCALE_EXP_400K-20251108_180221,obj1_closer,output/phasevar_5/0009_phA03_phB15.png,Is the green sphere closer to the camera than the yellow cube? Answer with yes or no.,No,No,22.9375,24.484375,True
/app/DATA/NVILA-Lite-2B-DATA_SCALE_EXP_400K-20251108_180221,obj1_closer,output/phasevar_5/0009_phA04_phB00.png,Is the green sphere closer to the camera than the yellow cube? Answer with yes or no.,No,No,23.140625,24.546875,True
/app/DATA/NVILA-Lite-2B-DATA_SCALE_EXP_400K-20251108_180221,obj1_closer,output/phasevar_5/0009_phA04_phB01.png,Is the green sphere closer to the camera than the yellow cube? Answer with yes or no.,No,No,23.21875,24.0,True
/app/DATA/NVILA-Lite-2B-DATA_SCALE_EXP_400K-20251108_180221,obj1_closer,output/phasevar_5/0009_phA04_phB02.png,Is the green sphere closer to the camera than the yellow cube? Answer with yes or no.,No,No,23.328125,24.171875,True
/app/DATA/NVILA-Lite-2B-DATA_SCALE_EXP_400K-20251108_180221,obj1_closer,output/phasevar_5/0009_phA04_phB03.png,Is the green sphere closer to the camera than the yellow cube? Answer with yes or no.,No,No,22.6875,23.328125,True
/app/DATA/NVILA-Lite-2B-DATA_SCALE_EXP_400K-20251108_180221,obj1_closer,output/phasevar_5/0009_phA04_phB04.png,Is the green sphere closer to the camera than the yellow cube? Answer with yes or no.,No,No,22.84375,23.890625,True
/app/DATA/NVILA-Lite-2B-DATA_SCALE_EXP_400K-20251108_180221,obj1_closer,output/phasevar_5/0009_phA04_phB05.png,Is the green sphere closer to the camera than the yellow cube? Answer with yes or no.,No,No,23.21875,23.625,True
/app/DATA/NVILA-Lite-2B-DATA_SCALE_EXP_400K-20251108_180221,obj1_closer,output/phasevar_5/0009_phA04_phB06.png,Is the green sphere closer to the camera than the yellow cube? Answer with yes or no.,No,No,23.296875,24.28125,True
/app/DATA/NVILA-Lite-2B-DATA_SCALE_EXP_400K-20251108_180221,obj1_closer,output/phasevar_5/0009_phA04_phB07.png,Is the green sphere closer to the camera than the yellow cube? Answer with yes or no.,No,No,23.234375,24.0,True
/app/DATA/NVILA-Lite-2B-DATA_SCALE_EXP_400K-20251108_180221,obj1_closer,output/phasevar_5/0009_phA04_phB08.png,Is the green sphere closer to the camera than the yellow cube? Answer with yes or no.,No,No,23.03125,23.96875,True
/app/DATA/NVILA-Lite-2B-DATA_SCALE_EXP_400K-20251108_180221,obj1_closer,output/phasevar_5/0009_phA04_phB09.png,Is the green sphere closer to the camera than the yellow cube? Answer with yes or no.,No,No,23.0,24.53125,True
/app/DATA/NVILA-Lite-2B-DATA_SCALE_EXP_400K-20251108_180221,obj1_closer,output/phasevar_5/0009_phA04_phB10.png,Is the green sphere closer to the camera than the yellow cube? Answer with yes or no.,No,No,22.65625,25.5,True
/app/DATA/NVILA-Lite-2B-DATA_SCALE_EXP_400K-20251108_180221,obj1_closer,output/phasevar_5/0009_phA04_phB11.png,Is the green sphere closer to the camera than the yellow cube? Answer with yes or no.,No,No,22.515625,25.75,True
/app/DATA/NVILA-Lite-2B-DATA_SCALE_EXP_400K-20251108_180221,obj1_closer,output/phasevar_5/0009_phA04_phB12.png,Is the green sphere closer to the camera than the yellow cube? Answer with yes or no.,No,No,22.375,25.875,True
/app/DATA/NVILA-Lite-2B-DATA_SCALE_EXP_400K-20251108_180221,obj1_closer,output/phasevar_5/0009_phA04_phB13.png,Is the green sphere closer to the camera than the yellow cube? Answer with yes or no.,No,No,22.4375,25.890625,True
/app/DATA/NVILA-Lite-2B-DATA_SCALE_EXP_400K-20251108_180221,obj1_closer,output/phasevar_5/0009_phA04_phB14.png,Is the green sphere closer to the camera than the yellow cube? Answer with yes or no.,No,No,22.75,25.40625,True
/app/DATA/NVILA-Lite-2B-DATA_SCALE_EXP_400K-20251108_180221,obj1_closer,output/phasevar_5/0009_phA04_phB15.png,Is the green sphere closer to the camera than the yellow cube? Answer with yes or no.,No,No,23.046875,24.734375,True
/app/DATA/NVILA-Lite-2B-DATA_SCALE_EXP_400K-20251108_180221,obj1_closer,output/phasevar_5/0009_phA05_phB00.png,Is the green sphere closer to the camera than the yellow cube? Answer with yes or no.,No,No,23.328125,24.703125,True
/app/DATA/NVILA-Lite-2B-DATA_SCALE_EXP_400K-20251108_180221,obj1_closer,output/phasevar_5/0009_phA05_phB01.png,Is the green sphere closer to the camera than the yellow cube? Answer with yes or no.,No,No,23.421875,24.125,True
/app/DATA/NVILA-Lite-2B-DATA_SCALE_EXP_400K-20251108_180221,obj1_closer,output/phasevar_5/0009_phA05_phB02.png,Is the green sphere closer to the camera than the yellow cube? Answer with yes or no.,No,No,23.515625,24.25,True
/app/DATA/NVILA-Lite-2B-DATA_SCALE_EXP_400K-20251108_180221,obj1_closer,output/phasevar_5/0009_phA05_phB03.png,Is the green sphere closer to the camera than the yellow cube? Answer with yes or no.,No,No,22.9375,23.484375,True
/app/DATA/NVILA-Lite-2B-DATA_SCALE_EXP_400K-20251108_180221,obj1_closer,output/phasevar_5/0009_phA05_phB04.png,Is the green sphere closer to the camera than the yellow cube? Answer with yes or no.,No,No,22.9375,23.96875,True
/app/DATA/NVILA-Lite-2B-DATA_SCALE_EXP_400K-20251108_180221,obj1_closer,output/phasevar_5/0009_phA05_phB05.png,Is the green sphere closer to the camera than the yellow cube? Answer with yes or no.,No,No,23.21875,23.6875,True
/app/DATA/NVILA-Lite-2B-DATA_SCALE_EXP_400K-20251108_180221,obj1_closer,output/phasevar_5/0009_phA05_phB06.png,Is the green sphere closer to the camera than the yellow cube? Answer with yes or no.,No,No,23.28125,24.40625,True
/app/DATA/NVILA-Lite-2B-DATA_SCALE_EXP_400K-20251108_180221,obj1_closer,output/phasevar_5/0009_phA05_phB07.png,Is the green sphere closer to the camera than the yellow cube? Answer with yes or no.,No,No,23.203125,24.125,True
/app/DATA/NVILA-Lite-2B-DATA_SCALE_EXP_400K-20251108_180221,obj1_closer,output/phasevar_5/0009_phA05_phB08.png,Is the green sphere closer to the camera than the yellow cube? Answer with yes or no.,No,No,23.0625,24.125,True
/app/DATA/NVILA-Lite-2B-DATA_SCALE_EXP_400K-20251108_180221,obj1_closer,output/phasevar_5/0009_phA05_phB09.png,Is the green sphere closer to the camera than the yellow cube? Answer with yes or no.,No,No,22.96875,24.65625,True
/app/DATA/NVILA-Lite-2B-DATA_SCALE_EXP_400K-20251108_180221,obj1_closer,output/phasevar_5/0009_phA05_phB10.png,Is the green sphere closer to the camera than the yellow cube? Answer with yes or no.,No,No,22.65625,25.609375,True
/app/DATA/NVILA-Lite-2B-DATA_SCALE_EXP_400K-20251108_180221,obj1_closer,output/phasevar_5/0009_phA05_phB11.png,Is the green sphere closer to the camera than the yellow cube? Answer with yes or no.,No,No,22.515625,25.78125,True
/app/DATA/NVILA-Lite-2B-DATA_SCALE_EXP_400K-20251108_180221,obj1_closer,output/phasevar_5/0009_phA05_phB12.png,Is the green sphere closer to the camera than the yellow cube? Answer with yes or no.,No,No,22.484375,25.921875,True
/app/DATA/NVILA-Lite-2B-DATA_SCALE_EXP_400K-20251108_180221,obj1_closer,output/phasevar_5/0009_phA05_phB13.png,Is the green sphere closer to the camera than the yellow cube? Answer with yes or no.,No,No,22.546875,25.75,True
/app/DATA/NVILA-Lite-2B-DATA_SCALE_EXP_400K-20251108_180221,obj1_closer,output/phasevar_5/0009_phA05_phB14.png,Is the green sphere closer to the camera than the yellow cube? Answer with yes or no.,No,No,22.90625,25.453125,True
/app/DATA/NVILA-Lite-2B-DATA_SCALE_EXP_400K-20251108_180221,obj1_closer,output/phasevar_5/0009_phA05_phB15.png,Is the green sphere closer to the camera than the yellow cube? Answer with yes or no.,No,No,23.171875,24.734375,True
/app/DATA/NVILA-Lite-2B-DATA_SCALE_EXP_400K-20251108_180221,obj1_closer,output/phasevar_5/0009_phA06_phB00.png,Is the green sphere closer to the camera than the yellow cube? Answer with yes or no.,No,No,23.609375,24.6875,True
/app/DATA/NVILA-Lite-2B-DATA_SCALE_EXP_400K-20251108_180221,obj1_closer,output/phasevar_5/0009_phA06_phB01.png,Is the green sphere closer to the camera than the yellow cube? Answer with yes or no.,No,No,23.65625,24.0,True
/app/DATA/NVILA-Lite-2B-DATA_SCALE_EXP_400K-20251108_180221,obj1_closer,output/phasevar_5/0009_phA06_phB02.png,Is the green sphere closer to the camera than the yellow cube? Answer with yes or no.,No,No,23.75,24.28125,True
/app/DATA/NVILA-Lite-2B-DATA_SCALE_EXP_400K-20251108_180221,obj1_closer,output/phasevar_5/0009_phA06_phB03.png,Is the green sphere closer to the camera than the yellow cube? Answer with yes or no.,No,Yes,23.359375,23.265625,False
/app/DATA/NVILA-Lite-2B-DATA_SCALE_EXP_400K-20251108_180221,obj1_closer,output/phasevar_5/0009_phA06_phB04.png,Is the green sphere closer to the camera than the yellow cube? Answer with yes or no.,No,No,23.25,23.84375,True
/app/DATA/NVILA-Lite-2B-DATA_SCALE_EXP_400K-20251108_180221,obj1_closer,output/phasevar_5/0009_phA06_phB05.png,Is the green sphere closer to the camera than the yellow cube? Answer with yes or no.,No,No,23.34375,23.546875,True
/app/DATA/NVILA-Lite-2B-DATA_SCALE_EXP_400K-20251108_180221,obj1_closer,output/phasevar_5/0009_phA06_phB06.png,Is the green sphere closer to the camera than the yellow cube? Answer with yes or no.,No,No,23.3125,24.453125,True
/app/DATA/NVILA-Lite-2B-DATA_SCALE_EXP_400K-20251108_180221,obj1_closer,output/phasevar_5/0009_phA06_phB07.png,Is the green sphere closer to the camera than the yellow cube? Answer with yes or no.,No,No,23.28125,24.09375,True
/app/DATA/NVILA-Lite-2B-DATA_SCALE_EXP_400K-20251108_180221,obj1_closer,output/phasevar_5/0009_phA06_phB08.png,Is the green sphere closer to the camera than the yellow cube? Answer with yes or no.,No,No,23.171875,24.09375,True
/app/DATA/NVILA-Lite-2B-DATA_SCALE_EXP_400K-20251108_180221,obj1_closer,output/phasevar_5/0009_phA06_phB09.png,Is the green sphere closer to the camera than the yellow cube? Answer with yes or no.,No,No,23.09375,24.734375,True
/app/DATA/NVILA-Lite-2B-DATA_SCALE_EXP_400K-20251108_180221,obj1_closer,output/phasevar_5/0009_phA06_phB10.png,Is the green sphere closer to the camera than the yellow cube? Answer with yes or no.,No,No,22.734375,25.6875,True
/app/DATA/NVILA-Lite-2B-DATA_SCALE_EXP_400K-20251108_180221,obj1_closer,output/phasevar_5/0009_phA06_phB11.png,Is the green sphere closer to the camera than the yellow cube? Answer with yes or no.,No,No,22.65625,25.625,True
/app/DATA/NVILA-Lite-2B-DATA_SCALE_EXP_400K-20251108_180221,obj1_closer,output/phasevar_5/0009_phA06_phB12.png,Is the green sphere closer to the camera than the yellow cube? Answer with yes or no.,No,No,22.6875,25.59375,True
/app/DATA/NVILA-Lite-2B-DATA_SCALE_EXP_400K-20251108_180221,obj1_closer,output/phasevar_5/0009_phA06_phB13.png,Is the green sphere closer to the camera than the yellow cube? Answer with yes or no.,No,No,22.828125,25.390625,True
/app/DATA/NVILA-Lite-2B-DATA_SCALE_EXP_400K-20251108_180221,obj1_closer,output/phasevar_5/0009_phA06_phB14.png,Is the green sphere closer to the camera than the yellow cube? Answer with yes or no.,No,No,23.09375,25.203125,True
/app/DATA/NVILA-Lite-2B-DATA_SCALE_EXP_400K-20251108_180221,obj1_closer,output/phasevar_5/0009_phA06_phB15.png,Is the green sphere closer to the camera than the yellow cube? Answer with yes or no.,No,No,23.40625,24.59375,True
/app/DATA/NVILA-Lite-2B-DATA_SCALE_EXP_400K-20251108_180221,obj1_closer,output/phasevar_5/0009_phA07_phB00.png,Is the green sphere closer to the camera than the yellow cube? Answer with yes or no.,No,No,23.640625,24.390625,True
/app/DATA/NVILA-Lite-2B-DATA_SCALE_EXP_400K-20251108_180221,obj1_closer,output/phasevar_5/0009_phA07_phB01.png,Is the green sphere closer to the camera than the yellow cube? Answer with yes or no.,No,Yes,23.890625,23.609375,False
/app/DATA/NVILA-Lite-2B-DATA_SCALE_EXP_400K-20251108_180221,obj1_closer,output/phasevar_5/0009_phA07_phB02.png,Is the green sphere closer to the camera than the yellow cube? Answer with yes or no.,No,No,23.984375,24.0,True
/app/DATA/NVILA-Lite-2B-DATA_SCALE_EXP_400K-20251108_180221,obj1_closer,output/phasevar_5/0009_phA07_phB03.png,Is the green sphere closer to the camera than the yellow cube? Answer with yes or no.,No,Yes,23.78125,22.984375,False
/app/DATA/NVILA-Lite-2B-DATA_SCALE_EXP_400K-20251108_180221,obj1_closer,output/phasevar_5/0009_phA07_phB04.png,Is the green sphere closer to the camera than the yellow cube? Answer with yes or no.,No,Yes,23.53125,23.5,False
/app/DATA/NVILA-Lite-2B-DATA_SCALE_EXP_400K-20251108_180221,obj1_closer,output/phasevar_5/0009_phA07_phB05.png,Is the green sphere closer to the camera than the yellow cube? Answer with yes or no.,No,Yes,23.5625,23.25,False
/app/DATA/NVILA-Lite-2B-DATA_SCALE_EXP_400K-20251108_180221,obj1_closer,output/phasevar_5/0009_phA07_phB06.png,Is the green sphere closer to the camera than the yellow cube? Answer with yes or no.,No,No,23.5625,24.265625,True
/app/DATA/NVILA-Lite-2B-DATA_SCALE_EXP_400K-20251108_180221,obj1_closer,output/phasevar_5/0009_phA07_phB07.png,Is the green sphere closer to the camera than the yellow cube? Answer with yes or no.,No,No,23.5,23.921875,True
/app/DATA/NVILA-Lite-2B-DATA_SCALE_EXP_400K-20251108_180221,obj1_closer,output/phasevar_5/0009_phA07_phB08.png,Is the green sphere closer to the camera than the yellow cube? Answer with yes or no.,No,No,23.1875,23.828125,True
/app/DATA/NVILA-Lite-2B-DATA_SCALE_EXP_400K-20251108_180221,obj1_closer,output/phasevar_5/0009_phA07_phB09.png,Is the green sphere closer to the camera than the yellow cube? Answer with yes or no.,No,No,23.0625,24.515625,True
/app/DATA/NVILA-Lite-2B-DATA_SCALE_EXP_400K-20251108_180221,obj1_closer,output/phasevar_5/0009_phA07_phB10.png,Is the green sphere closer to the camera than the yellow cube? Answer with yes or no.,No,No,22.59375,25.609375,True
/app/DATA/NVILA-Lite-2B-DATA_SCALE_EXP_400K-20251108_180221,obj1_closer,output/phasevar_5/0009_phA07_phB11.png,Is the green sphere closer to the camera than the yellow cube? Answer with yes or no.,No,No,22.578125,25.453125,True
/app/DATA/NVILA-Lite-2B-DATA_SCALE_EXP_400K-20251108_180221,obj1_closer,output/phasevar_5/0009_phA07_phB12.png,Is the green sphere closer to the camera than the yellow cube? Answer with yes or no.,No,No,22.78125,25.484375,True
/app/DATA/NVILA-Lite-2B-DATA_SCALE_EXP_400K-20251108_180221,obj1_closer,output/phasevar_5/0009_phA07_phB13.png,Is the green sphere closer to the camera than the yellow cube? Answer with yes or no.,No,No,22.9375,25.296875,True
/app/DATA/NVILA-Lite-2B-DATA_SCALE_EXP_400K-20251108_180221,obj1_closer,output/phasevar_5/0009_phA07_phB14.png,Is the green sphere closer to the camera than the yellow cube? Answer with yes or no.,No,No,23.1875,25.140625,True
/app/DATA/NVILA-Lite-2B-DATA_SCALE_EXP_400K-20251108_180221,obj1_closer,output/phasevar_5/0009_phA07_phB15.png,Is the green sphere closer to the camera than the yellow cube? Answer with yes or no.,No,No,23.40625,24.40625,True
/app/DATA/NVILA-Lite-2B-DATA_SCALE_EXP_400K-20251108_180221,obj1_closer,output/phasevar_5/0009_phA08_phB00.png,Is the green sphere closer to the camera than the yellow cube? Answer with yes or no.,No,No,23.703125,24.265625,True
/app/DATA/NVILA-Lite-2B-DATA_SCALE_EXP_400K-20251108_180221,obj1_closer,output/phasevar_5/0009_phA08_phB01.png,Is the green sphere closer to the camera than the yellow cube? Answer with yes or no.,No,Yes,24.0,23.5625,False
/app/DATA/NVILA-Lite-2B-DATA_SCALE_EXP_400K-20251108_180221,obj1_closer,output/phasevar_5/0009_phA08_phB02.png,Is the green sphere closer to the camera than the yellow cube? Answer with yes or no.,No,Yes,24.0625,23.96875,False
/app/DATA/NVILA-Lite-2B-DATA_SCALE_EXP_400K-20251108_180221,obj1_closer,output/phasevar_5/0009_phA08_phB03.png,Is the green sphere closer to the camera than the yellow cube? Answer with yes or no.,No,Yes,23.890625,23.03125,False
/app/DATA/NVILA-Lite-2B-DATA_SCALE_EXP_400K-20251108_180221,obj1_closer,output/phasevar_5/0009_phA08_phB04.png,Is the green sphere closer to the camera than the yellow cube? Answer with yes or no.,No,Yes,23.671875,23.5,False
/app/DATA/NVILA-Lite-2B-DATA_SCALE_EXP_400K-20251108_180221,obj1_closer,output/phasevar_5/0009_phA08_phB05.png,Is the green sphere closer to the camera than the yellow cube? Answer with yes or no.,No,Yes,23.6875,23.1875,False
/app/DATA/NVILA-Lite-2B-DATA_SCALE_EXP_400K-20251108_180221,obj1_closer,output/phasevar_5/0009_phA08_phB06.png,Is the green sphere closer to the camera than the yellow cube? Answer with yes or no.,No,No,23.609375,24.140625,True
/app/DATA/NVILA-Lite-2B-DATA_SCALE_EXP_400K-20251108_180221,obj1_closer,output/phasevar_5/0009_phA08_phB07.png,Is the green sphere closer to the camera than the yellow cube? Answer with yes or no.,No,No,23.625,23.890625,True
/app/DATA/NVILA-Lite-2B-DATA_SCALE_EXP_400K-20251108_180221,obj1_closer,output/phasevar_5/0009_phA08_phB08.png,Is the green sphere closer to the camera than the yellow cube? Answer with yes or no.,No,No,23.171875,23.78125,True
/app/DATA/NVILA-Lite-2B-DATA_SCALE_EXP_400K-20251108_180221,obj1_closer,output/phasevar_5/0009_phA08_phB09.png,Is the green sphere closer to the camera than the yellow cube? Answer with yes or no.,No,No,23.046875,24.34375,True
/app/DATA/NVILA-Lite-2B-DATA_SCALE_EXP_400K-20251108_180221,obj1_closer,output/phasevar_5/0009_phA08_phB10.png,Is the green sphere closer to the camera than the yellow cube? Answer with yes or no.,No,No,22.46875,25.5,True
/app/DATA/NVILA-Lite-2B-DATA_SCALE_EXP_400K-20251108_180221,obj1_closer,output/phasevar_5/0009_phA08_phB11.png,Is the green sphere closer to the camera than the yellow cube? Answer with yes or no.,No,No,22.375,25.359375,True
/app/DATA/NVILA-Lite-2B-DATA_SCALE_EXP_400K-20251108_180221,obj1_closer,output/phasevar_5/0009_phA08_phB12.png,Is the green sphere closer to the camera than the yellow cube? Answer with yes or no.,No,No,22.59375,25.359375,True
/app/DATA/NVILA-Lite-2B-DATA_SCALE_EXP_400K-20251108_180221,obj1_closer,output/phasevar_5/0009_phA08_phB13.png,Is the green sphere closer to the camera than the yellow cube? Answer with yes or no.,No,No,22.765625,25.21875,True
/app/DATA/NVILA-Lite-2B-DATA_SCALE_EXP_400K-20251108_180221,obj1_closer,output/phasevar_5/0009_phA08_phB14.png,Is the green sphere closer to the camera than the yellow cube? Answer with yes or no.,No,No,23.109375,25.0,True
/app/DATA/NVILA-Lite-2B-DATA_SCALE_EXP_400K-20251108_180221,obj1_closer,output/phasevar_5/0009_phA08_phB15.png,Is the green sphere closer to the camera than the yellow cube? Answer with yes or no.,No,No,23.421875,24.265625,True
/app/DATA/NVILA-Lite-2B-DATA_SCALE_EXP_400K-20251108_180221,obj1_closer,output/phasevar_5/0009_phA09_phB00.png,Is the green sphere closer to the camera than the yellow cube? Answer with yes or no.,No,No,23.765625,24.296875,True
/app/DATA/NVILA-Lite-2B-DATA_SCALE_EXP_400K-20251108_180221,obj1_closer,output/phasevar_5/0009_phA09_phB01.png,Is the green sphere closer to the camera than the yellow cube? Answer with yes or no.,No,Yes,24.0625,23.734375,False
/app/DATA/NVILA-Lite-2B-DATA_SCALE_EXP_400K-20251108_180221,obj1_closer,output/phasevar_5/0009_phA09_phB02.png,Is the green sphere closer to the camera than the yellow cube? Answer with yes or no.,No,Yes,24.21875,24.15625,False
/app/DATA/NVILA-Lite-2B-DATA_SCALE_EXP_400K-20251108_180221,obj1_closer,output/phasevar_5/0009_phA09_phB03.png,Is the green sphere closer to the camera than the yellow cube? Answer with yes or no.,No,Yes,23.921875,23.265625,False
/app/DATA/NVILA-Lite-2B-DATA_SCALE_EXP_400K-20251108_180221,obj1_closer,output/phasevar_5/0009_phA09_phB04.png,Is the green sphere closer to the camera than the yellow cube? Answer with yes or no.,No,No,23.6875,23.765625,True
/app/DATA/NVILA-Lite-2B-DATA_SCALE_EXP_400K-20251108_180221,obj1_closer,output/phasevar_5/0009_phA09_phB05.png,Is the green sphere closer to the camera than the yellow cube? Answer with yes or no.,No,Yes,23.75,23.328125,False
/app/DATA/NVILA-Lite-2B-DATA_SCALE_EXP_400K-20251108_180221,obj1_closer,output/phasevar_5/0009_phA09_phB06.png,Is the green sphere closer to the camera than the yellow cube? Answer with yes or no.,No,No,23.671875,24.3125,True
/app/DATA/NVILA-Lite-2B-DATA_SCALE_EXP_400K-20251108_180221,obj1_closer,output/phasevar_5/0009_phA09_phB07.png,Is the green sphere closer to the camera than the yellow cube? Answer with yes or no.,No,No,23.734375,24.03125,True
/app/DATA/NVILA-Lite-2B-DATA_SCALE_EXP_400K-20251108_180221,obj1_closer,output/phasevar_5/0009_phA09_phB08.png,Is the green sphere closer to the camera than the yellow cube? Answer with yes or no.,No,No,23.3125,23.734375,True
/app/DATA/NVILA-Lite-2B-DATA_SCALE_EXP_400K-20251108_180221,obj1_closer,output/phasevar_5/0009_phA09_phB09.png,Is the green sphere closer to the camera than the yellow cube? Answer with yes or no.,No,No,23.03125,24.359375,True
/app/DATA/NVILA-Lite-2B-DATA_SCALE_EXP_400K-20251108_180221,obj1_closer,output/phasevar_5/0009_phA09_phB10.png,Is the green sphere closer to the camera than the yellow cube? Answer with yes or no.,No,No,22.34375,25.546875,True
/app/DATA/NVILA-Lite-2B-DATA_SCALE_EXP_400K-20251108_180221,obj1_closer,output/phasevar_5/0009_phA09_phB11.png,Is the green sphere closer to the camera than the yellow cube? Answer with yes or no.,No,No,22.25,25.375,True
/app/DATA/NVILA-Lite-2B-DATA_SCALE_EXP_400K-20251108_180221,obj1_closer,output/phasevar_5/0009_phA09_phB12.png,Is the green sphere closer to the camera than the yellow cube? Answer with yes or no.,No,No,22.5,25.5,True
/app/DATA/NVILA-Lite-2B-DATA_SCALE_EXP_400K-20251108_180221,obj1_closer,output/phasevar_5/0009_phA09_phB13.png,Is the green sphere closer to the camera than the yellow cube? Answer with yes or no.,No,No,22.75,25.375,True
/app/DATA/NVILA-Lite-2B-DATA_SCALE_EXP_400K-20251108_180221,obj1_closer,output/phasevar_5/0009_phA09_phB14.png,Is the green sphere closer to the camera than the yellow cube? Answer with yes or no.,No,No,23.078125,25.203125,True
/app/DATA/NVILA-Lite-2B-DATA_SCALE_EXP_400K-20251108_180221,obj1_closer,output/phasevar_5/0009_phA09_phB15.png,Is the green sphere closer to the camera than the yellow cube? Answer with yes or no.,No,No,23.421875,24.359375,True
/app/DATA/NVILA-Lite-2B-DATA_SCALE_EXP_400K-20251108_180221,obj1_closer,output/phasevar_5/0009_phA10_phB00.png,Is the green sphere closer to the camera than the yellow cube? Answer with yes or no.,No,No,24.0,24.203125,True
/app/DATA/NVILA-Lite-2B-DATA_SCALE_EXP_400K-20251108_180221,obj1_closer,output/phasevar_5/0009_phA10_phB01.png,Is the green sphere closer to the camera than the yellow cube? Answer with yes or no.,No,Yes,24.28125,23.671875,False
/app/DATA/NVILA-Lite-2B-DATA_SCALE_EXP_400K-20251108_180221,obj1_closer,output/phasevar_5/0009_phA10_phB02.png,Is the green sphere closer to the camera than the yellow cube? Answer with yes or no.,No,Yes,24.46875,23.984375,False
/app/DATA/NVILA-Lite-2B-DATA_SCALE_EXP_400K-20251108_180221,obj1_closer,output/phasevar_5/0009_phA10_phB03.png,Is the green sphere closer to the camera than the yellow cube? Answer with yes or no.,No,Yes,24.140625,23.15625,False
/app/DATA/NVILA-Lite-2B-DATA_SCALE_EXP_400K-20251108_180221,obj1_closer,output/phasevar_5/0009_phA10_phB04.png,Is the green sphere closer to the camera than the yellow cube? Answer with yes or no.,No,Yes,23.828125,23.5,False
/app/DATA/NVILA-Lite-2B-DATA_SCALE_EXP_400K-20251108_180221,obj1_closer,output/phasevar_5/0009_phA10_phB05.png,Is the green sphere closer to the camera than the yellow cube? Answer with yes or no.,No,Yes,23.828125,23.171875,False
/app/DATA/NVILA-Lite-2B-DATA_SCALE_EXP_400K-20251108_180221,obj1_closer,output/phasevar_5/0009_phA10_phB06.png,Is the green sphere closer to the camera than the yellow cube? Answer with yes or no.,No,No,23.75,24.109375,True
/app/DATA/NVILA-Lite-2B-DATA_SCALE_EXP_400K-20251108_180221,obj1_closer,output/phasevar_5/0009_phA10_phB07.png,Is the green sphere closer to the camera than the yellow cube? Answer with yes or no.,No,No,23.703125,23.890625,True
/app/DATA/NVILA-Lite-2B-DATA_SCALE_EXP_400K-20251108_180221,obj1_closer,output/phasevar_5/0009_phA10_phB08.png,Is the green sphere closer to the camera than the yellow cube? Answer with yes or no.,No,No,23.296875,23.578125,True
/app/DATA/NVILA-Lite-2B-DATA_SCALE_EXP_400K-20251108_180221,obj1_closer,output/phasevar_5/0009_phA10_phB09.png,Is the green sphere closer to the camera than the yellow cube? Answer with yes or no.,No,No,22.984375,23.921875,True
/app/DATA/NVILA-Lite-2B-DATA_SCALE_EXP_400K-20251108_180221,obj1_closer,output/phasevar_5/0009_phA10_phB10.png,Is the green sphere closer to the camera than the yellow cube? Answer with yes or no.,No,No,22.21875,25.4375,True
/app/DATA/NVILA-Lite-2B-DATA_SCALE_EXP_400K-20251108_180221,obj1_closer,output/phasevar_5/0009_phA10_phB11.png,Is the green sphere closer to the camera than the yellow cube? Answer with yes or no.,No,No,22.15625,25.46875,True
/app/DATA/NVILA-Lite-2B-DATA_SCALE_EXP_400K-20251108_180221,obj1_closer,output/phasevar_5/0009_phA10_phB12.png,Is the green sphere closer to the camera than the yellow cube? Answer with yes or no.,No,No,22.4375,25.40625,True
/app/DATA/NVILA-Lite-2B-DATA_SCALE_EXP_400K-20251108_180221,obj1_closer,output/phasevar_5/0009_phA10_phB13.png,Is the green sphere closer to the camera than the yellow cube? Answer with yes or no.,No,No,22.625,25.3125,True
/app/DATA/NVILA-Lite-2B-DATA_SCALE_EXP_400K-20251108_180221,obj1_closer,output/phasevar_5/0009_phA10_phB14.png,Is the green sphere closer to the camera than the yellow cube? Answer with yes or no.,No,No,23.0,24.921875,True
/app/DATA/NVILA-Lite-2B-DATA_SCALE_EXP_400K-20251108_180221,obj1_closer,output/phasevar_5/0009_phA10_phB15.png,Is the green sphere closer to the camera than the yellow cube? Answer with yes or no.,No,No,23.640625,24.28125,True
/app/DATA/NVILA-Lite-2B-DATA_SCALE_EXP_400K-20251108_180221,obj1_closer,output/phasevar_5/0009_phA11_phB00.png,Is the green sphere closer to the camera than the yellow cube? Answer with yes or no.,No,No,23.921875,24.125,True
/app/DATA/NVILA-Lite-2B-DATA_SCALE_EXP_400K-20251108_180221,obj1_closer,output/phasevar_5/0009_phA11_phB01.png,Is the green sphere closer to the camera than the yellow cube? Answer with yes or no.,No,Yes,24.21875,23.65625,False
/app/DATA/NVILA-Lite-2B-DATA_SCALE_EXP_400K-20251108_180221,obj1_closer,output/phasevar_5/0009_phA11_phB02.png,Is the green sphere closer to the camera than the yellow cube? Answer with yes or no.,No,Yes,24.359375,23.984375,False
/app/DATA/NVILA-Lite-2B-DATA_SCALE_EXP_400K-20251108_180221,obj1_closer,output/phasevar_5/0009_phA11_phB03.png,Is the green sphere closer to the camera than the yellow cube? Answer with yes or no.,No,Yes,24.0,23.046875,False
/app/DATA/NVILA-Lite-2B-DATA_SCALE_EXP_400K-20251108_180221,obj1_closer,output/phasevar_5/0009_phA11_phB04.png,Is the green sphere closer to the camera than the yellow cube? Answer with yes or no.,No,Yes,23.65625,23.484375,False
/app/DATA/NVILA-Lite-2B-DATA_SCALE_EXP_400K-20251108_180221,obj1_closer,output/phasevar_5/0009_phA11_phB05.png,Is the green sphere closer to the camera than the yellow cube? Answer with yes or no.,No,Yes,23.96875,23.171875,False
/app/DATA/NVILA-Lite-2B-DATA_SCALE_EXP_400K-20251108_180221,obj1_closer,output/phasevar_5/0009_phA11_phB06.png,Is the green sphere closer to the camera than the yellow cube? Answer with yes or no.,No,No,23.765625,24.078125,True
/app/DATA/NVILA-Lite-2B-DATA_SCALE_EXP_400K-20251108_180221,obj1_closer,output/phasevar_5/0009_phA11_phB07.png,Is the green sphere closer to the camera than the yellow cube? Answer with yes or no.,No,No,23.734375,23.75,True
/app/DATA/NVILA-Lite-2B-DATA_SCALE_EXP_400K-20251108_180221,obj1_closer,output/phasevar_5/0009_phA11_phB08.png,Is the green sphere closer to the camera than the yellow cube? Answer with yes or no.,No,No,23.375,23.515625,True
/app/DATA/NVILA-Lite-2B-DATA_SCALE_EXP_400K-20251108_180221,obj1_closer,output/phasevar_5/0009_phA11_phB09.png,Is the green sphere closer to the camera than the yellow cube? Answer with yes or no.,No,No,23.140625,23.71875,True
/app/DATA/NVILA-Lite-2B-DATA_SCALE_EXP_400K-20251108_180221,obj1_closer,output/phasevar_5/0009_phA11_phB10.png,Is the green sphere closer to the camera than the yellow cube? Answer with yes or no.,No,No,22.34375,25.21875,True
/app/DATA/NVILA-Lite-2B-DATA_SCALE_EXP_400K-20251108_180221,obj1_closer,output/phasevar_5/0009_phA11_phB11.png,Is the green sphere closer to the camera than the yellow cube? Answer with yes or no.,No,No,21.875,25.375,True
/app/DATA/NVILA-Lite-2B-DATA_SCALE_EXP_400K-20251108_180221,obj1_closer,output/phasevar_5/0009_phA11_phB12.png,Is the green sphere closer to the camera than the yellow cube? Answer with yes or no.,No,No,22.03125,25.75,True
/app/DATA/NVILA-Lite-2B-DATA_SCALE_EXP_400K-20251108_180221,obj1_closer,output/phasevar_5/0009_phA11_phB13.png,Is the green sphere closer to the camera than the yellow cube? Answer with yes or no.,No,No,22.1875,25.46875,True
/app/DATA/NVILA-Lite-2B-DATA_SCALE_EXP_400K-20251108_180221,obj1_closer,output/phasevar_5/0009_phA11_phB14.png,Is the green sphere closer to the camera than the yellow cube? Answer with yes or no.,No,No,22.796875,24.96875,True
/app/DATA/NVILA-Lite-2B-DATA_SCALE_EXP_400K-20251108_180221,obj1_closer,output/phasevar_5/0009_phA11_phB15.png,Is the green sphere closer to the camera than the yellow cube? Answer with yes or no.,No,No,23.5625,24.3125,True
/app/DATA/NVILA-Lite-2B-DATA_SCALE_EXP_400K-20251108_180221,obj1_closer,output/phasevar_5/0009_phA12_phB00.png,Is the green sphere closer to the camera than the yellow cube? Answer with yes or no.,No,No,23.671875,23.765625,True
/app/DATA/NVILA-Lite-2B-DATA_SCALE_EXP_400K-20251108_180221,obj1_closer,output/phasevar_5/0009_phA12_phB01.png,Is the green sphere closer to the camera than the yellow cube? Answer with yes or no.,No,Yes,24.0625,23.4375,False
/app/DATA/NVILA-Lite-2B-DATA_SCALE_EXP_400K-20251108_180221,obj1_closer,output/phasevar_5/0009_phA12_phB02.png,Is the green sphere closer to the camera than the yellow cube? Answer with yes or no.,No,Yes,24.25,23.828125,False
/app/DATA/NVILA-Lite-2B-DATA_SCALE_EXP_400K-20251108_180221,obj1_closer,output/phasevar_5/0009_phA12_phB03.png,Is the green sphere closer to the camera than the yellow cube? Answer with yes or no.,No,Yes,23.859375,22.84375,False
/app/DATA/NVILA-Lite-2B-DATA_SCALE_EXP_400K-20251108_180221,obj1_closer,output/phasevar_5/0009_phA12_phB04.png,Is the green sphere closer to the camera than the yellow cube? Answer with yes or no.,No,Yes,23.609375,23.3125,False
/app/DATA/NVILA-Lite-2B-DATA_SCALE_EXP_400K-20251108_180221,obj1_closer,output/phasevar_5/0009_phA12_phB05.png,Is the green sphere closer to the camera than the yellow cube? Answer with yes or no.,No,Yes,24.078125,23.09375,False
/app/DATA/NVILA-Lite-2B-DATA_SCALE_EXP_400K-20251108_180221,obj1_closer,output/phasevar_5/0009_phA12_phB06.png,Is the green sphere closer to the camera than the yellow cube? Answer with yes or no.,No,Yes,23.984375,23.796875,False
/app/DATA/NVILA-Lite-2B-DATA_SCALE_EXP_400K-20251108_180221,obj1_closer,output/phasevar_5/0009_phA12_phB07.png,Is the green sphere closer to the camera than the yellow cube? Answer with yes or no.,No,Yes,23.859375,23.546875,False
/app/DATA/NVILA-Lite-2B-DATA_SCALE_EXP_400K-20251108_180221,obj1_closer,output/phasevar_5/0009_phA12_phB08.png,Is the green sphere closer to the camera than the yellow cube? Answer with yes or no.,No,Yes,23.390625,23.3125,False
/app/DATA/NVILA-Lite-2B-DATA_SCALE_EXP_400K-20251108_180221,obj1_closer,output/phasevar_5/0009_phA12_phB09.png,Is the green sphere closer to the camera than the yellow cube? Answer with yes or no.,No,No,23.21875,23.578125,True
/app/DATA/NVILA-Lite-2B-DATA_SCALE_EXP_400K-20251108_180221,obj1_closer,output/phasevar_5/0009_phA12_phB10.png,Is the green sphere closer to the camera than the yellow cube? Answer with yes or no.,No,No,22.53125,24.75,True
/app/DATA/NVILA-Lite-2B-DATA_SCALE_EXP_400K-20251108_180221,obj1_closer,output/phasevar_5/0009_phA12_phB11.png,Is the green sphere closer to the camera than the yellow cube? Answer with yes or no.,No,No,22.0625,24.90625,True
/app/DATA/NVILA-Lite-2B-DATA_SCALE_EXP_400K-20251108_180221,obj1_closer,output/phasevar_5/0009_phA12_phB12.png,Is the green sphere closer to the camera than the yellow cube? Answer with yes or no.,No,No,21.921875,25.28125,True
/app/DATA/NVILA-Lite-2B-DATA_SCALE_EXP_400K-20251108_180221,obj1_closer,output/phasevar_5/0009_phA12_phB13.png,Is the green sphere closer to the camera than the yellow cube? Answer with yes or no.,No,No,22.046875,25.15625,True
/app/DATA/NVILA-Lite-2B-DATA_SCALE_EXP_400K-20251108_180221,obj1_closer,output/phasevar_5/0009_phA12_phB14.png,Is the green sphere closer to the camera than the yellow cube? Answer with yes or no.,No,No,22.71875,24.53125,True
/app/DATA/NVILA-Lite-2B-DATA_SCALE_EXP_400K-20251108_180221,obj1_closer,output/phasevar_5/0009_phA12_phB15.png,Is the green sphere closer to the camera than the yellow cube? Answer with yes or no.,No,No,23.359375,23.859375,True
/app/DATA/NVILA-Lite-2B-DATA_SCALE_EXP_400K-20251108_180221,obj1_closer,output/phasevar_5/0009_phA13_phB00.png,Is the green sphere closer to the camera than the yellow cube? Answer with yes or no.,No,Yes,23.8125,23.609375,False
/app/DATA/NVILA-Lite-2B-DATA_SCALE_EXP_400K-20251108_180221,obj1_closer,output/phasevar_5/0009_phA13_phB01.png,Is the green sphere closer to the camera than the yellow cube? Answer with yes or no.,No,Yes,24.203125,23.28125,False
/app/DATA/NVILA-Lite-2B-DATA_SCALE_EXP_400K-20251108_180221,obj1_closer,output/phasevar_5/0009_phA13_phB02.png,Is the green sphere closer to the camera than the yellow cube? Answer with yes or no.,No,Yes,24.265625,23.6875,False
/app/DATA/NVILA-Lite-2B-DATA_SCALE_EXP_400K-20251108_180221,obj1_closer,output/phasevar_5/0009_phA13_phB03.png,Is the green sphere closer to the camera than the yellow cube? Answer with yes or no.,No,Yes,24.03125,22.765625,False
/app/DATA/NVILA-Lite-2B-DATA_SCALE_EXP_400K-20251108_180221,obj1_closer,output/phasevar_5/0009_phA13_phB04.png,Is the green sphere closer to the camera than the yellow cube? Answer with yes or no.,No,Yes,24.078125,23.1875,False
/app/DATA/NVILA-Lite-2B-DATA_SCALE_EXP_400K-20251108_180221,obj1_closer,output/phasevar_5/0009_phA13_phB05.png,Is the green sphere closer to the camera than the yellow cube? Answer with yes or no.,No,Yes,24.453125,23.046875,False
/app/DATA/NVILA-Lite-2B-DATA_SCALE_EXP_400K-20251108_180221,obj1_closer,output/phasevar_5/0009_phA13_phB06.png,Is the green sphere closer to the camera than the yellow cube? Answer with yes or no.,No,Yes,24.296875,23.6875,False
/app/DATA/NVILA-Lite-2B-DATA_SCALE_EXP_400K-20251108_180221,obj1_closer,output/phasevar_5/0009_phA13_phB07.png,Is the green sphere closer to the camera than the yellow cube? Answer with yes or no.,No,Yes,24.25,23.546875,False
/app/DATA/NVILA-Lite-2B-DATA_SCALE_EXP_400K-20251108_180221,obj1_closer,output/phasevar_5/0009_phA13_phB08.png,Is the green sphere closer to the camera than the yellow cube? Answer with yes or no.,No,Yes,23.734375,23.28125,False
/app/DATA/NVILA-Lite-2B-DATA_SCALE_EXP_400K-20251108_180221,obj1_closer,output/phasevar_5/0009_phA13_phB09.png,Is the green sphere closer to the camera than the yellow cube? Answer with yes or no.,No,Yes,23.5,23.4375,False
/app/DATA/NVILA-Lite-2B-DATA_SCALE_EXP_400K-20251108_180221,obj1_closer,output/phasevar_5/0009_phA13_phB10.png,Is the green sphere closer to the camera than the yellow cube? Answer with yes or no.,No,No,22.671875,24.546875,True
/app/DATA/NVILA-Lite-2B-DATA_SCALE_EXP_400K-20251108_180221,obj1_closer,output/phasevar_5/0009_phA13_phB11.png,Is the green sphere closer to the camera than the yellow cube? Answer with yes or no.,No,No,22.25,24.6875,True
/app/DATA/NVILA-Lite-2B-DATA_SCALE_EXP_400K-20251108_180221,obj1_closer,output/phasevar_5/0009_phA13_phB12.png,Is the green sphere closer to the camera than the yellow cube? Answer with yes or no.,No,No,22.140625,25.171875,True
/app/DATA/NVILA-Lite-2B-DATA_SCALE_EXP_400K-20251108_180221,obj1_closer,output/phasevar_5/0009_phA13_phB13.png,Is the green sphere closer to the camera than the yellow cube? Answer with yes or no.,No,No,22.09375,25.296875,True
/app/DATA/NVILA-Lite-2B-DATA_SCALE_EXP_400K-20251108_180221,obj1_closer,output/phasevar_5/0009_phA13_phB14.png,Is the green sphere closer to the camera than the yellow cube? Answer with yes or no.,No,No,22.53125,24.5,True
/app/DATA/NVILA-Lite-2B-DATA_SCALE_EXP_400K-20251108_180221,obj1_closer,output/phasevar_5/0009_phA13_phB15.png,Is the green sphere closer to the camera than the yellow cube? Answer with yes or no.,No,No,23.328125,23.65625,True
/app/DATA/NVILA-Lite-2B-DATA_SCALE_EXP_400K-20251108_180221,obj1_closer,output/phasevar_5/0009_phA14_phB00.png,Is the green sphere closer to the camera than the yellow cube? Answer with yes or no.,No,No,23.34375,23.359375,True
/app/DATA/NVILA-Lite-2B-DATA_SCALE_EXP_400K-20251108_180221,obj1_closer,output/phasevar_5/0009_phA14_phB01.png,Is the green sphere closer to the camera than the yellow cube? Answer with yes or no.,No,Yes,23.859375,23.28125,False
/app/DATA/NVILA-Lite-2B-DATA_SCALE_EXP_400K-20251108_180221,obj1_closer,output/phasevar_5/0009_phA14_phB02.png,Is the green sphere closer to the camera than the yellow cube? Answer with yes or no.,No,Yes,24.109375,23.78125,False
/app/DATA/NVILA-Lite-2B-DATA_SCALE_EXP_400K-20251108_180221,obj1_closer,output/phasevar_5/0009_phA14_phB03.png,Is the green sphere closer to the camera than the yellow cube? Answer with yes or no.,No,Yes,23.9375,22.890625,False
/app/DATA/NVILA-Lite-2B-DATA_SCALE_EXP_400K-20251108_180221,obj1_closer,output/phasevar_5/0009_phA14_phB04.png,Is the green sphere closer to the camera than the yellow cube? Answer with yes or no.,No,Yes,24.03125,23.40625,False
/app/DATA/NVILA-Lite-2B-DATA_SCALE_EXP_400K-20251108_180221,obj1_closer,output/phasevar_5/0009_phA14_phB05.png,Is the green sphere closer to the camera than the yellow cube? Answer with yes or no.,No,Yes,24.359375,23.25,False
/app/DATA/NVILA-Lite-2B-DATA_SCALE_EXP_400K-20251108_180221,obj1_closer,output/phasevar_5/0009_phA14_phB06.png,Is the green sphere closer to the camera than the yellow cube? Answer with yes or no.,No,Yes,24.265625,23.8125,False
/app/DATA/NVILA-Lite-2B-DATA_SCALE_EXP_400K-20251108_180221,obj1_closer,output/phasevar_5/0009_phA14_phB07.png,Is the green sphere closer to the camera than the yellow cube? Answer with yes or no.,No,Yes,24.140625,23.671875,False
/app/DATA/NVILA-Lite-2B-DATA_SCALE_EXP_400K-20251108_180221,obj1_closer,output/phasevar_5/0009_phA14_phB08.png,Is the green sphere closer to the camera than the yellow cube? Answer with yes or no.,No,Yes,23.625,23.328125,False
/app/DATA/NVILA-Lite-2B-DATA_SCALE_EXP_400K-20251108_180221,obj1_closer,output/phasevar_5/0009_phA14_phB09.png,Is the green sphere closer to the camera than the yellow cube? Answer with yes or no.,No,Yes,23.5625,23.4375,False
/app/DATA/NVILA-Lite-2B-DATA_SCALE_EXP_400K-20251108_180221,obj1_closer,output/phasevar_5/0009_phA14_phB10.png,Is the green sphere closer to the camera than the yellow cube? Answer with yes or no.,No,No,22.984375,24.765625,True
/app/DATA/NVILA-Lite-2B-DATA_SCALE_EXP_400K-20251108_180221,obj1_closer,output/phasevar_5/0009_phA14_phB11.png,Is the green sphere closer to the camera than the yellow cube? Answer with yes or no.,No,No,22.8125,24.84375,True
/app/DATA/NVILA-Lite-2B-DATA_SCALE_EXP_400K-20251108_180221,obj1_closer,output/phasevar_5/0009_phA14_phB12.png,Is the green sphere closer to the camera than the yellow cube? Answer with yes or no.,No,No,22.6875,24.90625,True
/app/DATA/NVILA-Lite-2B-DATA_SCALE_EXP_400K-20251108_180221,obj1_closer,output/phasevar_5/0009_phA14_phB13.png,Is the green sphere closer to the camera than the yellow cube? Answer with yes or no.,No,No,22.515625,25.0,True
/app/DATA/NVILA-Lite-2B-DATA_SCALE_EXP_400K-20251108_180221,obj1_closer,output/phasevar_5/0009_phA14_phB14.png,Is the green sphere closer to the camera than the yellow cube? Answer with yes or no.,No,No,22.5625,24.765625,True
/app/DATA/NVILA-Lite-2B-DATA_SCALE_EXP_400K-20251108_180221,obj1_closer,output/phasevar_5/0009_phA14_phB15.png,Is the green sphere closer to the camera than the yellow cube? Answer with yes or no.,No,No,22.921875,23.421875,True
/app/DATA/NVILA-Lite-2B-DATA_SCALE_EXP_400K-20251108_180221,obj1_closer,output/phasevar_5/0009_phA15_phB00.png,Is the green sphere closer to the camera than the yellow cube? Answer with yes or no.,No,No,23.1875,24.0,True
/app/DATA/NVILA-Lite-2B-DATA_SCALE_EXP_400K-20251108_180221,obj1_closer,output/phasevar_5/0009_phA15_phB01.png,Is the green sphere closer to the camera than the yellow cube? Answer with yes or no.,No,Yes,23.8125,23.5625,False
/app/DATA/NVILA-Lite-2B-DATA_SCALE_EXP_400K-20251108_180221,obj1_closer,output/phasevar_5/0009_phA15_phB02.png,Is the green sphere closer to the camera than the yellow cube? Answer with yes or no.,No,No,24.03125,24.15625,True
/app/DATA/NVILA-Lite-2B-DATA_SCALE_EXP_400K-20251108_180221,obj1_closer,output/phasevar_5/0009_phA15_phB03.png,Is the green sphere closer to the camera than the yellow cube? Answer with yes or no.,No,Yes,23.796875,23.03125,False
/app/DATA/NVILA-Lite-2B-DATA_SCALE_EXP_400K-20251108_180221,obj1_closer,output/phasevar_5/0009_phA15_phB04.png,Is the green sphere closer to the camera than the yellow cube? Answer with yes or no.,No,Yes,24.09375,23.625,False
/app/DATA/NVILA-Lite-2B-DATA_SCALE_EXP_400K-20251108_180221,obj1_closer,output/phasevar_5/0009_phA15_phB05.png,Is the green sphere closer to the camera than the yellow cube? Answer with yes or no.,No,Yes,24.265625,23.390625,False
/app/DATA/NVILA-Lite-2B-DATA_SCALE_EXP_400K-20251108_180221,obj1_closer,output/phasevar_5/0009_phA15_phB06.png,Is the green sphere closer to the camera than the yellow cube? Answer with yes or no.,No,Yes,24.078125,24.015625,False
/app/DATA/NVILA-Lite-2B-DATA_SCALE_EXP_400K-20251108_180221,obj1_closer,output/phasevar_5/0009_phA15_phB07.png,Is the green sphere closer to the camera than the yellow cube? Answer with yes or no.,No,Yes,24.140625,23.953125,False
/app/DATA/NVILA-Lite-2B-DATA_SCALE_EXP_400K-20251108_180221,obj1_closer,output/phasevar_5/0009_phA15_phB08.png,Is the green sphere closer to the camera than the yellow cube? Answer with yes or no.,No,No,23.625,23.625,True
/app/DATA/NVILA-Lite-2B-DATA_SCALE_EXP_400K-20251108_180221,obj1_closer,output/phasevar_5/0009_phA15_phB09.png,Is the green sphere closer to the camera than the yellow cube? Answer with yes or no.,No,No,23.546875,23.96875,True
/app/DATA/NVILA-Lite-2B-DATA_SCALE_EXP_400K-20251108_180221,obj1_closer,output/phasevar_5/0009_phA15_phB10.png,Is the green sphere closer to the camera than the yellow cube? Answer with yes or no.,No,No,23.109375,24.9375,True
/app/DATA/NVILA-Lite-2B-DATA_SCALE_EXP_400K-20251108_180221,obj1_closer,output/phasevar_5/0009_phA15_phB11.png,Is the green sphere closer to the camera than the yellow cube? Answer with yes or no.,No,No,23.0,25.03125,True
/app/DATA/NVILA-Lite-2B-DATA_SCALE_EXP_400K-20251108_180221,obj1_closer,output/phasevar_5/0009_phA15_phB12.png,Is the green sphere closer to the camera than the yellow cube? Answer with yes or no.,No,No,22.84375,25.1875,True
/app/DATA/NVILA-Lite-2B-DATA_SCALE_EXP_400K-20251108_180221,obj1_closer,output/phasevar_5/0009_phA15_phB13.png,Is the green sphere closer to the camera than the yellow cube? Answer with yes or no.,No,No,22.71875,24.90625,True
/app/DATA/NVILA-Lite-2B-DATA_SCALE_EXP_400K-20251108_180221,obj1_closer,output/phasevar_5/0009_phA15_phB14.png,Is the green sphere closer to the camera than the yellow cube? Answer with yes or no.,No,No,22.75,25.203125,True
/app/DATA/NVILA-Lite-2B-DATA_SCALE_EXP_400K-20251108_180221,obj1_closer,output/phasevar_5/0009_phA15_phB15.png,Is the green sphere closer to the camera than the yellow cube? Answer with yes or no.,No,No,22.9375,24.15625,True
/app/DATA/NVILA-Lite-2B-DATA_SCALE_EXP_400K-20251108_180221,obj1_closer,output/phasevar_5/0010_phA00_phB00.png,Is the cyan sphere closer to the camera than the magenta cube? Answer with yes or no.,No,No,22.90625,23.46875,True
/app/DATA/NVILA-Lite-2B-DATA_SCALE_EXP_400K-20251108_180221,obj1_closer,output/phasevar_5/0010_phA00_phB01.png,Is the cyan sphere closer to the camera than the magenta cube? Answer with yes or no.,No,Yes,23.25,23.1875,False
/app/DATA/NVILA-Lite-2B-DATA_SCALE_EXP_400K-20251108_180221,obj1_closer,output/phasevar_5/0010_phA00_phB02.png,Is the cyan sphere closer to the camera than the magenta cube? Answer with yes or no.,No,No,23.421875,23.515625,True
/app/DATA/NVILA-Lite-2B-DATA_SCALE_EXP_400K-20251108_180221,obj1_closer,output/phasevar_5/0010_phA00_phB03.png,Is the cyan sphere closer to the camera than the magenta cube? Answer with yes or no.,No,Yes,23.078125,22.96875,False
/app/DATA/NVILA-Lite-2B-DATA_SCALE_EXP_400K-20251108_180221,obj1_closer,output/phasevar_5/0010_phA00_phB04.png,Is the cyan sphere closer to the camera than the magenta cube? Answer with yes or no.,No,Yes,23.75,23.3125,False
/app/DATA/NVILA-Lite-2B-DATA_SCALE_EXP_400K-20251108_180221,obj1_closer,output/phasevar_5/0010_phA00_phB05.png,Is the cyan sphere closer to the camera than the magenta cube? Answer with yes or no.,No,Yes,23.734375,23.25,False
/app/DATA/NVILA-Lite-2B-DATA_SCALE_EXP_400K-20251108_180221,obj1_closer,output/phasevar_5/0010_phA00_phB06.png,Is the cyan sphere closer to the camera than the magenta cube? Answer with yes or no.,No,Yes,23.640625,23.546875,False
/app/DATA/NVILA-Lite-2B-DATA_SCALE_EXP_400K-20251108_180221,obj1_closer,output/phasevar_5/0010_phA00_phB07.png,Is the cyan sphere closer to the camera than the magenta cube? Answer with yes or no.,No,Yes,23.515625,23.375,False
/app/DATA/NVILA-Lite-2B-DATA_SCALE_EXP_400K-20251108_180221,obj1_closer,output/phasevar_5/0010_phA00_phB08.png,Is the cyan sphere closer to the camera than the magenta cube? Answer with yes or no.,No,No,23.328125,23.453125,True
/app/DATA/NVILA-Lite-2B-DATA_SCALE_EXP_400K-20251108_180221,obj1_closer,output/phasevar_5/0010_phA00_phB09.png,Is the cyan sphere closer to the camera than the magenta cube? Answer with yes or no.,No,No,22.984375,23.953125,True
/app/DATA/NVILA-Lite-2B-DATA_SCALE_EXP_400K-20251108_180221,obj1_closer,output/phasevar_5/0010_phA00_phB10.png,Is the cyan sphere closer to the camera than the magenta cube? Answer with yes or no.,No,No,22.71875,25.109375,True
/app/DATA/NVILA-Lite-2B-DATA_SCALE_EXP_400K-20251108_180221,obj1_closer,output/phasevar_5/0010_phA00_phB11.png,Is the cyan sphere closer to the camera than the magenta cube? Answer with yes or no.,No,No,22.703125,24.75,True
/app/DATA/NVILA-Lite-2B-DATA_SCALE_EXP_400K-20251108_180221,obj1_closer,output/phasevar_5/0010_phA00_phB12.png,Is the cyan sphere closer to the camera than the magenta cube? Answer with yes or no.,No,No,22.625,24.96875,True
/app/DATA/NVILA-Lite-2B-DATA_SCALE_EXP_400K-20251108_180221,obj1_closer,output/phasevar_5/0010_phA00_phB13.png,Is the cyan sphere closer to the camera than the magenta cube? Answer with yes or no.,No,No,22.484375,25.140625,True
/app/DATA/NVILA-Lite-2B-DATA_SCALE_EXP_400K-20251108_180221,obj1_closer,output/phasevar_5/0010_phA00_phB14.png,Is the cyan sphere closer to the camera than the magenta cube? Answer with yes or no.,No,No,22.515625,24.734375,True
/app/DATA/NVILA-Lite-2B-DATA_SCALE_EXP_400K-20251108_180221,obj1_closer,output/phasevar_5/0010_phA00_phB15.png,Is the cyan sphere closer to the camera than the magenta cube? Answer with yes or no.,No,No,22.71875,24.0625,True
/app/DATA/NVILA-Lite-2B-DATA_SCALE_EXP_400K-20251108_180221,obj1_closer,output/phasevar_5/0010_phA01_phB00.png,Is the cyan sphere closer to the camera than the magenta cube? Answer with yes or no.,No,No,22.828125,23.515625,True
/app/DATA/NVILA-Lite-2B-DATA_SCALE_EXP_400K-20251108_180221,obj1_closer,output/phasevar_5/0010_phA01_phB01.png,Is the cyan sphere closer to the camera than the magenta cube? Answer with yes or no.,No,No,22.984375,23.21875,True
/app/DATA/NVILA-Lite-2B-DATA_SCALE_EXP_400K-20251108_180221,obj1_closer,output/phasevar_5/0010_phA01_phB02.png,Is the cyan sphere closer to the camera than the magenta cube? Answer with yes or no.,No,No,23.203125,23.515625,True
/app/DATA/NVILA-Lite-2B-DATA_SCALE_EXP_400K-20251108_180221,obj1_closer,output/phasevar_5/0010_phA01_phB03.png,Is the cyan sphere closer to the camera than the magenta cube? Answer with yes or no.,No,No,22.84375,23.09375,True
/app/DATA/NVILA-Lite-2B-DATA_SCALE_EXP_400K-20251108_180221,obj1_closer,output/phasevar_5/0010_phA01_phB04.png,Is the cyan sphere closer to the camera than the magenta cube? Answer with yes or no.,No,Yes,23.4375,23.359375,False
/app/DATA/NVILA-Lite-2B-DATA_SCALE_EXP_400K-20251108_180221,obj1_closer,output/phasevar_5/0010_phA01_phB05.png,Is the cyan sphere closer to the camera than the magenta cube? Answer with yes or no.,No,Yes,23.421875,23.265625,False
/app/DATA/NVILA-Lite-2B-DATA_SCALE_EXP_400K-20251108_180221,obj1_closer,output/phasevar_5/0010_phA01_phB06.png,Is the cyan sphere closer to the camera than the magenta cube? Answer with yes or no.,No,No,23.375,23.5625,True
/app/DATA/NVILA-Lite-2B-DATA_SCALE_EXP_400K-20251108_180221,obj1_closer,output/phasevar_5/0010_phA01_phB07.png,Is the cyan sphere closer to the camera than the magenta cube? Answer with yes or no.,No,No,23.265625,23.34375,True
/app/DATA/NVILA-Lite-2B-DATA_SCALE_EXP_400K-20251108_180221,obj1_closer,output/phasevar_5/0010_phA01_phB08.png,Is the cyan sphere closer to the camera than the magenta cube? Answer with yes or no.,No,No,23.125,23.53125,True
/app/DATA/NVILA-Lite-2B-DATA_SCALE_EXP_400K-20251108_180221,obj1_closer,output/phasevar_5/0010_phA01_phB09.png,Is the cyan sphere closer to the camera than the magenta cube? Answer with yes or no.,No,No,22.84375,24.015625,True
/app/DATA/NVILA-Lite-2B-DATA_SCALE_EXP_400K-20251108_180221,obj1_closer,output/phasevar_5/0010_phA01_phB10.png,Is the cyan sphere closer to the camera than the magenta cube? Answer with yes or no.,No,No,22.71875,25.15625,True
/app/DATA/NVILA-Lite-2B-DATA_SCALE_EXP_400K-20251108_180221,obj1_closer,output/phasevar_5/0010_phA01_phB11.png,Is the cyan sphere closer to the camera than the magenta cube? Answer with yes or no.,No,No,22.671875,24.890625,True
/app/DATA/NVILA-Lite-2B-DATA_SCALE_EXP_400K-20251108_180221,obj1_closer,output/phasevar_5/0010_phA01_phB12.png,Is the cyan sphere closer to the camera than the magenta cube? Answer with yes or no.,No,No,22.609375,25.15625,True
/app/DATA/NVILA-Lite-2B-DATA_SCALE_EXP_400K-20251108_180221,obj1_closer,output/phasevar_5/0010_phA01_phB13.png,Is the cyan sphere closer to the camera than the magenta cube? Answer with yes or no.,No,No,22.515625,25.28125,True
/app/DATA/NVILA-Lite-2B-DATA_SCALE_EXP_400K-20251108_180221,obj1_closer,output/phasevar_5/0010_phA01_phB14.png,Is the cyan sphere closer to the camera than the magenta cube? Answer with yes or no.,No,No,22.5625,24.828125,True
/app/DATA/NVILA-Lite-2B-DATA_SCALE_EXP_400K-20251108_180221,obj1_closer,output/phasevar_5/0010_phA01_phB15.png,Is the cyan sphere closer to the camera than the magenta cube? Answer with yes or no.,No,No,22.703125,24.390625,True
/app/DATA/NVILA-Lite-2B-DATA_SCALE_EXP_400K-20251108_180221,obj1_closer,output/phasevar_5/0010_phA02_phB00.png,Is the cyan sphere closer to the camera than the magenta cube? Answer with yes or no.,No,No,22.765625,23.671875,True
/app/DATA/NVILA-Lite-2B-DATA_SCALE_EXP_400K-20251108_180221,obj1_closer,output/phasevar_5/0010_phA02_phB01.png,Is the cyan sphere closer to the camera than the magenta cube? Answer with yes or no.,No,No,22.765625,23.375,True
/app/DATA/NVILA-Lite-2B-DATA_SCALE_EXP_400K-20251108_180221,obj1_closer,output/phasevar_5/0010_phA02_phB02.png,Is the cyan sphere closer to the camera than the magenta cube? Answer with yes or no.,No,No,23.140625,23.515625,True
/app/DATA/NVILA-Lite-2B-DATA_SCALE_EXP_400K-20251108_180221,obj1_closer,output/phasevar_5/0010_phA02_phB03.png,Is the cyan sphere closer to the camera than the magenta cube? Answer with yes or no.,No,No,22.71875,22.984375,True
/app/DATA/NVILA-Lite-2B-DATA_SCALE_EXP_400K-20251108_180221,obj1_closer,output/phasevar_5/0010_phA02_phB04.png,Is the cyan sphere closer to the camera than the magenta cube? Answer with yes or no.,No,Yes,23.375,23.25,False
/app/DATA/NVILA-Lite-2B-DATA_SCALE_EXP_400K-20251108_180221,obj1_closer,output/phasevar_5/0010_phA02_phB05.png,Is the cyan sphere closer to the camera than the magenta cube? Answer with yes or no.,No,Yes,23.296875,23.25,False
/app/DATA/NVILA-Lite-2B-DATA_SCALE_EXP_400K-20251108_180221,obj1_closer,output/phasevar_5/0010_phA02_phB06.png,Is the cyan sphere closer to the camera than the magenta cube? Answer with yes or no.,No,No,23.265625,23.609375,True
/app/DATA/NVILA-Lite-2B-DATA_SCALE_EXP_400K-20251108_180221,obj1_closer,output/phasevar_5/0010_phA02_phB07.png,Is the cyan sphere closer to the camera than the magenta cube? Answer with yes or no.,No,No,23.171875,23.375,True
/app/DATA/NVILA-Lite-2B-DATA_SCALE_EXP_400K-20251108_180221,obj1_closer,output/phasevar_5/0010_phA02_phB08.png,Is the cyan sphere closer to the camera than the magenta cube? Answer with yes or no.,No,No,23.046875,23.609375,True
/app/DATA/NVILA-Lite-2B-DATA_SCALE_EXP_400K-20251108_180221,obj1_closer,output/phasevar_5/0010_phA02_phB09.png,Is the cyan sphere closer to the camera than the magenta cube? Answer with yes or no.,No,No,22.765625,23.953125,True
/app/DATA/NVILA-Lite-2B-DATA_SCALE_EXP_400K-20251108_180221,obj1_closer,output/phasevar_5/0010_phA02_phB10.png,Is the cyan sphere closer to the camera than the magenta cube? Answer with yes or no.,No,No,22.6875,25.015625,True
/app/DATA/NVILA-Lite-2B-DATA_SCALE_EXP_400K-20251108_180221,obj1_closer,output/phasevar_5/0010_phA02_phB11.png,Is the cyan sphere closer to the camera than the magenta cube? Answer with yes or no.,No,No,22.609375,24.96875,True
/app/DATA/NVILA-Lite-2B-DATA_SCALE_EXP_400K-20251108_180221,obj1_closer,output/phasevar_5/0010_phA02_phB12.png,Is the cyan sphere closer to the camera than the magenta cube? Answer with yes or no.,No,No,22.625,25.15625,True
/app/DATA/NVILA-Lite-2B-DATA_SCALE_EXP_400K-20251108_180221,obj1_closer,output/phasevar_5/0010_phA02_phB13.png,Is the cyan sphere closer to the camera than the magenta cube? Answer with yes or no.,No,No,22.53125,25.1875,True
/app/DATA/NVILA-Lite-2B-DATA_SCALE_EXP_400K-20251108_180221,obj1_closer,output/phasevar_5/0010_phA02_phB14.png,Is the cyan sphere closer to the camera than the magenta cube? Answer with yes or no.,No,No,22.53125,24.765625,True
/app/DATA/NVILA-Lite-2B-DATA_SCALE_EXP_400K-20251108_180221,obj1_closer,output/phasevar_5/0010_phA02_phB15.png,Is the cyan sphere closer to the camera than the magenta cube? Answer with yes or no.,No,No,22.640625,24.34375,True
/app/DATA/NVILA-Lite-2B-DATA_SCALE_EXP_400K-20251108_180221,obj1_closer,output/phasevar_5/0010_phA03_phB00.png,Is the cyan sphere closer to the camera than the magenta cube? Answer with yes or no.,No,No,22.96875,23.828125,True
/app/DATA/NVILA-Lite-2B-DATA_SCALE_EXP_400K-20251108_180221,obj1_closer,output/phasevar_5/0010_phA03_phB01.png,Is the cyan sphere closer to the camera than the magenta cube? Answer with yes or no.,No,No,22.96875,23.40625,True
/app/DATA/NVILA-Lite-2B-DATA_SCALE_EXP_400K-20251108_180221,obj1_closer,output/phasevar_5/0010_phA03_phB02.png,Is the cyan sphere closer to the camera than the magenta cube? Answer with yes or no.,No,No,23.21875,23.640625,True
/app/DATA/NVILA-Lite-2B-DATA_SCALE_EXP_400K-20251108_180221,obj1_closer,output/phasevar_5/0010_phA03_phB03.png,Is the cyan sphere closer to the camera than the magenta cube? Answer with yes or no.,No,No,22.4375,23.171875,True
/app/DATA/NVILA-Lite-2B-DATA_SCALE_EXP_400K-20251108_180221,obj1_closer,output/phasevar_5/0010_phA03_phB04.png,Is the cyan sphere closer to the camera than the magenta cube? Answer with yes or no.,No,No,23.0625,23.3125,True
/app/DATA/NVILA-Lite-2B-DATA_SCALE_EXP_400K-20251108_180221,obj1_closer,output/phasevar_5/0010_phA03_phB05.png,Is the cyan sphere closer to the camera than the magenta cube? Answer with yes or no.,No,No,23.0625,23.3125,True
/app/DATA/NVILA-Lite-2B-DATA_SCALE_EXP_400K-20251108_180221,obj1_closer,output/phasevar_5/0010_phA03_phB06.png,Is the cyan sphere closer to the camera than the magenta cube? Answer with yes or no.,No,No,23.203125,23.6875,True
/app/DATA/NVILA-Lite-2B-DATA_SCALE_EXP_400K-20251108_180221,obj1_closer,output/phasevar_5/0010_phA03_phB07.png,Is the cyan sphere closer to the camera than the magenta cube? Answer with yes or no.,No,No,23.09375,23.4375,True
/app/DATA/NVILA-Lite-2B-DATA_SCALE_EXP_400K-20251108_180221,obj1_closer,output/phasevar_5/0010_phA03_phB08.png,Is the cyan sphere closer to the camera than the magenta cube? Answer with yes or no.,No,No,22.984375,23.71875,True
/app/DATA/NVILA-Lite-2B-DATA_SCALE_EXP_400K-20251108_180221,obj1_closer,output/phasevar_5/0010_phA03_phB09.png,Is the cyan sphere closer to the camera than the magenta cube? Answer with yes or no.,No,No,22.703125,24.15625,True
/app/DATA/NVILA-Lite-2B-DATA_SCALE_EXP_400K-20251108_180221,obj1_closer,output/phasevar_5/0010_phA03_phB10.png,Is the cyan sphere closer to the camera than the magenta cube? Answer with yes or no.,No,No,22.546875,25.234375,True
/app/DATA/NVILA-Lite-2B-DATA_SCALE_EXP_400K-20251108_180221,obj1_closer,output/phasevar_5/0010_phA03_phB11.png,Is the cyan sphere closer to the camera than the magenta cube? Answer with yes or no.,No,No,22.40625,25.109375,True
/app/DATA/NVILA-Lite-2B-DATA_SCALE_EXP_400K-20251108_180221,obj1_closer,output/phasevar_5/0010_phA03_phB12.png,Is the cyan sphere closer to the camera than the magenta cube? Answer with yes or no.,No,No,22.328125,25.4375,True
/app/DATA/NVILA-Lite-2B-DATA_SCALE_EXP_400K-20251108_180221,obj1_closer,output/phasevar_5/0010_phA03_phB13.png,Is the cyan sphere closer to the camera than the magenta cube? Answer with yes or no.,No,No,22.34375,25.578125,True
/app/DATA/NVILA-Lite-2B-DATA_SCALE_EXP_400K-20251108_180221,obj1_closer,output/phasevar_5/0010_phA03_phB14.png,Is the cyan sphere closer to the camera than the magenta cube? Answer with yes or no.,No,No,22.53125,25.109375,True
/app/DATA/NVILA-Lite-2B-DATA_SCALE_EXP_400K-20251108_180221,obj1_closer,output/phasevar_5/0010_phA03_phB15.png,Is the cyan sphere closer to the camera than the magenta cube? Answer with yes or no.,No,No,22.734375,24.515625,True
/app/DATA/NVILA-Lite-2B-DATA_SCALE_EXP_400K-20251108_180221,obj1_closer,output/phasevar_5/0010_phA04_phB00.png,Is the cyan sphere closer to the camera than the magenta cube? Answer with yes or no.,No,No,23.0625,23.921875,True
/app/DATA/NVILA-Lite-2B-DATA_SCALE_EXP_400K-20251108_180221,obj1_closer,output/phasevar_5/0010_phA04_phB01.png,Is the cyan sphere closer to the camera than the magenta cube? Answer with yes or no.,No,No,23.046875,23.625,True
/app/DATA/NVILA-Lite-2B-DATA_SCALE_EXP_400K-20251108_180221,obj1_closer,output/phasevar_5/0010_phA04_phB02.png,Is the cyan sphere closer to the camera than the magenta cube? Answer with yes or no.,No,No,23.21875,23.796875,True
/app/DATA/NVILA-Lite-2B-DATA_SCALE_EXP_400K-20251108_180221,obj1_closer,output/phasevar_5/0010_phA04_phB03.png,Is the cyan sphere closer to the camera than the magenta cube? Answer with yes or no.,No,No,22.4375,23.375,True
/app/DATA/NVILA-Lite-2B-DATA_SCALE_EXP_400K-20251108_180221,obj1_closer,output/phasevar_5/0010_phA04_phB04.png,Is the cyan sphere closer to the camera than the magenta cube? Answer with yes or no.,No,No,22.9375,23.515625,True
/app/DATA/NVILA-Lite-2B-DATA_SCALE_EXP_400K-20251108_180221,obj1_closer,output/phasevar_5/0010_phA04_phB05.png,Is the cyan sphere closer to the camera than the magenta cube? Answer with yes or no.,No,No,23.03125,23.4375,True
/app/DATA/NVILA-Lite-2B-DATA_SCALE_EXP_400K-20251108_180221,obj1_closer,output/phasevar_5/0010_phA04_phB06.png,Is the cyan sphere closer to the camera than the magenta cube? Answer with yes or no.,No,No,23.1875,23.859375,True
/app/DATA/NVILA-Lite-2B-DATA_SCALE_EXP_400K-20251108_180221,obj1_closer,output/phasevar_5/0010_phA04_phB07.png,Is the cyan sphere closer to the camera than the magenta cube? Answer with yes or no.,No,No,23.09375,23.546875,True
/app/DATA/NVILA-Lite-2B-DATA_SCALE_EXP_400K-20251108_180221,obj1_closer,output/phasevar_5/0010_phA04_phB08.png,Is the cyan sphere closer to the camera than the magenta cube? Answer with yes or no.,No,No,23.0,23.828125,True
/app/DATA/NVILA-Lite-2B-DATA_SCALE_EXP_400K-20251108_180221,obj1_closer,output/phasevar_5/0010_phA04_phB09.png,Is the cyan sphere closer to the camera than the magenta cube? Answer with yes or no.,No,No,22.75,24.265625,True
/app/DATA/NVILA-Lite-2B-DATA_SCALE_EXP_400K-20251108_180221,obj1_closer,output/phasevar_5/0010_phA04_phB10.png,Is the cyan sphere closer to the camera than the magenta cube? Answer with yes or no.,No,No,22.546875,25.328125,True
/app/DATA/NVILA-Lite-2B-DATA_SCALE_EXP_400K-20251108_180221,obj1_closer,output/phasevar_5/0010_phA04_phB11.png,Is the cyan sphere closer to the camera than the magenta cube? Answer with yes or no.,No,No,22.390625,25.328125,True
/app/DATA/NVILA-Lite-2B-DATA_SCALE_EXP_400K-20251108_180221,obj1_closer,output/phasevar_5/0010_phA04_phB12.png,Is the cyan sphere closer to the camera than the magenta cube? Answer with yes or no.,No,No,22.265625,25.5,True
/app/DATA/NVILA-Lite-2B-DATA_SCALE_EXP_400K-20251108_180221,obj1_closer,output/phasevar_5/0010_phA04_phB13.png,Is the cyan sphere closer to the camera than the magenta cube? Answer with yes or no.,No,No,22.359375,25.609375,True
/app/DATA/NVILA-Lite-2B-DATA_SCALE_EXP_400K-20251108_180221,obj1_closer,output/phasevar_5/0010_phA04_phB14.png,Is the cyan sphere closer to the camera than the magenta cube? Answer with yes or no.,No,No,22.578125,25.125,True
/app/DATA/NVILA-Lite-2B-DATA_SCALE_EXP_400K-20251108_180221,obj1_closer,output/phasevar_5/0010_phA04_phB15.png,Is the cyan sphere closer to the camera than the magenta cube? Answer with yes or no.,No,No,22.78125,24.53125,True
/app/DATA/NVILA-Lite-2B-DATA_SCALE_EXP_400K-20251108_180221,obj1_closer,output/phasevar_5/0010_phA05_phB00.png,Is the cyan sphere closer to the camera than the magenta cube? Answer with yes or no.,No,No,23.15625,24.21875,True
/app/DATA/NVILA-Lite-2B-DATA_SCALE_EXP_400K-20251108_180221,obj1_closer,output/phasevar_5/0010_phA05_phB01.png,Is the cyan sphere closer to the camera than the magenta cube? Answer with yes or no.,No,No,23.140625,23.96875,True
/app/DATA/NVILA-Lite-2B-DATA_SCALE_EXP_400K-20251108_180221,obj1_closer,output/phasevar_5/0010_phA05_phB02.png,Is the cyan sphere closer to the camera than the magenta cube? Answer with yes or no.,No,No,23.28125,24.015625,True
/app/DATA/NVILA-Lite-2B-DATA_SCALE_EXP_400K-20251108_180221,obj1_closer,output/phasevar_5/0010_phA05_phB03.png,Is the cyan sphere closer to the camera than the magenta cube? Answer with yes or no.,No,No,22.578125,23.71875,True
/app/DATA/NVILA-Lite-2B-DATA_SCALE_EXP_400K-20251108_180221,obj1_closer,output/phasevar_5/0010_phA05_phB04.png,Is the cyan sphere closer to the camera than the magenta cube? Answer with yes or no.,No,No,22.90625,23.71875,True
/app/DATA/NVILA-Lite-2B-DATA_SCALE_EXP_400K-20251108_180221,obj1_closer,output/phasevar_5/0010_phA05_phB05.png,Is the cyan sphere closer to the camera than the magenta cube? Answer with yes or no.,No,No,23.015625,23.5625,True
/app/DATA/NVILA-Lite-2B-DATA_SCALE_EXP_400K-20251108_180221,obj1_closer,output/phasevar_5/0010_phA05_phB06.png,Is the cyan sphere closer to the camera than the magenta cube? Answer with yes or no.,No,No,23.15625,24.03125,True
/app/DATA/NVILA-Lite-2B-DATA_SCALE_EXP_400K-20251108_180221,obj1_closer,output/phasevar_5/0010_phA05_phB07.png,Is the cyan sphere closer to the camera than the magenta cube? Answer with yes or no.,No,No,23.109375,23.75,True
/app/DATA/NVILA-Lite-2B-DATA_SCALE_EXP_400K-20251108_180221,obj1_closer,output/phasevar_5/0010_phA05_phB08.png,Is the cyan sphere closer to the camera than the magenta cube? Answer with yes or no.,No,No,22.96875,24.046875,True
/app/DATA/NVILA-Lite-2B-DATA_SCALE_EXP_400K-20251108_180221,obj1_closer,output/phasevar_5/0010_phA05_phB09.png,Is the cyan sphere closer to the camera than the magenta cube? Answer with yes or no.,No,No,22.75,24.5,True
/app/DATA/NVILA-Lite-2B-DATA_SCALE_EXP_400K-20251108_180221,obj1_closer,output/phasevar_5/0010_phA05_phB10.png,Is the cyan sphere closer to the camera than the magenta cube? Answer with yes or no.,No,No,22.609375,25.578125,True
/app/DATA/NVILA-Lite-2B-DATA_SCALE_EXP_400K-20251108_180221,obj1_closer,output/phasevar_5/0010_phA05_phB11.png,Is the cyan sphere closer to the camera than the magenta cube? Answer with yes or no.,No,No,22.453125,25.609375,True
/app/DATA/NVILA-Lite-2B-DATA_SCALE_EXP_400K-20251108_180221,obj1_closer,output/phasevar_5/0010_phA05_phB12.png,Is the cyan sphere closer to the camera than the magenta cube? Answer with yes or no.,No,No,22.421875,25.78125,True
/app/DATA/NVILA-Lite-2B-DATA_SCALE_EXP_400K-20251108_180221,obj1_closer,output/phasevar_5/0010_phA05_phB13.png,Is the cyan sphere closer to the camera than the magenta cube? Answer with yes or no.,No,No,22.53125,25.859375,True
/app/DATA/NVILA-Lite-2B-DATA_SCALE_EXP_400K-20251108_180221,obj1_closer,output/phasevar_5/0010_phA05_phB14.png,Is the cyan sphere closer to the camera than the magenta cube? Answer with yes or no.,No,No,22.71875,25.46875,True
/app/DATA/NVILA-Lite-2B-DATA_SCALE_EXP_400K-20251108_180221,obj1_closer,output/phasevar_5/0010_phA05_phB15.png,Is the cyan sphere closer to the camera than the magenta cube? Answer with yes or no.,No,No,22.890625,24.84375,True
/app/DATA/NVILA-Lite-2B-DATA_SCALE_EXP_400K-20251108_180221,obj1_closer,output/phasevar_5/0010_phA06_phB00.png,Is the cyan sphere closer to the camera than the magenta cube? Answer with yes or no.,No,No,23.25,23.8125,True
/app/DATA/NVILA-Lite-2B-DATA_SCALE_EXP_400K-20251108_180221,obj1_closer,output/phasevar_5/0010_phA06_phB01.png,Is the cyan sphere closer to the camera than the magenta cube? Answer with yes or no.,No,No,23.234375,23.59375,True
/app/DATA/NVILA-Lite-2B-DATA_SCALE_EXP_400K-20251108_180221,obj1_closer,output/phasevar_5/0010_phA06_phB02.png,Is the cyan sphere closer to the camera than the magenta cube? Answer with yes or no.,No,No,23.40625,23.6875,True
/app/DATA/NVILA-Lite-2B-DATA_SCALE_EXP_400K-20251108_180221,obj1_closer,output/phasevar_5/0010_phA06_phB03.png,Is the cyan sphere closer to the camera than the magenta cube? Answer with yes or no.,No,No,22.984375,23.40625,True
/app/DATA/NVILA-Lite-2B-DATA_SCALE_EXP_400K-20251108_180221,obj1_closer,output/phasevar_5/0010_phA06_phB04.png,Is the cyan sphere closer to the camera than the magenta cube? Answer with yes or no.,No,No,23.203125,23.34375,True
/app/DATA/NVILA-Lite-2B-DATA_SCALE_EXP_400K-20251108_180221,obj1_closer,output/phasevar_5/0010_phA06_phB05.png,Is the cyan sphere closer to the camera than the magenta cube? Answer with yes or no.,No,No,22.984375,23.234375,True
/app/DATA/NVILA-Lite-2B-DATA_SCALE_EXP_400K-20251108_180221,obj1_closer,output/phasevar_5/0010_phA06_phB06.png,Is the cyan sphere closer to the camera than the magenta cube? Answer with yes or no.,No,No,23.046875,23.71875,True
/app/DATA/NVILA-Lite-2B-DATA_SCALE_EXP_400K-20251108_180221,obj1_closer,output/phasevar_5/0010_phA06_phB07.png,Is the cyan sphere closer to the camera than the magenta cube? Answer with yes or no.,No,No,23.015625,23.5,True
/app/DATA/NVILA-Lite-2B-DATA_SCALE_EXP_400K-20251108_180221,obj1_closer,output/phasevar_5/0010_phA06_phB08.png,Is the cyan sphere closer to the camera than the magenta cube? Answer with yes or no.,No,No,22.9375,23.703125,True
/app/DATA/NVILA-Lite-2B-DATA_SCALE_EXP_400K-20251108_180221,obj1_closer,output/phasevar_5/0010_phA06_phB09.png,Is the cyan sphere closer to the camera than the magenta cube? Answer with yes or no.,No,No,22.796875,24.25,True
/app/DATA/NVILA-Lite-2B-DATA_SCALE_EXP_400K-20251108_180221,obj1_closer,output/phasevar_5/0010_phA06_phB10.png,Is the cyan sphere closer to the camera than the magenta cube? Answer with yes or no.,No,No,22.671875,25.203125,True
/app/DATA/NVILA-Lite-2B-DATA_SCALE_EXP_400K-20251108_180221,obj1_closer,output/phasevar_5/0010_phA06_phB11.png,Is the cyan sphere closer to the camera than the magenta cube? Answer with yes or no.,No,No,22.5625,25.109375,True
/app/DATA/NVILA-Lite-2B-DATA_SCALE_EXP_400K-20251108_180221,obj1_closer,output/phasevar_5/0010_phA06_phB12.png,Is the cyan sphere closer to the camera than the magenta cube? Answer with yes or no.,No,No,22.640625,25.125,True
/app/DATA/NVILA-Lite-2B-DATA_SCALE_EXP_400K-20251108_180221,obj1_closer,output/phasevar_5/0010_phA06_phB13.png,Is the cyan sphere closer to the camera than the magenta cube? Answer with yes or no.,No,No,22.734375,25.21875,True
/app/DATA/NVILA-Lite-2B-DATA_SCALE_EXP_400K-20251108_180221,obj1_closer,output/phasevar_5/0010_phA06_phB14.png,Is the cyan sphere closer to the camera than the magenta cube? Answer with yes or no.,No,No,22.90625,25.046875,True
/app/DATA/NVILA-Lite-2B-DATA_SCALE_EXP_400K-20251108_180221,obj1_closer,output/phasevar_5/0010_phA06_phB15.png,Is the cyan sphere closer to the camera than the magenta cube? Answer with yes or no.,No,No,23.046875,24.34375,True
/app/DATA/NVILA-Lite-2B-DATA_SCALE_EXP_400K-20251108_180221,obj1_closer,output/phasevar_5/0010_phA07_phB00.png,Is the cyan sphere closer to the camera than the magenta cube? Answer with yes or no.,No,No,23.25,23.640625,True
/app/DATA/NVILA-Lite-2B-DATA_SCALE_EXP_400K-20251108_180221,obj1_closer,output/phasevar_5/0010_phA07_phB01.png,Is the cyan sphere closer to the camera than the magenta cube? Answer with yes or no.,No,Yes,23.328125,23.296875,False
/app/DATA/NVILA-Lite-2B-DATA_SCALE_EXP_400K-20251108_180221,obj1_closer,output/phasevar_5/0010_phA07_phB02.png,Is the cyan sphere closer to the camera than the magenta cube? Answer with yes or no.,No,Yes,23.5,23.46875,False
/app/DATA/NVILA-Lite-2B-DATA_SCALE_EXP_400K-20251108_180221,obj1_closer,output/phasevar_5/0010_phA07_phB03.png,Is the cyan sphere closer to the camera than the magenta cube? Answer with yes or no.,No,Yes,23.09375,23.078125,False
/app/DATA/NVILA-Lite-2B-DATA_SCALE_EXP_400K-20251108_180221,obj1_closer,output/phasevar_5/0010_phA07_phB04.png,Is the cyan sphere closer to the camera than the magenta cube? Answer with yes or no.,No,Yes,23.265625,23.1875,False
/app/DATA/NVILA-Lite-2B-DATA_SCALE_EXP_400K-20251108_180221,obj1_closer,output/phasevar_5/0010_phA07_phB05.png,Is the cyan sphere closer to the camera than the magenta cube? Answer with yes or no.,No,Yes,23.140625,23.09375,False
/app/DATA/NVILA-Lite-2B-DATA_SCALE_EXP_400K-20251108_180221,obj1_closer,output/phasevar_5/0010_phA07_phB06.png,Is the cyan sphere closer to the camera than the magenta cube? Answer with yes or no.,No,No,23.1875,23.59375,True
/app/DATA/NVILA-Lite-2B-DATA_SCALE_EXP_400K-20251108_180221,obj1_closer,output/phasevar_5/0010_phA07_phB07.png,Is the cyan sphere closer to the camera than the magenta cube? Answer with yes or no.,No,No,23.09375,23.34375,True
/app/DATA/NVILA-Lite-2B-DATA_SCALE_EXP_400K-20251108_180221,obj1_closer,output/phasevar_5/0010_phA07_phB08.png,Is the cyan sphere closer to the camera than the magenta cube? Answer with yes or no.,No,No,22.90625,23.546875,True
/app/DATA/NVILA-Lite-2B-DATA_SCALE_EXP_400K-20251108_180221,obj1_closer,output/phasevar_5/0010_phA07_phB09.png,Is the cyan sphere closer to the camera than the magenta cube? Answer with yes or no.,No,No,22.703125,24.09375,True
/app/DATA/NVILA-Lite-2B-DATA_SCALE_EXP_400K-20251108_180221,obj1_closer,output/phasevar_5/0010_phA07_phB10.png,Is the cyan sphere closer to the camera than the magenta cube? Answer with yes or no.,No,No,22.5625,25.09375,True
/app/DATA/NVILA-Lite-2B-DATA_SCALE_EXP_400K-20251108_180221,obj1_closer,output/phasevar_5/0010_phA07_phB11.png,Is the cyan sphere closer to the camera than the magenta cube? Answer with yes or no.,No,No,22.484375,25.046875,True
/app/DATA/NVILA-Lite-2B-DATA_SCALE_EXP_400K-20251108_180221,obj1_closer,output/phasevar_5/0010_phA07_phB12.png,Is the cyan sphere closer to the camera than the magenta cube? Answer with yes or no.,No,No,22.578125,25.1875,True
/app/DATA/NVILA-Lite-2B-DATA_SCALE_EXP_400K-20251108_180221,obj1_closer,output/phasevar_5/0010_phA07_phB13.png,Is the cyan sphere closer to the camera than the magenta cube? Answer with yes or no.,No,No,22.671875,25.21875,True
/app/DATA/NVILA-Lite-2B-DATA_SCALE_EXP_400K-20251108_180221,obj1_closer,output/phasevar_5/0010_phA07_phB14.png,Is the cyan sphere closer to the camera than the magenta cube? Answer with yes or no.,No,No,22.875,24.96875,True
/app/DATA/NVILA-Lite-2B-DATA_SCALE_EXP_400K-20251108_180221,obj1_closer,output/phasevar_5/0010_phA07_phB15.png,Is the cyan sphere closer to the camera than the magenta cube? Answer with yes or no.,No,No,23.0625,24.328125,True
/app/DATA/NVILA-Lite-2B-DATA_SCALE_EXP_400K-20251108_180221,obj1_closer,output/phasevar_5/0010_phA08_phB00.png,Is the cyan sphere closer to the camera than the magenta cube? Answer with yes or no.,No,No,23.328125,23.4375,True
/app/DATA/NVILA-Lite-2B-DATA_SCALE_EXP_400K-20251108_180221,obj1_closer,output/phasevar_5/0010_phA08_phB01.png,Is the cyan sphere closer to the camera than the magenta cube? Answer with yes or no.,No,Yes,23.46875,23.21875,False
/app/DATA/NVILA-Lite-2B-DATA_SCALE_EXP_400K-20251108_180221,obj1_closer,output/phasevar_5/0010_phA08_phB02.png,Is the cyan sphere closer to the camera than the magenta cube? Answer with yes or no.,No,Yes,23.6875,23.4375,False
/app/DATA/NVILA-Lite-2B-DATA_SCALE_EXP_400K-20251108_180221,obj1_closer,output/phasevar_5/0010_phA08_phB03.png,Is the cyan sphere closer to the camera than the magenta cube? Answer with yes or no.,No,Yes,23.28125,23.0,False
/app/DATA/NVILA-Lite-2B-DATA_SCALE_EXP_400K-20251108_180221,obj1_closer,output/phasevar_5/0010_phA08_phB04.png,Is the cyan sphere closer to the camera than the magenta cube? Answer with yes or no.,No,Yes,23.546875,23.140625,False
/app/DATA/NVILA-Lite-2B-DATA_SCALE_EXP_400K-20251108_180221,obj1_closer,output/phasevar_5/0010_phA08_phB05.png,Is the cyan sphere closer to the camera than the magenta cube? Answer with yes or no.,No,Yes,23.3125,23.015625,False
/app/DATA/NVILA-Lite-2B-DATA_SCALE_EXP_400K-20251108_180221,obj1_closer,output/phasevar_5/0010_phA08_phB06.png,Is the cyan sphere closer to the camera than the magenta cube? Answer with yes or no.,No,No,23.34375,23.5,True
/app/DATA/NVILA-Lite-2B-DATA_SCALE_EXP_400K-20251108_180221,obj1_closer,output/phasevar_5/0010_phA08_phB07.png,Is the cyan sphere closer to the camera than the magenta cube? Answer with yes or no.,No,No,23.25,23.25,True
/app/DATA/NVILA-Lite-2B-DATA_SCALE_EXP_400K-20251108_180221,obj1_closer,output/phasevar_5/0010_phA08_phB08.png,Is the cyan sphere closer to the camera than the magenta cube? Answer with yes or no.,No,No,22.984375,23.46875,True
/app/DATA/NVILA-Lite-2B-DATA_SCALE_EXP_400K-20251108_180221,obj1_closer,output/phasevar_5/0010_phA08_phB09.png,Is the cyan sphere closer to the camera than the magenta cube? Answer with yes or no.,No,No,22.734375,23.953125,True
/app/DATA/NVILA-Lite-2B-DATA_SCALE_EXP_400K-20251108_180221,obj1_closer,output/phasevar_5/0010_phA08_phB10.png,Is the cyan sphere closer to the camera than the magenta cube? Answer with yes or no.,No,No,22.53125,24.96875,True
/app/DATA/NVILA-Lite-2B-DATA_SCALE_EXP_400K-20251108_180221,obj1_closer,output/phasevar_5/0010_phA08_phB11.png,Is the cyan sphere closer to the camera than the magenta cube? Answer with yes or no.,No,No,22.4375,24.9375,True
/app/DATA/NVILA-Lite-2B-DATA_SCALE_EXP_400K-20251108_180221,obj1_closer,output/phasevar_5/0010_phA08_phB12.png,Is the cyan sphere closer to the camera than the magenta cube? Answer with yes or no.,No,No,22.515625,25.046875,True
/app/DATA/NVILA-Lite-2B-DATA_SCALE_EXP_400K-20251108_180221,obj1_closer,output/phasevar_5/0010_phA08_phB13.png,Is the cyan sphere closer to the camera than the magenta cube? Answer with yes or no.,No,No,22.671875,25.078125,True
/app/DATA/NVILA-Lite-2B-DATA_SCALE_EXP_400K-20251108_180221,obj1_closer,output/phasevar_5/0010_phA08_phB14.png,Is the cyan sphere closer to the camera than the magenta cube? Answer with yes or no.,No,No,22.875,24.65625,True
/app/DATA/NVILA-Lite-2B-DATA_SCALE_EXP_400K-20251108_180221,obj1_closer,output/phasevar_5/0010_phA08_phB15.png,Is the cyan sphere closer to the camera than the magenta cube? Answer with yes or no.,No,No,23.1875,24.171875,True
/app/DATA/NVILA-Lite-2B-DATA_SCALE_EXP_400K-20251108_180221,obj1_closer,output/phasevar_5/0010_phA09_phB00.png,Is the cyan sphere closer to the camera than the magenta cube? Answer with yes or no.,No,No,23.453125,23.515625,True
/app/DATA/NVILA-Lite-2B-DATA_SCALE_EXP_400K-20251108_180221,obj1_closer,output/phasevar_5/0010_phA09_phB01.png,Is the cyan sphere closer to the camera than the magenta cube? Answer with yes or no.,No,Yes,23.546875,23.265625,False
/app/DATA/NVILA-Lite-2B-DATA_SCALE_EXP_400K-20251108_180221,obj1_closer,output/phasevar_5/0010_phA09_phB02.png,Is the cyan sphere closer to the camera than the magenta cube? Answer with yes or no.,No,Yes,23.75,23.59375,False
/app/DATA/NVILA-Lite-2B-DATA_SCALE_EXP_400K-20251108_180221,obj1_closer,output/phasevar_5/0010_phA09_phB03.png,Is the cyan sphere closer to the camera than the magenta cube? Answer with yes or no.,No,Yes,23.328125,23.125,False
/app/DATA/NVILA-Lite-2B-DATA_SCALE_EXP_400K-20251108_180221,obj1_closer,output/phasevar_5/0010_phA09_phB04.png,Is the cyan sphere closer to the camera than the magenta cube? Answer with yes or no.,No,Yes,23.484375,23.34375,False
/app/DATA/NVILA-Lite-2B-DATA_SCALE_EXP_400K-20251108_180221,obj1_closer,output/phasevar_5/0010_phA09_phB05.png,Is the cyan sphere closer to the camera than the magenta cube? Answer with yes or no.,No,Yes,23.296875,23.109375,False
/app/DATA/NVILA-Lite-2B-DATA_SCALE_EXP_400K-20251108_180221,obj1_closer,output/phasevar_5/0010_phA09_phB06.png,Is the cyan sphere closer to the camera than the magenta cube? Answer with yes or no.,No,No,23.375,23.5625,True
/app/DATA/NVILA-Lite-2B-DATA_SCALE_EXP_400K-20251108_180221,obj1_closer,output/phasevar_5/0010_phA09_phB07.png,Is the cyan sphere closer to the camera than the magenta cube? Answer with yes or no.,No,Yes,23.34375,23.296875,False
/app/DATA/NVILA-Lite-2B-DATA_SCALE_EXP_400K-20251108_180221,obj1_closer,output/phasevar_5/0010_phA09_phB08.png,Is the cyan sphere closer to the camera than the magenta cube? Answer with yes or no.,No,No,23.125,23.421875,True
/app/DATA/NVILA-Lite-2B-DATA_SCALE_EXP_400K-20251108_180221,obj1_closer,output/phasevar_5/0010_phA09_phB09.png,Is the cyan sphere closer to the camera than the magenta cube? Answer with yes or no.,No,No,22.71875,23.90625,True
/app/DATA/NVILA-Lite-2B-DATA_SCALE_EXP_400K-20251108_180221,obj1_closer,output/phasevar_5/0010_phA09_phB10.png,Is the cyan sphere closer to the camera than the magenta cube? Answer with yes or no.,No,No,22.484375,24.8125,True
/app/DATA/NVILA-Lite-2B-DATA_SCALE_EXP_400K-20251108_180221,obj1_closer,output/phasevar_5/0010_phA09_phB11.png,Is the cyan sphere closer to the camera than the magenta cube? Answer with yes or no.,No,No,22.375,24.859375,True
/app/DATA/NVILA-Lite-2B-DATA_SCALE_EXP_400K-20251108_180221,obj1_closer,output/phasevar_5/0010_phA09_phB12.png,Is the cyan sphere closer to the camera than the magenta cube? Answer with yes or no.,No,No,22.484375,25.109375,True
/app/DATA/NVILA-Lite-2B-DATA_SCALE_EXP_400K-20251108_180221,obj1_closer,output/phasevar_5/0010_phA09_phB13.png,Is the cyan sphere closer to the camera than the magenta cube? Answer with yes or no.,No,No,22.609375,25.125,True
/app/DATA/NVILA-Lite-2B-DATA_SCALE_EXP_400K-20251108_180221,obj1_closer,output/phasevar_5/0010_phA09_phB14.png,Is the cyan sphere closer to the camera than the magenta cube? Answer with yes or no.,No,No,22.890625,24.9375,True
/app/DATA/NVILA-Lite-2B-DATA_SCALE_EXP_400K-20251108_180221,obj1_closer,output/phasevar_5/0010_phA09_phB15.png,Is the cyan sphere closer to the camera than the magenta cube? Answer with yes or no.,No,No,23.234375,24.078125,True
/app/DATA/NVILA-Lite-2B-DATA_SCALE_EXP_400K-20251108_180221,obj1_closer,output/phasevar_5/0010_phA10_phB00.png,Is the cyan sphere closer to the camera than the magenta cube? Answer with yes or no.,No,Yes,23.546875,23.46875,False
/app/DATA/NVILA-Lite-2B-DATA_SCALE_EXP_400K-20251108_180221,obj1_closer,output/phasevar_5/0010_phA10_phB01.png,Is the cyan sphere closer to the camera than the magenta cube? Answer with yes or no.,No,Yes,23.765625,23.34375,False
/app/DATA/NVILA-Lite-2B-DATA_SCALE_EXP_400K-20251108_180221,obj1_closer,output/phasevar_5/0010_phA10_phB02.png,Is the cyan sphere closer to the camera than the magenta cube? Answer with yes or no.,No,Yes,24.109375,23.671875,False
/app/DATA/NVILA-Lite-2B-DATA_SCALE_EXP_400K-20251108_180221,obj1_closer,output/phasevar_5/0010_phA10_phB03.png,Is the cyan sphere closer to the camera than the magenta cube? Answer with yes or no.,No,Yes,23.453125,23.09375,False
/app/DATA/NVILA-Lite-2B-DATA_SCALE_EXP_400K-20251108_180221,obj1_closer,output/phasevar_5/0010_phA10_phB04.png,Is the cyan sphere closer to the camera than the magenta cube? Answer with yes or no.,No,Yes,23.53125,23.265625,False
/app/DATA/NVILA-Lite-2B-DATA_SCALE_EXP_400K-20251108_180221,obj1_closer,output/phasevar_5/0010_phA10_phB05.png,Is the cyan sphere closer to the camera than the magenta cube? Answer with yes or no.,No,Yes,23.34375,23.109375,False
/app/DATA/NVILA-Lite-2B-DATA_SCALE_EXP_400K-20251108_180221,obj1_closer,output/phasevar_5/0010_phA10_phB06.png,Is the cyan sphere closer to the camera than the magenta cube? Answer with yes or no.,No,No,23.40625,23.578125,True
/app/DATA/NVILA-Lite-2B-DATA_SCALE_EXP_400K-20251108_180221,obj1_closer,output/phasevar_5/0010_phA10_phB07.png,Is the cyan sphere closer to the camera than the magenta cube? Answer with yes or no.,No,Yes,23.40625,23.359375,False
/app/DATA/NVILA-Lite-2B-DATA_SCALE_EXP_400K-20251108_180221,obj1_closer,output/phasevar_5/0010_phA10_phB08.png,Is the cyan sphere closer to the camera than the magenta cube? Answer with yes or no.,No,No,23.15625,23.390625,True
/app/DATA/NVILA-Lite-2B-DATA_SCALE_EXP_400K-20251108_180221,obj1_closer,output/phasevar_5/0010_phA10_phB09.png,Is the cyan sphere closer to the camera than the magenta cube? Answer with yes or no.,No,No,22.703125,23.953125,True
/app/DATA/NVILA-Lite-2B-DATA_SCALE_EXP_400K-20251108_180221,obj1_closer,output/phasevar_5/0010_phA10_phB10.png,Is the cyan sphere closer to the camera than the magenta cube? Answer with yes or no.,No,No,22.265625,25.046875,True
/app/DATA/NVILA-Lite-2B-DATA_SCALE_EXP_400K-20251108_180221,obj1_closer,output/phasevar_5/0010_phA10_phB11.png,Is the cyan sphere closer to the camera than the magenta cube? Answer with yes or no.,No,No,22.078125,25.03125,True
/app/DATA/NVILA-Lite-2B-DATA_SCALE_EXP_400K-20251108_180221,obj1_closer,output/phasevar_5/0010_phA10_phB12.png,Is the cyan sphere closer to the camera than the magenta cube? Answer with yes or no.,No,No,22.359375,25.125,True
/app/DATA/NVILA-Lite-2B-DATA_SCALE_EXP_400K-20251108_180221,obj1_closer,output/phasevar_5/0010_phA10_phB13.png,Is the cyan sphere closer to the camera than the magenta cube? Answer with yes or no.,No,No,22.546875,25.25,True
/app/DATA/NVILA-Lite-2B-DATA_SCALE_EXP_400K-20251108_180221,obj1_closer,output/phasevar_5/0010_phA10_phB14.png,Is the cyan sphere closer to the camera than the magenta cube? Answer with yes or no.,No,No,22.8125,25.0,True
/app/DATA/NVILA-Lite-2B-DATA_SCALE_EXP_400K-20251108_180221,obj1_closer,output/phasevar_5/0010_phA10_phB15.png,Is the cyan sphere closer to the camera than the magenta cube? Answer with yes or no.,No,No,23.234375,24.109375,True
/app/DATA/NVILA-Lite-2B-DATA_SCALE_EXP_400K-20251108_180221,obj1_closer,output/phasevar_5/0010_phA11_phB00.png,Is the cyan sphere closer to the camera than the magenta cube? Answer with yes or no.,No,Yes,23.578125,23.5,False
/app/DATA/NVILA-Lite-2B-DATA_SCALE_EXP_400K-20251108_180221,obj1_closer,output/phasevar_5/0010_phA11_phB01.png,Is the cyan sphere closer to the camera than the magenta cube? Answer with yes or no.,No,Yes,23.703125,23.375,False
/app/DATA/NVILA-Lite-2B-DATA_SCALE_EXP_400K-20251108_180221,obj1_closer,output/phasevar_5/0010_phA11_phB02.png,Is the cyan sphere closer to the camera than the magenta cube? Answer with yes or no.,No,Yes,23.984375,23.734375,False
/app/DATA/NVILA-Lite-2B-DATA_SCALE_EXP_400K-20251108_180221,obj1_closer,output/phasevar_5/0010_phA11_phB03.png,Is the cyan sphere closer to the camera than the magenta cube? Answer with yes or no.,No,Yes,23.359375,23.046875,False
/app/DATA/NVILA-Lite-2B-DATA_SCALE_EXP_400K-20251108_180221,obj1_closer,output/phasevar_5/0010_phA11_phB04.png,Is the cyan sphere closer to the camera than the magenta cube? Answer with yes or no.,No,Yes,23.5,23.234375,False
/app/DATA/NVILA-Lite-2B-DATA_SCALE_EXP_400K-20251108_180221,obj1_closer,output/phasevar_5/0010_phA11_phB05.png,Is the cyan sphere closer to the camera than the magenta cube? Answer with yes or no.,No,Yes,23.53125,23.078125,False
/app/DATA/NVILA-Lite-2B-DATA_SCALE_EXP_400K-20251108_180221,obj1_closer,output/phasevar_5/0010_phA11_phB06.png,Is the cyan sphere closer to the camera than the magenta cube? Answer with yes or no.,No,No,23.53125,23.640625,True
/app/DATA/NVILA-Lite-2B-DATA_SCALE_EXP_400K-20251108_180221,obj1_closer,output/phasevar_5/0010_phA11_phB07.png,Is the cyan sphere closer to the camera than the magenta cube? Answer with yes or no.,No,Yes,23.609375,23.421875,False
/app/DATA/NVILA-Lite-2B-DATA_SCALE_EXP_400K-20251108_180221,obj1_closer,output/phasevar_5/0010_phA11_phB08.png,Is the cyan sphere closer to the camera than the magenta cube? Answer with yes or no.,No,No,23.3125,23.46875,True
/app/DATA/NVILA-Lite-2B-DATA_SCALE_EXP_400K-20251108_180221,obj1_closer,output/phasevar_5/0010_phA11_phB09.png,Is the cyan sphere closer to the camera than the magenta cube? Answer with yes or no.,No,No,22.875,23.90625,True
/app/DATA/NVILA-Lite-2B-DATA_SCALE_EXP_400K-20251108_180221,obj1_closer,output/phasevar_5/0010_phA11_phB10.png,Is the cyan sphere closer to the camera than the magenta cube? Answer with yes or no.,No,No,22.28125,24.953125,True
/app/DATA/NVILA-Lite-2B-DATA_SCALE_EXP_400K-20251108_180221,obj1_closer,output/phasevar_5/0010_phA11_phB11.png,Is the cyan sphere closer to the camera than the magenta cube? Answer with yes or no.,No,No,21.9375,24.921875,True
/app/DATA/NVILA-Lite-2B-DATA_SCALE_EXP_400K-20251108_180221,obj1_closer,output/phasevar_5/0010_phA11_phB12.png,Is the cyan sphere closer to the camera than the magenta cube? Answer with yes or no.,No,No,21.890625,25.28125,True
/app/DATA/NVILA-Lite-2B-DATA_SCALE_EXP_400K-20251108_180221,obj1_closer,output/phasevar_5/0010_phA11_phB13.png,Is the cyan sphere closer to the camera than the magenta cube? Answer with yes or no.,No,No,22.234375,25.46875,True
/app/DATA/NVILA-Lite-2B-DATA_SCALE_EXP_400K-20251108_180221,obj1_closer,output/phasevar_5/0010_phA11_phB14.png,Is the cyan sphere closer to the camera than the magenta cube? Answer with yes or no.,No,No,22.75,24.921875,True
/app/DATA/NVILA-Lite-2B-DATA_SCALE_EXP_400K-20251108_180221,obj1_closer,output/phasevar_5/0010_phA11_phB15.png,Is the cyan sphere closer to the camera than the magenta cube? Answer with yes or no.,No,No,23.28125,24.15625,True
/app/DATA/NVILA-Lite-2B-DATA_SCALE_EXP_400K-20251108_180221,obj1_closer,output/phasevar_5/0010_phA12_phB00.png,Is the cyan sphere closer to the camera than the magenta cube? Answer with yes or no.,No,Yes,23.515625,23.28125,False
/app/DATA/NVILA-Lite-2B-DATA_SCALE_EXP_400K-20251108_180221,obj1_closer,output/phasevar_5/0010_phA12_phB01.png,Is the cyan sphere closer to the camera than the magenta cube? Answer with yes or no.,No,Yes,23.625,23.140625,False
/app/DATA/NVILA-Lite-2B-DATA_SCALE_EXP_400K-20251108_180221,obj1_closer,output/phasevar_5/0010_phA12_phB02.png,Is the cyan sphere closer to the camera than the magenta cube? Answer with yes or no.,No,Yes,23.875,23.5625,False
/app/DATA/NVILA-Lite-2B-DATA_SCALE_EXP_400K-20251108_180221,obj1_closer,output/phasevar_5/0010_phA12_phB03.png,Is the cyan sphere closer to the camera than the magenta cube? Answer with yes or no.,No,Yes,23.3125,22.859375,False
/app/DATA/NVILA-Lite-2B-DATA_SCALE_EXP_400K-20251108_180221,obj1_closer,output/phasevar_5/0010_phA12_phB04.png,Is the cyan sphere closer to the camera than the magenta cube? Answer with yes or no.,No,Yes,23.546875,23.171875,False
/app/DATA/NVILA-Lite-2B-DATA_SCALE_EXP_400K-20251108_180221,obj1_closer,output/phasevar_5/0010_phA12_phB05.png,Is the cyan sphere closer to the camera than the magenta cube? Answer with yes or no.,No,Yes,23.765625,23.0625,False
/app/DATA/NVILA-Lite-2B-DATA_SCALE_EXP_400K-20251108_180221,obj1_closer,output/phasevar_5/0010_phA12_phB06.png,Is the cyan sphere closer to the camera than the magenta cube? Answer with yes or no.,No,Yes,23.640625,23.5625,False
/app/DATA/NVILA-Lite-2B-DATA_SCALE_EXP_400K-20251108_180221,obj1_closer,output/phasevar_5/0010_phA12_phB07.png,Is the cyan sphere closer to the camera than the magenta cube? Answer with yes or no.,No,Yes,23.71875,23.34375,False
/app/DATA/NVILA-Lite-2B-DATA_SCALE_EXP_400K-20251108_180221,obj1_closer,output/phasevar_5/0010_phA12_phB08.png,Is the cyan sphere closer to the camera than the magenta cube? Answer with yes or no.,No,Yes,23.46875,23.375,False
/app/DATA/NVILA-Lite-2B-DATA_SCALE_EXP_400K-20251108_180221,obj1_closer,output/phasevar_5/0010_phA12_phB09.png,Is the cyan sphere closer to the camera than the magenta cube? Answer with yes or no.,No,No,23.015625,23.828125,True
/app/DATA/NVILA-Lite-2B-DATA_SCALE_EXP_400K-20251108_180221,obj1_closer,output/phasevar_5/0010_phA12_phB10.png,Is the cyan sphere closer to the camera than the magenta cube? Answer with yes or no.,No,No,22.359375,24.9375,True
/app/DATA/NVILA-Lite-2B-DATA_SCALE_EXP_400K-20251108_180221,obj1_closer,output/phasevar_5/0010_phA12_phB11.png,Is the cyan sphere closer to the camera than the magenta cube? Answer with yes or no.,No,No,22.046875,24.640625,True
/app/DATA/NVILA-Lite-2B-DATA_SCALE_EXP_400K-20251108_180221,obj1_closer,output/phasevar_5/0010_phA12_phB12.png,Is the cyan sphere closer to the camera than the magenta cube? Answer with yes or no.,No,No,21.8125,24.984375,True
/app/DATA/NVILA-Lite-2B-DATA_SCALE_EXP_400K-20251108_180221,obj1_closer,output/phasevar_5/0010_phA12_phB13.png,Is the cyan sphere closer to the camera than the magenta cube? Answer with yes or no.,No,No,22.0625,25.296875,True
/app/DATA/NVILA-Lite-2B-DATA_SCALE_EXP_400K-20251108_180221,obj1_closer,output/phasevar_5/0010_phA12_phB14.png,Is the cyan sphere closer to the camera than the magenta cube? Answer with yes or no.,No,No,22.609375,24.640625,True
/app/DATA/NVILA-Lite-2B-DATA_SCALE_EXP_400K-20251108_180221,obj1_closer,output/phasevar_5/0010_phA12_phB15.png,Is the cyan sphere closer to the camera than the magenta cube? Answer with yes or no.,No,No,23.125,23.84375,True
/app/DATA/NVILA-Lite-2B-DATA_SCALE_EXP_400K-20251108_180221,obj1_closer,output/phasevar_5/0010_phA13_phB00.png,Is the cyan sphere closer to the camera than the magenta cube? Answer with yes or no.,No,No,23.390625,23.4375,True
/app/DATA/NVILA-Lite-2B-DATA_SCALE_EXP_400K-20251108_180221,obj1_closer,output/phasevar_5/0010_phA13_phB01.png,Is the cyan sphere closer to the camera than the magenta cube? Answer with yes or no.,No,Yes,23.578125,23.34375,False
/app/DATA/NVILA-Lite-2B-DATA_SCALE_EXP_400K-20251108_180221,obj1_closer,output/phasevar_5/0010_phA13_phB02.png,Is the cyan sphere closer to the camera than the magenta cube? Answer with yes or no.,No,Yes,23.78125,23.75,False
/app/DATA/NVILA-Lite-2B-DATA_SCALE_EXP_400K-20251108_180221,obj1_closer,output/phasevar_5/0010_phA13_phB03.png,Is the cyan sphere closer to the camera than the magenta cube? Answer with yes or no.,No,Yes,23.28125,23.125,False
/app/DATA/NVILA-Lite-2B-DATA_SCALE_EXP_400K-20251108_180221,obj1_closer,output/phasevar_5/0010_phA13_phB04.png,Is the cyan sphere closer to the camera than the magenta cube? Answer with yes or no.,No,Yes,23.640625,23.359375,False
/app/DATA/NVILA-Lite-2B-DATA_SCALE_EXP_400K-20251108_180221,obj1_closer,output/phasevar_5/0010_phA13_phB05.png,Is the cyan sphere closer to the camera than the magenta cube? Answer with yes or no.,No,Yes,23.90625,23.296875,False
/app/DATA/NVILA-Lite-2B-DATA_SCALE_EXP_400K-20251108_180221,obj1_closer,output/phasevar_5/0010_phA13_phB06.png,Is the cyan sphere closer to the camera than the magenta cube? Answer with yes or no.,No,No,23.75,23.765625,True
/app/DATA/NVILA-Lite-2B-DATA_SCALE_EXP_400K-20251108_180221,obj1_closer,output/phasevar_5/0010_phA13_phB07.png,Is the cyan sphere closer to the camera than the magenta cube? Answer with yes or no.,No,Yes,23.875,23.625,False
/app/DATA/NVILA-Lite-2B-DATA_SCALE_EXP_400K-20251108_180221,obj1_closer,output/phasevar_5/0010_phA13_phB08.png,Is the cyan sphere closer to the camera than the magenta cube? Answer with yes or no.,No,Yes,23.640625,23.5625,False
/app/DATA/NVILA-Lite-2B-DATA_SCALE_EXP_400K-20251108_180221,obj1_closer,output/phasevar_5/0010_phA13_phB09.png,Is the cyan sphere closer to the camera than the magenta cube? Answer with yes or no.,No,No,23.125,23.9375,True
/app/DATA/NVILA-Lite-2B-DATA_SCALE_EXP_400K-20251108_180221,obj1_closer,output/phasevar_5/0010_phA13_phB10.png,Is the cyan sphere closer to the camera than the magenta cube? Answer with yes or no.,No,No,22.4375,25.015625,True
/app/DATA/NVILA-Lite-2B-DATA_SCALE_EXP_400K-20251108_180221,obj1_closer,output/phasevar_5/0010_phA13_phB11.png,Is the cyan sphere closer to the camera than the magenta cube? Answer with yes or no.,No,No,22.1875,24.734375,True
/app/DATA/NVILA-Lite-2B-DATA_SCALE_EXP_400K-20251108_180221,obj1_closer,output/phasevar_5/0010_phA13_phB12.png,Is the cyan sphere closer to the camera than the magenta cube? Answer with yes or no.,No,No,22.015625,25.15625,True
/app/DATA/NVILA-Lite-2B-DATA_SCALE_EXP_400K-20251108_180221,obj1_closer,output/phasevar_5/0010_phA13_phB13.png,Is the cyan sphere closer to the camera than the magenta cube? Answer with yes or no.,No,No,22.109375,25.53125,True
/app/DATA/NVILA-Lite-2B-DATA_SCALE_EXP_400K-20251108_180221,obj1_closer,output/phasevar_5/0010_phA13_phB14.png,Is the cyan sphere closer to the camera than the magenta cube? Answer with yes or no.,No,No,22.5,24.875,True
/app/DATA/NVILA-Lite-2B-DATA_SCALE_EXP_400K-20251108_180221,obj1_closer,output/phasevar_5/0010_phA13_phB15.png,Is the cyan sphere closer to the camera than the magenta cube? Answer with yes or no.,No,No,22.984375,24.0625,True
/app/DATA/NVILA-Lite-2B-DATA_SCALE_EXP_400K-20251108_180221,obj1_closer,output/phasevar_5/0010_phA14_phB00.png,Is the cyan sphere closer to the camera than the magenta cube? Answer with yes or no.,No,No,23.328125,23.484375,True
/app/DATA/NVILA-Lite-2B-DATA_SCALE_EXP_400K-20251108_180221,obj1_closer,output/phasevar_5/0010_phA14_phB01.png,Is the cyan sphere closer to the camera than the magenta cube? Answer with yes or no.,No,Yes,23.625,23.46875,False
/app/DATA/NVILA-Lite-2B-DATA_SCALE_EXP_400K-20251108_180221,obj1_closer,output/phasevar_5/0010_phA14_phB02.png,Is the cyan sphere closer to the camera than the magenta cube? Answer with yes or no.,No,No,23.828125,23.875,True
/app/DATA/NVILA-Lite-2B-DATA_SCALE_EXP_400K-20251108_180221,obj1_closer,output/phasevar_5/0010_phA14_phB03.png,Is the cyan sphere closer to the camera than the magenta cube? Answer with yes or no.,No,Yes,23.453125,23.21875,False
/app/DATA/NVILA-Lite-2B-DATA_SCALE_EXP_400K-20251108_180221,obj1_closer,output/phasevar_5/0010_phA14_phB04.png,Is the cyan sphere closer to the camera than the magenta cube? Answer with yes or no.,No,Yes,23.9375,23.5,False
/app/DATA/NVILA-Lite-2B-DATA_SCALE_EXP_400K-20251108_180221,obj1_closer,output/phasevar_5/0010_phA14_phB05.png,Is the cyan sphere closer to the camera than the magenta cube? Answer with yes or no.,No,Yes,24.046875,23.421875,False
/app/DATA/NVILA-Lite-2B-DATA_SCALE_EXP_400K-20251108_180221,obj1_closer,output/phasevar_5/0010_phA14_phB06.png,Is the cyan sphere closer to the camera than the magenta cube? Answer with yes or no.,No,No,23.84375,23.84375,True
/app/DATA/NVILA-Lite-2B-DATA_SCALE_EXP_400K-20251108_180221,obj1_closer,output/phasevar_5/0010_phA14_phB07.png,Is the cyan sphere closer to the camera than the magenta cube? Answer with yes or no.,No,Yes,23.8125,23.78125,False
/app/DATA/NVILA-Lite-2B-DATA_SCALE_EXP_400K-20251108_180221,obj1_closer,output/phasevar_5/0010_phA14_phB08.png,Is the cyan sphere closer to the camera than the magenta cube? Answer with yes or no.,No,No,23.59375,23.703125,True
/app/DATA/NVILA-Lite-2B-DATA_SCALE_EXP_400K-20251108_180221,obj1_closer,output/phasevar_5/0010_phA14_phB09.png,Is the cyan sphere closer to the camera than the magenta cube? Answer with yes or no.,No,No,23.171875,24.125,True
/app/DATA/NVILA-Lite-2B-DATA_SCALE_EXP_400K-20251108_180221,obj1_closer,output/phasevar_5/0010_phA14_phB10.png,Is the cyan sphere closer to the camera than the magenta cube? Answer with yes or no.,No,No,22.59375,25.125,True
/app/DATA/NVILA-Lite-2B-DATA_SCALE_EXP_400K-20251108_180221,obj1_closer,output/phasevar_5/0010_phA14_phB11.png,Is the cyan sphere closer to the camera than the magenta cube? Answer with yes or no.,No,No,22.4375,24.796875,True
/app/DATA/NVILA-Lite-2B-DATA_SCALE_EXP_400K-20251108_180221,obj1_closer,output/phasevar_5/0010_phA14_phB12.png,Is the cyan sphere closer to the camera than the magenta cube? Answer with yes or no.,No,No,22.296875,25.140625,True
/app/DATA/NVILA-Lite-2B-DATA_SCALE_EXP_400K-20251108_180221,obj1_closer,output/phasevar_5/0010_phA14_phB13.png,Is the cyan sphere closer to the camera than the magenta cube? Answer with yes or no.,No,No,22.171875,25.34375,True
/app/DATA/NVILA-Lite-2B-DATA_SCALE_EXP_400K-20251108_180221,obj1_closer,output/phasevar_5/0010_phA14_phB14.png,Is the cyan sphere closer to the camera than the magenta cube? Answer with yes or no.,No,No,22.515625,25.140625,True
/app/DATA/NVILA-Lite-2B-DATA_SCALE_EXP_400K-20251108_180221,obj1_closer,output/phasevar_5/0010_phA14_phB15.png,Is the cyan sphere closer to the camera than the magenta cube? Answer with yes or no.,No,No,22.9375,24.1875,True
/app/DATA/NVILA-Lite-2B-DATA_SCALE_EXP_400K-20251108_180221,obj1_closer,output/phasevar_5/0010_phA15_phB00.png,Is the cyan sphere closer to the camera than the magenta cube? Answer with yes or no.,No,No,23.203125,23.53125,True
/app/DATA/NVILA-Lite-2B-DATA_SCALE_EXP_400K-20251108_180221,obj1_closer,output/phasevar_5/0010_phA15_phB01.png,Is the cyan sphere closer to the camera than the magenta cube? Answer with yes or no.,No,Yes,23.4375,23.3125,False
/app/DATA/NVILA-Lite-2B-DATA_SCALE_EXP_400K-20251108_180221,obj1_closer,output/phasevar_5/0010_phA15_phB02.png,Is the cyan sphere closer to the camera than the magenta cube? Answer with yes or no.,No,No,23.59375,23.71875,True
/app/DATA/NVILA-Lite-2B-DATA_SCALE_EXP_400K-20251108_180221,obj1_closer,output/phasevar_5/0010_phA15_phB03.png,Is the cyan sphere closer to the camera than the magenta cube? Answer with yes or no.,No,Yes,23.203125,23.125,False
/app/DATA/NVILA-Lite-2B-DATA_SCALE_EXP_400K-20251108_180221,obj1_closer,output/phasevar_5/0010_phA15_phB04.png,Is the cyan sphere closer to the camera than the magenta cube? Answer with yes or no.,No,Yes,23.796875,23.453125,False
/app/DATA/NVILA-Lite-2B-DATA_SCALE_EXP_400K-20251108_180221,obj1_closer,output/phasevar_5/0010_phA15_phB05.png,Is the cyan sphere closer to the camera than the magenta cube? Answer with yes or no.,No,Yes,23.84375,23.34375,False
/app/DATA/NVILA-Lite-2B-DATA_SCALE_EXP_400K-20251108_180221,obj1_closer,output/phasevar_5/0010_phA15_phB06.png,Is the cyan sphere closer to the camera than the magenta cube? Answer with yes or no.,No,Yes,23.734375,23.65625,False
/app/DATA/NVILA-Lite-2B-DATA_SCALE_EXP_400K-20251108_180221,obj1_closer,output/phasevar_5/0010_phA15_phB07.png,Is the cyan sphere closer to the camera than the magenta cube? Answer with yes or no.,No,Yes,23.65625,23.546875,False
/app/DATA/NVILA-Lite-2B-DATA_SCALE_EXP_400K-20251108_180221,obj1_closer,output/phasevar_5/0010_phA15_phB08.png,Is the cyan sphere closer to the camera than the magenta cube? Answer with yes or no.,No,No,23.546875,23.59375,True
/app/DATA/NVILA-Lite-2B-DATA_SCALE_EXP_400K-20251108_180221,obj1_closer,output/phasevar_5/0010_phA15_phB09.png,Is the cyan sphere closer to the camera than the magenta cube? Answer with yes or no.,No,No,23.109375,23.984375,True
/app/DATA/NVILA-Lite-2B-DATA_SCALE_EXP_400K-20251108_180221,obj1_closer,output/phasevar_5/0010_phA15_phB10.png,Is the cyan sphere closer to the camera than the magenta cube? Answer with yes or no.,No,No,22.765625,25.09375,True
/app/DATA/NVILA-Lite-2B-DATA_SCALE_EXP_400K-20251108_180221,obj1_closer,output/phasevar_5/0010_phA15_phB11.png,Is the cyan sphere closer to the camera than the magenta cube? Answer with yes or no.,No,No,22.65625,24.640625,True
/app/DATA/NVILA-Lite-2B-DATA_SCALE_EXP_400K-20251108_180221,obj1_closer,output/phasevar_5/0010_phA15_phB12.png,Is the cyan sphere closer to the camera than the magenta cube? Answer with yes or no.,No,No,22.578125,24.953125,True
/app/DATA/NVILA-Lite-2B-DATA_SCALE_EXP_400K-20251108_180221,obj1_closer,output/phasevar_5/0010_phA15_phB13.png,Is the cyan sphere closer to the camera than the magenta cube? Answer with yes or no.,No,No,22.4375,25.125,True
/app/DATA/NVILA-Lite-2B-DATA_SCALE_EXP_400K-20251108_180221,obj1_closer,output/phasevar_5/0010_phA15_phB14.png,Is the cyan sphere closer to the camera than the magenta cube? Answer with yes or no.,No,No,22.625,24.953125,True
/app/DATA/NVILA-Lite-2B-DATA_SCALE_EXP_400K-20251108_180221,obj1_closer,output/phasevar_5/0010_phA15_phB15.png,Is the cyan sphere closer to the camera than the magenta cube? Answer with yes or no.,No,No,22.90625,24.421875,True
/app/DATA/NVILA-Lite-2B-DATA_SCALE_EXP_400K-20251108_180221,obj1_closer,output/phasevar_5/0011_phA00_phB00.png,Is the magenta sphere closer to the camera than the magenta cube? Answer with yes or no.,No,Yes,23.359375,23.34375,False
/app/DATA/NVILA-Lite-2B-DATA_SCALE_EXP_400K-20251108_180221,obj1_closer,output/phasevar_5/0011_phA00_phB01.png,Is the magenta sphere closer to the camera than the magenta cube? Answer with yes or no.,No,Yes,23.71875,23.265625,False
/app/DATA/NVILA-Lite-2B-DATA_SCALE_EXP_400K-20251108_180221,obj1_closer,output/phasevar_5/0011_phA00_phB02.png,Is the magenta sphere closer to the camera than the magenta cube? Answer with yes or no.,No,Yes,23.8125,23.765625,False
/app/DATA/NVILA-Lite-2B-DATA_SCALE_EXP_400K-20251108_180221,obj1_closer,output/phasevar_5/0011_phA00_phB03.png,Is the magenta sphere closer to the camera than the magenta cube? Answer with yes or no.,No,Yes,23.59375,22.921875,False
/app/DATA/NVILA-Lite-2B-DATA_SCALE_EXP_400K-20251108_180221,obj1_closer,output/phasevar_5/0011_phA00_phB04.png,Is the magenta sphere closer to the camera than the magenta cube? Answer with yes or no.,No,Yes,24.0,23.265625,False
/app/DATA/NVILA-Lite-2B-DATA_SCALE_EXP_400K-20251108_180221,obj1_closer,output/phasevar_5/0011_phA00_phB05.png,Is the magenta sphere closer to the camera than the magenta cube? Answer with yes or no.,No,Yes,24.046875,23.390625,False
/app/DATA/NVILA-Lite-2B-DATA_SCALE_EXP_400K-20251108_180221,obj1_closer,output/phasevar_5/0011_phA00_phB06.png,Is the magenta sphere closer to the camera than the magenta cube? Answer with yes or no.,No,Yes,23.96875,23.53125,False
/app/DATA/NVILA-Lite-2B-DATA_SCALE_EXP_400K-20251108_180221,obj1_closer,output/phasevar_5/0011_phA00_phB07.png,Is the magenta sphere closer to the camera than the magenta cube? Answer with yes or no.,No,Yes,23.765625,23.46875,False
/app/DATA/NVILA-Lite-2B-DATA_SCALE_EXP_400K-20251108_180221,obj1_closer,output/phasevar_5/0011_phA00_phB08.png,Is the magenta sphere closer to the camera than the magenta cube? Answer with yes or no.,No,Yes,23.59375,23.390625,False
/app/DATA/NVILA-Lite-2B-DATA_SCALE_EXP_400K-20251108_180221,obj1_closer,output/phasevar_5/0011_phA00_phB09.png,Is the magenta sphere closer to the camera than the magenta cube? Answer with yes or no.,No,No,23.4375,23.4375,True
/app/DATA/NVILA-Lite-2B-DATA_SCALE_EXP_400K-20251108_180221,obj1_closer,output/phasevar_5/0011_phA00_phB10.png,Is the magenta sphere closer to the camera than the magenta cube? Answer with yes or no.,No,No,23.125,23.921875,True
/app/DATA/NVILA-Lite-2B-DATA_SCALE_EXP_400K-20251108_180221,obj1_closer,output/phasevar_5/0011_phA00_phB11.png,Is the magenta sphere closer to the camera than the magenta cube? Answer with yes or no.,No,No,22.875,23.890625,True
/app/DATA/NVILA-Lite-2B-DATA_SCALE_EXP_400K-20251108_180221,obj1_closer,output/phasevar_5/0011_phA00_phB12.png,Is the magenta sphere closer to the camera than the magenta cube? Answer with yes or no.,No,No,22.625,23.8125,True
/app/DATA/NVILA-Lite-2B-DATA_SCALE_EXP_400K-20251108_180221,obj1_closer,output/phasevar_5/0011_phA00_phB13.png,Is the magenta sphere closer to the camera than the magenta cube? Answer with yes or no.,No,No,22.5,23.8125,True
/app/DATA/NVILA-Lite-2B-DATA_SCALE_EXP_400K-20251108_180221,obj1_closer,output/phasevar_5/0011_phA00_phB14.png,Is the magenta sphere closer to the camera than the magenta cube? Answer with yes or no.,No,No,22.625,23.53125,True
/app/DATA/NVILA-Lite-2B-DATA_SCALE_EXP_400K-20251108_180221,obj1_closer,output/phasevar_5/0011_phA00_phB15.png,Is the magenta sphere closer to the camera than the magenta cube? Answer with yes or no.,No,No,23.03125,23.171875,True
/app/DATA/NVILA-Lite-2B-DATA_SCALE_EXP_400K-20251108_180221,obj1_closer,output/phasevar_5/0011_phA01_phB00.png,Is the magenta sphere closer to the camera than the magenta cube? Answer with yes or no.,No,No,23.359375,23.375,True
/app/DATA/NVILA-Lite-2B-DATA_SCALE_EXP_400K-20251108_180221,obj1_closer,output/phasevar_5/0011_phA01_phB01.png,Is the magenta sphere closer to the camera than the magenta cube? Answer with yes or no.,No,Yes,23.5625,23.546875,False
/app/DATA/NVILA-Lite-2B-DATA_SCALE_EXP_400K-20251108_180221,obj1_closer,output/phasevar_5/0011_phA01_phB02.png,Is the magenta sphere closer to the camera than the magenta cube? Answer with yes or no.,No,No,23.71875,23.890625,True
/app/DATA/NVILA-Lite-2B-DATA_SCALE_EXP_400K-20251108_180221,obj1_closer,output/phasevar_5/0011_phA01_phB03.png,Is the magenta sphere closer to the camera than the magenta cube? Answer with yes or no.,No,Yes,23.1875,23.046875,False
/app/DATA/NVILA-Lite-2B-DATA_SCALE_EXP_400K-20251108_180221,obj1_closer,output/phasevar_5/0011_phA01_phB04.png,Is the magenta sphere closer to the camera than the magenta cube? Answer with yes or no.,No,Yes,23.5625,23.328125,False
/app/DATA/NVILA-Lite-2B-DATA_SCALE_EXP_400K-20251108_180221,obj1_closer,output/phasevar_5/0011_phA01_phB05.png,Is the magenta sphere closer to the camera than the magenta cube? Answer with yes or no.,No,Yes,23.71875,23.46875,False
/app/DATA/NVILA-Lite-2B-DATA_SCALE_EXP_400K-20251108_180221,obj1_closer,output/phasevar_5/0011_phA01_phB06.png,Is the magenta sphere closer to the camera than the magenta cube? Answer with yes or no.,No,Yes,23.78125,23.640625,False
/app/DATA/NVILA-Lite-2B-DATA_SCALE_EXP_400K-20251108_180221,obj1_closer,output/phasevar_5/0011_phA01_phB07.png,Is the magenta sphere closer to the camera than the magenta cube? Answer with yes or no.,No,Yes,23.625,23.5625,False
/app/DATA/NVILA-Lite-2B-DATA_SCALE_EXP_400K-20251108_180221,obj1_closer,output/phasevar_5/0011_phA01_phB08.png,Is the magenta sphere closer to the camera than the magenta cube? Answer with yes or no.,No,No,23.53125,23.5625,True
/app/DATA/NVILA-Lite-2B-DATA_SCALE_EXP_400K-20251108_180221,obj1_closer,output/phasevar_5/0011_phA01_phB09.png,Is the magenta sphere closer to the camera than the magenta cube? Answer with yes or no.,No,No,23.34375,23.640625,True
/app/DATA/NVILA-Lite-2B-DATA_SCALE_EXP_400K-20251108_180221,obj1_closer,output/phasevar_5/0011_phA01_phB10.png,Is the magenta sphere closer to the camera than the magenta cube? Answer with yes or no.,No,No,23.078125,24.203125,True
/app/DATA/NVILA-Lite-2B-DATA_SCALE_EXP_400K-20251108_180221,obj1_closer,output/phasevar_5/0011_phA01_phB11.png,Is the magenta sphere closer to the camera than the magenta cube? Answer with yes or no.,No,No,22.78125,24.1875,True
/app/DATA/NVILA-Lite-2B-DATA_SCALE_EXP_400K-20251108_180221,obj1_closer,output/phasevar_5/0011_phA01_phB12.png,Is the magenta sphere closer to the camera than the magenta cube? Answer with yes or no.,No,No,22.546875,24.140625,True
/app/DATA/NVILA-Lite-2B-DATA_SCALE_EXP_400K-20251108_180221,obj1_closer,output/phasevar_5/0011_phA01_phB13.png,Is the magenta sphere closer to the camera than the magenta cube? Answer with yes or no.,No,No,22.5,24.203125,True
/app/DATA/NVILA-Lite-2B-DATA_SCALE_EXP_400K-20251108_180221,obj1_closer,output/phasevar_5/0011_phA01_phB14.png,Is the magenta sphere closer to the camera than the magenta cube? Answer with yes or no.,No,No,22.671875,23.921875,True
/app/DATA/NVILA-Lite-2B-DATA_SCALE_EXP_400K-20251108_180221,obj1_closer,output/phasevar_5/0011_phA01_phB15.png,Is the magenta sphere closer to the camera than the magenta cube? Answer with yes or no.,No,No,23.078125,23.421875,True
/app/DATA/NVILA-Lite-2B-DATA_SCALE_EXP_400K-20251108_180221,obj1_closer,output/phasevar_5/0011_phA02_phB00.png,Is the magenta sphere closer to the camera than the magenta cube? Answer with yes or no.,No,No,23.296875,23.375,True
/app/DATA/NVILA-Lite-2B-DATA_SCALE_EXP_400K-20251108_180221,obj1_closer,output/phasevar_5/0011_phA02_phB01.png,Is the magenta sphere closer to the camera than the magenta cube? Answer with yes or no.,No,Yes,23.4375,23.40625,False
/app/DATA/NVILA-Lite-2B-DATA_SCALE_EXP_400K-20251108_180221,obj1_closer,output/phasevar_5/0011_phA02_phB02.png,Is the magenta sphere closer to the camera than the magenta cube? Answer with yes or no.,No,No,23.671875,23.859375,True
/app/DATA/NVILA-Lite-2B-DATA_SCALE_EXP_400K-20251108_180221,obj1_closer,output/phasevar_5/0011_phA02_phB03.png,Is the magenta sphere closer to the camera than the magenta cube? Answer with yes or no.,No,No,23.078125,23.09375,True
/app/DATA/NVILA-Lite-2B-DATA_SCALE_EXP_400K-20251108_180221,obj1_closer,output/phasevar_5/0011_phA02_phB04.png,Is the magenta sphere closer to the camera than the magenta cube? Answer with yes or no.,No,Yes,23.4375,23.359375,False
/app/DATA/NVILA-Lite-2B-DATA_SCALE_EXP_400K-20251108_180221,obj1_closer,output/phasevar_5/0011_phA02_phB05.png,Is the magenta sphere closer to the camera than the magenta cube? Answer with yes or no.,No,Yes,23.5625,23.4375,False
/app/DATA/NVILA-Lite-2B-DATA_SCALE_EXP_400K-20251108_180221,obj1_closer,output/phasevar_5/0011_phA02_phB06.png,Is the magenta sphere closer to the camera than the magenta cube? Answer with yes or no.,No,Yes,23.6875,23.65625,False
/app/DATA/NVILA-Lite-2B-DATA_SCALE_EXP_400K-20251108_180221,obj1_closer,output/phasevar_5/0011_phA02_phB07.png,Is the magenta sphere closer to the camera than the magenta cube? Answer with yes or no.,No,Yes,23.546875,23.5,False
/app/DATA/NVILA-Lite-2B-DATA_SCALE_EXP_400K-20251108_180221,obj1_closer,output/phasevar_5/0011_phA02_phB08.png,Is the magenta sphere closer to the camera than the magenta cube? Answer with yes or no.,No,No,23.515625,23.5625,True
/app/DATA/NVILA-Lite-2B-DATA_SCALE_EXP_400K-20251108_180221,obj1_closer,output/phasevar_5/0011_phA02_phB09.png,Is the magenta sphere closer to the camera than the magenta cube? Answer with yes or no.,No,No,23.390625,23.671875,True
/app/DATA/NVILA-Lite-2B-DATA_SCALE_EXP_400K-20251108_180221,obj1_closer,output/phasevar_5/0011_phA02_phB10.png,Is the magenta sphere closer to the camera than the magenta cube? Answer with yes or no.,No,No,23.140625,24.296875,True
/app/DATA/NVILA-Lite-2B-DATA_SCALE_EXP_400K-20251108_180221,obj1_closer,output/phasevar_5/0011_phA02_phB11.png,Is the magenta sphere closer to the camera than the magenta cube? Answer with yes or no.,No,No,22.8125,24.390625,True
/app/DATA/NVILA-Lite-2B-DATA_SCALE_EXP_400K-20251108_180221,obj1_closer,output/phasevar_5/0011_phA02_phB12.png,Is the magenta sphere closer to the camera than the magenta cube? Answer with yes or no.,No,No,22.59375,24.296875,True
/app/DATA/NVILA-Lite-2B-DATA_SCALE_EXP_400K-20251108_180221,obj1_closer,output/phasevar_5/0011_phA02_phB13.png,Is the magenta sphere closer to the camera than the magenta cube? Answer with yes or no.,No,No,22.578125,24.234375,True
/app/DATA/NVILA-Lite-2B-DATA_SCALE_EXP_400K-20251108_180221,obj1_closer,output/phasevar_5/0011_phA02_phB14.png,Is the magenta sphere closer to the camera than the magenta cube? Answer with yes or no.,No,No,22.71875,23.9375,True
/app/DATA/NVILA-Lite-2B-DATA_SCALE_EXP_400K-20251108_180221,obj1_closer,output/phasevar_5/0011_phA02_phB15.png,Is the magenta sphere closer to the camera than the magenta cube? Answer with yes or no.,No,No,23.140625,23.515625,True
/app/DATA/NVILA-Lite-2B-DATA_SCALE_EXP_400K-20251108_180221,obj1_closer,output/phasevar_5/0011_phA03_phB00.png,Is the magenta sphere closer to the camera than the magenta cube? Answer with yes or no.,No,No,23.28125,23.515625,True
/app/DATA/NVILA-Lite-2B-DATA_SCALE_EXP_400K-20251108_180221,obj1_closer,output/phasevar_5/0011_phA03_phB01.png,Is the magenta sphere closer to the camera than the magenta cube? Answer with yes or no.,No,No,23.453125,23.5625,True
/app/DATA/NVILA-Lite-2B-DATA_SCALE_EXP_400K-20251108_180221,obj1_closer,output/phasevar_5/0011_phA03_phB02.png,Is the magenta sphere closer to the camera than the magenta cube? Answer with yes or no.,No,No,23.65625,23.96875,True
/app/DATA/NVILA-Lite-2B-DATA_SCALE_EXP_400K-20251108_180221,obj1_closer,output/phasevar_5/0011_phA03_phB03.png,Is the magenta sphere closer to the camera than the magenta cube? Answer with yes or no.,No,No,22.8125,23.09375,True
/app/DATA/NVILA-Lite-2B-DATA_SCALE_EXP_400K-20251108_180221,obj1_closer,output/phasevar_5/0011_phA03_phB04.png,Is the magenta sphere closer to the camera than the magenta cube? Answer with yes or no.,No,No,23.140625,23.390625,True
/app/DATA/NVILA-Lite-2B-DATA_SCALE_EXP_400K-20251108_180221,obj1_closer,output/phasevar_5/0011_phA03_phB05.png,Is the magenta sphere closer to the camera than the magenta cube? Answer with yes or no.,No,No,23.34375,23.671875,True
/app/DATA/NVILA-Lite-2B-DATA_SCALE_EXP_400K-20251108_180221,obj1_closer,output/phasevar_5/0011_phA03_phB06.png,Is the magenta sphere closer to the camera than the magenta cube? Answer with yes or no.,No,No,23.5625,23.75,True
/app/DATA/NVILA-Lite-2B-DATA_SCALE_EXP_400K-20251108_180221,obj1_closer,output/phasevar_5/0011_phA03_phB07.png,Is the magenta sphere closer to the camera than the magenta cube? Answer with yes or no.,No,No,23.46875,23.578125,True
/app/DATA/NVILA-Lite-2B-DATA_SCALE_EXP_400K-20251108_180221,obj1_closer,output/phasevar_5/0011_phA03_phB08.png,Is the magenta sphere closer to the camera than the magenta cube? Answer with yes or no.,No,No,23.40625,23.703125,True
/app/DATA/NVILA-Lite-2B-DATA_SCALE_EXP_400K-20251108_180221,obj1_closer,output/phasevar_5/0011_phA03_phB09.png,Is the magenta sphere closer to the camera than the magenta cube? Answer with yes or no.,No,No,23.265625,23.890625,True
/app/DATA/NVILA-Lite-2B-DATA_SCALE_EXP_400K-20251108_180221,obj1_closer,output/phasevar_5/0011_phA03_phB10.png,Is the magenta sphere closer to the camera than the magenta cube? Answer with yes or no.,No,No,22.953125,24.453125,True
/app/DATA/NVILA-Lite-2B-DATA_SCALE_EXP_400K-20251108_180221,obj1_closer,output/phasevar_5/0011_phA03_phB11.png,Is the magenta sphere closer to the camera than the magenta cube? Answer with yes or no.,No,No,22.5625,24.578125,True
/app/DATA/NVILA-Lite-2B-DATA_SCALE_EXP_400K-20251108_180221,obj1_closer,output/phasevar_5/0011_phA03_phB12.png,Is the magenta sphere closer to the camera than the magenta cube? Answer with yes or no.,No,No,22.34375,24.453125,True
/app/DATA/NVILA-Lite-2B-DATA_SCALE_EXP_400K-20251108_180221,obj1_closer,output/phasevar_5/0011_phA03_phB13.png,Is the magenta sphere closer to the camera than the magenta cube? Answer with yes or no.,No,No,22.390625,24.46875,True
/app/DATA/NVILA-Lite-2B-DATA_SCALE_EXP_400K-20251108_180221,obj1_closer,output/phasevar_5/0011_phA03_phB14.png,Is the magenta sphere closer to the camera than the magenta cube? Answer with yes or no.,No,No,22.71875,24.1875,True
/app/DATA/NVILA-Lite-2B-DATA_SCALE_EXP_400K-20251108_180221,obj1_closer,output/phasevar_5/0011_phA03_phB15.png,Is the magenta sphere closer to the camera than the magenta cube? Answer with yes or no.,No,No,23.109375,23.640625,True
/app/DATA/NVILA-Lite-2B-DATA_SCALE_EXP_400K-20251108_180221,obj1_closer,output/phasevar_5/0011_phA04_phB00.png,Is the magenta sphere closer to the camera than the magenta cube? Answer with yes or no.,No,No,23.25,23.4375,True
/app/DATA/NVILA-Lite-2B-DATA_SCALE_EXP_400K-20251108_180221,obj1_closer,output/phasevar_5/0011_phA04_phB01.png,Is the magenta sphere closer to the camera than the magenta cube? Answer with yes or no.,No,No,23.46875,23.5625,True
/app/DATA/NVILA-Lite-2B-DATA_SCALE_EXP_400K-20251108_180221,obj1_closer,output/phasevar_5/0011_phA04_phB02.png,Is the magenta sphere closer to the camera than the magenta cube? Answer with yes or no.,No,No,23.703125,23.984375,True
/app/DATA/NVILA-Lite-2B-DATA_SCALE_EXP_400K-20251108_180221,obj1_closer,output/phasevar_5/0011_phA04_phB03.png,Is the magenta sphere closer to the camera than the magenta cube? Answer with yes or no.,No,No,22.875,23.15625,True
/app/DATA/NVILA-Lite-2B-DATA_SCALE_EXP_400K-20251108_180221,obj1_closer,output/phasevar_5/0011_phA04_phB04.png,Is the magenta sphere closer to the camera than the magenta cube? Answer with yes or no.,No,No,23.140625,23.265625,True
/app/DATA/NVILA-Lite-2B-DATA_SCALE_EXP_400K-20251108_180221,obj1_closer,output/phasevar_5/0011_phA04_phB05.png,Is the magenta sphere closer to the camera than the magenta cube? Answer with yes or no.,No,No,23.328125,23.65625,True
/app/DATA/NVILA-Lite-2B-DATA_SCALE_EXP_400K-20251108_180221,obj1_closer,output/phasevar_5/0011_phA04_phB06.png,Is the magenta sphere closer to the camera than the magenta cube? Answer with yes or no.,No,No,23.5,23.734375,True
/app/DATA/NVILA-Lite-2B-DATA_SCALE_EXP_400K-20251108_180221,obj1_closer,output/phasevar_5/0011_phA04_phB07.png,Is the magenta sphere closer to the camera than the magenta cube? Answer with yes or no.,No,No,23.421875,23.546875,True
/app/DATA/NVILA-Lite-2B-DATA_SCALE_EXP_400K-20251108_180221,obj1_closer,output/phasevar_5/0011_phA04_phB08.png,Is the magenta sphere closer to the camera than the magenta cube? Answer with yes or no.,No,No,23.40625,23.546875,True
/app/DATA/NVILA-Lite-2B-DATA_SCALE_EXP_400K-20251108_180221,obj1_closer,output/phasevar_5/0011_phA04_phB09.png,Is the magenta sphere closer to the camera than the magenta cube? Answer with yes or no.,No,No,23.1875,23.6875,True
/app/DATA/NVILA-Lite-2B-DATA_SCALE_EXP_400K-20251108_180221,obj1_closer,output/phasevar_5/0011_phA04_phB10.png,Is the magenta sphere closer to the camera than the magenta cube? Answer with yes or no.,No,No,22.90625,24.140625,True
/app/DATA/NVILA-Lite-2B-DATA_SCALE_EXP_400K-20251108_180221,obj1_closer,output/phasevar_5/0011_phA04_phB11.png,Is the magenta sphere closer to the camera than the magenta cube? Answer with yes or no.,No,No,22.5625,24.25,True
/app/DATA/NVILA-Lite-2B-DATA_SCALE_EXP_400K-20251108_180221,obj1_closer,output/phasevar_5/0011_phA04_phB12.png,Is the magenta sphere closer to the camera than the magenta cube? Answer with yes or no.,No,No,22.34375,24.046875,True
/app/DATA/NVILA-Lite-2B-DATA_SCALE_EXP_400K-20251108_180221,obj1_closer,output/phasevar_5/0011_phA04_phB13.png,Is the magenta sphere closer to the camera than the magenta cube? Answer with yes or no.,No,No,22.359375,24.28125,True
/app/DATA/NVILA-Lite-2B-DATA_SCALE_EXP_400K-20251108_180221,obj1_closer,output/phasevar_5/0011_phA04_phB14.png,Is the magenta sphere closer to the camera than the magenta cube? Answer with yes or no.,No,No,22.734375,24.125,True
/app/DATA/NVILA-Lite-2B-DATA_SCALE_EXP_400K-20251108_180221,obj1_closer,output/phasevar_5/0011_phA04_phB15.png,Is the magenta sphere closer to the camera than the magenta cube? Answer with yes or no.,No,No,23.078125,23.515625,True
/app/DATA/NVILA-Lite-2B-DATA_SCALE_EXP_400K-20251108_180221,obj1_closer,output/phasevar_5/0011_phA05_phB00.png,Is the magenta sphere closer to the camera than the magenta cube? Answer with yes or no.,No,No,23.328125,23.703125,True
/app/DATA/NVILA-Lite-2B-DATA_SCALE_EXP_400K-20251108_180221,obj1_closer,output/phasevar_5/0011_phA05_phB01.png,Is the magenta sphere closer to the camera than the magenta cube? Answer with yes or no.,No,No,23.453125,23.703125,True
/app/DATA/NVILA-Lite-2B-DATA_SCALE_EXP_400K-20251108_180221,obj1_closer,output/phasevar_5/0011_phA05_phB02.png,Is the magenta sphere closer to the camera than the magenta cube? Answer with yes or no.,No,No,23.734375,24.140625,True
/app/DATA/NVILA-Lite-2B-DATA_SCALE_EXP_400K-20251108_180221,obj1_closer,output/phasevar_5/0011_phA05_phB03.png,Is the magenta sphere closer to the camera than the magenta cube? Answer with yes or no.,No,No,22.953125,23.34375,True
/app/DATA/NVILA-Lite-2B-DATA_SCALE_EXP_400K-20251108_180221,obj1_closer,output/phasevar_5/0011_phA05_phB04.png,Is the magenta sphere closer to the camera than the magenta cube? Answer with yes or no.,No,No,23.140625,23.4375,True
/app/DATA/NVILA-Lite-2B-DATA_SCALE_EXP_400K-20251108_180221,obj1_closer,output/phasevar_5/0011_phA05_phB05.png,Is the magenta sphere closer to the camera than the magenta cube? Answer with yes or no.,No,No,23.328125,23.734375,True
/app/DATA/NVILA-Lite-2B-DATA_SCALE_EXP_400K-20251108_180221,obj1_closer,output/phasevar_5/0011_phA05_phB06.png,Is the magenta sphere closer to the camera than the magenta cube? Answer with yes or no.,No,No,23.484375,23.890625,True
/app/DATA/NVILA-Lite-2B-DATA_SCALE_EXP_400K-20251108_180221,obj1_closer,output/phasevar_5/0011_phA05_phB07.png,Is the magenta sphere closer to the camera than the magenta cube? Answer with yes or no.,No,No,23.453125,23.6875,True
/app/DATA/NVILA-Lite-2B-DATA_SCALE_EXP_400K-20251108_180221,obj1_closer,output/phasevar_5/0011_phA05_phB08.png,Is the magenta sphere closer to the camera than the magenta cube? Answer with yes or no.,No,No,23.375,23.75,True
/app/DATA/NVILA-Lite-2B-DATA_SCALE_EXP_400K-20251108_180221,obj1_closer,output/phasevar_5/0011_phA05_phB09.png,Is the magenta sphere closer to the camera than the magenta cube? Answer with yes or no.,No,No,23.1875,23.984375,True
/app/DATA/NVILA-Lite-2B-DATA_SCALE_EXP_400K-20251108_180221,obj1_closer,output/phasevar_5/0011_phA05_phB10.png,Is the magenta sphere closer to the camera than the magenta cube? Answer with yes or no.,No,No,22.921875,24.46875,True
/app/DATA/NVILA-Lite-2B-DATA_SCALE_EXP_400K-20251108_180221,obj1_closer,output/phasevar_5/0011_phA05_phB11.png,Is the magenta sphere closer to the camera than the magenta cube? Answer with yes or no.,No,No,22.546875,24.6875,True
/app/DATA/NVILA-Lite-2B-DATA_SCALE_EXP_400K-20251108_180221,obj1_closer,output/phasevar_5/0011_phA05_phB12.png,Is the magenta sphere closer to the camera than the magenta cube? Answer with yes or no.,No,No,22.359375,24.546875,True
/app/DATA/NVILA-Lite-2B-DATA_SCALE_EXP_400K-20251108_180221,obj1_closer,output/phasevar_5/0011_phA05_phB13.png,Is the magenta sphere closer to the camera than the magenta cube? Answer with yes or no.,No,No,22.46875,24.734375,True
/app/DATA/NVILA-Lite-2B-DATA_SCALE_EXP_400K-20251108_180221,obj1_closer,output/phasevar_5/0011_phA05_phB14.png,Is the magenta sphere closer to the camera than the magenta cube? Answer with yes or no.,No,No,22.859375,24.5625,True
/app/DATA/NVILA-Lite-2B-DATA_SCALE_EXP_400K-20251108_180221,obj1_closer,output/phasevar_5/0011_phA05_phB15.png,Is the magenta sphere closer to the camera than the magenta cube? Answer with yes or no.,No,No,23.1875,23.828125,True
/app/DATA/NVILA-Lite-2B-DATA_SCALE_EXP_400K-20251108_180221,obj1_closer,output/phasevar_5/0011_phA06_phB00.png,Is the magenta sphere closer to the camera than the magenta cube? Answer with yes or no.,No,Yes,23.4375,23.375,False
/app/DATA/NVILA-Lite-2B-DATA_SCALE_EXP_400K-20251108_180221,obj1_closer,output/phasevar_5/0011_phA06_phB01.png,Is the magenta sphere closer to the camera than the magenta cube? Answer with yes or no.,No,Yes,23.6875,23.34375,False
/app/DATA/NVILA-Lite-2B-DATA_SCALE_EXP_400K-20251108_180221,obj1_closer,output/phasevar_5/0011_phA06_phB02.png,Is the magenta sphere closer to the camera than the magenta cube? Answer with yes or no.,No,No,23.9375,23.96875,True
/app/DATA/NVILA-Lite-2B-DATA_SCALE_EXP_400K-20251108_180221,obj1_closer,output/phasevar_5/0011_phA06_phB03.png,Is the magenta sphere closer to the camera than the magenta cube? Answer with yes or no.,No,Yes,23.390625,23.203125,False
/app/DATA/NVILA-Lite-2B-DATA_SCALE_EXP_400K-20251108_180221,obj1_closer,output/phasevar_5/0011_phA06_phB04.png,Is the magenta sphere closer to the camera than the magenta cube? Answer with yes or no.,No,Yes,23.390625,23.34375,False
/app/DATA/NVILA-Lite-2B-DATA_SCALE_EXP_400K-20251108_180221,obj1_closer,output/phasevar_5/0011_phA06_phB05.png,Is the magenta sphere closer to the camera than the magenta cube? Answer with yes or no.,No,No,23.5,23.5625,True
/app/DATA/NVILA-Lite-2B-DATA_SCALE_EXP_400K-20251108_180221,obj1_closer,output/phasevar_5/0011_phA06_phB06.png,Is the magenta sphere closer to the camera than the magenta cube? Answer with yes or no.,No,No,23.5625,23.671875,True
/app/DATA/NVILA-Lite-2B-DATA_SCALE_EXP_400K-20251108_180221,obj1_closer,output/phasevar_5/0011_phA06_phB07.png,Is the magenta sphere closer to the camera than the magenta cube? Answer with yes or no.,No,No,23.5,23.53125,True
/app/DATA/NVILA-Lite-2B-DATA_SCALE_EXP_400K-20251108_180221,obj1_closer,output/phasevar_5/0011_phA06_phB08.png,Is the magenta sphere closer to the camera than the magenta cube? Answer with yes or no.,No,Yes,23.53125,23.40625,False
/app/DATA/NVILA-Lite-2B-DATA_SCALE_EXP_400K-20251108_180221,obj1_closer,output/phasevar_5/0011_phA06_phB09.png,Is the magenta sphere closer to the camera than the magenta cube? Answer with yes or no.,No,No,23.3125,23.609375,True
/app/DATA/NVILA-Lite-2B-DATA_SCALE_EXP_400K-20251108_180221,obj1_closer,output/phasevar_5/0011_phA06_phB10.png,Is the magenta sphere closer to the camera than the magenta cube? Answer with yes or no.,No,No,23.0,23.96875,True
/app/DATA/NVILA-Lite-2B-DATA_SCALE_EXP_400K-20251108_180221,obj1_closer,output/phasevar_5/0011_phA06_phB11.png,Is the magenta sphere closer to the camera than the magenta cube? Answer with yes or no.,No,No,22.734375,24.171875,True
/app/DATA/NVILA-Lite-2B-DATA_SCALE_EXP_400K-20251108_180221,obj1_closer,output/phasevar_5/0011_phA06_phB12.png,Is the magenta sphere closer to the camera than the magenta cube? Answer with yes or no.,No,No,22.578125,24.171875,True
/app/DATA/NVILA-Lite-2B-DATA_SCALE_EXP_400K-20251108_180221,obj1_closer,output/phasevar_5/0011_phA06_phB13.png,Is the magenta sphere closer to the camera than the magenta cube? Answer with yes or no.,No,No,22.734375,24.3125,True
/app/DATA/NVILA-Lite-2B-DATA_SCALE_EXP_400K-20251108_180221,obj1_closer,output/phasevar_5/0011_phA06_phB14.png,Is the magenta sphere closer to the camera than the magenta cube? Answer with yes or no.,No,No,23.03125,24.171875,True
/app/DATA/NVILA-Lite-2B-DATA_SCALE_EXP_400K-20251108_180221,obj1_closer,output/phasevar_5/0011_phA06_phB15.png,Is the magenta sphere closer to the camera than the magenta cube? Answer with yes or no.,No,No,23.25,23.484375,True
/app/DATA/NVILA-Lite-2B-DATA_SCALE_EXP_400K-20251108_180221,obj1_closer,output/phasevar_5/0011_phA07_phB00.png,Is the magenta sphere closer to the camera than the magenta cube? Answer with yes or no.,No,Yes,23.4375,23.234375,False
/app/DATA/NVILA-Lite-2B-DATA_SCALE_EXP_400K-20251108_180221,obj1_closer,output/phasevar_5/0011_phA07_phB01.png,Is the magenta sphere closer to the camera than the magenta cube? Answer with yes or no.,No,Yes,23.75,23.15625,False
/app/DATA/NVILA-Lite-2B-DATA_SCALE_EXP_400K-20251108_180221,obj1_closer,output/phasevar_5/0011_phA07_phB02.png,Is the magenta sphere closer to the camera than the magenta cube? Answer with yes or no.,No,Yes,23.9375,23.65625,False
/app/DATA/NVILA-Lite-2B-DATA_SCALE_EXP_400K-20251108_180221,obj1_closer,output/phasevar_5/0011_phA07_phB03.png,Is the magenta sphere closer to the camera than the magenta cube? Answer with yes or no.,No,Yes,23.46875,22.875,False
/app/DATA/NVILA-Lite-2B-DATA_SCALE_EXP_400K-20251108_180221,obj1_closer,output/phasevar_5/0011_phA07_phB04.png,Is the magenta sphere closer to the camera than the magenta cube? Answer with yes or no.,No,Yes,23.40625,23.078125,False
/app/DATA/NVILA-Lite-2B-DATA_SCALE_EXP_400K-20251108_180221,obj1_closer,output/phasevar_5/0011_phA07_phB05.png,Is the magenta sphere closer to the camera than the magenta cube? Answer with yes or no.,No,Yes,23.53125,23.3125,False
/app/DATA/NVILA-Lite-2B-DATA_SCALE_EXP_400K-20251108_180221,obj1_closer,output/phasevar_5/0011_phA07_phB06.png,Is the magenta sphere closer to the camera than the magenta cube? Answer with yes or no.,No,Yes,23.671875,23.46875,False
/app/DATA/NVILA-Lite-2B-DATA_SCALE_EXP_400K-20251108_180221,obj1_closer,output/phasevar_5/0011_phA07_phB07.png,Is the magenta sphere closer to the camera than the magenta cube? Answer with yes or no.,No,Yes,23.53125,23.390625,False
/app/DATA/NVILA-Lite-2B-DATA_SCALE_EXP_400K-20251108_180221,obj1_closer,output/phasevar_5/0011_phA07_phB08.png,Is the magenta sphere closer to the camera than the magenta cube? Answer with yes or no.,No,Yes,23.515625,23.375,False
/app/DATA/NVILA-Lite-2B-DATA_SCALE_EXP_400K-20251108_180221,obj1_closer,output/phasevar_5/0011_phA07_phB09.png,Is the magenta sphere closer to the camera than the magenta cube? Answer with yes or no.,No,No,23.28125,23.546875,True
/app/DATA/NVILA-Lite-2B-DATA_SCALE_EXP_400K-20251108_180221,obj1_closer,output/phasevar_5/0011_phA07_phB10.png,Is the magenta sphere closer to the camera than the magenta cube? Answer with yes or no.,No,No,22.921875,23.875,True
/app/DATA/NVILA-Lite-2B-DATA_SCALE_EXP_400K-20251108_180221,obj1_closer,output/phasevar_5/0011_phA07_phB11.png,Is the magenta sphere closer to the camera than the magenta cube? Answer with yes or no.,No,No,22.71875,23.828125,True
/app/DATA/NVILA-Lite-2B-DATA_SCALE_EXP_400K-20251108_180221,obj1_closer,output/phasevar_5/0011_phA07_phB12.png,Is the magenta sphere closer to the camera than the magenta cube? Answer with yes or no.,No,No,22.46875,23.875,True
/app/DATA/NVILA-Lite-2B-DATA_SCALE_EXP_400K-20251108_180221,obj1_closer,output/phasevar_5/0011_phA07_phB13.png,Is the magenta sphere closer to the camera than the magenta cube? Answer with yes or no.,No,No,22.671875,24.125,True
/app/DATA/NVILA-Lite-2B-DATA_SCALE_EXP_400K-20251108_180221,obj1_closer,output/phasevar_5/0011_phA07_phB14.png,Is the magenta sphere closer to the camera than the magenta cube? Answer with yes or no.,No,No,23.0,24.0,True
/app/DATA/NVILA-Lite-2B-DATA_SCALE_EXP_400K-20251108_180221,obj1_closer,output/phasevar_5/0011_phA07_phB15.png,Is the magenta sphere closer to the camera than the magenta cube? Answer with yes or no.,No,No,23.296875,23.390625,True
/app/DATA/NVILA-Lite-2B-DATA_SCALE_EXP_400K-20251108_180221,obj1_closer,output/phasevar_5/0011_phA08_phB00.png,Is the magenta sphere closer to the camera than the magenta cube? Answer with yes or no.,No,Yes,23.546875,23.125,False
/app/DATA/NVILA-Lite-2B-DATA_SCALE_EXP_400K-20251108_180221,obj1_closer,output/phasevar_5/0011_phA08_phB01.png,Is the magenta sphere closer to the camera than the magenta cube? Answer with yes or no.,No,Yes,23.875,23.109375,False
/app/DATA/NVILA-Lite-2B-DATA_SCALE_EXP_400K-20251108_180221,obj1_closer,output/phasevar_5/0011_phA08_phB02.png,Is the magenta sphere closer to the camera than the magenta cube? Answer with yes or no.,No,Yes,24.046875,23.578125,False
/app/DATA/NVILA-Lite-2B-DATA_SCALE_EXP_400K-20251108_180221,obj1_closer,output/phasevar_5/0011_phA08_phB03.png,Is the magenta sphere closer to the camera than the magenta cube? Answer with yes or no.,No,Yes,23.671875,22.828125,False
/app/DATA/NVILA-Lite-2B-DATA_SCALE_EXP_400K-20251108_180221,obj1_closer,output/phasevar_5/0011_phA08_phB04.png,Is the magenta sphere closer to the camera than the magenta cube? Answer with yes or no.,No,Yes,23.59375,22.96875,False
/app/DATA/NVILA-Lite-2B-DATA_SCALE_EXP_400K-20251108_180221,obj1_closer,output/phasevar_5/0011_phA08_phB05.png,Is the magenta sphere closer to the camera than the magenta cube? Answer with yes or no.,No,Yes,23.6875,23.25,False
/app/DATA/NVILA-Lite-2B-DATA_SCALE_EXP_400K-20251108_180221,obj1_closer,output/phasevar_5/0011_phA08_phB06.png,Is the magenta sphere closer to the camera than the magenta cube? Answer with yes or no.,No,Yes,23.75,23.4375,False
/app/DATA/NVILA-Lite-2B-DATA_SCALE_EXP_400K-20251108_180221,obj1_closer,output/phasevar_5/0011_phA08_phB07.png,Is the magenta sphere closer to the camera than the magenta cube? Answer with yes or no.,No,Yes,23.609375,23.265625,False
/app/DATA/NVILA-Lite-2B-DATA_SCALE_EXP_400K-20251108_180221,obj1_closer,output/phasevar_5/0011_phA08_phB08.png,Is the magenta sphere closer to the camera than the magenta cube? Answer with yes or no.,No,No,23.390625,23.40625,True
/app/DATA/NVILA-Lite-2B-DATA_SCALE_EXP_400K-20251108_180221,obj1_closer,output/phasevar_5/0011_phA08_phB09.png,Is the magenta sphere closer to the camera than the magenta cube? Answer with yes or no.,No,No,23.3125,23.40625,True
/app/DATA/NVILA-Lite-2B-DATA_SCALE_EXP_400K-20251108_180221,obj1_closer,output/phasevar_5/0011_phA08_phB10.png,Is the magenta sphere closer to the camera than the magenta cube? Answer with yes or no.,No,No,22.90625,23.796875,True
/app/DATA/NVILA-Lite-2B-DATA_SCALE_EXP_400K-20251108_180221,obj1_closer,output/phasevar_5/0011_phA08_phB11.png,Is the magenta sphere closer to the camera than the magenta cube? Answer with yes or no.,No,No,22.859375,23.65625,True
/app/DATA/NVILA-Lite-2B-DATA_SCALE_EXP_400K-20251108_180221,obj1_closer,output/phasevar_5/0011_phA08_phB12.png,Is the magenta sphere closer to the camera than the magenta cube? Answer with yes or no.,No,No,22.421875,23.75,True
/app/DATA/NVILA-Lite-2B-DATA_SCALE_EXP_400K-20251108_180221,obj1_closer,output/phasevar_5/0011_phA08_phB13.png,Is the magenta sphere closer to the camera than the magenta cube? Answer with yes or no.,No,No,22.640625,24.0,True
/app/DATA/NVILA-Lite-2B-DATA_SCALE_EXP_400K-20251108_180221,obj1_closer,output/phasevar_5/0011_phA08_phB14.png,Is the magenta sphere closer to the camera than the magenta cube? Answer with yes or no.,No,No,22.953125,23.8125,True
/app/DATA/NVILA-Lite-2B-DATA_SCALE_EXP_400K-20251108_180221,obj1_closer,output/phasevar_5/0011_phA08_phB15.png,Is the magenta sphere closer to the camera than the magenta cube? Answer with yes or no.,No,Yes,23.34375,23.21875,False
/app/DATA/NVILA-Lite-2B-DATA_SCALE_EXP_400K-20251108_180221,obj1_closer,output/phasevar_5/0011_phA09_phB00.png,Is the magenta sphere closer to the camera than the magenta cube? Answer with yes or no.,No,Yes,23.546875,23.09375,False
/app/DATA/NVILA-Lite-2B-DATA_SCALE_EXP_400K-20251108_180221,obj1_closer,output/phasevar_5/0011_phA09_phB01.png,Is the magenta sphere closer to the camera than the magenta cube? Answer with yes or no.,No,Yes,23.890625,23.109375,False
/app/DATA/NVILA-Lite-2B-DATA_SCALE_EXP_400K-20251108_180221,obj1_closer,output/phasevar_5/0011_phA09_phB02.png,Is the magenta sphere closer to the camera than the magenta cube? Answer with yes or no.,No,Yes,23.96875,23.53125,False
/app/DATA/NVILA-Lite-2B-DATA_SCALE_EXP_400K-20251108_180221,obj1_closer,output/phasevar_5/0011_phA09_phB03.png,Is the magenta sphere closer to the camera than the magenta cube? Answer with yes or no.,No,Yes,23.609375,22.75,False
/app/DATA/NVILA-Lite-2B-DATA_SCALE_EXP_400K-20251108_180221,obj1_closer,output/phasevar_5/0011_phA09_phB04.png,Is the magenta sphere closer to the camera than the magenta cube? Answer with yes or no.,No,Yes,23.515625,22.953125,False
/app/DATA/NVILA-Lite-2B-DATA_SCALE_EXP_400K-20251108_180221,obj1_closer,output/phasevar_5/0011_phA09_phB05.png,Is the magenta sphere closer to the camera than the magenta cube? Answer with yes or no.,No,Yes,23.609375,23.15625,False
/app/DATA/NVILA-Lite-2B-DATA_SCALE_EXP_400K-20251108_180221,obj1_closer,output/phasevar_5/0011_phA09_phB06.png,Is the magenta sphere closer to the camera than the magenta cube? Answer with yes or no.,No,Yes,23.75,23.4375,False
/app/DATA/NVILA-Lite-2B-DATA_SCALE_EXP_400K-20251108_180221,obj1_closer,output/phasevar_5/0011_phA09_phB07.png,Is the magenta sphere closer to the camera than the magenta cube? Answer with yes or no.,No,Yes,23.59375,23.28125,False
/app/DATA/NVILA-Lite-2B-DATA_SCALE_EXP_400K-20251108_180221,obj1_closer,output/phasevar_5/0011_phA09_phB08.png,Is the magenta sphere closer to the camera than the magenta cube? Answer with yes or no.,No,Yes,23.46875,23.265625,False
/app/DATA/NVILA-Lite-2B-DATA_SCALE_EXP_400K-20251108_180221,obj1_closer,output/phasevar_5/0011_phA09_phB09.png,Is the magenta sphere closer to the camera than the magenta cube? Answer with yes or no.,No,No,23.359375,23.390625,True
/app/DATA/NVILA-Lite-2B-DATA_SCALE_EXP_400K-20251108_180221,obj1_closer,output/phasevar_5/0011_phA09_phB10.png,Is the magenta sphere closer to the camera than the magenta cube? Answer with yes or no.,No,No,22.953125,23.71875,True
/app/DATA/NVILA-Lite-2B-DATA_SCALE_EXP_400K-20251108_180221,obj1_closer,output/phasevar_5/0011_phA09_phB11.png,Is the magenta sphere closer to the camera than the magenta cube? Answer with yes or no.,No,No,22.9375,23.46875,True
/app/DATA/NVILA-Lite-2B-DATA_SCALE_EXP_400K-20251108_180221,obj1_closer,output/phasevar_5/0011_phA09_phB12.png,Is the magenta sphere closer to the camera than the magenta cube? Answer with yes or no.,No,No,22.375,23.640625,True
/app/DATA/NVILA-Lite-2B-DATA_SCALE_EXP_400K-20251108_180221,obj1_closer,output/phasevar_5/0011_phA09_phB13.png,Is the magenta sphere closer to the camera than the magenta cube? Answer with yes or no.,No,No,22.609375,23.8125,True
/app/DATA/NVILA-Lite-2B-DATA_SCALE_EXP_400K-20251108_180221,obj1_closer,output/phasevar_5/0011_phA09_phB14.png,Is the magenta sphere closer to the camera than the magenta cube? Answer with yes or no.,No,No,22.9375,23.734375,True
/app/DATA/NVILA-Lite-2B-DATA_SCALE_EXP_400K-20251108_180221,obj1_closer,output/phasevar_5/0011_phA09_phB15.png,Is the magenta sphere closer to the camera than the magenta cube? Answer with yes or no.,No,Yes,23.328125,23.140625,False
/app/DATA/NVILA-Lite-2B-DATA_SCALE_EXP_400K-20251108_180221,obj1_closer,output/phasevar_5/0011_phA10_phB00.png,Is the magenta sphere closer to the camera than the magenta cube? Answer with yes or no.,No,Yes,23.671875,22.953125,False
/app/DATA/NVILA-Lite-2B-DATA_SCALE_EXP_400K-20251108_180221,obj1_closer,output/phasevar_5/0011_phA10_phB01.png,Is the magenta sphere closer to the camera than the magenta cube? Answer with yes or no.,No,Yes,24.0625,23.046875,False
/app/DATA/NVILA-Lite-2B-DATA_SCALE_EXP_400K-20251108_180221,obj1_closer,output/phasevar_5/0011_phA10_phB02.png,Is the magenta sphere closer to the camera than the magenta cube? Answer with yes or no.,No,Yes,24.265625,23.59375,False
/app/DATA/NVILA-Lite-2B-DATA_SCALE_EXP_400K-20251108_180221,obj1_closer,output/phasevar_5/0011_phA10_phB03.png,Is the magenta sphere closer to the camera than the magenta cube? Answer with yes or no.,No,Yes,23.953125,22.765625,False
/app/DATA/NVILA-Lite-2B-DATA_SCALE_EXP_400K-20251108_180221,obj1_closer,output/phasevar_5/0011_phA10_phB04.png,Is the magenta sphere closer to the camera than the magenta cube? Answer with yes or no.,No,Yes,23.8125,22.90625,False
/app/DATA/NVILA-Lite-2B-DATA_SCALE_EXP_400K-20251108_180221,obj1_closer,output/phasevar_5/0011_phA10_phB05.png,Is the magenta sphere closer to the camera than the magenta cube? Answer with yes or no.,No,Yes,23.84375,23.03125,False
/app/DATA/NVILA-Lite-2B-DATA_SCALE_EXP_400K-20251108_180221,obj1_closer,output/phasevar_5/0011_phA10_phB06.png,Is the magenta sphere closer to the camera than the magenta cube? Answer with yes or no.,No,Yes,23.859375,23.296875,False
/app/DATA/NVILA-Lite-2B-DATA_SCALE_EXP_400K-20251108_180221,obj1_closer,output/phasevar_5/0011_phA10_phB07.png,Is the magenta sphere closer to the camera than the magenta cube? Answer with yes or no.,No,Yes,23.6875,23.109375,False
/app/DATA/NVILA-Lite-2B-DATA_SCALE_EXP_400K-20251108_180221,obj1_closer,output/phasevar_5/0011_phA10_phB08.png,Is the magenta sphere closer to the camera than the magenta cube? Answer with yes or no.,No,Yes,23.671875,23.03125,False
/app/DATA/NVILA-Lite-2B-DATA_SCALE_EXP_400K-20251108_180221,obj1_closer,output/phasevar_5/0011_phA10_phB09.png,Is the magenta sphere closer to the camera than the magenta cube? Answer with yes or no.,No,Yes,23.296875,23.234375,False
/app/DATA/NVILA-Lite-2B-DATA_SCALE_EXP_400K-20251108_180221,obj1_closer,output/phasevar_5/0011_phA10_phB10.png,Is the magenta sphere closer to the camera than the magenta cube? Answer with yes or no.,No,No,22.921875,23.65625,True
/app/DATA/NVILA-Lite-2B-DATA_SCALE_EXP_400K-20251108_180221,obj1_closer,output/phasevar_5/0011_phA10_phB11.png,Is the magenta sphere closer to the camera than the magenta cube? Answer with yes or no.,No,No,22.421875,23.609375,True
/app/DATA/NVILA-Lite-2B-DATA_SCALE_EXP_400K-20251108_180221,obj1_closer,output/phasevar_5/0011_phA10_phB12.png,Is the magenta sphere closer to the camera than the magenta cube? Answer with yes or no.,No,No,22.28125,23.421875,True
/app/DATA/NVILA-Lite-2B-DATA_SCALE_EXP_400K-20251108_180221,obj1_closer,output/phasevar_5/0011_phA10_phB13.png,Is the magenta sphere closer to the camera than the magenta cube? Answer with yes or no.,No,No,22.5,23.5625,True
/app/DATA/NVILA-Lite-2B-DATA_SCALE_EXP_400K-20251108_180221,obj1_closer,output/phasevar_5/0011_phA10_phB14.png,Is the magenta sphere closer to the camera than the magenta cube? Answer with yes or no.,No,No,22.953125,23.53125,True
/app/DATA/NVILA-Lite-2B-DATA_SCALE_EXP_400K-20251108_180221,obj1_closer,output/phasevar_5/0011_phA10_phB15.png,Is the magenta sphere closer to the camera than the magenta cube? Answer with yes or no.,No,Yes,23.546875,23.0,False
/app/DATA/NVILA-Lite-2B-DATA_SCALE_EXP_400K-20251108_180221,obj1_closer,output/phasevar_5/0011_phA11_phB00.png,Is the magenta sphere closer to the camera than the magenta cube? Answer with yes or no.,No,Yes,23.6875,23.15625,False
/app/DATA/NVILA-Lite-2B-DATA_SCALE_EXP_400K-20251108_180221,obj1_closer,output/phasevar_5/0011_phA11_phB01.png,Is the magenta sphere closer to the camera than the magenta cube? Answer with yes or no.,No,Yes,24.046875,23.21875,False
/app/DATA/NVILA-Lite-2B-DATA_SCALE_EXP_400K-20251108_180221,obj1_closer,output/phasevar_5/0011_phA11_phB02.png,Is the magenta sphere closer to the camera than the magenta cube? Answer with yes or no.,No,Yes,24.28125,23.78125,False
/app/DATA/NVILA-Lite-2B-DATA_SCALE_EXP_400K-20251108_180221,obj1_closer,output/phasevar_5/0011_phA11_phB03.png,Is the magenta sphere closer to the camera than the magenta cube? Answer with yes or no.,No,Yes,23.859375,22.8125,False
/app/DATA/NVILA-Lite-2B-DATA_SCALE_EXP_400K-20251108_180221,obj1_closer,output/phasevar_5/0011_phA11_phB04.png,Is the magenta sphere closer to the camera than the magenta cube? Answer with yes or no.,No,Yes,23.765625,22.921875,False
/app/DATA/NVILA-Lite-2B-DATA_SCALE_EXP_400K-20251108_180221,obj1_closer,output/phasevar_5/0011_phA11_phB05.png,Is the magenta sphere closer to the camera than the magenta cube? Answer with yes or no.,No,Yes,23.921875,23.140625,False
/app/DATA/NVILA-Lite-2B-DATA_SCALE_EXP_400K-20251108_180221,obj1_closer,output/phasevar_5/0011_phA11_phB06.png,Is the magenta sphere closer to the camera than the magenta cube? Answer with yes or no.,No,Yes,23.90625,23.40625,False
/app/DATA/NVILA-Lite-2B-DATA_SCALE_EXP_400K-20251108_180221,obj1_closer,output/phasevar_5/0011_phA11_phB07.png,Is the magenta sphere closer to the camera than the magenta cube? Answer with yes or no.,No,Yes,23.6875,23.203125,False
/app/DATA/NVILA-Lite-2B-DATA_SCALE_EXP_400K-20251108_180221,obj1_closer,output/phasevar_5/0011_phA11_phB08.png,Is the magenta sphere closer to the camera than the magenta cube? Answer with yes or no.,No,Yes,23.640625,23.171875,False
/app/DATA/NVILA-Lite-2B-DATA_SCALE_EXP_400K-20251108_180221,obj1_closer,output/phasevar_5/0011_phA11_phB09.png,Is the magenta sphere closer to the camera than the magenta cube? Answer with yes or no.,No,Yes,23.328125,23.234375,False
/app/DATA/NVILA-Lite-2B-DATA_SCALE_EXP_400K-20251108_180221,obj1_closer,output/phasevar_5/0011_phA11_phB10.png,Is the magenta sphere closer to the camera than the magenta cube? Answer with yes or no.,No,No,22.703125,23.875,True
/app/DATA/NVILA-Lite-2B-DATA_SCALE_EXP_400K-20251108_180221,obj1_closer,output/phasevar_5/0011_phA11_phB11.png,Is the magenta sphere closer to the camera than the magenta cube? Answer with yes or no.,No,No,22.28125,24.0,True
/app/DATA/NVILA-Lite-2B-DATA_SCALE_EXP_400K-20251108_180221,obj1_closer,output/phasevar_5/0011_phA11_phB12.png,Is the magenta sphere closer to the camera than the magenta cube? Answer with yes or no.,No,No,22.078125,23.875,True
/app/DATA/NVILA-Lite-2B-DATA_SCALE_EXP_400K-20251108_180221,obj1_closer,output/phasevar_5/0011_phA11_phB13.png,Is the magenta sphere closer to the camera than the magenta cube? Answer with yes or no.,No,No,22.359375,23.96875,True
/app/DATA/NVILA-Lite-2B-DATA_SCALE_EXP_400K-20251108_180221,obj1_closer,output/phasevar_5/0011_phA11_phB14.png,Is the magenta sphere closer to the camera than the magenta cube? Answer with yes or no.,No,No,23.015625,23.78125,True
/app/DATA/NVILA-Lite-2B-DATA_SCALE_EXP_400K-20251108_180221,obj1_closer,output/phasevar_5/0011_phA11_phB15.png,Is the magenta sphere closer to the camera than the magenta cube? Answer with yes or no.,No,Yes,23.671875,23.328125,False
/app/DATA/NVILA-Lite-2B-DATA_SCALE_EXP_400K-20251108_180221,obj1_closer,output/phasevar_5/0011_phA12_phB00.png,Is the magenta sphere closer to the camera than the magenta cube? Answer with yes or no.,No,Yes,23.65625,23.15625,False
/app/DATA/NVILA-Lite-2B-DATA_SCALE_EXP_400K-20251108_180221,obj1_closer,output/phasevar_5/0011_phA12_phB01.png,Is the magenta sphere closer to the camera than the magenta cube? Answer with yes or no.,No,Yes,23.953125,23.234375,False
/app/DATA/NVILA-Lite-2B-DATA_SCALE_EXP_400K-20251108_180221,obj1_closer,output/phasevar_5/0011_phA12_phB02.png,Is the magenta sphere closer to the camera than the magenta cube? Answer with yes or no.,No,Yes,24.234375,23.8125,False
/app/DATA/NVILA-Lite-2B-DATA_SCALE_EXP_400K-20251108_180221,obj1_closer,output/phasevar_5/0011_phA12_phB03.png,Is the magenta sphere closer to the camera than the magenta cube? Answer with yes or no.,No,Yes,23.828125,22.78125,False
/app/DATA/NVILA-Lite-2B-DATA_SCALE_EXP_400K-20251108_180221,obj1_closer,output/phasevar_5/0011_phA12_phB04.png,Is the magenta sphere closer to the camera than the magenta cube? Answer with yes or no.,No,Yes,23.828125,22.9375,False
/app/DATA/NVILA-Lite-2B-DATA_SCALE_EXP_400K-20251108_180221,obj1_closer,output/phasevar_5/0011_phA12_phB05.png,Is the magenta sphere closer to the camera than the magenta cube? Answer with yes or no.,No,Yes,24.03125,23.234375,False
/app/DATA/NVILA-Lite-2B-DATA_SCALE_EXP_400K-20251108_180221,obj1_closer,output/phasevar_5/0011_phA12_phB06.png,Is the magenta sphere closer to the camera than the magenta cube? Answer with yes or no.,No,Yes,24.046875,23.515625,False
/app/DATA/NVILA-Lite-2B-DATA_SCALE_EXP_400K-20251108_180221,obj1_closer,output/phasevar_5/0011_phA12_phB07.png,Is the magenta sphere closer to the camera than the magenta cube? Answer with yes or no.,No,Yes,23.71875,23.234375,False
/app/DATA/NVILA-Lite-2B-DATA_SCALE_EXP_400K-20251108_180221,obj1_closer,output/phasevar_5/0011_phA12_phB08.png,Is the magenta sphere closer to the camera than the magenta cube? Answer with yes or no.,No,Yes,23.6875,23.203125,False
/app/DATA/NVILA-Lite-2B-DATA_SCALE_EXP_400K-20251108_180221,obj1_closer,output/phasevar_5/0011_phA12_phB09.png,Is the magenta sphere closer to the camera than the magenta cube? Answer with yes or no.,No,Yes,23.625,23.171875,False
/app/DATA/NVILA-Lite-2B-DATA_SCALE_EXP_400K-20251108_180221,obj1_closer,output/phasevar_5/0011_phA12_phB10.png,Is the magenta sphere closer to the camera than the magenta cube? Answer with yes or no.,No,No,22.78125,23.84375,True
/app/DATA/NVILA-Lite-2B-DATA_SCALE_EXP_400K-20251108_180221,obj1_closer,output/phasevar_5/0011_phA12_phB11.png,Is the magenta sphere closer to the camera than the magenta cube? Answer with yes or no.,No,No,22.296875,23.9375,True
/app/DATA/NVILA-Lite-2B-DATA_SCALE_EXP_400K-20251108_180221,obj1_closer,output/phasevar_5/0011_phA12_phB12.png,Is the magenta sphere closer to the camera than the magenta cube? Answer with yes or no.,No,No,21.984375,23.609375,True
/app/DATA/NVILA-Lite-2B-DATA_SCALE_EXP_400K-20251108_180221,obj1_closer,output/phasevar_5/0011_phA12_phB13.png,Is the magenta sphere closer to the camera than the magenta cube? Answer with yes or no.,No,No,22.203125,24.015625,True
/app/DATA/NVILA-Lite-2B-DATA_SCALE_EXP_400K-20251108_180221,obj1_closer,output/phasevar_5/0011_phA12_phB14.png,Is the magenta sphere closer to the camera than the magenta cube? Answer with yes or no.,No,No,22.890625,23.734375,True
/app/DATA/NVILA-Lite-2B-DATA_SCALE_EXP_400K-20251108_180221,obj1_closer,output/phasevar_5/0011_phA12_phB15.png,Is the magenta sphere closer to the camera than the magenta cube? Answer with yes or no.,No,Yes,23.5625,23.25,False
/app/DATA/NVILA-Lite-2B-DATA_SCALE_EXP_400K-20251108_180221,obj1_closer,output/phasevar_5/0011_phA13_phB00.png,Is the magenta sphere closer to the camera than the magenta cube? Answer with yes or no.,No,Yes,23.609375,23.234375,False
/app/DATA/NVILA-Lite-2B-DATA_SCALE_EXP_400K-20251108_180221,obj1_closer,output/phasevar_5/0011_phA13_phB01.png,Is the magenta sphere closer to the camera than the magenta cube? Answer with yes or no.,No,Yes,23.96875,23.3125,False
/app/DATA/NVILA-Lite-2B-DATA_SCALE_EXP_400K-20251108_180221,obj1_closer,output/phasevar_5/0011_phA13_phB02.png,Is the magenta sphere closer to the camera than the magenta cube? Answer with yes or no.,No,Yes,24.21875,23.9375,False
/app/DATA/NVILA-Lite-2B-DATA_SCALE_EXP_400K-20251108_180221,obj1_closer,output/phasevar_5/0011_phA13_phB03.png,Is the magenta sphere closer to the camera than the magenta cube? Answer with yes or no.,No,Yes,23.90625,23.015625,False
/app/DATA/NVILA-Lite-2B-DATA_SCALE_EXP_400K-20251108_180221,obj1_closer,output/phasevar_5/0011_phA13_phB04.png,Is the magenta sphere closer to the camera than the magenta cube? Answer with yes or no.,No,Yes,24.046875,23.234375,False
/app/DATA/NVILA-Lite-2B-DATA_SCALE_EXP_400K-20251108_180221,obj1_closer,output/phasevar_5/0011_phA13_phB05.png,Is the magenta sphere closer to the camera than the magenta cube? Answer with yes or no.,No,Yes,24.25,23.421875,False
/app/DATA/NVILA-Lite-2B-DATA_SCALE_EXP_400K-20251108_180221,obj1_closer,output/phasevar_5/0011_phA13_phB06.png,Is the magenta sphere closer to the camera than the magenta cube? Answer with yes or no.,No,Yes,24.140625,23.59375,False
/app/DATA/NVILA-Lite-2B-DATA_SCALE_EXP_400K-20251108_180221,obj1_closer,output/phasevar_5/0011_phA13_phB07.png,Is the magenta sphere closer to the camera than the magenta cube? Answer with yes or no.,No,Yes,23.75,23.375,False
/app/DATA/NVILA-Lite-2B-DATA_SCALE_EXP_400K-20251108_180221,obj1_closer,output/phasevar_5/0011_phA13_phB08.png,Is the magenta sphere closer to the camera than the magenta cube? Answer with yes or no.,No,Yes,23.59375,23.34375,False
/app/DATA/NVILA-Lite-2B-DATA_SCALE_EXP_400K-20251108_180221,obj1_closer,output/phasevar_5/0011_phA13_phB09.png,Is the magenta sphere closer to the camera than the magenta cube? Answer with yes or no.,No,Yes,23.4375,23.375,False
/app/DATA/NVILA-Lite-2B-DATA_SCALE_EXP_400K-20251108_180221,obj1_closer,output/phasevar_5/0011_phA13_phB10.png,Is the magenta sphere closer to the camera than the magenta cube? Answer with yes or no.,No,No,22.859375,23.953125,True
/app/DATA/NVILA-Lite-2B-DATA_SCALE_EXP_400K-20251108_180221,obj1_closer,output/phasevar_5/0011_phA13_phB11.png,Is the magenta sphere closer to the camera than the magenta cube? Answer with yes or no.,No,No,22.375,24.046875,True
/app/DATA/NVILA-Lite-2B-DATA_SCALE_EXP_400K-20251108_180221,obj1_closer,output/phasevar_5/0011_phA13_phB12.png,Is the magenta sphere closer to the camera than the magenta cube? Answer with yes or no.,No,No,22.109375,23.71875,True
/app/DATA/NVILA-Lite-2B-DATA_SCALE_EXP_400K-20251108_180221,obj1_closer,output/phasevar_5/0011_phA13_phB13.png,Is the magenta sphere closer to the camera than the magenta cube? Answer with yes or no.,No,No,22.171875,23.953125,True
/app/DATA/NVILA-Lite-2B-DATA_SCALE_EXP_400K-20251108_180221,obj1_closer,output/phasevar_5/0011_phA13_phB14.png,Is the magenta sphere closer to the camera than the magenta cube? Answer with yes or no.,No,No,22.71875,23.75,True
/app/DATA/NVILA-Lite-2B-DATA_SCALE_EXP_400K-20251108_180221,obj1_closer,output/phasevar_5/0011_phA13_phB15.png,Is the magenta sphere closer to the camera than the magenta cube? Answer with yes or no.,No,Yes,23.53125,23.296875,False
/app/DATA/NVILA-Lite-2B-DATA_SCALE_EXP_400K-20251108_180221,obj1_closer,output/phasevar_5/0011_phA14_phB00.png,Is the magenta sphere closer to the camera than the magenta cube? Answer with yes or no.,No,Yes,23.78125,23.34375,False
/app/DATA/NVILA-Lite-2B-DATA_SCALE_EXP_400K-20251108_180221,obj1_closer,output/phasevar_5/0011_phA14_phB01.png,Is the magenta sphere closer to the camera than the magenta cube? Answer with yes or no.,No,Yes,24.109375,23.484375,False
/app/DATA/NVILA-Lite-2B-DATA_SCALE_EXP_400K-20251108_180221,obj1_closer,output/phasevar_5/0011_phA14_phB02.png,Is the magenta sphere closer to the camera than the magenta cube? Answer with yes or no.,No,Yes,24.25,24.109375,False
/app/DATA/NVILA-Lite-2B-DATA_SCALE_EXP_400K-20251108_180221,obj1_closer,output/phasevar_5/0011_phA14_phB03.png,Is the magenta sphere closer to the camera than the magenta cube? Answer with yes or no.,No,Yes,24.078125,23.265625,False
/app/DATA/NVILA-Lite-2B-DATA_SCALE_EXP_400K-20251108_180221,obj1_closer,output/phasevar_5/0011_phA14_phB04.png,Is the magenta sphere closer to the camera than the magenta cube? Answer with yes or no.,No,Yes,24.296875,23.515625,False
/app/DATA/NVILA-Lite-2B-DATA_SCALE_EXP_400K-20251108_180221,obj1_closer,output/phasevar_5/0011_phA14_phB05.png,Is the magenta sphere closer to the camera than the magenta cube? Answer with yes or no.,No,Yes,24.609375,23.625,False
/app/DATA/NVILA-Lite-2B-DATA_SCALE_EXP_400K-20251108_180221,obj1_closer,output/phasevar_5/0011_phA14_phB06.png,Is the magenta sphere closer to the camera than the magenta cube? Answer with yes or no.,No,Yes,24.421875,23.8125,False
/app/DATA/NVILA-Lite-2B-DATA_SCALE_EXP_400K-20251108_180221,obj1_closer,output/phasevar_5/0011_phA14_phB07.png,Is the magenta sphere closer to the camera than the magenta cube? Answer with yes or no.,No,Yes,24.078125,23.640625,False
/app/DATA/NVILA-Lite-2B-DATA_SCALE_EXP_400K-20251108_180221,obj1_closer,output/phasevar_5/0011_phA14_phB08.png,Is the magenta sphere closer to the camera than the magenta cube? Answer with yes or no.,No,Yes,23.78125,23.5625,False
/app/DATA/NVILA-Lite-2B-DATA_SCALE_EXP_400K-20251108_180221,obj1_closer,output/phasevar_5/0011_phA14_phB09.png,Is the magenta sphere closer to the camera than the magenta cube? Answer with yes or no.,No,No,23.59375,23.609375,True
/app/DATA/NVILA-Lite-2B-DATA_SCALE_EXP_400K-20251108_180221,obj1_closer,output/phasevar_5/0011_phA14_phB10.png,Is the magenta sphere closer to the camera than the magenta cube? Answer with yes or no.,No,No,22.96875,24.1875,True
/app/DATA/NVILA-Lite-2B-DATA_SCALE_EXP_400K-20251108_180221,obj1_closer,output/phasevar_5/0011_phA14_phB11.png,Is the magenta sphere closer to the camera than the magenta cube? Answer with yes or no.,No,No,22.671875,24.203125,True
/app/DATA/NVILA-Lite-2B-DATA_SCALE_EXP_400K-20251108_180221,obj1_closer,output/phasevar_5/0011_phA14_phB12.png,Is the magenta sphere closer to the camera than the magenta cube? Answer with yes or no.,No,No,22.390625,24.0625,True
/app/DATA/NVILA-Lite-2B-DATA_SCALE_EXP_400K-20251108_180221,obj1_closer,output/phasevar_5/0011_phA14_phB13.png,Is the magenta sphere closer to the camera than the magenta cube? Answer with yes or no.,No,No,22.265625,23.9375,True
/app/DATA/NVILA-Lite-2B-DATA_SCALE_EXP_400K-20251108_180221,obj1_closer,output/phasevar_5/0011_phA14_phB14.png,Is the magenta sphere closer to the camera than the magenta cube? Answer with yes or no.,No,No,22.625,24.0,True
/app/DATA/NVILA-Lite-2B-DATA_SCALE_EXP_400K-20251108_180221,obj1_closer,output/phasevar_5/0011_phA14_phB15.png,Is the magenta sphere closer to the camera than the magenta cube? Answer with yes or no.,No,Yes,23.5,23.46875,False
/app/DATA/NVILA-Lite-2B-DATA_SCALE_EXP_400K-20251108_180221,obj1_closer,output/phasevar_5/0011_phA15_phB00.png,Is the magenta sphere closer to the camera than the magenta cube? Answer with yes or no.,No,Yes,23.421875,23.34375,False
/app/DATA/NVILA-Lite-2B-DATA_SCALE_EXP_400K-20251108_180221,obj1_closer,output/phasevar_5/0011_phA15_phB01.png,Is the magenta sphere closer to the camera than the magenta cube? Answer with yes or no.,No,Yes,23.828125,23.453125,False
/app/DATA/NVILA-Lite-2B-DATA_SCALE_EXP_400K-20251108_180221,obj1_closer,output/phasevar_5/0011_phA15_phB02.png,Is the magenta sphere closer to the camera than the magenta cube? Answer with yes or no.,No,No,23.890625,23.921875,True
/app/DATA/NVILA-Lite-2B-DATA_SCALE_EXP_400K-20251108_180221,obj1_closer,output/phasevar_5/0011_phA15_phB03.png,Is the magenta sphere closer to the camera than the magenta cube? Answer with yes or no.,No,Yes,23.625,23.078125,False
/app/DATA/NVILA-Lite-2B-DATA_SCALE_EXP_400K-20251108_180221,obj1_closer,output/phasevar_5/0011_phA15_phB04.png,Is the magenta sphere closer to the camera than the magenta cube? Answer with yes or no.,No,Yes,23.96875,23.40625,False
/app/DATA/NVILA-Lite-2B-DATA_SCALE_EXP_400K-20251108_180221,obj1_closer,output/phasevar_5/0011_phA15_phB05.png,Is the magenta sphere closer to the camera than the magenta cube? Answer with yes or no.,No,Yes,24.03125,23.484375,False
/app/DATA/NVILA-Lite-2B-DATA_SCALE_EXP_400K-20251108_180221,obj1_closer,output/phasevar_5/0011_phA15_phB06.png,Is the magenta sphere closer to the camera than the magenta cube? Answer with yes or no.,No,Yes,24.046875,23.671875,False
/app/DATA/NVILA-Lite-2B-DATA_SCALE_EXP_400K-20251108_180221,obj1_closer,output/phasevar_5/0011_phA15_phB07.png,Is the magenta sphere closer to the camera than the magenta cube? Answer with yes or no.,No,Yes,23.78125,23.53125,False
/app/DATA/NVILA-Lite-2B-DATA_SCALE_EXP_400K-20251108_180221,obj1_closer,output/phasevar_5/0011_phA15_phB08.png,Is the magenta sphere closer to the camera than the magenta cube? Answer with yes or no.,No,Yes,23.6875,23.5625,False
/app/DATA/NVILA-Lite-2B-DATA_SCALE_EXP_400K-20251108_180221,obj1_closer,output/phasevar_5/0011_phA15_phB09.png,Is the magenta sphere closer to the camera than the magenta cube? Answer with yes or no.,No,No,23.5,23.578125,True
/app/DATA/NVILA-Lite-2B-DATA_SCALE_EXP_400K-20251108_180221,obj1_closer,output/phasevar_5/0011_phA15_phB10.png,Is the magenta sphere closer to the camera than the magenta cube? Answer with yes or no.,No,No,23.140625,24.125,True
/app/DATA/NVILA-Lite-2B-DATA_SCALE_EXP_400K-20251108_180221,obj1_closer,output/phasevar_5/0011_phA15_phB11.png,Is the magenta sphere closer to the camera than the magenta cube? Answer with yes or no.,No,No,22.84375,24.015625,True
/app/DATA/NVILA-Lite-2B-DATA_SCALE_EXP_400K-20251108_180221,obj1_closer,output/phasevar_5/0011_phA15_phB12.png,Is the magenta sphere closer to the camera than the magenta cube? Answer with yes or no.,No,No,22.53125,23.9375,True
/app/DATA/NVILA-Lite-2B-DATA_SCALE_EXP_400K-20251108_180221,obj1_closer,output/phasevar_5/0011_phA15_phB13.png,Is the magenta sphere closer to the camera than the magenta cube? Answer with yes or no.,No,No,22.546875,23.6875,True
/app/DATA/NVILA-Lite-2B-DATA_SCALE_EXP_400K-20251108_180221,obj1_closer,output/phasevar_5/0011_phA15_phB14.png,Is the magenta sphere closer to the camera than the magenta cube? Answer with yes or no.,No,No,22.65625,23.71875,True
/app/DATA/NVILA-Lite-2B-DATA_SCALE_EXP_400K-20251108_180221,obj1_closer,output/phasevar_5/0011_phA15_phB15.png,Is the magenta sphere closer to the camera than the magenta cube? Answer with yes or no.,No,No,23.1875,23.390625,True
